0.000000000000000000e+00, 2.773000000000000000e+04
7.877021686575189823e-06, 2.263900000000000000e+04
1.575404337315037965e-05, 2.311800000000000000e+04
2.363106505972556947e-05, 2.357500000000000000e+04
3.150808674630075929e-05, 2.745500000000000000e+04
3.938510843287594911e-05, 3.026600000000000000e+04
4.726213011945113894e-05, 2.862200000000000000e+04
5.513915180602632876e-05, 3.305800000000000000e+04
6.301617349260151858e-05, 3.873700000000000000e+04
7.089319517917670841e-05, 3.975500000000000000e+04
7.877021686575189823e-05, 4.359200000000000000e+04
8.664723855232708805e-05, 4.567700000000000000e+04
9.452426023890227787e-05, 5.017400000000000000e+04
1.024012819254774677e-04, 4.959300000000000000e+04
1.102783036120526575e-04, 5.248600000000000000e+04
1.181553252986278473e-04, 5.377500000000000000e+04
1.260323469852030372e-04, 5.455400000000000000e+04
1.339093686717782270e-04, 5.526100000000000000e+04
1.417863903583534168e-04, 5.591000000000000000e+04
1.496634120449286066e-04, 5.651100000000000000e+04
1.575404337315037965e-04, 5.337700000000000000e+04
1.654174554180789863e-04, 5.414700000000000000e+04
1.732944771046541761e-04, 5.146000000000000000e+04
1.811714987912293659e-04, 4.791800000000000000e+04
1.890485204778045557e-04, 4.773400000000000000e+04
1.969255421643797456e-04, 4.570700000000000000e+04
2.048025638509549354e-04, 4.096000000000000000e+04
2.126795855375301252e-04, 3.517700000000000000e+04
2.205566072241053150e-04, 3.365000000000000000e+04
2.284336289106805049e-04, 2.906300000000000000e+04
2.363106505972556947e-04, 2.736800000000000000e+04
2.441876722838309116e-04, 2.298200000000000000e+04
2.520646939704060743e-04, 2.015300000000000000e+04
2.599417156569812913e-04, 1.909600000000000000e+04
2.678187373435564540e-04, 1.506400000000000000e+04
2.756957590301316709e-04, 1.202100000000000000e+04
2.835727807167068336e-04, 1.000400000000000000e+04
2.914498024032820505e-04, 8.786000000000000000e+03
2.993268240898572133e-04, 8.093000000000000000e+03
3.072038457764324302e-04, 7.675000000000000000e+03
3.150808674630075929e-04, 7.422000000000000000e+03
3.229578891495828098e-04, 1.046400000000000000e+04
3.308349108361579726e-04, 1.231200000000000000e+04
3.387119325227331895e-04, 1.425000000000000000e+04
3.465889542093083522e-04, 1.542100000000000000e+04
3.544659758958835691e-04, 1.655100000000000000e+04
3.623429975824587318e-04, 2.134200000000000000e+04
3.702200192690339488e-04, 2.446900000000000000e+04
3.780970409556091115e-04, 2.814300000000000000e+04
3.859740626421843284e-04, 2.829500000000000000e+04
3.938510843287594911e-04, 3.293700000000000000e+04
4.017281060153347081e-04, 3.756200000000000000e+04
4.096051277019098708e-04, 4.071500000000000000e+04
4.174821493884850877e-04, 4.357800000000000000e+04
4.253591710750602504e-04, 4.587300000000000000e+04
4.332361927616354674e-04, 5.039700000000000000e+04
4.411132144482106301e-04, 4.999300000000000000e+04
4.489902361347858470e-04, 5.288500000000000000e+04
4.568672578213610097e-04, 5.419500000000000000e+04
4.647442795079362267e-04, 5.498600000000000000e+04
4.726213011945113894e-04, 5.569000000000000000e+04
4.804983228810866063e-04, 5.632800000000000000e+04
4.883753445676618232e-04, 5.686300000000000000e+04
4.962523662542369859e-04, 5.379800000000000000e+04
5.041293879408121487e-04, 5.533500000000000000e+04
5.120064096273873114e-04, 4.948600000000000000e+04
5.198834313139625825e-04, 4.897300000000000000e+04
5.277604530005377452e-04, 4.567700000000000000e+04
5.356374746871129080e-04, 4.368600000000000000e+04
5.435144963736880707e-04, 3.912300000000000000e+04
5.513915180602633418e-04, 3.577600000000000000e+04
5.592685397468385045e-04, 3.443100000000000000e+04
5.671455614334136672e-04, 2.798000000000000000e+04
5.750225831199888300e-04, 2.626100000000000000e+04
5.828996048065641011e-04, 2.201500000000000000e+04
5.907766264931392638e-04, 1.928000000000000000e+04
5.986536481797144265e-04, 1.825000000000000000e+04
6.065306698662895893e-04, 1.439000000000000000e+04
6.144076915528648604e-04, 1.152300000000000000e+04
6.222847132394400231e-04, 9.618000000000000000e+03
6.301617349260151858e-04, 8.467000000000000000e+03
6.380387566125903485e-04, 7.772000000000000000e+03
6.459157782991656197e-04, 7.352000000000000000e+03
6.537927999857407824e-04, 9.131000000000000000e+03
6.616698216723159451e-04, 9.992000000000000000e+03
6.695468433588911078e-04, 1.274300000000000000e+04
6.774238650454663790e-04, 1.469800000000000000e+04
6.853008867320415417e-04, 1.588000000000000000e+04
6.931779084186167044e-04, 1.696400000000000000e+04
7.010549301051918671e-04, 2.244900000000000000e+04
7.089319517917671383e-04, 2.339500000000000000e+04
7.168089734783423010e-04, 2.687800000000000000e+04
7.246859951649174637e-04, 3.003400000000000000e+04
7.325630168514926264e-04, 3.445400000000000000e+04
7.404400385380678976e-04, 3.674600000000000000e+04
7.483170602246430603e-04, 4.169600000000000000e+04
7.561940819112182230e-04, 4.524700000000000000e+04
7.640711035977933857e-04, 4.717700000000000000e+04
7.719481252843686568e-04, 5.133500000000000000e+04
7.798251469709438196e-04, 5.085500000000000000e+04
7.877021686575189823e-04, 5.355700000000000000e+04
7.955791903440941450e-04, 5.477100000000000000e+04
8.034562120306694161e-04, 5.544900000000000000e+04
8.113332337172445789e-04, 5.607800000000000000e+04
8.192102554038197416e-04, 5.666300000000000000e+04
8.270872770903949043e-04, 5.720900000000000000e+04
8.349642987769701754e-04, 5.430700000000000000e+04
8.428413204635453381e-04, 5.276100000000000000e+04
8.507183421501205009e-04, 5.021400000000000000e+04
8.585953638366956636e-04, 4.973000000000000000e+04
8.664723855232709347e-04, 4.575700000000000000e+04
8.743494072098460974e-04, 4.200800000000000000e+04
8.822264288964212602e-04, 3.771400000000000000e+04
8.901034505829964229e-04, 3.738900000000000000e+04
8.979804722695716940e-04, 3.398000000000000000e+04
9.058574939561468567e-04, 2.880800000000000000e+04
9.137345156427220194e-04, 2.510200000000000000e+04
9.216115373292971822e-04, 2.306300000000000000e+04
9.294885590158724533e-04, 1.924400000000000000e+04
9.373655807024476160e-04, 1.802300000000000000e+04
9.452426023890227787e-04, 1.414900000000000000e+04
9.531196240755979415e-04, 1.227100000000000000e+04
9.609966457621732126e-04, 1.035300000000000000e+04
9.688736674487483753e-04, 9.194000000000000000e+03
9.767506891353236465e-04, 8.494000000000000000e+03
9.846277108218988092e-04, 8.071000000000000000e+03
9.925047325084739719e-04, 1.079200000000000000e+04
1.000381754195049135e-03, 9.630000000000000000e+03
1.008258775881624297e-03, 1.231600000000000000e+04
1.016135797568199460e-03, 1.411800000000000000e+04
1.024012819254774623e-03, 1.520600000000000000e+04
1.031889840941349785e-03, 1.924100000000000000e+04
1.039766862627925165e-03, 2.143500000000000000e+04
1.047643884314500328e-03, 2.232900000000000000e+04
1.055520906001075490e-03, 2.564500000000000000e+04
1.063397927687650653e-03, 3.089400000000000000e+04
1.071274949374225816e-03, 3.527200000000000000e+04
1.079151971060800979e-03, 3.766200000000000000e+04
1.087028992747376141e-03, 3.952200000000000000e+04
1.094906014433951304e-03, 4.300800000000000000e+04
1.102783036120526684e-03, 4.793300000000000000e+04
1.110660057807101846e-03, 4.891100000000000000e+04
1.118537079493677009e-03, 5.149900000000000000e+04
1.126414101180252172e-03, 5.404200000000000000e+04
1.134291122866827334e-03, 5.517400000000000000e+04
1.142168144553402497e-03, 5.585800000000000000e+04
1.150045166239977660e-03, 5.648000000000000000e+04
1.157922187926552823e-03, 5.705100000000000000e+04
1.165799209613128202e-03, 5.554900000000000000e+04
1.173676231299703365e-03, 5.481700000000000000e+04
1.181553252986278528e-03, 5.235400000000000000e+04
1.189430274672853690e-03, 5.081300000000000000e+04
1.197307296359428853e-03, 4.927000000000000000e+04
1.205184318046004016e-03, 4.619700000000000000e+04
1.213061339732579179e-03, 4.142700000000000000e+04
1.220938361419154341e-03, 3.719900000000000000e+04
1.228815383105729721e-03, 3.778600000000000000e+04
1.236692404792304883e-03, 3.248500000000000000e+04
1.244569426478880046e-03, 2.952300000000000000e+04
1.252446448165455209e-03, 2.406800000000000000e+04
1.260323469852030372e-03, 2.422600000000000000e+04
1.268200491538605534e-03, 1.774600000000000000e+04
1.276077513225180697e-03, 1.682300000000000000e+04
1.283954534911755860e-03, 1.327300000000000000e+04
1.291831556598331239e-03, 1.459400000000000000e+04
1.299708578284906402e-03, 1.281800000000000000e+04
1.307585599971481565e-03, 1.174500000000000000e+04
1.315462621658056728e-03, 1.012000000000000000e+04
1.323339643344631890e-03, 9.766000000000000000e+03
1.331216665031207053e-03, 1.034500000000000000e+04
1.339093686717782216e-03, 9.216000000000000000e+03
1.346970708404357378e-03, 1.176600000000000000e+04
1.354847730090932758e-03, 1.347700000000000000e+04
1.362724751777507921e-03, 1.451100000000000000e+04
1.370601773464083083e-03, 1.835700000000000000e+04
1.378478795150658246e-03, 2.123500000000000000e+04
1.386355816837233409e-03, 2.394900000000000000e+04
1.394232838523808572e-03, 2.705200000000000000e+04
1.402109860210383734e-03, 3.282900000000000000e+04
1.409986881896958897e-03, 3.484000000000000000e+04
1.417863903583534277e-03, 3.907100000000000000e+04
1.425740925270109439e-03, 3.980400000000000000e+04
1.433617946956684602e-03, 4.310000000000000000e+04
1.441494968643259765e-03, 4.872100000000000000e+04
1.449371990329834927e-03, 4.856500000000000000e+04
1.457249012016410090e-03, 5.202300000000000000e+04
1.465126033702985253e-03, 5.449800000000000000e+04
1.473003055389560632e-03, 5.560700000000000000e+04
1.480880077076135795e-03, 5.627700000000000000e+04
1.488757098762710958e-03, 5.688100000000000000e+04
1.496634120449286121e-03, 5.743300000000000000e+04
1.504511142135861283e-03, 5.394100000000000000e+04
1.512388163822436446e-03, 5.521900000000000000e+04
1.520265185509011609e-03, 5.280500000000000000e+04
1.528142207195586771e-03, 5.139700000000000000e+04
1.536019228882162151e-03, 4.693900000000000000e+04
1.543896250568737314e-03, 4.403100000000000000e+04
1.551773272255312476e-03, 4.251800000000000000e+04
1.559650293941887639e-03, 3.849400000000000000e+04
1.567527315628462802e-03, 3.615000000000000000e+04
1.575404337315037965e-03, 3.119700000000000000e+04
1.583281359001613127e-03, 2.843800000000000000e+04
1.591158380688188290e-03, 2.614900000000000000e+04
1.599035402374763670e-03, 2.320900000000000000e+04
1.606912424061338832e-03, 2.001200000000000000e+04
1.614789445747913995e-03, 1.608300000000000000e+04
1.622666467434489158e-03, 1.570700000000000000e+04
1.630543489121064320e-03, 1.399500000000000000e+04
1.638420510807639483e-03, 1.233200000000000000e+04
1.646297532494214646e-03, 1.132700000000000000e+04
1.654174554180789809e-03, 1.072000000000000000e+04
1.662051575867365188e-03, 1.035300000000000000e+04
1.669928597553940351e-03, 9.895000000000000000e+03
1.677805619240515514e-03, 1.084000000000000000e+04
1.685682640927090676e-03, 1.123300000000000000e+04
1.693559662613665839e-03, 1.286100000000000000e+04
1.701436684300241002e-03, 1.496500000000000000e+04
1.709313705986816164e-03, 1.874000000000000000e+04
1.717190727673391327e-03, 2.079400000000000000e+04
1.725067749359966707e-03, 2.557500000000000000e+04
1.732944771046541869e-03, 2.865100000000000000e+04
1.740821792733117032e-03, 3.320800000000000000e+04
1.748698814419692195e-03, 3.419200000000000000e+04
1.756575836106267358e-03, 4.025300000000000000e+04
1.764452857792842520e-03, 4.082100000000000000e+04
1.772329879479417683e-03, 4.392800000000000000e+04
1.780206901165992846e-03, 4.937200000000000000e+04
1.788083922852568225e-03, 4.927200000000000000e+04
1.795960944539143388e-03, 5.260000000000000000e+04
1.803837966225718551e-03, 5.497900000000000000e+04
1.811714987912293713e-03, 5.604800000000000000e+04
1.819592009598868876e-03, 5.669400000000000000e+04
1.827469031285444039e-03, 5.722800000000000000e+04
1.835346052972019202e-03, 5.773200000000000000e+04
1.843223074658594364e-03, 5.438900000000000000e+04
1.851100096345169744e-03, 5.564300000000000000e+04
1.858977118031744907e-03, 5.336100000000000000e+04
1.866854139718320069e-03, 5.203000000000000000e+04
1.874731161404895232e-03, 4.778600000000000000e+04
1.882608183091470395e-03, 4.402400000000000000e+04
1.890485204778045557e-03, 4.282500000000000000e+04
1.898362226464620720e-03, 3.908700000000000000e+04
1.906239248151195883e-03, 3.680100000000000000e+04
1.914116269837771262e-03, 3.196300000000000000e+04
1.921993291524346425e-03, 2.723100000000000000e+04
1.929870313210921588e-03, 2.599800000000000000e+04
1.937747334897496751e-03, 2.217600000000000000e+04
1.945624356584071913e-03, 2.010400000000000000e+04
1.953501378270647293e-03, 1.540600000000000000e+04
1.961378399957222456e-03, 1.612000000000000000e+04
1.969255421643797618e-03, 1.343700000000000000e+04
1.977132443330372781e-03, 1.181600000000000000e+04
1.985009465016947944e-03, 1.083700000000000000e+04
1.992886486703523106e-03, 1.024500000000000000e+04
2.000763508390098269e-03, 9.887000000000000000e+03
2.008640530076673432e-03, 9.446000000000000000e+03
2.016517551763248595e-03, 1.310800000000000000e+04
2.024394573449823757e-03, 1.123100000000000000e+04
2.032271595136398920e-03, 1.267200000000000000e+04
2.040148616822974083e-03, 1.754300000000000000e+04
2.048025638509549246e-03, 2.104700000000000000e+04
2.055902660196124408e-03, 2.294800000000000000e+04
2.063779681882699571e-03, 2.747300000000000000e+04
2.071656703569275167e-03, 3.038500000000000000e+04
2.079533725255850330e-03, 3.186300000000000000e+04
2.087410746942425493e-03, 3.497400000000000000e+04
2.095287768629000656e-03, 3.789800000000000000e+04
2.103164790315575818e-03, 4.166000000000000000e+04
2.111041812002150981e-03, 4.474300000000000000e+04
2.118918833688726144e-03, 5.000800000000000000e+04
2.126795855375301306e-03, 4.995600000000000000e+04
2.134672877061876469e-03, 5.315700000000000000e+04
2.142549898748451632e-03, 5.544200000000000000e+04
2.150426920435026795e-03, 5.642500000000000000e+04
2.158303942121601957e-03, 5.701800000000000000e+04
2.166180963808177120e-03, 5.756100000000000000e+04
2.174057985494752283e-03, 5.602900000000000000e+04
2.181935007181327445e-03, 5.488500000000000000e+04
2.189812028867902608e-03, 5.405600000000000000e+04
2.197689050554478205e-03, 5.391600000000000000e+04
2.205566072241053367e-03, 5.079100000000000000e+04
2.213443093927628530e-03, 4.692900000000000000e+04
2.221320115614203693e-03, 4.439700000000000000e+04
2.229197137300778855e-03, 4.309300000000000000e+04
2.237074158987354018e-03, 3.943100000000000000e+04
2.244951180673929181e-03, 3.719200000000000000e+04
2.252828202360504344e-03, 3.254200000000000000e+04
2.260705224047079506e-03, 2.703100000000000000e+04
2.268582245733654669e-03, 2.487700000000000000e+04
2.276459267420229832e-03, 2.129800000000000000e+04
2.284336289106804994e-03, 1.936600000000000000e+04
2.292213310793380157e-03, 1.480900000000000000e+04
2.300090332479955320e-03, 1.544500000000000000e+04
2.307967354166530483e-03, 1.285900000000000000e+04
2.315844375853105645e-03, 1.129600000000000000e+04
2.323721397539681242e-03, 1.035200000000000000e+04
2.331598419226256404e-03, 9.837000000000000000e+03
2.339475440912831567e-03, 9.526000000000000000e+03
2.347352462599406730e-03, 9.120000000000000000e+03
2.355229484285981893e-03, 1.194100000000000000e+04
2.363106505972557055e-03, 1.339800000000000000e+04
2.370983527659132218e-03, 1.490600000000000000e+04
2.378860549345707381e-03, 1.660900000000000000e+04
2.386737571032282543e-03, 2.000100000000000000e+04
2.394614592718857706e-03, 2.190500000000000000e+04
2.402491614405432869e-03, 2.642100000000000000e+04
2.410368636092008032e-03, 2.932200000000000000e+04
2.418245657778583194e-03, 3.063900000000000000e+04
2.426122679465158357e-03, 3.653300000000000000e+04
2.433999701151733520e-03, 3.827100000000000000e+04
2.441876722838308682e-03, 4.281700000000000000e+04
2.449753744524884279e-03, 4.573600000000000000e+04
2.457630766211459442e-03, 4.972000000000000000e+04
2.465507787898034604e-03, 5.059300000000000000e+04
2.473384809584609767e-03, 5.261000000000000000e+04
2.481261831271184930e-03, 5.581200000000000000e+04
2.489138852957760092e-03, 5.678700000000000000e+04
2.497015874644335255e-03, 5.737600000000000000e+04
2.504892896330910418e-03, 5.688300000000000000e+04
2.512769918017485581e-03, 5.445500000000000000e+04
2.520646939704060743e-03, 5.536900000000000000e+04
2.528523961390635906e-03, 5.247300000000000000e+04
2.536400983077211069e-03, 5.433200000000000000e+04
2.544278004763786231e-03, 4.908200000000000000e+04
2.552155026450361394e-03, 4.514700000000000000e+04
2.560032048136936557e-03, 4.258000000000000000e+04
2.567909069823511720e-03, 4.124400000000000000e+04
2.575786091510087316e-03, 3.769600000000000000e+04
2.583663113196662479e-03, 3.552700000000000000e+04
2.591540134883237641e-03, 3.122400000000000000e+04
2.599417156569812804e-03, 2.803800000000000000e+04
2.607294178256387967e-03, 2.393600000000000000e+04
2.615171199942963130e-03, 2.044000000000000000e+04
2.623048221629538292e-03, 1.854700000000000000e+04
2.630925243316113455e-03, 1.417200000000000000e+04
2.638802265002688618e-03, 1.476000000000000000e+04
2.646679286689263780e-03, 1.228200000000000000e+04
2.654556308375838943e-03, 1.083800000000000000e+04
2.662433330062414106e-03, 9.966000000000000000e+03
2.670310351748989269e-03, 9.439000000000000000e+03
2.678187373435564431e-03, 9.120000000000000000e+03
2.686064395122139594e-03, 1.075100000000000000e+04
2.693941416808714757e-03, 1.140300000000000000e+04
2.701818438495290353e-03, 1.377900000000000000e+04
2.709695460181865516e-03, 1.521500000000000000e+04
2.717572481868440679e-03, 1.595100000000000000e+04
2.725449503555015841e-03, 1.929400000000000000e+04
2.733326525241591004e-03, 2.213800000000000000e+04
2.741203546928166167e-03, 2.533500000000000000e+04
2.749080568614741329e-03, 2.907300000000000000e+04
2.756957590301316492e-03, 3.029800000000000000e+04
2.764834611987891655e-03, 3.687700000000000000e+04
2.772711633674466818e-03, 3.954700000000000000e+04
2.780588655361041980e-03, 4.382400000000000000e+04
2.788465677047617143e-03, 4.653300000000000000e+04
2.796342698734192306e-03, 4.731300000000000000e+04
2.804219720420767469e-03, 5.121400000000000000e+04
2.812096742107342631e-03, 5.014100000000000000e+04
2.819973763793917794e-03, 5.623500000000000000e+04
2.827850785480493390e-03, 5.717500000000000000e+04
2.835727807167068553e-03, 5.774300000000000000e+04
2.843604828853643716e-03, 5.523000000000000000e+04
2.851481850540218878e-03, 5.486500000000000000e+04
2.859358872226794041e-03, 5.572400000000000000e+04
2.867235893913369204e-03, 5.300700000000000000e+04
2.875112915599944367e-03, 5.178300000000000000e+04
2.882989937286519529e-03, 4.981600000000000000e+04
2.890866958973094692e-03, 4.607300000000000000e+04
2.898743980659669855e-03, 4.363000000000000000e+04
2.906621002346245018e-03, 4.147800000000000000e+04
2.914498024032820180e-03, 3.824500000000000000e+04
2.922375045719395343e-03, 3.423500000000000000e+04
2.930252067405970506e-03, 2.999300000000000000e+04
2.938129089092545668e-03, 2.786300000000000000e+04
2.946006110779121265e-03, 2.494000000000000000e+04
2.953883132465696428e-03, 2.157600000000000000e+04
2.961760154152271590e-03, 1.772000000000000000e+04
2.969637175838846753e-03, 1.455900000000000000e+04
2.977514197525421916e-03, 1.418300000000000000e+04
2.985391219211997078e-03, 1.182900000000000000e+04
2.993268240898572241e-03, 1.040700000000000000e+04
3.001145262585147404e-03, 9.547000000000000000e+03
3.009022284271722567e-03, 9.028000000000000000e+03
3.016899305958297729e-03, 8.715000000000000000e+03
3.024776327644872892e-03, 1.226500000000000000e+04
3.032653349331448055e-03, 1.178500000000000000e+04
3.040530371018023217e-03, 1.379600000000000000e+04
3.048407392704598380e-03, 1.501200000000000000e+04
3.056284414391173543e-03, 1.551600000000000000e+04
3.064161436077748706e-03, 1.858600000000000000e+04
3.072038457764324302e-03, 2.425100000000000000e+04
3.079915479450899465e-03, 2.423200000000000000e+04
3.087792501137474627e-03, 3.079600000000000000e+04
3.095669522824049790e-03, 3.097100000000000000e+04
3.103546544510624953e-03, 3.548000000000000000e+04
3.111423566197200116e-03, 4.020000000000000000e+04
3.119300587883775278e-03, 4.143100000000000000e+04
3.127177609570350441e-03, 4.718500000000000000e+04
3.135054631256925604e-03, 4.801800000000000000e+04
3.142931652943500766e-03, 5.179300000000000000e+04
3.150808674630075929e-03, 5.080200000000000000e+04
3.158685696316651092e-03, 5.663500000000000000e+04
3.166562718003226255e-03, 5.750200000000000000e+04
3.174439739689801417e-03, 5.599300000000000000e+04
3.182316761376376580e-03, 5.462700000000000000e+04
3.190193783062951743e-03, 5.530500000000000000e+04
3.198070804749527339e-03, 5.614600000000000000e+04
3.205947826436102502e-03, 5.356600000000000000e+04
3.213824848122677665e-03, 5.141400000000000000e+04
3.221701869809252827e-03, 5.053500000000000000e+04
3.229578891495827990e-03, 4.681600000000000000e+04
3.237455913182403153e-03, 4.439400000000000000e+04
3.245332934868978315e-03, 4.210500000000000000e+04
3.253209956555553478e-03, 3.880800000000000000e+04
3.261086978242128641e-03, 3.387700000000000000e+04
3.268963999928703804e-03, 2.975300000000000000e+04
3.276841021615278966e-03, 2.767400000000000000e+04
3.284718043301854129e-03, 2.583300000000000000e+04
3.292595064988429292e-03, 2.271800000000000000e+04
3.300472086675004454e-03, 1.703700000000000000e+04
3.308349108361579617e-03, 1.703500000000000000e+04
3.316226130048154780e-03, 1.360400000000000000e+04
3.324103151734730376e-03, 1.132800000000000000e+04
3.331980173421305539e-03, 9.954000000000000000e+03
3.339857195107880702e-03, 9.123000000000000000e+03
3.347734216794455864e-03, 8.622000000000000000e+03
3.355611238481031027e-03, 8.368000000000000000e+03
3.363488260167606190e-03, 1.183800000000000000e+04
3.371365281854181353e-03, 1.051600000000000000e+04
3.379242303540756515e-03, 1.272200000000000000e+04
3.387119325227331678e-03, 1.405500000000000000e+04
3.394996346913906841e-03, 1.766500000000000000e+04
3.402873368600482003e-03, 2.065600000000000000e+04
3.410750390287057166e-03, 2.307400000000000000e+04
3.418627411973632329e-03, 2.589400000000000000e+04
3.426504433660207492e-03, 3.007200000000000000e+04
3.434381455346782654e-03, 3.312900000000000000e+04
3.442258477033357817e-03, 3.621400000000000000e+04
3.450135498719933413e-03, 3.954200000000000000e+04
3.458012520406508576e-03, 4.167500000000000000e+04
3.465889542093083739e-03, 4.607500000000000000e+04
3.473766563779658902e-03, 4.887200000000000000e+04
3.481643585466234064e-03, 5.138300000000000000e+04
3.489520607152809227e-03, 5.137200000000000000e+04
3.497397628839384390e-03, 5.595500000000000000e+04
3.505274650525959552e-03, 5.680800000000000000e+04
3.513151672212534715e-03, 5.440900000000000000e+04
3.521028693899109878e-03, 5.511600000000000000e+04
3.528905715585685041e-03, 5.576900000000000000e+04
3.536782737272260203e-03, 5.555000000000000000e+04
3.544659758958835366e-03, 5.406000000000000000e+04
3.552536780645410529e-03, 5.192600000000000000e+04
3.560413802331985691e-03, 5.104500000000000000e+04
3.568290824018560854e-03, 4.757000000000000000e+04
3.576167845705136451e-03, 4.530300000000000000e+04
3.584044867391711613e-03, 4.012200000000000000e+04
3.591921889078286776e-03, 3.699200000000000000e+04
3.599798910764861939e-03, 3.532300000000000000e+04
3.607675932451437101e-03, 3.127900000000000000e+04
3.615552954138012264e-03, 2.910000000000000000e+04
3.623429975824587427e-03, 2.518400000000000000e+04
3.631306997511162590e-03, 2.199800000000000000e+04
3.639184019197737752e-03, 1.644900000000000000e+04
3.647061040884312915e-03, 1.636900000000000000e+04
3.654938062570888078e-03, 1.304800000000000000e+04
3.662815084257463241e-03, 1.084900000000000000e+04
3.670692105944038403e-03, 9.521000000000000000e+03
3.678569127630613566e-03, 8.765000000000000000e+03
3.686446149317188729e-03, 8.309000000000000000e+03
3.694323171003763891e-03, 8.033000000000000000e+03
3.702200192690339488e-03, 1.132300000000000000e+04
3.710077214376914650e-03, 1.005000000000000000e+04
3.717954236063489813e-03, 1.214600000000000000e+04
3.725831257750064976e-03, 1.341300000000000000e+04
3.733708279436640139e-03, 1.790800000000000000e+04
3.741585301123215301e-03, 2.089200000000000000e+04
3.749462322809790464e-03, 2.330300000000000000e+04
3.757339344496365627e-03, 2.727800000000000000e+04
3.765216366182940790e-03, 2.841500000000000000e+04
3.773093387869515952e-03, 3.343700000000000000e+04
3.780970409556091115e-03, 3.746900000000000000e+04
3.788847431242666278e-03, 3.868200000000000000e+04
3.796724452929241440e-03, 4.177900000000000000e+04
3.804601474615816603e-03, 4.426200000000000000e+04
3.812478496302391766e-03, 4.915600000000000000e+04
3.820355517988966929e-03, 4.871900000000000000e+04
3.828232539675542525e-03, 5.184900000000000000e+04
3.836109561362117688e-03, 5.326600000000000000e+04
3.843986583048692850e-03, 5.412200000000000000e+04
3.851863604735268013e-03, 5.488400000000000000e+04
3.859740626421843176e-03, 5.557300000000000000e+04
3.867617648108418339e-03, 5.615200000000000000e+04
3.875494669794993501e-03, 5.387600000000000000e+04
3.883371691481568664e-03, 5.449900000000000000e+04
3.891248713168143827e-03, 5.249900000000000000e+04
3.899125734854718989e-03, 4.865600000000000000e+04
3.907002756541294586e-03, 4.837900000000000000e+04
3.914879778227869749e-03, 4.622400000000000000e+04
3.922756799914444911e-03, 4.029500000000000000e+04
3.930633821601020074e-03, 3.547400000000000000e+04
3.938510843287595237e-03, 3.400400000000000000e+04
3.946387864974170399e-03, 3.028600000000000000e+04
3.954264886660745562e-03, 2.842100000000000000e+04
3.962141908347320725e-03, 2.382400000000000000e+04
3.970018930033895888e-03, 2.086300000000000000e+04
3.977895951720471050e-03, 1.765000000000000000e+04
3.985772973407046213e-03, 1.557000000000000000e+04
3.993649995093621376e-03, 1.246800000000000000e+04
4.001527016780196538e-03, 1.040700000000000000e+04
4.009404038466771701e-03, 9.161000000000000000e+03
4.017281060153346864e-03, 8.409000000000000000e+03
4.025158081839922027e-03, 7.955000000000000000e+03
4.033035103526497189e-03, 7.680000000000000000e+03
4.040912125213072352e-03, 1.081100000000000000e+04
4.048789146899647515e-03, 1.061700000000000000e+04
4.056666168586222677e-03, 1.164100000000000000e+04
4.064543190272797840e-03, 1.291900000000000000e+04
4.072420211959373003e-03, 1.724600000000000000e+04
4.080297233645948166e-03, 2.002700000000000000e+04
4.088174255332523328e-03, 2.531200000000000000e+04
4.096051277019098491e-03, 2.907900000000000000e+04
4.103928298705673654e-03, 2.712500000000000000e+04
4.111805320392248816e-03, 3.190800000000000000e+04
4.119682342078823979e-03, 3.795700000000000000e+04
4.127559363765399142e-03, 3.928400000000000000e+04
4.135436385451974305e-03, 4.330700000000000000e+04
4.143313407138550335e-03, 4.550500000000000000e+04
4.151190428825125497e-03, 5.007000000000000000e+04
4.159067450511700660e-03, 4.959100000000000000e+04
4.166944472198275823e-03, 5.253800000000000000e+04
4.174821493884850986e-03, 5.386700000000000000e+04
4.182698515571426148e-03, 5.460900000000000000e+04
4.190575537258001311e-03, 5.529500000000000000e+04
4.198452558944576474e-03, 5.593100000000000000e+04
4.206329580631151636e-03, 5.652400000000000000e+04
4.214206602317726799e-03, 5.338500000000000000e+04
4.222083624004301962e-03, 5.498600000000000000e+04
4.229960645690877125e-03, 5.105500000000000000e+04
4.237837667377452287e-03, 4.843400000000000000e+04
4.245714689064027450e-03, 4.730700000000000000e+04
4.253591710750602613e-03, 4.544900000000000000e+04
4.261468732437177775e-03, 4.080400000000000000e+04
4.269345754123752938e-03, 3.508300000000000000e+04
4.277222775810328101e-03, 3.359300000000000000e+04
4.285099797496903264e-03, 2.897000000000000000e+04
4.292976819183478426e-03, 2.715900000000000000e+04
4.300853840870053589e-03, 2.275400000000000000e+04
4.308730862556628752e-03, 2.082100000000000000e+04
4.316607884243203914e-03, 1.950000000000000000e+04
4.324484905929779077e-03, 1.530800000000000000e+04
4.332361927616354240e-03, 1.216800000000000000e+04
4.340238949302929403e-03, 1.009300000000000000e+04
4.348115970989504565e-03, 8.839000000000000000e+03
4.355992992676079728e-03, 8.082000000000000000e+03
4.363870014362654891e-03, 7.624000000000000000e+03
4.371747036049230054e-03, 7.348000000000000000e+03
4.379624057735805216e-03, 1.041900000000000000e+04
4.387501079422380379e-03, 1.228500000000000000e+04
4.395378101108956409e-03, 1.423400000000000000e+04
4.403255122795531572e-03, 1.541100000000000000e+04
4.411132144482106734e-03, 1.648900000000000000e+04
4.419009166168681897e-03, 2.215100000000000000e+04
4.426886187855257060e-03, 2.415800000000000000e+04
4.434763209541832223e-03, 2.774600000000000000e+04
4.442640231228407385e-03, 2.805500000000000000e+04
4.450517252914982548e-03, 3.279300000000000000e+04
4.458394274601557711e-03, 3.747500000000000000e+04
4.466271296288132873e-03, 4.066300000000000000e+04
4.474148317974708036e-03, 4.443400000000000000e+04
4.482025339661283199e-03, 4.649100000000000000e+04
4.489902361347858362e-03, 5.082100000000000000e+04
4.497779383034433524e-03, 5.034900000000000000e+04
4.505656404721008687e-03, 5.310100000000000000e+04
4.513533426407583850e-03, 5.432500000000000000e+04
4.521410448094159013e-03, 5.506500000000000000e+04
4.529287469780734175e-03, 5.573800000000000000e+04
4.537164491467309338e-03, 5.635600000000000000e+04
4.545041513153884501e-03, 5.692900000000000000e+04
4.552918534840459663e-03, 5.393900000000000000e+04
4.560795556527034826e-03, 5.444500000000000000e+04
4.568672578213609989e-03, 4.960700000000000000e+04
4.576549599900185152e-03, 4.904600000000000000e+04
4.584426621586760314e-03, 4.572100000000000000e+04
4.592303643273335477e-03, 4.371300000000000000e+04
4.600180664959910640e-03, 3.913900000000000000e+04
4.608057686646485802e-03, 3.662000000000000000e+04
4.615934708333060965e-03, 3.514600000000000000e+04
4.623811730019636128e-03, 2.768100000000000000e+04
4.631688751706211291e-03, 2.604000000000000000e+04
4.639565773392787321e-03, 2.188200000000000000e+04
4.647442795079362483e-03, 1.919900000000000000e+04
4.655319816765937646e-03, 1.820100000000000000e+04
4.663196838452512809e-03, 1.436000000000000000e+04
4.671073860139087972e-03, 1.146100000000000000e+04
4.678950881825663134e-03, 9.539000000000000000e+03
4.686827903512238297e-03, 8.378000000000000000e+03
4.694704925198813460e-03, 7.677000000000000000e+03
4.702581946885388622e-03, 7.295000000000000000e+03
4.710458968571963785e-03, 9.096000000000000000e+03
4.718335990258538948e-03, 9.971000000000000000e+03
4.726213011945114111e-03, 1.273000000000000000e+04
4.734090033631689273e-03, 1.458100000000000000e+04
4.741967055318264436e-03, 1.570000000000000000e+04
4.749844077004839599e-03, 1.776400000000000000e+04
4.757721098691414761e-03, 2.297500000000000000e+04
4.765598120377989924e-03, 2.371300000000000000e+04
4.773475142064565087e-03, 2.706900000000000000e+04
4.781352163751140250e-03, 3.015000000000000000e+04
4.789229185437715412e-03, 3.452400000000000000e+04
4.797106207124290575e-03, 3.690300000000000000e+04
4.804983228810865738e-03, 4.086700000000000000e+04
4.812860250497440900e-03, 4.443300000000000000e+04
4.820737272184016063e-03, 4.734400000000000000e+04
4.828614293870591226e-03, 5.143500000000000000e+04
4.836491315557166389e-03, 5.091600000000000000e+04
4.844368337243741551e-03, 5.359300000000000000e+04
4.852245358930316714e-03, 5.479400000000000000e+04
4.860122380616891877e-03, 5.551900000000000000e+04
4.867999402303467039e-03, 5.617200000000000000e+04
4.875876423990042202e-03, 5.676900000000000000e+04
4.883753445676617365e-03, 5.732000000000000000e+04
4.891630467363193395e-03, 5.437400000000000000e+04
4.899507489049768558e-03, 5.280200000000000000e+04
4.907384510736343720e-03, 5.023900000000000000e+04
4.915261532422918883e-03, 4.974500000000000000e+04
4.923138554109494046e-03, 4.659800000000000000e+04
4.931015575796069209e-03, 4.167300000000000000e+04
4.938892597482644371e-03, 3.731900000000000000e+04
4.946769619169219534e-03, 3.794600000000000000e+04
4.954646640855794697e-03, 3.431600000000000000e+04
4.962523662542369859e-03, 2.901100000000000000e+04
4.970400684228945022e-03, 2.522500000000000000e+04
4.978277705915520185e-03, 2.313800000000000000e+04
4.986154727602095348e-03, 1.845500000000000000e+04
4.994031749288670510e-03, 1.744600000000000000e+04
5.001908770975245673e-03, 1.374900000000000000e+04
5.009785792661820836e-03, 1.198700000000000000e+04
5.017662814348395998e-03, 1.018100000000000000e+04
5.025539836034971161e-03, 9.090000000000000000e+03
5.033416857721546324e-03, 8.431000000000000000e+03
5.041293879408121487e-03, 8.033000000000000000e+03
5.049170901094696649e-03, 1.070700000000000000e+04
5.057047922781271812e-03, 9.530000000000000000e+03
5.064924944467846975e-03, 1.215400000000000000e+04
5.072801966154422137e-03, 1.391500000000000000e+04
5.080678987840997300e-03, 1.508300000000000000e+04
5.088556009527572463e-03, 1.916700000000000000e+04
5.096433031214147626e-03, 2.139000000000000000e+04
5.104310052900722788e-03, 2.230200000000000000e+04
5.112187074587297951e-03, 2.562900000000000000e+04
5.120064096273873114e-03, 3.166700000000000000e+04
5.127941117960448277e-03, 3.588500000000000000e+04
5.135818139647023439e-03, 3.818200000000000000e+04
5.143695161333599469e-03, 3.983600000000000000e+04
5.151572183020174632e-03, 4.319800000000000000e+04
5.159449204706749795e-03, 4.804700000000000000e+04
5.167326226393324957e-03, 4.898000000000000000e+04
5.175203248079900120e-03, 5.154100000000000000e+04
5.183080269766475283e-03, 5.411500000000000000e+04
5.190957291453050446e-03, 5.527100000000000000e+04
5.198834313139625608e-03, 5.597000000000000000e+04
5.206711334826200771e-03, 5.654700000000000000e+04
5.214588356512775934e-03, 5.709200000000000000e+04
5.222465378199351096e-03, 5.557300000000000000e+04
5.230342399885926259e-03, 5.483200000000000000e+04
5.238219421572501422e-03, 5.236300000000000000e+04
5.246096443259076585e-03, 5.092400000000000000e+04
5.253973464945651747e-03, 4.842900000000000000e+04
5.261850486632226910e-03, 4.543200000000000000e+04
5.269727508318802073e-03, 4.161300000000000000e+04
5.277604530005377236e-03, 3.731200000000000000e+04
5.285481551691952398e-03, 3.785400000000000000e+04
5.293358573378527561e-03, 3.252600000000000000e+04
5.301235595065102724e-03, 2.954800000000000000e+04
5.309112616751677886e-03, 2.501000000000000000e+04
5.316989638438253049e-03, 2.402500000000000000e+04
5.324866660124828212e-03, 1.860000000000000000e+04
5.332743681811403375e-03, 1.668000000000000000e+04
5.340620703497978537e-03, 1.318700000000000000e+04
5.348497725184553700e-03, 1.454200000000000000e+04
5.356374746871128863e-03, 1.278600000000000000e+04
5.364251768557704025e-03, 1.172600000000000000e+04
5.372128790244279188e-03, 1.108500000000000000e+04
5.380005811930854351e-03, 1.069800000000000000e+04
5.387882833617429514e-03, 1.022000000000000000e+04
5.395759855304005544e-03, 9.094000000000000000e+03
5.403636876990580706e-03, 1.169300000000000000e+04
5.411513898677155869e-03, 1.343300000000000000e+04
5.419390920363731032e-03, 1.448400000000000000e+04
5.427267942050306195e-03, 1.834100000000000000e+04
5.435144963736881357e-03, 2.043800000000000000e+04
5.443021985423456520e-03, 2.431800000000000000e+04
5.450899007110031683e-03, 2.748300000000000000e+04
5.458776028796606845e-03, 3.236300000000000000e+04
5.466653050483182008e-03, 3.455900000000000000e+04
5.474530072169757171e-03, 3.890100000000000000e+04
5.482407093856332334e-03, 3.970200000000000000e+04
5.490284115542907496e-03, 4.303800000000000000e+04
5.498161137229482659e-03, 4.873500000000000000e+04
5.506038158916057822e-03, 4.867900000000000000e+04
5.513915180602632984e-03, 5.214300000000000000e+04
5.521792202289208147e-03, 5.461500000000000000e+04
5.529669223975783310e-03, 5.567800000000000000e+04
5.537546245662358473e-03, 5.632000000000000000e+04
5.545423267348933635e-03, 5.690700000000000000e+04
5.553300289035508798e-03, 5.744900000000000000e+04
5.561177310722083961e-03, 5.401300000000000000e+04
5.569054332408659123e-03, 5.531400000000000000e+04
5.576931354095234286e-03, 5.296400000000000000e+04
5.584808375781809449e-03, 5.159400000000000000e+04
5.592685397468384612e-03, 4.705800000000000000e+04
5.600562419154959774e-03, 4.410300000000000000e+04
5.608439440841534937e-03, 4.256100000000000000e+04
5.616316462528110100e-03, 3.852000000000000000e+04
5.624193484214685262e-03, 3.605000000000000000e+04
5.632070505901260425e-03, 3.099100000000000000e+04
5.639947527587835588e-03, 2.816400000000000000e+04
5.647824549274411618e-03, 2.686700000000000000e+04
5.655701570960986781e-03, 2.364300000000000000e+04
5.663578592647561943e-03, 2.027400000000000000e+04
5.671455614334137106e-03, 1.624200000000000000e+04
5.679332636020712269e-03, 1.580300000000000000e+04
5.687209657707287432e-03, 1.399200000000000000e+04
5.695086679393862594e-03, 1.226900000000000000e+04
5.702963701080437757e-03, 1.122900000000000000e+04
5.710840722767012920e-03, 1.060000000000000000e+04
5.718717744453588082e-03, 1.028100000000000000e+04
5.726594766140163245e-03, 9.851000000000000000e+03
5.734471787826738408e-03, 1.081300000000000000e+04
5.742348809513313571e-03, 1.121800000000000000e+04
5.750225831199888733e-03, 1.285200000000000000e+04
5.758102852886463896e-03, 1.587100000000000000e+04
5.765979874573039059e-03, 1.954100000000000000e+04
5.773856896259614221e-03, 2.153600000000000000e+04
5.781733917946189384e-03, 2.537500000000000000e+04
5.789610939632764547e-03, 2.852900000000000000e+04
5.797487961319339710e-03, 3.313400000000000000e+04
5.805364983005914872e-03, 3.414800000000000000e+04
5.813242004692490035e-03, 3.920200000000000000e+04
5.821119026379065198e-03, 4.095200000000000000e+04
5.828996048065640360e-03, 4.411100000000000000e+04
5.836873069752215523e-03, 4.953100000000000000e+04
5.844750091438790686e-03, 4.871000000000000000e+04
5.852627113125365849e-03, 5.226100000000000000e+04
5.860504134811941011e-03, 5.477400000000000000e+04
5.868381156498516174e-03, 5.592400000000000000e+04
5.876258178185091337e-03, 5.661900000000000000e+04
5.884135199871666499e-03, 5.722900000000000000e+04
5.892012221558242530e-03, 5.777600000000000000e+04
5.899889243244817692e-03, 5.451700000000000000e+04
5.907766264931392855e-03, 5.572000000000000000e+04
5.915643286617968018e-03, 5.340700000000000000e+04
5.923520308304543180e-03, 5.205800000000000000e+04
5.931397329991118343e-03, 4.780300000000000000e+04
5.939274351677693506e-03, 4.502700000000000000e+04
5.947151373364268669e-03, 4.358200000000000000e+04
5.955028395050843831e-03, 3.974300000000000000e+04
5.962905416737418994e-03, 3.739700000000000000e+04
5.970782438423994157e-03, 3.168500000000000000e+04
5.978659460110569319e-03, 2.706300000000000000e+04
5.986536481797144482e-03, 2.589700000000000000e+04
5.994413503483719645e-03, 2.211500000000000000e+04
6.002290525170294808e-03, 2.006700000000000000e+04
6.010167546856869970e-03, 1.533300000000000000e+04
6.018044568543445133e-03, 1.596900000000000000e+04
6.025921590230020296e-03, 1.328800000000000000e+04
6.033798611916595458e-03, 1.172600000000000000e+04
6.041675633603170621e-03, 1.078200000000000000e+04
6.049552655289745784e-03, 1.021200000000000000e+04
6.057429676976320947e-03, 9.867000000000000000e+03
6.065306698662896109e-03, 9.434000000000000000e+03
6.073183720349471272e-03, 1.233700000000000000e+04
6.081060742036046435e-03, 1.173700000000000000e+04
6.088937763722621598e-03, 1.329100000000000000e+04
6.096814785409196760e-03, 1.805400000000000000e+04
6.104691807095771923e-03, 2.135500000000000000e+04
6.112568828782347086e-03, 2.313500000000000000e+04
6.120445850468922248e-03, 2.758600000000000000e+04
6.128322872155497411e-03, 3.045300000000000000e+04
6.136199893842072574e-03, 3.173600000000000000e+04
6.144076915528648604e-03, 3.567500000000000000e+04
6.151953937215223767e-03, 3.744100000000000000e+04
6.159830958901798929e-03, 4.119800000000000000e+04
6.167707980588374092e-03, 4.446400000000000000e+04
6.175585002274949255e-03, 4.983900000000000000e+04
6.183462023961524417e-03, 4.985400000000000000e+04
6.191339045648099580e-03, 5.309600000000000000e+04
6.199216067334674743e-03, 5.540500000000000000e+04
6.207093089021249906e-03, 5.644900000000000000e+04
6.214970110707825068e-03, 5.708000000000000000e+04
6.222847132394400231e-03, 5.764200000000000000e+04
6.230724154080975394e-03, 5.607800000000000000e+04
6.238601175767550557e-03, 5.491500000000000000e+04
6.246478197454125719e-03, 5.407400000000000000e+04
6.254355219140700882e-03, 5.392600000000000000e+04
6.262232240827276045e-03, 5.062400000000000000e+04
6.270109262513851207e-03, 4.657500000000000000e+04
6.277986284200426370e-03, 4.393200000000000000e+04
6.285863305887001533e-03, 4.356600000000000000e+04
6.293740327573576696e-03, 3.971700000000000000e+04
6.301617349260151858e-03, 3.736400000000000000e+04
6.309494370946727021e-03, 3.264600000000000000e+04
6.317371392633302184e-03, 2.709400000000000000e+04
6.325248414319877346e-03, 2.485600000000000000e+04
6.333125436006452509e-03, 2.118800000000000000e+04
6.341002457693027672e-03, 1.919700000000000000e+04
6.348879479379602835e-03, 1.465900000000000000e+04
6.356756501066177997e-03, 1.535500000000000000e+04
6.364633522752753160e-03, 1.280400000000000000e+04
6.372510544439328323e-03, 1.126300000000000000e+04
6.380387566125903485e-03, 1.033200000000000000e+04
6.388264587812478648e-03, 9.769000000000000000e+03
6.396141609499054678e-03, 9.429000000000000000e+03
6.404018631185629841e-03, 9.009000000000000000e+03
6.411895652872205004e-03, 1.177400000000000000e+04
6.419772674558780166e-03, 1.329600000000000000e+04
6.427649696245355329e-03, 1.484500000000000000e+04
6.435526717931930492e-03, 1.657200000000000000e+04
6.443403739618505655e-03, 1.997800000000000000e+04
6.451280761305080817e-03, 2.183000000000000000e+04
6.459157782991655980e-03, 2.617000000000000000e+04
6.467034804678231143e-03, 2.896200000000000000e+04
6.474911826364806305e-03, 3.021900000000000000e+04
6.482788848051381468e-03, 3.627900000000000000e+04
6.490665869737956631e-03, 3.811800000000000000e+04
6.498542891424531794e-03, 4.272400000000000000e+04
6.506419913111106956e-03, 4.568000000000000000e+04
6.514296934797682119e-03, 4.867900000000000000e+04
6.522173956484257282e-03, 5.066700000000000000e+04
6.530050978170832444e-03, 5.169100000000000000e+04
6.537927999857407607e-03, 5.590500000000000000e+04
6.545805021543982770e-03, 5.684300000000000000e+04
6.553682043230557933e-03, 5.741000000000000000e+04
6.561559064917133095e-03, 5.690400000000000000e+04
6.569436086603708258e-03, 5.446700000000000000e+04
6.577313108290283421e-03, 5.537700000000000000e+04
6.585190129976858583e-03, 5.258500000000000000e+04
6.593067151663433746e-03, 5.342800000000000000e+04
6.600944173350008909e-03, 4.930600000000000000e+04
6.608821195036584072e-03, 4.458100000000000000e+04
6.616698216723159234e-03, 4.223800000000000000e+04
6.624575238409734397e-03, 4.103800000000000000e+04
6.632452260096309560e-03, 3.757100000000000000e+04
6.640329281782884722e-03, 3.545100000000000000e+04
6.648206303469460753e-03, 3.102600000000000000e+04
6.656083325156035915e-03, 2.879900000000000000e+04
6.663960346842611078e-03, 2.366800000000000000e+04
6.671837368529186241e-03, 2.023700000000000000e+04
6.679714390215761403e-03, 1.842500000000000000e+04
6.687591411902336566e-03, 1.409800000000000000e+04
6.695468433588911729e-03, 1.471600000000000000e+04
6.703345455275486892e-03, 1.225500000000000000e+04
6.711222476962062054e-03, 1.076800000000000000e+04
6.719099498648637217e-03, 9.870000000000000000e+03
6.726976520335212380e-03, 9.328000000000000000e+03
6.734853542021787542e-03, 9.875000000000000000e+03
6.742730563708362705e-03, 1.120700000000000000e+04
6.750607585394937868e-03, 1.167800000000000000e+04
6.758484607081513031e-03, 1.394500000000000000e+04
6.766361628768088193e-03, 1.531500000000000000e+04
6.774238650454663356e-03, 1.590600000000000000e+04
6.782115672141238519e-03, 1.911600000000000000e+04
6.789992693827813681e-03, 2.289100000000000000e+04
6.797869715514388844e-03, 2.593100000000000000e+04
6.805746737200964007e-03, 2.943300000000000000e+04
6.813623758887539170e-03, 3.051500000000000000e+04
6.821500780574114332e-03, 3.700800000000000000e+04
6.829377802260689495e-03, 3.962600000000000000e+04
6.837254823947264658e-03, 4.290000000000000000e+04
6.845131845633839821e-03, 4.668500000000000000e+04
6.853008867320414983e-03, 4.751000000000000000e+04
6.860885889006990146e-03, 5.138500000000000000e+04
6.868762910693565309e-03, 5.024400000000000000e+04
6.876639932380140471e-03, 5.629800000000000000e+04
6.884516954066715634e-03, 5.721300000000000000e+04
6.892393975753290797e-03, 5.776600000000000000e+04
6.900270997439866827e-03, 5.426700000000000000e+04
6.908148019126441990e-03, 5.497100000000000000e+04
6.916025040813017152e-03, 5.584100000000000000e+04
6.923902062499592315e-03, 5.220400000000000000e+04
6.931779084186167478e-03, 5.129800000000000000e+04
6.939656105872742640e-03, 4.952300000000000000e+04
6.947533127559317803e-03, 4.589600000000000000e+04
6.955410149245892966e-03, 4.352300000000000000e+04
6.963287170932468129e-03, 4.229500000000000000e+04
6.971164192619043291e-03, 3.893800000000000000e+04
6.979041214305618454e-03, 3.386200000000000000e+04
6.986918235992193617e-03, 2.962200000000000000e+04
6.994795257678768780e-03, 2.763900000000000000e+04
7.002672279365343942e-03, 2.480500000000000000e+04
7.010549301051919105e-03, 2.149400000000000000e+04
7.018426322738494268e-03, 1.767000000000000000e+04
7.026303344425069430e-03, 1.553700000000000000e+04
7.034180366111644593e-03, 1.407100000000000000e+04
7.042057387798219756e-03, 1.171000000000000000e+04
7.049934409484794919e-03, 1.028400000000000000e+04
7.057811431171370081e-03, 9.473000000000000000e+03
7.065688452857945244e-03, 8.984000000000000000e+03
7.073565474544520407e-03, 8.688000000000000000e+03
7.081442496231095569e-03, 1.224800000000000000e+04
7.089319517917670732e-03, 1.087200000000000000e+04
7.097196539604245895e-03, 1.314100000000000000e+04
7.105073561290821058e-03, 1.451100000000000000e+04
7.112950582977396220e-03, 1.613700000000000000e+04
7.120827604663971383e-03, 1.896100000000000000e+04
7.128704626350546546e-03, 2.447800000000000000e+04
7.136581648037121708e-03, 2.436900000000000000e+04
7.144458669723696871e-03, 3.087900000000000000e+04
7.152335691410272901e-03, 3.199800000000000000e+04
7.160212713096848064e-03, 3.522000000000000000e+04
7.168089734783423227e-03, 4.077300000000000000e+04
7.175966756469998389e-03, 4.089100000000000000e+04
7.183843778156573552e-03, 4.748800000000000000e+04
7.191720799843148715e-03, 4.820100000000000000e+04
7.199597821529723878e-03, 5.190400000000000000e+04
7.207474843216299040e-03, 5.086900000000000000e+04
7.215351864902874203e-03, 5.667500000000000000e+04
7.223228886589449366e-03, 5.756700000000000000e+04
7.231105908276024528e-03, 5.508200000000000000e+04
7.238982929962599691e-03, 5.477600000000000000e+04
7.246859951649174854e-03, 5.539500000000000000e+04
7.254736973335750017e-03, 5.620000000000000000e+04
7.262613995022325179e-03, 5.359900000000000000e+04
7.270491016708900342e-03, 5.143400000000000000e+04
7.278368038395475505e-03, 5.054700000000000000e+04
7.286245060082050667e-03, 4.697400000000000000e+04
7.294122081768625830e-03, 4.464300000000000000e+04
7.301999103455200993e-03, 4.139900000000000000e+04
7.309876125141776156e-03, 3.912200000000000000e+04
7.317753146828351318e-03, 3.406700000000000000e+04
7.325630168514926481e-03, 2.986700000000000000e+04
7.333507190201501644e-03, 2.774300000000000000e+04
7.341384211888076806e-03, 2.587500000000000000e+04
7.349261233574651969e-03, 2.263200000000000000e+04
7.357138255261227132e-03, 1.693300000000000000e+04
7.365015276947802295e-03, 1.686700000000000000e+04
7.372892298634377457e-03, 1.429800000000000000e+04
7.380769320320952620e-03, 1.174800000000000000e+04
7.388646342007527783e-03, 1.020700000000000000e+04
7.396523363694103813e-03, 9.276000000000000000e+03
7.404400385380678976e-03, 8.714000000000000000e+03
7.412277407067254138e-03, 8.374000000000000000e+03
7.420154428753829301e-03, 1.173600000000000000e+04
7.428031450440404464e-03, 1.040200000000000000e+04
7.435908472126979626e-03, 1.260900000000000000e+04
7.443785493813554789e-03, 1.398600000000000000e+04
7.451662515500129952e-03, 1.762400000000000000e+04
7.459539537186705115e-03, 2.063100000000000000e+04
7.467416558873280277e-03, 2.305900000000000000e+04
7.475293580559855440e-03, 2.609400000000000000e+04
7.483170602246430603e-03, 2.934800000000000000e+04
7.491047623933005765e-03, 3.348200000000000000e+04
7.498924645619580928e-03, 3.651900000000000000e+04
7.506801667306156091e-03, 3.972600000000000000e+04
7.514678688992731254e-03, 4.178600000000000000e+04
7.522555710679306416e-03, 4.614200000000000000e+04
7.530432732365881579e-03, 4.891200000000000000e+04
7.538309754052456742e-03, 5.044800000000000000e+04
7.546186775739031904e-03, 5.151300000000000000e+04
7.554063797425607067e-03, 5.503200000000000000e+04
7.561940819112182230e-03, 5.689900000000000000e+04
7.569817840798757393e-03, 5.446400000000000000e+04
7.577694862485332555e-03, 5.514900000000000000e+04
7.585571884171907718e-03, 5.578900000000000000e+04
7.593448905858482881e-03, 5.556200000000000000e+04
7.601325927545058043e-03, 5.412300000000000000e+04
7.609202949231633206e-03, 5.206800000000000000e+04
7.617079970918208369e-03, 5.020400000000000000e+04
7.624956992604783532e-03, 4.782500000000000000e+04
7.632834014291358694e-03, 4.545700000000000000e+04
7.640711035977933857e-03, 4.021500000000000000e+04
7.648588057664509887e-03, 3.704900000000000000e+04
7.656465079351085050e-03, 3.535700000000000000e+04
7.664342101037660213e-03, 3.141600000000000000e+04
7.672219122724235375e-03, 2.942800000000000000e+04
7.680096144410810538e-03, 2.464500000000000000e+04
7.687973166097385701e-03, 2.156600000000000000e+04
7.695850187783960863e-03, 1.618800000000000000e+04
7.703727209470536026e-03, 1.621100000000000000e+04
7.711604231157111189e-03, 1.295300000000000000e+04
7.719481252843686352e-03, 1.079200000000000000e+04
7.727358274530261514e-03, 9.486000000000000000e+03
7.735235296216836677e-03, 8.697000000000000000e+03
7.743112317903411840e-03, 8.221000000000000000e+03
7.750989339589987002e-03, 7.933000000000000000e+03
7.758866361276562165e-03, 1.126200000000000000e+04
7.766743382963137328e-03, 1.001300000000000000e+04
7.774620404649712491e-03, 1.212400000000000000e+04
7.782497426336287653e-03, 1.339900000000000000e+04
7.790374448022862816e-03, 1.783800000000000000e+04
7.798251469709437979e-03, 2.069300000000000000e+04
7.806128491396013142e-03, 2.404000000000000000e+04
7.814005513082589172e-03, 2.792200000000000000e+04
7.821882534769163467e-03, 2.815500000000000000e+04
7.829759556455739497e-03, 3.328100000000000000e+04
7.837636578142313792e-03, 3.737500000000000000e+04
7.845513599828889822e-03, 3.862500000000000000e+04
7.853390621515464118e-03, 4.270500000000000000e+04
7.861267643202040148e-03, 4.493000000000000000e+04
7.869144664888614443e-03, 4.961500000000000000e+04
7.877021686575190473e-03, 4.910500000000000000e+04
7.884898708261764769e-03, 5.208200000000000000e+04
7.892775729948340799e-03, 5.340700000000000000e+04
7.900652751634915094e-03, 5.420700000000000000e+04
7.908529773321491124e-03, 5.493500000000000000e+04
7.916406795008065420e-03, 5.560400000000000000e+04
7.924283816694641450e-03, 5.622400000000000000e+04
7.932160838381215745e-03, 5.298900000000000000e+04
7.940037860067791775e-03, 5.464400000000000000e+04
7.947914881754366070e-03, 5.263100000000000000e+04
7.955791903440942101e-03, 4.873500000000000000e+04
7.963668925127516396e-03, 4.842700000000000000e+04
7.971545946814092426e-03, 4.625300000000000000e+04
7.979422968500666721e-03, 4.130500000000000000e+04
7.987299990187242751e-03, 3.529200000000000000e+04
7.995177011873817047e-03, 3.369700000000000000e+04
8.003054033560393077e-03, 2.994900000000000000e+04
8.010931055246967372e-03, 2.817300000000000000e+04
8.018808076933543402e-03, 2.367400000000000000e+04
8.026685098620119432e-03, 2.077200000000000000e+04
8.034562120306693728e-03, 1.759500000000000000e+04
8.042439141993269758e-03, 1.553700000000000000e+04
8.050316163679844053e-03, 1.240000000000000000e+04
8.058193185366420083e-03, 1.032100000000000000e+04
8.066070207052994379e-03, 9.065000000000000000e+03
8.073947228739570409e-03, 8.306000000000000000e+03
8.081824250426144704e-03, 7.892000000000000000e+03
8.089701272112720734e-03, 7.642000000000000000e+03
8.097578293799295029e-03, 1.078800000000000000e+04
8.105455315485871060e-03, 1.060300000000000000e+04
8.113332337172445355e-03, 1.260500000000000000e+04
8.121209358859021385e-03, 1.381500000000000000e+04
8.129086380545595680e-03, 1.702100000000000000e+04
8.136963402232171710e-03, 1.980000000000000000e+04
8.144840423918746006e-03, 2.517500000000000000e+04
8.152717445605322036e-03, 2.899600000000000000e+04
8.160594467291896331e-03, 2.707500000000000000e+04
8.168471488978472361e-03, 3.187700000000000000e+04
8.176348510665046657e-03, 3.875400000000000000e+04
8.184225532351622687e-03, 3.991500000000000000e+04
8.192102554038196982e-03, 4.378800000000000000e+04
8.199979575724773012e-03, 4.583900000000000000e+04
8.207856597411347307e-03, 5.027200000000000000e+04
8.215733619097923338e-03, 4.971300000000000000e+04
8.223610640784497633e-03, 5.261200000000000000e+04
8.231487662471073663e-03, 5.391200000000000000e+04
8.239364684157647958e-03, 5.469700000000000000e+04
8.247241705844223988e-03, 5.540400000000000000e+04
8.255118727530798284e-03, 5.605000000000000000e+04
8.262995749217374314e-03, 5.664600000000000000e+04
8.270872770903948609e-03, 5.345900000000000000e+04
8.278749792590524639e-03, 5.503000000000000000e+04
8.286626814277100669e-03, 5.108200000000000000e+04
8.294503835963674965e-03, 4.845100000000000000e+04
8.302380857650250995e-03, 4.714300000000000000e+04
8.310257879336825290e-03, 4.508700000000000000e+04
8.318134901023401320e-03, 4.037600000000000000e+04
8.326011922709975616e-03, 3.568600000000000000e+04
8.333888944396551646e-03, 3.395700000000000000e+04
8.341765966083125941e-03, 2.919000000000000000e+04
8.349642987769701971e-03, 2.729200000000000000e+04
8.357520009456276266e-03, 2.283500000000000000e+04
8.365397031142852297e-03, 1.996700000000000000e+04
8.373274052829426592e-03, 1.887500000000000000e+04
8.381151074516002622e-03, 1.487600000000000000e+04
8.389028096202576917e-03, 1.186100000000000000e+04
8.396905117889152947e-03, 9.908000000000000000e+03
8.404782139575727243e-03, 8.727000000000000000e+03
8.412659161262303273e-03, 8.014000000000000000e+03
8.420536182948877568e-03, 7.583000000000000000e+03
8.428413204635453598e-03, 7.323000000000000000e+03
8.436290226322027894e-03, 1.031100000000000000e+04
8.444167248008603924e-03, 1.315000000000000000e+04
8.452044269695178219e-03, 1.505500000000000000e+04
8.459921291381754249e-03, 1.527900000000000000e+04
8.467798313068328545e-03, 1.640900000000000000e+04
8.475675334754904575e-03, 2.210200000000000000e+04
8.483552356441478870e-03, 2.412900000000000000e+04
8.491429378128054900e-03, 2.772800000000000000e+04
8.499306399814629195e-03, 2.889200000000000000e+04
8.507183421501205225e-03, 3.345600000000000000e+04
8.515060443187779521e-03, 3.698100000000000000e+04
8.522937464874355551e-03, 4.100300000000000000e+04
8.530814486560931581e-03, 4.464000000000000000e+04
8.538691508247505876e-03, 4.661500000000000000e+04
8.546568529934081906e-03, 5.089600000000000000e+04
8.554445551620656202e-03, 5.039400000000000000e+04
8.562322573307232232e-03, 5.317900000000000000e+04
8.570199594993806527e-03, 5.443000000000000000e+04
8.578076616680382557e-03, 5.518600000000000000e+04
8.585953638366956853e-03, 5.581100000000000000e+04
8.593830660053532883e-03, 5.640000000000000000e+04
8.601707681740107178e-03, 5.695600000000000000e+04
8.609584703426683208e-03, 5.395500000000000000e+04
8.617461725113257504e-03, 5.445400000000000000e+04
8.625338746799833534e-03, 4.972700000000000000e+04
8.633215768486407829e-03, 4.922600000000000000e+04
8.641092790172983859e-03, 4.598400000000000000e+04
8.648969811859558154e-03, 4.391400000000000000e+04
8.656846833546134184e-03, 3.926100000000000000e+04
8.664723855232708480e-03, 3.669400000000000000e+04
8.672600876919284510e-03, 3.519100000000000000e+04
8.680477898605858805e-03, 2.770800000000000000e+04
8.688354920292434835e-03, 2.595100000000000000e+04
8.696231941979009131e-03, 2.173200000000000000e+04
8.704108963665585161e-03, 1.901500000000000000e+04
8.711985985352159456e-03, 1.804600000000000000e+04
8.719863007038735486e-03, 1.426700000000000000e+04
8.727740028725309782e-03, 1.140400000000000000e+04
8.735617050411885812e-03, 9.505000000000000000e+03
8.743494072098460107e-03, 8.358000000000000000e+03
8.751371093785036137e-03, 7.664000000000000000e+03
8.759248115471610432e-03, 7.245000000000000000e+03
8.767125137158186463e-03, 1.001700000000000000e+04
8.775002158844760758e-03, 9.839000000000000000e+03
8.782879180531336788e-03, 1.265100000000000000e+04
8.790756202217912818e-03, 1.453300000000000000e+04
8.798633223904487113e-03, 1.567000000000000000e+04
8.806510245591063143e-03, 1.774700000000000000e+04
8.814387267277637439e-03, 2.211300000000000000e+04
8.822264288964213469e-03, 2.303800000000000000e+04
8.830141310650787764e-03, 2.646300000000000000e+04
8.838018332337363794e-03, 2.964500000000000000e+04
8.845895354023938090e-03, 3.421900000000000000e+04
8.853772375710514120e-03, 3.671900000000000000e+04
8.861649397397088415e-03, 4.075600000000000000e+04
8.869526419083664445e-03, 4.436500000000000000e+04
8.877403440770238741e-03, 4.735800000000000000e+04
8.885280462456814771e-03, 5.046900000000000000e+04
8.893157484143389066e-03, 5.104600000000000000e+04
8.901034505829965096e-03, 5.372000000000000000e+04
8.908911527516539391e-03, 5.487000000000000000e+04
8.916788549203115422e-03, 5.556500000000000000e+04
8.924665570889689717e-03, 5.620000000000000000e+04
8.932542592576265747e-03, 5.678600000000000000e+04
8.940419614262840042e-03, 5.733000000000000000e+04
8.948296635949416072e-03, 5.447700000000000000e+04
8.956173657635990368e-03, 5.193400000000000000e+04
8.964050679322566398e-03, 4.947500000000000000e+04
8.971927701009140693e-03, 4.928300000000000000e+04
8.979804722695716723e-03, 4.631900000000000000e+04
8.987681744382291019e-03, 4.150400000000000000e+04
8.995558766068867049e-03, 3.721700000000000000e+04
9.003435787755441344e-03, 3.788500000000000000e+04
9.011312809442017374e-03, 3.348200000000000000e+04
9.019189831128591670e-03, 2.940200000000000000e+04
9.027066852815167700e-03, 2.472200000000000000e+04
9.034943874501743730e-03, 2.283400000000000000e+04
9.042820896188318025e-03, 1.827100000000000000e+04
9.050697917874894055e-03, 1.733500000000000000e+04
9.058574939561468350e-03, 1.368200000000000000e+04
9.066451961248044381e-03, 1.295500000000000000e+04
9.074328982934618676e-03, 1.112500000000000000e+04
9.082206004621194706e-03, 1.002000000000000000e+04
9.090083026307769001e-03, 9.353000000000000000e+03
9.097960047994345031e-03, 8.590000000000000000e+03
9.105837069680919327e-03, 1.104300000000000000e+04
9.113714091367495357e-03, 9.733000000000000000e+03
9.121591113054069652e-03, 1.227700000000000000e+04
9.129468134740645682e-03, 1.398900000000000000e+04
9.137345156427219978e-03, 1.502400000000000000e+04
9.145222178113796008e-03, 1.897400000000000000e+04
9.153099199800370303e-03, 2.112000000000000000e+04
9.160976221486946333e-03, 2.279700000000000000e+04
9.168853243173520629e-03, 2.592800000000000000e+04
9.176730264860096659e-03, 3.184800000000000000e+04
9.184607286546670954e-03, 3.599500000000000000e+04
9.192484308233246984e-03, 3.824800000000000000e+04
9.200361329919821279e-03, 3.899500000000000000e+04
9.208238351606397309e-03, 4.239100000000000000e+04
9.216115373292971605e-03, 4.824100000000000000e+04
9.223992394979547635e-03, 4.838400000000000000e+04
9.231869416666121930e-03, 5.118100000000000000e+04
9.239746438352697960e-03, 5.389700000000000000e+04
9.247623460039272256e-03, 5.514000000000000000e+04
9.255500481725848286e-03, 5.589100000000000000e+04
9.263377503412422581e-03, 5.655000000000000000e+04
9.271254525098998611e-03, 5.714100000000000000e+04
9.279131546785574641e-03, 5.465500000000000000e+04
9.287008568472148937e-03, 5.491600000000000000e+04
9.294885590158724967e-03, 5.241300000000000000e+04
9.302762611845299262e-03, 5.095400000000000000e+04
9.310639633531875292e-03, 4.844700000000000000e+04
9.318516655218449588e-03, 4.544300000000000000e+04
9.326393676905025618e-03, 4.178400000000000000e+04
9.334270698591599913e-03, 3.763000000000000000e+04
9.342147720278175943e-03, 3.718800000000000000e+04
9.350024741964750238e-03, 3.286500000000000000e+04
9.357901763651326268e-03, 2.975300000000000000e+04
9.365778785337900564e-03, 2.513400000000000000e+04
9.373655807024476594e-03, 2.410000000000000000e+04
9.381532828711050889e-03, 1.864500000000000000e+04
9.389409850397626919e-03, 1.665200000000000000e+04
9.397286872084201215e-03, 1.414500000000000000e+04
9.405163893770777245e-03, 1.440000000000000000e+04
9.413040915457351540e-03, 1.270000000000000000e+04
9.420917937143927570e-03, 1.167400000000000000e+04
9.428794958830501866e-03, 1.105400000000000000e+04
9.436671980517077896e-03, 1.067900000000000000e+04
9.444549002203652191e-03, 1.020800000000000000e+04
9.452426023890228221e-03, 9.087000000000000000e+03
9.460303045576802516e-03, 1.159200000000000000e+04
9.468180067263378547e-03, 1.327200000000000000e+04
9.476057088949952842e-03, 1.434300000000000000e+04
9.483934110636528872e-03, 1.825600000000000000e+04
9.491811132323103167e-03, 2.038700000000000000e+04
9.499688154009679197e-03, 2.428700000000000000e+04
9.507565175696253493e-03, 2.746400000000000000e+04
9.515442197382829523e-03, 3.322600000000000000e+04
9.523319219069403818e-03, 3.422700000000000000e+04
9.531196240755979848e-03, 3.944300000000000000e+04
9.539073262442555878e-03, 4.012100000000000000e+04
9.546950284129130174e-03, 4.329100000000000000e+04
9.554827305815706204e-03, 4.888800000000000000e+04
9.562704327502280499e-03, 4.877200000000000000e+04
9.570581349188856529e-03, 5.219900000000000000e+04
9.578458370875430825e-03, 5.464900000000000000e+04
9.586335392562006855e-03, 5.574900000000000000e+04
9.594212414248581150e-03, 5.641400000000000000e+04
9.602089435935157180e-03, 5.701200000000000000e+04
9.609966457621731475e-03, 5.751200000000000000e+04
9.617843479308307506e-03, 5.405100000000000000e+04
9.625720500994881801e-03, 5.533700000000000000e+04
9.633597522681457831e-03, 5.297700000000000000e+04
9.641474544368032126e-03, 5.160200000000000000e+04
9.649351566054608156e-03, 4.722000000000000000e+04
9.657228587741182452e-03, 4.436100000000000000e+04
9.665105609427758482e-03, 4.191300000000000000e+04
9.672982631114332777e-03, 3.812900000000000000e+04
9.680859652800908807e-03, 3.581300000000000000e+04
9.688736674487483103e-03, 3.084800000000000000e+04
9.696613696174059133e-03, 2.807700000000000000e+04
9.704490717860633428e-03, 2.681500000000000000e+04
9.712367739547209458e-03, 2.287700000000000000e+04
9.720244761233783753e-03, 2.074200000000000000e+04
9.728121782920359784e-03, 1.584300000000000000e+04
9.735998804606934079e-03, 1.556200000000000000e+04
9.743875826293510109e-03, 1.384600000000000000e+04
9.751752847980084404e-03, 1.218200000000000000e+04
9.759629869666660434e-03, 1.117600000000000000e+04
9.767506891353234730e-03, 1.056800000000000000e+04
9.775383913039810760e-03, 1.020100000000000000e+04
9.783260934726386790e-03, 9.746000000000000000e+03
9.791137956412961085e-03, 1.169800000000000000e+04
9.799014978099537115e-03, 1.111300000000000000e+04
9.806891999786111411e-03, 1.278900000000000000e+04
9.814769021472687441e-03, 1.583300000000000000e+04
9.822646043159261736e-03, 1.951800000000000000e+04
9.830523064845837766e-03, 2.152200000000000000e+04
9.838400086532412062e-03, 2.621700000000000000e+04
9.846277108218988092e-03, 2.923700000000000000e+04
9.854154129905562387e-03, 3.269500000000000000e+04
9.862031151592138417e-03, 3.457300000000000000e+04
9.869908173278712712e-03, 3.945900000000000000e+04
9.877785194965288743e-03, 4.110700000000000000e+04
9.885662216651863038e-03, 4.420500000000000000e+04
9.893539238338439068e-03, 4.958800000000000000e+04
9.901416260025013363e-03, 4.950400000000000000e+04
9.909293281711589393e-03, 5.278900000000000000e+04
9.917170303398163689e-03, 5.513600000000000000e+04
9.925047325084739719e-03, 5.614300000000000000e+04
9.932924346771314014e-03, 5.675200000000000000e+04
9.940801368457890044e-03, 5.730900000000000000e+04
9.948678390144464340e-03, 5.782400000000000000e+04
9.956555411831040370e-03, 5.454600000000000000e+04
9.964432433517614665e-03, 5.578700000000000000e+04
9.972309455204190695e-03, 5.354400000000000000e+04
9.980186476890764991e-03, 5.223800000000000000e+04
9.988063498577341021e-03, 4.795200000000000000e+04
9.995940520263915316e-03, 4.511700000000000000e+04
1.000381754195049135e-02, 4.363700000000000000e+04
1.001169456363706564e-02, 3.977600000000000000e+04
1.001957158532364167e-02, 3.741600000000000000e+04
1.002744860701021597e-02, 3.258800000000000000e+04
1.003532562869679200e-02, 2.686600000000000000e+04
1.004320265038336803e-02, 2.562900000000000000e+04
1.005107967206994232e-02, 2.190900000000000000e+04
1.005895669375651835e-02, 1.994200000000000000e+04
1.006683371544309265e-02, 1.525700000000000000e+04
1.007471073712966868e-02, 1.592400000000000000e+04
1.008258775881624297e-02, 1.326100000000000000e+04
1.009046478050281900e-02, 1.165200000000000000e+04
1.009834180218939330e-02, 1.067900000000000000e+04
1.010621882387596933e-02, 1.009200000000000000e+04
1.011409584556254362e-02, 9.795000000000000000e+03
1.012197286724911965e-02, 9.390000000000000000e+03
1.012984988893569395e-02, 1.231000000000000000e+04
1.013772691062226998e-02, 1.172100000000000000e+04
1.014560393230884427e-02, 1.328100000000000000e+04
1.015348095399542031e-02, 1.713800000000000000e+04
1.016135797568199460e-02, 2.063900000000000000e+04
1.016923499736857063e-02, 2.254200000000000000e+04
1.017711201905514493e-02, 2.713600000000000000e+04
1.018498904074172096e-02, 3.018200000000000000e+04
1.019286606242829525e-02, 3.157200000000000000e+04
1.020074308411487128e-02, 3.557600000000000000e+04
1.020862010580144558e-02, 3.738100000000000000e+04
1.021649712748802161e-02, 4.207900000000000000e+04
1.022437414917459590e-02, 4.509600000000000000e+04
1.023225117086117193e-02, 5.026700000000000000e+04
1.024012819254774623e-02, 5.021000000000000000e+04
1.024800521423432226e-02, 5.331000000000000000e+04
1.025588223592089655e-02, 5.553500000000000000e+04
1.026375925760747258e-02, 5.652800000000000000e+04
1.027163627929404688e-02, 5.712700000000000000e+04
1.027951330098062291e-02, 5.767100000000000000e+04
1.028739032266719894e-02, 5.514500000000000000e+04
1.029526734435377323e-02, 5.504600000000000000e+04
1.030314436604034926e-02, 5.320800000000000000e+04
1.031102138772692356e-02, 5.340300000000000000e+04
1.031889840941349959e-02, 5.030800000000000000e+04
1.032677543110007388e-02, 4.638400000000000000e+04
1.033465245278664991e-02, 4.381700000000000000e+04
1.034252947447322421e-02, 4.248800000000000000e+04
1.035040649615980024e-02, 3.885600000000000000e+04
1.035828351784637454e-02, 3.663600000000000000e+04
1.036616053953295057e-02, 3.204900000000000000e+04
1.037403756121952486e-02, 2.673300000000000000e+04
1.038191458290610089e-02, 2.463800000000000000e+04
1.038979160459267519e-02, 2.105600000000000000e+04
1.039766862627925122e-02, 1.911800000000000000e+04
1.040554564796582551e-02, 1.461100000000000000e+04
1.041342266965240154e-02, 1.522400000000000000e+04
1.042129969133897584e-02, 1.267000000000000000e+04
1.042917671302555187e-02, 1.112700000000000000e+04
1.043705373471212616e-02, 1.024900000000000000e+04
1.044493075639870219e-02, 9.719000000000000000e+03
1.045280777808527649e-02, 9.399000000000000000e+03
1.046068479977185252e-02, 8.991000000000000000e+03
1.046856182145842681e-02, 1.176300000000000000e+04
1.047643884314500284e-02, 1.421700000000000000e+04
1.048431586483157714e-02, 1.570000000000000000e+04
1.049219288651815317e-02, 1.635200000000000000e+04
1.050006990820472746e-02, 1.984500000000000000e+04
1.050794692989130349e-02, 2.175000000000000000e+04
1.051582395157787779e-02, 2.612100000000000000e+04
1.052370097326445382e-02, 2.893200000000000000e+04
1.053157799495102985e-02, 3.020200000000000000e+04
1.053945501663760415e-02, 3.701100000000000000e+04
1.054733203832418018e-02, 3.871200000000000000e+04
1.055520906001075447e-02, 4.318100000000000000e+04
1.056308608169733050e-02, 4.531700000000000000e+04
1.057096310338390480e-02, 4.845900000000000000e+04
1.057884012507048083e-02, 5.053500000000000000e+04
1.058671714675705512e-02, 5.161200000000000000e+04
1.059459416844363115e-02, 5.585700000000000000e+04
1.060247119013020545e-02, 5.685900000000000000e+04
1.061034821181678148e-02, 5.746400000000000000e+04
1.061822523350335577e-02, 5.597100000000000000e+04
1.062610225518993180e-02, 5.455200000000000000e+04
1.063397927687650610e-02, 5.542800000000000000e+04
1.064185629856308213e-02, 5.261600000000000000e+04
1.064973332024965642e-02, 5.344600000000000000e+04
1.065761034193623245e-02, 4.931700000000000000e+04
1.066548736362280675e-02, 4.545200000000000000e+04
1.067336438530938278e-02, 4.293100000000000000e+04
1.068124140699595707e-02, 4.161900000000000000e+04
1.068911842868253310e-02, 3.721800000000000000e+04
1.069699545036910740e-02, 3.523800000000000000e+04
1.070487247205568343e-02, 3.089700000000000000e+04
1.071274949374225773e-02, 2.872100000000000000e+04
1.072062651542883376e-02, 2.362100000000000000e+04
1.072850353711540805e-02, 2.015700000000000000e+04
1.073638055880198408e-02, 1.827900000000000000e+04
1.074425758048855838e-02, 1.396300000000000000e+04
1.075213460217513441e-02, 1.459300000000000000e+04
1.076001162386170870e-02, 1.218100000000000000e+04
1.076788864554828473e-02, 1.072400000000000000e+04
1.077576566723485903e-02, 9.843000000000000000e+03
1.078364268892143506e-02, 9.311000000000000000e+03
1.079151971060801109e-02, 8.990000000000000000e+03
1.079939673229458538e-02, 1.161500000000000000e+04
1.080727375398116141e-02, 1.122900000000000000e+04
1.081515077566773571e-02, 1.362700000000000000e+04
1.082302779735431174e-02, 1.512300000000000000e+04
1.083090481904088603e-02, 1.579000000000000000e+04
1.083878184072746206e-02, 1.904600000000000000e+04
1.084665886241403636e-02, 2.284900000000000000e+04
1.085453588410061239e-02, 2.495800000000000000e+04
1.086241290578718668e-02, 2.965500000000000000e+04
1.087028992747376271e-02, 3.085500000000000000e+04
1.087816694916033701e-02, 3.731300000000000000e+04
1.088604397084691304e-02, 3.981000000000000000e+04
1.089392099253348734e-02, 4.301100000000000000e+04
1.090179801422006337e-02, 4.675200000000000000e+04
1.090967503590663766e-02, 4.755000000000000000e+04
1.091755205759321369e-02, 5.141000000000000000e+04
1.092542907927978799e-02, 5.036400000000000000e+04
1.093330610096636402e-02, 5.637000000000000000e+04
1.094118312265293831e-02, 5.730000000000000000e+04
1.094906014433951434e-02, 5.781800000000000000e+04
1.095693716602608864e-02, 5.429800000000000000e+04
1.096481418771266467e-02, 5.499000000000000000e+04
1.097269120939923896e-02, 5.585300000000000000e+04
1.098056823108581499e-02, 5.318700000000000000e+04
1.098844525277238929e-02, 5.096500000000000000e+04
1.099632227445896532e-02, 5.005600000000000000e+04
1.100419929614553961e-02, 4.539700000000000000e+04
1.101207631783211564e-02, 4.322200000000000000e+04
1.101995333951868994e-02, 4.211300000000000000e+04
1.102783036120526597e-02, 3.882800000000000000e+04
1.103570738289184200e-02, 3.379500000000000000e+04
1.104358440457841629e-02, 2.958200000000000000e+04
1.105146142626499232e-02, 2.746200000000000000e+04
1.105933844795156662e-02, 2.559500000000000000e+04
1.106721546963814265e-02, 2.128300000000000000e+04
1.107509249132471695e-02, 1.754300000000000000e+04
1.108296951301129298e-02, 1.546000000000000000e+04
1.109084653469786727e-02, 1.402500000000000000e+04
1.109872355638444330e-02, 1.168200000000000000e+04
1.110660057807101760e-02, 1.026700000000000000e+04
1.111447759975759363e-02, 9.412000000000000000e+03
1.112235462144416792e-02, 8.896000000000000000e+03
1.113023164313074395e-02, 8.583000000000000000e+03
1.113810866481731825e-02, 1.218500000000000000e+04
1.114598568650389428e-02, 1.083400000000000000e+04
1.115386270819046857e-02, 1.311800000000000000e+04
1.116173972987704460e-02, 1.449700000000000000e+04
1.116961675156361890e-02, 1.612900000000000000e+04
1.117749377325019493e-02, 1.921700000000000000e+04
1.118537079493676922e-02, 2.381100000000000000e+04
1.119324781662334525e-02, 2.484000000000000000e+04
1.120112483830991955e-02, 3.116400000000000000e+04
1.120900185999649558e-02, 3.217000000000000000e+04
1.121687888168306987e-02, 3.532300000000000000e+04
1.122475590336964590e-02, 4.083600000000000000e+04
1.123263292505622020e-02, 4.092900000000000000e+04
1.124050994674279623e-02, 4.756000000000000000e+04
1.124838696842937052e-02, 4.834500000000000000e+04
1.125626399011594655e-02, 5.204000000000000000e+04
1.126414101180252085e-02, 5.099200000000000000e+04
1.127201803348909688e-02, 5.674900000000000000e+04
1.127989505517567118e-02, 5.761200000000000000e+04
1.128777207686224721e-02, 5.511000000000000000e+04
1.129564909854882324e-02, 5.479200000000000000e+04
1.130352612023539753e-02, 5.546200000000000000e+04
1.131140314192197356e-02, 5.629100000000000000e+04
1.131928016360854786e-02, 5.375200000000000000e+04
1.132715718529512389e-02, 5.157300000000000000e+04
1.133503420698169818e-02, 5.063100000000000000e+04
1.134291122866827421e-02, 4.702500000000000000e+04
1.135078825035484851e-02, 4.467400000000000000e+04
1.135866527204142454e-02, 4.141700000000000000e+04
1.136654229372799883e-02, 3.818300000000000000e+04
1.137441931541457486e-02, 3.436100000000000000e+04
1.138229633710114916e-02, 3.030500000000000000e+04
1.139017335878772519e-02, 2.731100000000000000e+04
1.139805038047429948e-02, 2.561400000000000000e+04
1.140592740216087551e-02, 2.247400000000000000e+04
1.141380442384744981e-02, 1.683800000000000000e+04
1.142168144553402584e-02, 1.681000000000000000e+04
1.142955846722060013e-02, 1.341600000000000000e+04
1.143743548890717616e-02, 1.116600000000000000e+04
1.144531251059375046e-02, 9.807000000000000000e+03
1.145318953228032649e-02, 8.986000000000000000e+03
1.146106655396690079e-02, 8.539000000000000000e+03
1.146894357565347682e-02, 8.268000000000000000e+03
1.147682059734005111e-02, 1.167200000000000000e+04
1.148469761902662714e-02, 1.036400000000000000e+04
1.149257464071320144e-02, 1.253000000000000000e+04
1.150045166239977747e-02, 1.383900000000000000e+04
1.150832868408635176e-02, 1.841600000000000000e+04
1.151620570577292779e-02, 2.124300000000000000e+04
1.152408272745950209e-02, 2.342800000000000000e+04
1.153195974914607812e-02, 2.631700000000000000e+04
1.153983677083265415e-02, 2.948300000000000000e+04
1.154771379251922844e-02, 3.356300000000000000e+04
1.155559081420580447e-02, 3.662900000000000000e+04
1.156346783589237877e-02, 3.889800000000000000e+04
1.157134485757895480e-02, 4.203200000000000000e+04
1.157922187926552909e-02, 4.633800000000000000e+04
1.158709890095210512e-02, 4.903000000000000000e+04
1.159497592263867942e-02, 5.051900000000000000e+04
1.160285294432525545e-02, 5.155600000000000000e+04
1.161072996601182974e-02, 5.505800000000000000e+04
1.161860698769840577e-02, 5.590700000000000000e+04
1.162648400938498007e-02, 5.457500000000000000e+04
1.163436103107155610e-02, 5.527400000000000000e+04
1.164223805275813040e-02, 5.591800000000000000e+04
1.165011507444470643e-02, 5.564000000000000000e+04
1.165799209613128072e-02, 5.417000000000000000e+04
1.166586911781785675e-02, 5.209700000000000000e+04
1.167374613950443105e-02, 5.022200000000000000e+04
1.168162316119100708e-02, 4.783500000000000000e+04
1.168950018287758137e-02, 4.561000000000000000e+04
1.169737720456415740e-02, 4.051400000000000000e+04
1.170525422625073170e-02, 3.641100000000000000e+04
1.171313124793730773e-02, 3.497200000000000000e+04
1.172100826962388202e-02, 3.118300000000000000e+04
1.172888529131045805e-02, 2.928700000000000000e+04
1.173676231299703235e-02, 2.456000000000000000e+04
1.174463933468360838e-02, 2.151400000000000000e+04
1.175251635637018267e-02, 1.610800000000000000e+04
1.176039337805675870e-02, 1.606200000000000000e+04
1.176827039974333300e-02, 1.281400000000000000e+04
1.177614742142990903e-02, 1.070800000000000000e+04
1.178402444311648506e-02, 9.435000000000000000e+03
1.179190146480305935e-02, 8.667000000000000000e+03
1.179977848648963538e-02, 8.202000000000000000e+03
1.180765550817620968e-02, 7.922000000000000000e+03
1.181553252986278571e-02, 1.115400000000000000e+04
1.182340955154936001e-02, 9.898000000000000000e+03
1.183128657323593604e-02, 1.196000000000000000e+04
1.183916359492251033e-02, 1.325800000000000000e+04
1.184704061660908636e-02, 1.775300000000000000e+04
1.185491763829566066e-02, 2.064100000000000000e+04
1.186279465998223669e-02, 2.400800000000000000e+04
1.187067168166881098e-02, 2.790300000000000000e+04
1.187854870335538701e-02, 2.798700000000000000e+04
1.188642572504196131e-02, 3.292500000000000000e+04
1.189430274672853734e-02, 3.791400000000000000e+04
1.190217976841511163e-02, 3.899300000000000000e+04
1.191005679010168766e-02, 4.292800000000000000e+04
1.191793381178826196e-02, 4.506500000000000000e+04
1.192581083347483799e-02, 4.969600000000000000e+04
1.193368785516141228e-02, 4.915400000000000000e+04
1.194156487684798831e-02, 5.216600000000000000e+04
1.194944189853456261e-02, 5.352000000000000000e+04
1.195731892022113864e-02, 5.433800000000000000e+04
1.196519594190771293e-02, 5.501400000000000000e+04
1.197307296359428896e-02, 5.565200000000000000e+04
1.198094998528086326e-02, 5.625300000000000000e+04
1.198882700696743929e-02, 5.300700000000000000e+04
1.199670402865401359e-02, 5.465400000000000000e+04
1.200458105034058962e-02, 5.269300000000000000e+04
1.201245807202716391e-02, 4.789000000000000000e+04
1.202033509371373994e-02, 4.864300000000000000e+04
1.202821211540031424e-02, 4.571200000000000000e+04
1.203608913708689027e-02, 4.097800000000000000e+04
1.204396615877346630e-02, 3.509400000000000000e+04
1.205184318046004059e-02, 3.357800000000000000e+04
1.205972020214661662e-02, 2.987600000000000000e+04
1.206759722383319092e-02, 2.801600000000000000e+04
1.207547424551976695e-02, 2.347500000000000000e+04
1.208335126720634124e-02, 2.055100000000000000e+04
1.209122828889291727e-02, 1.818500000000000000e+04
1.209910531057949157e-02, 1.589400000000000000e+04
1.210698233226606760e-02, 1.261500000000000000e+04
1.211485935395264189e-02, 1.045100000000000000e+04
1.212273637563921792e-02, 9.143000000000000000e+03
1.213061339732579222e-02, 8.353000000000000000e+03
1.213849041901236825e-02, 7.876000000000000000e+03
1.214636744069894254e-02, 7.588000000000000000e+03
1.215424446238551857e-02, 1.071300000000000000e+04
1.216212148407209287e-02, 1.055700000000000000e+04
1.216999850575866890e-02, 1.257800000000000000e+04
1.217787552744524320e-02, 1.379900000000000000e+04
1.218575254913181923e-02, 1.701100000000000000e+04
1.219362957081839352e-02, 2.075900000000000000e+04
1.220150659250496955e-02, 2.492900000000000000e+04
1.220938361419154385e-02, 2.863300000000000000e+04
1.221726063587811988e-02, 2.760900000000000000e+04
1.222513765756469417e-02, 3.220000000000000000e+04
1.223301467925127020e-02, 3.894900000000000000e+04
1.224089170093784450e-02, 4.003300000000000000e+04
1.224876872262442053e-02, 4.385900000000000000e+04
1.225664574431099482e-02, 4.594200000000000000e+04
1.226452276599757085e-02, 5.038600000000000000e+04
1.227239978768414515e-02, 4.988500000000000000e+04
1.228027680937072118e-02, 5.276900000000000000e+04
1.228815383105729721e-02, 5.400600000000000000e+04
1.229603085274387150e-02, 5.475400000000000000e+04
1.230390787443044753e-02, 5.543900000000000000e+04
1.231178489611702183e-02, 5.607100000000000000e+04
1.231966191780359786e-02, 5.665900000000000000e+04
1.232753893949017215e-02, 5.357100000000000000e+04
1.233541596117674818e-02, 5.514800000000000000e+04
1.234329298286332248e-02, 5.025600000000000000e+04
1.235117000454989851e-02, 4.795200000000000000e+04
1.235904702623647280e-02, 4.684200000000000000e+04
1.236692404792304883e-02, 4.490400000000000000e+04
1.237480106960962313e-02, 4.026600000000000000e+04
1.238267809129619916e-02, 3.562000000000000000e+04
1.239055511298277346e-02, 3.412800000000000000e+04
1.239843213466934949e-02, 2.853900000000000000e+04
1.240630915635592378e-02, 2.674800000000000000e+04
1.241418617804249981e-02, 2.250600000000000000e+04
1.242206319972907411e-02, 1.976800000000000000e+04
1.242994022141565014e-02, 1.875600000000000000e+04
1.243781724310222443e-02, 1.480300000000000000e+04
1.244569426478880046e-02, 1.181800000000000000e+04
1.245357128647537476e-02, 9.838000000000000000e+03
1.246144830816195079e-02, 8.643000000000000000e+03
1.246932532984852508e-02, 7.920000000000000000e+03
1.247720235153510111e-02, 7.527000000000000000e+03
1.248507937322167541e-02, 7.289000000000000000e+03
1.249295639490825144e-02, 1.029000000000000000e+04
1.250083341659482573e-02, 1.313700000000000000e+04
1.250871043828140176e-02, 1.504800000000000000e+04
1.251658745996797606e-02, 1.620200000000000000e+04
1.252446448165455209e-02, 1.623600000000000000e+04
1.253234150334112638e-02, 2.283100000000000000e+04
1.254021852502770241e-02, 2.394100000000000000e+04
1.254809554671427844e-02, 2.761500000000000000e+04
1.255597256840085274e-02, 2.882400000000000000e+04
1.256384959008742877e-02, 3.341500000000000000e+04
1.257172661177400307e-02, 3.695600000000000000e+04
1.257960363346057910e-02, 4.109200000000000000e+04
1.258748065514715339e-02, 4.478800000000000000e+04
1.259535767683372942e-02, 4.680300000000000000e+04
1.260323469852030372e-02, 5.100900000000000000e+04
1.261111172020687975e-02, 5.046300000000000000e+04
1.261898874189345404e-02, 5.322000000000000000e+04
1.262686576358003007e-02, 5.445500000000000000e+04
1.263474278526660437e-02, 5.520100000000000000e+04
1.264261980695318040e-02, 5.587500000000000000e+04
1.265049682863975469e-02, 5.649000000000000000e+04
1.265837385032633072e-02, 5.705700000000000000e+04
1.266625087201290502e-02, 5.405900000000000000e+04
1.267412789369948105e-02, 5.451700000000000000e+04
1.268200491538605534e-02, 4.976500000000000000e+04
1.268988193707263137e-02, 4.924900000000000000e+04
1.269775895875920567e-02, 4.599800000000000000e+04
1.270563598044578170e-02, 4.300900000000000000e+04
1.271351300213235599e-02, 3.851500000000000000e+04
1.272139002381893202e-02, 3.706500000000000000e+04
1.272926704550550632e-02, 3.471100000000000000e+04
1.273714406719208235e-02, 2.741700000000000000e+04
1.274502108887865665e-02, 2.577600000000000000e+04
1.275289811056523268e-02, 2.162600000000000000e+04
1.276077513225180697e-02, 1.895100000000000000e+04
1.276865215393838300e-02, 1.794800000000000000e+04
1.277652917562495730e-02, 1.415500000000000000e+04
1.278440619731153333e-02, 1.129300000000000000e+04
1.279228321899810936e-02, 9.397000000000000000e+03
1.280016024068468365e-02, 8.292000000000000000e+03
1.280803726237125968e-02, 7.625000000000000000e+03
1.281591428405783398e-02, 7.222000000000000000e+03
1.282379130574441001e-02, 1.000200000000000000e+04
1.283166832743098430e-02, 9.831000000000000000e+03
1.283954534911756033e-02, 1.254100000000000000e+04
1.284742237080413463e-02, 1.435900000000000000e+04
1.285529939249071066e-02, 1.551800000000000000e+04
1.286317641417728495e-02, 1.765500000000000000e+04
1.287105343586386098e-02, 2.205700000000000000e+04
1.287893045755043528e-02, 2.300500000000000000e+04
1.288680747923701131e-02, 2.644200000000000000e+04
1.289468450092358560e-02, 3.057900000000000000e+04
1.290256152261016163e-02, 3.493400000000000000e+04
1.291043854429673593e-02, 3.730500000000000000e+04
1.291831556598331196e-02, 4.120900000000000000e+04
1.292619258766988626e-02, 4.463900000000000000e+04
1.293406960935646229e-02, 4.752400000000000000e+04
1.294194663104303658e-02, 5.056900000000000000e+04
1.294982365272961261e-02, 5.110600000000000000e+04
1.295770067441618691e-02, 5.375700000000000000e+04
1.296557769610276294e-02, 5.494800000000000000e+04
1.297345471778933723e-02, 5.566700000000000000e+04
1.298133173947591326e-02, 5.631300000000000000e+04
1.298920876116248756e-02, 5.685400000000000000e+04
1.299708578284906359e-02, 5.737100000000000000e+04
1.300496280453563788e-02, 5.450200000000000000e+04
1.301283982622221391e-02, 5.194900000000000000e+04
1.302071684790878821e-02, 5.046100000000000000e+04
1.302859386959536424e-02, 4.998100000000000000e+04
1.303647089128193853e-02, 4.688800000000000000e+04
1.304434791296851456e-02, 4.101800000000000000e+04
1.305222493465509059e-02, 3.692300000000000000e+04
1.306010195634166489e-02, 3.770700000000000000e+04
1.306797897802824092e-02, 3.337500000000000000e+04
1.307585599971481521e-02, 2.933700000000000000e+04
1.308373302140139124e-02, 2.468300000000000000e+04
1.309161004308796554e-02, 2.371100000000000000e+04
1.309948706477454157e-02, 1.811200000000000000e+04
1.310736408646111587e-02, 1.714100000000000000e+04
1.311524110814769190e-02, 1.356500000000000000e+04
1.312311812983426619e-02, 1.288400000000000000e+04
1.313099515152084222e-02, 1.108300000000000000e+04
1.313887217320741652e-02, 9.994000000000000000e+03
1.314674919489399255e-02, 9.337000000000000000e+03
1.315462621658056684e-02, 8.940000000000000000e+03
1.316250323826714287e-02, 1.054500000000000000e+04
1.317038025995371717e-02, 9.384000000000000000e+03
1.317825728164029320e-02, 1.206600000000000000e+04
1.318613430332686749e-02, 1.386200000000000000e+04
1.319401132501344352e-02, 1.494700000000000000e+04
1.320188834670001782e-02, 1.892800000000000000e+04
1.320976536838659385e-02, 2.109200000000000000e+04
1.321764239007316814e-02, 2.299900000000000000e+04
1.322551941175974417e-02, 2.626600000000000000e+04
1.323339643344631847e-02, 3.220400000000000000e+04
1.324127345513289450e-02, 3.555100000000000000e+04
1.324915047681946879e-02, 3.798000000000000000e+04
1.325702749850604482e-02, 3.883400000000000000e+04
1.326490452019261912e-02, 4.229300000000000000e+04
1.327278154187919515e-02, 4.818200000000000000e+04
1.328065856356576944e-02, 4.813100000000000000e+04
1.328853558525234548e-02, 5.170900000000000000e+04
1.329641260693892151e-02, 5.426200000000000000e+04
1.330428962862549580e-02, 5.536100000000000000e+04
1.331216665031207183e-02, 5.602400000000000000e+04
1.332004367199864613e-02, 5.663000000000000000e+04
1.332792069368522216e-02, 5.718900000000000000e+04
1.333579771537179645e-02, 5.468400000000000000e+04
1.334367473705837248e-02, 5.498700000000000000e+04
1.335155175874494678e-02, 5.256100000000000000e+04
1.335942878043152281e-02, 5.114800000000000000e+04
1.336730580211809710e-02, 4.860800000000000000e+04
1.337518282380467313e-02, 4.554100000000000000e+04
1.338305984549124743e-02, 4.184200000000000000e+04
1.339093686717782346e-02, 3.766600000000000000e+04
1.339881388886439775e-02, 3.721000000000000000e+04
1.340669091055097378e-02, 3.198600000000000000e+04
1.341456793223754808e-02, 2.906700000000000000e+04
1.342244495392412411e-02, 2.563100000000000000e+04
1.343032197561069840e-02, 2.370400000000000000e+04
1.343819899729727443e-02, 1.840600000000000000e+04
1.344607601898384873e-02, 1.650700000000000000e+04
1.345395304067042476e-02, 1.405800000000000000e+04
1.346183006235699905e-02, 1.434700000000000000e+04
1.346970708404357508e-02, 1.260600000000000000e+04
1.347758410573014938e-02, 1.155400000000000000e+04
1.348546112741672541e-02, 1.091900000000000000e+04
1.349333814910329971e-02, 1.059800000000000000e+04
1.350121517078987574e-02, 1.015900000000000000e+04
1.350909219247645003e-02, 9.058000000000000000e+03
1.351696921416302606e-02, 1.157400000000000000e+04
1.352484623584960036e-02, 1.326100000000000000e+04
1.353272325753617639e-02, 1.428100000000000000e+04
1.354060027922275242e-02, 1.806900000000000000e+04
1.354847730090932671e-02, 2.012700000000000000e+04
1.355635432259590274e-02, 2.399000000000000000e+04
1.356423134428247704e-02, 2.728500000000000000e+04
1.357210836596905307e-02, 3.311800000000000000e+04
1.357998538765562736e-02, 3.416200000000000000e+04
1.358786240934220339e-02, 3.940300000000000000e+04
1.359573943102877769e-02, 4.015700000000000000e+04
1.360361645271535372e-02, 4.342100000000000000e+04
1.361149347440192801e-02, 4.901600000000000000e+04
1.361937049608850404e-02, 4.895400000000000000e+04
1.362724751777507834e-02, 5.230900000000000000e+04
1.363512453946165437e-02, 5.471600000000000000e+04
1.364300156114822866e-02, 5.579000000000000000e+04
1.365087858283480469e-02, 5.643800000000000000e+04
1.365875560452137899e-02, 5.702600000000000000e+04
1.366663262620795502e-02, 5.756600000000000000e+04
1.367450964789452932e-02, 5.418700000000000000e+04
1.368238666958110535e-02, 5.547000000000000000e+04
1.369026369126767964e-02, 5.240900000000000000e+04
1.369814071295425567e-02, 5.125900000000000000e+04
1.370601773464082997e-02, 4.701300000000000000e+04
1.371389475632740600e-02, 4.423600000000000000e+04
1.372177177801398029e-02, 4.279900000000000000e+04
1.372964879970055632e-02, 3.886900000000000000e+04
1.373752582138713062e-02, 3.646600000000000000e+04
1.374540284307370665e-02, 3.150400000000000000e+04
1.375327986476028094e-02, 2.781500000000000000e+04
1.376115688644685697e-02, 2.665700000000000000e+04
1.376903390813343127e-02, 2.278100000000000000e+04
1.377691092982000730e-02, 2.068400000000000000e+04
1.378478795150658159e-02, 1.580800000000000000e+04
1.379266497319315762e-02, 1.647100000000000000e+04
1.380054199487973365e-02, 1.370800000000000000e+04
1.380841901656630795e-02, 1.203800000000000000e+04
1.381629603825288398e-02, 1.108900000000000000e+04
1.382417305993945827e-02, 1.051600000000000000e+04
1.383205008162603430e-02, 1.016900000000000000e+04
1.383992710331260860e-02, 9.727000000000000000e+03
1.384780412499918463e-02, 1.168600000000000000e+04
1.385568114668575893e-02, 1.105300000000000000e+04
1.386355816837233496e-02, 1.265700000000000000e+04
1.387143519005890925e-02, 1.665100000000000000e+04
1.387931221174548528e-02, 1.937400000000000000e+04
1.388718923343205958e-02, 2.143500000000000000e+04
1.389506625511863561e-02, 2.616400000000000000e+04
1.390294327680520990e-02, 2.920500000000000000e+04
1.391082029849178593e-02, 3.267600000000000000e+04
1.391869732017836023e-02, 3.467400000000000000e+04
1.392657434186493626e-02, 3.861100000000000000e+04
1.393445136355151055e-02, 4.134900000000000000e+04
1.394232838523808658e-02, 4.439600000000000000e+04
1.395020540692466088e-02, 4.970300000000000000e+04
1.395808242861123691e-02, 4.957400000000000000e+04
1.396595945029781120e-02, 5.283100000000000000e+04
1.397383647198438723e-02, 5.516200000000000000e+04
1.398171349367096153e-02, 5.620700000000000000e+04
1.398959051535753756e-02, 5.683900000000000000e+04
1.399746753704411185e-02, 5.740700000000000000e+04
1.400534455873068788e-02, 5.792600000000000000e+04
1.401322158041726218e-02, 5.460800000000000000e+04
1.402109860210383821e-02, 5.582400000000000000e+04
1.402897562379041251e-02, 5.356700000000000000e+04
1.403685264547698854e-02, 5.225100000000000000e+04
1.404472966716356457e-02, 4.806900000000000000e+04
1.405260668885013886e-02, 4.534100000000000000e+04
1.406048371053671489e-02, 4.392100000000000000e+04
1.406836073222328919e-02, 3.922700000000000000e+04
1.407623775390986522e-02, 3.708400000000000000e+04
1.408411477559643951e-02, 3.238800000000000000e+04
1.409199179728301554e-02, 2.674500000000000000e+04
1.409986881896958984e-02, 2.555600000000000000e+04
1.410774584065616587e-02, 2.180800000000000000e+04
1.411562286234274016e-02, 1.977700000000000000e+04
1.412349988402931619e-02, 1.510700000000000000e+04
1.413137690571589049e-02, 1.672100000000000000e+04
1.413925392740246652e-02, 1.374200000000000000e+04
1.414713094908904081e-02, 1.194200000000000000e+04
1.415500797077561684e-02, 1.085500000000000000e+04
1.416288499246219114e-02, 1.019800000000000000e+04
1.417076201414876717e-02, 9.801000000000000000e+03
1.417863903583534146e-02, 9.340000000000000000e+03
1.418651605752191749e-02, 1.217600000000000000e+04
1.419439307920849179e-02, 1.158900000000000000e+04
1.420227010089506782e-02, 1.320100000000000000e+04
1.421014712258164212e-02, 1.709000000000000000e+04
1.421802414426821815e-02, 2.061000000000000000e+04
1.422590116595479244e-02, 2.252400000000000000e+04
1.423377818764136847e-02, 2.700500000000000000e+04
1.424165520932794277e-02, 2.988700000000000000e+04
1.424953223101451880e-02, 3.118500000000000000e+04
1.425740925270109309e-02, 3.610900000000000000e+04
1.426528627438766912e-02, 3.770300000000000000e+04
1.427316329607424342e-02, 4.227400000000000000e+04
1.428104031776081945e-02, 4.521300000000000000e+04
1.428891733944739374e-02, 5.033800000000000000e+04
1.429679436113396977e-02, 5.025300000000000000e+04
1.430467138282054580e-02, 5.338300000000000000e+04
1.431254840450712010e-02, 5.561900000000000000e+04
1.432042542619369613e-02, 5.662500000000000000e+04
1.432830244788027042e-02, 5.718600000000000000e+04
1.433617946956684645e-02, 5.770600000000000000e+04
1.434405649125342075e-02, 5.516600000000000000e+04
1.435193351293999678e-02, 5.505900000000000000e+04
1.435981053462657107e-02, 5.321600000000000000e+04
1.436768755631314710e-02, 5.410000000000000000e+04
1.437556457799972140e-02, 4.982800000000000000e+04
1.438344159968629743e-02, 4.584400000000000000e+04
1.439131862137287172e-02, 4.349100000000000000e+04
1.439919564305944776e-02, 4.229100000000000000e+04
1.440707266474602205e-02, 3.873700000000000000e+04
1.441494968643259808e-02, 3.656400000000000000e+04
1.442282670811917238e-02, 3.200500000000000000e+04
1.443070372980574841e-02, 2.761500000000000000e+04
1.443858075149232270e-02, 2.442000000000000000e+04
1.444645777317889873e-02, 2.082800000000000000e+04
1.445433479486547303e-02, 1.962800000000000000e+04
1.446221181655204906e-02, 1.492000000000000000e+04
1.447008883823862335e-02, 1.541000000000000000e+04
1.447796585992519938e-02, 1.278200000000000000e+04
1.448584288161177368e-02, 1.119500000000000000e+04
1.449371990329834971e-02, 1.023500000000000000e+04
1.450159692498492400e-02, 9.656000000000000000e+03
1.450947394667150003e-02, 9.306000000000000000e+03
1.451735096835807433e-02, 8.934000000000000000e+03
1.452522799004465036e-02, 1.172900000000000000e+04
1.453310501173122465e-02, 1.419700000000000000e+04
1.454098203341780068e-02, 1.568800000000000000e+04
1.454885905510437671e-02, 1.634400000000000000e+04
1.455673607679095101e-02, 1.968500000000000000e+04
1.456461309847752704e-02, 2.150100000000000000e+04
1.457249012016410133e-02, 2.576800000000000000e+04
1.458036714185067736e-02, 2.862900000000000000e+04
1.458824416353725166e-02, 3.001800000000000000e+04
1.459612118522382769e-02, 3.690000000000000000e+04
1.460399820691040199e-02, 3.864500000000000000e+04
1.461187522859697802e-02, 4.314000000000000000e+04
1.461975225028355231e-02, 4.602600000000000000e+04
1.462762927197012834e-02, 4.794000000000000000e+04
1.463550629365670264e-02, 5.091200000000000000e+04
1.464338331534327867e-02, 5.188400000000000000e+04
1.465126033702985296e-02, 5.602100000000000000e+04
1.465913735871642899e-02, 5.695800000000000000e+04
1.466701438040300329e-02, 5.752400000000000000e+04
1.467489140208957932e-02, 5.600700000000000000e+04
1.468276842377615361e-02, 5.463500000000000000e+04
1.469064544546272964e-02, 5.553300000000000000e+04
1.469852246714930394e-02, 5.278600000000000000e+04
1.470639948883587997e-02, 5.360000000000000000e+04
1.471427651052245426e-02, 4.941000000000000000e+04
1.472215353220903029e-02, 4.550800000000000000e+04
1.473003055389560459e-02, 4.296400000000000000e+04
1.473790757558218062e-02, 4.164000000000000000e+04
1.474578459726875491e-02, 3.814000000000000000e+04
1.475366161895533094e-02, 3.497700000000000000e+04
1.476153864064190524e-02, 3.058900000000000000e+04
1.476941566232848127e-02, 2.844000000000000000e+04
1.477729268401505557e-02, 2.345100000000000000e+04
1.478516970570163160e-02, 2.005400000000000000e+04
1.479304672738820763e-02, 1.821700000000000000e+04
1.480092374907478192e-02, 1.392600000000000000e+04
1.480880077076135795e-02, 1.451500000000000000e+04
1.481667779244793225e-02, 1.208100000000000000e+04
1.482455481413450828e-02, 1.061100000000000000e+04
1.483243183582108257e-02, 9.722000000000000000e+03
1.484030885750765860e-02, 9.238000000000000000e+03
1.484818587919423290e-02, 8.946000000000000000e+03
1.485606290088080893e-02, 1.158800000000000000e+04
1.486393992256738322e-02, 1.121300000000000000e+04
1.487181694425395925e-02, 1.355700000000000000e+04
1.487969396594053355e-02, 1.497300000000000000e+04
1.488757098762710958e-02, 1.559500000000000000e+04
1.489544800931368387e-02, 1.878000000000000000e+04
1.490332503100025990e-02, 2.332600000000000000e+04
1.491120205268683420e-02, 2.524700000000000000e+04
1.491907907437341023e-02, 2.982900000000000000e+04
1.492695609605998452e-02, 3.096100000000000000e+04
1.493483311774656055e-02, 3.636800000000000000e+04
1.494271013943313485e-02, 3.999400000000000000e+04
1.495058716111971088e-02, 4.220700000000000000e+04
1.495846418280628518e-02, 4.696600000000000000e+04
1.496634120449286121e-02, 4.703100000000000000e+04
1.497421822617943550e-02, 5.109600000000000000e+04
1.498209524786601153e-02, 5.017500000000000000e+04
1.498997226955258583e-02, 5.625600000000000000e+04
1.499784929123916186e-02, 5.723100000000000000e+04
1.500572631292573615e-02, 5.679500000000000000e+04
1.501360333461231218e-02, 5.440200000000000000e+04
1.502148035629888648e-02, 5.511100000000000000e+04
1.502935737798546251e-02, 5.592600000000000000e+04
1.503723439967203680e-02, 5.323200000000000000e+04
1.504511142135861283e-02, 5.099200000000000000e+04
1.505298844304518886e-02, 5.007200000000000000e+04
1.506086546473176316e-02, 4.638300000000000000e+04
1.506874248641833919e-02, 4.397600000000000000e+04
1.507661950810491348e-02, 4.272400000000000000e+04
1.508449652979148951e-02, 3.939400000000000000e+04
1.509237355147806381e-02, 3.350800000000000000e+04
1.510025057316463984e-02, 2.940900000000000000e+04
1.510812759485121413e-02, 2.735800000000000000e+04
1.511600461653779016e-02, 2.553200000000000000e+04
1.512388163822436446e-02, 2.223700000000000000e+04
1.513175865991094049e-02, 1.742700000000000000e+04
1.513963568159751479e-02, 1.633800000000000000e+04
1.514751270328409082e-02, 1.386400000000000000e+04
1.515538972497066511e-02, 1.158500000000000000e+04
1.516326674665724114e-02, 1.020800000000000000e+04
1.517114376834381544e-02, 9.377000000000000000e+03
1.517902079003039147e-02, 8.874000000000000000e+03
1.518689781171696576e-02, 8.571000000000000000e+03
1.519477483340354179e-02, 1.206800000000000000e+04
1.520265185509011609e-02, 1.070900000000000000e+04
1.521052887677669212e-02, 1.293900000000000000e+04
1.521840589846326641e-02, 1.434500000000000000e+04
1.522628292014984244e-02, 1.603700000000000000e+04
1.523415994183641674e-02, 1.916100000000000000e+04
1.524203696352299277e-02, 2.377700000000000000e+04
1.524991398520956706e-02, 2.482000000000000000e+04
1.525779100689614309e-02, 3.028000000000000000e+04
1.526566802858271739e-02, 3.245200000000000000e+04
1.527354505026929342e-02, 3.565100000000000000e+04
1.528142207195586771e-02, 4.107900000000000000e+04
1.528929909364244374e-02, 4.107600000000000000e+04
1.529717611532901977e-02, 4.764900000000000000e+04
1.530505313701559407e-02, 4.839800000000000000e+04
1.531293015870217010e-02, 5.207300000000000000e+04
1.532080718038874440e-02, 5.107100000000000000e+04
1.532868420207532043e-02, 5.679700000000000000e+04
1.533656122376189472e-02, 5.768200000000000000e+04
1.534443824544847075e-02, 5.519300000000000000e+04
1.535231526713504505e-02, 5.484200000000000000e+04
1.536019228882162108e-02, 5.549200000000000000e+04
1.536806931050819537e-02, 5.630900000000000000e+04
1.537594633219477140e-02, 5.376300000000000000e+04
1.538382335388134570e-02, 5.164100000000000000e+04
1.539170037556792173e-02, 5.077300000000000000e+04
1.539957739725449602e-02, 4.725900000000000000e+04
1.540745441894107205e-02, 4.496600000000000000e+04
1.541533144062764635e-02, 4.159400000000000000e+04
1.542320846231422238e-02, 3.829000000000000000e+04
1.543108548400079667e-02, 3.442500000000000000e+04
1.543896250568737270e-02, 3.034400000000000000e+04
1.544683952737394700e-02, 2.828500000000000000e+04
1.545471654906052303e-02, 2.544100000000000000e+04
1.546259357074709732e-02, 2.226000000000000000e+04
1.547047059243367335e-02, 1.665800000000000000e+04
1.547834761412024765e-02, 1.670100000000000000e+04
1.548622463580682368e-02, 1.335000000000000000e+04
1.549410165749339797e-02, 1.112700000000000000e+04
1.550197867917997400e-02, 9.783000000000000000e+03
1.550985570086654830e-02, 8.972000000000000000e+03
1.551773272255312433e-02, 8.481000000000000000e+03
1.552560974423969863e-02, 8.185000000000000000e+03
1.553348676592627466e-02, 1.151700000000000000e+04
1.554136378761284895e-02, 1.027000000000000000e+04
1.554924080929942498e-02, 1.247400000000000000e+04
1.555711783098600101e-02, 1.380500000000000000e+04
1.556499485267257531e-02, 1.839500000000000000e+04
1.557287187435915134e-02, 2.134600000000000000e+04
1.558074889604572563e-02, 2.270700000000000000e+04
1.558862591773230166e-02, 2.671500000000000000e+04
1.559650293941887596e-02, 2.889300000000000000e+04
1.560437996110545199e-02, 3.320700000000000000e+04
1.561225698279202628e-02, 3.641400000000000000e+04
1.562013400447860231e-02, 3.876800000000000000e+04
1.562801102616517834e-02, 4.195300000000000000e+04
1.563588804785175090e-02, 4.529800000000000000e+04
1.564376506953832693e-02, 4.909800000000000000e+04
1.565164209122490296e-02, 4.961400000000000000e+04
1.565951911291147899e-02, 5.170500000000000000e+04
1.566739613459805155e-02, 5.514800000000000000e+04
1.567527315628462758e-02, 5.596100000000000000e+04
1.568315017797120361e-02, 5.460800000000000000e+04
1.569102719965777964e-02, 5.529400000000000000e+04
1.569890422134435221e-02, 5.593000000000000000e+04
1.570678124303092824e-02, 5.468700000000000000e+04
1.571465826471750427e-02, 5.429700000000000000e+04
1.572253528640408030e-02, 5.227600000000000000e+04
1.573041230809065286e-02, 4.968200000000000000e+04
1.573828932977722889e-02, 4.750900000000000000e+04
1.574616635146380492e-02, 4.541300000000000000e+04
1.575404337315038095e-02, 4.039500000000000000e+04
1.576192039483695351e-02, 3.633900000000000000e+04
1.576979741652352954e-02, 3.472600000000000000e+04
1.577767443821010557e-02, 3.087700000000000000e+04
1.578555145989668160e-02, 2.893900000000000000e+04
1.579342848158325416e-02, 2.435000000000000000e+04
1.580130550326983019e-02, 2.138800000000000000e+04
1.580918252495640622e-02, 1.603100000000000000e+04
1.581705954664298225e-02, 1.601600000000000000e+04
1.582493656832955828e-02, 1.278600000000000000e+04
1.583281359001613084e-02, 1.064400000000000000e+04
1.584069061170270687e-02, 9.351000000000000000e+03
1.584856763338928290e-02, 8.569000000000000000e+03
1.585644465507585893e-02, 8.097000000000000000e+03
1.586432167676243149e-02, 7.858000000000000000e+03
1.587219869844900752e-02, 1.111600000000000000e+04
1.588007572013558355e-02, 9.875000000000000000e+03
1.588795274182215958e-02, 1.194600000000000000e+04
1.589582976350873214e-02, 1.319700000000000000e+04
1.590370678519530817e-02, 1.756300000000000000e+04
1.591158380688188420e-02, 2.037200000000000000e+04
1.591946082856846023e-02, 2.375400000000000000e+04
1.592733785025503279e-02, 2.774900000000000000e+04
1.593521487194160882e-02, 2.789400000000000000e+04
1.594309189362818485e-02, 3.286900000000000000e+04
1.595096891531476088e-02, 3.788000000000000000e+04
1.595884593700133344e-02, 3.908500000000000000e+04
1.596672295868790947e-02, 4.308600000000000000e+04
1.597459998037448550e-02, 4.526700000000000000e+04
1.598247700206106153e-02, 4.987300000000000000e+04
1.599035402374763409e-02, 4.926000000000000000e+04
1.599823104543421012e-02, 5.223100000000000000e+04
1.600610806712078615e-02, 5.355900000000000000e+04
1.601398508880736218e-02, 5.436200000000000000e+04
1.602186211049393474e-02, 5.508700000000000000e+04
1.602973913218051077e-02, 5.575100000000000000e+04
1.603761615386708680e-02, 5.636400000000000000e+04
1.604549317555366283e-02, 5.312000000000000000e+04
1.605337019724023886e-02, 5.472300000000000000e+04
1.606124721892681143e-02, 5.273400000000000000e+04
1.606912424061338746e-02, 4.791400000000000000e+04
1.607700126229996349e-02, 4.865800000000000000e+04
1.608487828398653952e-02, 4.653300000000000000e+04
1.609275530567311208e-02, 4.167100000000000000e+04
1.610063232735968811e-02, 3.473200000000000000e+04
1.610850934904626414e-02, 3.414300000000000000e+04
1.611638637073284017e-02, 3.021800000000000000e+04
1.612426339241941273e-02, 2.822200000000000000e+04
1.613214041410598876e-02, 2.360000000000000000e+04
1.614001743579256479e-02, 2.062600000000000000e+04
1.614789445747914082e-02, 1.845200000000000000e+04
1.615577147916571338e-02, 1.535900000000000000e+04
1.616364850085228941e-02, 1.224500000000000000e+04
1.617152552253886544e-02, 1.018300000000000000e+04
1.617940254422544147e-02, 8.982000000000000000e+03
1.618727956591201403e-02, 8.256000000000000000e+03
1.619515658759859006e-02, 7.817000000000000000e+03
1.620303360928516609e-02, 7.552000000000000000e+03
1.621091063097174212e-02, 1.063700000000000000e+04
1.621878765265831468e-02, 1.147200000000000000e+04
1.622666467434489071e-02, 1.343900000000000000e+04
1.623454169603146674e-02, 1.361900000000000000e+04
1.624241871771804277e-02, 1.690300000000000000e+04
1.625029573940461533e-02, 2.069400000000000000e+04
1.625817276109119136e-02, 2.488900000000000000e+04
1.626604978277776739e-02, 2.860900000000000000e+04
1.627392680446434342e-02, 2.771600000000000000e+04
1.628180382615091598e-02, 3.242700000000000000e+04
1.628968084783749201e-02, 3.816300000000000000e+04
1.629755786952406804e-02, 4.032400000000000000e+04
1.630543489121064407e-02, 4.403500000000000000e+04
1.631331191289722010e-02, 4.604800000000000000e+04
1.632118893458379266e-02, 5.045100000000000000e+04
1.632906595627036869e-02, 4.992400000000000000e+04
1.633694297795694472e-02, 5.279200000000000000e+04
1.634481999964352075e-02, 5.408000000000000000e+04
1.635269702133009331e-02, 5.485800000000000000e+04
1.636057404301666934e-02, 5.555800000000000000e+04
1.636845106470324537e-02, 5.614300000000000000e+04
1.637632808638982140e-02, 5.670200000000000000e+04
1.638420510807639396e-02, 5.359800000000000000e+04
1.639208212976296999e-02, 5.516400000000000000e+04
1.639995915144954602e-02, 5.026600000000000000e+04
1.640783617313612205e-02, 4.870700000000000000e+04
1.641571319482269461e-02, 4.640000000000000000e+04
1.642359021650927065e-02, 4.437800000000000000e+04
1.643146723819584668e-02, 4.062800000000000000e+04
1.643934425988242271e-02, 3.583800000000000000e+04
1.644722128156899527e-02, 3.426100000000000000e+04
1.645509830325557130e-02, 2.861900000000000000e+04
1.646297532494214733e-02, 2.679600000000000000e+04
1.647085234662872336e-02, 2.243600000000000000e+04
1.647872936831529592e-02, 1.962900000000000000e+04
1.648660639000187195e-02, 1.856500000000000000e+04
1.649448341168844798e-02, 1.468800000000000000e+04
1.650236043337502401e-02, 1.174800000000000000e+04
1.651023745506159657e-02, 9.796000000000000000e+03
1.651811447674817260e-02, 8.617000000000000000e+03
1.652599149843474863e-02, 7.905000000000000000e+03
1.653386852012132466e-02, 7.475000000000000000e+03
1.654174554180789722e-02, 8.239000000000000000e+03
1.654962256349447325e-02, 1.015300000000000000e+04
1.655749958518104928e-02, 1.300900000000000000e+04
1.656537660686762531e-02, 1.497000000000000000e+04
1.657325362855420134e-02, 1.615500000000000000e+04
1.658113065024077390e-02, 1.620700000000000000e+04
1.658900767192734993e-02, 2.281400000000000000e+04
1.659688469361392596e-02, 2.377200000000000000e+04
1.660476171530050199e-02, 2.730700000000000000e+04
1.661263873698707455e-02, 2.947200000000000000e+04
1.662051575867365058e-02, 3.390200000000000000e+04
1.662839278036022661e-02, 3.725100000000000000e+04
1.663626980204680264e-02, 4.126900000000000000e+04
1.664414682373337520e-02, 4.489600000000000000e+04
1.665202384541995123e-02, 4.686800000000000000e+04
1.665990086710652726e-02, 5.109900000000000000e+04
1.666777788879310329e-02, 5.061500000000000000e+04
1.667565491047967585e-02, 5.336300000000000000e+04
1.668353193216625188e-02, 5.454100000000000000e+04
1.669140895385282791e-02, 5.525300000000000000e+04
1.669928597553940394e-02, 5.590600000000000000e+04
1.670716299722597650e-02, 5.650900000000000000e+04
1.671504001891255253e-02, 5.706900000000000000e+04
1.672291704059912856e-02, 5.412400000000000000e+04
1.673079406228570459e-02, 5.359600000000000000e+04
1.673867108397227715e-02, 4.996900000000000000e+04
1.674654810565885318e-02, 4.942000000000000000e+04
1.675442512734542921e-02, 4.610100000000000000e+04
1.676230214903200524e-02, 4.307200000000000000e+04
1.677017917071857780e-02, 3.855300000000000000e+04
1.677805619240515383e-02, 3.708700000000000000e+04
1.678593321409172986e-02, 3.460700000000000000e+04
1.679381023577830589e-02, 2.827800000000000000e+04
1.680168725746488192e-02, 2.553300000000000000e+04
1.680956427915145449e-02, 2.138500000000000000e+04
1.681744130083803052e-02, 1.880600000000000000e+04
1.682531832252460655e-02, 1.786000000000000000e+04
1.683319534421118258e-02, 1.410200000000000000e+04
1.684107236589775514e-02, 1.126100000000000000e+04
1.684894938758433117e-02, 9.378000000000000000e+03
1.685682640927090720e-02, 8.240000000000000000e+03
1.686470343095748323e-02, 7.552000000000000000e+03
1.687258045264405579e-02, 7.137000000000000000e+03
1.688045747433063182e-02, 9.951000000000000000e+03
1.688833449601720785e-02, 9.800000000000000000e+03
1.689621151770378388e-02, 1.252200000000000000e+04
1.690408853939035644e-02, 1.434800000000000000e+04
1.691196556107693247e-02, 1.545100000000000000e+04
1.691984258276350850e-02, 1.850900000000000000e+04
1.692771960445008453e-02, 2.177600000000000000e+04
1.693559662613665709e-02, 2.268400000000000000e+04
1.694347364782323312e-02, 2.688700000000000000e+04
1.695135066950980915e-02, 3.084800000000000000e+04
1.695922769119638518e-02, 3.509600000000000000e+04
1.696710471288295774e-02, 3.740300000000000000e+04
1.697498173456953377e-02, 4.026000000000000000e+04
1.698285875625610980e-02, 4.375800000000000000e+04
1.699073577794268583e-02, 4.769400000000000000e+04
1.699861279962925839e-02, 4.971100000000000000e+04
1.700648982131583442e-02, 5.123700000000000000e+04
1.701436684300241045e-02, 5.383600000000000000e+04
1.702224386468898648e-02, 5.499500000000000000e+04
1.703012088637555904e-02, 5.569600000000000000e+04
1.703799790806213507e-02, 5.633100000000000000e+04
1.704587492974871110e-02, 5.691300000000000000e+04
1.705375195143528713e-02, 5.642800000000000000e+04
1.706162897312186316e-02, 5.464600000000000000e+04
1.706950599480843572e-02, 5.133400000000000000e+04
1.707738301649501175e-02, 5.009000000000000000e+04
1.708526003818158778e-02, 4.975700000000000000e+04
1.709313705986816381e-02, 4.675200000000000000e+04
1.710101408155473637e-02, 4.093600000000000000e+04
1.710889110324131240e-02, 3.668400000000000000e+04
1.711676812492788843e-02, 3.834600000000000000e+04
1.712464514661446446e-02, 3.297700000000000000e+04
1.713252216830103702e-02, 2.905300000000000000e+04
1.714039918998761305e-02, 2.451200000000000000e+04
1.714827621167418908e-02, 2.360700000000000000e+04
1.715615323336076511e-02, 1.805000000000000000e+04
1.716403025504733768e-02, 1.710300000000000000e+04
1.717190727673391371e-02, 1.349200000000000000e+04
1.717978429842048974e-02, 1.379000000000000000e+04
1.718766132010706577e-02, 1.198400000000000000e+04
1.719553834179363833e-02, 9.901000000000000000e+03
1.720341536348021436e-02, 9.280000000000000000e+03
1.721129238516679039e-02, 8.905000000000000000e+03
1.721916940685336642e-02, 1.052400000000000000e+04
1.722704642853993898e-02, 9.371000000000000000e+03
1.723492345022651501e-02, 1.195900000000000000e+04
1.724280047191309104e-02, 1.369400000000000000e+04
1.725067749359966707e-02, 1.474300000000000000e+04
1.725855451528623963e-02, 1.954600000000000000e+04
1.726643153697281566e-02, 2.146600000000000000e+04
1.727430855865939169e-02, 2.322500000000000000e+04
1.728218558034596772e-02, 2.640200000000000000e+04
1.729006260203254028e-02, 3.228700000000000000e+04
1.729793962371911631e-02, 3.537900000000000000e+04
1.730581664540569234e-02, 3.864200000000000000e+04
1.731369366709226837e-02, 3.939100000000000000e+04
1.732157068877884440e-02, 4.267800000000000000e+04
