0.000000000000000000e+00, 4.359700000000000000e+04
4.963066223627021164e-06, 4.251200000000000000e+04
9.926132447254042328e-06, 4.204000000000000000e+04
1.488919867088106434e-05, 4.210300000000000000e+04
1.985226489450808466e-05, 4.256600000000000000e+04
2.481533111813510667e-05, 4.333300000000000000e+04
2.977839734176212868e-05, 4.431900000000000000e+04
3.474146356538915069e-05, 4.556400000000000000e+04
3.970452978901616931e-05, 4.688900000000000000e+04
4.466759601264319471e-05, 4.823800000000000000e+04
4.963066223627021333e-05, 4.951600000000000000e+04
5.459372845989723195e-05, 5.065700000000000000e+04
5.955679468352425735e-05, 5.164300000000000000e+04
6.451986090715128275e-05, 5.249900000000000000e+04
6.948292713077830138e-05, 5.319400000000000000e+04
7.444599335440532000e-05, 5.370500000000000000e+04
7.940905957803233862e-05, 5.402700000000000000e+04
8.437212580165935724e-05, 5.418700000000000000e+04
8.933519202528638942e-05, 5.418400000000000000e+04
9.429825824891340804e-05, 5.396500000000000000e+04
9.926132447254042666e-05, 5.356000000000000000e+04
1.042243906961674453e-04, 5.291500000000000000e+04
1.091874569197944639e-04, 5.207700000000000000e+04
1.141505231434214961e-04, 5.105900000000000000e+04
1.191135893670485147e-04, 4.992900000000000000e+04
1.240766555906755333e-04, 4.865700000000000000e+04
1.290397218143025655e-04, 4.723100000000000000e+04
1.340027880379295706e-04, 4.571100000000000000e+04
1.389658542615566028e-04, 4.412800000000000000e+04
1.439289204851836078e-04, 4.243100000000000000e+04
1.488919867088106400e-04, 4.059400000000000000e+04
1.538550529324376722e-04, 3.869500000000000000e+04
1.588181191560646772e-04, 3.676600000000000000e+04
1.637811853796917094e-04, 3.482800000000000000e+04
1.687442516033187145e-04, 3.288200000000000000e+04
1.737073178269457467e-04, 3.095300000000000000e+04
1.786703840505727788e-04, 2.902600000000000000e+04
1.836334502741997839e-04, 2.710300000000000000e+04
1.885965164978268161e-04, 2.522800000000000000e+04
1.935595827214538212e-04, 2.344700000000000000e+04
1.985226489450808533e-04, 2.173700000000000000e+04
2.034857151687078855e-04, 2.007800000000000000e+04
2.084487813923348906e-04, 1.853500000000000000e+04
2.134118476159619227e-04, 1.708100000000000000e+04
2.183749138395889278e-04, 1.575300000000000000e+04
2.233379800632159600e-04, 1.458500000000000000e+04
2.283010462868429922e-04, 1.352900000000000000e+04
2.332641125104699972e-04, 1.262900000000000000e+04
2.382271787340970294e-04, 1.190900000000000000e+04
2.431902449577240345e-04, 1.143300000000000000e+04
2.481533111813510667e-04, 1.113400000000000000e+04
2.531163774049780988e-04, 1.101100000000000000e+04
2.580794436286051310e-04, 1.108300000000000000e+04
2.630425098522321090e-04, 1.132100000000000000e+04
2.680055760758591412e-04, 1.169200000000000000e+04
2.729686422994861733e-04, 1.223400000000000000e+04
2.779317085231132055e-04, 1.297700000000000000e+04
2.828947747467402377e-04, 1.392600000000000000e+04
2.878578409703672156e-04, 1.504100000000000000e+04
2.928209071939942478e-04, 1.630500000000000000e+04
2.977839734176212800e-04, 1.770300000000000000e+04
3.027470396412483122e-04, 1.919600000000000000e+04
3.077101058648753443e-04, 2.074400000000000000e+04
3.126731720885023223e-04, 2.236600000000000000e+04
3.176362383121293545e-04, 2.410500000000000000e+04
3.225993045357563867e-04, 2.596100000000000000e+04
3.275623707593834188e-04, 2.787700000000000000e+04
3.325254369830104510e-04, 2.980000000000000000e+04
3.374885032066374290e-04, 3.174000000000000000e+04
3.424515694302644611e-04, 3.370400000000000000e+04
3.474146356538914933e-04, 3.570600000000000000e+04
3.523777018775185255e-04, 3.773300000000000000e+04
3.573407681011455577e-04, 3.969500000000000000e+04
3.623038343247725356e-04, 4.153300000000000000e+04
3.672669005483995678e-04, 4.326600000000000000e+04
3.722299667720266000e-04, 4.493300000000000000e+04
3.771930329956536322e-04, 4.657600000000000000e+04
3.821560992192806643e-04, 4.812800000000000000e+04
3.871191654429076423e-04, 4.952100000000000000e+04
3.920822316665346745e-04, 5.075000000000000000e+04
3.970452978901617067e-04, 5.180400000000000000e+04
4.020083641137887388e-04, 5.267400000000000000e+04
4.069714303374157710e-04, 5.338500000000000000e+04
4.119344965610427490e-04, 5.393500000000000000e+04
4.168975627846697811e-04, 5.429800000000000000e+04
4.218606290082968133e-04, 5.448600000000000000e+04
4.268236952319238455e-04, 5.453200000000000000e+04
4.317867614555508777e-04, 5.441400000000000000e+04
4.367498276791778556e-04, 5.410300000000000000e+04
4.417128939028048878e-04, 5.360800000000000000e+04
4.466759601264319200e-04, 5.289100000000000000e+04
4.516390263500589522e-04, 5.201000000000000000e+04
4.566020925736859843e-04, 5.098300000000000000e+04
4.615651587973129623e-04, 4.982800000000000000e+04
4.665282250209399945e-04, 4.849200000000000000e+04
4.714912912445670267e-04, 4.700900000000000000e+04
4.764543574681940588e-04, 4.545800000000000000e+04
4.814174236918210910e-04, 4.381600000000000000e+04
4.863804899154480690e-04, 4.204300000000000000e+04
4.913435561390751011e-04, 4.013000000000000000e+04
4.963066223627021333e-04, 3.817500000000000000e+04
5.012696885863291655e-04, 3.619700000000000000e+04
5.062327548099561977e-04, 3.421100000000000000e+04
5.111958210335832298e-04, 3.222100000000000000e+04
5.161588872572102620e-04, 3.021800000000000000e+04
5.211219534808371858e-04, 2.823100000000000000e+04
5.260850197044642180e-04, 2.626500000000000000e+04
5.310480859280912501e-04, 2.439400000000000000e+04
5.360111521517182823e-04, 2.260900000000000000e+04
5.409742183753453145e-04, 2.093300000000000000e+04
5.459372845989723467e-04, 1.931700000000000000e+04
5.509003508225993788e-04, 1.780500000000000000e+04
5.558634170462264110e-04, 1.643300000000000000e+04
5.608264832698534432e-04, 1.515900000000000000e+04
5.657895494934804754e-04, 1.404700000000000000e+04
5.707526157171073991e-04, 1.306200000000000000e+04
5.757156819407344313e-04, 1.222600000000000000e+04
5.806787481643614635e-04, 1.162200000000000000e+04
5.856418143879884956e-04, 1.123000000000000000e+04
5.906048806116155278e-04, 1.100900000000000000e+04
5.955679468352425600e-04, 1.097100000000000000e+04
6.005310130588695922e-04, 1.111500000000000000e+04
6.054940792824966243e-04, 1.141000000000000000e+04
6.104571455061236565e-04, 1.184700000000000000e+04
6.154202117297506887e-04, 1.245700000000000000e+04
6.203832779533776124e-04, 1.328400000000000000e+04
6.253463441770046446e-04, 1.433000000000000000e+04
6.303094104006316768e-04, 1.554600000000000000e+04
6.352724766242587090e-04, 1.688900000000000000e+04
6.402355428478857411e-04, 1.835400000000000000e+04
6.451986090715127733e-04, 1.991000000000000000e+04
6.501616752951398055e-04, 2.152700000000000000e+04
6.551247415187668377e-04, 2.320800000000000000e+04
6.600878077423938698e-04, 2.499900000000000000e+04
6.650508739660209020e-04, 2.688000000000000000e+04
6.700139401896478258e-04, 2.879300000000000000e+04
6.749770064132748579e-04, 3.069700000000000000e+04
6.799400726369018901e-04, 3.261900000000000000e+04
6.849031388605289223e-04, 3.457200000000000000e+04
6.898662050841559545e-04, 3.657800000000000000e+04
6.948292713077829866e-04, 3.858300000000000000e+04
6.997923375314100188e-04, 4.050100000000000000e+04
7.047554037550370510e-04, 4.229500000000000000e+04
7.097184699786640832e-04, 4.395600000000000000e+04
7.146815362022911153e-04, 4.561400000000000000e+04
7.196446024259180391e-04, 4.718600000000000000e+04
7.246076686495450713e-04, 4.867800000000000000e+04
7.295707348731721035e-04, 5.001000000000000000e+04
7.345338010967991356e-04, 5.115100000000000000e+04
7.394968673204261678e-04, 5.213000000000000000e+04
7.444599335440532000e-04, 5.294900000000000000e+04
7.494229997676802322e-04, 5.360600000000000000e+04
7.543860659913072643e-04, 5.410200000000000000e+04
7.593491322149342965e-04, 5.441500000000000000e+04
7.643121984385613287e-04, 5.456000000000000000e+04
7.692752646621882524e-04, 5.455800000000000000e+04
7.742383308858152846e-04, 5.435600000000000000e+04
7.792013971094423168e-04, 5.397300000000000000e+04
7.841644633330693490e-04, 5.338500000000000000e+04
7.891275295566963811e-04, 5.260400000000000000e+04
7.940905957803234133e-04, 5.164500000000000000e+04
7.990536620039504455e-04, 5.057500000000000000e+04
8.040167282275774777e-04, 4.936800000000000000e+04
8.089797944512045098e-04, 4.797100000000000000e+04
8.139428606748315420e-04, 4.645500000000000000e+04
8.189059268984584658e-04, 4.491400000000000000e+04
8.238689931220854979e-04, 4.328200000000000000e+04
8.288320593457125301e-04, 4.150000000000000000e+04
8.337951255693395623e-04, 3.960400000000000000e+04
8.387581917929665945e-04, 3.768600000000000000e+04
8.437212580165936266e-04, 3.573500000000000000e+04
8.486843242402206588e-04, 3.376100000000000000e+04
8.536473904638476910e-04, 3.176900000000000000e+04
8.586104566874747232e-04, 2.975800000000000000e+04
8.635735229111017553e-04, 2.776200000000000000e+04
8.685365891347286791e-04, 2.580000000000000000e+04
8.734996553583557113e-04, 2.395300000000000000e+04
8.784627215819827434e-04, 2.217700000000000000e+04
8.834257878056097756e-04, 2.048800000000000000e+04
8.883888540292368078e-04, 1.889100000000000000e+04
8.933519202528638400e-04, 1.738400000000000000e+04
8.983149864764908721e-04, 1.603200000000000000e+04
9.032780527001179043e-04, 1.480600000000000000e+04
9.082411189237449365e-04, 1.371600000000000000e+04
9.132041851473719687e-04, 1.279400000000000000e+04
9.181672513709988924e-04, 1.201700000000000000e+04
9.231303175946259246e-04, 1.150200000000000000e+04
9.280933838182529568e-04, 1.116900000000000000e+04
9.330564500418799890e-04, 1.100100000000000000e+04
9.380195162655070211e-04, 1.102500000000000000e+04
9.429825824891340533e-04, 1.123100000000000000e+04
9.479456487127610855e-04, 1.161000000000000000e+04
9.529087149363881177e-04, 1.215500000000000000e+04
9.578717811600151498e-04, 1.287400000000000000e+04
9.628348473836421820e-04, 1.379000000000000000e+04
9.677979136072691058e-04, 1.486300000000000000e+04
9.727609798308961379e-04, 1.608000000000000000e+04
9.777240460545231701e-04, 1.743100000000000000e+04
9.826871122781502023e-04, 1.889700000000000000e+04
9.876501785017772345e-04, 2.043800000000000000e+04
9.926132447254042666e-04, 2.206300000000000000e+04
9.975763109490312988e-04, 2.376800000000000000e+04
1.002539377172658331e-03, 2.559300000000000000e+04
1.007502443396285363e-03, 2.749600000000000000e+04
1.012465509619912395e-03, 2.942100000000000000e+04
1.017428575843539428e-03, 3.135800000000000000e+04
1.022391642067166460e-03, 3.330700000000000000e+04
1.027354708290793492e-03, 3.528100000000000000e+04
1.032317774514420524e-03, 3.729300000000000000e+04
1.037280840738047556e-03, 3.926400000000000000e+04
1.042243906961674372e-03, 4.112500000000000000e+04
1.047206973185301404e-03, 4.286800000000000000e+04
1.052170039408928436e-03, 4.450100000000000000e+04
1.057133105632555468e-03, 4.614500000000000000e+04
1.062096171856182500e-03, 4.768900000000000000e+04
1.067059238079809532e-03, 4.912100000000000000e+04
1.072022304303436565e-03, 5.039300000000000000e+04
1.076985370527063597e-03, 5.143200000000000000e+04
1.081948436750690629e-03, 5.227800000000000000e+04
1.086911502974317661e-03, 5.299100000000000000e+04
1.091874569197944693e-03, 5.355800000000000000e+04
1.096837635421571725e-03, 5.396300000000000000e+04
1.101800701645198758e-03, 5.420100000000000000e+04
1.106763767868825790e-03, 5.429700000000000000e+04
1.111726834092452822e-03, 5.424900000000000000e+04
1.116689900316079854e-03, 5.399700000000000000e+04
1.121652966539706886e-03, 5.357000000000000000e+04
1.126616032763333919e-03, 5.292200000000000000e+04
1.131579098986960951e-03, 5.211900000000000000e+04
1.136542165210587983e-03, 5.114700000000000000e+04
1.141505231434214798e-03, 5.007700000000000000e+04
1.146468297657841830e-03, 4.885700000000000000e+04
1.151431363881468863e-03, 4.746600000000000000e+04
1.156394430105095895e-03, 4.596400000000000000e+04
1.161357496328722927e-03, 4.438400000000000000e+04
1.166320562552349959e-03, 4.267900000000000000e+04
1.171283628775976991e-03, 4.082600000000000000e+04
1.176246694999604023e-03, 3.890600000000000000e+04
1.181209761223231056e-03, 3.695400000000000000e+04
1.186172827446858088e-03, 3.499200000000000000e+04
1.191135893670485120e-03, 3.301400000000000000e+04
1.196098959894112152e-03, 3.101200000000000000e+04
1.201062026117739184e-03, 2.900800000000000000e+04
1.206025092341366216e-03, 2.701000000000000000e+04
1.210988158564993249e-03, 2.507200000000000000e+04
1.215951224788620281e-03, 2.324700000000000000e+04
1.220914291012247313e-03, 2.151400000000000000e+04
1.225877357235874345e-03, 1.984700000000000000e+04
1.230840423459501377e-03, 1.830800000000000000e+04
1.235803489683128410e-03, 1.686600000000000000e+04
1.240766555906755225e-03, 1.555600000000000000e+04
1.245729622130382257e-03, 1.440900000000000000e+04
1.250692688354009289e-03, 1.337400000000000000e+04
1.255655754577636321e-03, 1.249800000000000000e+04
1.260618820801263354e-03, 1.181400000000000000e+04
1.265581887024890386e-03, 1.136600000000000000e+04
1.270544953248517418e-03, 1.108000000000000000e+04
1.275508019472144450e-03, 1.096400000000000000e+04
1.280471085695771482e-03, 1.104000000000000000e+04
1.285434151919398514e-03, 1.128000000000000000e+04
1.290397218143025547e-03, 1.165400000000000000e+04
1.295360284366652579e-03, 1.219900000000000000e+04
1.300323350590279611e-03, 1.294500000000000000e+04
1.305286416813906643e-03, 1.389700000000000000e+04
1.310249483037533675e-03, 1.501600000000000000e+04
1.315212549261160708e-03, 1.628300000000000000e+04
1.320175615484787740e-03, 1.768600000000000000e+04
1.325138681708414772e-03, 1.921300000000000000e+04
1.330101747932041804e-03, 2.080400000000000000e+04
1.335064814155668836e-03, 2.243900000000000000e+04
1.340027880379295652e-03, 2.416400000000000000e+04
1.344990946602922684e-03, 2.599900000000000000e+04
1.349954012826549716e-03, 2.789300000000000000e+04
1.354917079050176748e-03, 2.979700000000000000e+04
1.359880145273803780e-03, 3.172400000000000000e+04
1.364843211497430812e-03, 3.367900000000000000e+04
1.369806277721057845e-03, 3.567500000000000000e+04
1.374769343944684877e-03, 3.770000000000000000e+04
1.379732410168311909e-03, 3.966300000000000000e+04
1.384695476391938941e-03, 4.150200000000000000e+04
1.389658542615565973e-03, 4.322600000000000000e+04
1.394621608839193005e-03, 4.489300000000000000e+04
1.399584675062820038e-03, 4.654100000000000000e+04
1.404547741286447070e-03, 4.810000000000000000e+04
1.409510807510074102e-03, 4.950000000000000000e+04
1.414473873733701134e-03, 5.073500000000000000e+04
1.419436939957328166e-03, 5.179400000000000000e+04
1.424400006180955199e-03, 5.266700000000000000e+04
1.429363072404582231e-03, 5.338100000000000000e+04
1.434326138628209263e-03, 5.393400000000000000e+04
1.439289204851836078e-03, 5.429800000000000000e+04
1.444252271075463110e-03, 5.448700000000000000e+04
1.449215337299090143e-03, 5.453300000000000000e+04
1.454178403522717175e-03, 5.439700000000000000e+04
1.459141469746344207e-03, 5.406700000000000000e+04
1.464104535969971239e-03, 5.356800000000000000e+04
1.469067602193598271e-03, 5.285800000000000000e+04
1.474030668417225303e-03, 5.198900000000000000e+04
1.478993734640852336e-03, 5.097400000000000000e+04
1.483956800864479368e-03, 4.982900000000000000e+04
1.488919867088106400e-03, 4.849900000000000000e+04
1.493882933311733432e-03, 4.702100000000000000e+04
1.498845999535360464e-03, 4.547300000000000000e+04
1.503809065758987496e-03, 4.383200000000000000e+04
1.508772131982614529e-03, 4.205800000000000000e+04
1.513735198206241561e-03, 4.015100000000000000e+04
1.518698264429868593e-03, 3.821700000000000000e+04
1.523661330653495625e-03, 3.626100000000000000e+04
1.528624396877122657e-03, 3.427500000000000000e+04
1.533587463100749690e-03, 3.227300000000000000e+04
1.538550529324376505e-03, 3.025300000000000000e+04
1.543513595548003537e-03, 2.825000000000000000e+04
1.548476661771630569e-03, 2.627000000000000000e+04
1.553439727995257601e-03, 2.438900000000000000e+04
1.558402794218884634e-03, 2.259700000000000000e+04
1.563365860442511666e-03, 2.091700000000000000e+04
1.568328926666138698e-03, 1.929900000000000000e+04
1.573291992889765730e-03, 1.778700000000000000e+04
1.578255059113392762e-03, 1.641500000000000000e+04
1.583218125337019794e-03, 1.515000000000000000e+04
1.588181191560646827e-03, 1.404600000000000000e+04
1.593144257784273859e-03, 1.306300000000000000e+04
1.598107324007900891e-03, 1.222500000000000000e+04
1.603070390231527923e-03, 1.161900000000000000e+04
1.608033456455154955e-03, 1.122400000000000000e+04
1.612996522678781987e-03, 1.100200000000000000e+04
1.617959588902409020e-03, 1.096300000000000000e+04
1.622922655126036052e-03, 1.110600000000000000e+04
1.627885721349663084e-03, 1.140100000000000000e+04
1.632848787573290116e-03, 1.183800000000000000e+04
1.637811853796916932e-03, 1.245000000000000000e+04
1.642774920020543964e-03, 1.327300000000000000e+04
1.647737986244170996e-03, 1.428600000000000000e+04
1.652701052467798028e-03, 1.545900000000000000e+04
1.657664118691425060e-03, 1.674200000000000000e+04
1.662627184915052092e-03, 1.815100000000000000e+04
1.667590251138679125e-03, 1.966600000000000000e+04
1.672553317362306157e-03, 2.125900000000000000e+04
1.677516383585933189e-03, 2.293400000000000000e+04
1.682479449809560221e-03, 2.473100000000000000e+04
1.687442516033187253e-03, 2.662800000000000000e+04
1.692405582256814285e-03, 2.856200000000000000e+04
1.697368648480441318e-03, 3.049100000000000000e+04
1.702331714704068350e-03, 3.243700000000000000e+04
1.707294780927695382e-03, 3.441500000000000000e+04
1.712257847151322414e-03, 3.643700000000000000e+04
1.717220913374949446e-03, 3.844600000000000000e+04
1.722183979598576479e-03, 4.032300000000000000e+04
1.727147045822203511e-03, 4.206200000000000000e+04
1.732110112045830326e-03, 4.367800000000000000e+04
1.737073178269457358e-03, 4.530800000000000000e+04
1.742036244493084390e-03, 4.687000000000000000e+04
1.746999310716711423e-03, 4.836700000000000000e+04
1.751962376940338455e-03, 4.971500000000000000e+04
1.756925443163965487e-03, 5.087900000000000000e+04
1.761888509387592519e-03, 5.188500000000000000e+04
1.766851575611219551e-03, 5.273300000000000000e+04
1.771814641834846583e-03, 5.341500000000000000e+04
1.776777708058473616e-03, 5.392600000000000000e+04
1.781740774282100648e-03, 5.425000000000000000e+04
1.786703840505727680e-03, 5.441900000000000000e+04
1.791666906729354712e-03, 5.444300000000000000e+04
1.796629972952981744e-03, 5.426600000000000000e+04
1.801593039176608776e-03, 5.390400000000000000e+04
1.806556105400235809e-03, 5.333400000000000000e+04
1.811519171623862841e-03, 5.256700000000000000e+04
1.816482237847489873e-03, 5.161900000000000000e+04
1.821445304071116905e-03, 5.055700000000000000e+04
1.826408370294743937e-03, 4.935700000000000000e+04
1.831371436518370753e-03, 4.796400000000000000e+04
1.836334502741997785e-03, 4.644600000000000000e+04
1.841297568965624817e-03, 4.487100000000000000e+04
1.846260635189251849e-03, 4.319500000000000000e+04
1.851223701412878881e-03, 4.135400000000000000e+04
1.856186767636505914e-03, 3.940400000000000000e+04
1.861149833860132946e-03, 3.744400000000000000e+04
1.866112900083759978e-03, 3.547100000000000000e+04
1.871075966307387010e-03, 3.349100000000000000e+04
1.876039032531014042e-03, 3.150500000000000000e+04
1.881002098754641074e-03, 2.950900000000000000e+04
1.885965164978268107e-03, 2.753400000000000000e+04
1.890928231201895139e-03, 2.559600000000000000e+04
1.895891297425522171e-03, 2.377400000000000000e+04
1.900854363649149203e-03, 2.202200000000000000e+04
1.905817429872776235e-03, 2.035700000000000000e+04
1.910780496096403267e-03, 1.879300000000000000e+04
1.915743562320030300e-03, 1.730500000000000000e+04
1.920706628543657332e-03, 1.596800000000000000e+04
1.925669694767284364e-03, 1.475100000000000000e+04
1.930632760990911179e-03, 1.366900000000000000e+04
1.935595827214538212e-03, 1.275300000000000000e+04
1.940558893438165244e-03, 1.198200000000000000e+04
1.945521959661792276e-03, 1.147100000000000000e+04
1.950485025885419308e-03, 1.114300000000000000e+04
1.955448092109046340e-03, 1.097900000000000000e+04
1.960411158332673372e-03, 1.100600000000000000e+04
1.965374224556300405e-03, 1.121100000000000000e+04
1.970337290779927437e-03, 1.155000000000000000e+04
1.975300357003554469e-03, 1.204800000000000000e+04
1.980263423227181501e-03, 1.271300000000000000e+04
1.985226489450808533e-03, 1.357700000000000000e+04
1.990189555674435565e-03, 1.461300000000000000e+04
1.995152621898062598e-03, 1.580900000000000000e+04
2.000115688121689630e-03, 1.715700000000000000e+04
2.005078754345316662e-03, 1.863000000000000000e+04
2.010041820568943694e-03, 2.018800000000000000e+04
2.015004886792570726e-03, 2.183600000000000000e+04
2.019967953016197759e-03, 2.356500000000000000e+04
2.024931019239824791e-03, 2.541400000000000000e+04
2.029894085463451823e-03, 2.734000000000000000e+04
2.034857151687078855e-03, 2.926800000000000000e+04
2.039820217910705887e-03, 3.120700000000000000e+04
2.044783284134332919e-03, 3.317400000000000000e+04
2.049746350357959952e-03, 3.517300000000000000e+04
2.054709416581586984e-03, 3.721000000000000000e+04
2.059672482805214016e-03, 3.920400000000000000e+04
2.064635549028841048e-03, 4.108400000000000000e+04
2.069598615252468080e-03, 4.284200000000000000e+04
2.074561681476095112e-03, 4.448600000000000000e+04
2.079524747699721711e-03, 4.613700000000000000e+04
2.084487813923348743e-03, 4.768700000000000000e+04
2.089450880146975775e-03, 4.912300000000000000e+04
2.094413946370602807e-03, 5.040300000000000000e+04
2.099377012594229840e-03, 5.149800000000000000e+04
2.104340078817856872e-03, 5.240700000000000000e+04
2.109303145041483904e-03, 5.318200000000000000e+04
2.114266211265110936e-03, 5.379800000000000000e+04
2.119229277488737968e-03, 5.423100000000000000e+04
2.124192343712365001e-03, 5.448000000000000000e+04
2.129155409935992033e-03, 5.457300000000000000e+04
2.134118476159619065e-03, 5.451000000000000000e+04
2.139081542383246097e-03, 5.423800000000000000e+04
2.144044608606873129e-03, 5.378600000000000000e+04
2.149007674830500161e-03, 5.311300000000000000e+04
2.153970741054127194e-03, 5.228400000000000000e+04
2.158933807277754226e-03, 5.128400000000000000e+04
2.163896873501381258e-03, 5.016300000000000000e+04
2.168859939725008290e-03, 4.888400000000000000e+04
2.173823005948635322e-03, 4.746700000000000000e+04
2.178786072172262354e-03, 4.596500000000000000e+04
2.183749138395889387e-03, 4.439600000000000000e+04
2.188712204619516419e-03, 4.270300000000000000e+04
2.193675270843143451e-03, 4.086100000000000000e+04
2.198638337066770483e-03, 3.894800000000000000e+04
2.203601403290397515e-03, 3.700000000000000000e+04
2.208564469514024547e-03, 3.503900000000000000e+04
2.213527535737651580e-03, 3.305900000000000000e+04
2.218490601961278612e-03, 3.105500000000000000e+04
2.223453668184905644e-03, 2.904600000000000000e+04
2.228416734408532676e-03, 2.705100000000000000e+04
2.233379800632159708e-03, 2.512300000000000000e+04
2.238342866855786741e-03, 2.330200000000000000e+04
2.243305933079413773e-03, 2.156100000000000000e+04
2.248268999303040805e-03, 1.988300000000000000e+04
2.253232065526667837e-03, 1.833300000000000000e+04
2.258195131750294869e-03, 1.688200000000000000e+04
2.263158197973921901e-03, 1.556400000000000000e+04
2.268121264197548934e-03, 1.441100000000000000e+04
2.273084330421175966e-03, 1.337300000000000000e+04
2.278047396644802564e-03, 1.249400000000000000e+04
2.283010462868429596e-03, 1.180800000000000000e+04
2.287973529092056629e-03, 1.136200000000000000e+04
2.292936595315683661e-03, 1.109000000000000000e+04
2.297899661539310693e-03, 1.099100000000000000e+04
2.302862727762937725e-03, 1.107500000000000000e+04
2.307825793986564757e-03, 1.131000000000000000e+04
2.312788860210191789e-03, 1.167300000000000000e+04
2.317751926433818822e-03, 1.220700000000000000e+04
2.322714992657445854e-03, 1.294400000000000000e+04
2.327678058881072886e-03, 1.388900000000000000e+04
2.332641125104699918e-03, 1.500300000000000000e+04
2.337604191328326950e-03, 1.626800000000000000e+04
2.342567257551953983e-03, 1.766900000000000000e+04
2.347530323775581015e-03, 1.919600000000000000e+04
2.352493389999208047e-03, 2.078800000000000000e+04
2.357456456222835079e-03, 2.245200000000000000e+04
2.362419522446462111e-03, 2.422800000000000000e+04
2.367382588670089143e-03, 2.612200000000000000e+04
2.372345654893716176e-03, 2.807600000000000000e+04
2.377308721117343208e-03, 3.002600000000000000e+04
2.382271787340970240e-03, 3.198000000000000000e+04
2.387234853564597272e-03, 3.394500000000000000e+04
2.392197919788224304e-03, 3.593800000000000000e+04
2.397160986011851336e-03, 3.795000000000000000e+04
2.402124052235478369e-03, 3.989300000000000000e+04
2.407087118459105401e-03, 4.170900000000000000e+04
2.412050184682732433e-03, 4.340800000000000000e+04
2.417013250906359465e-03, 4.505100000000000000e+04
2.421976317129986497e-03, 4.666500000000000000e+04
2.426939383353613530e-03, 4.819500000000000000e+04
2.431902449577240562e-03, 4.956800000000000000e+04
2.436865515800867594e-03, 5.079000000000000000e+04
2.441828582024494626e-03, 5.184200000000000000e+04
2.446791648248121658e-03, 5.271100000000000000e+04
2.451754714471748690e-03, 5.342200000000000000e+04
2.456717780695375723e-03, 5.397200000000000000e+04
2.461680846919002755e-03, 5.433300000000000000e+04
2.466643913142629787e-03, 5.451900000000000000e+04
2.471606979366256819e-03, 5.456100000000000000e+04
2.476570045589883418e-03, 5.442200000000000000e+04
2.481533111813510450e-03, 5.408800000000000000e+04
2.486496178037137482e-03, 5.356700000000000000e+04
2.491459244260764514e-03, 5.282900000000000000e+04
2.496422310484391546e-03, 5.190400000000000000e+04
2.501385376708018578e-03, 5.082300000000000000e+04
2.506348442931645611e-03, 4.962200000000000000e+04
2.511311509155272643e-03, 4.825400000000000000e+04
2.516274575378899675e-03, 4.675700000000000000e+04
2.521237641602526707e-03, 4.520600000000000000e+04
2.526200707826153739e-03, 4.357400000000000000e+04
2.531163774049780772e-03, 4.181700000000000000e+04
2.536126840273407804e-03, 3.993100000000000000e+04
2.541089906497034836e-03, 3.802200000000000000e+04
2.546052972720661868e-03, 3.609000000000000000e+04
2.551016038944288900e-03, 3.413900000000000000e+04
2.555979105167915932e-03, 3.217500000000000000e+04
2.560942171391542965e-03, 3.017600000000000000e+04
2.565905237615169997e-03, 2.818500000000000000e+04
2.570868303838797029e-03, 2.621200000000000000e+04
2.575831370062424061e-03, 2.433600000000000000e+04
2.580794436286051093e-03, 2.254900000000000000e+04
2.585757502509678125e-03, 2.087300000000000000e+04
2.590720568733305158e-03, 1.926000000000000000e+04
2.595683634956932190e-03, 1.775200000000000000e+04
2.600646701180559222e-03, 1.638500000000000000e+04
2.605609767404186254e-03, 1.512400000000000000e+04
2.610572833627813286e-03, 1.402400000000000000e+04
2.615535899851440318e-03, 1.305600000000000000e+04
2.620498966075067351e-03, 1.223200000000000000e+04
2.625462032298694383e-03, 1.163300000000000000e+04
2.630425098522321415e-03, 1.123700000000000000e+04
2.635388164745948447e-03, 1.100900000000000000e+04
2.640351230969575479e-03, 1.096400000000000000e+04
2.645314297193202512e-03, 1.110100000000000000e+04
2.650277363416829544e-03, 1.139300000000000000e+04
2.655240429640456576e-03, 1.182700000000000000e+04
2.660203495864083608e-03, 1.243800000000000000e+04
2.665166562087710640e-03, 1.326000000000000000e+04
2.670129628311337672e-03, 1.427300000000000000e+04
2.675092694534964271e-03, 1.544900000000000000e+04
2.680055760758591303e-03, 1.676100000000000000e+04
2.685018826982218335e-03, 1.820900000000000000e+04
2.689981893205845367e-03, 1.974100000000000000e+04
2.694944959429472400e-03, 2.132300000000000000e+04
2.699908025653099432e-03, 2.297700000000000000e+04
2.704871091876726464e-03, 2.475200000000000000e+04
2.709834158100353496e-03, 2.662900000000000000e+04
2.714797224323980528e-03, 2.854800000000000000e+04
2.719760290547607560e-03, 3.046700000000000000e+04
2.724723356771234593e-03, 3.240800000000000000e+04
2.729686422994861625e-03, 3.438300000000000000e+04
2.734649489218488657e-03, 3.640500000000000000e+04
2.739612555442115689e-03, 3.841900000000000000e+04
2.744575621665742721e-03, 4.034400000000000000e+04
2.749538687889369754e-03, 4.214800000000000000e+04
2.754501754112996786e-03, 4.382400000000000000e+04
2.759464820336623818e-03, 4.550600000000000000e+04
2.764427886560250850e-03, 4.710500000000000000e+04
2.769390952783877882e-03, 4.862100000000000000e+04
2.774354019007504914e-03, 4.997400000000000000e+04
2.779317085231131947e-03, 5.113000000000000000e+04
2.784280151454758979e-03, 5.212000000000000000e+04
2.789243217678386011e-03, 5.294700000000000000e+04
2.794206283902013043e-03, 5.360700000000000000e+04
2.799169350125640075e-03, 5.409300000000000000e+04
2.804132416349267107e-03, 5.439300000000000000e+04
2.809095482572894140e-03, 5.452700000000000000e+04
2.814058548796521172e-03, 5.451300000000000000e+04
2.819021615020148204e-03, 5.431200000000000000e+04
2.823984681243775236e-03, 5.394100000000000000e+04
2.828947747467402268e-03, 5.336900000000000000e+04
2.833910813691029301e-03, 5.260300000000000000e+04
2.838873879914656333e-03, 5.165600000000000000e+04
2.843836946138283365e-03, 5.059400000000000000e+04
2.848800012361910397e-03, 4.939300000000000000e+04
2.853763078585537429e-03, 4.799700000000000000e+04
2.858726144809164461e-03, 4.647700000000000000e+04
2.863689211032791494e-03, 4.489900000000000000e+04
2.868652277256418526e-03, 4.322000000000000000e+04
2.873615343480045124e-03, 4.139300000000000000e+04
2.878578409703672156e-03, 3.946600000000000000e+04
2.883541475927299189e-03, 3.751700000000000000e+04
2.888504542150926221e-03, 3.553300000000000000e+04
2.893467608374553253e-03, 3.353600000000000000e+04
2.898430674598180285e-03, 3.153200000000000000e+04
2.903393740821807317e-03, 2.952100000000000000e+04
2.908356807045434349e-03, 2.753400000000000000e+04
2.913319873269061382e-03, 2.558800000000000000e+04
2.918282939492688414e-03, 2.376000000000000000e+04
2.923246005716315446e-03, 2.200600000000000000e+04
2.928209071939942478e-03, 2.033900000000000000e+04
2.933172138163569510e-03, 1.877500000000000000e+04
2.938135204387196543e-03, 1.729600000000000000e+04
2.943098270610823575e-03, 1.596700000000000000e+04
2.948061336834450607e-03, 1.475100000000000000e+04
2.953024403058077639e-03, 1.366800000000000000e+04
2.957987469281704671e-03, 1.274900000000000000e+04
2.962950535505331703e-03, 1.197600000000000000e+04
2.967913601728958736e-03, 1.146400000000000000e+04
2.972876667952585768e-03, 1.113400000000000000e+04
2.977839734176212800e-03, 1.097000000000000000e+04
2.982802800399839832e-03, 1.099700000000000000e+04
2.987765866623466864e-03, 1.120300000000000000e+04
2.992728932847093896e-03, 1.154200000000000000e+04
2.997691999070720929e-03, 1.204100000000000000e+04
3.002655065294347961e-03, 1.272400000000000000e+04
3.007618131517974993e-03, 1.361800000000000000e+04
3.012581197741602025e-03, 1.466500000000000000e+04
3.017544263965229057e-03, 1.585400000000000000e+04
3.022507330188856089e-03, 1.718700000000000000e+04
3.027470396412483122e-03, 1.864500000000000000e+04
3.032433462636110154e-03, 2.019000000000000000e+04
3.037396528859737186e-03, 2.182700000000000000e+04
3.042359595083364218e-03, 2.355000000000000000e+04
3.047322661306991250e-03, 2.539500000000000000e+04
3.052285727530618283e-03, 2.731900000000000000e+04
3.057248793754245315e-03, 2.924700000000000000e+04
3.062211859977872347e-03, 3.118700000000000000e+04
3.067174926201499379e-03, 3.314300000000000000e+04
3.072137992425125978e-03, 3.512900000000000000e+04
3.077101058648753010e-03, 3.716700000000000000e+04
3.082064124872380042e-03, 3.916900000000000000e+04
3.087027191096007074e-03, 4.105900000000000000e+04
3.091990257319634106e-03, 4.282600000000000000e+04
3.096953323543261138e-03, 4.447800000000000000e+04
3.101916389766888171e-03, 4.613600000000000000e+04
3.106879455990515203e-03, 4.769000000000000000e+04
3.111842522214142235e-03, 4.912800000000000000e+04
3.116805588437769267e-03, 5.041000000000000000e+04
3.121768654661396299e-03, 5.150500000000000000e+04
3.126731720885023331e-03, 5.241400000000000000e+04
3.131694787108650364e-03, 5.317900000000000000e+04
3.136657853332277396e-03, 5.378200000000000000e+04
3.141620919555904428e-03, 5.420900000000000000e+04
3.146583985779531460e-03, 5.446100000000000000e+04
3.151547052003158492e-03, 5.456100000000000000e+04
3.156510118226785525e-03, 5.450500000000000000e+04
3.161473184450412557e-03, 5.423900000000000000e+04
3.166436250674039589e-03, 5.379200000000000000e+04
3.171399316897666621e-03, 5.312200000000000000e+04
3.176362383121293653e-03, 5.229500000000000000e+04
3.181325449344920685e-03, 5.129500000000000000e+04
3.186288515568547718e-03, 5.017400000000000000e+04
3.191251581792174750e-03, 4.889500000000000000e+04
3.196214648015801782e-03, 4.745400000000000000e+04
3.201177714239428814e-03, 4.591700000000000000e+04
3.206140780463055846e-03, 4.428800000000000000e+04
3.211103846686682878e-03, 4.253100000000000000e+04
3.216066912910309911e-03, 4.063800000000000000e+04
3.221029979133936943e-03, 3.869300000000000000e+04
3.225993045357563975e-03, 3.673100000000000000e+04
3.230956111581191007e-03, 3.477100000000000000e+04
3.235919177804818039e-03, 3.280300000000000000e+04
3.240882244028445072e-03, 3.081800000000000000e+04
3.245845310252072104e-03, 2.883200000000000000e+04
3.250808376475699136e-03, 2.686100000000000000e+04
3.255771442699326168e-03, 2.495800000000000000e+04
3.260734508922953200e-03, 2.316100000000000000e+04
3.265697575146580232e-03, 2.145400000000000000e+04
3.270660641370206831e-03, 1.979800000000000000e+04
3.275623707593833863e-03, 1.826200000000000000e+04
3.280586773817460895e-03, 1.682200000000000000e+04
3.285549840041087927e-03, 1.551200000000000000e+04
3.290512906264714960e-03, 1.436600000000000000e+04
3.295475972488341992e-03, 1.333400000000000000e+04
3.300439038711969024e-03, 1.246000000000000000e+04
3.305402104935596056e-03, 1.178000000000000000e+04
3.310365171159223088e-03, 1.133800000000000000e+04
3.315328237382850120e-03, 1.106900000000000000e+04
3.320291303606477153e-03, 1.097400000000000000e+04
3.325254369830104185e-03, 1.107000000000000000e+04
3.330217436053731217e-03, 1.132300000000000000e+04
3.335180502277358249e-03, 1.173200000000000000e+04
3.340143568500985281e-03, 1.233500000000000000e+04
3.345106634724612314e-03, 1.313400000000000000e+04
3.350069700948239346e-03, 1.412500000000000000e+04
3.355032767171866378e-03, 1.526600000000000000e+04
3.359995833395493410e-03, 1.653900000000000000e+04
3.364958899619120442e-03, 1.793600000000000000e+04
3.369921965842747474e-03, 1.944800000000000000e+04
3.374885032066374507e-03, 2.101900000000000000e+04
3.379848098290001539e-03, 2.266000000000000000e+04
3.384811164513628571e-03, 2.441000000000000000e+04
3.389774230737255603e-03, 2.626800000000000000e+04
3.394737296960882635e-03, 2.817500000000000000e+04
3.399700363184509667e-03, 3.009700000000000000e+04
3.404663429408136700e-03, 3.203800000000000000e+04
3.409626495631763732e-03, 3.399900000000000000e+04
3.414589561855390764e-03, 3.599000000000000000e+04
3.419552628079017796e-03, 3.800000000000000000e+04
3.424515694302644828e-03, 3.994100000000000000e+04
3.429478760526271860e-03, 4.175400000000000000e+04
3.434441826749898893e-03, 4.345000000000000000e+04
3.439404892973525925e-03, 4.508800000000000000e+04
3.444367959197152957e-03, 4.669800000000000000e+04
3.449331025420779989e-03, 4.822400000000000000e+04
3.454294091644407021e-03, 4.959300000000000000e+04
3.459257157868034054e-03, 5.080000000000000000e+04
3.464220224091660652e-03, 5.184500000000000000e+04
3.469183290315287684e-03, 5.271300000000000000e+04
3.474146356538914716e-03, 5.342600000000000000e+04
3.479109422762541749e-03, 5.397700000000000000e+04
3.484072488986168781e-03, 5.434000000000000000e+04
3.489035555209795813e-03, 5.452700000000000000e+04
3.493998621433422845e-03, 5.457000000000000000e+04
3.498961687657049877e-03, 5.443100000000000000e+04
3.503924753880676909e-03, 5.409600000000000000e+04
3.508887820104303942e-03, 5.357500000000000000e+04
3.513850886327930974e-03, 5.283600000000000000e+04
3.518813952551558006e-03, 5.193600000000000000e+04
3.523777018775185038e-03, 5.089800000000000000e+04
3.528740084998812070e-03, 4.975400000000000000e+04
3.533703151222439102e-03, 4.844500000000000000e+04
3.538666217446066135e-03, 4.699300000000000000e+04
3.543629283669693167e-03, 4.546900000000000000e+04
3.548592349893320199e-03, 4.384800000000000000e+04
3.553555416116947231e-03, 4.208800000000000000e+04
3.558518482340574263e-03, 4.018800000000000000e+04
3.563481548564201296e-03, 3.825900000000000000e+04
3.568444614787828328e-03, 3.630300000000000000e+04
3.573407681011455360e-03, 3.432700000000000000e+04
3.578370747235082392e-03, 3.233800000000000000e+04
3.583333813458709424e-03, 3.032700000000000000e+04
3.588296879682336456e-03, 2.833000000000000000e+04
3.593259945905963489e-03, 2.633900000000000000e+04
3.598223012129590521e-03, 2.444000000000000000e+04
3.603186078353217553e-03, 2.263000000000000000e+04
3.608149144576844585e-03, 2.093500000000000000e+04
3.613112210800471617e-03, 1.930400000000000000e+04
3.618075277024098649e-03, 1.778400000000000000e+04
3.623038343247725682e-03, 1.640600000000000000e+04
3.628001409471352714e-03, 1.513800000000000000e+04
3.632964475694979746e-03, 1.403200000000000000e+04
3.637927541918606778e-03, 1.306000000000000000e+04
3.642890608142233810e-03, 1.223400000000000000e+04
3.647853674365860843e-03, 1.164300000000000000e+04
3.652816740589487875e-03, 1.125800000000000000e+04
3.657779806813114907e-03, 1.103600000000000000e+04
3.662742873036741505e-03, 1.098600000000000000e+04
3.667705939260368538e-03, 1.111600000000000000e+04
3.672669005483995570e-03, 1.140000000000000000e+04
3.677632071707622602e-03, 1.182800000000000000e+04
3.682595137931249634e-03, 1.243300000000000000e+04
3.687558204154876666e-03, 1.325200000000000000e+04
3.692521270378503698e-03, 1.426400000000000000e+04
3.697484336602130731e-03, 1.543800000000000000e+04
3.702447402825757763e-03, 1.675000000000000000e+04
3.707410469049384795e-03, 1.819900000000000000e+04
3.712373535273011827e-03, 1.974700000000000000e+04
3.717336601496638859e-03, 2.137200000000000000e+04
3.722299667720265891e-03, 2.308600000000000000e+04
3.727262733943892924e-03, 2.492500000000000000e+04
3.732225800167519956e-03, 2.685300000000000000e+04
3.737188866391146988e-03, 2.880400000000000000e+04
3.742151932614774020e-03, 3.073600000000000000e+04
3.747114998838401052e-03, 3.267600000000000000e+04
3.752078065062028085e-03, 3.463900000000000000e+04
3.757041131285655117e-03, 3.664200000000000000e+04
3.762004197509282149e-03, 3.863300000000000000e+04
3.766967263732909181e-03, 4.053300000000000000e+04
3.771930329956536213e-03, 4.231300000000000000e+04
3.776893396180163245e-03, 4.396500000000000000e+04
3.781856462403790278e-03, 4.562200000000000000e+04
3.786819528627417310e-03, 4.719200000000000000e+04
3.791782594851044342e-03, 4.869000000000000000e+04
3.796745661074671374e-03, 5.003000000000000000e+04
3.801708727298298406e-03, 5.117800000000000000e+04
3.806671793521925438e-03, 5.216200000000000000e+04
3.811634859745552471e-03, 5.298400000000000000e+04
3.816597925969179503e-03, 5.363800000000000000e+04
3.821560992192806535e-03, 5.412100000000000000e+04
3.826524058416433567e-03, 5.441600000000000000e+04
3.831487124640060599e-03, 5.454700000000000000e+04
3.836450190863687632e-03, 5.453000000000000000e+04
3.841413257087314664e-03, 5.431600000000000000e+04
3.846376323310941696e-03, 5.392000000000000000e+04
3.851339389534568728e-03, 5.333700000000000000e+04
3.856302455758195760e-03, 5.257500000000000000e+04
3.861265521981822359e-03, 5.163700000000000000e+04
3.866228588205449391e-03, 5.058600000000000000e+04
3.871191654429076423e-03, 4.939400000000000000e+04
3.876154720652703455e-03, 4.800500000000000000e+04
3.881117786876330487e-03, 4.649000000000000000e+04
3.886080853099957520e-03, 4.491500000000000000e+04
3.891043919323584552e-03, 4.323700000000000000e+04
3.896006985547211584e-03, 4.140900000000000000e+04
3.900970051770838616e-03, 3.948200000000000000e+04
3.905933117994465648e-03, 3.753900000000000000e+04
3.910896184218092680e-03, 3.557400000000000000e+04
3.915859250441720146e-03, 3.362600000000000000e+04
3.920822316665346745e-03, 3.168800000000000000e+04
3.925785382888974211e-03, 2.973500000000000000e+04
3.930748449112600809e-03, 2.778900000000000000e+04
3.935711515336228275e-03, 2.586400000000000000e+04
3.940674581559854874e-03, 2.404000000000000000e+04
3.945637647783482339e-03, 2.227800000000000000e+04
3.950600714007108938e-03, 2.059300000000000000e+04
3.955563780230736404e-03, 1.900700000000000000e+04
3.960526846454363002e-03, 1.750300000000000000e+04
3.965489912677989601e-03, 1.614800000000000000e+04
3.970452978901617067e-03, 1.491900000000000000e+04
3.975416045125243665e-03, 1.382000000000000000e+04
3.980379111348871131e-03, 1.288800000000000000e+04
3.985342177572497729e-03, 1.209300000000000000e+04
3.990305243796125195e-03, 1.155800000000000000e+04
3.995268310019751794e-03, 1.120600000000000000e+04
4.000231376243379260e-03, 1.102400000000000000e+04
4.005194442467005858e-03, 1.103600000000000000e+04
4.010157508690633324e-03, 1.123000000000000000e+04
4.015120574914259922e-03, 1.156100000000000000e+04
4.020083641137887388e-03, 1.205300000000000000e+04
4.025046707361513987e-03, 1.273100000000000000e+04
4.030009773585141453e-03, 1.362200000000000000e+04
4.034972839808768051e-03, 1.468500000000000000e+04
4.039935906032395517e-03, 1.590600000000000000e+04
4.044898972256022116e-03, 1.725700000000000000e+04
4.049862038479649581e-03, 1.870600000000000000e+04
4.054825104703276180e-03, 2.023300000000000000e+04
4.059788170926903646e-03, 2.185000000000000000e+04
4.064751237150530244e-03, 2.355500000000000000e+04
4.069714303374157710e-03, 2.538700000000000000e+04
4.074677369597784309e-03, 2.730200000000000000e+04
4.079640435821411774e-03, 2.922400000000000000e+04
4.084603502045038373e-03, 3.116100000000000000e+04
4.089566568268665839e-03, 3.311700000000000000e+04
4.094529634492292437e-03, 3.510300000000000000e+04
4.099492700715919903e-03, 3.713300000000000000e+04
4.104455766939546502e-03, 3.912200000000000000e+04
4.109418833163173967e-03, 4.101100000000000000e+04
4.114381899386800566e-03, 4.278600000000000000e+04
4.119344965610428032e-03, 4.444800000000000000e+04
4.124308031834054630e-03, 4.611600000000000000e+04
4.129271098057682096e-03, 4.767900000000000000e+04
4.134234164281308695e-03, 4.912400000000000000e+04
4.139197230504936161e-03, 5.041000000000000000e+04
4.144160296728562759e-03, 5.150900000000000000e+04
4.149123362952190225e-03, 5.242000000000000000e+04
4.154086429175816823e-03, 5.318600000000000000e+04
4.159049495399443422e-03, 5.378800000000000000e+04
4.164012561623070888e-03, 5.420800000000000000e+04
4.168975627846697486e-03, 5.444500000000000000e+04
4.173938694070324952e-03, 5.453800000000000000e+04
4.178901760293951551e-03, 5.448500000000000000e+04
4.183864826517579016e-03, 5.422600000000000000e+04
4.188827892741205615e-03, 5.378700000000000000e+04
4.193790958964833081e-03, 5.312300000000000000e+04
4.198754025188459679e-03, 5.230100000000000000e+04
4.203717091412087145e-03, 5.130400000000000000e+04
4.208680157635713744e-03, 5.018500000000000000e+04
4.213643223859341209e-03, 4.890600000000000000e+04
4.218606290082967808e-03, 4.746600000000000000e+04
4.223569356306595274e-03, 4.592800000000000000e+04
4.228532422530221872e-03, 4.431600000000000000e+04
4.233495488753849338e-03, 4.258500000000000000e+04
4.238458554977475937e-03, 4.070200000000000000e+04
4.243421621201103403e-03, 3.874900000000000000e+04
4.248384687424730001e-03, 3.677000000000000000e+04
4.253347753648357467e-03, 3.479300000000000000e+04
4.258310819871984065e-03, 3.281100000000000000e+04
4.263273886095611531e-03, 3.081500000000000000e+04
4.268236952319238130e-03, 2.882200000000000000e+04
4.273200018542865596e-03, 2.684600000000000000e+04
4.278163084766492194e-03, 2.494000000000000000e+04
4.283126150990119660e-03, 2.314200000000000000e+04
4.288089217213746258e-03, 2.143500000000000000e+04
4.293052283437373724e-03, 1.978700000000000000e+04
4.298015349661000323e-03, 1.826100000000000000e+04
4.302978415884627789e-03, 1.682200000000000000e+04
4.307941482108254387e-03, 1.551100000000000000e+04
4.312904548331881853e-03, 1.436300000000000000e+04
4.317867614555508451e-03, 1.332800000000000000e+04
4.322830680779135917e-03, 1.245300000000000000e+04
4.327793747002762516e-03, 1.177100000000000000e+04
4.332756813226389982e-03, 1.132900000000000000e+04
4.337719879450016580e-03, 1.106000000000000000e+04
4.342682945673644046e-03, 1.096600000000000000e+04
4.347646011897270645e-03, 1.106200000000000000e+04
4.352609078120898110e-03, 1.131600000000000000e+04
4.357572144344524709e-03, 1.170400000000000000e+04
4.362535210568151307e-03, 1.226000000000000000e+04
4.367498276791778773e-03, 1.304400000000000000e+04
4.372461343015405372e-03, 1.404800000000000000e+04
4.377424409239032838e-03, 1.521100000000000000e+04
4.382387475462659436e-03, 1.651000000000000000e+04
4.387350541686286902e-03, 1.792700000000000000e+04
4.392313607909913500e-03, 1.945600000000000000e+04
4.397276674133540966e-03, 2.103800000000000000e+04
4.402239740357167565e-03, 2.268500000000000000e+04
4.407202806580795031e-03, 2.443900000000000000e+04
4.412165872804421629e-03, 2.629800000000000000e+04
4.417128939028049095e-03, 2.820400000000000000e+04
4.422092005251675693e-03, 3.011100000000000000e+04
4.427055071475303159e-03, 3.203000000000000000e+04
4.432018137698929758e-03, 3.397900000000000000e+04
4.436981203922557224e-03, 3.597300000000000000e+04
4.441944270146183822e-03, 3.799100000000000000e+04
4.446907336369811288e-03, 3.994200000000000000e+04
4.451870402593437887e-03, 4.176200000000000000e+04
4.456833468817065352e-03, 4.346400000000000000e+04
4.461796535040691951e-03, 4.510600000000000000e+04
4.466759601264319417e-03, 4.671800000000000000e+04
4.471722667487946015e-03, 4.824400000000000000e+04
4.476685733711573481e-03, 4.961300000000000000e+04
4.481648799935200080e-03, 5.081800000000000000e+04
4.486611866158827545e-03, 5.185500000000000000e+04
4.491574932382454144e-03, 5.271300000000000000e+04
4.496537998606081610e-03, 5.337900000000000000e+04
4.501501064829708208e-03, 5.385900000000000000e+04
4.506464131053335674e-03, 5.415600000000000000e+04
4.511427197276962273e-03, 5.429400000000000000e+04
4.516390263500589738e-03, 5.430900000000000000e+04
4.521353329724216337e-03, 5.415900000000000000e+04
4.526316395947843803e-03, 5.382900000000000000e+04
4.531279462171470401e-03, 5.332200000000000000e+04
4.536242528395097867e-03, 5.260300000000000000e+04
4.541205594618724466e-03, 5.172700000000000000e+04
4.546168660842351932e-03, 5.071400000000000000e+04
4.551131727065978530e-03, 4.957700000000000000e+04
4.556094793289605129e-03, 4.825300000000000000e+04
4.561057859513232594e-03, 4.680700000000000000e+04
4.566020925736859193e-03, 4.531200000000000000e+04
4.570983991960486659e-03, 4.372500000000000000e+04
4.575947058184113257e-03, 4.199900000000000000e+04
4.580910124407740723e-03, 4.012900000000000000e+04
4.585873190631367322e-03, 3.822300000000000000e+04
4.590836256854994787e-03, 3.628500000000000000e+04
4.595799323078621386e-03, 3.432100000000000000e+04
4.600762389302248852e-03, 3.234000000000000000e+04
4.605725455525875450e-03, 3.033500000000000000e+04
4.610688521749502916e-03, 2.834000000000000000e+04
4.615651587973129515e-03, 2.636100000000000000e+04
4.620614654196756980e-03, 2.447700000000000000e+04
4.625577720420383579e-03, 2.267000000000000000e+04
4.630540786644011045e-03, 2.096800000000000000e+04
4.635503852867637643e-03, 1.932900000000000000e+04
4.640466919091265109e-03, 1.780000000000000000e+04
4.645429985314891708e-03, 1.641400000000000000e+04
4.650393051538519174e-03, 1.514000000000000000e+04
4.655356117762145772e-03, 1.403000000000000000e+04
4.660319183985773238e-03, 1.305500000000000000e+04
4.665282250209399836e-03, 1.222700000000000000e+04
4.670245316433027302e-03, 1.163600000000000000e+04
4.675208382656653901e-03, 1.125100000000000000e+04
4.680171448880281367e-03, 1.103600000000000000e+04
4.685134515103907965e-03, 1.100400000000000000e+04
4.690097581327535431e-03, 1.113900000000000000e+04
4.695060647551162029e-03, 1.141900000000000000e+04
4.700023713774789495e-03, 1.184000000000000000e+04
4.704986779998416094e-03, 1.243800000000000000e+04
4.709949846222043560e-03, 1.325100000000000000e+04
4.714912912445670158e-03, 1.425700000000000000e+04
4.719875978669297624e-03, 1.542800000000000000e+04
4.724839044892924222e-03, 1.673900000000000000e+04
4.729802111116551688e-03, 1.818700000000000000e+04
4.734765177340178287e-03, 1.973600000000000000e+04
4.739728243563805753e-03, 2.136100000000000000e+04
4.744691309787432351e-03, 2.306100000000000000e+04
4.749654376011059817e-03, 2.487700000000000000e+04
4.754617442234686416e-03, 2.675700000000000000e+04
4.759580508458313014e-03, 2.864400000000000000e+04
4.764543574681940480e-03, 3.052000000000000000e+04
4.769506640905567078e-03, 3.242200000000000000e+04
4.774469707129194544e-03, 3.436600000000000000e+04
4.779432773352821143e-03, 3.636600000000000000e+04
4.784395839576448609e-03, 3.836500000000000000e+04
4.789358905800075207e-03, 4.028300000000000000e+04
4.794321972023702673e-03, 4.208500000000000000e+04
4.799285038247329271e-03, 4.376200000000000000e+04
4.804248104470956737e-03, 4.544500000000000000e+04
4.809211170694583336e-03, 4.703900000000000000e+04
4.814174236918210802e-03, 4.855100000000000000e+04
4.819137303141837400e-03, 4.990600000000000000e+04
4.824100369365464866e-03, 5.107300000000000000e+04
4.829063435589091464e-03, 5.207600000000000000e+04
4.834026501812718930e-03, 5.291600000000000000e+04
4.838989568036345529e-03, 5.358600000000000000e+04
4.843952634259972995e-03, 5.408100000000000000e+04
4.848915700483599593e-03, 5.438600000000000000e+04
4.853878766707227059e-03, 5.452400000000000000e+04
4.858841832930853658e-03, 5.451400000000000000e+04
4.863804899154481123e-03, 5.430400000000000000e+04
4.868767965378107722e-03, 5.391200000000000000e+04
4.873731031601735188e-03, 5.331500000000000000e+04
4.878694097825361786e-03, 5.253100000000000000e+04
4.883657164048989252e-03, 5.157800000000000000e+04
4.888620230272615851e-03, 5.053400000000000000e+04
4.893583296496243316e-03, 4.935700000000000000e+04
4.898546362719869915e-03, 4.798500000000000000e+04
4.903509428943497381e-03, 4.648400000000000000e+04
4.908472495167123979e-03, 4.492000000000000000e+04
4.913435561390751445e-03, 4.324900000000000000e+04
4.918398627614378044e-03, 4.142700000000000000e+04
4.923361693838005509e-03, 3.950200000000000000e+04
4.928324760061632108e-03, 3.756000000000000000e+04
4.933287826285259574e-03, 3.559400000000000000e+04
4.938250892508886172e-03, 3.361400000000000000e+04
4.943213958732513638e-03, 3.161700000000000000e+04
4.948177024956140237e-03, 2.960200000000000000e+04
4.953140091179766835e-03, 2.759700000000000000e+04
4.958103157403394301e-03, 2.563000000000000000e+04
4.963066223627020900e-03, 2.378200000000000000e+04
4.968029289850648365e-03, 2.201200000000000000e+04
4.972992356074274964e-03, 2.033400000000000000e+04
4.977955422297902430e-03, 1.876300000000000000e+04
4.982918488521529028e-03, 1.727900000000000000e+04
4.987881554745156494e-03, 1.594700000000000000e+04
4.992844620968783093e-03, 1.474200000000000000e+04
4.997807687192410558e-03, 1.366700000000000000e+04
5.002770753416037157e-03, 1.275800000000000000e+04
5.007733819639664623e-03, 1.199500000000000000e+04
5.012696885863291221e-03, 1.152700000000000000e+04
5.017659952086918687e-03, 1.126200000000000000e+04
5.022623018310545286e-03, 1.115800000000000000e+04
5.027586084534172751e-03, 1.122800000000000000e+04
5.032549150757799350e-03, 1.145800000000000000e+04
5.037512216981426816e-03, 1.180500000000000000e+04
5.042475283205053414e-03, 1.229800000000000000e+04
5.047438349428680880e-03, 1.296600000000000000e+04
5.052401415652307479e-03, 1.384100000000000000e+04
5.057364481875934945e-03, 1.488200000000000000e+04
5.062327548099561543e-03, 1.608000000000000000e+04
5.067290614323189009e-03, 1.742400000000000000e+04
5.072253680546815607e-03, 1.888900000000000000e+04
5.077216746770443073e-03, 2.041500000000000000e+04
5.082179812994069672e-03, 2.200600000000000000e+04
5.087142879217697138e-03, 2.367700000000000000e+04
5.092105945441323736e-03, 2.547600000000000000e+04
5.097069011664951202e-03, 2.736100000000000000e+04
5.102032077888577800e-03, 2.926000000000000000e+04
5.106995144112205266e-03, 3.118000000000000000e+04
5.111958210335831865e-03, 3.312200000000000000e+04
5.116921276559459331e-03, 3.510000000000000000e+04
5.121884342783085929e-03, 3.712500000000000000e+04
5.126847409006713395e-03, 3.911100000000000000e+04
5.131810475230339993e-03, 4.098900000000000000e+04
5.136773541453967459e-03, 4.275100000000000000e+04
5.141736607677594058e-03, 4.440800000000000000e+04
5.146699673901220656e-03, 4.608100000000000000e+04
5.151662740124848122e-03, 4.765300000000000000e+04
5.156625806348474721e-03, 4.910700000000000000e+04
5.161588872572102187e-03, 5.040100000000000000e+04
5.166551938795728785e-03, 5.150600000000000000e+04
5.171515005019356251e-03, 5.242100000000000000e+04
5.176478071242982849e-03, 5.319100000000000000e+04
5.181441137466610315e-03, 5.379500000000000000e+04
5.186404203690236914e-03, 5.421500000000000000e+04
5.191367269913864380e-03, 5.445300000000000000e+04
5.196330336137490978e-03, 5.453700000000000000e+04
5.201293402361118444e-03, 5.446600000000000000e+04
5.206256468584745042e-03, 5.415400000000000000e+04
5.211219534808372508e-03, 5.364500000000000000e+04
5.216182601031999107e-03, 5.292100000000000000e+04
5.221145667255626573e-03, 5.205600000000000000e+04
5.226108733479253171e-03, 5.103700000000000000e+04
5.231071799702880637e-03, 4.991200000000000000e+04
5.236034865926507235e-03, 4.864100000000000000e+04
5.240997932150134701e-03, 4.721600000000000000e+04
5.245960998373761300e-03, 4.569900000000000000e+04
5.250924064597388766e-03, 4.411300000000000000e+04
5.255887130821015364e-03, 4.240600000000000000e+04
5.260850197044642830e-03, 4.055900000000000000e+04
5.265813263268269429e-03, 3.865400000000000000e+04
5.270776329491896894e-03, 3.670300000000000000e+04
5.275739395715523493e-03, 3.473800000000000000e+04
5.280702461939150959e-03, 3.276000000000000000e+04
5.285665528162777557e-03, 3.076500000000000000e+04
5.290628594386405023e-03, 2.877300000000000000e+04
5.295591660610031622e-03, 2.679900000000000000e+04
5.300554726833659087e-03, 2.489600000000000000e+04
5.305517793057285686e-03, 2.310100000000000000e+04
5.310480859280913152e-03, 2.139900000000000000e+04
5.315443925504539750e-03, 1.975400000000000000e+04
5.320406991728167216e-03, 1.823200000000000000e+04
5.325370057951793815e-03, 1.680900000000000000e+04
5.330333124175421280e-03, 1.550900000000000000e+04
5.335296190399047879e-03, 1.437200000000000000e+04
5.340259256622675345e-03, 1.333800000000000000e+04
5.345222322846301943e-03, 1.245800000000000000e+04
5.350185389069928542e-03, 1.177000000000000000e+04
5.355148455293556008e-03, 1.132300000000000000e+04
5.360111521517182606e-03, 1.105100000000000000e+04
5.365074587740810072e-03, 1.095400000000000000e+04
5.370037653964436671e-03, 1.104900000000000000e+04
5.375000720188064136e-03, 1.130300000000000000e+04
5.379963786411690735e-03, 1.169100000000000000e+04
5.384926852635318201e-03, 1.224800000000000000e+04
5.389889918858944799e-03, 1.300700000000000000e+04
5.394852985082572265e-03, 1.396800000000000000e+04
5.399816051306198864e-03, 1.511800000000000000e+04
5.404779117529826329e-03, 1.643000000000000000e+04
5.409742183753452928e-03, 1.787100000000000000e+04
5.414705249977080394e-03, 1.942500000000000000e+04
5.419668316200706992e-03, 2.102900000000000000e+04
5.424631382424334458e-03, 2.269200000000000000e+04
5.429594448647961057e-03, 2.445600000000000000e+04
5.434557514871588522e-03, 2.632200000000000000e+04
5.439520581095215121e-03, 2.823200000000000000e+04
5.444483647318842587e-03, 3.014000000000000000e+04
5.449446713542469185e-03, 3.205800000000000000e+04
5.454409779766096651e-03, 3.400100000000000000e+04
5.459372845989723250e-03, 3.598200000000000000e+04
5.464335912213350716e-03, 3.795000000000000000e+04
5.469298978436977314e-03, 3.982700000000000000e+04
5.474262044660604780e-03, 4.158100000000000000e+04
5.479225110884231378e-03, 4.323500000000000000e+04
5.484188177107858844e-03, 4.484900000000000000e+04
5.489151243331485443e-03, 4.645000000000000000e+04
5.494114309555112909e-03, 4.798100000000000000e+04
5.499077375778739507e-03, 4.936300000000000000e+04
5.504040442002366973e-03, 5.058900000000000000e+04
5.509003508225993571e-03, 5.164900000000000000e+04
5.513966574449621037e-03, 5.253200000000000000e+04
5.518929640673247636e-03, 5.325500000000000000e+04
5.523892706896875102e-03, 5.381700000000000000e+04
5.528855773120501700e-03, 5.420200000000000000e+04
5.533818839344129166e-03, 5.441500000000000000e+04
5.538781905567755764e-03, 5.448400000000000000e+04
5.543744971791382363e-03, 5.436800000000000000e+04
5.548708038015009829e-03, 5.405200000000000000e+04
5.553671104238636427e-03, 5.354600000000000000e+04
5.558634170462263893e-03, 5.281700000000000000e+04
5.563597236685890492e-03, 5.192500000000000000e+04
5.568560302909517958e-03, 5.089300000000000000e+04
5.573523369133144556e-03, 4.973400000000000000e+04
5.578486435356772022e-03, 4.839000000000000000e+04
5.583449501580398620e-03, 4.690400000000000000e+04
5.588412567804026086e-03, 4.535300000000000000e+04
5.593375634027652685e-03, 4.369500000000000000e+04
5.598338700251280151e-03, 4.189300000000000000e+04
5.603301766474906749e-03, 3.996000000000000000e+04
5.608264832698534215e-03, 3.801200000000000000e+04
5.613227898922160813e-03, 3.605100000000000000e+04
5.618190965145788279e-03, 3.408000000000000000e+04
5.623154031369414878e-03, 3.210600000000000000e+04
5.628117097593042344e-03, 3.011500000000000000e+04
5.633080163816668942e-03, 2.813900000000000000e+04
5.638043230040296408e-03, 2.618200000000000000e+04
5.643006296263923006e-03, 2.432000000000000000e+04
5.647969362487550472e-03, 2.254000000000000000e+04
5.652932428711177071e-03, 2.086700000000000000e+04
5.657895494934804537e-03, 1.924700000000000000e+04
5.662858561158431135e-03, 1.773000000000000000e+04
5.667821627382058601e-03, 1.635400000000000000e+04
5.672784693605685200e-03, 1.508800000000000000e+04
5.677747759829312665e-03, 1.398500000000000000e+04
5.682710826052939264e-03, 1.301700000000000000e+04
5.687673892276566730e-03, 1.219400000000000000e+04
5.692636958500193328e-03, 1.160800000000000000e+04
5.697600024723820794e-03, 1.122700000000000000e+04
5.702563090947447393e-03, 1.101600000000000000e+04
5.707526157171074858e-03, 1.098700000000000000e+04
5.712489223394701457e-03, 1.113900000000000000e+04
5.717452289618328923e-03, 1.144100000000000000e+04
5.722415355841955521e-03, 1.187200000000000000e+04
5.727378422065582987e-03, 1.246600000000000000e+04
5.732341488289209586e-03, 1.326900000000000000e+04
5.737304554512837051e-03, 1.426500000000000000e+04
5.742267620736463650e-03, 1.542700000000000000e+04
5.747230686960090248e-03, 1.673100000000000000e+04
5.752193753183717714e-03, 1.817400000000000000e+04
5.757156819407344313e-03, 1.972100000000000000e+04
5.762119885630971779e-03, 2.134500000000000000e+04
5.767082951854598377e-03, 2.304400000000000000e+04
5.772046018078225843e-03, 2.486100000000000000e+04
5.777009084301852442e-03, 2.676800000000000000e+04
5.781972150525479907e-03, 2.870400000000000000e+04
5.786935216749106506e-03, 3.064000000000000000e+04
5.791898282972733972e-03, 3.260200000000000000e+04
5.796861349196360570e-03, 3.459300000000000000e+04
5.801824415419988036e-03, 3.662100000000000000e+04
5.806787481643614635e-03, 3.863200000000000000e+04
5.811750547867242100e-03, 4.054600000000000000e+04
5.816713614090868699e-03, 4.233600000000000000e+04
5.821676680314496165e-03, 4.399300000000000000e+04
5.826639746538122763e-03, 4.565300000000000000e+04
5.831602812761750229e-03, 4.722300000000000000e+04
5.836565878985376828e-03, 4.871000000000000000e+04
5.841528945209004293e-03, 5.004000000000000000e+04
5.846492011432630892e-03, 5.117500000000000000e+04
5.851455077656258358e-03, 5.215800000000000000e+04
5.856418143879884956e-03, 5.298400000000000000e+04
5.861381210103512422e-03, 5.364400000000000000e+04
5.866344276327139021e-03, 5.413100000000000000e+04
5.871307342550766487e-03, 5.442900000000000000e+04
5.876270408774393085e-03, 5.456200000000000000e+04
5.881233474998020551e-03, 5.454600000000000000e+04
5.886196541221647149e-03, 5.433100000000000000e+04
5.891159607445274615e-03, 5.393600000000000000e+04
5.896122673668901214e-03, 5.333500000000000000e+04
5.901085739892528680e-03, 5.254700000000000000e+04
5.906048806116155278e-03, 5.158100000000000000e+04
5.911011872339782744e-03, 5.050500000000000000e+04
5.915974938563409342e-03, 4.927100000000000000e+04
5.920938004787036808e-03, 4.783100000000000000e+04
5.925901071010663407e-03, 4.627300000000000000e+04
5.930864137234290873e-03, 4.467100000000000000e+04
5.935827203457917471e-03, 4.298100000000000000e+04
5.940790269681544070e-03, 4.115600000000000000e+04
5.945753335905171535e-03, 3.924000000000000000e+04
5.950716402128798134e-03, 3.731600000000000000e+04
5.955679468352425600e-03, 3.537300000000000000e+04
5.960642534576052198e-03, 3.341700000000000000e+04
5.965605600799679664e-03, 3.144400000000000000e+04
5.970568667023306263e-03, 2.945800000000000000e+04
5.975531733246933729e-03, 2.748600000000000000e+04
5.980494799470560327e-03, 2.558700000000000000e+04
5.985457865694187793e-03, 2.382800000000000000e+04
5.990420931917814391e-03, 2.213700000000000000e+04
5.995383998141441857e-03, 2.051700000000000000e+04
6.000347064365068456e-03, 1.898300000000000000e+04
6.005310130588695922e-03, 1.751600000000000000e+04
6.010273196812322520e-03, 1.618700000000000000e+04
6.015236263035949986e-03, 1.497300000000000000e+04
6.020199329259576584e-03, 1.388200000000000000e+04
6.025162395483204050e-03, 1.295100000000000000e+04
6.030125461706830649e-03, 1.216700000000000000e+04
6.035088527930458115e-03, 1.164300000000000000e+04
6.040051594154084713e-03, 1.129800000000000000e+04
6.045014660377712179e-03, 1.110700000000000000e+04
6.049977726601338777e-03, 1.110300000000000000e+04
6.054940792824966243e-03, 1.128000000000000000e+04
6.059903859048592842e-03, 1.159500000000000000e+04
6.064866925272220308e-03, 1.207400000000000000e+04
6.069829991495846906e-03, 1.274200000000000000e+04
6.074793057719474372e-03, 1.362600000000000000e+04
6.079756123943100971e-03, 1.468300000000000000e+04
6.084719190166728436e-03, 1.590100000000000000e+04
6.089682256390355035e-03, 1.726600000000000000e+04
6.094645322613982501e-03, 1.875200000000000000e+04
6.099608388837609099e-03, 2.031600000000000000e+04
6.104571455061236565e-03, 2.196500000000000000e+04
6.109534521284863164e-03, 2.370800000000000000e+04
6.114497587508490629e-03, 2.558300000000000000e+04
6.119460653732117228e-03, 2.753000000000000000e+04
6.124423719955744694e-03, 2.947200000000000000e+04
6.129386786179371292e-03, 3.141400000000000000e+04
6.134349852402998758e-03, 3.336300000000000000e+04
6.139312918626625357e-03, 3.533500000000000000e+04
6.144275984850251955e-03, 3.734500000000000000e+04
6.149239051073879421e-03, 3.931200000000000000e+04
6.154202117297506019e-03, 4.116800000000000000e+04
6.159165183521133485e-03, 4.290800000000000000e+04
6.164128249744760084e-03, 4.454400000000000000e+04
6.169091315968387550e-03, 4.618800000000000000e+04
6.174054382192014148e-03, 4.773500000000000000e+04
6.179017448415641614e-03, 4.917400000000000000e+04
6.183980514639268213e-03, 5.045800000000000000e+04
6.188943580862895678e-03, 5.155400000000000000e+04
6.193906647086522277e-03, 5.246300000000000000e+04
6.198869713310149743e-03, 5.322700000000000000e+04
6.203832779533776341e-03, 5.382700000000000000e+04
6.208795845757403807e-03, 5.424300000000000000e+04
6.213758911981030406e-03, 5.447700000000000000e+04
6.218721978204657871e-03, 5.455700000000000000e+04
6.223685044428284470e-03, 5.448300000000000000e+04
6.228648110651911936e-03, 5.419900000000000000e+04
6.233611176875538534e-03, 5.373900000000000000e+04
6.238574243099166000e-03, 5.303000000000000000e+04
6.243537309322792599e-03, 5.214800000000000000e+04
6.248500375546420064e-03, 5.110100000000000000e+04
6.253463441770046663e-03, 4.994700000000000000e+04
6.258426507993674129e-03, 4.865100000000000000e+04
6.263389574217300727e-03, 4.720800000000000000e+04
6.268352640440928193e-03, 4.567800000000000000e+04
6.273315706664554792e-03, 4.408300000000000000e+04
6.278278772888182258e-03, 4.237300000000000000e+04
6.283241839111808856e-03, 4.052400000000000000e+04
6.288204905335436322e-03, 3.862100000000000000e+04
6.293167971559062920e-03, 3.668700000000000000e+04
6.298131037782690386e-03, 3.474500000000000000e+04
6.303094104006316985e-03, 3.277700000000000000e+04
6.308057170229944451e-03, 3.077800000000000000e+04
6.313020236453571049e-03, 2.877800000000000000e+04
6.317983302677198515e-03, 2.679500000000000000e+04
6.322946368900825113e-03, 2.488500000000000000e+04
6.327909435124452579e-03, 2.308500000000000000e+04
6.332872501348079178e-03, 2.137900000000000000e+04
6.337835567571705776e-03, 1.973300000000000000e+04
6.342798633795333242e-03, 1.821100000000000000e+04
6.347761700018959841e-03, 1.678900000000000000e+04
6.352724766242587306e-03, 1.549000000000000000e+04
6.357687832466213905e-03, 1.435500000000000000e+04
6.362650898689841371e-03, 1.333200000000000000e+04
6.367613964913467969e-03, 1.246000000000000000e+04
6.372577031137095435e-03, 1.177300000000000000e+04
6.377540097360722034e-03, 1.132400000000000000e+04
6.382503163584349500e-03, 1.104900000000000000e+04
6.387466229807976098e-03, 1.095000000000000000e+04
6.392429296031603564e-03, 1.104300000000000000e+04
6.397392362255230162e-03, 1.129600000000000000e+04
6.402355428478857628e-03, 1.168400000000000000e+04
6.407318494702484227e-03, 1.224000000000000000e+04
6.412281560926111693e-03, 1.299900000000000000e+04
6.417244627149738291e-03, 1.396100000000000000e+04
6.422207693373365757e-03, 1.508900000000000000e+04
6.427170759596992355e-03, 1.636100000000000000e+04
6.432133825820619821e-03, 1.778300000000000000e+04
6.437096892044246420e-03, 1.934700000000000000e+04
6.442059958267873886e-03, 2.097300000000000000e+04
6.447023024491500484e-03, 2.266100000000000000e+04
6.451986090715127950e-03, 2.444700000000000000e+04
6.456949156938754548e-03, 2.632900000000000000e+04
6.461912223162382014e-03, 2.825000000000000000e+04
6.466875289386008613e-03, 3.016500000000000000e+04
6.471838355609636079e-03, 3.208700000000000000e+04
6.476801421833262677e-03, 3.403100000000000000e+04
6.481764488056890143e-03, 3.601100000000000000e+04
6.486727554280516742e-03, 3.801100000000000000e+04
6.491690620504144207e-03, 3.994400000000000000e+04
6.496653686727770806e-03, 4.171700000000000000e+04
6.501616752951398272e-03, 4.335100000000000000e+04
6.506579819175024870e-03, 4.493100000000000000e+04
6.511542885398652336e-03, 4.649900000000000000e+04
6.516505951622278935e-03, 4.800000000000000000e+04
6.521469017845906400e-03, 4.936000000000000000e+04
6.526432084069532999e-03, 5.057000000000000000e+04
6.531395150293160465e-03, 5.162000000000000000e+04
6.536358216516787063e-03, 5.249700000000000000e+04
6.541321282740413662e-03, 5.321800000000000000e+04
6.546284348964041128e-03, 5.378100000000000000e+04
6.551247415187667726e-03, 5.415600000000000000e+04
6.556210481411295192e-03, 5.435800000000000000e+04
6.561173547634921790e-03, 5.442800000000000000e+04
6.566136613858549256e-03, 5.432100000000000000e+04
6.571099680082175855e-03, 5.401700000000000000e+04
6.576062746305803321e-03, 5.352100000000000000e+04
6.581025812529429919e-03, 5.280200000000000000e+04
6.585988878753057385e-03, 5.191700000000000000e+04
6.590951944976683984e-03, 5.089000000000000000e+04
6.595915011200311449e-03, 4.973500000000000000e+04
6.600878077423938048e-03, 4.839300000000000000e+04
6.605841143647565514e-03, 4.690900000000000000e+04
6.610804209871192112e-03, 4.535800000000000000e+04
6.615767276094819578e-03, 4.371400000000000000e+04
6.620730342318446177e-03, 4.193500000000000000e+04
6.625693408542073642e-03, 4.005000000000000000e+04
6.630656474765700241e-03, 3.816600000000000000e+04
6.635619540989327707e-03, 3.626200000000000000e+04
6.640582607212954305e-03, 3.433100000000000000e+04
6.645545673436581771e-03, 3.237700000000000000e+04
6.650508739660208370e-03, 3.039000000000000000e+04
6.655471805883835835e-03, 2.840600000000000000e+04
6.660434872107462434e-03, 2.643200000000000000e+04
6.665397938331089900e-03, 2.454800000000000000e+04
6.670361004554716498e-03, 2.274400000000000000e+04
6.675324070778343964e-03, 2.104500000000000000e+04
6.680287137001970563e-03, 1.941000000000000000e+04
6.685250203225598029e-03, 1.787800000000000000e+04
6.690213269449224627e-03, 1.653000000000000000e+04
6.695176335672852093e-03, 1.531600000000000000e+04
6.700139401896478691e-03, 1.426000000000000000e+04
6.705102468120106157e-03, 1.332200000000000000e+04
6.710065534343732756e-03, 1.251300000000000000e+04
6.715028600567360222e-03, 1.192500000000000000e+04
6.719991666790986820e-03, 1.153100000000000000e+04
6.724954733014614286e-03, 1.129800000000000000e+04
6.729917799238240884e-03, 1.124200000000000000e+04
6.734880865461867483e-03, 1.136400000000000000e+04
6.739843931685494949e-03, 1.163700000000000000e+04
6.744806997909121547e-03, 1.205300000000000000e+04
6.749770064132749013e-03, 1.264700000000000000e+04
6.754733130356375612e-03, 1.348200000000000000e+04
6.759696196580003077e-03, 1.452400000000000000e+04
6.764659262803629676e-03, 1.572500000000000000e+04
6.769622329027257142e-03, 1.705100000000000000e+04
6.774585395250883740e-03, 1.850100000000000000e+04
6.779548461474511206e-03, 2.004000000000000000e+04
6.784511527698137805e-03, 2.164600000000000000e+04
6.789474593921765271e-03, 2.332000000000000000e+04
6.794437660145391869e-03, 2.510900000000000000e+04
6.799400726369019335e-03, 2.698600000000000000e+04
6.804363792592645933e-03, 2.889300000000000000e+04
6.809326858816273399e-03, 3.079500000000000000e+04
6.814289925039899998e-03, 3.271500000000000000e+04
6.819252991263527464e-03, 3.467800000000000000e+04
6.824216057487154062e-03, 3.669100000000000000e+04
6.829179123710781528e-03, 3.869300000000000000e+04
6.834142189934408126e-03, 4.060100000000000000e+04
6.839105256158035592e-03, 4.238600000000000000e+04
6.844068322381662191e-03, 4.403800000000000000e+04
6.849031388605289657e-03, 4.569300000000000000e+04
6.853994454828916255e-03, 4.725900000000000000e+04
6.858957521052543721e-03, 4.874200000000000000e+04
6.863920587276170319e-03, 5.006700000000000000e+04
6.868883653499797785e-03, 5.119900000000000000e+04
6.873846719723424384e-03, 5.216700000000000000e+04
6.878809785947051850e-03, 5.298000000000000000e+04
6.883772852170678448e-03, 5.363000000000000000e+04
6.888735918394305914e-03, 5.411800000000000000e+04
6.893698984617932513e-03, 5.442200000000000000e+04
6.898662050841559978e-03, 5.456100000000000000e+04
6.903625117065186577e-03, 5.455000000000000000e+04
6.908588183288814043e-03, 5.434000000000000000e+04
6.913551249512440641e-03, 5.394600000000000000e+04
6.918514315736068107e-03, 5.334700000000000000e+04
6.923477381959694706e-03, 5.256000000000000000e+04
6.928440448183321304e-03, 5.159400000000000000e+04
6.933403514406948770e-03, 5.051700000000000000e+04
6.938366580630575368e-03, 4.930100000000000000e+04
6.943329646854202834e-03, 4.789800000000000000e+04
6.948292713077829433e-03, 4.635200000000000000e+04
6.953255779301456899e-03, 4.473800000000000000e+04
6.958218845525083497e-03, 4.302900000000000000e+04
6.963181911748710963e-03, 4.118300000000000000e+04
6.968144977972337561e-03, 3.924900000000000000e+04
6.973108044195965027e-03, 3.731100000000000000e+04
6.978071110419591626e-03, 3.535800000000000000e+04
6.983034176643219092e-03, 3.339600000000000000e+04
6.987997242866845690e-03, 3.142100000000000000e+04
6.992960309090473156e-03, 2.943400000000000000e+04
6.997923375314099755e-03, 2.746300000000000000e+04
7.002886441537727220e-03, 2.553100000000000000e+04
7.007849507761353819e-03, 2.371400000000000000e+04
7.012812573984981285e-03, 2.195600000000000000e+04
7.017775640208607883e-03, 2.028300000000000000e+04
7.022738706432235349e-03, 1.871300000000000000e+04
7.027701772655861948e-03, 1.723100000000000000e+04
7.032664838879489413e-03, 1.590100000000000000e+04
7.037627905103116012e-03, 1.469900000000000000e+04
7.042590971326743478e-03, 1.362700000000000000e+04
7.047554037550370076e-03, 1.272100000000000000e+04
7.052517103773997542e-03, 1.196300000000000000e+04
7.057480169997624141e-03, 1.146600000000000000e+04
7.062443236221251606e-03, 1.114500000000000000e+04
7.067406302444878205e-03, 1.098900000000000000e+04
7.072369368668505671e-03, 1.102600000000000000e+04
7.077332434892132269e-03, 1.123100000000000000e+04
7.082295501115759735e-03, 1.155600000000000000e+04
7.087258567339386334e-03, 1.203800000000000000e+04
7.092221633563013800e-03, 1.270600000000000000e+04
7.097184699786640398e-03, 1.358900000000000000e+04
7.102147766010267864e-03, 1.464600000000000000e+04
7.107110832233894462e-03, 1.586500000000000000e+04
7.112073898457521928e-03, 1.723200000000000000e+04
7.117036964681148527e-03, 1.872000000000000000e+04
7.122000030904775993e-03, 2.028700000000000000e+04
7.126963097128402591e-03, 2.194000000000000000e+04
7.131926163352029190e-03, 2.367700000000000000e+04
7.136889229575656655e-03, 2.553100000000000000e+04
7.141852295799283254e-03, 2.747100000000000000e+04
7.146815362022910720e-03, 2.942100000000000000e+04
7.151778428246537318e-03, 3.137600000000000000e+04
7.156741494470164784e-03, 3.333900000000000000e+04
7.161704560693791383e-03, 3.532400000000000000e+04
7.166667626917418848e-03, 3.734400000000000000e+04
7.171630693141045447e-03, 3.931700000000000000e+04
7.176593759364672913e-03, 4.117700000000000000e+04
7.181556825588299511e-03, 4.292000000000000000e+04
7.186519891811926977e-03, 4.455600000000000000e+04
7.191482958035553576e-03, 4.620100000000000000e+04
7.196446024259181042e-03, 4.774700000000000000e+04
7.201409090482807640e-03, 4.917300000000000000e+04
7.206372156706435106e-03, 5.045300000000000000e+04
7.211335222930061704e-03, 5.155000000000000000e+04
7.216298289153689170e-03, 5.246200000000000000e+04
7.221261355377315769e-03, 5.322900000000000000e+04
7.226224421600943235e-03, 5.383100000000000000e+04
7.231187487824569833e-03, 5.424900000000000000e+04
7.236150554048197299e-03, 5.448400000000000000e+04
7.241113620271823897e-03, 5.456500000000000000e+04
7.246076686495451363e-03, 5.449100000000000000e+04
7.251039752719077962e-03, 5.420600000000000000e+04
7.256002818942705428e-03, 5.374600000000000000e+04
7.260965885166332026e-03, 5.306200000000000000e+04
7.265928951389959492e-03, 5.222500000000000000e+04
7.270892017613586090e-03, 5.119100000000000000e+04
7.275855083837213556e-03, 5.002300000000000000e+04
7.280818150060840155e-03, 4.870300000000000000e+04
7.285781216284467621e-03, 4.723500000000000000e+04
7.290744282508094219e-03, 4.568500000000000000e+04
7.295707348731721685e-03, 4.407500000000000000e+04
7.300670414955348284e-03, 4.235400000000000000e+04
7.305633481178975749e-03, 4.049800000000000000e+04
7.310596547402602348e-03, 3.859200000000000000e+04
7.315559613626229814e-03, 3.665700000000000000e+04
7.320522679849856412e-03, 3.471600000000000000e+04
7.325485746073483011e-03, 3.275900000000000000e+04
7.330448812297110477e-03, 3.077800000000000000e+04
7.335411878520737075e-03, 2.878500000000000000e+04
7.340374944744364541e-03, 2.680000000000000000e+04
7.345338010967991139e-03, 2.488500000000000000e+04
7.350301077191618605e-03, 2.307900000000000000e+04
7.355264143415245204e-03, 2.136900000000000000e+04
7.360227209638872670e-03, 1.972000000000000000e+04
7.365190275862499268e-03, 1.819700000000000000e+04
7.370153342086126734e-03, 1.677300000000000000e+04
7.375116408309753332e-03, 1.547500000000000000e+04
7.380079474533380798e-03, 1.434100000000000000e+04
7.385042540757007397e-03, 1.331800000000000000e+04
7.390005606980634863e-03, 1.245100000000000000e+04
7.394968673204261461e-03, 1.178300000000000000e+04
7.399931739427888927e-03, 1.134400000000000000e+04
7.404894805651515526e-03, 1.106800000000000000e+04
7.409857871875142991e-03, 1.096300000000000000e+04
7.414820938098769590e-03, 1.104800000000000000e+04
7.419784004322397056e-03, 1.129500000000000000e+04
7.424747070546023654e-03, 1.167800000000000000e+04
7.429710136769651120e-03, 1.223100000000000000e+04
7.434673202993277719e-03, 1.298800000000000000e+04
7.439636269216905184e-03, 1.394900000000000000e+04
7.444599335440531783e-03, 1.507700000000000000e+04
7.449562401664159249e-03, 1.635000000000000000e+04
7.454525467887785847e-03, 1.775800000000000000e+04
7.459488534111413313e-03, 1.929000000000000000e+04
7.464451600335039912e-03, 2.085500000000000000e+04
7.469414666558667378e-03, 2.247800000000000000e+04
7.474377732782293976e-03, 2.421300000000000000e+04
7.479340799005921442e-03, 2.606400000000000000e+04
7.484303865229548040e-03, 2.797200000000000000e+04
7.489266931453175506e-03, 2.988800000000000000e+04
7.494229997676802105e-03, 3.182300000000000000e+04
7.499193063900429571e-03, 3.378600000000000000e+04
7.504156130124056169e-03, 3.579100000000000000e+04
7.509119196347683635e-03, 3.781600000000000000e+04
7.514082262571310233e-03, 3.977500000000000000e+04
7.519045328794937699e-03, 4.160800000000000000e+04
7.524008395018564298e-03, 4.332300000000000000e+04
7.528971461242190896e-03, 4.499100000000000000e+04
7.533934527465818362e-03, 4.663100000000000000e+04
7.538897593689444961e-03, 4.818400000000000000e+04
7.543860659913072426e-03, 4.957500000000000000e+04
7.548823726136699025e-03, 5.079800000000000000e+04
7.553786792360326491e-03, 5.184700000000000000e+04
7.558749858583953089e-03, 5.271400000000000000e+04
7.563712924807580555e-03, 5.341800000000000000e+04
7.568675991031207154e-03, 5.396100000000000000e+04
7.573639057254834620e-03, 5.431500000000000000e+04
7.578602123478461218e-03, 5.449500000000000000e+04
7.583565189702088684e-03, 5.453400000000000000e+04
7.588528255925715282e-03, 5.438600000000000000e+04
7.593491322149342748e-03, 5.405700000000000000e+04
7.598454388372969347e-03, 5.355400000000000000e+04
7.603417454596596813e-03, 5.283400000000000000e+04
7.608380520820223411e-03, 5.195000000000000000e+04
7.613343587043850877e-03, 5.092500000000000000e+04
7.618306653267477475e-03, 4.977100000000000000e+04
7.623269719491104941e-03, 4.842800000000000000e+04
7.628232785714731540e-03, 4.694200000000000000e+04
7.633195851938359006e-03, 4.538900000000000000e+04
7.638158918161985604e-03, 4.374200000000000000e+04
7.643121984385613070e-03, 4.196000000000000000e+04
7.648085050609239668e-03, 4.004800000000000000e+04
7.653048116832867134e-03, 3.811500000000000000e+04
7.658011183056493733e-03, 3.615000000000000000e+04
7.662974249280121199e-03, 3.415600000000000000e+04
7.667937315503747797e-03, 3.215400000000000000e+04
7.672900381727375263e-03, 3.013700000000000000e+04
7.677863447951001862e-03, 2.814100000000000000e+04
7.682826514174629327e-03, 2.616900000000000000e+04
7.687789580398255926e-03, 2.429800000000000000e+04
7.692752646621883392e-03, 2.251200000000000000e+04
7.697715712845509990e-03, 2.083700000000000000e+04
7.702678779069137456e-03, 1.922600000000000000e+04
7.707641845292764055e-03, 1.771800000000000000e+04
7.712604911516391520e-03, 1.635400000000000000e+04
7.717567977740018119e-03, 1.509700000000000000e+04
7.722531043963644717e-03, 1.399600000000000000e+04
7.727494110187272183e-03, 1.302200000000000000e+04
7.732457176410898782e-03, 1.219200000000000000e+04
7.737420242634526248e-03, 1.159800000000000000e+04
7.742383308858152846e-03, 1.121200000000000000e+04
7.747346375081780312e-03, 1.099800000000000000e+04
7.752309441305406910e-03, 1.096800000000000000e+04
7.757272507529034376e-03, 1.111800000000000000e+04
7.762235573752660975e-03, 1.142100000000000000e+04
7.767198639976288441e-03, 1.186500000000000000e+04
7.772161706199915039e-03, 1.248600000000000000e+04
7.777124772423542505e-03, 1.332000000000000000e+04
7.782087838647169104e-03, 1.434100000000000000e+04
7.787050904870796569e-03, 1.554600000000000000e+04
7.792013971094423168e-03, 1.690200000000000000e+04
7.796977037318050634e-03, 1.838900000000000000e+04
7.801940103541677232e-03, 1.996300000000000000e+04
7.806903169765304698e-03, 2.159900000000000000e+04
7.811866235988931297e-03, 2.329700000000000000e+04
7.816829302212557895e-03, 2.510300000000000000e+04
7.821792368436185361e-03, 2.699100000000000000e+04
7.826755434659812827e-03, 2.890600000000000000e+04
7.831718500883440293e-03, 3.081200000000000000e+04
7.836681567107066024e-03, 3.273400000000000000e+04
7.841644633330693490e-03, 3.468800000000000000e+04
7.846607699554320955e-03, 3.668800000000000000e+04
7.851570765777948421e-03, 3.868100000000000000e+04
7.856533832001574152e-03, 4.059200000000000000e+04
7.861496898225201618e-03, 4.238200000000000000e+04
7.866459964448829084e-03, 4.404100000000000000e+04
7.871423030672456550e-03, 4.570100000000000000e+04
7.876386096896082281e-03, 4.727000000000000000e+04
7.881349163119709747e-03, 4.875500000000000000e+04
7.886312229343337213e-03, 5.008100000000000000e+04
7.891275295566964679e-03, 5.121300000000000000e+04
7.896238361790590410e-03, 5.218100000000000000e+04
7.901201428014217876e-03, 5.299200000000000000e+04
7.906164494237845342e-03, 5.363900000000000000e+04
7.911127560461472807e-03, 5.411200000000000000e+04
7.916090626685098539e-03, 5.440300000000000000e+04
7.921053692908726004e-03, 5.454200000000000000e+04
7.926016759132353470e-03, 5.453700000000000000e+04
7.930979825355979201e-03, 5.433300000000000000e+04
7.935942891579606667e-03, 5.394700000000000000e+04
7.940905957803234133e-03, 5.335200000000000000e+04
7.945869024026861599e-03, 5.256900000000000000e+04
7.950832090250487330e-03, 5.160400000000000000e+04
7.955795156474114796e-03, 5.052900000000000000e+04
7.960758222697742262e-03, 4.931300000000000000e+04
7.965721288921369728e-03, 4.790900000000000000e+04
7.970684355144995459e-03, 4.638300000000000000e+04
7.975647421368622925e-03, 4.480100000000000000e+04
7.980610487592250391e-03, 4.310700000000000000e+04
7.985573553815877856e-03, 4.125100000000000000e+04
7.990536620039503587e-03, 3.929800000000000000e+04
7.995499686263131053e-03, 3.733900000000000000e+04
8.000462752486758519e-03, 3.536800000000000000e+04
8.005425818710385985e-03, 3.339300000000000000e+04
8.010388884934011716e-03, 3.140800000000000000e+04
8.015351951157639182e-03, 2.941500000000000000e+04
8.020315017381266648e-03, 2.744000000000000000e+04
8.025278083604894114e-03, 2.550700000000000000e+04
8.030241149828519845e-03, 2.369000000000000000e+04
8.035204216052147311e-03, 2.194400000000000000e+04
8.040167282275774777e-03, 2.027900000000000000e+04
8.045130348499402242e-03, 1.875800000000000000e+04
8.050093414723027974e-03, 1.734700000000000000e+04
8.055056480946655439e-03, 1.608400000000000000e+04
8.060019547170282905e-03, 1.492900000000000000e+04
8.064982613393910371e-03, 1.388600000000000000e+04
8.069945679617536102e-03, 1.299000000000000000e+04
8.074908745841163568e-03, 1.222700000000000000e+04
8.079871812064791034e-03, 1.171600000000000000e+04
8.084834878288418500e-03, 1.137500000000000000e+04
8.089797944512044231e-03, 1.119600000000000000e+04
8.094761010735671697e-03, 1.120800000000000000e+04
8.099724076959299163e-03, 1.139600000000000000e+04
8.104687143182926629e-03, 1.171600000000000000e+04
8.109650209406552360e-03, 1.222600000000000000e+04
8.114613275630179826e-03, 1.294400000000000000e+04
8.119576341853807291e-03, 1.387100000000000000e+04
8.124539408077433023e-03, 1.495800000000000000e+04
8.129502474301060488e-03, 1.618800000000000000e+04
8.134465540524687954e-03, 1.755100000000000000e+04
8.139428606748315420e-03, 1.902400000000000000e+04
8.144391672971941151e-03, 2.056800000000000000e+04
8.149354739195568617e-03, 2.219300000000000000e+04
8.154317805419196083e-03, 2.390100000000000000e+04
8.159280871642823549e-03, 2.572500000000000000e+04
8.164243937866449280e-03, 2.762400000000000000e+04
8.169207004090076746e-03, 2.952500000000000000e+04
8.174170070313704212e-03, 3.145300000000000000e+04
8.179133136537331678e-03, 3.340300000000000000e+04
8.184096202760957409e-03, 3.538200000000000000e+04
8.189059268984584875e-03, 3.739900000000000000e+04
8.194022335208212340e-03, 3.937000000000000000e+04
8.198985401431839806e-03, 4.122700000000000000e+04
8.203948467655465537e-03, 4.296600000000000000e+04
8.208911533879093003e-03, 4.459900000000000000e+04
8.213874600102720469e-03, 4.623900000000000000e+04
8.218837666326347935e-03, 4.778100000000000000e+04
8.223800732549973666e-03, 4.920200000000000000e+04
8.228763798773601132e-03, 5.047000000000000000e+04
8.233726864997228598e-03, 5.155500000000000000e+04
8.238689931220856064e-03, 5.241400000000000000e+04
8.243652997444481795e-03, 5.310800000000000000e+04
8.248616063668109261e-03, 5.364400000000000000e+04
8.253579129891736726e-03, 5.401500000000000000e+04
8.258542196115364192e-03, 5.422300000000000000e+04
8.263505262338989923e-03, 5.429500000000000000e+04
8.268468328562617389e-03, 5.422600000000000000e+04
8.273431394786244855e-03, 5.395600000000000000e+04
8.278394461009872321e-03, 5.351600000000000000e+04
8.283357527233498052e-03, 5.285600000000000000e+04
8.288320593457125518e-03, 5.204400000000000000e+04
8.293283659680752984e-03, 5.106400000000000000e+04
8.298246725904380450e-03, 4.996000000000000000e+04
8.303209792128006181e-03, 4.867500000000000000e+04
8.308172858351633647e-03, 4.721200000000000000e+04
8.313135924575261113e-03, 4.565500000000000000e+04
8.318098990798886844e-03, 4.403500000000000000e+04
8.323062057022514310e-03, 4.230600000000000000e+04
8.328025123246141775e-03, 4.044500000000000000e+04
8.332988189469769241e-03, 3.853600000000000000e+04
8.337951255693394972e-03, 3.660300000000000000e+04
8.342914321917022438e-03, 3.466400000000000000e+04
8.347877388140649904e-03, 3.271100000000000000e+04
8.352840454364277370e-03, 3.073400000000000000e+04
8.357803520587903101e-03, 2.875600000000000000e+04
8.362766586811530567e-03, 2.678900000000000000e+04
8.367729653035158033e-03, 2.488500000000000000e+04
8.372692719258785499e-03, 2.308000000000000000e+04
8.377655785482411230e-03, 2.136600000000000000e+04
8.382618851706038696e-03, 1.971200000000000000e+04
8.387581917929666162e-03, 1.818500000000000000e+04
8.392544984153293627e-03, 1.675900000000000000e+04
8.397508050376919359e-03, 1.545900000000000000e+04
8.402471116600546824e-03, 1.432400000000000000e+04
8.407434182824174290e-03, 1.330200000000000000e+04
8.412397249047801756e-03, 1.243600000000000000e+04
8.417360315271427487e-03, 1.176900000000000000e+04
8.422323381495054953e-03, 1.133500000000000000e+04
8.427286447718682419e-03, 1.107400000000000000e+04
8.432249513942309885e-03, 1.098200000000000000e+04
8.437212580165935616e-03, 1.106700000000000000e+04
8.442175646389563082e-03, 1.130800000000000000e+04
8.447138712613190548e-03, 1.168400000000000000e+04
8.452101778836818013e-03, 1.223100000000000000e+04
8.457064845060443745e-03, 1.298300000000000000e+04
8.462027911284071210e-03, 1.394000000000000000e+04
8.466990977507698676e-03, 1.506600000000000000e+04
8.471954043731326142e-03, 1.633800000000000000e+04
8.476917109954951873e-03, 1.774600000000000000e+04
8.481880176178579339e-03, 1.927900000000000000e+04
8.486843242402206805e-03, 2.087600000000000000e+04
8.491806308625834271e-03, 2.254400000000000000e+04
8.496769374849460002e-03, 2.434100000000000000e+04
8.501732441073087468e-03, 2.625200000000000000e+04
8.506695507296714934e-03, 2.820500000000000000e+04
8.511658573520340665e-03, 3.014700000000000000e+04
8.516621639743968131e-03, 3.209200000000000000e+04
8.521584705967595597e-03, 3.405100000000000000e+04
8.526547772191223062e-03, 3.604100000000000000e+04
8.531510838414848794e-03, 3.804600000000000000e+04
8.536473904638476259e-03, 3.998100000000000000e+04
8.541436970862103725e-03, 4.178900000000000000e+04
8.546400037085731191e-03, 4.348000000000000000e+04
8.551363103309356922e-03, 4.512500000000000000e+04
8.556326169532984388e-03, 4.673300000000000000e+04
8.561289235756611854e-03, 4.826400000000000000e+04
8.566252301980239320e-03, 4.964100000000000000e+04
8.571215368203865051e-03, 5.085400000000000000e+04
8.576178434427492517e-03, 5.189500000000000000e+04
8.581141500651119983e-03, 5.275500000000000000e+04
8.586104566874747449e-03, 5.345400000000000000e+04
8.591067633098373180e-03, 5.399200000000000000e+04
8.596030699322000646e-03, 5.434200000000000000e+04
8.600993765545628111e-03, 5.451800000000000000e+04
8.605956831769255577e-03, 5.455300000000000000e+04
8.610919897992881308e-03, 5.440200000000000000e+04
8.615882964216508774e-03, 5.406000000000000000e+04
8.620846030440136240e-03, 5.353000000000000000e+04
8.625809096663763706e-03, 5.275500000000000000e+04
8.630772162887389437e-03, 5.180200000000000000e+04
8.635735229111016903e-03, 5.071900000000000000e+04
8.640698295334644369e-03, 4.952500000000000000e+04
8.645661361558271835e-03, 4.816100000000000000e+04
8.650624427781897566e-03, 4.667100000000000000e+04
8.655587494005525032e-03, 4.512600000000000000e+04
8.660550560229152497e-03, 4.349600000000000000e+04
8.665513626452779963e-03, 4.173600000000000000e+04
8.670476692676405694e-03, 3.984900000000000000e+04
8.675439758900033160e-03, 3.794000000000000000e+04
8.680402825123660626e-03, 3.600800000000000000e+04
8.685365891347288092e-03, 3.405400000000000000e+04
8.690328957570913823e-03, 3.211700000000000000e+04
8.695292023794541289e-03, 3.018600000000000000e+04
8.700255090018168755e-03, 2.826600000000000000e+04
8.705218156241796221e-03, 2.635100000000000000e+04
8.710181222465421952e-03, 2.451600000000000000e+04
8.715144288689049418e-03, 2.274700000000000000e+04
8.720107354912676884e-03, 2.107300000000000000e+04
8.725070421136302615e-03, 1.945300000000000000e+04
8.730033487359930081e-03, 1.792900000000000000e+04
8.734996553583557546e-03, 1.654500000000000000e+04
8.739959619807185012e-03, 1.526600000000000000e+04
8.744922686030810743e-03, 1.414300000000000000e+04
8.749885752254438209e-03, 1.316000000000000000e+04
8.754848818478065675e-03, 1.231300000000000000e+04
8.759811884701693141e-03, 1.170100000000000000e+04
8.764774950925318872e-03, 1.129600000000000000e+04
8.769738017148946338e-03, 1.106400000000000000e+04
8.774701083372573804e-03, 1.101900000000000000e+04
8.779664149596201270e-03, 1.115800000000000000e+04
8.784627215819827001e-03, 1.145000000000000000e+04
8.789590282043454467e-03, 1.188700000000000000e+04
8.794553348267081933e-03, 1.250300000000000000e+04
8.799516414490709398e-03, 1.333200000000000000e+04
8.804479480714335130e-03, 1.434900000000000000e+04
8.809442546937962595e-03, 1.552700000000000000e+04
8.814405613161590061e-03, 1.684500000000000000e+04
8.819368679385217527e-03, 1.832100000000000000e+04
8.824331745608843258e-03, 1.990500000000000000e+04
8.829294811832470724e-03, 2.156100000000000000e+04
8.834257878056098190e-03, 2.327800000000000000e+04
8.839220944279725656e-03, 2.510000000000000000e+04
8.844184010503351387e-03, 2.700100000000000000e+04
8.849147076726978853e-03, 2.892400000000000000e+04
8.854110142950606319e-03, 3.083500000000000000e+04
8.859073209174233784e-03, 3.275900000000000000e+04
8.864036275397859516e-03, 3.471400000000000000e+04
8.868999341621486981e-03, 3.671200000000000000e+04
8.873962407845114447e-03, 3.869700000000000000e+04
8.878925474068741913e-03, 4.059100000000000000e+04
8.883888540292367644e-03, 4.237100000000000000e+04
8.888851606515995110e-03, 4.403100000000000000e+04
8.893814672739622576e-03, 4.569600000000000000e+04
8.898777738963250042e-03, 4.727200000000000000e+04
8.903740805186875773e-03, 4.876200000000000000e+04
8.908703871410503239e-03, 5.009200000000000000e+04
8.913666937634130705e-03, 5.122600000000000000e+04
8.918630003857756436e-03, 5.219500000000000000e+04
8.923593070081383902e-03, 5.300700000000000000e+04
8.928556136305011368e-03, 5.365200000000000000e+04
8.933519202528638833e-03, 5.412500000000000000e+04
8.938482268752264565e-03, 5.441100000000000000e+04
8.943445334975892030e-03, 5.453500000000000000e+04
8.948408401199519496e-03, 5.451800000000000000e+04
8.953371467423146962e-03, 5.431400000000000000e+04
8.958334533646772693e-03, 5.393300000000000000e+04
8.963297599870400159e-03, 5.334600000000000000e+04
8.968260666094027625e-03, 5.256900000000000000e+04
8.973223732317655091e-03, 5.161000000000000000e+04
8.978186798541280822e-03, 5.053700000000000000e+04
8.983149864764908288e-03, 4.932400000000000000e+04
8.988112930988535754e-03, 4.792100000000000000e+04
8.993075997212163220e-03, 4.639500000000000000e+04
8.998039063435788951e-03, 4.481300000000000000e+04
9.003002129659416417e-03, 4.312600000000000000e+04
9.007965195883043882e-03, 4.129300000000000000e+04
9.012928262106671348e-03, 3.935000000000000000e+04
9.017891328330297079e-03, 3.738400000000000000e+04
9.022854394553924545e-03, 3.540100000000000000e+04
9.027817460777552011e-03, 3.341300000000000000e+04
9.032780527001179477e-03, 3.141600000000000000e+04
9.037743593224805208e-03, 2.941400000000000000e+04
9.042706659448432674e-03, 2.743300000000000000e+04
9.047669725672060140e-03, 2.549600000000000000e+04
9.052632791895687606e-03, 2.367700000000000000e+04
9.057595858119313337e-03, 2.193100000000000000e+04
9.062558924342940803e-03, 2.026500000000000000e+04
9.067521990566568268e-03, 1.870900000000000000e+04
9.072485056790195734e-03, 1.723600000000000000e+04
9.077448123013821465e-03, 1.591000000000000000e+04
9.082411189237448931e-03, 1.470300000000000000e+04
9.087374255461076397e-03, 1.362400000000000000e+04
9.092337321684703863e-03, 1.271100000000000000e+04
9.097300387908329594e-03, 1.194800000000000000e+04
9.102263454131957060e-03, 1.144700000000000000e+04
9.107226520355584526e-03, 1.112500000000000000e+04
9.112189586579210257e-03, 1.096900000000000000e+04
9.117152652802837723e-03, 1.100600000000000000e+04
9.122115719026465189e-03, 1.121900000000000000e+04
9.127078785250092655e-03, 1.156400000000000000e+04
9.132041851473718386e-03, 1.207200000000000000e+04
9.137004917697345852e-03, 1.276500000000000000e+04
9.141967983920973317e-03, 1.365100000000000000e+04
9.146931050144600783e-03, 1.469300000000000000e+04
9.151894116368226514e-03, 1.589100000000000000e+04
9.156857182591853980e-03, 1.723800000000000000e+04
9.161820248815481446e-03, 1.871000000000000000e+04
9.166783315039108912e-03, 2.026600000000000000e+04
9.171746381262734643e-03, 2.191200000000000000e+04
9.176709447486362109e-03, 2.364600000000000000e+04
9.181672513709989575e-03, 2.549800000000000000e+04
9.186635579933617041e-03, 2.742500000000000000e+04
9.191598646157242772e-03, 2.935400000000000000e+04
9.196561712380870238e-03, 3.129600000000000000e+04
9.201524778604497704e-03, 3.325200000000000000e+04
9.206487844828125169e-03, 3.520900000000000000e+04
9.211450911051750901e-03, 3.717700000000000000e+04
9.216413977275378366e-03, 3.910200000000000000e+04
9.221377043499005832e-03, 4.092800000000000000e+04
9.226340109722633298e-03, 4.265300000000000000e+04
9.231303175946259029e-03, 4.428700000000000000e+04
9.236266242169886495e-03, 4.594100000000000000e+04
9.241229308393513961e-03, 4.750400000000000000e+04
9.246192374617141427e-03, 4.895100000000000000e+04
9.251155440840767158e-03, 5.024700000000000000e+04
9.256118507064394624e-03, 5.136100000000000000e+04
9.261081573288022090e-03, 5.228600000000000000e+04
9.266044639511649555e-03, 5.306600000000000000e+04
9.271007705735275287e-03, 5.369100000000000000e+04
9.275970771958902752e-03, 5.413500000000000000e+04
9.280933838182530218e-03, 5.439700000000000000e+04
9.285896904406157684e-03, 5.450100000000000000e+04
9.290859970629783415e-03, 5.444500000000000000e+04
9.295823036853410881e-03, 5.417600000000000000e+04
9.300786103077038347e-03, 5.372600000000000000e+04
9.305749169300664078e-03, 5.305100000000000000e+04
9.310712235524291544e-03, 5.221900000000000000e+04
9.315675301747919010e-03, 5.121800000000000000e+04
9.320638367971546476e-03, 5.009400000000000000e+04
9.325601434195172207e-03, 4.880800000000000000e+04
9.330564500418799673e-03, 4.736300000000000000e+04
9.335527566642427139e-03, 4.584300000000000000e+04
9.340490632866054604e-03, 4.427100000000000000e+04
9.345453699089680336e-03, 4.258200000000000000e+04
9.350416765313307801e-03, 4.074500000000000000e+04
9.355379831536935267e-03, 3.884400000000000000e+04
9.360342897760562733e-03, 3.690300000000000000e+04
9.365305963984188464e-03, 3.494800000000000000e+04
9.370269030207815930e-03, 3.297200000000000000e+04
9.375232096431443396e-03, 3.096900000000000000e+04
9.380195162655070862e-03, 2.896200000000000000e+04
9.385158228878696593e-03, 2.696800000000000000e+04
9.390121295102324059e-03, 2.504500000000000000e+04
9.395084361325951525e-03, 2.322400000000000000e+04
9.400047427549578991e-03, 2.153400000000000000e+04
9.405010493773204722e-03, 1.993200000000000000e+04
9.409973559996832188e-03, 1.845300000000000000e+04
9.414936626220459653e-03, 1.706000000000000000e+04
9.419899692444087119e-03, 1.577500000000000000e+04
9.424862758667712850e-03, 1.464100000000000000e+04
9.429825824891340316e-03, 1.360600000000000000e+04
9.434788891114967782e-03, 1.271900000000000000e+04
9.439751957338595248e-03, 1.202500000000000000e+04
9.444715023562220979e-03, 1.156300000000000000e+04
9.449678089785848445e-03, 1.127300000000000000e+04
9.454641156009475911e-03, 1.115900000000000000e+04
9.459604222233103377e-03, 1.123600000000000000e+04
9.464567288456729108e-03, 1.145900000000000000e+04
9.469530354680356574e-03, 1.181100000000000000e+04
9.474493420903984039e-03, 1.233300000000000000e+04
9.479456487127611505e-03, 1.306100000000000000e+04
9.484419553351237236e-03, 1.399900000000000000e+04
9.489382619574864702e-03, 1.510900000000000000e+04
9.494345685798492168e-03, 1.636800000000000000e+04
9.499308752022119634e-03, 1.776700000000000000e+04
9.504271818245745365e-03, 1.929300000000000000e+04
9.509234884469372831e-03, 2.088400000000000000e+04
9.514197950693000297e-03, 2.254900000000000000e+04
9.519161016916626028e-03, 2.432600000000000000e+04
9.524124083140253494e-03, 2.621100000000000000e+04
9.529087149363880960e-03, 2.814900000000000000e+04
9.534050215587508426e-03, 3.009800000000000000e+04
9.539013281811134157e-03, 3.205700000000000000e+04
9.543976348034761623e-03, 3.403100000000000000e+04
9.548939414258389088e-03, 3.603500000000000000e+04
9.553902480482016554e-03, 3.805100000000000000e+04
9.558865546705642285e-03, 3.999300000000000000e+04
9.563828612929269751e-03, 4.180600000000000000e+04
9.568791679152897217e-03, 4.349900000000000000e+04
9.573754745376524683e-03, 4.514500000000000000e+04
9.578717811600150414e-03, 4.675200000000000000e+04
9.583680877823777880e-03, 4.827700000000000000e+04
9.588643944047405346e-03, 4.964300000000000000e+04
9.593607010271032812e-03, 5.085400000000000000e+04
9.598570076494658543e-03, 5.189600000000000000e+04
9.603533142718286009e-03, 5.275900000000000000e+04
9.608496208941913475e-03, 5.346000000000000000e+04
9.613459275165540940e-03, 5.399900000000000000e+04
9.618422341389166672e-03, 5.435000000000000000e+04
9.623385407612794137e-03, 5.452700000000000000e+04
9.628348473836421603e-03, 5.456200000000000000e+04
9.633311540060049069e-03, 5.441000000000000000e+04
9.638274606283674800e-03, 5.406800000000000000e+04
9.643237672507302266e-03, 5.353700000000000000e+04
9.648200738730929732e-03, 5.279000000000000000e+04
9.653163804954557198e-03, 5.187900000000000000e+04
9.658126871178182929e-03, 5.085400000000000000e+04
9.663089937401810395e-03, 4.971900000000000000e+04
9.668053003625437861e-03, 4.840000000000000000e+04
9.673016069849065326e-03, 4.693600000000000000e+04
9.677979136072691058e-03, 4.540100000000000000e+04
9.682942202296318523e-03, 4.376600000000000000e+04
9.687905268519945989e-03, 4.199200000000000000e+04
9.692868334743573455e-03, 4.008400000000000000e+04
9.697831400967199186e-03, 3.815200000000000000e+04
9.702794467190826652e-03, 3.619400000000000000e+04
9.707757533414454118e-03, 3.421600000000000000e+04
9.712720599638079849e-03, 3.222600000000000000e+04
9.717683665861707315e-03, 3.021500000000000000e+04
9.722646732085334781e-03, 2.825000000000000000e+04
9.727609798308962247e-03, 2.633300000000000000e+04
9.732572864532587978e-03, 2.451300000000000000e+04
9.737535930756215444e-03, 2.276400000000000000e+04
9.742498996979842910e-03, 2.110700000000000000e+04
9.747462063203470375e-03, 1.950100000000000000e+04
9.752425129427096107e-03, 1.798400000000000000e+04
9.757388195650723572e-03, 1.660300000000000000e+04
9.762351261874351038e-03, 1.532400000000000000e+04
9.767314328097978504e-03, 1.419900000000000000e+04
9.772277394321604235e-03, 1.321200000000000000e+04
9.777240460545231701e-03, 1.236800000000000000e+04
9.782203526768859167e-03, 1.176700000000000000e+04
9.787166592992486633e-03, 1.136000000000000000e+04
9.792129659216112364e-03, 1.111900000000000000e+04
9.797092725439739830e-03, 1.106100000000000000e+04
9.802055791663367296e-03, 1.118700000000000000e+04
9.807018857886994762e-03, 1.147000000000000000e+04
9.811981924110620493e-03, 1.189900000000000000e+04
9.816944990334247959e-03, 1.250800000000000000e+04
9.821908056557875424e-03, 1.333200000000000000e+04
9.826871122781502890e-03, 1.434700000000000000e+04
9.831834189005128621e-03, 1.552400000000000000e+04
9.836797255228756087e-03, 1.684000000000000000e+04
9.841760321452383553e-03, 1.829200000000000000e+04
9.846723387676011019e-03, 1.984000000000000000e+04
9.851686453899636750e-03, 2.148500000000000000e+04
9.856649520123264216e-03, 2.321400000000000000e+04
9.861612586346891682e-03, 2.505600000000000000e+04
9.866575652570519148e-03, 2.697800000000000000e+04
9.871538718794144879e-03, 2.891800000000000000e+04
9.876501785017772345e-03, 3.084200000000000000e+04
9.881464851241399810e-03, 3.277500000000000000e+04
9.886427917465027276e-03, 3.473500000000000000e+04
9.891390983688653007e-03, 3.673600000000000000e+04
9.896354049912280473e-03, 3.872200000000000000e+04
9.901317116135907939e-03, 4.061500000000000000e+04
9.906280182359533670e-03, 4.238900000000000000e+04
9.911243248583161136e-03, 4.403700000000000000e+04
9.916206314806788602e-03, 4.569900000000000000e+04
9.921169381030416068e-03, 4.727500000000000000e+04
9.926132447254041799e-03, 4.876700000000000000e+04
9.931095513477669265e-03, 5.009900000000000000e+04
9.936058579701296731e-03, 5.123500000000000000e+04
9.941021645924924197e-03, 5.220500000000000000e+04
9.945984712148549928e-03, 5.301700000000000000e+04
9.950947778372177394e-03, 5.366200000000000000e+04
9.955910844595804859e-03, 5.413400000000000000e+04
9.960873910819432325e-03, 5.442000000000000000e+04
9.965836977043058056e-03, 5.454300000000000000e+04
9.970800043266685522e-03, 5.451800000000000000e+04
9.975763109490312988e-03, 5.429500000000000000e+04
9.980726175713940454e-03, 5.386700000000000000e+04
9.985689241937566185e-03, 5.321100000000000000e+04
9.990652308161193651e-03, 5.237200000000000000e+04
9.995615374384821117e-03, 5.136900000000000000e+04
1.000057844060844858e-02, 5.027100000000000000e+04
1.000554150683207431e-02, 4.905100000000000000e+04
1.001050457305570178e-02, 4.765400000000000000e+04
1.001546763927932925e-02, 4.614300000000000000e+04
1.002043070550295671e-02, 4.458200000000000000e+04
1.002539377172658244e-02, 4.292000000000000000e+04
1.003035683795020991e-02, 4.111200000000000000e+04
1.003531990417383737e-02, 3.920900000000000000e+04
1.004028297039746484e-02, 3.728800000000000000e+04
1.004524603662109057e-02, 3.533100000000000000e+04
1.005020910284471804e-02, 3.335400000000000000e+04
1.005517216906834550e-02, 3.136200000000000000e+04
1.006013523529197297e-02, 2.936200000000000000e+04
1.006509830151559870e-02, 2.738200000000000000e+04
1.007006136773922617e-02, 2.544800000000000000e+04
1.007502443396285363e-02, 2.363200000000000000e+04
1.007998750018648110e-02, 2.188900000000000000e+04
1.008495056641010683e-02, 2.022800000000000000e+04
1.008991363263373429e-02, 1.867600000000000000e+04
1.009487669885736176e-02, 1.720700000000000000e+04
1.009983976508098749e-02, 1.588500000000000000e+04
1.010480283130461496e-02, 1.469400000000000000e+04
1.010976589752824242e-02, 1.362100000000000000e+04
1.011472896375186989e-02, 1.271000000000000000e+04
1.011969202997549562e-02, 1.194500000000000000e+04
1.012465509619912309e-02, 1.144200000000000000e+04
1.012961816242275055e-02, 1.111800000000000000e+04
1.013458122864637802e-02, 1.096100000000000000e+04
1.013954429487000375e-02, 1.099700000000000000e+04
1.014450736109363121e-02, 1.121100000000000000e+04
1.014947042731725868e-02, 1.155600000000000000e+04
1.015443349354088615e-02, 1.206400000000000000e+04
1.015939655976451188e-02, 1.275800000000000000e+04
1.016435962598813934e-02, 1.366300000000000000e+04
1.016932269221176681e-02, 1.473600000000000000e+04
1.017428575843539428e-02, 1.598800000000000000e+04
1.017924882465902001e-02, 1.740000000000000000e+04
1.018421189088264747e-02, 1.892600000000000000e+04
1.018917495710627494e-02, 2.051800000000000000e+04
1.019413802332990240e-02, 2.218000000000000000e+04
1.019910108955352813e-02, 2.391600000000000000e+04
1.020406415577715560e-02, 2.575800000000000000e+04
1.020902722200078307e-02, 2.766700000000000000e+04
1.021399028822441053e-02, 2.957300000000000000e+04
1.021895335444803626e-02, 3.149100000000000000e+04
1.022391642067166373e-02, 3.342300000000000000e+04
1.022887948689529120e-02, 3.538500000000000000e+04
1.023384255311891866e-02, 3.739000000000000000e+04
1.023880561934254439e-02, 3.936300000000000000e+04
1.024376868556617186e-02, 4.122900000000000000e+04
1.024873175178979932e-02, 4.297700000000000000e+04
1.025369481801342679e-02, 4.461900000000000000e+04
1.025865788423705252e-02, 4.626500000000000000e+04
1.026362095046067999e-02, 4.781000000000000000e+04
1.026858401668430745e-02, 4.923200000000000000e+04
1.027354708290793492e-02, 5.049900000000000000e+04
1.027851014913156065e-02, 5.158300000000000000e+04
1.028347321535518812e-02, 5.247800000000000000e+04
1.028843628157881558e-02, 5.323100000000000000e+04
1.029339934780244131e-02, 5.382200000000000000e+04
1.029836241402606878e-02, 5.422900000000000000e+04
1.030332548024969624e-02, 5.446500000000000000e+04
1.030828854647332371e-02, 5.455600000000000000e+04
1.031325161269694944e-02, 5.449400000000000000e+04
1.031821467892057691e-02, 5.422000000000000000e+04
1.032317774514420437e-02, 5.376700000000000000e+04
1.032814081136783184e-02, 5.308800000000000000e+04
1.033310387759145757e-02, 5.225400000000000000e+04
1.033806694381508504e-02, 5.124900000000000000e+04
1.034303001003871250e-02, 5.012200000000000000e+04
1.034799307626233997e-02, 4.883200000000000000e+04
1.035295614248596570e-02, 4.738400000000000000e+04
1.035791920870959316e-02, 4.584400000000000000e+04
1.036288227493322063e-02, 4.422800000000000000e+04
1.036784534115684810e-02, 4.247400000000000000e+04
1.037280840738047383e-02, 4.057100000000000000e+04
1.037777147360410129e-02, 3.861900000000000000e+04
1.038273453982772876e-02, 3.664800000000000000e+04
1.038769760605135622e-02, 3.468000000000000000e+04
1.039266067227498196e-02, 3.270500000000000000e+04
1.039762373849860942e-02, 3.071400000000000000e+04
1.040258680472223689e-02, 2.872700000000000000e+04
1.040754987094586435e-02, 2.675600000000000000e+04
1.041251293716949008e-02, 2.485800000000000000e+04
1.041747600339311755e-02, 2.306200000000000000e+04
1.042243906961674502e-02, 2.136200000000000000e+04
1.042740213584037248e-02, 1.971700000000000000e+04
1.043236520206399821e-02, 1.819400000000000000e+04
1.043732826828762568e-02, 1.676300000000000000e+04
1.044229133451125315e-02, 1.545500000000000000e+04
1.044725440073488061e-02, 1.431400000000000000e+04
1.045221746695850634e-02, 1.328700000000000000e+04
1.045718053318213381e-02, 1.241700000000000000e+04
1.046214359940576127e-02, 1.174800000000000000e+04
1.046710666562938874e-02, 1.131400000000000000e+04
1.047206973185301447e-02, 1.105300000000000000e+04
1.047703279807664194e-02, 1.096900000000000000e+04
1.048199586430026940e-02, 1.107300000000000000e+04
1.048695893052389687e-02, 1.133300000000000000e+04
1.049192199674752260e-02, 1.172900000000000000e+04
1.049688506297115007e-02, 1.227900000000000000e+04
1.050184812919477753e-02, 1.301900000000000000e+04
1.050681119541840326e-02, 1.396000000000000000e+04
1.051177426164203073e-02, 1.506900000000000000e+04
1.051673732786565819e-02, 1.632900000000000000e+04
1.052170039408928566e-02, 1.772800000000000000e+04
1.052666346031291139e-02, 1.925500000000000000e+04
1.053162652653653886e-02, 2.084900000000000000e+04
1.053658959276016632e-02, 2.251600000000000000e+04
1.054155265898379379e-02, 2.429700000000000000e+04
1.054651572520741952e-02, 2.618500000000000000e+04
1.055147879143104699e-02, 2.811900000000000000e+04
1.055644185765467445e-02, 3.005000000000000000e+04
1.056140492387830192e-02, 3.195900000000000000e+04
1.056636799010192765e-02, 3.386800000000000000e+04
1.057133105632555511e-02, 3.581500000000000000e+04
1.057629412254918258e-02, 3.779200000000000000e+04
1.058125718877281005e-02, 3.971500000000000000e+04
1.058622025499643578e-02, 4.152400000000000000e+04
1.059118332122006324e-02, 4.322700000000000000e+04
1.059614638744369071e-02, 4.489100000000000000e+04
1.060110945366731817e-02, 4.652100000000000000e+04
1.060607251989094391e-02, 4.807100000000000000e+04
1.061103558611457137e-02, 4.946300000000000000e+04
1.061599865233819884e-02, 5.068700000000000000e+04
1.062096171856182630e-02, 5.174100000000000000e+04
1.062592478478545203e-02, 5.262000000000000000e+04
1.063088785100907950e-02, 5.334400000000000000e+04
1.063585091723270697e-02, 5.390700000000000000e+04
1.064081398345633443e-02, 5.427900000000000000e+04
1.064577704967996016e-02, 5.447400000000000000e+04
1.065074011590358763e-02, 5.452400000000000000e+04
1.065570318212721510e-02, 5.438400000000000000e+04
1.066066624835084256e-02, 5.405000000000000000e+04
1.066562931457446829e-02, 5.352500000000000000e+04
1.067059238079809576e-02, 5.278300000000000000e+04
1.067555544702172322e-02, 5.187500000000000000e+04
1.068051851324535069e-02, 5.083600000000000000e+04
1.068548157946897642e-02, 4.967000000000000000e+04
1.069044464569260389e-02, 4.829800000000000000e+04
1.069540771191623135e-02, 4.677000000000000000e+04
1.070037077813985708e-02, 4.518200000000000000e+04
1.070533384436348455e-02, 4.351300000000000000e+04
1.071029691058711202e-02, 4.172200000000000000e+04
1.071525997681073948e-02, 3.981300000000000000e+04
1.072022304303436521e-02, 3.789100000000000000e+04
1.072518610925799268e-02, 3.595200000000000000e+04
1.073014917548162014e-02, 3.399600000000000000e+04
1.073511224170524761e-02, 3.203100000000000000e+04
1.074007530792887334e-02, 3.004500000000000000e+04
1.074503837415250081e-02, 2.807400000000000000e+04
1.075000144037612827e-02, 2.612000000000000000e+04
1.075496450659975574e-02, 2.425200000000000000e+04
1.075992757282338147e-02, 2.246300000000000000e+04
1.076489063904700894e-02, 2.078300000000000000e+04
1.076985370527063640e-02, 1.916900000000000000e+04
1.077481677149426387e-02, 1.766000000000000000e+04
1.077977983771788960e-02, 1.629800000000000000e+04
1.078474290394151706e-02, 1.504300000000000000e+04
1.078970597016514453e-02, 1.394700000000000000e+04
1.079466903638877200e-02, 1.299000000000000000e+04
1.079963210261239773e-02, 1.217600000000000000e+04
1.080459516883602519e-02, 1.160200000000000000e+04
1.080955823505965266e-02, 1.122900000000000000e+04
1.081452130128328012e-02, 1.102500000000000000e+04
1.081948436750690586e-02, 1.099300000000000000e+04
1.082444743373053332e-02, 1.113200000000000000e+04
1.082941049995416079e-02, 1.142100000000000000e+04
1.083437356617778825e-02, 1.185400000000000000e+04
1.083933663240141398e-02, 1.246700000000000000e+04
1.084429969862504145e-02, 1.329500000000000000e+04
1.084926276484866892e-02, 1.431200000000000000e+04
1.085422583107229638e-02, 1.549300000000000000e+04
1.085918889729592211e-02, 1.681200000000000000e+04
1.086415196351954958e-02, 1.826800000000000000e+04
1.086911502974317704e-02, 1.981900000000000000e+04
1.087407809596680451e-02, 2.144900000000000000e+04
1.087904116219043024e-02, 2.315300000000000000e+04
1.088400422841405771e-02, 2.498700000000000000e+04
1.088896729463768517e-02, 2.691900000000000000e+04
1.089393036086131090e-02, 2.887600000000000000e+04
1.089889342708493837e-02, 3.081700000000000000e+04
1.090385649330856584e-02, 3.276600000000000000e+04
1.090881955953219330e-02, 3.473600000000000000e+04
1.091378262575581903e-02, 3.674600000000000000e+04
