0.000000000000000000e+00, 4.090900000000000000e+04
1.589342304384685592e-05, 2.622200000000000000e+04
3.178684608769371183e-05, 1.862300000000000000e+04
4.768026913154057114e-05, 1.649900000000000000e+04
6.357369217538742367e-05, 1.871700000000000000e+04
7.946711521923428975e-05, 2.331700000000000000e+04
9.536053826308114227e-05, 2.904300000000000000e+04
1.112539613069279948e-04, 3.544900000000000000e+04
1.271473843507748473e-04, 4.191900000000000000e+04
1.430408073946217134e-04, 4.731600000000000000e+04
1.589342304384685795e-04, 5.160500000000000000e+04
1.748276534823154185e-04, 5.426600000000000000e+04
1.907210765261622845e-04, 5.517500000000000000e+04
2.066144995700091506e-04, 5.441300000000000000e+04
2.225079226138559896e-04, 5.140800000000000000e+04
2.384013456577028557e-04, 4.689500000000000000e+04
2.542947687015496947e-04, 4.134500000000000000e+04
2.701881917453965607e-04, 3.473100000000000000e+04
2.860816147892434268e-04, 2.836500000000000000e+04
3.019750378330902929e-04, 2.194400000000000000e+04
3.178684608769371590e-04, 1.688100000000000000e+04
3.337618839207839709e-04, 1.285900000000000000e+04
3.496553069646308369e-04, 1.041600000000000000e+04
3.655487300084777030e-04, 1.021000000000000000e+04
3.814421530523245691e-04, 1.175800000000000000e+04
3.973355760961714352e-04, 1.502000000000000000e+04
4.132289991400183013e-04, 2.000300000000000000e+04
4.291224221838651131e-04, 2.574300000000000000e+04
4.450158452277119792e-04, 3.226900000000000000e+04
4.609092682715588453e-04, 3.856600000000000000e+04
4.768026913154057114e-04, 4.501900000000000000e+04
4.926961143592525775e-04, 4.979300000000000000e+04
5.085895374030993893e-04, 5.366200000000000000e+04
5.244829604469463096e-04, 5.528400000000000000e+04
5.403763834907931215e-04, 5.515200000000000000e+04
5.562698065346400418e-04, 5.331300000000000000e+04
5.721632295784868536e-04, 4.930700000000000000e+04
5.880566526223336655e-04, 4.412400000000000000e+04
6.039500756661805858e-04, 3.821600000000000000e+04
6.198434987100273977e-04, 3.160600000000000000e+04
6.357369217538743180e-04, 2.513900000000000000e+04
6.516303447977211298e-04, 1.925000000000000000e+04
6.675237678415679417e-04, 1.461600000000000000e+04
6.834171908854148620e-04, 1.138700000000000000e+04
6.993106139292616739e-04, 9.880000000000000000e+03
7.152040369731085942e-04, 1.087400000000000000e+04
7.310974600169554060e-04, 1.324800000000000000e+04
7.469908830608022179e-04, 1.745400000000000000e+04
7.628843061046491382e-04, 2.310200000000000000e+04
7.787777291484959501e-04, 2.923800000000000000e+04
7.946711521923428704e-04, 3.579000000000000000e+04
8.105645752361896822e-04, 4.248200000000000000e+04
8.264579982800366025e-04, 4.772400000000000000e+04
8.423514213238834144e-04, 5.222000000000000000e+04
8.582448443677302263e-04, 5.476700000000000000e+04
8.741382674115771466e-04, 5.504100000000000000e+04
8.900316904554239584e-04, 5.421800000000000000e+04
9.059251134992708787e-04, 5.103000000000000000e+04
9.218185365431176906e-04, 4.668200000000000000e+04
9.377119595869645025e-04, 4.120500000000000000e+04
9.536053826308114227e-04, 3.439300000000000000e+04
9.694988056746582346e-04, 2.791800000000000000e+04
9.853922287185051549e-04, 2.146000000000000000e+04
1.001285651762351967e-03, 1.653300000000000000e+04
1.017179074806198779e-03, 1.261600000000000000e+04
1.033072497850045591e-03, 1.034500000000000000e+04
1.048965920893892619e-03, 1.036800000000000000e+04
1.064859343937739431e-03, 1.198900000000000000e+04
1.080752766981586243e-03, 1.531800000000000000e+04
1.096646190025433055e-03, 2.048900000000000000e+04
1.112539613069280084e-03, 2.626900000000000000e+04
1.128433036113126895e-03, 3.308500000000000000e+04
1.144326459156973707e-03, 3.936000000000000000e+04
1.160219882200820519e-03, 4.555100000000000000e+04
1.176113305244667331e-03, 5.031300000000000000e+04
1.192006728288514360e-03, 5.399500000000000000e+04
1.207900151332361172e-03, 5.528600000000000000e+04
1.223793574376207983e-03, 5.495400000000000000e+04
1.239686997420054795e-03, 5.294300000000000000e+04
1.255580420463901607e-03, 4.889000000000000000e+04
1.271473843507748636e-03, 4.375300000000000000e+04
1.287367266551595448e-03, 3.758900000000000000e+04
1.303260689595442260e-03, 3.086800000000000000e+04
1.319154112639289072e-03, 2.468700000000000000e+04
1.335047535683135883e-03, 1.899900000000000000e+04
1.350940958726982912e-03, 1.437800000000000000e+04
1.366834381770829724e-03, 1.129900000000000000e+04
1.382727804814676536e-03, 1.040500000000000000e+04
1.398621227858523348e-03, 1.136000000000000000e+04
1.414514650902370160e-03, 1.362200000000000000e+04
1.430408073946217188e-03, 1.813900000000000000e+04
1.446301496990064000e-03, 2.398800000000000000e+04
1.462194920033910812e-03, 3.000600000000000000e+04
1.478088343077757624e-03, 3.638200000000000000e+04
1.493981766121604436e-03, 4.288500000000000000e+04
1.509875189165451465e-03, 4.799700000000000000e+04
1.525768612209298276e-03, 5.266800000000000000e+04
1.541662035253145088e-03, 5.478600000000000000e+04
1.557555458296991900e-03, 5.543800000000000000e+04
1.573448881340838929e-03, 5.392600000000000000e+04
1.589342304384685741e-03, 5.055000000000000000e+04
1.605235727428532553e-03, 4.621600000000000000e+04
1.621129150472379364e-03, 4.041500000000000000e+04
1.637022573516226176e-03, 3.355500000000000000e+04
1.652915996560073205e-03, 2.725900000000000000e+04
1.668809419603920017e-03, 2.095600000000000000e+04
1.684702842647766829e-03, 1.612500000000000000e+04
1.700596265691613641e-03, 1.232300000000000000e+04
1.716489688735460453e-03, 1.016400000000000000e+04
1.732383111779307481e-03, 1.035900000000000000e+04
1.748276534823154293e-03, 1.222900000000000000e+04
1.764169957867001105e-03, 1.598100000000000000e+04
1.780063380910847917e-03, 2.115100000000000000e+04
1.795956803954694729e-03, 2.694300000000000000e+04
1.811850226998541757e-03, 3.355300000000000000e+04
1.827743650042388569e-03, 3.996000000000000000e+04
1.843637073086235381e-03, 4.604000000000000000e+04
1.859530496130082193e-03, 5.076800000000000000e+04
1.875423919173929005e-03, 5.401400000000000000e+04
1.891317342217776034e-03, 5.532200000000000000e+04
1.907210765261622845e-03, 5.490700000000000000e+04
1.923104188305469657e-03, 5.277000000000000000e+04
1.938997611349316469e-03, 4.849800000000000000e+04
1.954891034393163498e-03, 4.329500000000000000e+04
1.970784457437010310e-03, 3.714000000000000000e+04
1.986677880480857122e-03, 3.048000000000000000e+04
2.002571303524703934e-03, 2.381900000000000000e+04
2.018464726568550745e-03, 1.828400000000000000e+04
2.034358149612397557e-03, 1.382800000000000000e+04
2.050251572656244369e-03, 1.097300000000000000e+04
2.066144995700091181e-03, 1.016800000000000000e+04
2.082038418743938427e-03, 1.113700000000000000e+04
2.097931841787785238e-03, 1.373800000000000000e+04
2.113825264831632050e-03, 1.843800000000000000e+04
2.129718687875478862e-03, 2.411200000000000000e+04
2.145612110919325674e-03, 3.026300000000000000e+04
2.161505533963172486e-03, 3.655100000000000000e+04
2.177398957007019298e-03, 4.320500000000000000e+04
2.193292380050866110e-03, 4.814100000000000000e+04
2.209185803094712922e-03, 5.281800000000000000e+04
2.225079226138560167e-03, 5.484200000000000000e+04
2.240972649182406979e-03, 5.534100000000000000e+04
2.256866072226253791e-03, 5.405100000000000000e+04
2.272759495270100603e-03, 5.063100000000000000e+04
2.288652918313947415e-03, 4.604400000000000000e+04
2.304546341357794226e-03, 4.007800000000000000e+04
2.320439764401641038e-03, 3.337100000000000000e+04
2.336333187445487850e-03, 2.684600000000000000e+04
2.352226610489334662e-03, 2.052200000000000000e+04
2.368120033533181474e-03, 1.566000000000000000e+04
2.384013456577028719e-03, 1.203700000000000000e+04
2.399906879620875531e-03, 9.995000000000000000e+03
2.415800302664722343e-03, 1.033100000000000000e+04
2.431693725708569155e-03, 1.231200000000000000e+04
2.447587148752415967e-03, 1.614700000000000000e+04
2.463480571796262779e-03, 2.144200000000000000e+04
2.479373994840109591e-03, 2.710600000000000000e+04
2.495267417883956403e-03, 3.384400000000000000e+04
2.511160840927803214e-03, 4.022000000000000000e+04
2.527054263971650026e-03, 4.623600000000000000e+04
2.542947687015497272e-03, 5.100700000000000000e+04
2.558841110059344084e-03, 5.412600000000000000e+04
2.574734533103190896e-03, 5.538500000000000000e+04
2.590627956147037707e-03, 5.486200000000000000e+04
2.606521379190884519e-03, 5.247100000000000000e+04
2.622414802234731331e-03, 4.830700000000000000e+04
2.638308225278578143e-03, 4.254600000000000000e+04
2.654201648322424955e-03, 3.633500000000000000e+04
2.670095071366271767e-03, 2.965000000000000000e+04
2.685988494410119012e-03, 2.325000000000000000e+04
2.701881917453965824e-03, 1.775500000000000000e+04
2.717775340497812636e-03, 1.343000000000000000e+04
2.733668763541659448e-03, 1.068300000000000000e+04
2.749562186585506260e-03, 1.016400000000000000e+04
2.765455609629353072e-03, 1.138100000000000000e+04
2.781349032673199884e-03, 1.404600000000000000e+04
2.797242455717046695e-03, 1.885200000000000000e+04
2.813135878760893507e-03, 2.438600000000000000e+04
2.829029301804740319e-03, 3.095600000000000000e+04
2.844922724848587565e-03, 3.738700000000000000e+04
2.860816147892434377e-03, 4.402600000000000000e+04
2.876709570936281189e-03, 4.866200000000000000e+04
2.892602993980128000e-03, 5.301100000000000000e+04
2.908496417023974812e-03, 5.494100000000000000e+04
2.924389840067821624e-03, 5.526000000000000000e+04
2.940283263111668436e-03, 5.378000000000000000e+04
2.956176686155515248e-03, 5.026700000000000000e+04
2.972070109199362060e-03, 4.538000000000000000e+04
2.987963532243208872e-03, 3.933900000000000000e+04
3.003856955287056117e-03, 3.263500000000000000e+04
3.019750378330902929e-03, 2.621100000000000000e+04
3.035643801374749741e-03, 2.006800000000000000e+04
3.051537224418596553e-03, 1.553300000000000000e+04
3.067430647462443365e-03, 1.196100000000000000e+04
3.083324070506290177e-03, 1.006700000000000000e+04
3.099217493550136988e-03, 1.066100000000000000e+04
3.115110916593983800e-03, 1.257500000000000000e+04
3.131004339637830612e-03, 1.659300000000000000e+04
3.146897762681677858e-03, 2.194000000000000000e+04
3.162791185725524670e-03, 2.785000000000000000e+04
3.178684608769371481e-03, 3.467100000000000000e+04
3.194578031813218293e-03, 4.093700000000000000e+04
3.210471454857065105e-03, 4.663900000000000000e+04
3.226364877900911917e-03, 5.128700000000000000e+04
3.242258300944758729e-03, 5.431400000000000000e+04
3.258151723988605541e-03, 5.553700000000000000e+04
3.274045147032452353e-03, 5.473500000000000000e+04
3.289938570076299165e-03, 5.214900000000000000e+04
3.305831993120146410e-03, 4.789000000000000000e+04
3.321725416163993222e-03, 4.222300000000000000e+04
3.337618839207840034e-03, 3.580600000000000000e+04
3.353512262251686846e-03, 2.925500000000000000e+04
3.369405685295533658e-03, 2.316800000000000000e+04
3.385299108339380469e-03, 1.760700000000000000e+04
3.401192531383227281e-03, 1.326700000000000000e+04
3.417085954427074093e-03, 1.059400000000000000e+04
3.432979377470920905e-03, 1.014200000000000000e+04
3.448872800514767717e-03, 1.158000000000000000e+04
3.464766223558614962e-03, 1.439900000000000000e+04
3.480659646602461774e-03, 1.929800000000000000e+04
3.496553069646308586e-03, 2.521400000000000000e+04
3.512446492690155398e-03, 3.170700000000000000e+04
3.528339915734002210e-03, 3.796000000000000000e+04
3.544233338777849022e-03, 4.443200000000000000e+04
3.560126761821695834e-03, 4.910800000000000000e+04
3.576020184865542646e-03, 5.327600000000000000e+04
3.591913607909389457e-03, 5.513200000000000000e+04
3.607807030953236703e-03, 5.517300000000000000e+04
3.623700453997083515e-03, 5.357300000000000000e+04
3.639593877040930327e-03, 4.997500000000000000e+04
3.655487300084777139e-03, 4.479700000000000000e+04
3.671380723128623950e-03, 3.899300000000000000e+04
3.687274146172470762e-03, 3.234800000000000000e+04
3.703167569216317574e-03, 2.587800000000000000e+04
3.719060992260164386e-03, 1.974900000000000000e+04
3.734954415304011198e-03, 1.503900000000000000e+04
3.750847838347858010e-03, 1.190600000000000000e+04
3.766741261391705255e-03, 1.027000000000000000e+04
3.782634684435552067e-03, 1.086400000000000000e+04
3.798528107479398879e-03, 1.289500000000000000e+04
3.814421530523245691e-03, 1.693000000000000000e+04
3.830314953567092503e-03, 2.227100000000000000e+04
3.846208376610939315e-03, 2.834000000000000000e+04
3.862101799654786127e-03, 3.491200000000000000e+04
3.877995222698632938e-03, 4.151800000000000000e+04
3.893888645742479750e-03, 4.709500000000000000e+04
3.909782068786326996e-03, 5.165000000000000000e+04
3.925675491830173808e-03, 5.448500000000000000e+04
3.941568914874020620e-03, 5.547600000000000000e+04
3.957462337917867432e-03, 5.461500000000000000e+04
3.973355760961714243e-03, 5.181800000000000000e+04
3.989249184005561055e-03, 4.733200000000000000e+04
4.005142607049407867e-03, 4.182100000000000000e+04
4.021036030093254679e-03, 3.533800000000000000e+04
4.036929453137101491e-03, 2.885700000000000000e+04
4.052822876180948303e-03, 2.238700000000000000e+04
4.068716299224795115e-03, 1.707600000000000000e+04
4.084609722268641926e-03, 1.293200000000000000e+04
4.100503145312488738e-03, 1.047300000000000000e+04
4.116396568356335550e-03, 1.018900000000000000e+04
4.132289991400182362e-03, 1.168200000000000000e+04
4.148183414444030041e-03, 1.469900000000000000e+04
4.164076837487876853e-03, 1.974000000000000000e+04
4.179970260531723665e-03, 2.565700000000000000e+04
4.195863683575570477e-03, 3.226000000000000000e+04
4.211757106619417289e-03, 3.848000000000000000e+04
4.227650529663264101e-03, 4.485400000000000000e+04
4.243543952707110913e-03, 4.955800000000000000e+04
4.259437375750957724e-03, 5.329200000000000000e+04
4.275330798794804536e-03, 5.497400000000000000e+04
4.291224221838651348e-03, 5.497800000000000000e+04
4.307117644882498160e-03, 5.324400000000000000e+04
4.323011067926344972e-03, 4.950400000000000000e+04
4.338904490970191784e-03, 4.441700000000000000e+04
4.354797914014038596e-03, 3.850200000000000000e+04
4.370691337057885408e-03, 3.168800000000000000e+04
4.386584760101732219e-03, 2.516400000000000000e+04
4.402478183145579031e-03, 1.923300000000000000e+04
4.418371606189425843e-03, 1.466500000000000000e+04
4.434265029233272655e-03, 1.146900000000000000e+04
4.450158452277120334e-03, 9.880000000000000000e+03
4.466051875320967146e-03, 1.069300000000000000e+04
4.481945298364813958e-03, 1.307500000000000000e+04
4.497838721408660770e-03, 1.738700000000000000e+04
4.513732144452507582e-03, 2.287300000000000000e+04
4.529625567496354394e-03, 2.876700000000000000e+04
4.545518990540201205e-03, 3.535600000000000000e+04
4.561412413584048017e-03, 4.207400000000000000e+04
4.577305836627894829e-03, 4.749200000000000000e+04
4.593199259671741641e-03, 5.202900000000000000e+04
4.609092682715588453e-03, 5.473900000000000000e+04
4.624986105759435265e-03, 5.537300000000000000e+04
4.640879528803282077e-03, 5.450500000000000000e+04
4.656772951847128889e-03, 5.150200000000000000e+04
4.672666374890975700e-03, 4.704100000000000000e+04
4.688559797934822512e-03, 4.133900000000000000e+04
4.704453220978669324e-03, 3.446500000000000000e+04
4.720346644022516136e-03, 2.803400000000000000e+04
4.736240067066362948e-03, 2.165800000000000000e+04
4.752133490110209760e-03, 1.672400000000000000e+04
4.768026913154057439e-03, 1.275600000000000000e+04
4.783920336197904251e-03, 1.036600000000000000e+04
4.799813759241751063e-03, 1.029300000000000000e+04
4.815707182285597875e-03, 1.193300000000000000e+04
4.831600605329444686e-03, 1.524100000000000000e+04
4.847494028373291498e-03, 2.020600000000000000e+04
4.863387451417138310e-03, 2.598500000000000000e+04
4.879280874460985122e-03, 3.260300000000000000e+04
4.895174297504831934e-03, 3.893400000000000000e+04
4.911067720548678746e-03, 4.532000000000000000e+04
4.926961143592525558e-03, 5.006800000000000000e+04
4.942854566636372370e-03, 5.382700000000000000e+04
4.958747989680219181e-03, 5.524600000000000000e+04
4.974641412724065993e-03, 5.507200000000000000e+04
4.990534835767912805e-03, 5.311400000000000000e+04
5.006428258811759617e-03, 4.899800000000000000e+04
5.022321681855606429e-03, 4.383800000000000000e+04
5.038215104899453241e-03, 3.806200000000000000e+04
5.054108527943300053e-03, 3.120600000000000000e+04
5.070001950987147732e-03, 2.476300000000000000e+04
5.085895374030994544e-03, 1.899600000000000000e+04
5.101788797074841356e-03, 1.436500000000000000e+04
5.117682220118688168e-03, 1.129300000000000000e+04
5.133575643162534979e-03, 9.972000000000000000e+03
5.149469066206381791e-03, 1.100600000000000000e+04
5.165362489250228603e-03, 1.326500000000000000e+04
5.181255912294075415e-03, 1.772800000000000000e+04
5.197149335337922227e-03, 2.343600000000000000e+04
5.213042758381769039e-03, 2.958400000000000000e+04
5.228936181425615851e-03, 3.584200000000000000e+04
5.244829604469462662e-03, 4.239800000000000000e+04
5.260723027513309474e-03, 4.765200000000000000e+04
5.276616450557156286e-03, 5.235500000000000000e+04
5.292509873601003098e-03, 5.478100000000000000e+04
5.308403296644849910e-03, 5.541300000000000000e+04
5.324296719688696722e-03, 5.432500000000000000e+04
5.340190142732543534e-03, 5.094700000000000000e+04
5.356083565776390346e-03, 4.670000000000000000e+04
5.371976988820238025e-03, 4.087200000000000000e+04
5.387870411864084837e-03, 3.404900000000000000e+04
5.403763834907931649e-03, 2.763900000000000000e+04
5.419657257951778460e-03, 2.111900000000000000e+04
5.435550680995625272e-03, 1.631700000000000000e+04
5.451444104039472084e-03, 1.248900000000000000e+04
5.467337527083318896e-03, 1.027800000000000000e+04
5.483230950127165708e-03, 1.033400000000000000e+04
5.499124373171012520e-03, 1.211800000000000000e+04
5.515017796214859332e-03, 1.551600000000000000e+04
5.530911219258706144e-03, 2.070100000000000000e+04
5.546804642302552955e-03, 2.671000000000000000e+04
5.562698065346399767e-03, 3.340800000000000000e+04
5.578591488390246579e-03, 3.967600000000000000e+04
5.594484911434093391e-03, 4.580300000000000000e+04
5.610378334477940203e-03, 5.060900000000000000e+04
5.626271757521787015e-03, 5.403200000000000000e+04
5.642165180565633827e-03, 5.527500000000000000e+04
5.658058603609480638e-03, 5.488600000000000000e+04
5.673952026653327450e-03, 5.292300000000000000e+04
5.689845449697175130e-03, 4.867800000000000000e+04
5.705738872741021941e-03, 4.346200000000000000e+04
5.721632295784868753e-03, 3.723100000000000000e+04
5.737525718828715565e-03, 3.049500000000000000e+04
5.753419141872562377e-03, 2.397500000000000000e+04
5.769312564916409189e-03, 1.847400000000000000e+04
5.785205987960256001e-03, 1.401800000000000000e+04
5.801099411004102813e-03, 1.106400000000000000e+04
5.816992834047949625e-03, 1.008000000000000000e+04
5.832886257091796436e-03, 1.111600000000000000e+04
5.848779680135643248e-03, 1.366100000000000000e+04
5.864673103179490060e-03, 1.847100000000000000e+04
5.880566526223336872e-03, 2.419400000000000000e+04
5.896459949267183684e-03, 3.023800000000000000e+04
5.912353372311030496e-03, 3.659500000000000000e+04
5.928246795354877308e-03, 4.288100000000000000e+04
5.944140218398724120e-03, 4.780900000000000000e+04
5.960033641442570931e-03, 5.258600000000000000e+04
5.975927064486417743e-03, 5.468700000000000000e+04
5.991820487530265422e-03, 5.542200000000000000e+04
6.007713910574112234e-03, 5.415300000000000000e+04
6.023607333617959046e-03, 5.070300000000000000e+04
6.039500756661805858e-03, 4.611500000000000000e+04
6.055394179705652670e-03, 4.008900000000000000e+04
6.071287602749499482e-03, 3.338400000000000000e+04
6.087181025793346294e-03, 2.706000000000000000e+04
6.103074448837193106e-03, 2.077300000000000000e+04
6.118967871881039917e-03, 1.586600000000000000e+04
6.134861294924886729e-03, 1.216500000000000000e+04
6.150754717968733541e-03, 1.008100000000000000e+04
6.166648141012580353e-03, 1.035200000000000000e+04
6.182541564056427165e-03, 1.224100000000000000e+04
6.198434987100273977e-03, 1.587300000000000000e+04
6.214328410144120789e-03, 2.117000000000000000e+04
6.230221833187967601e-03, 2.704800000000000000e+04
6.246115256231814412e-03, 3.381500000000000000e+04
6.262008679275661224e-03, 4.016900000000000000e+04
6.277902102319508036e-03, 4.613300000000000000e+04
6.293795525363355715e-03, 5.086200000000000000e+04
6.309688948407202527e-03, 5.409600000000000000e+04
6.325582371451049339e-03, 5.536600000000000000e+04
6.341475794494896151e-03, 5.487600000000000000e+04
6.357369217538742963e-03, 5.254600000000000000e+04
6.373262640582589775e-03, 4.843800000000000000e+04
6.389156063626436587e-03, 4.295100000000000000e+04
6.405049486670283398e-03, 3.676700000000000000e+04
6.420942909714130210e-03, 3.012500000000000000e+04
6.436836332757977022e-03, 2.349000000000000000e+04
6.452729755801823834e-03, 1.798700000000000000e+04
6.468623178845670646e-03, 1.361800000000000000e+04
6.484516601889517458e-03, 1.083900000000000000e+04
6.500410024933364270e-03, 1.015500000000000000e+04
6.516303447977211082e-03, 1.118300000000000000e+04
6.532196871021057893e-03, 1.391400000000000000e+04
6.548090294064904705e-03, 1.875800000000000000e+04
6.563983717108751517e-03, 2.421600000000000000e+04
6.579877140152598329e-03, 3.056200000000000000e+04
6.595770563196445141e-03, 3.694700000000000000e+04
6.611663986240292820e-03, 4.359100000000000000e+04
6.627557409284139632e-03, 4.821400000000000000e+04
6.643450832327986444e-03, 5.256700000000000000e+04
6.659344255371833256e-03, 5.465000000000000000e+04
6.675237678415680068e-03, 5.512400000000000000e+04
6.691131101459526880e-03, 5.387000000000000000e+04
6.707024524503373691e-03, 5.049400000000000000e+04
6.722917947547220503e-03, 4.574000000000000000e+04
6.738811370591067315e-03, 3.977100000000000000e+04
6.754704793634914127e-03, 3.304700000000000000e+04
6.770598216678760939e-03, 2.647100000000000000e+04
6.786491639722607751e-03, 2.027600000000000000e+04
6.802385062766454563e-03, 1.541100000000000000e+04
6.818278485810301374e-03, 1.185900000000000000e+04
6.834171908854148186e-03, 9.864000000000000000e+03
6.850065331897994998e-03, 1.046200000000000000e+04
6.865958754941841810e-03, 1.249100000000000000e+04
6.881852177985688622e-03, 1.646500000000000000e+04
6.897745601029535434e-03, 2.202400000000000000e+04
6.913639024073383113e-03, 2.770900000000000000e+04
6.929532447117229925e-03, 3.436700000000000000e+04
6.945425870161076737e-03, 4.062000000000000000e+04
6.961319293204923549e-03, 4.650700000000000000e+04
6.977212716248770361e-03, 5.117100000000000000e+04
6.993106139292617172e-03, 5.420100000000000000e+04
7.008999562336463984e-03, 5.545700000000000000e+04
7.024892985380310796e-03, 5.489200000000000000e+04
7.040786408424157608e-03, 5.229900000000000000e+04
7.056679831468004420e-03, 4.804000000000000000e+04
7.072573254511851232e-03, 4.228000000000000000e+04
7.088466677555698044e-03, 3.620400000000000000e+04
7.104360100599544856e-03, 2.960600000000000000e+04
7.120253523643391667e-03, 2.319600000000000000e+04
7.136146946687238479e-03, 1.757100000000000000e+04
7.152040369731085291e-03, 1.321700000000000000e+04
7.167933792774932103e-03, 1.055000000000000000e+04
7.183827215818778915e-03, 1.016500000000000000e+04
7.199720638862625727e-03, 1.152700000000000000e+04
7.215614061906473406e-03, 1.412500000000000000e+04
7.231507484950320218e-03, 1.907100000000000000e+04
7.247400907994167030e-03, 2.470300000000000000e+04
7.263294331038013842e-03, 3.126900000000000000e+04
7.279187754081860653e-03, 3.780000000000000000e+04
7.295081177125707465e-03, 4.431300000000000000e+04
7.310974600169554277e-03, 4.887600000000000000e+04
7.326868023213401089e-03, 5.312000000000000000e+04
7.342761446257247901e-03, 5.506500000000000000e+04
7.358654869301094713e-03, 5.520900000000000000e+04
7.374548292344941525e-03, 5.361000000000000000e+04
7.390441715388788337e-03, 5.008500000000000000e+04
7.406335138432635148e-03, 4.520100000000000000e+04
7.422228561476481960e-03, 3.940700000000000000e+04
7.438121984520328772e-03, 3.249100000000000000e+04
7.454015407564175584e-03, 2.595400000000000000e+04
7.469908830608022396e-03, 1.977400000000000000e+04
7.485802253651869208e-03, 1.500300000000000000e+04
7.501695676695716020e-03, 1.159600000000000000e+04
7.517589099739563699e-03, 9.954000000000000000e+03
7.533482522783410511e-03, 1.058400000000000000e+04
7.549375945827257323e-03, 1.266300000000000000e+04
7.565269368871104134e-03, 1.680400000000000000e+04
7.581162791914950946e-03, 2.214500000000000000e+04
7.597056214958797758e-03, 2.797300000000000000e+04
7.612949638002644570e-03, 3.455300000000000000e+04
7.628843061046491382e-03, 4.105400000000000000e+04
7.644736484090338194e-03, 4.675800000000000000e+04
7.660629907134185006e-03, 5.146100000000000000e+04
7.676523330178031818e-03, 5.439300000000000000e+04
7.692416753221878629e-03, 5.547800000000000000e+04
7.708310176265725441e-03, 5.462400000000000000e+04
7.724203599309572253e-03, 5.171800000000000000e+04
7.740097022353419065e-03, 4.727400000000000000e+04
7.755990445397265877e-03, 4.176400000000000000e+04
7.771883868441112689e-03, 3.537400000000000000e+04
7.787777291484959501e-03, 2.883200000000000000e+04
7.803670714528806313e-03, 2.249300000000000000e+04
7.819564137572653992e-03, 1.718100000000000000e+04
7.835457560616499936e-03, 1.303600000000000000e+04
7.851350983660347616e-03, 1.078300000000000000e+04
7.867244406704193560e-03, 1.041500000000000000e+04
7.883137829748041239e-03, 1.185600000000000000e+04
7.899031252791887184e-03, 1.468900000000000000e+04
7.914924675835734863e-03, 1.944500000000000000e+04
7.930818098879580808e-03, 2.526500000000000000e+04
7.946711521923428487e-03, 3.182000000000000000e+04
7.962604944967274431e-03, 3.807700000000000000e+04
7.978498368011122110e-03, 4.465400000000000000e+04
7.994391791054969790e-03, 4.933500000000000000e+04
8.010285214098815734e-03, 5.338400000000000000e+04
8.026178637142663413e-03, 5.522100000000000000e+04
8.042072060186509358e-03, 5.521100000000000000e+04
8.057965483230357037e-03, 5.347600000000000000e+04
8.073858906274202982e-03, 4.969800000000000000e+04
8.089752329318050661e-03, 4.451300000000000000e+04
8.105645752361896605e-03, 3.883800000000000000e+04
8.121539175405744285e-03, 3.209000000000000000e+04
8.137432598449590229e-03, 2.555300000000000000e+04
8.153326021493437908e-03, 1.952800000000000000e+04
8.169219444537283853e-03, 1.481900000000000000e+04
8.185112867581131532e-03, 1.150600000000000000e+04
8.201006290624977477e-03, 9.930000000000000000e+03
8.216899713668825156e-03, 1.068800000000000000e+04
8.232793136712671100e-03, 1.287400000000000000e+04
8.248686559756518780e-03, 1.708100000000000000e+04
8.264579982800364724e-03, 2.260600000000000000e+04
8.280473405844212403e-03, 2.865000000000000000e+04
8.296366828888060083e-03, 3.504000000000000000e+04
8.312260251931906027e-03, 4.155000000000000000e+04
8.328153674975753706e-03, 4.710100000000000000e+04
8.344047098019599651e-03, 5.171800000000000000e+04
8.359940521063447330e-03, 5.455000000000000000e+04
8.375833944107293275e-03, 5.540600000000000000e+04
8.391727367151140954e-03, 5.454400000000000000e+04
8.407620790194986898e-03, 5.161600000000000000e+04
8.423514213238834578e-03, 4.725300000000000000e+04
8.439407636282680522e-03, 4.164000000000000000e+04
8.455301059326528201e-03, 3.489800000000000000e+04
8.471194482370374146e-03, 2.849500000000000000e+04
8.487087905414221825e-03, 2.223300000000000000e+04
8.502981328458067770e-03, 1.723700000000000000e+04
8.518874751501915449e-03, 1.308000000000000000e+04
8.534768174545761393e-03, 1.057800000000000000e+04
8.550661597589609073e-03, 1.029200000000000000e+04
8.566555020633455017e-03, 1.175800000000000000e+04
8.582448443677302696e-03, 1.500900000000000000e+04
8.598341866721150376e-03, 2.010200000000000000e+04
8.614235289764996320e-03, 2.601500000000000000e+04
8.630128712808843999e-03, 3.257600000000000000e+04
8.646022135852689944e-03, 3.875400000000000000e+04
8.661915558896537623e-03, 4.507000000000000000e+04
8.677808981940383568e-03, 4.981800000000000000e+04
8.693702404984231247e-03, 5.370700000000000000e+04
8.709595828028077191e-03, 5.531300000000000000e+04
8.725489251071924870e-03, 5.510600000000000000e+04
8.741382674115770815e-03, 5.325700000000000000e+04
8.757276097159618494e-03, 4.934000000000000000e+04
8.773169520203464439e-03, 4.415600000000000000e+04
8.789062943247312118e-03, 3.818800000000000000e+04
8.804956366291158062e-03, 3.134200000000000000e+04
8.820849789335005742e-03, 2.483800000000000000e+04
8.836743212378851686e-03, 1.906600000000000000e+04
8.852636635422699365e-03, 1.452100000000000000e+04
8.868530058466545310e-03, 1.139600000000000000e+04
8.884423481510392989e-03, 9.848000000000000000e+03
8.900316904554240668e-03, 1.084900000000000000e+04
8.916210327598086613e-03, 1.323400000000000000e+04
8.932103750641934292e-03, 1.758100000000000000e+04
8.947997173685780237e-03, 2.305900000000000000e+04
8.963890596729627916e-03, 2.919000000000000000e+04
8.979784019773473860e-03, 3.576100000000000000e+04
8.995677442817321540e-03, 4.237100000000000000e+04
9.011570865861167484e-03, 4.736200000000000000e+04
9.027464288905015163e-03, 5.197100000000000000e+04
9.043357711948861108e-03, 5.463300000000000000e+04
9.059251134992708787e-03, 5.529900000000000000e+04
9.075144558036554732e-03, 5.448000000000000000e+04
9.091037981080402411e-03, 5.118700000000000000e+04
9.106931404124248355e-03, 4.676200000000000000e+04
9.122824827168096035e-03, 4.102900000000000000e+04
9.138718250211941979e-03, 3.408200000000000000e+04
9.154611673255789658e-03, 2.771500000000000000e+04
9.170505096299635603e-03, 2.135300000000000000e+04
9.186398519343483282e-03, 1.653200000000000000e+04
9.202291942387329227e-03, 1.258000000000000000e+04
9.218185365431176906e-03, 1.031900000000000000e+04
9.234078788475024585e-03, 1.035400000000000000e+04
9.249972211518870530e-03, 1.208400000000000000e+04
9.265865634562718209e-03, 1.529000000000000000e+04
9.281759057606564153e-03, 2.045600000000000000e+04
9.297652480650411833e-03, 2.624900000000000000e+04
9.313545903694257777e-03, 3.296700000000000000e+04
9.329439326738105456e-03, 3.937800000000000000e+04
9.345332749781951401e-03, 4.559000000000000000e+04
9.361226172825799080e-03, 5.033900000000000000e+04
9.377119595869645025e-03, 5.395300000000000000e+04
9.393013018913492704e-03, 5.530000000000000000e+04
9.408906441957338648e-03, 5.497400000000000000e+04
9.424799865001186328e-03, 5.295600000000000000e+04
9.440693288045032272e-03, 4.875500000000000000e+04
9.456586711088879951e-03, 4.340800000000000000e+04
9.472480134132725896e-03, 3.733800000000000000e+04
9.488373557176573575e-03, 3.073100000000000000e+04
9.504266980220419520e-03, 2.431200000000000000e+04
9.520160403264267199e-03, 1.864700000000000000e+04
9.536053826308114878e-03, 1.416100000000000000e+04
9.551947249351960822e-03, 1.118700000000000000e+04
9.567840672395808502e-03, 1.007400000000000000e+04
9.583734095439654446e-03, 1.101400000000000000e+04
9.599627518483502125e-03, 1.341400000000000000e+04
9.615520941527348070e-03, 1.803300000000000000e+04
9.631414364571195749e-03, 2.376800000000000000e+04
9.647307787615041694e-03, 3.001300000000000000e+04
9.663201210658889373e-03, 3.643100000000000000e+04
9.679094633702735317e-03, 4.291900000000000000e+04
9.694988056746582997e-03, 4.794300000000000000e+04
9.710881479790428941e-03, 5.268700000000000000e+04
9.726774902834276620e-03, 5.480700000000000000e+04
9.742668325878122565e-03, 5.545100000000000000e+04
9.758561748921970244e-03, 5.419600000000000000e+04
9.774455171965816189e-03, 5.053000000000000000e+04
9.790348595009663868e-03, 4.611700000000000000e+04
9.806242018053509812e-03, 4.034500000000000000e+04
9.822135441097357492e-03, 3.366200000000000000e+04
9.838028864141205171e-03, 2.757400000000000000e+04
9.853922287185051115e-03, 2.123600000000000000e+04
9.869815710228898795e-03, 1.628700000000000000e+04
9.885709133272744739e-03, 1.243700000000000000e+04
9.901602556316592418e-03, 1.020100000000000000e+04
9.917495979360438363e-03, 1.035900000000000000e+04
9.933389402404286042e-03, 1.222400000000000000e+04
9.949282825448131987e-03, 1.578600000000000000e+04
9.965176248491979666e-03, 2.081800000000000000e+04
9.981069671535825610e-03, 2.668400000000000000e+04
9.996963094579673290e-03, 3.340800000000000000e+04
1.001285651762351923e-02, 3.979800000000000000e+04
1.002874994066736691e-02, 4.600200000000000000e+04
1.004464336371121286e-02, 5.077900000000000000e+04
1.006053678675506054e-02, 5.402700000000000000e+04
1.007643020979890648e-02, 5.528800000000000000e+04
1.009232363284275416e-02, 5.458300000000000000e+04
1.010821705588660011e-02, 5.245100000000000000e+04
1.012411047893044778e-02, 4.830800000000000000e+04
1.014000390197429546e-02, 4.301600000000000000e+04
1.015589732501814141e-02, 3.676300000000000000e+04
1.017179074806198909e-02, 3.018700000000000000e+04
1.018768417110583503e-02, 2.365600000000000000e+04
1.020357759414968271e-02, 1.823800000000000000e+04
1.021947101719352866e-02, 1.378900000000000000e+04
1.023536444023737634e-02, 1.093900000000000000e+04
1.025125786328122228e-02, 1.014900000000000000e+04
1.026715128632506996e-02, 1.116800000000000000e+04
1.028304470936891590e-02, 1.376000000000000000e+04
1.029893813241276358e-02, 1.840300000000000000e+04
1.031483155545660953e-02, 2.408400000000000000e+04
1.033072497850045721e-02, 3.042800000000000000e+04
1.034661840154430315e-02, 3.686200000000000000e+04
1.036251182458815083e-02, 4.347700000000000000e+04
1.037840524763199677e-02, 4.829800000000000000e+04
1.039429867067584445e-02, 5.284000000000000000e+04
1.041019209371969040e-02, 5.486700000000000000e+04
1.042608551676353808e-02, 5.537400000000000000e+04
1.044197893980738576e-02, 5.407100000000000000e+04
1.045787236285123170e-02, 5.058700000000000000e+04
1.047376578589507938e-02, 4.599700000000000000e+04
1.048965920893892532e-02, 4.012800000000000000e+04
1.050555263198277300e-02, 3.341500000000000000e+04
1.052144605502661895e-02, 2.691700000000000000e+04
1.053733947807046663e-02, 2.055300000000000000e+04
1.055323290111431257e-02, 1.564100000000000000e+04
1.056912632415816025e-02, 1.201900000000000000e+04
1.058501974720200620e-02, 9.984000000000000000e+03
1.060091317024585388e-02, 1.036700000000000000e+04
1.061680659328969982e-02, 1.228700000000000000e+04
1.063270001633354750e-02, 1.612400000000000000e+04
1.064859343937739344e-02, 2.153600000000000000e+04
1.066448686242124112e-02, 2.718400000000000000e+04
1.068038028546508707e-02, 3.377700000000000000e+04
1.069627370850893475e-02, 4.016100000000000000e+04
1.071216713155278069e-02, 4.615000000000000000e+04
1.072806055459662837e-02, 5.098400000000000000e+04
1.074395397764047605e-02, 5.413600000000000000e+04
1.075984740068432199e-02, 5.539500000000000000e+04
1.077574082372816967e-02, 5.486800000000000000e+04
1.079163424677201562e-02, 5.241200000000000000e+04
1.080752766981586330e-02, 4.833800000000000000e+04
1.082342109285970924e-02, 4.257700000000000000e+04
1.083931451590355692e-02, 3.635300000000000000e+04
1.085520793894740287e-02, 2.974800000000000000e+04
1.087110136199125054e-02, 2.321800000000000000e+04
1.088699478503509649e-02, 1.771900000000000000e+04
1.090288820807894417e-02, 1.340800000000000000e+04
1.091878163112279011e-02, 1.069600000000000000e+04
1.093467505416663779e-02, 1.014300000000000000e+04
1.095056847721048374e-02, 1.136300000000000000e+04
1.096646190025433142e-02, 1.405200000000000000e+04
1.098235532329817736e-02, 1.899900000000000000e+04
1.099824874634202504e-02, 2.433700000000000000e+04
1.101414216938587098e-02, 3.090100000000000000e+04
1.103003559242971866e-02, 3.735300000000000000e+04
1.104592901547356634e-02, 4.396200000000000000e+04
1.106182243851741229e-02, 4.867600000000000000e+04
1.107771586156125997e-02, 5.303000000000000000e+04
1.109360928460510591e-02, 5.495300000000000000e+04
1.110950270764895359e-02, 5.519100000000000000e+04
1.112539613069279953e-02, 5.380100000000000000e+04
1.114128955373664721e-02, 5.029200000000000000e+04
1.115718297678049316e-02, 4.539500000000000000e+04
1.117307639982434084e-02, 3.952300000000000000e+04
1.118896982286818678e-02, 3.258600000000000000e+04
1.120486324591203446e-02, 2.615100000000000000e+04
1.122075666895588041e-02, 2.003000000000000000e+04
1.123665009199972808e-02, 1.517200000000000000e+04
1.125254351504357403e-02, 1.165200000000000000e+04
1.126843693808742171e-02, 9.883000000000000000e+03
1.128433036113126765e-02, 1.056800000000000000e+04
1.130022378417511533e-02, 1.263400000000000000e+04
1.131611720721896128e-02, 1.692800000000000000e+04
1.133201063026280896e-02, 2.218600000000000000e+04
1.134790405330665490e-02, 2.798500000000000000e+04
1.136379747635050258e-02, 3.459900000000000000e+04
1.137969089939435026e-02, 4.099400000000000000e+04
1.139558432243819620e-02, 4.669300000000000000e+04
1.141147774548204388e-02, 5.131900000000000000e+04
1.142737116852588983e-02, 5.428200000000000000e+04
1.144326459156973751e-02, 5.518200000000000000e+04
1.145915801461358345e-02, 5.445500000000000000e+04
1.147505143765743113e-02, 5.199200000000000000e+04
1.149094486070127707e-02, 4.763900000000000000e+04
1.150683828374512475e-02, 4.220900000000000000e+04
1.152273170678897070e-02, 3.584100000000000000e+04
1.153862512983281838e-02, 2.928200000000000000e+04
1.155451855287666432e-02, 2.288500000000000000e+04
1.157041197592051200e-02, 1.766500000000000000e+04
1.158630539896435795e-02, 1.337800000000000000e+04
1.160219882200820563e-02, 1.066800000000000000e+04
1.161809224505205157e-02, 1.022700000000000000e+04
1.163398566809589925e-02, 1.158600000000000000e+04
1.164987909113974519e-02, 1.438300000000000000e+04
1.166577251418359287e-02, 1.928500000000000000e+04
1.168166593722744055e-02, 2.506900000000000000e+04
1.169755936027128650e-02, 3.172900000000000000e+04
1.171345278331513418e-02, 3.801700000000000000e+04
1.172934620635898012e-02, 4.447000000000000000e+04
1.174523962940282780e-02, 4.910000000000000000e+04
1.176113305244667374e-02, 5.328400000000000000e+04
1.177702647549052142e-02, 5.515300000000000000e+04
1.179291989853436737e-02, 5.518800000000000000e+04
1.180881332157821505e-02, 5.348900000000000000e+04
1.182470674462206099e-02, 4.998500000000000000e+04
1.184060016766590867e-02, 4.484100000000000000e+04
1.185649359070975462e-02, 3.902400000000000000e+04
1.187238701375360229e-02, 3.214600000000000000e+04
1.188828043679744824e-02, 2.588300000000000000e+04
1.190417385984129592e-02, 1.984600000000000000e+04
1.192006728288514186e-02, 1.510900000000000000e+04
1.193596070592898954e-02, 1.167800000000000000e+04
1.195185412897283549e-02, 1.028600000000000000e+04
1.196774755201668317e-02, 1.099100000000000000e+04
1.198364097506053084e-02, 1.298600000000000000e+04
1.199953439810437679e-02, 1.709400000000000000e+04
1.201542782114822447e-02, 2.262700000000000000e+04
1.203132124419207041e-02, 2.863400000000000000e+04
1.204721466723591809e-02, 3.508000000000000000e+04
1.206310809027976404e-02, 4.156600000000000000e+04
1.207900151332361172e-02, 4.712100000000000000e+04
1.209489493636745766e-02, 5.169200000000000000e+04
1.211078835941130534e-02, 5.451200000000000000e+04
1.212668178245515128e-02, 5.541300000000000000e+04
1.214257520549899896e-02, 5.462400000000000000e+04
1.215846862854284491e-02, 5.184600000000000000e+04
1.217436205158669259e-02, 4.735100000000000000e+04
1.219025547463053853e-02, 4.168100000000000000e+04
1.220614889767438621e-02, 3.532100000000000000e+04
1.222204232071823216e-02, 2.893500000000000000e+04
1.223793574376207983e-02, 2.244700000000000000e+04
1.225382916680592578e-02, 1.716100000000000000e+04
1.226972258984977346e-02, 1.295900000000000000e+04
1.228561601289362114e-02, 1.046300000000000000e+04
1.230150943593746708e-02, 1.017800000000000000e+04
1.231740285898131476e-02, 1.171600000000000000e+04
1.233329628202516071e-02, 1.471800000000000000e+04
1.234918970506900839e-02, 1.970500000000000000e+04
1.236508312811285433e-02, 2.562900000000000000e+04
1.238097655115670201e-02, 3.215600000000000000e+04
1.239686997420054795e-02, 3.843400000000000000e+04
1.241276339724439563e-02, 4.489200000000000000e+04
1.242865682028824158e-02, 4.959100000000000000e+04
1.244455024333208926e-02, 5.353200000000000000e+04
1.246044366637593520e-02, 5.532300000000000000e+04
1.247633708941978288e-02, 5.523600000000000000e+04
1.249223051246362882e-02, 5.338600000000000000e+04
1.250812393550747650e-02, 4.946600000000000000e+04
1.252401735855132245e-02, 4.438800000000000000e+04
1.253991078159517013e-02, 3.857200000000000000e+04
1.255580420463901607e-02, 3.174300000000000000e+04
1.257169762768286375e-02, 2.524900000000000000e+04
1.258759105072671143e-02, 1.927800000000000000e+04
1.260348447377055738e-02, 1.464800000000000000e+04
1.261937789681440505e-02, 1.145100000000000000e+04
1.263527131985825100e-02, 9.911000000000000000e+03
1.265116474290209868e-02, 1.092800000000000000e+04
1.266705816594594462e-02, 1.341200000000000000e+04
1.268295158898979230e-02, 1.760100000000000000e+04
1.269884501203363825e-02, 2.309200000000000000e+04
1.271473843507748593e-02, 2.911900000000000000e+04
1.273063185812133187e-02, 3.568200000000000000e+04
1.274652528116517955e-02, 4.226500000000000000e+04
1.276241870420902549e-02, 4.757200000000000000e+04
1.277831212725287317e-02, 5.204500000000000000e+04
1.279420555029671912e-02, 5.477400000000000000e+04
1.281009897334056680e-02, 5.539700000000000000e+04
1.282599239638441274e-02, 5.451800000000000000e+04
1.284188581942826042e-02, 5.129100000000000000e+04
1.285777924247210637e-02, 4.670100000000000000e+04
1.287367266551595404e-02, 4.111900000000000000e+04
1.288956608855980172e-02, 3.439600000000000000e+04
1.290545951160364767e-02, 2.805800000000000000e+04
1.292135293464749535e-02, 2.159600000000000000e+04
1.293724635769134129e-02, 1.667600000000000000e+04
1.295313978073518897e-02, 1.273000000000000000e+04
1.296903320377903492e-02, 1.040600000000000000e+04
1.298492662682288259e-02, 1.027500000000000000e+04
1.300082004986672854e-02, 1.191400000000000000e+04
1.301671347291057622e-02, 1.522900000000000000e+04
1.303260689595442216e-02, 2.036800000000000000e+04
1.304850031899826984e-02, 2.593700000000000000e+04
1.306439374204211579e-02, 3.254700000000000000e+04
1.308028716508596347e-02, 3.889900000000000000e+04
1.309618058812980941e-02, 4.524200000000000000e+04
1.311207401117365709e-02, 5.008000000000000000e+04
1.312796743421750303e-02, 5.384700000000000000e+04
1.314386085726135071e-02, 5.525900000000000000e+04
1.315975428030519666e-02, 5.498700000000000000e+04
1.317564770334904434e-02, 5.313400000000000000e+04
1.319154112639289028e-02, 4.902300000000000000e+04
1.320743454943673796e-02, 4.385400000000000000e+04
1.322332797248058564e-02, 3.782300000000000000e+04
1.323922139552443158e-02, 3.088800000000000000e+04
1.325511481856827926e-02, 2.456300000000000000e+04
1.327100824161212521e-02, 1.889200000000000000e+04
1.328690166465597289e-02, 1.436300000000000000e+04
1.330279508769981883e-02, 1.125800000000000000e+04
1.331868851074366651e-02, 9.946000000000000000e+03
1.333458193378751246e-02, 1.099200000000000000e+04
1.335047535683136014e-02, 1.335400000000000000e+04
1.336636877987520608e-02, 1.770000000000000000e+04
1.338226220291905376e-02, 2.339400000000000000e+04
1.339815562596289970e-02, 2.955700000000000000e+04
1.341404904900674738e-02, 3.608200000000000000e+04
1.342994247205059333e-02, 4.271800000000000000e+04
1.344583589509444101e-02, 4.785500000000000000e+04
1.346172931813828695e-02, 5.246100000000000000e+04
1.347762274118213463e-02, 5.475500000000000000e+04
1.349351616422598057e-02, 5.544400000000000000e+04
1.350940958726982825e-02, 5.435200000000000000e+04
1.352530301031367593e-02, 5.096200000000000000e+04
1.354119643335752188e-02, 4.655500000000000000e+04
1.355708985640136956e-02, 4.052800000000000000e+04
1.357298327944521550e-02, 3.380700000000000000e+04
1.358887670248906318e-02, 2.750900000000000000e+04
1.360477012553290913e-02, 2.115100000000000000e+04
1.362066354857675680e-02, 1.627300000000000000e+04
1.363655697162060275e-02, 1.245200000000000000e+04
1.365245039466445043e-02, 1.025700000000000000e+04
1.366834381770829637e-02, 1.038100000000000000e+04
1.368423724075214405e-02, 1.210400000000000000e+04
1.370013066379599000e-02, 1.548800000000000000e+04
1.371602408683983768e-02, 2.068300000000000000e+04
1.373191750988368362e-02, 2.655100000000000000e+04
1.374781093292753130e-02, 3.306100000000000000e+04
1.376370435597137724e-02, 3.941600000000000000e+04
1.377959777901522492e-02, 4.565900000000000000e+04
1.379549120205907087e-02, 5.050900000000000000e+04
1.381138462510291855e-02, 5.400700000000000000e+04
1.382727804814676623e-02, 5.527800000000000000e+04
1.384317147119061217e-02, 5.489100000000000000e+04
1.385906489423445985e-02, 5.284000000000000000e+04
1.387495831727830579e-02, 4.833300000000000000e+04
1.389085174032215347e-02, 4.318400000000000000e+04
1.390674516336599942e-02, 3.707400000000000000e+04
1.392263858640984710e-02, 3.052800000000000000e+04
1.393853200945369304e-02, 2.427200000000000000e+04
1.395442543249754072e-02, 1.875500000000000000e+04
1.397031885554138667e-02, 1.418400000000000000e+04
1.398621227858523434e-02, 1.118000000000000000e+04
1.400210570162908029e-02, 1.011900000000000000e+04
1.401799912467292797e-02, 1.111600000000000000e+04
1.403389254771677391e-02, 1.365600000000000000e+04
1.404978597076062159e-02, 1.828000000000000000e+04
1.406567939380446754e-02, 2.418600000000000000e+04
1.408157281684831522e-02, 3.031300000000000000e+04
1.409746623989216116e-02, 3.665100000000000000e+04
1.411335966293600884e-02, 4.317900000000000000e+04
1.412925308597985652e-02, 4.783500000000000000e+04
1.414514650902370246e-02, 5.248300000000000000e+04
1.416103993206755014e-02, 5.460800000000000000e+04
1.417693335511139609e-02, 5.530100000000000000e+04
1.419282677815524377e-02, 5.412800000000000000e+04
1.420872020119908971e-02, 5.071800000000000000e+04
1.422461362424293739e-02, 4.612900000000000000e+04
1.424050704728678333e-02, 4.024400000000000000e+04
1.425640047033063101e-02, 3.339400000000000000e+04
1.427229389337447696e-02, 2.700300000000000000e+04
1.428818731641832464e-02, 2.073000000000000000e+04
1.430408073946217058e-02, 1.587100000000000000e+04
1.431997416250601826e-02, 1.215100000000000000e+04
1.433586758554986421e-02, 1.005900000000000000e+04
1.435176100859371189e-02, 1.033700000000000000e+04
1.436765443163755783e-02, 1.227400000000000000e+04
1.438354785468140551e-02, 1.618000000000000000e+04
1.439944127772525145e-02, 2.148600000000000000e+04
1.441533470076909913e-02, 2.723800000000000000e+04
1.443122812381294681e-02, 3.382000000000000000e+04
1.444712154685679276e-02, 4.017900000000000000e+04
1.446301496990064044e-02, 4.619400000000000000e+04
1.447890839294448638e-02, 5.090500000000000000e+04
1.449480181598833406e-02, 5.406900000000000000e+04
1.451069523903218000e-02, 5.537100000000000000e+04
1.452658866207602768e-02, 5.489800000000000000e+04
1.454248208511987363e-02, 5.256200000000000000e+04
1.455837550816372131e-02, 4.839100000000000000e+04
1.457426893120756725e-02, 4.289100000000000000e+04
1.459016235425141493e-02, 3.682600000000000000e+04
1.460605577729526088e-02, 3.017500000000000000e+04
1.462194920033910855e-02, 2.358100000000000000e+04
1.463784262338295450e-02, 1.804200000000000000e+04
1.465373604642680218e-02, 1.360200000000000000e+04
1.466962946947064812e-02, 1.082000000000000000e+04
1.468552289251449580e-02, 1.018500000000000000e+04
1.470141631555834175e-02, 1.142500000000000000e+04
1.471730973860218943e-02, 1.425100000000000000e+04
1.473320316164603710e-02, 1.897200000000000000e+04
1.474909658468988305e-02, 2.440200000000000000e+04
1.476499000773373073e-02, 3.093400000000000000e+04
1.478088343077757667e-02, 3.726600000000000000e+04
1.479677685382142435e-02, 4.377400000000000000e+04
1.481267027686527030e-02, 4.847800000000000000e+04
1.482856369990911798e-02, 5.296800000000000000e+04
1.484445712295296392e-02, 5.492500000000000000e+04
1.486035054599681160e-02, 5.527100000000000000e+04
1.487624396904065754e-02, 5.388000000000000000e+04
1.489213739208450522e-02, 5.044600000000000000e+04
1.490803081512835117e-02, 4.579200000000000000e+04
1.492392423817219885e-02, 3.981500000000000000e+04
1.493981766121604479e-02, 3.307200000000000000e+04
1.495571108425989247e-02, 2.656000000000000000e+04
1.497160450730373842e-02, 2.025400000000000000e+04
1.498749793034758609e-02, 1.538200000000000000e+04
1.500339135339143204e-02, 1.184100000000000000e+04
1.501928477643527972e-02, 9.880000000000000000e+03
1.503517819947912740e-02, 1.044200000000000000e+04
1.505107162252297334e-02, 1.247500000000000000e+04
1.506696504556682102e-02, 1.643900000000000000e+04
1.508285846861066697e-02, 2.181500000000000000e+04
1.509875189165451465e-02, 2.738800000000000000e+04
1.511464531469836059e-02, 3.416000000000000000e+04
1.513053873774220827e-02, 4.051200000000000000e+04
1.514643216078605421e-02, 4.638100000000000000e+04
1.516232558382990189e-02, 5.116700000000000000e+04
1.517821900687374784e-02, 5.421500000000000000e+04
1.519411242991759552e-02, 5.546700000000000000e+04
1.521000585296144146e-02, 5.480700000000000000e+04
1.522589927600528914e-02, 5.194600000000000000e+04
1.524179269904913508e-02, 4.779300000000000000e+04
1.525768612209298276e-02, 4.214700000000000000e+04
1.527357954513682871e-02, 3.589200000000000000e+04
1.528947296818067639e-02, 2.964000000000000000e+04
1.530536639122452233e-02, 2.326300000000000000e+04
1.532125981426837001e-02, 1.761500000000000000e+04
1.533715323731221596e-02, 1.327700000000000000e+04
1.535304666035606364e-02, 1.055400000000000000e+04
1.536894008339991131e-02, 1.015300000000000000e+04
1.538483350644375726e-02, 1.151700000000000000e+04
1.540072692948760494e-02, 1.426600000000000000e+04
1.541662035253145088e-02, 1.941900000000000000e+04
1.543251377557529856e-02, 2.494800000000000000e+04
1.544840719861914451e-02, 3.140100000000000000e+04
1.546430062166299219e-02, 3.775300000000000000e+04
1.548019404470683813e-02, 4.436400000000000000e+04
1.549608746775068581e-02, 4.892100000000000000e+04
1.551198089079453175e-02, 5.314600000000000000e+04
1.552787431383837943e-02, 5.503800000000000000e+04
1.554376773688222538e-02, 5.522600000000000000e+04
1.555966115992607306e-02, 5.363700000000000000e+04
1.557555458296991900e-02, 5.010300000000000000e+04
1.559144800601376668e-02, 4.500000000000000000e+04
1.560734142905761263e-02, 3.943800000000000000e+04
1.562323485210146030e-02, 3.255100000000000000e+04
1.563912827514530798e-02, 2.599400000000000000e+04
1.565502169818915393e-02, 1.984200000000000000e+04
1.567091512123299987e-02, 1.500100000000000000e+04
1.568680854427684929e-02, 1.157500000000000000e+04
1.570270196732069523e-02, 9.939000000000000000e+03
1.571859539036454118e-02, 1.064700000000000000e+04
1.573448881340838712e-02, 1.265200000000000000e+04
1.575038223645223653e-02, 1.677600000000000000e+04
1.576627565949608248e-02, 2.212600000000000000e+04
1.578216908253992842e-02, 2.818900000000000000e+04
1.579806250558377437e-02, 3.488500000000000000e+04
1.581395592862762378e-02, 4.128400000000000000e+04
1.582984935167146973e-02, 4.688100000000000000e+04
1.584574277471531567e-02, 5.148200000000000000e+04
1.586163619775916162e-02, 5.441600000000000000e+04
1.587752962080301103e-02, 5.550700000000000000e+04
1.589342304384685697e-02, 5.464200000000000000e+04
1.590931646689070292e-02, 5.194600000000000000e+04
1.592520988993454886e-02, 4.725900000000000000e+04
1.594110331297839828e-02, 4.167300000000000000e+04
1.595699673602224422e-02, 3.531000000000000000e+04
1.597289015906609017e-02, 2.890300000000000000e+04
1.598878358210993958e-02, 2.246500000000000000e+04
1.600467700515378552e-02, 1.713900000000000000e+04
1.602057042819763147e-02, 1.300900000000000000e+04
1.603646385124147741e-02, 1.050300000000000000e+04
1.605235727428532683e-02, 1.007900000000000000e+04
1.606825069732917277e-02, 1.163100000000000000e+04
1.608414412037301872e-02, 1.456900000000000000e+04
1.610003754341686466e-02, 1.955200000000000000e+04
1.611593096646071407e-02, 2.557000000000000000e+04
1.613182438950456002e-02, 3.208300000000000000e+04
1.614771781254840596e-02, 3.822900000000000000e+04
1.616361123559225191e-02, 4.465000000000000000e+04
1.617950465863610132e-02, 4.937300000000000000e+04
1.619539808167994727e-02, 5.342500000000000000e+04
1.621129150472379321e-02, 5.524600000000000000e+04
1.622718492776763916e-02, 5.518700000000000000e+04
1.624307835081148857e-02, 5.347400000000000000e+04
1.625897177385533451e-02, 4.972600000000000000e+04
1.627486519689918046e-02, 4.453400000000000000e+04
1.629075861994302987e-02, 3.865300000000000000e+04
1.630665204298687582e-02, 3.175600000000000000e+04
1.632254546603072176e-02, 2.530000000000000000e+04
1.633843888907456771e-02, 1.938800000000000000e+04
1.635433231211841712e-02, 1.480200000000000000e+04
1.637022573516226306e-02, 1.148500000000000000e+04
1.638611915820610901e-02, 9.899000000000000000e+03
1.640201258124995495e-02, 1.066800000000000000e+04
1.641790600429380437e-02, 1.296500000000000000e+04
1.643379942733765031e-02, 1.710400000000000000e+04
1.644969285038149626e-02, 2.256200000000000000e+04
1.646558627342534220e-02, 2.861500000000000000e+04
1.648147969646919161e-02, 3.520000000000000000e+04
1.649737311951303756e-02, 4.163300000000000000e+04
1.651326654255688350e-02, 4.699900000000000000e+04
1.652915996560072945e-02, 5.163300000000000000e+04
1.654505338864457886e-02, 5.450100000000000000e+04
1.656094681168842481e-02, 5.536100000000000000e+04
1.657684023473227075e-02, 5.454900000000000000e+04
1.659273365777612017e-02, 5.162600000000000000e+04
1.660862708081996611e-02, 4.715900000000000000e+04
1.662452050386381205e-02, 4.133400000000000000e+04
1.664041392690765800e-02, 3.460200000000000000e+04
1.665630734995150741e-02, 2.832000000000000000e+04
1.667220077299535336e-02, 2.194200000000000000e+04
1.668809419603919930e-02, 1.684300000000000000e+04
1.670398761908304525e-02, 1.280300000000000000e+04
1.671988104212689466e-02, 1.042800000000000000e+04
1.673577446517074060e-02, 1.027500000000000000e+04
1.675166788821458655e-02, 1.197700000000000000e+04
1.676756131125843249e-02, 1.533500000000000000e+04
1.678345473430228191e-02, 2.031100000000000000e+04
1.679934815734612785e-02, 2.603500000000000000e+04
1.681524158038997380e-02, 3.236800000000000000e+04
1.683113500343381974e-02, 3.845200000000000000e+04
1.684702842647766916e-02, 4.487700000000000000e+04
1.686292184952151510e-02, 4.971800000000000000e+04
1.687881527256536104e-02, 5.362700000000000000e+04
1.689470869560921046e-02, 5.530700000000000000e+04
1.691060211865305640e-02, 5.511200000000000000e+04
1.692649554169690235e-02, 5.320100000000000000e+04
1.694238896474074829e-02, 4.911400000000000000e+04
1.695828238778459771e-02, 4.382300000000000000e+04
1.697417581082844365e-02, 3.797500000000000000e+04
1.699006923387228959e-02, 3.123000000000000000e+04
1.700596265691613554e-02, 2.486700000000000000e+04
1.702185607995998495e-02, 1.901600000000000000e+04
1.703774950300383090e-02, 1.448000000000000000e+04
1.705364292604767684e-02, 1.137300000000000000e+04
1.706953634909152279e-02, 9.885000000000000000e+03
1.708542977213537220e-02, 1.083100000000000000e+04
1.710132319517921815e-02, 1.321600000000000000e+04
1.711721661822306409e-02, 1.758600000000000000e+04
1.713311004126691003e-02, 2.323200000000000000e+04
1.714900346431075945e-02, 2.913500000000000000e+04
1.716489688735460539e-02, 3.569800000000000000e+04
1.718079031039845134e-02, 4.233200000000000000e+04
1.719668373344230075e-02, 4.762600000000000000e+04
1.721257715648614670e-02, 5.187500000000000000e+04
1.722847057952999264e-02, 5.452800000000000000e+04
1.724436400257383858e-02, 5.523500000000000000e+04
1.726025742561768800e-02, 5.434600000000000000e+04
1.727615084866153394e-02, 5.081400000000000000e+04
1.729204427170537989e-02, 4.650700000000000000e+04
1.730793769474922583e-02, 4.089300000000000000e+04
1.732383111779307525e-02, 3.415500000000000000e+04
1.733972454083692119e-02, 2.764700000000000000e+04
1.735561796388076714e-02, 2.129400000000000000e+04
1.737151138692461308e-02, 1.649800000000000000e+04
1.738740480996846249e-02, 1.261000000000000000e+04
1.740329823301230844e-02, 1.029800000000000000e+04
1.741919165605615438e-02, 1.033400000000000000e+04
1.743508507910000033e-02, 1.207300000000000000e+04
1.745097850214384974e-02, 1.540400000000000000e+04
1.746687192518769569e-02, 2.042100000000000000e+04
1.748276534823154163e-02, 2.619900000000000000e+04
1.749865877127539104e-02, 3.293600000000000000e+04
1.751455219431923699e-02, 3.930000000000000000e+04
1.753044561736308293e-02, 4.560200000000000000e+04
1.754633904040692888e-02, 5.036800000000000000e+04
1.756223246345077829e-02, 5.397300000000000000e+04
1.757812588649462424e-02, 5.524400000000000000e+04
1.759401930953847018e-02, 5.498900000000000000e+04
1.760991273258231612e-02, 5.297500000000000000e+04
1.762580615562616554e-02, 4.876600000000000000e+04
1.764169957867001148e-02, 4.361700000000000000e+04
1.765759300171385743e-02, 3.767800000000000000e+04
1.767348642475770337e-02, 3.096800000000000000e+04
1.768937984780155279e-02, 2.444000000000000000e+04
1.770527327084539873e-02, 1.876700000000000000e+04
1.772116669388924468e-02, 1.454900000000000000e+04
1.773706011693309062e-02, 1.148700000000000000e+04
1.775295353997694003e-02, 1.024100000000000000e+04
1.776884696302078598e-02, 1.118000000000000000e+04
1.778474038606463192e-02, 1.343600000000000000e+04
1.780063380910848134e-02, 1.801600000000000000e+04
1.781652723215232728e-02, 2.375300000000000000e+04
1.783242065519617323e-02, 2.986300000000000000e+04
1.784831407824001917e-02, 3.645300000000000000e+04
1.786420750128386858e-02, 4.296600000000000000e+04
1.788010092432771453e-02, 4.797500000000000000e+04
1.789599434737156047e-02, 5.266700000000000000e+04
1.791188777041540642e-02, 5.482200000000000000e+04
1.792778119345925583e-02, 5.547100000000000000e+04
1.794367461650310178e-02, 5.420800000000000000e+04
1.795956803954694772e-02, 5.078000000000000000e+04
1.797546146259079367e-02, 4.609800000000000000e+04
1.799135488563464308e-02, 4.026200000000000000e+04
1.800724830867848902e-02, 3.360400000000000000e+04
1.802314173172233497e-02, 2.730200000000000000e+04
1.803903515476618091e-02, 2.088200000000000000e+04
1.805492857781003033e-02, 1.605100000000000000e+04
1.807082200085387627e-02, 1.231200000000000000e+04
1.808671542389772222e-02, 1.017400000000000000e+04
1.810260884694157163e-02, 1.034200000000000000e+04
1.811850226998541757e-02, 1.218700000000000000e+04
1.813439569302926352e-02, 1.576100000000000000e+04
1.815028911607310946e-02, 2.097400000000000000e+04
1.816618253911695888e-02, 2.668700000000000000e+04
1.818207596216080482e-02, 3.333700000000000000e+04
1.819796938520465077e-02, 3.974600000000000000e+04
1.821386280824849671e-02, 4.588300000000000000e+04
1.822975623129234612e-02, 5.076000000000000000e+04
1.824564965433619207e-02, 5.404600000000000000e+04
1.826154307738003801e-02, 5.530400000000000000e+04
1.827743650042388396e-02, 5.486000000000000000e+04
1.829332992346773337e-02, 5.279100000000000000e+04
1.830922334651157932e-02, 4.854700000000000000e+04
1.832511676955542526e-02, 4.314500000000000000e+04
1.834101019259927121e-02, 3.694300000000000000e+04
1.835690361564312062e-02, 3.023200000000000000e+04
1.837279703868696656e-02, 2.361800000000000000e+04
1.838869046173081251e-02, 1.820400000000000000e+04
1.840458388477465845e-02, 1.379800000000000000e+04
1.842047730781850787e-02, 1.092700000000000000e+04
1.843637073086235381e-02, 1.012800000000000000e+04
1.845226415390619976e-02, 1.115400000000000000e+04
1.846815757695004917e-02, 1.384100000000000000e+04
1.848405099999389511e-02, 1.843700000000000000e+04
1.849994442303774106e-02, 2.403200000000000000e+04
1.851583784608158700e-02, 3.038600000000000000e+04
1.853173126912543642e-02, 3.678900000000000000e+04
1.854762469216928236e-02, 4.345100000000000000e+04
1.856351811521312831e-02, 4.831800000000000000e+04
1.857941153825697425e-02, 5.285800000000000000e+04
1.859530496130082367e-02, 5.483400000000000000e+04
1.861119838434466961e-02, 5.534800000000000000e+04
1.862709180738851555e-02, 5.409700000000000000e+04
1.864298523043236150e-02, 5.060900000000000000e+04
1.865887865347621091e-02, 4.590300000000000000e+04
1.867477207652005686e-02, 4.007200000000000000e+04
1.869066549956390280e-02, 3.348300000000000000e+04
1.870655892260774875e-02, 2.697400000000000000e+04
1.872245234565159816e-02, 2.063200000000000000e+04
1.873834576869544410e-02, 1.568300000000000000e+04
1.875423919173929005e-02, 1.200200000000000000e+04
1.877013261478313946e-02, 9.967000000000000000e+03
1.878602603782698541e-02, 1.040300000000000000e+04
1.880191946087083135e-02, 1.253500000000000000e+04
1.881781288391467730e-02, 1.646100000000000000e+04
1.883370630695852671e-02, 2.174900000000000000e+04
1.884959973000237266e-02, 2.742000000000000000e+04
1.886549315304621860e-02, 3.413700000000000000e+04
1.888138657609006454e-02, 4.047000000000000000e+04
1.889727999913391396e-02, 4.632800000000000000e+04
1.891317342217775990e-02, 5.102000000000000000e+04
1.892906684522160585e-02, 5.416500000000000000e+04
1.894496026826545179e-02, 5.542900000000000000e+04
1.896085369130930121e-02, 5.489000000000000000e+04
1.897674711435314715e-02, 5.236900000000000000e+04
1.899264053739699309e-02, 4.825900000000000000e+04
1.900853396044083904e-02, 4.262500000000000000e+04
1.902442738348468845e-02, 3.639900000000000000e+04
1.904032080652853440e-02, 2.977500000000000000e+04
1.905621422957238034e-02, 2.337000000000000000e+04
1.907210765261622976e-02, 1.807900000000000000e+04
1.908800107566007570e-02, 1.365000000000000000e+04
1.910389449870392164e-02, 1.082500000000000000e+04
1.911978792174776759e-02, 1.026300000000000000e+04
1.913568134479161700e-02, 1.137100000000000000e+04
1.915157476783546295e-02, 1.404100000000000000e+04
1.916746819087930889e-02, 1.899000000000000000e+04
1.918336161392315484e-02, 2.453000000000000000e+04
1.919925503696700425e-02, 3.122600000000000000e+04
1.921514846001085020e-02, 3.756500000000000000e+04
1.923104188305469614e-02, 4.407300000000000000e+04
1.924693530609854208e-02, 4.868200000000000000e+04
1.926282872914239150e-02, 5.307600000000000000e+04
1.927872215218623744e-02, 5.498600000000000000e+04
1.929461557523008339e-02, 5.520900000000000000e+04
1.931050899827392933e-02, 5.369500000000000000e+04
1.932640242131777875e-02, 5.031900000000000000e+04
1.934229584436162469e-02, 4.542900000000000000e+04
1.935818926740547063e-02, 3.954400000000000000e+04
1.937408269044932005e-02, 3.270600000000000000e+04
1.938997611349316599e-02, 2.612200000000000000e+04
1.940586953653701194e-02, 1.999300000000000000e+04
1.942176295958085788e-02, 1.514900000000000000e+04
1.943765638262470730e-02, 1.167600000000000000e+04
1.945354980566855324e-02, 9.870000000000000000e+03
1.946944322871239919e-02, 1.054900000000000000e+04
1.948533665175624513e-02, 1.262100000000000000e+04
1.950123007480009454e-02, 1.669100000000000000e+04
1.951712349784394049e-02, 2.223800000000000000e+04
1.953301692088778643e-02, 2.806400000000000000e+04
1.954891034393163238e-02, 3.465000000000000000e+04
1.956480376697548179e-02, 4.095300000000000000e+04
1.958069719001932774e-02, 4.635000000000000000e+04
1.959659061306317368e-02, 5.105100000000000000e+04
1.961248403610701962e-02, 5.413300000000000000e+04
1.962837745915086904e-02, 5.541900000000000000e+04
1.964427088219471498e-02, 5.473500000000000000e+04
1.966016430523856093e-02, 5.216900000000000000e+04
1.967605772828241034e-02, 4.773100000000000000e+04
1.969195115132625629e-02, 4.208500000000000000e+04
1.970784457437010223e-02, 3.552100000000000000e+04
1.972373799741394818e-02, 2.905500000000000000e+04
1.973963142045779759e-02, 2.276200000000000000e+04
1.975552484350164353e-02, 1.732100000000000000e+04
1.977141826654548948e-02, 1.303100000000000000e+04
1.978731168958933542e-02, 1.046000000000000000e+04
1.980320511263318484e-02, 1.012200000000000000e+04
1.981909853567703078e-02, 1.162400000000000000e+04
1.983499195872087673e-02, 1.434600000000000000e+04
1.985088538176472267e-02, 1.924200000000000000e+04
1.986677880480857208e-02, 2.504200000000000000e+04
1.988267222785241803e-02, 3.160400000000000000e+04
1.989856565089626397e-02, 3.766300000000000000e+04
1.991445907394010992e-02, 4.420100000000000000e+04
1.993035249698395933e-02, 4.895000000000000000e+04
1.994624592002780528e-02, 5.317100000000000000e+04
1.996213934307165122e-02, 5.511900000000000000e+04
1.997803276611550063e-02, 5.519000000000000000e+04
1.999392618915934658e-02, 5.349600000000000000e+04
2.000981961220319252e-02, 4.983900000000000000e+04
2.002571303524703847e-02, 4.450100000000000000e+04
2.004160645829088788e-02, 3.874700000000000000e+04
2.005749988133473383e-02, 3.198900000000000000e+04
2.007339330437857977e-02, 2.555500000000000000e+04
2.008928672742242572e-02, 1.947400000000000000e+04
2.010518015046627513e-02, 1.486400000000000000e+04
2.012107357351012107e-02, 1.154800000000000000e+04
2.013696699655396702e-02, 9.951000000000000000e+03
2.015286041959781296e-02, 1.062400000000000000e+04
2.016875384264166238e-02, 1.275100000000000000e+04
2.018464726568550832e-02, 1.697200000000000000e+04
2.020054068872935427e-02, 2.241800000000000000e+04
2.021643411177320021e-02, 2.861100000000000000e+04
2.023232753481704962e-02, 3.512800000000000000e+04
2.024822095786089557e-02, 4.160500000000000000e+04
2.026411438090474151e-02, 4.710800000000000000e+04
2.028000780394859093e-02, 5.170600000000000000e+04
2.029590122699243687e-02, 5.453400000000000000e+04
2.031179465003628282e-02, 5.542700000000000000e+04
2.032768807308012876e-02, 5.456000000000000000e+04
2.034358149612397818e-02, 5.184800000000000000e+04
2.035947491916782412e-02, 4.738700000000000000e+04
2.037536834221167006e-02, 4.170600000000000000e+04
2.039126176525551601e-02, 3.511400000000000000e+04
2.040715518829936542e-02, 2.860800000000000000e+04
2.042304861134321137e-02, 2.219400000000000000e+04
2.043894203438705731e-02, 1.702000000000000000e+04
2.045483545743090326e-02, 1.294100000000000000e+04
2.047072888047475267e-02, 1.044300000000000000e+04
2.048662230351859861e-02, 1.014700000000000000e+04
2.050251572656244456e-02, 1.169700000000000000e+04
2.051840914960629050e-02, 1.484600000000000000e+04
2.053430257265013992e-02, 2.001400000000000000e+04
2.055019599569398586e-02, 2.592800000000000000e+04
2.056608941873783181e-02, 3.233300000000000000e+04
2.058198284178168122e-02, 3.847500000000000000e+04
2.059787626482552717e-02, 4.490900000000000000e+04
2.061376968786937311e-02, 4.963400000000000000e+04
2.062966311091321905e-02, 5.356100000000000000e+04
2.064555653395706847e-02, 5.530700000000000000e+04
2.066144995700091441e-02, 5.497800000000000000e+04
2.067734338004476036e-02, 5.304500000000000000e+04
2.069323680308860630e-02, 4.925200000000000000e+04
2.070913022613245572e-02, 4.417600000000000000e+04
2.072502364917630166e-02, 3.821500000000000000e+04
2.074091707222014760e-02, 3.142200000000000000e+04
2.075681049526399355e-02, 2.506300000000000000e+04
2.077270391830784296e-02, 1.923800000000000000e+04
2.078859734135168891e-02, 1.461400000000000000e+04
2.080449076439553485e-02, 1.141500000000000000e+04
2.082038418743938080e-02, 9.889000000000000000e+03
2.083627761048323021e-02, 1.077100000000000000e+04
2.085217103352707615e-02, 1.329100000000000000e+04
2.086806445657092210e-02, 1.769500000000000000e+04
2.088395787961477151e-02, 2.317600000000000000e+04
2.089985130265861746e-02, 2.911800000000000000e+04
2.091574472570246340e-02, 3.565700000000000000e+04
2.093163814874630935e-02, 4.231700000000000000e+04
2.094753157179015876e-02, 4.761200000000000000e+04
2.096342499483400471e-02, 5.206800000000000000e+04
2.097931841787785065e-02, 5.475700000000000000e+04
2.099521184092169659e-02, 5.541700000000000000e+04
2.101110526396554601e-02, 5.453500000000000000e+04
2.102699868700939195e-02, 5.135500000000000000e+04
2.104289211005323790e-02, 4.697300000000000000e+04
2.105878553309708384e-02, 4.142400000000000000e+04
2.107467895614093326e-02, 3.458300000000000000e+04
2.109057237918477920e-02, 2.815300000000000000e+04
2.110646580222862514e-02, 2.168600000000000000e+04
2.112235922527247109e-02, 1.667400000000000000e+04
2.113825264831632050e-02, 1.271600000000000000e+04
2.115414607136016645e-02, 1.039700000000000000e+04
2.117003949440401239e-02, 1.034700000000000000e+04
2.118593291744786181e-02, 1.189300000000000000e+04
2.120182634049170775e-02, 1.520400000000000000e+04
2.121771976353555370e-02, 2.035200000000000000e+04
2.123361318657939964e-02, 2.609800000000000000e+04
2.124950660962324905e-02, 3.248900000000000000e+04
2.126540003266709500e-02, 3.883500000000000000e+04
2.128129345571094094e-02, 4.520300000000000000e+04
2.129718687875478689e-02, 5.004000000000000000e+04
2.131308030179863630e-02, 5.385400000000000000e+04
2.132897372484248225e-02, 5.526900000000000000e+04
2.134486714788632819e-02, 5.499400000000000000e+04
2.136076057093017413e-02, 5.302500000000000000e+04
2.137665399397402355e-02, 4.904900000000000000e+04
2.139254741701786949e-02, 4.388700000000000000e+04
2.140844084006171544e-02, 3.784300000000000000e+04
2.142433426310556138e-02, 3.102200000000000000e+04
2.144022768614941080e-02, 2.491200000000000000e+04
2.145612110919325674e-02, 1.912900000000000000e+04
2.147201453223710269e-02, 1.448900000000000000e+04
2.148790795528095210e-02, 1.136600000000000000e+04
2.150380137832479804e-02, 9.961000000000000000e+03
2.151969480136864399e-02, 1.098800000000000000e+04
2.153558822441248993e-02, 1.334900000000000000e+04
2.155148164745633935e-02, 1.787400000000000000e+04
2.156737507050018529e-02, 2.373800000000000000e+04
2.158326849354403124e-02, 2.979400000000000000e+04
2.159916191658787718e-02, 3.620900000000000000e+04
2.161505533963172659e-02, 4.269500000000000000e+04
2.163094876267557254e-02, 4.790000000000000000e+04
2.164684218571941848e-02, 5.249700000000000000e+04
2.166273560876326443e-02, 5.477500000000000000e+04
2.167862903180711384e-02, 5.540400000000000000e+04
2.169452245485095979e-02, 5.436800000000000000e+04
2.171041587789480573e-02, 5.098900000000000000e+04
2.172630930093865168e-02, 4.657200000000000000e+04
2.174220272398250109e-02, 4.069700000000000000e+04
2.175809614702634703e-02, 3.377600000000000000e+04
2.177398957007019298e-02, 2.744500000000000000e+04
2.178988299311404239e-02, 2.110900000000000000e+04
2.180577641615788834e-02, 1.629400000000000000e+04
2.182166983920173428e-02, 1.280100000000000000e+04
2.183756326224558023e-02, 1.054000000000000000e+04
2.185345668528942964e-02, 1.054100000000000000e+04
2.186935010833327558e-02, 1.227000000000000000e+04
2.188524353137712153e-02, 1.551000000000000000e+04
2.190113695442096747e-02, 2.066500000000000000e+04
2.191703037746481689e-02, 2.653500000000000000e+04
2.193292380050866283e-02, 3.329600000000000000e+04
2.194881722355250878e-02, 3.974000000000000000e+04
2.196471064659635472e-02, 4.588200000000000000e+04
2.198060406964020413e-02, 5.062800000000000000e+04
2.199649749268405008e-02, 5.398500000000000000e+04
2.201239091572789602e-02, 5.531200000000000000e+04
2.202828433877174197e-02, 5.491900000000000000e+04
2.204417776181559138e-02, 5.285600000000000000e+04
2.206007118485943733e-02, 4.858000000000000000e+04
2.207596460790328327e-02, 4.316800000000000000e+04
2.209185803094713269e-02, 3.699200000000000000e+04
2.210775145399097863e-02, 3.047000000000000000e+04
2.212364487703482457e-02, 2.395000000000000000e+04
2.213953830007867052e-02, 1.874000000000000000e+04
2.215543172312251993e-02, 1.428700000000000000e+04
2.217132514616636588e-02, 1.125700000000000000e+04
2.218721856921021182e-02, 1.023900000000000000e+04
2.220311199225405777e-02, 1.113500000000000000e+04
2.221900541529790718e-02, 1.364000000000000000e+04
2.223489883834175312e-02, 1.826600000000000000e+04
2.225079226138559907e-02, 2.400400000000000000e+04
2.226668568442944501e-02, 3.030800000000000000e+04
2.228257910747329443e-02, 3.670900000000000000e+04
2.229847253051714037e-02, 4.322200000000000000e+04
2.231436595356098632e-02, 4.812600000000000000e+04
2.233025937660483226e-02, 5.251000000000000000e+04
2.234615279964868167e-02, 5.449500000000000000e+04
2.236204622269252762e-02, 5.521500000000000000e+04
2.237793964573637356e-02, 5.400500000000000000e+04
2.239383306878021951e-02, 5.036600000000000000e+04
2.240972649182406892e-02, 4.581400000000000000e+04
2.242561991486791487e-02, 4.006000000000000000e+04
2.244151333791176081e-02, 3.343100000000000000e+04
2.245740676095561023e-02, 2.696700000000000000e+04
2.247330018399945617e-02, 2.066900000000000000e+04
2.248919360704330211e-02, 1.583100000000000000e+04
2.250508703008714806e-02, 1.215900000000000000e+04
2.252098045313099747e-02, 1.004700000000000000e+04
2.253687387617484342e-02, 1.031600000000000000e+04
2.255276729921868936e-02, 1.226000000000000000e+04
2.256866072226253531e-02, 1.599300000000000000e+04
2.258455414530638472e-02, 2.115300000000000000e+04
2.260044756835023066e-02, 2.696000000000000000e+04
2.261634099139407661e-02, 3.366200000000000000e+04
2.263223441443792255e-02, 4.004500000000000000e+04
2.264812783748177197e-02, 4.612400000000000000e+04
2.266402126052561791e-02, 5.091200000000000000e+04
2.267991468356946386e-02, 5.408400000000000000e+04
2.269580810661330980e-02, 5.534300000000000000e+04
2.271170152965715922e-02, 5.488900000000000000e+04
2.272759495270100516e-02, 5.258900000000000000e+04
2.274348837574485110e-02, 4.841200000000000000e+04
2.275938179878870052e-02, 4.275300000000000000e+04
2.277527522183254646e-02, 3.674700000000000000e+04
2.279116864487639241e-02, 3.025000000000000000e+04
2.280706206792023835e-02, 2.364500000000000000e+04
2.282295549096408777e-02, 1.808000000000000000e+04
2.283884891400793371e-02, 1.364900000000000000e+04
2.285474233705177965e-02, 1.081400000000000000e+04
2.287063576009562560e-02, 1.017400000000000000e+04
2.288652918313947501e-02, 1.127200000000000000e+04
2.290242260618332096e-02, 1.393300000000000000e+04
2.291831602922716690e-02, 1.869500000000000000e+04
2.293420945227101285e-02, 2.424200000000000000e+04
2.295010287531486226e-02, 3.077900000000000000e+04
2.296599629835870821e-02, 3.719200000000000000e+04
2.298188972140255415e-02, 4.379900000000000000e+04
2.299778314444640009e-02, 4.850600000000000000e+04
2.301367656749024951e-02, 5.293300000000000000e+04
2.302956999053409545e-02, 5.471400000000000000e+04
2.304546341357794140e-02, 5.492500000000000000e+04
2.306135683662179081e-02, 5.365500000000000000e+04
2.307725025966563676e-02, 5.026700000000000000e+04
2.309314368270948270e-02, 4.549200000000000000e+04
2.310903710575332864e-02, 3.946200000000000000e+04
2.312493052879717806e-02, 3.285500000000000000e+04
2.314082395184102400e-02, 2.644800000000000000e+04
2.315671737488486995e-02, 2.026100000000000000e+04
2.317261079792871589e-02, 1.533800000000000000e+04
2.318850422097256531e-02, 1.180800000000000000e+04
2.320439764401641125e-02, 9.893000000000000000e+03
2.322029106706025720e-02, 1.055700000000000000e+04
2.323618449010410314e-02, 1.282500000000000000e+04
2.325207791314795255e-02, 1.668000000000000000e+04
2.326797133619179850e-02, 2.194400000000000000e+04
2.328386475923564444e-02, 2.768500000000000000e+04
2.329975818227949039e-02, 3.451100000000000000e+04
2.331565160532333980e-02, 4.072800000000000000e+04
2.333154502836718575e-02, 4.649200000000000000e+04
2.334743845141103169e-02, 5.116600000000000000e+04
2.336333187445488110e-02, 5.425000000000000000e+04
2.337922529749872705e-02, 5.549300000000000000e+04
2.339511872054257299e-02, 5.482100000000000000e+04
2.341101214358641894e-02, 5.223100000000000000e+04
2.342690556663026835e-02, 4.810000000000000000e+04
2.344279898967411430e-02, 4.233400000000000000e+04
2.345869241271796024e-02, 3.598700000000000000e+04
2.347458583576180619e-02, 2.941300000000000000e+04
2.349047925880565560e-02, 2.335200000000000000e+04
2.350637268184950154e-02, 1.771000000000000000e+04
2.352226610489334749e-02, 1.333400000000000000e+04
2.353815952793719343e-02, 1.062000000000000000e+04
2.355405295098104285e-02, 1.016000000000000000e+04
2.356994637402488879e-02, 1.150700000000000000e+04
2.358583979706873474e-02, 1.425700000000000000e+04
2.360173322011258068e-02, 1.916800000000000000e+04
2.361762664315643009e-02, 2.499900000000000000e+04
2.363352006620027604e-02, 3.147100000000000000e+04
2.364941348924412198e-02, 3.779800000000000000e+04
2.366530691228797140e-02, 4.430000000000000000e+04
2.368120033533181734e-02, 4.894700000000000000e+04
2.369709375837566329e-02, 5.317600000000000000e+04
2.371298718141950923e-02, 5.505600000000000000e+04
2.372888060446335864e-02, 5.517200000000000000e+04
2.374477402750720459e-02, 5.364900000000000000e+04
2.376066745055105053e-02, 5.013000000000000000e+04
2.377656087359489648e-02, 4.501900000000000000e+04
2.379245429663874589e-02, 3.922500000000000000e+04
2.380834771968259184e-02, 3.221900000000000000e+04
2.382424114272643778e-02, 2.576900000000000000e+04
2.384013456577028373e-02, 1.972200000000000000e+04
2.385602798881413314e-02, 1.502200000000000000e+04
2.387192141185797908e-02, 1.154100000000000000e+04
2.388781483490182503e-02, 9.911000000000000000e+03
2.390370825794567097e-02, 1.063200000000000000e+04
2.391960168098952039e-02, 1.273100000000000000e+04
2.393549510403336633e-02, 1.712700000000000000e+04
2.395138852707721228e-02, 2.239700000000000000e+04
2.396728195012106169e-02, 2.834000000000000000e+04
2.398317537316490763e-02, 3.482800000000000000e+04
2.399906879620875358e-02, 4.133400000000000000e+04
2.401496221925259952e-02, 4.693800000000000000e+04
2.403085564229644894e-02, 5.151700000000000000e+04
2.404674906534029488e-02, 5.440000000000000000e+04
2.406264248838414083e-02, 5.551700000000000000e+04
2.407853591142798677e-02, 5.466300000000000000e+04
2.409442933447183618e-02, 5.196000000000000000e+04
2.411032275751568213e-02, 4.746900000000000000e+04
2.412621618055952807e-02, 4.165900000000000000e+04
2.414210960360337402e-02, 3.523500000000000000e+04
2.415800302664722343e-02, 2.885000000000000000e+04
2.417389644969106938e-02, 2.249800000000000000e+04
2.418978987273491532e-02, 1.711900000000000000e+04
2.420568329577876127e-02, 1.297700000000000000e+04
2.422157671882261068e-02, 1.048300000000000000e+04
2.423747014186645662e-02, 1.012800000000000000e+04
2.425336356491030257e-02, 1.163000000000000000e+04
2.426925698795415198e-02, 1.454100000000000000e+04
2.428515041099799793e-02, 1.953200000000000000e+04
2.430104383404184387e-02, 2.544500000000000000e+04
2.431693725708568982e-02, 3.174900000000000000e+04
2.433283068012953923e-02, 3.794300000000000000e+04
2.434872410317338517e-02, 4.448600000000000000e+04
2.436461752621723112e-02, 4.926600000000000000e+04
2.438051094926107706e-02, 5.338700000000000000e+04
2.439640437230492648e-02, 5.524600000000000000e+04
2.441229779534877242e-02, 5.519300000000000000e+04
2.442819121839261837e-02, 5.340800000000000000e+04
2.444408464143646431e-02, 4.971500000000000000e+04
2.445997806448031373e-02, 4.457700000000000000e+04
2.447587148752415967e-02, 3.868600000000000000e+04
2.449176491056800561e-02, 3.188800000000000000e+04
2.450765833361185156e-02, 2.531100000000000000e+04
2.452355175665570097e-02, 1.935000000000000000e+04
2.453944517969954692e-02, 1.477300000000000000e+04
2.455533860274339286e-02, 1.152100000000000000e+04
2.457123202578724228e-02, 9.902000000000000000e+03
2.458712544883108822e-02, 1.064800000000000000e+04
2.460301887187493416e-02, 1.295000000000000000e+04
2.461891229491878011e-02, 1.722800000000000000e+04
2.463480571796262952e-02, 2.258700000000000000e+04
2.465069914100647547e-02, 2.855400000000000000e+04
2.466659256405032141e-02, 3.515300000000000000e+04
2.468248598709416736e-02, 4.183600000000000000e+04
2.469837941013801677e-02, 4.707800000000000000e+04
2.471427283318186272e-02, 5.152000000000000000e+04
2.473016625622570866e-02, 5.440800000000000000e+04
2.474605967926955460e-02, 5.525800000000000000e+04
2.476195310231340402e-02, 5.450100000000000000e+04
2.477784652535724996e-02, 5.163900000000000000e+04
2.479373994840109591e-02, 4.717400000000000000e+04
2.480963337144494185e-02, 4.148700000000000000e+04
2.482552679448879127e-02, 3.465500000000000000e+04
2.484142021753263721e-02, 2.826500000000000000e+04
2.485731364057648315e-02, 2.189500000000000000e+04
2.487320706362033257e-02, 1.686300000000000000e+04
2.488910048666417851e-02, 1.279700000000000000e+04
2.490499390970802446e-02, 1.040500000000000000e+04
2.492088733275187040e-02, 1.025900000000000000e+04
2.493678075579571982e-02, 1.182300000000000000e+04
2.495267417883956576e-02, 1.500900000000000000e+04
2.496856760188341171e-02, 2.003300000000000000e+04
2.498446102492725765e-02, 2.587600000000000000e+04
2.500035444797110706e-02, 3.241400000000000000e+04
2.501624787101495301e-02, 3.875100000000000000e+04
2.503214129405879895e-02, 4.514000000000000000e+04
2.504803471710264490e-02, 4.987000000000000000e+04
2.506392814014649431e-02, 5.370300000000000000e+04
2.507982156319034026e-02, 5.532000000000000000e+04
2.509571498623418620e-02, 5.514400000000000000e+04
2.511160840927803214e-02, 5.322200000000000000e+04
2.512750183232188156e-02, 4.917900000000000000e+04
2.514339525536572750e-02, 4.407200000000000000e+04
2.515928867840957345e-02, 3.828600000000000000e+04
2.517518210145342286e-02, 3.142500000000000000e+04
2.519107552449726881e-02, 2.496700000000000000e+04
2.520696894754111475e-02, 1.913800000000000000e+04
2.522286237058496070e-02, 1.448300000000000000e+04
2.523875579362881011e-02, 1.135800000000000000e+04
2.525464921667265605e-02, 9.905000000000000000e+03
2.527054263971650200e-02, 1.095900000000000000e+04
2.528643606276034794e-02, 1.356800000000000000e+04
2.530232948580419736e-02, 1.782600000000000000e+04
2.531822290884804330e-02, 2.337700000000000000e+04
2.533411633189188925e-02, 2.946600000000000000e+04
2.535000975493573519e-02, 3.604300000000000000e+04
2.536590317797958460e-02, 4.254100000000000000e+04
2.538179660102343055e-02, 4.773200000000000000e+04
2.539769002406727649e-02, 5.227900000000000000e+04
2.541358344711112244e-02, 5.483400000000000000e+04
2.542947687015497185e-02, 5.540400000000000000e+04
2.544537029319881780e-02, 5.442900000000000000e+04
2.546126371624266374e-02, 5.108700000000000000e+04
2.547715713928651315e-02, 4.683200000000000000e+04
2.549305056233035910e-02, 4.109300000000000000e+04
2.550894398537420504e-02, 3.425800000000000000e+04
2.552483740841805099e-02, 2.779600000000000000e+04
2.554073083146190040e-02, 2.166600000000000000e+04
2.555662425450574635e-02, 1.674900000000000000e+04
2.557251767754959229e-02, 1.274500000000000000e+04
2.558841110059343824e-02, 1.041000000000000000e+04
2.560430452363728765e-02, 1.035000000000000000e+04
2.562019794668113359e-02, 1.207000000000000000e+04
2.563609136972497954e-02, 1.539900000000000000e+04
2.565198479276882548e-02, 2.056500000000000000e+04
2.566787821581267490e-02, 2.653900000000000000e+04
2.568377163885652084e-02, 3.316400000000000000e+04
2.569966506190036679e-02, 3.942200000000000000e+04
2.571555848494421273e-02, 4.560900000000000000e+04
2.573145190798806214e-02, 5.040600000000000000e+04
2.574734533103190809e-02, 5.400900000000000000e+04
2.576323875407575403e-02, 5.526600000000000000e+04
2.577913217711960345e-02, 5.491900000000000000e+04
2.579502560016344939e-02, 5.262300000000000000e+04
2.581091902320729534e-02, 4.849400000000000000e+04
2.582681244625114128e-02, 4.346500000000000000e+04
2.584270586929499069e-02, 3.735700000000000000e+04
2.585859929233883664e-02, 3.097300000000000000e+04
2.587449271538268258e-02, 2.450800000000000000e+04
2.589038613842652853e-02, 1.881600000000000000e+04
2.590627956147037794e-02, 1.424500000000000000e+04
2.592217298451422389e-02, 1.155500000000000000e+04
2.593806640755806983e-02, 1.036300000000000000e+04
2.595395983060191578e-02, 1.126000000000000000e+04
2.596985325364576519e-02, 1.360600000000000000e+04
2.598574667668961113e-02, 1.802200000000000000e+04
2.600164009973345708e-02, 2.372000000000000000e+04
2.601753352277730302e-02, 2.983800000000000000e+04
2.603342694582115244e-02, 3.632000000000000000e+04
2.604932036886499838e-02, 4.297700000000000000e+04
2.606521379190884433e-02, 4.801300000000000000e+04
2.608110721495269374e-02, 5.269300000000000000e+04
2.609700063799653968e-02, 5.476700000000000000e+04
2.611289406104038563e-02, 5.512800000000000000e+04
2.612878748408423157e-02, 5.391000000000000000e+04
2.614468090712808099e-02, 5.060700000000000000e+04
2.616057433017192693e-02, 4.619500000000000000e+04
2.617646775321577288e-02, 4.020400000000000000e+04
2.619236117625961882e-02, 3.351100000000000000e+04
2.620825459930346824e-02, 2.724200000000000000e+04
2.622414802234731418e-02, 2.092800000000000000e+04
2.624004144539116012e-02, 1.603500000000000000e+04
2.625593486843500607e-02, 1.228000000000000000e+04
2.627182829147885548e-02, 1.015300000000000000e+04
2.628772171452270143e-02, 1.036900000000000000e+04
2.630361513756654737e-02, 1.218800000000000000e+04
2.631950856061039332e-02, 1.573300000000000000e+04
2.633540198365424273e-02, 2.095300000000000000e+04
2.635129540669808867e-02, 2.687300000000000000e+04
2.636718882974193462e-02, 3.367000000000000000e+04
2.638308225278578056e-02, 4.000100000000000000e+04
2.639897567582962998e-02, 4.602500000000000000e+04
2.641486909887347592e-02, 5.076900000000000000e+04
2.643076252191732187e-02, 5.374700000000000000e+04
2.644665594496117128e-02, 5.499100000000000000e+04
2.646254936800501723e-02, 5.467000000000000000e+04
2.647844279104886317e-02, 5.258300000000000000e+04
2.649433621409270911e-02, 4.849900000000000000e+04
2.651022963713655853e-02, 4.316700000000000000e+04
2.652612306018040447e-02, 3.696600000000000000e+04
2.654201648322425042e-02, 3.032800000000000000e+04
2.655790990626809636e-02, 2.363300000000000000e+04
2.657380332931194578e-02, 1.817300000000000000e+04
2.658969675235579172e-02, 1.377400000000000000e+04
2.660559017539963766e-02, 1.094200000000000000e+04
2.662148359844348361e-02, 1.041700000000000000e+04
2.663737702148733302e-02, 1.148300000000000000e+04
2.665327044453117897e-02, 1.404300000000000000e+04
2.666916386757502491e-02, 1.868300000000000000e+04
2.668505729061887086e-02, 2.411400000000000000e+04
2.670095071366272027e-02, 3.034900000000000000e+04
2.671684413670656622e-02, 3.675200000000000000e+04
2.673273755975041216e-02, 4.338600000000000000e+04
2.674863098279426157e-02, 4.829300000000000000e+04
2.676452440583810752e-02, 5.287800000000000000e+04
2.678041782888195346e-02, 5.485200000000000000e+04
2.679631125192579941e-02, 5.530100000000000000e+04
2.681220467496964882e-02, 5.407300000000000000e+04
2.682809809801349477e-02, 5.063600000000000000e+04
2.684399152105734071e-02, 4.592500000000000000e+04
2.685988494410118665e-02, 3.994200000000000000e+04
2.687577836714503607e-02, 3.316300000000000000e+04
2.689167179018888201e-02, 2.669600000000000000e+04
2.690756521323272796e-02, 2.047200000000000000e+04
2.692345863627657390e-02, 1.560300000000000000e+04
2.693935205932042332e-02, 1.199300000000000000e+04
2.695524548236426926e-02, 9.935000000000000000e+03
2.697113890540811521e-02, 1.038100000000000000e+04
2.698703232845196115e-02, 1.237700000000000000e+04
2.700292575149581056e-02, 1.615600000000000000e+04
2.701881917453965651e-02, 2.146400000000000000e+04
2.703471259758350245e-02, 2.725300000000000000e+04
2.705060602062735187e-02, 3.400300000000000000e+04
2.706649944367119781e-02, 4.039900000000000000e+04
2.708239286671504376e-02, 4.634300000000000000e+04
2.709828628975888970e-02, 5.104100000000000000e+04
2.711417971280273911e-02, 5.413300000000000000e+04
2.713007313584658506e-02, 5.539800000000000000e+04
2.714596655889043100e-02, 5.491600000000000000e+04
2.716185998193427695e-02, 5.239200000000000000e+04
2.717775340497812636e-02, 4.821100000000000000e+04
2.719364682802197231e-02, 4.237900000000000000e+04
2.720954025106581825e-02, 3.608300000000000000e+04
2.722543367410966419e-02, 2.957700000000000000e+04
2.724132709715351361e-02, 2.322200000000000000e+04
2.725722052019735955e-02, 1.768700000000000000e+04
2.727311394324120550e-02, 1.334300000000000000e+04
2.728900736628505144e-02, 1.065300000000000000e+04
2.730490078932890086e-02, 1.017900000000000000e+04
2.732079421237274680e-02, 1.147200000000000000e+04
2.733668763541659275e-02, 1.438000000000000000e+04
2.735258105846044216e-02, 1.922400000000000000e+04
2.736847448150428810e-02, 2.465500000000000000e+04
2.738436790454813405e-02, 3.112400000000000000e+04
2.740026132759197999e-02, 3.725000000000000000e+04
2.741615475063582941e-02, 4.385700000000000000e+04
2.743204817367967535e-02, 4.856600000000000000e+04
2.744794159672352130e-02, 5.296200000000000000e+04
2.746383501976736724e-02, 5.497200000000000000e+04
2.747972844281121665e-02, 5.521400000000000000e+04
2.749562186585506260e-02, 5.370000000000000000e+04
2.751151528889890854e-02, 5.019700000000000000e+04
2.752740871194275449e-02, 4.546200000000000000e+04
2.754330213498660390e-02, 3.958400000000000000e+04
2.755919555803044985e-02, 3.273100000000000000e+04
2.757508898107429579e-02, 2.620100000000000000e+04
2.759098240411814174e-02, 1.997000000000000000e+04
2.760687582716199115e-02, 1.512100000000000000e+04
2.762276925020583709e-02, 1.165900000000000000e+04
2.763866267324968304e-02, 9.941000000000000000e+03
2.765455609629353245e-02, 1.053600000000000000e+04
2.767044951933737840e-02, 1.260300000000000000e+04
2.768634294238122434e-02, 1.667900000000000000e+04
2.770223636542507029e-02, 2.200700000000000000e+04
2.771812978846891970e-02, 2.810800000000000000e+04
2.773402321151276564e-02, 3.471300000000000000e+04
2.774991663455661159e-02, 4.099300000000000000e+04
2.776581005760045753e-02, 4.668100000000000000e+04
2.778170348064430695e-02, 5.100200000000000000e+04
2.779759690368815289e-02, 5.403100000000000000e+04
2.781349032673199884e-02, 5.535100000000000000e+04
2.782938374977584478e-02, 5.460400000000000000e+04
2.784527717281969419e-02, 5.179300000000000000e+04
2.786117059586354014e-02, 4.744800000000000000e+04
2.787706401890738608e-02, 4.192800000000000000e+04
2.789295744195123203e-02, 3.558900000000000000e+04
2.790885086499508144e-02, 2.899500000000000000e+04
2.792474428803892739e-02, 2.269700000000000000e+04
2.794063771108277333e-02, 1.728200000000000000e+04
2.795653113412662275e-02, 1.309000000000000000e+04
2.797242455717046869e-02, 1.044200000000000000e+04
2.798831798021431463e-02, 1.010100000000000000e+04
2.800421140325816058e-02, 1.161100000000000000e+04
2.802010482630200999e-02, 1.446600000000000000e+04
2.803599824934585594e-02, 1.958900000000000000e+04
2.805189167238970188e-02, 2.530500000000000000e+04
2.806778509543354783e-02, 3.174900000000000000e+04
2.808367851847739724e-02, 3.799100000000000000e+04
2.809957194152124318e-02, 4.419500000000000000e+04
2.811546536456508913e-02, 4.886400000000000000e+04
2.813135878760893507e-02, 5.310900000000000000e+04
2.814725221065278449e-02, 5.505600000000000000e+04
2.816314563369663043e-02, 5.517800000000000000e+04
2.817903905674047638e-02, 5.350500000000000000e+04
2.819493247978432232e-02, 4.984700000000000000e+04
2.821082590282817174e-02, 4.467700000000000000e+04
2.822671932587201768e-02, 3.908600000000000000e+04
2.824261274891586362e-02, 3.225200000000000000e+04
2.825850617195971304e-02, 2.570200000000000000e+04
2.827439959500355898e-02, 1.962400000000000000e+04
2.829029301804740493e-02, 1.523400000000000000e+04
2.830618644109125087e-02, 1.187600000000000000e+04
2.832207986413510029e-02, 1.014100000000000000e+04
2.833797328717894623e-02, 1.078200000000000000e+04
2.835386671022279217e-02, 1.279500000000000000e+04
2.836976013326663812e-02, 1.695800000000000000e+04
2.838565355631048753e-02, 2.240200000000000000e+04
2.840154697935433348e-02, 2.845800000000000000e+04
2.841744040239817942e-02, 3.512800000000000000e+04
2.843333382544202537e-02, 4.165300000000000000e+04
2.844922724848587478e-02, 4.714300000000000000e+04
2.846512067152972073e-02, 5.169000000000000000e+04
2.848101409457356667e-02, 5.454200000000000000e+04
2.849690751761741261e-02, 5.544800000000000000e+04
2.851280094066126203e-02, 5.457500000000000000e+04
2.852869436370510797e-02, 5.174100000000000000e+04
2.854458778674895392e-02, 4.737900000000000000e+04
2.856048120979280333e-02, 4.175800000000000000e+04
2.857637463283664928e-02, 3.515300000000000000e+04
2.859226805588049522e-02, 2.870800000000000000e+04
2.860816147892434116e-02, 2.221500000000000000e+04
2.862405490196819058e-02, 1.699200000000000000e+04
2.863994832501203652e-02, 1.291800000000000000e+04
2.865584174805588247e-02, 1.048100000000000000e+04
2.867173517109972841e-02, 1.044700000000000000e+04
2.868762859414357783e-02, 1.202600000000000000e+04
2.870352201718742377e-02, 1.504600000000000000e+04
2.871941544023126971e-02, 1.999800000000000000e+04
2.873530886327511566e-02, 2.594500000000000000e+04
2.875120228631896507e-02, 3.242100000000000000e+04
2.876709570936281102e-02, 3.853700000000000000e+04
2.878298913240665696e-02, 4.489400000000000000e+04
2.879888255545050291e-02, 4.962600000000000000e+04
2.881477597849435232e-02, 5.359300000000000000e+04
2.883066940153819827e-02, 5.533100000000000000e+04
2.884656282458204421e-02, 5.518000000000000000e+04
2.886245624762589362e-02, 5.338500000000000000e+04
2.887834967066973957e-02, 4.951700000000000000e+04
2.889424309371358551e-02, 4.432400000000000000e+04
2.891013651675743146e-02, 3.838600000000000000e+04
2.892602993980128087e-02, 3.151400000000000000e+04
2.894192336284512682e-02, 2.503000000000000000e+04
2.895781678588897276e-02, 1.920200000000000000e+04
2.897371020893281870e-02, 1.463900000000000000e+04
2.898960363197666812e-02, 1.141100000000000000e+04
2.900549705502051406e-02, 9.867000000000000000e+03
2.902139047806436001e-02, 1.075500000000000000e+04
2.903728390110820595e-02, 1.314500000000000000e+04
2.905317732415205537e-02, 1.760200000000000000e+04
2.906907074719590131e-02, 2.325500000000000000e+04
2.908496417023974726e-02, 2.918700000000000000e+04
2.910085759328359320e-02, 3.565400000000000000e+04
2.911675101632744261e-02, 4.230200000000000000e+04
2.913264443937128856e-02, 4.765400000000000000e+04
2.914853786241513450e-02, 5.210000000000000000e+04
2.916443128545898392e-02, 5.475900000000000000e+04
2.918032470850282986e-02, 5.540900000000000000e+04
2.919621813154667581e-02, 5.455600000000000000e+04
2.921211155459052175e-02, 5.137100000000000000e+04
2.922800497763437116e-02, 4.692000000000000000e+04
2.924389840067821711e-02, 4.117700000000000000e+04
2.925979182372206305e-02, 3.426600000000000000e+04
2.927568524676590900e-02, 2.795500000000000000e+04
2.929157866980975841e-02, 2.158300000000000000e+04
2.930747209285360436e-02, 1.668100000000000000e+04
2.932336551589745030e-02, 1.267300000000000000e+04
2.933925893894129625e-02, 1.036500000000000000e+04
2.935515236198514566e-02, 1.032900000000000000e+04
2.937104578502899160e-02, 1.202700000000000000e+04
2.938693920807283755e-02, 1.555600000000000000e+04
2.940283263111668349e-02, 2.059100000000000000e+04
2.941872605416053291e-02, 2.624100000000000000e+04
2.943461947720437885e-02, 3.280900000000000000e+04
2.945051290024822480e-02, 3.917000000000000000e+04
2.946640632329207421e-02, 4.540400000000000000e+04
2.948229974633592015e-02, 5.014300000000000000e+04
2.949819316937976610e-02, 5.387400000000000000e+04
2.951408659242361204e-02, 5.530600000000000000e+04
2.952998001546746146e-02, 5.501800000000000000e+04
2.954587343851130740e-02, 5.303800000000000000e+04
2.956176686155515335e-02, 4.889900000000000000e+04
2.957766028459899929e-02, 4.392700000000000000e+04
2.959355370764284870e-02, 3.789200000000000000e+04
2.960944713068669465e-02, 3.105200000000000000e+04
2.962534055373054059e-02, 2.461800000000000000e+04
2.964123397677438654e-02, 1.883500000000000000e+04
2.965712739981823595e-02, 1.431400000000000000e+04
2.967302082286208190e-02, 1.127700000000000000e+04
2.968891424590592784e-02, 1.002000000000000000e+04
2.970480766894977379e-02, 1.095500000000000000e+04
2.972070109199362320e-02, 1.331700000000000000e+04
2.973659451503746914e-02, 1.785500000000000000e+04
2.975248793808131509e-02, 2.356700000000000000e+04
2.976838136112516450e-02, 2.945600000000000000e+04
2.978427478416901045e-02, 3.598500000000000000e+04
2.980016820721285639e-02, 4.257600000000000000e+04
2.981606163025670234e-02, 4.775900000000000000e+04
2.983195505330055175e-02, 5.248900000000000000e+04
2.984784847634439769e-02, 5.478800000000000000e+04
2.986374189938824364e-02, 5.541400000000000000e+04
2.987963532243208958e-02, 5.427100000000000000e+04
2.989552874547593900e-02, 5.100400000000000000e+04
2.991142216851978494e-02, 4.660700000000000000e+04
2.992731559156363089e-02, 4.072000000000000000e+04
2.994320901460747683e-02, 3.392100000000000000e+04
2.995910243765132625e-02, 2.742800000000000000e+04
2.997499586069517219e-02, 2.107000000000000000e+04
2.999088928373901813e-02, 1.626800000000000000e+04
3.000678270678286408e-02, 1.245600000000000000e+04
3.002267612982671349e-02, 1.058800000000000000e+04
3.003856955287055944e-02, 1.065400000000000000e+04
3.005446297591440538e-02, 1.234600000000000000e+04
3.007035639895825480e-02, 1.569800000000000000e+04
3.008624982200210074e-02, 2.066100000000000000e+04
3.010214324504594668e-02, 2.649400000000000000e+04
3.011803666808979263e-02, 3.326700000000000000e+04
3.013393009113364204e-02, 3.964400000000000000e+04
3.014982351417748799e-02, 4.588800000000000000e+04
3.016571693722133393e-02, 5.065000000000000000e+04
3.018161036026517988e-02, 5.400000000000000000e+04
3.019750378330902929e-02, 5.526100000000000000e+04
3.021339720635287523e-02, 5.492900000000000000e+04
3.022929062939672118e-02, 5.288300000000000000e+04
3.024518405244056712e-02, 4.859800000000000000e+04
3.026107747548441654e-02, 4.334300000000000000e+04
3.027697089852826248e-02, 3.698500000000000000e+04
3.029286432157210843e-02, 3.040500000000000000e+04
3.030875774461595437e-02, 2.390300000000000000e+04
3.032465116765980379e-02, 1.842300000000000000e+04
3.034054459070364973e-02, 1.393600000000000000e+04
3.035643801374749567e-02, 1.103100000000000000e+04
3.037233143679134509e-02, 1.012100000000000000e+04
3.038822485983519103e-02, 1.114600000000000000e+04
3.040411828287903698e-02, 1.361500000000000000e+04
3.042001170592288292e-02, 1.822100000000000000e+04
3.043590512896673234e-02, 2.397400000000000000e+04
3.045179855201057828e-02, 3.018600000000000000e+04
3.046769197505442422e-02, 3.637100000000000000e+04
3.048358539809827017e-02, 4.292600000000000000e+04
3.049947882114211958e-02, 4.795600000000000000e+04
3.051537224418596553e-02, 5.267800000000000000e+04
3.053126566722981147e-02, 5.478600000000000000e+04
3.054715909027365742e-02, 5.542300000000000000e+04
3.056305251331750683e-02, 5.411900000000000000e+04
3.057894593636135278e-02, 5.065700000000000000e+04
3.059483935940519872e-02, 4.618000000000000000e+04
3.061073278244904466e-02, 4.032600000000000000e+04
3.062662620549289408e-02, 3.357500000000000000e+04
3.064251962853674002e-02, 2.711500000000000000e+04
3.065841305158058597e-02, 2.102000000000000000e+04
3.067430647462443191e-02, 1.616000000000000000e+04
3.069019989766828133e-02, 1.235200000000000000e+04
3.070609332071212727e-02, 1.017300000000000000e+04
3.072198674375597321e-02, 1.036700000000000000e+04
3.073788016679982263e-02, 1.225400000000000000e+04
3.075377358984366857e-02, 1.598300000000000000e+04
3.076966701288751452e-02, 2.132600000000000000e+04
3.078556043593136046e-02, 2.727800000000000000e+04
3.080145385897520988e-02, 3.394400000000000000e+04
3.081734728201905582e-02, 4.020900000000000000e+04
3.083324070506290177e-02, 4.615000000000000000e+04
3.084913412810674771e-02, 5.094300000000000000e+04
3.086502755115059712e-02, 5.411800000000000000e+04
3.088092097419444307e-02, 5.536300000000000000e+04
3.089681439723828901e-02, 5.486200000000000000e+04
3.091270782028213496e-02, 5.256800000000000000e+04
3.092860124332598437e-02, 4.844700000000000000e+04
3.094449466636983032e-02, 4.278100000000000000e+04
3.096038808941367626e-02, 3.660400000000000000e+04
3.097628151245752220e-02, 2.994000000000000000e+04
3.099217493550137162e-02, 2.336900000000000000e+04
3.100806835854521756e-02, 1.791900000000000000e+04
3.102396178158906351e-02, 1.356800000000000000e+04
3.103985520463291292e-02, 1.080400000000000000e+04
3.105574862767675887e-02, 1.014300000000000000e+04
3.107164205072060481e-02, 1.125000000000000000e+04
3.108753547376445076e-02, 1.397000000000000000e+04
3.110342889680830017e-02, 1.875400000000000000e+04
3.111932231985214611e-02, 2.419200000000000000e+04
3.113521574289599206e-02, 3.073500000000000000e+04
3.115110916593983800e-02, 3.712200000000000000e+04
3.116700258898368742e-02, 4.355500000000000000e+04
3.118289601202753336e-02, 4.815900000000000000e+04
3.119878943507137931e-02, 5.271200000000000000e+04
3.121468285811522525e-02, 5.477200000000000000e+04
3.123057628115907466e-02, 5.521200000000000000e+04
3.124646970420292061e-02, 5.389500000000000000e+04
3.126236312724677002e-02, 5.040400000000000000e+04
3.127825655029061597e-02, 4.561300000000000000e+04
3.129414997333446191e-02, 3.973700000000000000e+04
3.131004339637830786e-02, 3.318700000000000000e+04
3.132593681942215380e-02, 2.665400000000000000e+04
3.134183024246599975e-02, 2.036700000000000000e+04
3.135772366550984569e-02, 1.541300000000000000e+04
3.137361708855369857e-02, 1.181400000000000000e+04
3.138951051159754452e-02, 9.888000000000000000e+03
3.140540393464139046e-02, 1.052000000000000000e+04
3.142129735768523641e-02, 1.258500000000000000e+04
3.143719078072908235e-02, 1.676100000000000000e+04
3.145308420377292830e-02, 2.203500000000000000e+04
3.146897762681677424e-02, 2.774100000000000000e+04
3.148487104986062018e-02, 3.443900000000000000e+04
3.150076447290447307e-02, 4.077700000000000000e+04
3.151665789594831901e-02, 4.653700000000000000e+04
3.153255131899216496e-02, 5.119300000000000000e+04
3.154844474203601090e-02, 5.421100000000000000e+04
3.156433816507985685e-02, 5.551200000000000000e+04
3.158023158812370279e-02, 5.484000000000000000e+04
3.159612501116754874e-02, 5.224200000000000000e+04
3.161201843421140162e-02, 4.793000000000000000e+04
3.162791185725524756e-02, 4.199700000000000000e+04
3.164380528029909351e-02, 3.576400000000000000e+04
3.165969870334293945e-02, 2.929500000000000000e+04
3.167559212638678540e-02, 2.299700000000000000e+04
3.169148554943063134e-02, 1.738500000000000000e+04
3.170737897247447729e-02, 1.314400000000000000e+04
3.172327239551832323e-02, 1.052500000000000000e+04
3.173916581856217611e-02, 1.016600000000000000e+04
3.175505924160602206e-02, 1.185300000000000000e+04
3.177095266464986800e-02, 1.451700000000000000e+04
3.178684608769371395e-02, 1.931100000000000000e+04
3.180273951073755989e-02, 2.490900000000000000e+04
3.181863293378140584e-02, 3.117100000000000000e+04
3.183452635682525178e-02, 3.758100000000000000e+04
3.185041977986909773e-02, 4.418200000000000000e+04
3.186631320291295061e-02, 4.884900000000000000e+04
3.188220662595679655e-02, 5.316400000000000000e+04
3.189810004900064250e-02, 5.506000000000000000e+04
3.191399347204448844e-02, 5.517700000000000000e+04
3.192988689508833439e-02, 5.355300000000000000e+04
3.194578031813218033e-02, 5.014500000000000000e+04
3.196167374117602628e-02, 4.505300000000000000e+04
3.197756716421987916e-02, 3.924900000000000000e+04
3.199346058726372510e-02, 3.234000000000000000e+04
3.200935401030757105e-02, 2.612300000000000000e+04
3.202524743335141699e-02, 1.998500000000000000e+04
3.204114085639526294e-02, 1.516700000000000000e+04
3.205703427943910888e-02, 1.169000000000000000e+04
3.207292770248295483e-02, 9.935000000000000000e+03
3.208882112552680077e-02, 1.062900000000000000e+04
3.210471454857065365e-02, 1.272600000000000000e+04
3.212060797161449960e-02, 1.688200000000000000e+04
3.213650139465834554e-02, 2.206400000000000000e+04
3.215239481770219149e-02, 2.810800000000000000e+04
3.216828824074603743e-02, 3.470300000000000000e+04
3.218418166378988338e-02, 4.122000000000000000e+04
3.220007508683372932e-02, 4.692000000000000000e+04
3.221596850987758220e-02, 5.153000000000000000e+04
3.223186193292142815e-02, 5.441200000000000000e+04
3.224775535596527409e-02, 5.544100000000000000e+04
3.226364877900912004e-02, 5.466700000000000000e+04
3.227954220205296598e-02, 5.198700000000000000e+04
3.229543562509681193e-02, 4.748800000000000000e+04
3.231132904814065787e-02, 4.183900000000000000e+04
3.232722247118450382e-02, 3.557900000000000000e+04
3.234311589422835670e-02, 2.911400000000000000e+04
3.235900931727220264e-02, 2.264500000000000000e+04
3.237490274031604859e-02, 1.726500000000000000e+04
3.239079616335989453e-02, 1.334400000000000000e+04
3.240668958640374048e-02, 1.081100000000000000e+04
3.242258300944758642e-02, 1.031900000000000000e+04
3.243847643249143237e-02, 1.179200000000000000e+04
3.245436985553527831e-02, 1.458600000000000000e+04
3.247026327857913119e-02, 1.951700000000000000e+04
3.248615670162297714e-02, 2.542900000000000000e+04
3.250205012466682308e-02, 3.196800000000000000e+04
3.251794354771066903e-02, 3.827100000000000000e+04
3.253383697075451497e-02, 4.473300000000000000e+04
3.254973039379836092e-02, 4.940300000000000000e+04
3.256562381684220686e-02, 5.341900000000000000e+04
3.258151723988605974e-02, 5.527700000000000000e+04
3.259741066292990569e-02, 5.522300000000000000e+04
3.261330408597375163e-02, 5.342700000000000000e+04
3.262919750901759758e-02, 4.960500000000000000e+04
3.264509093206144352e-02, 4.457200000000000000e+04
3.266098435510528947e-02, 3.873800000000000000e+04
3.267687777814913541e-02, 3.192700000000000000e+04
3.269277120119298136e-02, 2.541700000000000000e+04
3.270866462423683424e-02, 1.936000000000000000e+04
3.272455804728068018e-02, 1.475200000000000000e+04
3.274045147032452613e-02, 1.150400000000000000e+04
3.275634489336837207e-02, 9.938000000000000000e+03
3.277223831641221802e-02, 1.065800000000000000e+04
3.278813173945606396e-02, 1.292300000000000000e+04
3.280402516249990991e-02, 1.720600000000000000e+04
3.281991858554375585e-02, 2.275500000000000000e+04
3.283581200858760873e-02, 2.886400000000000000e+04
3.285170543163145468e-02, 3.543400000000000000e+04
3.286759885467530062e-02, 4.199900000000000000e+04
3.288349227771914657e-02, 4.738900000000000000e+04
3.289938570076299251e-02, 5.166200000000000000e+04
3.291527912380683846e-02, 5.431100000000000000e+04
3.293117254685068440e-02, 5.516800000000000000e+04
3.294706596989453729e-02, 5.440400000000000000e+04
3.296295939293838323e-02, 5.133500000000000000e+04
3.297885281598222917e-02, 4.683500000000000000e+04
3.299474623902607512e-02, 4.128000000000000000e+04
3.301063966206992106e-02, 3.461000000000000000e+04
3.302653308511376701e-02, 2.825300000000000000e+04
3.304242650815761295e-02, 2.183200000000000000e+04
3.305831993120145890e-02, 1.681800000000000000e+04
3.307421335424531178e-02, 1.282000000000000000e+04
3.309010677728915772e-02, 1.040100000000000000e+04
3.310600020033300367e-02, 1.023600000000000000e+04
3.312189362337684961e-02, 1.180700000000000000e+04
3.313778704642069556e-02, 1.509800000000000000e+04
3.315368046946454150e-02, 2.010100000000000000e+04
3.316957389250838745e-02, 2.581900000000000000e+04
3.318546731555224033e-02, 3.236300000000000000e+04
3.320136073859608628e-02, 3.867800000000000000e+04
3.321725416163993222e-02, 4.510700000000000000e+04
3.323314758468377816e-02, 4.988800000000000000e+04
3.324904100772762411e-02, 5.372000000000000000e+04
3.326493443077147005e-02, 5.527100000000000000e+04
3.328082785381531600e-02, 5.511100000000000000e+04
3.329672127685916194e-02, 5.324800000000000000e+04
3.331261469990301483e-02, 4.920200000000000000e+04
3.332850812294686077e-02, 4.402400000000000000e+04
3.334440154599070671e-02, 3.800500000000000000e+04
3.336029496903455266e-02, 3.111400000000000000e+04
3.337618839207839860e-02, 2.477800000000000000e+04
3.339208181512224455e-02, 1.904200000000000000e+04
3.340797523816609049e-02, 1.448900000000000000e+04
3.342386866120993644e-02, 1.132500000000000000e+04
3.343976208425378932e-02, 9.880000000000000000e+03
3.345565550729763526e-02, 1.091400000000000000e+04
3.347154893034148121e-02, 1.328600000000000000e+04
3.348744235338532715e-02, 1.752600000000000000e+04
3.350333577642917310e-02, 2.319500000000000000e+04
3.351922919947301904e-02, 2.935700000000000000e+04
3.353512262251686499e-02, 3.591700000000000000e+04
3.355101604556071787e-02, 4.255800000000000000e+04
3.356690946860456382e-02, 4.776200000000000000e+04
3.358280289164840976e-02, 5.229800000000000000e+04
3.359869631469225570e-02, 5.475900000000000000e+04
3.361458973773610165e-02, 5.504600000000000000e+04
3.363048316077994759e-02, 5.417800000000000000e+04
3.364637658382379354e-02, 5.095200000000000000e+04
3.366227000686763948e-02, 4.661400000000000000e+04
3.367816342991149237e-02, 4.110100000000000000e+04
3.369405685295533831e-02, 3.429300000000000000e+04
3.370995027599918425e-02, 2.782000000000000000e+04
3.372584369904303020e-02, 2.136800000000000000e+04
3.374173712208687614e-02, 1.683900000000000000e+04
3.375763054513072209e-02, 1.285000000000000000e+04
3.377352396817456803e-02, 1.047400000000000000e+04
3.378941739121842092e-02, 1.045100000000000000e+04
3.380531081426226686e-02, 1.206500000000000000e+04
3.382120423730611281e-02, 1.538300000000000000e+04
3.383709766034995875e-02, 2.055300000000000000e+04
3.385299108339380469e-02, 2.636000000000000000e+04
3.386888450643765064e-02, 3.282700000000000000e+04
3.388477792948149658e-02, 3.919000000000000000e+04
3.390067135252534253e-02, 4.548400000000000000e+04
3.391656477556919541e-02, 5.033100000000000000e+04
3.393245819861304136e-02, 5.398900000000000000e+04
3.394835162165688730e-02, 5.527100000000000000e+04
3.396424504470073324e-02, 5.492500000000000000e+04
3.398013846774457919e-02, 5.290300000000000000e+04
3.399603189078842513e-02, 4.881900000000000000e+04
3.401192531383227108e-02, 4.367500000000000000e+04
3.402781873687611702e-02, 3.746600000000000000e+04
3.404371215991996991e-02, 3.078900000000000000e+04
3.405960558296381585e-02, 2.457400000000000000e+04
3.407549900600766180e-02, 1.891800000000000000e+04
3.409139242905150774e-02, 1.431000000000000000e+04
3.410728585209535368e-02, 1.125800000000000000e+04
3.412317927513919963e-02, 1.043400000000000000e+04
3.413907269818304557e-02, 1.138400000000000000e+04
3.415496612122689846e-02, 1.368600000000000000e+04
3.417085954427074440e-02, 1.821600000000000000e+04
3.418675296731459035e-02, 2.408400000000000000e+04
3.420264639035843629e-02, 3.010300000000000000e+04
3.421853981340228223e-02, 3.646500000000000000e+04
3.423443323644612818e-02, 4.297800000000000000e+04
3.425032665948997412e-02, 4.805000000000000000e+04
3.426622008253382007e-02, 5.273300000000000000e+04
3.428211350557767295e-02, 5.479100000000000000e+04
3.429800692862151890e-02, 5.544000000000000000e+04
3.431390035166536484e-02, 5.388700000000000000e+04
3.432979377470921079e-02, 5.050100000000000000e+04
3.434568719775305673e-02, 4.612000000000000000e+04
3.436158062079690267e-02, 4.033500000000000000e+04
3.437747404384074862e-02, 3.347700000000000000e+04
3.439336746688460150e-02, 2.717400000000000000e+04
3.440926088992844745e-02, 2.088400000000000000e+04
3.442515431297229339e-02, 1.604200000000000000e+04
3.444104773601613934e-02, 1.226700000000000000e+04
3.445694115905998528e-02, 1.013000000000000000e+04
3.447283458210383122e-02, 1.035400000000000000e+04
3.448872800514767717e-02, 1.224700000000000000e+04
3.450462142819152311e-02, 1.606700000000000000e+04
3.452051485123537600e-02, 2.125000000000000000e+04
3.453640827427922194e-02, 2.704600000000000000e+04
3.455230169732306789e-02, 3.363300000000000000e+04
3.456819512036691383e-02, 4.003600000000000000e+04
3.458408854341075978e-02, 4.608500000000000000e+04
3.459998196645460572e-02, 5.080800000000000000e+04
3.461587538949845166e-02, 5.402800000000000000e+04
3.463176881254229761e-02, 5.533500000000000000e+04
3.464766223558615049e-02, 5.490100000000000000e+04
3.466355565862999644e-02, 5.270600000000000000e+04
3.467944908167384238e-02, 4.846200000000000000e+04
3.469534250471768833e-02, 4.318200000000000000e+04
3.471123592776153427e-02, 3.703600000000000000e+04
3.472712935080538021e-02, 3.037700000000000000e+04
3.474302277384922616e-02, 2.372300000000000000e+04
3.475891619689307904e-02, 1.819300000000000000e+04
3.477480961993692499e-02, 1.375500000000000000e+04
3.479070304298077093e-02, 1.092500000000000000e+04
3.480659646602461688e-02, 1.017900000000000000e+04
3.482248988906846282e-02, 1.114500000000000000e+04
3.483838331211230877e-02, 1.379300000000000000e+04
3.485427673515615471e-02, 1.854500000000000000e+04
3.487017015820000065e-02, 2.415900000000000000e+04
3.488606358124385354e-02, 3.065100000000000000e+04
3.490195700428769948e-02, 3.701400000000000000e+04
3.491785042733154543e-02, 4.353800000000000000e+04
3.493374385037539137e-02, 4.832600000000000000e+04
3.494963727341923732e-02, 5.290200000000000000e+04
