0.000000000000000000e+00, 1.175700000000000000e+04
4.974899710329759680e-06, 1.569500000000000000e+04
9.949799420659519359e-06, 2.059600000000000000e+04
1.492469913098927989e-05, 2.635800000000000000e+04
1.989959884131903872e-05, 3.146100000000000000e+04
2.487449855164879925e-05, 3.626600000000000000e+04
2.984939826197855977e-05, 4.027600000000000000e+04
3.482429797230831691e-05, 4.346700000000000000e+04
3.979919768263807744e-05, 4.617800000000000000e+04
4.477409739296783796e-05, 4.849100000000000000e+04
4.974899710329759849e-05, 5.005800000000000000e+04
5.472389681362735902e-05, 5.120800000000000000e+04
5.969879652395711954e-05, 5.191000000000000000e+04
6.467369623428688007e-05, 5.232200000000000000e+04
6.964859594461663382e-05, 5.253300000000000000e+04
7.462349565494640112e-05, 5.208600000000000000e+04
7.959839536527615487e-05, 5.163700000000000000e+04
8.457329507560592218e-05, 5.071800000000000000e+04
8.954819478593567593e-05, 4.963300000000000000e+04
9.452309449626544323e-05, 4.831800000000000000e+04
9.949799420659519698e-05, 4.712800000000000000e+04
1.044728939169249507e-04, 4.574700000000000000e+04
1.094477936272547180e-04, 4.386600000000000000e+04
1.144226933375844718e-04, 4.205700000000000000e+04
1.193975930479142391e-04, 4.036000000000000000e+04
1.243724927582439928e-04, 3.842200000000000000e+04
1.293473924685737601e-04, 3.617100000000000000e+04
1.343222921789035274e-04, 3.399200000000000000e+04
1.392971918892332676e-04, 3.203700000000000000e+04
1.442720915995630349e-04, 3.008700000000000000e+04
1.492469913098928022e-04, 2.798500000000000000e+04
1.542218910202225424e-04, 2.592800000000000000e+04
1.591967907305523097e-04, 2.409400000000000000e+04
1.641716904408820771e-04, 2.231200000000000000e+04
1.691465901512118444e-04, 2.053400000000000000e+04
1.741214898615415846e-04, 1.904600000000000000e+04
1.790963895718713519e-04, 1.744000000000000000e+04
1.840712892822011192e-04, 1.594400000000000000e+04
1.890461889925308865e-04, 1.469200000000000000e+04
1.940210887028606267e-04, 1.329600000000000000e+04
1.989959884131903940e-04, 1.244100000000000000e+04
2.039708881235201613e-04, 1.160800000000000000e+04
2.089457878338499015e-04, 1.074700000000000000e+04
2.139206875441796688e-04, 1.036600000000000000e+04
2.188955872545094361e-04, 1.002800000000000000e+04
2.238704869648392034e-04, 1.021300000000000000e+04
2.288453866751689436e-04, 1.034100000000000000e+04
2.338202863854987109e-04, 1.061500000000000000e+04
2.387951860958284782e-04, 1.113100000000000000e+04
2.437700858061582455e-04, 1.176000000000000000e+04
2.487449855164879857e-04, 1.253200000000000000e+04
2.537198852268177530e-04, 1.343700000000000000e+04
2.586947849371475203e-04, 1.465600000000000000e+04
2.636696846474772876e-04, 1.614700000000000000e+04
2.686445843578070549e-04, 1.767500000000000000e+04
2.736194840681367680e-04, 1.929400000000000000e+04
2.785943837784665353e-04, 2.109000000000000000e+04
2.835692834887963026e-04, 2.298000000000000000e+04
2.885441831991260699e-04, 2.472100000000000000e+04
2.935190829094558372e-04, 2.669800000000000000e+04
2.984939826197856045e-04, 2.871900000000000000e+04
3.034688823301153718e-04, 3.093400000000000000e+04
3.084437820404450849e-04, 3.296200000000000000e+04
3.134186817507748522e-04, 3.486200000000000000e+04
3.183935814611046195e-04, 3.677200000000000000e+04
3.233684811714343868e-04, 3.873800000000000000e+04
3.283433808817641541e-04, 4.078100000000000000e+04
3.333182805920939214e-04, 4.290700000000000000e+04
3.382931803024236887e-04, 4.473100000000000000e+04
3.432680800127534018e-04, 4.626100000000000000e+04
3.482429797230831691e-04, 4.774100000000000000e+04
3.532178794334129364e-04, 4.908600000000000000e+04
3.581927791437427037e-04, 5.084900000000000000e+04
3.631676788540724710e-04, 5.206000000000000000e+04
3.681425785644022383e-04, 5.311200000000000000e+04
3.731174782747320056e-04, 5.404100000000000000e+04
3.780923779850617729e-04, 5.457500000000000000e+04
3.830672776953914860e-04, 5.491100000000000000e+04
3.880421774057212533e-04, 5.527600000000000000e+04
3.930170771160510206e-04, 5.548600000000000000e+04
3.979919768263807879e-04, 5.537700000000000000e+04
4.029668765367105552e-04, 5.510600000000000000e+04
4.079417762470403225e-04, 5.476900000000000000e+04
4.129166759573700898e-04, 5.419500000000000000e+04
4.178915756676998029e-04, 5.343000000000000000e+04
4.228664753780295702e-04, 5.246600000000000000e+04
4.278413750883593375e-04, 5.114900000000000000e+04
4.328162747986891048e-04, 4.999100000000000000e+04
4.377911745090188721e-04, 4.851200000000000000e+04
4.427660742193486394e-04, 4.705100000000000000e+04
4.477409739296784067e-04, 4.529400000000000000e+04
4.527158736400081198e-04, 4.347000000000000000e+04
4.576907733503378871e-04, 4.163200000000000000e+04
4.626656730606676544e-04, 3.977700000000000000e+04
4.676405727709974217e-04, 3.770400000000000000e+04
4.726154724813271890e-04, 3.546700000000000000e+04
4.775903721916569564e-04, 3.344500000000000000e+04
4.825652719019867237e-04, 3.129000000000000000e+04
4.875401716123164910e-04, 2.921100000000000000e+04
4.925150713226462583e-04, 2.726600000000000000e+04
4.974899710329759714e-04, 2.520600000000000000e+04
5.024648707433057929e-04, 2.322600000000000000e+04
5.074397704536355060e-04, 2.121000000000000000e+04
5.124146701639652191e-04, 1.953000000000000000e+04
5.173895698742950406e-04, 1.811300000000000000e+04
5.223644695846247537e-04, 1.671200000000000000e+04
5.273393692949545752e-04, 1.508600000000000000e+04
5.323142690052842883e-04, 1.401400000000000000e+04
5.372891687156141098e-04, 1.291100000000000000e+04
5.422640684259438229e-04, 1.185900000000000000e+04
5.472389681362735360e-04, 1.122200000000000000e+04
5.522138678466033575e-04, 1.044500000000000000e+04
5.571887675569330706e-04, 1.001100000000000000e+04
5.621636672672628921e-04, 9.854000000000000000e+03
5.671385669775926052e-04, 1.012700000000000000e+04
5.721134666879224267e-04, 1.034800000000000000e+04
5.770883663982521398e-04, 1.068400000000000000e+04
5.820632661085818529e-04, 1.137300000000000000e+04
5.870381658189116744e-04, 1.211000000000000000e+04
5.920130655292413875e-04, 1.278600000000000000e+04
5.969879652395712090e-04, 1.389100000000000000e+04
6.019628649499009221e-04, 1.524000000000000000e+04
6.069377646602307436e-04, 1.676300000000000000e+04
6.119126643705604567e-04, 1.817700000000000000e+04
6.168875640808901698e-04, 1.982400000000000000e+04
6.218624637912199913e-04, 2.164400000000000000e+04
6.268373635015497044e-04, 2.347800000000000000e+04
6.318122632118795259e-04, 2.524400000000000000e+04
6.367871629222092390e-04, 2.706200000000000000e+04
6.417620626325390605e-04, 2.919900000000000000e+04
6.467369623428687736e-04, 3.132900000000000000e+04
6.517118620531984867e-04, 3.342300000000000000e+04
6.566867617635283082e-04, 3.529700000000000000e+04
6.616616614738580213e-04, 3.737100000000000000e+04
6.666365611841878428e-04, 3.942500000000000000e+04
6.716114608945175559e-04, 4.147300000000000000e+04
6.765863606048473774e-04, 4.355800000000000000e+04
6.815612603151770905e-04, 4.531400000000000000e+04
6.865361600255068036e-04, 4.676700000000000000e+04
6.915110597358366251e-04, 4.813000000000000000e+04
6.964859594461663382e-04, 4.969700000000000000e+04
7.014608591564961597e-04, 5.115700000000000000e+04
7.064357588668258728e-04, 5.255400000000000000e+04
7.114106585771556943e-04, 5.338300000000000000e+04
7.163855582874854074e-04, 5.409000000000000000e+04
7.213604579978152289e-04, 5.477900000000000000e+04
7.263353577081449420e-04, 5.507200000000000000e+04
7.313102574184746551e-04, 5.528400000000000000e+04
7.362851571288044766e-04, 5.536400000000000000e+04
7.412600568391341897e-04, 5.523700000000000000e+04
7.462349565494640112e-04, 5.496100000000000000e+04
7.512098562597937243e-04, 5.462500000000000000e+04
7.561847559701235458e-04, 5.405100000000000000e+04
7.611596556804532589e-04, 5.312300000000000000e+04
7.661345553907829720e-04, 5.212700000000000000e+04
7.711094551011127935e-04, 5.072000000000000000e+04
7.760843548114425066e-04, 4.939500000000000000e+04
7.810592545217723282e-04, 4.804600000000000000e+04
7.860341542321020412e-04, 4.648500000000000000e+04
7.910090539424318628e-04, 4.451300000000000000e+04
7.959839536527615758e-04, 4.263700000000000000e+04
8.009588533630912889e-04, 4.103100000000000000e+04
8.059337530734211105e-04, 3.901700000000000000e+04
8.109086527837508235e-04, 3.679500000000000000e+04
8.158835524940806451e-04, 3.447400000000000000e+04
8.208584522044103582e-04, 3.259000000000000000e+04
8.258333519147401797e-04, 3.057400000000000000e+04
8.308082516250698928e-04, 2.861000000000000000e+04
8.357831513353996059e-04, 2.662700000000000000e+04
8.407580510457294274e-04, 2.458700000000000000e+04
8.457329507560591405e-04, 2.266500000000000000e+04
8.507078504663889620e-04, 2.075700000000000000e+04
8.556827501767186751e-04, 1.918600000000000000e+04
8.606576498870484966e-04, 1.749200000000000000e+04
8.656325495973782097e-04, 1.622100000000000000e+04
8.706074493077079228e-04, 1.476700000000000000e+04
8.755823490180377443e-04, 1.349400000000000000e+04
8.805572487283674574e-04, 1.258000000000000000e+04
8.855321484386972789e-04, 1.153900000000000000e+04
8.905070481490269920e-04, 1.094100000000000000e+04
8.954819478593568135e-04, 1.040100000000000000e+04
9.004568475696865266e-04, 9.893000000000000000e+03
9.054317472800162397e-04, 1.007900000000000000e+04
9.104066469903460612e-04, 1.017700000000000000e+04
9.153815467006757743e-04, 1.044100000000000000e+04
9.203564464110055958e-04, 1.099900000000000000e+04
9.253313461213353089e-04, 1.165000000000000000e+04
9.303062458316651304e-04, 1.227800000000000000e+04
9.352811455419948435e-04, 1.311500000000000000e+04
9.402560452523245566e-04, 1.412800000000000000e+04
9.452309449626543781e-04, 1.554800000000000000e+04
9.502058446729840912e-04, 1.708000000000000000e+04
9.551807443833139127e-04, 1.879400000000000000e+04
9.601556440936436258e-04, 2.045600000000000000e+04
9.651305438039734473e-04, 2.219300000000000000e+04
9.701054435143031604e-04, 2.409200000000000000e+04
9.750803432246329819e-04, 2.596700000000000000e+04
9.800552429349625866e-04, 2.783300000000000000e+04
9.850301426452925165e-04, 2.996000000000000000e+04
9.900050423556222296e-04, 3.216500000000000000e+04
9.949799420659519427e-04, 3.413600000000000000e+04
9.999548417762816558e-04, 3.617400000000000000e+04
1.004929741486611586e-03, 3.810800000000000000e+04
1.009904641196941299e-03, 4.017400000000000000e+04
1.014879540907271012e-03, 4.239200000000000000e+04
1.019854440617600725e-03, 4.432100000000000000e+04
1.024829340327930438e-03, 4.594500000000000000e+04
1.029804240038260368e-03, 4.733700000000000000e+04
1.034779139748590081e-03, 4.857200000000000000e+04
1.039754039458919794e-03, 5.033900000000000000e+04
1.044728939169249507e-03, 5.156300000000000000e+04
1.049703838879579220e-03, 5.283500000000000000e+04
1.054678738589909150e-03, 5.375300000000000000e+04
1.059653638300238863e-03, 5.427600000000000000e+04
1.064628538010568577e-03, 5.481600000000000000e+04
1.069603437720898290e-03, 5.534200000000000000e+04
1.074578337431228220e-03, 5.545800000000000000e+04
1.079553237141557933e-03, 5.544000000000000000e+04
1.084528136851887646e-03, 5.521100000000000000e+04
1.089503036562217359e-03, 5.488600000000000000e+04
1.094477936272547072e-03, 5.451800000000000000e+04
1.099452835982877002e-03, 5.361700000000000000e+04
1.104427735693206715e-03, 5.281400000000000000e+04
1.109402635403536428e-03, 5.162100000000000000e+04
1.114377535113866141e-03, 5.032400000000000000e+04
1.119352434824196071e-03, 4.875500000000000000e+04
1.124327334534525784e-03, 4.739300000000000000e+04
1.129302234244855497e-03, 4.599700000000000000e+04
1.134277133955185210e-03, 4.408900000000000000e+04
1.139252033665514923e-03, 4.225100000000000000e+04
1.144226933375844853e-03, 4.052400000000000000e+04
1.149201833086174566e-03, 3.855800000000000000e+04
1.154176732796504280e-03, 3.628100000000000000e+04
1.159151632506833993e-03, 3.408200000000000000e+04
1.164126532217163706e-03, 3.210800000000000000e+04
1.169101431927493636e-03, 3.014400000000000000e+04
1.174076331637823349e-03, 2.802900000000000000e+04
1.179051231348153062e-03, 2.596300000000000000e+04
1.184026131058482775e-03, 2.392000000000000000e+04
1.189001030768812705e-03, 2.203700000000000000e+04
1.193975930479142418e-03, 2.018800000000000000e+04
1.198950830189472131e-03, 1.868800000000000000e+04
1.203925729899801844e-03, 1.710200000000000000e+04
1.208900629610131557e-03, 1.564100000000000000e+04
1.213875529320461487e-03, 1.442900000000000000e+04
1.218850429030791200e-03, 1.307500000000000000e+04
1.223825328741120913e-03, 1.225700000000000000e+04
1.228800228451450626e-03, 1.145800000000000000e+04
1.233775128161780340e-03, 1.062500000000000000e+04
1.238750027872110270e-03, 1.026900000000000000e+04
1.243724927582439983e-03, 9.951000000000000000e+03
1.248699827292769696e-03, 1.019400000000000000e+04
1.253674727003099409e-03, 1.036000000000000000e+04
1.258649626713429339e-03, 1.060500000000000000e+04
1.263624526423759052e-03, 1.110500000000000000e+04
1.268599426134088765e-03, 1.172800000000000000e+04
1.273574325844418478e-03, 1.249900000000000000e+04
1.278549225554748191e-03, 1.340600000000000000e+04
1.283524125265078121e-03, 1.462900000000000000e+04
1.288499024975407834e-03, 1.612400000000000000e+04
1.293473924685737547e-03, 1.765500000000000000e+04
1.298448824396067260e-03, 1.927700000000000000e+04
1.303423724106396973e-03, 2.107700000000000000e+04
1.308398623816726903e-03, 2.296900000000000000e+04
1.313373523527056616e-03, 2.461800000000000000e+04
1.318348423237386330e-03, 2.655500000000000000e+04
1.323323322947716043e-03, 2.865800000000000000e+04
1.328298222658045973e-03, 3.092200000000000000e+04
1.333273122368375686e-03, 3.297600000000000000e+04
1.338248022078705399e-03, 3.489000000000000000e+04
1.343222921789035112e-03, 3.680400000000000000e+04
1.348197821499364825e-03, 3.877000000000000000e+04
1.353172721209694755e-03, 4.081100000000000000e+04
1.358147620920024468e-03, 4.293400000000000000e+04
1.363122520630354181e-03, 4.475400000000000000e+04
1.368097420340683894e-03, 4.628100000000000000e+04
1.373072320051013607e-03, 4.775700000000000000e+04
1.378047219761343537e-03, 4.910000000000000000e+04
1.383022119471673250e-03, 5.078400000000000000e+04
1.387997019182002963e-03, 5.179500000000000000e+04
1.392971918892332676e-03, 5.275800000000000000e+04
1.397946818602662606e-03, 5.366600000000000000e+04
1.402921718312992319e-03, 5.421700000000000000e+04
1.407896618023322033e-03, 5.458800000000000000e+04
1.412871517733651746e-03, 5.499500000000000000e+04
1.417846417443981459e-03, 5.524800000000000000e+04
1.422821317154311389e-03, 5.517900000000000000e+04
1.427796216864641102e-03, 5.494400000000000000e+04
1.432771116574970815e-03, 5.463700000000000000e+04
1.437746016285300528e-03, 5.409000000000000000e+04
1.442720915995630458e-03, 5.330600000000000000e+04
1.447695815705960171e-03, 5.229400000000000000e+04
1.452670715416289884e-03, 5.105300000000000000e+04
1.457645615126619597e-03, 4.994300000000000000e+04
1.462620514836949310e-03, 4.849300000000000000e+04
1.467595414547279240e-03, 4.704900000000000000e+04
1.472570314257608953e-03, 4.530000000000000000e+04
1.477545213967938666e-03, 4.348100000000000000e+04
1.482520113678268379e-03, 4.164500000000000000e+04
1.487495013388598093e-03, 3.978900000000000000e+04
1.492469913098928022e-03, 3.771600000000000000e+04
1.497444812809257736e-03, 3.547700000000000000e+04
1.502419712519587449e-03, 3.345300000000000000e+04
1.507394612229917162e-03, 3.134600000000000000e+04
1.512369511940247092e-03, 2.932200000000000000e+04
1.517344411650576805e-03, 2.755300000000000000e+04
1.522319311360906518e-03, 2.556600000000000000e+04
1.527294211071236231e-03, 2.359800000000000000e+04
1.532269110781565944e-03, 2.156100000000000000e+04
1.537244010491895874e-03, 1.984500000000000000e+04
1.542218910202225587e-03, 1.838600000000000000e+04
1.547193809912555300e-03, 1.694200000000000000e+04
1.552168709622885013e-03, 1.527600000000000000e+04
1.557143609333214726e-03, 1.416900000000000000e+04
1.562118509043544656e-03, 1.303600000000000000e+04
1.567093408753874369e-03, 1.195900000000000000e+04
1.572068308464204082e-03, 1.133900000000000000e+04
1.577043208174533796e-03, 1.058100000000000000e+04
1.582018107884863726e-03, 1.009100000000000000e+04
1.586993007595193439e-03, 9.898000000000000000e+03
1.591967907305523152e-03, 1.014900000000000000e+04
1.596942807015852865e-03, 1.035700000000000000e+04
1.601917706726182578e-03, 1.068500000000000000e+04
1.606892606436512508e-03, 1.137000000000000000e+04
1.611867506146842221e-03, 1.210500000000000000e+04
1.616842405857171934e-03, 1.278000000000000000e+04
1.621817305567501647e-03, 1.388500000000000000e+04
1.626792205277831360e-03, 1.523500000000000000e+04
1.631767104988161290e-03, 1.675900000000000000e+04
1.636742004698491003e-03, 1.828000000000000000e+04
1.641716904408820716e-03, 2.000600000000000000e+04
1.646691804119150429e-03, 2.172000000000000000e+04
1.651666703829480359e-03, 2.349100000000000000e+04
1.656641603539810072e-03, 2.522300000000000000e+04
1.661616503250139786e-03, 2.702400000000000000e+04
1.666591402960469499e-03, 2.915600000000000000e+04
1.671566302670799212e-03, 3.128500000000000000e+04
1.676541202381129142e-03, 3.338200000000000000e+04
1.681516102091458855e-03, 3.526100000000000000e+04
1.686491001801788568e-03, 3.734000000000000000e+04
1.691465901512118281e-03, 3.939900000000000000e+04
1.696440801222448211e-03, 4.145200000000000000e+04
1.701415700932777924e-03, 4.350000000000000000e+04
1.706390600643107637e-03, 4.524200000000000000e+04
1.711365500353437350e-03, 4.673400000000000000e+04
1.716340400063767063e-03, 4.812000000000000000e+04
1.721315299774096993e-03, 4.970000000000000000e+04
1.726290199484426706e-03, 5.116700000000000000e+04
1.731265099194756419e-03, 5.256700000000000000e+04
1.736239998905086132e-03, 5.339700000000000000e+04
1.741214898615415846e-03, 5.410300000000000000e+04
1.746189798325745775e-03, 5.479000000000000000e+04
1.751164698036075489e-03, 5.508200000000000000e+04
1.756139597746405202e-03, 5.529200000000000000e+04
1.761114497456734915e-03, 5.537100000000000000e+04
1.766089397167064845e-03, 5.519400000000000000e+04
1.771064296877394558e-03, 5.489500000000000000e+04
1.776039196587724271e-03, 5.459900000000000000e+04
1.781014096298053984e-03, 5.404800000000000000e+04
1.785988996008383697e-03, 5.313400000000000000e+04
1.790963895718713627e-03, 5.214300000000000000e+04
1.795938795429043340e-03, 5.073900000000000000e+04
1.800913695139373053e-03, 4.941300000000000000e+04
1.805888594849702766e-03, 4.806300000000000000e+04
1.810863494560032479e-03, 4.649900000000000000e+04
1.815838394270362409e-03, 4.452600000000000000e+04
1.820813293980692122e-03, 4.264800000000000000e+04
1.825788193691021835e-03, 4.104000000000000000e+04
1.830763093401351549e-03, 3.911200000000000000e+04
1.835737993111681478e-03, 3.693500000000000000e+04
1.840712892822011192e-03, 3.453300000000000000e+04
1.845687792532340905e-03, 3.260100000000000000e+04
1.850662692242670618e-03, 3.055900000000000000e+04
1.855637591953000331e-03, 2.858300000000000000e+04
1.860612491663330261e-03, 2.659400000000000000e+04
1.865587391373659974e-03, 2.455400000000000000e+04
1.870562291083989687e-03, 2.263500000000000000e+04
1.875537190794319400e-03, 2.073000000000000000e+04
1.880512090504649113e-03, 1.916200000000000000e+04
1.885486990214979043e-03, 1.747200000000000000e+04
1.890461889925308756e-03, 1.620500000000000000e+04
1.895436789635638469e-03, 1.480600000000000000e+04
1.900411689345968182e-03, 1.350800000000000000e+04
1.905386589056298112e-03, 1.258000000000000000e+04
1.910361488766627825e-03, 1.153100000000000000e+04
1.915336388476957538e-03, 1.093000000000000000e+04
1.920311288187287252e-03, 1.038900000000000000e+04
1.925286187897616965e-03, 9.881000000000000000e+03
1.930261087607946895e-03, 1.006800000000000000e+04
1.935235987318276608e-03, 1.016800000000000000e+04
1.940210887028606321e-03, 1.043300000000000000e+04
1.945185786738936034e-03, 1.099200000000000000e+04
1.950160686449265964e-03, 1.164400000000000000e+04
1.955135586159595460e-03, 1.227400000000000000e+04
1.960110485869925173e-03, 1.320000000000000000e+04
1.965085385580255320e-03, 1.426700000000000000e+04
1.970060285290585033e-03, 1.560500000000000000e+04
1.975035185000914746e-03, 1.708900000000000000e+04
1.980010084711244459e-03, 1.877600000000000000e+04
1.984984984421574172e-03, 2.042600000000000000e+04
1.989959884131903885e-03, 2.215900000000000000e+04
1.994934783842233599e-03, 2.405700000000000000e+04
1.999909683552563312e-03, 2.593500000000000000e+04
2.004884583262893025e-03, 2.780500000000000000e+04
2.009859482973223171e-03, 2.993600000000000000e+04
2.014834382683552885e-03, 3.214400000000000000e+04
2.019809282393882598e-03, 3.411900000000000000e+04
2.024784182104212311e-03, 3.607700000000000000e+04
2.029759081814542024e-03, 3.799500000000000000e+04
2.034733981524871737e-03, 4.012400000000000000e+04
2.039708881235201450e-03, 4.237900000000000000e+04
2.044683780945531163e-03, 4.432800000000000000e+04
2.049658680655860876e-03, 4.596300000000000000e+04
2.054633580366191023e-03, 4.735900000000000000e+04
2.059608480076520736e-03, 4.859500000000000000e+04
2.064583379786850449e-03, 5.036000000000000000e+04
2.069558279497180162e-03, 5.158200000000000000e+04
2.074533179207509875e-03, 5.285200000000000000e+04
2.079508078917839588e-03, 5.376800000000000000e+04
2.084482978628169302e-03, 5.428800000000000000e+04
2.089457878338499015e-03, 5.477500000000000000e+04
2.094432778048828728e-03, 5.529500000000000000e+04
2.099407677759158441e-03, 5.520300000000000000e+04
2.104382577469488588e-03, 5.509400000000000000e+04
2.109357477179818301e-03, 5.484100000000000000e+04
2.114332376890148014e-03, 5.453100000000000000e+04
2.119307276600477727e-03, 5.419600000000000000e+04
2.124282176310807440e-03, 5.333700000000000000e+04
2.129257076021137153e-03, 5.257700000000000000e+04
2.134231975731466866e-03, 5.142400000000000000e+04
2.139206875441796579e-03, 5.016200000000000000e+04
2.144181775152126292e-03, 4.862400000000000000e+04
2.149156674862456439e-03, 4.728800000000000000e+04
2.154131574572786152e-03, 4.580600000000000000e+04
2.159106474283115865e-03, 4.383400000000000000e+04
2.164081373993445578e-03, 4.188200000000000000e+04
2.169056273703775291e-03, 4.012200000000000000e+04
2.174031173414105005e-03, 3.816800000000000000e+04
2.179006073124434718e-03, 3.592600000000000000e+04
2.183980972834764431e-03, 3.377100000000000000e+04
2.188955872545094144e-03, 3.184400000000000000e+04
2.193930772255424291e-03, 2.992300000000000000e+04
2.198905671965754004e-03, 2.784800000000000000e+04
2.203880571676083717e-03, 2.581700000000000000e+04
2.208855471386413430e-03, 2.380200000000000000e+04
2.213830371096743143e-03, 2.194300000000000000e+04
2.218805270807072856e-03, 2.015400000000000000e+04
2.223780170517402569e-03, 1.868800000000000000e+04
2.228755070227732282e-03, 1.707800000000000000e+04
2.233729969938061995e-03, 1.560600000000000000e+04
2.238704869648392142e-03, 1.439100000000000000e+04
2.243679769358721855e-03, 1.303800000000000000e+04
2.248654669069051568e-03, 1.222300000000000000e+04
2.253629568779381281e-03, 1.142800000000000000e+04
2.258604468489710995e-03, 1.060000000000000000e+04
2.263579368200040708e-03, 1.024800000000000000e+04
2.268554267910370421e-03, 9.934000000000000000e+03
2.273529167620700134e-03, 1.018000000000000000e+04
2.278504067331029847e-03, 1.034900000000000000e+04
2.283478967041359560e-03, 1.064400000000000000e+04
2.288453866751689707e-03, 1.116300000000000000e+04
2.293428766462019420e-03, 1.174800000000000000e+04
2.298403666172349133e-03, 1.249800000000000000e+04
2.303378565882678846e-03, 1.339400000000000000e+04
2.308353465593008559e-03, 1.461100000000000000e+04
2.313328365303338272e-03, 1.610400000000000000e+04
2.318303265013667985e-03, 1.763600000000000000e+04
2.323278164723997698e-03, 1.926000000000000000e+04
2.328253064434327411e-03, 2.106200000000000000e+04
2.333227964144657558e-03, 2.295600000000000000e+04
2.338202863854987271e-03, 2.460800000000000000e+04
2.343177763565316984e-03, 2.654600000000000000e+04
2.348152663275646698e-03, 2.855600000000000000e+04
2.353127562985976411e-03, 3.079700000000000000e+04
2.358102462696306124e-03, 3.268600000000000000e+04
2.363077362406635837e-03, 3.453300000000000000e+04
2.368052262116965550e-03, 3.643800000000000000e+04
2.373027161827295263e-03, 3.842500000000000000e+04
2.378002061537625410e-03, 4.050300000000000000e+04
2.382976961247955123e-03, 4.266800000000000000e+04
2.387951860958284836e-03, 4.453000000000000000e+04
2.392926760668614549e-03, 4.609500000000000000e+04
2.397901660378944262e-03, 4.760600000000000000e+04
2.402876560089273975e-03, 4.897700000000000000e+04
2.407851459799603688e-03, 5.070200000000000000e+04
2.412826359509933401e-03, 5.196200000000000000e+04
2.417801259220263115e-03, 5.300100000000000000e+04
2.422776158930592828e-03, 5.397700000000000000e+04
2.427751058640922974e-03, 5.454200000000000000e+04
2.432725958351252687e-03, 5.489600000000000000e+04
2.437700858061582401e-03, 5.527200000000000000e+04
2.442675757771912114e-03, 5.548800000000000000e+04
2.447650657482241827e-03, 5.538100000000000000e+04
2.452625557192571540e-03, 5.511200000000000000e+04
2.457600456902901253e-03, 5.477500000000000000e+04
2.462575356613230966e-03, 5.420100000000000000e+04
2.467550256323560679e-03, 5.339500000000000000e+04
2.472525156033890826e-03, 5.236400000000000000e+04
2.477500055744220539e-03, 5.101500000000000000e+04
2.482474955454550252e-03, 4.983500000000000000e+04
2.487449855164879965e-03, 4.822500000000000000e+04
2.492424754875209678e-03, 4.671600000000000000e+04
2.497399654585539391e-03, 4.495700000000000000e+04
2.502374554295869104e-03, 4.315700000000000000e+04
2.507349454006198818e-03, 4.135400000000000000e+04
2.512324353716528531e-03, 3.953800000000000000e+04
2.517299253426858677e-03, 3.750400000000000000e+04
2.522274153137188391e-03, 3.530200000000000000e+04
2.527249052847518104e-03, 3.331000000000000000e+04
2.532223952557847817e-03, 3.123000000000000000e+04
2.537198852268177530e-03, 2.923000000000000000e+04
2.542173751978507243e-03, 2.730600000000000000e+04
2.547148651688836956e-03, 2.524700000000000000e+04
2.552123551399166669e-03, 2.321000000000000000e+04
2.557098451109496382e-03, 2.116500000000000000e+04
2.562073350819826529e-03, 1.947300000000000000e+04
2.567048250530156242e-03, 1.805400000000000000e+04
2.572023150240485955e-03, 1.665500000000000000e+04
2.576998049950815668e-03, 1.503500000000000000e+04
2.581972949661145381e-03, 1.397000000000000000e+04
2.586947849371475094e-03, 1.287400000000000000e+04
2.591922749081804807e-03, 1.182800000000000000e+04
2.596897648792134521e-03, 1.123400000000000000e+04
2.601872548502464234e-03, 1.049800000000000000e+04
2.606847448212793947e-03, 1.002600000000000000e+04
2.611822347923124094e-03, 9.916000000000000000e+03
2.616797247633453807e-03, 1.037800000000000000e+04
2.621772147343783520e-03, 1.068200000000000000e+04
2.626747047054113233e-03, 1.103600000000000000e+04
2.631721946764442946e-03, 1.171000000000000000e+04
2.636696846474772659e-03, 1.241500000000000000e+04
2.641671746185102372e-03, 1.305100000000000000e+04
2.646646645895432085e-03, 1.411500000000000000e+04
2.651621545605761798e-03, 1.542700000000000000e+04
2.656596445316091945e-03, 1.691600000000000000e+04
2.661571345026421658e-03, 1.840700000000000000e+04
2.666546244736751371e-03, 2.010800000000000000e+04
2.671521144447081084e-03, 2.189800000000000000e+04
2.676496044157410797e-03, 2.374400000000000000e+04
2.681470943867740511e-03, 2.535400000000000000e+04
2.686445843578070224e-03, 2.708000000000000000e+04
2.691420743288399937e-03, 2.916800000000000000e+04
2.696395642998729650e-03, 3.127300000000000000e+04
2.701370542709059797e-03, 3.335800000000000000e+04
2.706345442419389510e-03, 3.523200000000000000e+04
2.711320342129719223e-03, 3.731100000000000000e+04
2.716295241840048936e-03, 3.937200000000000000e+04
2.721270141550378649e-03, 4.142700000000000000e+04
2.726245041260708362e-03, 4.347900000000000000e+04
2.731219940971038075e-03, 4.522400000000000000e+04
2.736194840681367788e-03, 4.667900000000000000e+04
2.741169740391697501e-03, 4.804400000000000000e+04
2.746144640102027214e-03, 4.966500000000000000e+04
2.751119539812357361e-03, 5.115600000000000000e+04
2.756094439522687074e-03, 5.257000000000000000e+04
2.761069339233016787e-03, 5.340700000000000000e+04
2.766044238943346500e-03, 5.411700000000000000e+04
2.771019138653676214e-03, 5.480500000000000000e+04
2.775994038364005927e-03, 5.509600000000000000e+04
2.780968938074335640e-03, 5.530400000000000000e+04
2.785943837784665353e-03, 5.538200000000000000e+04
2.790918737494995066e-03, 5.520300000000000000e+04
2.795893637205325213e-03, 5.490200000000000000e+04
2.800868536915654926e-03, 5.455700000000000000e+04
2.805843436625984639e-03, 5.394200000000000000e+04
2.810818336336314352e-03, 5.285200000000000000e+04
2.815793236046644065e-03, 5.178900000000000000e+04
2.820768135756973778e-03, 5.037100000000000000e+04
2.825743035467303491e-03, 4.906500000000000000e+04
2.830717935177633204e-03, 4.775100000000000000e+04
2.835692834887962917e-03, 4.623000000000000000e+04
2.840667734598293064e-03, 4.429800000000000000e+04
2.845642634308622777e-03, 4.245900000000000000e+04
2.850617534018952490e-03, 4.088600000000000000e+04
2.855592433729282204e-03, 3.898800000000000000e+04
2.860567333439611917e-03, 3.683500000000000000e+04
2.865542233149941630e-03, 3.452900000000000000e+04
2.870517132860271343e-03, 3.263400000000000000e+04
2.875492032570601056e-03, 3.054800000000000000e+04
2.880466932280930769e-03, 2.854800000000000000e+04
2.885441831991260916e-03, 2.655000000000000000e+04
2.890416731701590629e-03, 2.450800000000000000e+04
2.895391631411920342e-03, 2.259100000000000000e+04
2.900366531122250055e-03, 2.069100000000000000e+04
2.905341430832579768e-03, 1.912800000000000000e+04
2.910316330542909481e-03, 1.744400000000000000e+04
2.915291230253239194e-03, 1.618100000000000000e+04
2.920266129963568907e-03, 1.478700000000000000e+04
2.925241029673898620e-03, 1.349200000000000000e+04
2.930215929384228334e-03, 1.260700000000000000e+04
2.935190829094558480e-03, 1.161300000000000000e+04
2.940165728804888193e-03, 1.119900000000000000e+04
2.945140628515217907e-03, 1.073900000000000000e+04
2.950115528225547620e-03, 1.024800000000000000e+04
2.955090427935877333e-03, 1.041800000000000000e+04
2.960065327646207046e-03, 1.048300000000000000e+04
2.965040227356536759e-03, 1.070600000000000000e+04
2.970015127066866472e-03, 1.122300000000000000e+04
2.974990026777196185e-03, 1.183600000000000000e+04
2.979964926487526332e-03, 1.243100000000000000e+04
2.984939826197856045e-03, 1.332700000000000000e+04
2.989914725908185758e-03, 1.436900000000000000e+04
2.994889625618515471e-03, 1.578700000000000000e+04
2.999864525328845184e-03, 1.730200000000000000e+04
3.004839425039174897e-03, 1.912700000000000000e+04
3.009814324749504610e-03, 2.082400000000000000e+04
3.014789224459834324e-03, 2.255300000000000000e+04
3.019764124170164037e-03, 2.442100000000000000e+04
3.024739023880494183e-03, 2.625600000000000000e+04
3.029713923590823896e-03, 2.807900000000000000e+04
3.034688823301153610e-03, 3.016600000000000000e+04
3.039663723011483323e-03, 3.233400000000000000e+04
3.044638622721813036e-03, 3.427300000000000000e+04
3.049613522432142749e-03, 3.620100000000000000e+04
3.054588422142472462e-03, 3.809400000000000000e+04
3.059563321852802175e-03, 4.014600000000000000e+04
3.064538221563131888e-03, 4.236700000000000000e+04
3.069513121273462035e-03, 4.410700000000000000e+04
3.074488020983791748e-03, 4.564600000000000000e+04
3.079462920694121461e-03, 4.701500000000000000e+04
3.084437820404451174e-03, 4.826000000000000000e+04
3.089412720114780887e-03, 5.005600000000000000e+04
3.094387619825110600e-03, 5.131600000000000000e+04
3.099362519535440313e-03, 5.262500000000000000e+04
3.104337419245770027e-03, 5.357900000000000000e+04
3.109312318956099740e-03, 5.413300000000000000e+04
3.114287218666429453e-03, 5.465000000000000000e+04
3.119262118376759600e-03, 5.519400000000000000e+04
3.124237018087089313e-03, 5.534400000000000000e+04
3.129211917797419026e-03, 5.533200000000000000e+04
3.134186817507748739e-03, 5.515400000000000000e+04
3.139161717218078452e-03, 5.486000000000000000e+04
3.144136616928408165e-03, 5.451000000000000000e+04
3.149111516638737878e-03, 5.362000000000000000e+04
3.154086416349067591e-03, 5.282200000000000000e+04
3.159061316059397304e-03, 5.163200000000000000e+04
3.164036215769727451e-03, 5.033500000000000000e+04
3.169011115480057164e-03, 4.876500000000000000e+04
3.173986015190386877e-03, 4.740200000000000000e+04
3.178960914900716590e-03, 4.589800000000000000e+04
3.183935814611046303e-03, 4.392300000000000000e+04
3.188910714321376016e-03, 4.208500000000000000e+04
3.193885614031705730e-03, 4.033300000000000000e+04
3.198860513742035443e-03, 3.827000000000000000e+04
3.203835413452365156e-03, 3.596200000000000000e+04
3.208810313162695303e-03, 3.377000000000000000e+04
3.213785212873025016e-03, 3.182200000000000000e+04
3.218760112583354729e-03, 2.989300000000000000e+04
3.223735012293684442e-03, 2.781600000000000000e+04
3.228709912004014155e-03, 2.578500000000000000e+04
3.233684811714343868e-03, 2.377300000000000000e+04
3.238659711424673581e-03, 2.191800000000000000e+04
3.243634611135003294e-03, 2.013300000000000000e+04
3.248609510845333007e-03, 1.867000000000000000e+04
3.253584410555662720e-03, 1.711700000000000000e+04
3.258559310265992867e-03, 1.561900000000000000e+04
3.263534209976322580e-03, 1.439000000000000000e+04
3.268509109686652293e-03, 1.302900000000000000e+04
3.273484009396982006e-03, 1.221100000000000000e+04
3.278458909107311720e-03, 1.141500000000000000e+04
3.283433808817641433e-03, 1.058800000000000000e+04
3.288408708527971146e-03, 1.023700000000000000e+04
3.293383608238300859e-03, 9.924000000000000000e+03
3.298358507948630572e-03, 1.017200000000000000e+04
3.303333407658960719e-03, 1.034200000000000000e+04
3.308308307369290432e-03, 1.063900000000000000e+04
3.313283207079620145e-03, 1.115800000000000000e+04
3.318258106789949858e-03, 1.182800000000000000e+04
3.323233006500279571e-03, 1.259700000000000000e+04
3.328207906210609284e-03, 1.343300000000000000e+04
3.333182805920938997e-03, 1.461500000000000000e+04
3.338157705631268710e-03, 1.609000000000000000e+04
3.343132605341598423e-03, 1.761300000000000000e+04
3.348107505051928570e-03, 1.923400000000000000e+04
3.353082404762258283e-03, 2.103600000000000000e+04
3.358057304472587996e-03, 2.293200000000000000e+04
3.363032204182917709e-03, 2.458600000000000000e+04
3.368007103893247423e-03, 2.652800000000000000e+04
3.372982003603577136e-03, 2.854100000000000000e+04
3.377956903313906849e-03, 3.078500000000000000e+04
3.382931803024236562e-03, 3.284600000000000000e+04
3.387906702734566275e-03, 3.474600000000000000e+04
3.392881602444896422e-03, 3.675800000000000000e+04
3.397856502155226135e-03, 3.878000000000000000e+04
3.402831401865555848e-03, 4.085000000000000000e+04
3.407806301575885561e-03, 4.298500000000000000e+04
3.412781201286215274e-03, 4.480800000000000000e+04
3.417756100996544987e-03, 4.633200000000000000e+04
3.422731000706874700e-03, 4.780400000000000000e+04
3.427705900417204413e-03, 4.914000000000000000e+04
3.432680800127534126e-03, 5.083500000000000000e+04
3.437655699837863840e-03, 5.206800000000000000e+04
3.442630599548193986e-03, 5.308600000000000000e+04
3.447605499258523699e-03, 5.398500000000000000e+04
3.452580398968853412e-03, 5.456500000000000000e+04
3.457555298679183126e-03, 5.492600000000000000e+04
3.462530198389512839e-03, 5.530400000000000000e+04
3.467505098099842552e-03, 5.551800000000000000e+04
3.472479997810172265e-03, 5.540900000000000000e+04
3.477454897520501978e-03, 5.513500000000000000e+04
3.482429797230831691e-03, 5.479500000000000000e+04
3.487404696941161838e-03, 5.421800000000000000e+04
3.492379596651491551e-03, 5.340800000000000000e+04
3.497354496361821264e-03, 5.237500000000000000e+04
3.502329396072150977e-03, 5.102300000000000000e+04
3.507304295782480690e-03, 4.984200000000000000e+04
3.512279195492810403e-03, 4.842700000000000000e+04
3.517254095203140116e-03, 4.691200000000000000e+04
3.522228994913469829e-03, 4.527300000000000000e+04
3.527203894623799543e-03, 4.351400000000000000e+04
3.532178794334129689e-03, 4.170700000000000000e+04
3.537153694044459402e-03, 3.986300000000000000e+04
3.542128593754789116e-03, 3.779000000000000000e+04
3.547103493465118829e-03, 3.554600000000000000e+04
3.552078393175448542e-03, 3.351500000000000000e+04
3.557053292885778255e-03, 3.139900000000000000e+04
3.562028192596107968e-03, 2.936600000000000000e+04
3.567003092306437681e-03, 2.741600000000000000e+04
3.571977992016767394e-03, 2.533500000000000000e+04
3.576952891727097107e-03, 2.333500000000000000e+04
3.581927791437427254e-03, 2.129300000000000000e+04
3.586902691147756967e-03, 1.978500000000000000e+04
3.591877590858086680e-03, 1.844200000000000000e+04
3.596852490568416393e-03, 1.705500000000000000e+04
3.601827390278746106e-03, 1.541200000000000000e+04
3.606802289989075819e-03, 1.430700000000000000e+04
3.611777189699405533e-03, 1.316500000000000000e+04
3.616752089409735246e-03, 1.207400000000000000e+04
3.621726989120064959e-03, 1.143800000000000000e+04
3.626701888830395105e-03, 1.066400000000000000e+04
3.631676788540724819e-03, 1.016000000000000000e+04
3.636651688251054532e-03, 1.002300000000000000e+04
3.641626587961384245e-03, 1.024300000000000000e+04
3.646601487671713958e-03, 1.044700000000000000e+04
3.651576387382043671e-03, 1.072700000000000000e+04
3.656551287092373384e-03, 1.138300000000000000e+04
3.661526186802703097e-03, 1.210300000000000000e+04
3.666501086513032810e-03, 1.276900000000000000e+04
3.671475986223362957e-03, 1.387000000000000000e+04
3.676450885933692670e-03, 1.521900000000000000e+04
3.681425785644022383e-03, 1.674400000000000000e+04
3.686400685354352096e-03, 1.826600000000000000e+04
3.691375585064681809e-03, 1.999500000000000000e+04
3.696350484775011522e-03, 2.180700000000000000e+04
3.701325384485341236e-03, 2.367100000000000000e+04
3.706300284195670949e-03, 2.545300000000000000e+04
3.711275183906000662e-03, 2.720600000000000000e+04
3.716250083616330809e-03, 2.920200000000000000e+04
3.721224983326660522e-03, 3.125600000000000000e+04
3.726199883036990235e-03, 3.331500000000000000e+04
3.731174782747319948e-03, 3.517900000000000000e+04
3.736149682457649661e-03, 3.725500000000000000e+04
3.741124582167979374e-03, 3.931900000000000000e+04
3.746099481878309087e-03, 4.138000000000000000e+04
3.751074381588638800e-03, 4.343800000000000000e+04
3.756049281298968513e-03, 4.519000000000000000e+04
3.761024181009298226e-03, 4.665000000000000000e+04
3.765999080719628373e-03, 4.802100000000000000e+04
3.770973980429958086e-03, 4.964600000000000000e+04
3.775948880140287799e-03, 5.109400000000000000e+04
3.780923779850617512e-03, 5.253700000000000000e+04
3.785898679560947225e-03, 5.339200000000000000e+04
3.790873579271276939e-03, 5.411200000000000000e+04
3.795848478981606652e-03, 5.480500000000000000e+04
3.800823378691936365e-03, 5.510000000000000000e+04
3.805798278402266078e-03, 5.531000000000000000e+04
3.810773178112596225e-03, 5.538700000000000000e+04
3.815748077822925938e-03, 5.520900000000000000e+04
3.820722977533255651e-03, 5.490700000000000000e+04
3.825697877243585364e-03, 5.456100000000000000e+04
3.830672776953915077e-03, 5.394600000000000000e+04
3.835647676664244790e-03, 5.302900000000000000e+04
3.840622576374574503e-03, 5.201900000000000000e+04
3.845597476084904216e-03, 5.046400000000000000e+04
3.850572375795233929e-03, 4.907800000000000000e+04
3.855547275505564076e-03, 4.772000000000000000e+04
3.860522175215893789e-03, 4.617700000000000000e+04
3.865497074926223502e-03, 4.423800000000000000e+04
3.870471974636553215e-03, 4.240000000000000000e+04
3.875446874346882929e-03, 4.083100000000000000e+04
3.880421774057212642e-03, 3.894000000000000000e+04
3.885396673767542355e-03, 3.679400000000000000e+04
3.890371573477872068e-03, 3.449400000000000000e+04
3.895346473188201781e-03, 3.260600000000000000e+04
3.900321372898531928e-03, 3.062000000000000000e+04
3.905296272608861641e-03, 2.862400000000000000e+04
3.910271172319190920e-03, 2.657200000000000000e+04
3.915246072029521067e-03, 2.450000000000000000e+04
3.920220971739850346e-03, 2.256800000000000000e+04
3.925195871450180493e-03, 2.066100000000000000e+04
3.930170771160510640e-03, 1.909700000000000000e+04
3.935145670870839919e-03, 1.741400000000000000e+04
3.940120570581170066e-03, 1.615500000000000000e+04
3.945095470291499345e-03, 1.476300000000000000e+04
3.950070370001829492e-03, 1.347300000000000000e+04
3.955045269712158772e-03, 1.259000000000000000e+04
3.960020169422488918e-03, 1.158300000000000000e+04
3.964995069132818198e-03, 1.094300000000000000e+04
3.969969968843148345e-03, 1.042700000000000000e+04
3.974944868553478491e-03, 9.882000000000000000e+03
3.979919768263807771e-03, 1.005100000000000000e+04
3.984894667974137918e-03, 1.014100000000000000e+04
3.989869567684467197e-03, 1.040300000000000000e+04
3.994844467394797344e-03, 1.096300000000000000e+04
3.999819367105126623e-03, 1.161800000000000000e+04
4.004794266815456770e-03, 1.225100000000000000e+04
4.009769166525786049e-03, 1.318000000000000000e+04
4.014744066236116196e-03, 1.425100000000000000e+04
4.019718965946446343e-03, 1.569300000000000000e+04
4.024693865656775622e-03, 1.722800000000000000e+04
4.029668765367105769e-03, 1.892500000000000000e+04
4.034643665077435049e-03, 2.056200000000000000e+04
4.039618564787765195e-03, 2.219000000000000000e+04
4.044593464498094475e-03, 2.403000000000000000e+04
4.049568364208424621e-03, 2.587900000000000000e+04
4.054543263918753901e-03, 2.773800000000000000e+04
4.059518163629084048e-03, 2.986700000000000000e+04
4.064493063339414194e-03, 3.208000000000000000e+04
4.069467963049743474e-03, 3.406200000000000000e+04
4.074442862760073621e-03, 3.602800000000000000e+04
4.079417762470402900e-03, 3.795400000000000000e+04
4.084392662180733047e-03, 4.003400000000000000e+04
4.089367561891062326e-03, 4.227800000000000000e+04
4.094342461601392473e-03, 4.421900000000000000e+04
4.099317361311721752e-03, 4.585600000000000000e+04
4.104292261022051899e-03, 4.707800000000000000e+04
4.109267160732382046e-03, 4.824000000000000000e+04
4.114242060442711325e-03, 4.999400000000000000e+04
4.119216960153041472e-03, 5.123600000000000000e+04
4.124191859863370752e-03, 5.254100000000000000e+04
4.129166759573700898e-03, 5.349800000000000000e+04
4.134141659284030178e-03, 5.406100000000000000e+04
4.139116558994360325e-03, 5.458700000000000000e+04
4.144091458704689604e-03, 5.514100000000000000e+04
4.149066358415019751e-03, 5.530000000000000000e+04
4.154041258125349030e-03, 5.529600000000000000e+04
4.159016157835679177e-03, 5.508700000000000000e+04
4.163991057546009324e-03, 5.478300000000000000e+04
4.168965957256338603e-03, 5.447300000000000000e+04
4.173940856966668750e-03, 5.360600000000000000e+04
4.178915756676998029e-03, 5.282200000000000000e+04
4.183890656387328176e-03, 5.163900000000000000e+04
4.188865556097657455e-03, 5.034600000000000000e+04
4.193840455807987602e-03, 4.877600000000000000e+04
4.198815355518316882e-03, 4.741300000000000000e+04
4.203790255228647028e-03, 4.590800000000000000e+04
4.208765154938977175e-03, 4.393200000000000000e+04
4.213740054649306455e-03, 4.209200000000000000e+04
4.218714954359636601e-03, 4.033900000000000000e+04
4.223689854069965881e-03, 3.837300000000000000e+04
4.228664753780296028e-03, 3.607400000000000000e+04
4.233639653490625307e-03, 3.405300000000000000e+04
4.238614553200955454e-03, 3.217700000000000000e+04
4.243589452911284733e-03, 3.026000000000000000e+04
4.248564352621614880e-03, 2.816200000000000000e+04
4.253539252331945027e-03, 2.609500000000000000e+04
4.258514152042274306e-03, 2.404100000000000000e+04
4.263489051752604453e-03, 2.214400000000000000e+04
4.268463951462933732e-03, 2.032000000000000000e+04
4.273438851173263879e-03, 1.882300000000000000e+04
4.278413750883593158e-03, 1.724100000000000000e+04
4.283388650593923305e-03, 1.571800000000000000e+04
4.288363550304252585e-03, 1.450900000000000000e+04
4.293338450014582731e-03, 1.317000000000000000e+04
4.298313349724912878e-03, 1.229400000000000000e+04
4.303288249435242158e-03, 1.146100000000000000e+04
4.308263149145572304e-03, 1.061100000000000000e+04
4.313238048855901584e-03, 1.024600000000000000e+04
4.318212948566231731e-03, 9.925000000000000000e+03
4.323187848276561010e-03, 1.016800000000000000e+04
4.328162747986891157e-03, 1.033700000000000000e+04
4.333137647697220436e-03, 1.063200000000000000e+04
4.338112547407550583e-03, 1.115200000000000000e+04
4.343087447117880730e-03, 1.182200000000000000e+04
4.348062346828210009e-03, 1.259200000000000000e+04
4.353037246538540156e-03, 1.351700000000000000e+04
4.358012146248869435e-03, 1.475600000000000000e+04
4.362987045959199582e-03, 1.638600000000000000e+04
4.367961945669528862e-03, 1.797000000000000000e+04
4.372936845379859008e-03, 1.959800000000000000e+04
4.377911745090188288e-03, 2.137600000000000000e+04
4.382886644800518434e-03, 2.323600000000000000e+04
4.387861544510848581e-03, 2.484800000000000000e+04
4.392836444221177861e-03, 2.674800000000000000e+04
4.397811343931508007e-03, 2.872300000000000000e+04
4.402786243641837287e-03, 3.093300000000000000e+04
4.407761143352167434e-03, 3.296600000000000000e+04
4.412736043062496713e-03, 3.484100000000000000e+04
4.417710942772826860e-03, 3.678400000000000000e+04
4.422685842483156139e-03, 3.877300000000000000e+04
4.427660742193486286e-03, 4.087000000000000000e+04
4.432635641903816433e-03, 4.301800000000000000e+04
4.437610541614145712e-03, 4.484600000000000000e+04
4.442585441324475859e-03, 4.636900000000000000e+04
4.447560341034805138e-03, 4.783800000000000000e+04
4.452535240745135285e-03, 4.917000000000000000e+04
4.457510140455464565e-03, 5.086000000000000000e+04
4.462485040165794711e-03, 5.209000000000000000e+04
4.467459939876123991e-03, 5.310400000000000000e+04
4.472434839586454138e-03, 5.400000000000000000e+04
4.477409739296784284e-03, 5.457700000000000000e+04
4.482384639007113564e-03, 5.489600000000000000e+04
4.487359538717443710e-03, 5.524200000000000000e+04
4.492334438427772990e-03, 5.549500000000000000e+04
4.497309338138103137e-03, 5.540900000000000000e+04
4.502284237848432416e-03, 5.514700000000000000e+04
4.507259137558762563e-03, 5.481200000000000000e+04
4.512234037269091842e-03, 5.423700000000000000e+04
4.517208936979421989e-03, 5.342700000000000000e+04
4.522183836689751268e-03, 5.239200000000000000e+04
4.527158736400081415e-03, 5.103800000000000000e+04
4.532133636110411562e-03, 4.985500000000000000e+04
4.537108535820740841e-03, 4.843800000000000000e+04
4.542083435531070988e-03, 4.692000000000000000e+04
4.547058335241400268e-03, 4.512400000000000000e+04
4.552033234951730414e-03, 4.333800000000000000e+04
4.557008134662059694e-03, 4.139800000000000000e+04
4.561983034372389841e-03, 3.950600000000000000e+04
4.566957934082719120e-03, 3.743300000000000000e+04
4.571932833793049267e-03, 3.521600000000000000e+04
4.576907733503379413e-03, 3.322300000000000000e+04
4.581882633213708693e-03, 3.114800000000000000e+04
4.586857532924038840e-03, 2.915600000000000000e+04
4.591832432634368119e-03, 2.724300000000000000e+04
4.596807332344698266e-03, 2.519400000000000000e+04
4.601782232055027545e-03, 2.322200000000000000e+04
4.606757131765357692e-03, 2.120200000000000000e+04
4.611732031475686971e-03, 1.953100000000000000e+04
4.616706931186017118e-03, 1.807300000000000000e+04
4.621681830896347265e-03, 1.664400000000000000e+04
4.626656730606676544e-03, 1.500900000000000000e+04
4.631631630317006691e-03, 1.393700000000000000e+04
4.636606530027335971e-03, 1.284000000000000000e+04
4.641581429737666117e-03, 1.179600000000000000e+04
4.646556329447995397e-03, 1.120600000000000000e+04
4.651531229158325544e-03, 1.047300000000000000e+04
4.656506128868654823e-03, 1.000500000000000000e+04
4.661481028578984970e-03, 9.899000000000000000e+03
4.666455928289315117e-03, 1.014400000000000000e+04
4.671430827999644396e-03, 1.036900000000000000e+04
4.676405727709974543e-03, 1.073400000000000000e+04
4.681380627420303822e-03, 1.144100000000000000e+04
4.686355527130633969e-03, 1.210900000000000000e+04
4.691330426840963248e-03, 1.274800000000000000e+04
4.696305326551293395e-03, 1.383500000000000000e+04
4.701280226261622674e-03, 1.518000000000000000e+04
4.706255125971952821e-03, 1.670500000000000000e+04
4.711230025682282968e-03, 1.823000000000000000e+04
4.716204925392612247e-03, 1.996300000000000000e+04
4.721179825102942394e-03, 2.178000000000000000e+04
4.726154724813271674e-03, 2.364900000000000000e+04
4.731129624523601820e-03, 2.543400000000000000e+04
4.736104524233931100e-03, 2.720700000000000000e+04
4.741079423944261247e-03, 2.937400000000000000e+04
4.746054323654590526e-03, 3.149000000000000000e+04
4.751029223364920673e-03, 3.364300000000000000e+04
4.756004123075250820e-03, 3.553300000000000000e+04
4.760979022785580099e-03, 3.759700000000000000e+04
4.765953922495910246e-03, 3.963000000000000000e+04
4.770928822206239525e-03, 4.165200000000000000e+04
4.775903721916569672e-03, 4.366900000000000000e+04
4.780878621626898951e-03, 4.538200000000000000e+04
4.785853521337229098e-03, 4.680800000000000000e+04
4.790828421047558378e-03, 4.814800000000000000e+04
4.795803320757888524e-03, 4.974900000000000000e+04
4.800778220468218671e-03, 5.117600000000000000e+04
4.805753120178547950e-03, 5.260200000000000000e+04
4.810728019888878097e-03, 5.340700000000000000e+04
4.815702919599207377e-03, 5.413700000000000000e+04
4.820677819309537523e-03, 5.483400000000000000e+04
4.825652719019866803e-03, 5.512800000000000000e+04
4.830627618730196950e-03, 5.533600000000000000e+04
4.835602518440526229e-03, 5.541000000000000000e+04
4.840577418150856376e-03, 5.522800000000000000e+04
4.845552317861185655e-03, 5.492300000000000000e+04
4.850527217571515802e-03, 5.457500000000000000e+04
4.855502117281845949e-03, 5.395700000000000000e+04
4.860477016992175228e-03, 5.303800000000000000e+04
4.865451916702505375e-03, 5.202600000000000000e+04
4.870426816412834654e-03, 5.065600000000000000e+04
4.875401716123164801e-03, 4.927500000000000000e+04
4.880376615833494081e-03, 4.779900000000000000e+04
4.885351515543824227e-03, 4.618900000000000000e+04
4.890326415254153507e-03, 4.421200000000000000e+04
4.895301314964483654e-03, 4.235600000000000000e+04
4.900276214674813800e-03, 4.078100000000000000e+04
4.905251114385143080e-03, 3.888900000000000000e+04
4.910226014095473226e-03, 3.674800000000000000e+04
4.915200913805802506e-03, 3.445400000000000000e+04
4.920175813516132653e-03, 3.257100000000000000e+04
4.925150713226461932e-03, 3.059000000000000000e+04
4.930125612936792079e-03, 2.859900000000000000e+04
4.935100512647121358e-03, 2.659600000000000000e+04
4.940075412357451505e-03, 2.454700000000000000e+04
4.945050312067781652e-03, 2.258000000000000000e+04
4.950025211778110931e-03, 2.065300000000000000e+04
4.955000111488441078e-03, 1.907900000000000000e+04
4.959975011198770357e-03, 1.739200000000000000e+04
4.964949910909100504e-03, 1.613200000000000000e+04
4.969924810619429784e-03, 1.474300000000000000e+04
4.974899710329759930e-03, 1.345400000000000000e+04
4.979874610040089210e-03, 1.257400000000000000e+04
4.984849509750419357e-03, 1.157000000000000000e+04
4.989824409460749503e-03, 1.093200000000000000e+04
4.994799309171078783e-03, 1.041700000000000000e+04
4.999774208881408930e-03, 9.934000000000000000e+03
5.004749108591738209e-03, 1.012600000000000000e+04
5.009724008302068356e-03, 1.017200000000000000e+04
5.014698908012397635e-03, 1.040800000000000000e+04
5.019673807722727782e-03, 1.095400000000000000e+04
5.024648707433057061e-03, 1.160200000000000000e+04
5.029623607143387208e-03, 1.223200000000000000e+04
5.034598506853717355e-03, 1.316200000000000000e+04
5.039573406564046634e-03, 1.423300000000000000e+04
5.044548306274376781e-03, 1.567800000000000000e+04
5.049523205984706060e-03, 1.721400000000000000e+04
5.054498105695036207e-03, 1.891400000000000000e+04
5.059473005405365487e-03, 2.055300000000000000e+04
5.064447905115695633e-03, 2.231900000000000000e+04
5.069422804826024913e-03, 2.416800000000000000e+04
5.074397704536355060e-03, 2.616500000000000000e+04
5.079372604246685206e-03, 2.808200000000000000e+04
5.084347503957014486e-03, 3.021700000000000000e+04
5.089322403667344633e-03, 3.240800000000000000e+04
5.094297303377673912e-03, 3.435300000000000000e+04
5.099272203088004059e-03, 3.627900000000000000e+04
5.104247102798333338e-03, 3.816500000000000000e+04
5.109222002508663485e-03, 4.020900000000000000e+04
5.114196902218992764e-03, 4.242000000000000000e+04
5.119171801929322911e-03, 4.433300000000000000e+04
5.124146701639653058e-03, 4.594800000000000000e+04
5.129121601349982337e-03, 4.737900000000000000e+04
5.134096501060312484e-03, 4.860400000000000000e+04
5.139071400770641763e-03, 5.040200000000000000e+04
5.144046300480971910e-03, 5.163800000000000000e+04
5.149021200191301190e-03, 5.291100000000000000e+04
5.153996099901631336e-03, 5.382400000000000000e+04
5.158970999611960616e-03, 5.433900000000000000e+04
5.163945899322290763e-03, 5.482000000000000000e+04
5.168920799032620042e-03, 5.533200000000000000e+04
5.173895698742950189e-03, 5.545500000000000000e+04
5.178870598453280336e-03, 5.542100000000000000e+04
5.183845498163609615e-03, 5.518600000000000000e+04
5.188820397873939762e-03, 5.486200000000000000e+04
5.193795297584269041e-03, 5.446500000000000000e+04
5.198770197294599188e-03, 5.355600000000000000e+04
5.203745097004928467e-03, 5.282000000000000000e+04
5.208719996715258614e-03, 5.166300000000000000e+04
5.213694896425587894e-03, 5.038200000000000000e+04
5.218669796135918040e-03, 4.881700000000000000e+04
5.223644695846248187e-03, 4.745200000000000000e+04
5.228619595556577467e-03, 4.594400000000000000e+04
5.233594495266907613e-03, 4.396300000000000000e+04
5.238569394977236893e-03, 4.211900000000000000e+04
5.243544294687567039e-03, 4.036100000000000000e+04
5.248519194397896319e-03, 3.839200000000000000e+04
5.253494094108226466e-03, 3.608900000000000000e+04
5.258468993818555745e-03, 3.392100000000000000e+04
5.263443893528885892e-03, 3.198400000000000000e+04
5.268418793239216039e-03, 3.018500000000000000e+04
5.273393692949545318e-03, 2.815600000000000000e+04
5.278368592659875465e-03, 2.612600000000000000e+04
5.283343492370204744e-03, 2.409000000000000000e+04
5.288318392080534891e-03, 2.219800000000000000e+04
5.293293291790864170e-03, 2.037400000000000000e+04
5.298268191501194317e-03, 1.887200000000000000e+04
5.303243091211523597e-03, 1.728400000000000000e+04
5.308217990921853743e-03, 1.575500000000000000e+04
5.313192890632183890e-03, 1.454000000000000000e+04
5.318167790342513170e-03, 1.319500000000000000e+04
5.323142690052843316e-03, 1.231500000000000000e+04
5.328117589763172596e-03, 1.152500000000000000e+04
5.333092489473502743e-03, 1.064500000000000000e+04
5.338067389183832022e-03, 1.026300000000000000e+04
5.343042288894162169e-03, 9.931000000000000000e+03
5.348017188604491448e-03, 1.016800000000000000e+04
5.352992088314821595e-03, 1.033300000000000000e+04
5.357966988025151742e-03, 1.062700000000000000e+04
5.362941887735481021e-03, 1.114700000000000000e+04
5.367916787445811168e-03, 1.181700000000000000e+04
5.372891687156140447e-03, 1.258700000000000000e+04
5.377866586866470594e-03, 1.351300000000000000e+04
5.382841486576799873e-03, 1.475300000000000000e+04
5.387816386287130020e-03, 1.624900000000000000e+04
5.392791285997459300e-03, 1.777300000000000000e+04
5.397766185707789446e-03, 1.951900000000000000e+04
5.402741085418119593e-03, 2.136600000000000000e+04
5.407715985128448873e-03, 2.326200000000000000e+04
5.412690884838779019e-03, 2.489300000000000000e+04
5.417665784549108299e-03, 2.679900000000000000e+04
5.422640684259438446e-03, 2.877300000000000000e+04
5.427615583969767725e-03, 3.097900000000000000e+04
5.432590483680097872e-03, 3.300700000000000000e+04
5.437565383390427151e-03, 3.487700000000000000e+04
5.442540283100757298e-03, 3.681300000000000000e+04
5.447515182811087445e-03, 3.879700000000000000e+04
5.452490082521416724e-03, 4.084600000000000000e+04
5.457464982231746871e-03, 4.296400000000000000e+04
5.462439881942076150e-03, 4.483000000000000000e+04
5.467414781652406297e-03, 4.637500000000000000e+04
5.472389681362735576e-03, 4.785400000000000000e+04
5.477364581073065723e-03, 4.919100000000000000e+04
5.482339480783395003e-03, 5.088200000000000000e+04
5.487314380493725149e-03, 5.211100000000000000e+04
5.492289280204054429e-03, 5.312200000000000000e+04
5.497264179914384576e-03, 5.401600000000000000e+04
5.502239079624714722e-03, 5.459100000000000000e+04
5.507213979335044002e-03, 5.490700000000000000e+04
5.512188879045374149e-03, 5.525200000000000000e+04
5.517163778755703428e-03, 5.544400000000000000e+04
5.522138678466033575e-03, 5.532700000000000000e+04
5.527113578176362854e-03, 5.511300000000000000e+04
5.532088477886693001e-03, 5.480500000000000000e+04
5.537063377597022280e-03, 5.424500000000000000e+04
5.542038277307352427e-03, 5.344200000000000000e+04
5.547013177017682574e-03, 5.241100000000000000e+04
5.551988076728011853e-03, 5.105700000000000000e+04
5.556962976438342000e-03, 4.987200000000000000e+04
5.561937876148671279e-03, 4.845300000000000000e+04
5.566912775859001426e-03, 4.693400000000000000e+04
5.571887675569330706e-03, 4.513600000000000000e+04
5.576862575279660852e-03, 4.334800000000000000e+04
5.581837474989990132e-03, 4.155400000000000000e+04
5.586812374700320279e-03, 3.968900000000000000e+04
5.591787274410650425e-03, 3.774900000000000000e+04
5.596762174120979705e-03, 3.557900000000000000e+04
5.601737073831309852e-03, 3.358400000000000000e+04
5.606711973541639131e-03, 3.148300000000000000e+04
5.611686873251969278e-03, 2.945200000000000000e+04
5.616661772962298557e-03, 2.749600000000000000e+04
5.621636672672628704e-03, 2.540600000000000000e+04
5.626611572382957983e-03, 2.339700000000000000e+04
5.631586472093288130e-03, 2.134400000000000000e+04
5.636561371803618277e-03, 1.964600000000000000e+04
5.641536271513947556e-03, 1.816500000000000000e+04
5.646511171224277703e-03, 1.675900000000000000e+04
5.651486070934606983e-03, 1.513100000000000000e+04
5.656460970644937129e-03, 1.424600000000000000e+04
5.661435870355266409e-03, 1.322600000000000000e+04
5.666410770065596555e-03, 1.219600000000000000e+04
5.671385669775925835e-03, 1.158300000000000000e+04
5.676360569486255982e-03, 1.081100000000000000e+04
5.681335469196586128e-03, 1.029700000000000000e+04
5.686310368906915408e-03, 1.014500000000000000e+04
5.691285268617245555e-03, 1.034800000000000000e+04
5.696260168327574834e-03, 1.053500000000000000e+04
5.701235068037904981e-03, 1.086900000000000000e+04
5.706209967748234260e-03, 1.154800000000000000e+04
5.711184867458564407e-03, 1.224400000000000000e+04
5.716159767168893686e-03, 1.291400000000000000e+04
5.721134666879223833e-03, 1.416800000000000000e+04
5.726109566589553980e-03, 1.557700000000000000e+04
5.731084466299883259e-03, 1.710800000000000000e+04
5.736059366010213406e-03, 1.860600000000000000e+04
5.741034265720542686e-03, 2.029700000000000000e+04
5.746009165430872832e-03, 2.206800000000000000e+04
5.750984065141202112e-03, 2.389100000000000000e+04
5.755958964851532259e-03, 2.563400000000000000e+04
5.760933864561861538e-03, 2.737000000000000000e+04
5.765908764272191685e-03, 2.950500000000000000e+04
5.770883663982521831e-03, 3.159500000000000000e+04
5.775858563692851111e-03, 3.362800000000000000e+04
5.780833463403181258e-03, 3.550700000000000000e+04
5.785808363113510537e-03, 3.761400000000000000e+04
5.790783262823840684e-03, 3.966800000000000000e+04
5.795758162534169963e-03, 4.169800000000000000e+04
5.800733062244500110e-03, 4.371700000000000000e+04
5.805707961954829389e-03, 4.542700000000000000e+04
5.810682861665159536e-03, 4.684800000000000000e+04
5.815657761375488816e-03, 4.818300000000000000e+04
5.820632661085818962e-03, 4.977800000000000000e+04
5.825607560796149109e-03, 5.120000000000000000e+04
5.830582460506478389e-03, 5.262100000000000000e+04
5.835557360216808535e-03, 5.342300000000000000e+04
5.840532259927137815e-03, 5.410300000000000000e+04
5.845507159637467962e-03, 5.476100000000000000e+04
5.850482059347797241e-03, 5.510000000000000000e+04
5.855456959058127388e-03, 5.533300000000000000e+04
5.860431858768456667e-03, 5.542100000000000000e+04
5.865406758478786814e-03, 5.524600000000000000e+04
5.870381658189116961e-03, 5.494300000000000000e+04
5.875356557899446240e-03, 5.459400000000000000e+04
5.880331457609776387e-03, 5.397500000000000000e+04
5.885306357320105666e-03, 5.305300000000000000e+04
5.890281257030435813e-03, 5.203900000000000000e+04
5.895256156740765092e-03, 5.066700000000000000e+04
5.900231056451095239e-03, 4.928400000000000000e+04
5.905205956161424519e-03, 4.793400000000000000e+04
5.910180855871754665e-03, 4.638500000000000000e+04
5.915155755582084812e-03, 4.429200000000000000e+04
5.920130655292414092e-03, 4.236700000000000000e+04
5.925105555002744238e-03, 4.075500000000000000e+04
5.930080454713073518e-03, 3.884600000000000000e+04
5.935055354423403665e-03, 3.669800000000000000e+04
5.940030254133732944e-03, 3.440400000000000000e+04
5.945005153844063091e-03, 3.252500000000000000e+04
5.949980053554392370e-03, 3.055000000000000000e+04
5.954954953264722517e-03, 2.856500000000000000e+04
5.959929852975052664e-03, 2.656700000000000000e+04
5.964904752685381943e-03, 2.452300000000000000e+04
5.969879652395712090e-03, 2.260400000000000000e+04
5.974854552106041369e-03, 2.070700000000000000e+04
5.979829451816371516e-03, 1.909500000000000000e+04
5.984804351526700796e-03, 1.738700000000000000e+04
5.989779251237030942e-03, 1.611600000000000000e+04
5.994754150947360222e-03, 1.472200000000000000e+04
5.999729050657690368e-03, 1.343200000000000000e+04
6.004703950368020515e-03, 1.255400000000000000e+04
6.009678850078349795e-03, 1.155100000000000000e+04
6.014653749788679941e-03, 1.091600000000000000e+04
6.019628649499009221e-03, 1.040400000000000000e+04
6.024603549209339368e-03, 9.923000000000000000e+03
6.029578448919668647e-03, 1.011700000000000000e+04
6.034553348629998794e-03, 1.022300000000000000e+04
6.039528248340328073e-03, 1.050600000000000000e+04
6.044503148050658220e-03, 1.123400000000000000e+04
6.049478047760988367e-03, 1.195800000000000000e+04
6.054452947471317646e-03, 1.260300000000000000e+04
6.059427847181647793e-03, 1.351400000000000000e+04
6.064402746891977072e-03, 1.455000000000000000e+04
6.069377646602307219e-03, 1.595100000000000000e+04
6.074352546312636499e-03, 1.744600000000000000e+04
6.079327446022966645e-03, 1.910600000000000000e+04
6.084302345733295925e-03, 2.071000000000000000e+04
6.089277245443626072e-03, 2.244600000000000000e+04
6.094252145153956218e-03, 2.427000000000000000e+04
6.099227044864285498e-03, 2.613100000000000000e+04
6.104201944574615644e-03, 2.804300000000000000e+04
6.109176844284944924e-03, 3.022600000000000000e+04
6.114151743995275071e-03, 3.244000000000000000e+04
6.119126643705604350e-03, 3.439700000000000000e+04
6.124101543415934497e-03, 3.632500000000000000e+04
6.129076443126263776e-03, 3.820900000000000000e+04
6.134051342836593923e-03, 4.024900000000000000e+04
6.139026242546924070e-03, 4.245500000000000000e+04
6.144001142257253349e-03, 4.436300000000000000e+04
6.148976041967583496e-03, 4.597200000000000000e+04
6.153950941677912775e-03, 4.739900000000000000e+04
6.158925841388242922e-03, 4.862000000000000000e+04
6.163900741098572202e-03, 5.041500000000000000e+04
6.168875640808902348e-03, 5.161200000000000000e+04
6.173850540519231628e-03, 5.290300000000000000e+04
6.178825440229561775e-03, 5.382800000000000000e+04
6.183800339939891054e-03, 5.434800000000000000e+04
6.188775239650221201e-03, 5.483100000000000000e+04
6.193750139360551348e-03, 5.534400000000000000e+04
6.198725039070880627e-03, 5.546600000000000000e+04
6.203699938781210774e-03, 5.543100000000000000e+04
6.208674838491540053e-03, 5.519500000000000000e+04
6.213649738201870200e-03, 5.486900000000000000e+04
6.218624637912199479e-03, 5.447100000000000000e+04
6.223599537622529626e-03, 5.356100000000000000e+04
6.228574437332858905e-03, 5.274900000000000000e+04
6.233549337043189052e-03, 5.153200000000000000e+04
6.238524236753519199e-03, 5.009000000000000000e+04
6.243499136463848478e-03, 4.846000000000000000e+04
6.248474036174178625e-03, 4.708700000000000000e+04
6.253448935884507905e-03, 4.560100000000000000e+04
6.258423835594838051e-03, 4.365700000000000000e+04
6.263398735305167331e-03, 4.185500000000000000e+04
6.268373635015497478e-03, 4.013900000000000000e+04
6.273348534725826757e-03, 3.820800000000000000e+04
6.278323434436156904e-03, 3.593800000000000000e+04
6.283298334146487051e-03, 3.380000000000000000e+04
6.288273233856816330e-03, 3.187100000000000000e+04
6.293248133567146477e-03, 2.990900000000000000e+04
6.298223033277475756e-03, 2.782200000000000000e+04
6.303197932987805903e-03, 2.596700000000000000e+04
6.308172832698135182e-03, 2.403600000000000000e+04
6.313147732408465329e-03, 2.220400000000000000e+04
6.318122632118794609e-03, 2.041100000000000000e+04
6.323097531829124755e-03, 1.892400000000000000e+04
6.328072431539454902e-03, 1.733900000000000000e+04
6.333047331249784181e-03, 1.580800000000000000e+04
6.338022230960114328e-03, 1.458800000000000000e+04
6.342997130670443608e-03, 1.323700000000000000e+04
6.347972030380773754e-03, 1.235000000000000000e+04
6.352946930091103034e-03, 1.155400000000000000e+04
6.357921829801433181e-03, 1.067000000000000000e+04
6.362896729511762460e-03, 1.031700000000000000e+04
6.367871629222092607e-03, 9.961000000000000000e+03
6.372846528932422754e-03, 1.018300000000000000e+04
6.377821428642752033e-03, 1.033900000000000000e+04
6.382796328353082180e-03, 1.062800000000000000e+04
6.387771228063411459e-03, 1.114400000000000000e+04
6.392746127773741606e-03, 1.181300000000000000e+04
6.397721027484070885e-03, 1.258300000000000000e+04
6.402695927194401032e-03, 1.350900000000000000e+04
6.407670826904730312e-03, 1.474900000000000000e+04
6.412645726615060458e-03, 1.624600000000000000e+04
6.417620626325390605e-03, 1.777000000000000000e+04
6.422595526035719884e-03, 1.937600000000000000e+04
6.427570425746050031e-03, 2.120900000000000000e+04
6.432545325456379311e-03, 2.320100000000000000e+04
6.437520225166709457e-03, 2.488600000000000000e+04
6.442495124877038737e-03, 2.682300000000000000e+04
6.447470024587368884e-03, 2.881100000000000000e+04
6.452444924297698163e-03, 3.102200000000000000e+04
6.457419824008028310e-03, 3.304900000000000000e+04
6.462394723718358457e-03, 3.491500000000000000e+04
6.467369623428687736e-03, 3.684700000000000000e+04
6.472344523139017883e-03, 3.882600000000000000e+04
6.477319422849347162e-03, 4.087000000000000000e+04
6.482294322559677309e-03, 4.298400000000000000e+04
6.487269222270006588e-03, 4.479600000000000000e+04
6.492244121980336735e-03, 4.631400000000000000e+04
6.497219021690666015e-03, 4.783400000000000000e+04
6.502193921400996161e-03, 4.919400000000000000e+04
6.507168821111325441e-03, 5.089700000000000000e+04
6.512143720821655588e-03, 5.213100000000000000e+04
6.517118620531985734e-03, 5.314300000000000000e+04
6.522093520242315014e-03, 5.403600000000000000e+04
6.527068419952645160e-03, 5.460900000000000000e+04
6.532043319662974440e-03, 5.492300000000000000e+04
6.537018219373304587e-03, 5.526500000000000000e+04
6.541993119083633866e-03, 5.545500000000000000e+04
6.546968018793964013e-03, 5.533600000000000000e+04
6.551942918504293292e-03, 5.506100000000000000e+04
6.556917818214623439e-03, 5.472300000000000000e+04
6.561892717924953586e-03, 5.421000000000000000e+04
6.566867617635282865e-03, 5.343500000000000000e+04
6.571842517345613012e-03, 5.241900000000000000e+04
6.576817417055942291e-03, 5.107300000000000000e+04
6.581792316766272438e-03, 4.989100000000000000e+04
6.586767216476601718e-03, 4.847200000000000000e+04
6.591742116186931864e-03, 4.695100000000000000e+04
6.596717015897261144e-03, 4.515100000000000000e+04
6.601691915607591291e-03, 4.336100000000000000e+04
6.606666815317921437e-03, 4.156600000000000000e+04
6.611641715028250717e-03, 3.969800000000000000e+04
6.616616614738580864e-03, 3.756600000000000000e+04
6.621591514448910143e-03, 3.534900000000000000e+04
6.626566414159240290e-03, 3.325600000000000000e+04
6.631541313869569569e-03, 3.112600000000000000e+04
6.636516213579899716e-03, 2.910700000000000000e+04
6.641491113290228995e-03, 2.718200000000000000e+04
6.646466013000559142e-03, 2.513100000000000000e+04
6.651440912710889289e-03, 2.316300000000000000e+04
6.656415812421218568e-03, 2.115000000000000000e+04
6.661390712131548715e-03, 1.948600000000000000e+04
6.666365611841877994e-03, 1.803500000000000000e+04
6.671340511552208141e-03, 1.665500000000000000e+04
6.676315411262537421e-03, 1.504800000000000000e+04
6.681290310972867567e-03, 1.395200000000000000e+04
6.686265210683196847e-03, 1.288000000000000000e+04
6.691240110393526994e-03, 1.179900000000000000e+04
6.696215010103857140e-03, 1.118900000000000000e+04
6.701189909814186420e-03, 1.044700000000000000e+04
6.706164809524516567e-03, 9.975000000000000000e+03
6.711139709234845846e-03, 9.870000000000000000e+03
6.716114608945175993e-03, 1.011700000000000000e+04
6.721089508655505272e-03, 1.034500000000000000e+04
6.726064408365835419e-03, 1.071400000000000000e+04
6.731039308076164698e-03, 1.142400000000000000e+04
6.736014207786494845e-03, 1.214500000000000000e+04
6.740989107496824992e-03, 1.283500000000000000e+04
6.745964007207154271e-03, 1.393600000000000000e+04
6.750938906917484418e-03, 1.530100000000000000e+04
6.755913806627813697e-03, 1.673800000000000000e+04
6.760888706338143844e-03, 1.821500000000000000e+04
6.765863606048473124e-03, 1.992300000000000000e+04
6.770838505758803270e-03, 2.172900000000000000e+04
6.775813405469132550e-03, 2.359600000000000000e+04
6.780788305179462697e-03, 2.538500000000000000e+04
6.785763204889792843e-03, 2.716300000000000000e+04
6.790738104600122123e-03, 2.933500000000000000e+04
6.795713004310452270e-03, 3.145700000000000000e+04
6.800687904020781549e-03, 3.351800000000000000e+04
6.805662803731111696e-03, 3.542000000000000000e+04
6.810637703441440975e-03, 3.749000000000000000e+04
6.815612603151771122e-03, 3.956300000000000000e+04
6.820587502862100401e-03, 4.163900000000000000e+04
6.825562402572430548e-03, 4.368500000000000000e+04
6.830537302282759828e-03, 4.541300000000000000e+04
6.835512201993089974e-03, 4.684400000000000000e+04
6.840487101703420121e-03, 4.818500000000000000e+04
6.845462001413749401e-03, 4.978300000000000000e+04
6.850436901124079547e-03, 5.120600000000000000e+04
6.855411800834408827e-03, 5.262800000000000000e+04
6.860386700544738973e-03, 5.342900000000000000e+04
6.865361600255068253e-03, 5.410800000000000000e+04
6.870336499965398400e-03, 5.476600000000000000e+04
6.875311399675727679e-03, 5.510300000000000000e+04
6.880286299386057826e-03, 5.529500000000000000e+04
6.885261199096387973e-03, 5.540600000000000000e+04
6.890236098806717252e-03, 5.524400000000000000e+04
6.895210998517047399e-03, 5.494800000000000000e+04
6.900185898227376678e-03, 5.460300000000000000e+04
6.905160797937706825e-03, 5.398400000000000000e+04
6.910135697648036104e-03, 5.306300000000000000e+04
6.915110597358366251e-03, 5.204800000000000000e+04
6.920085497068695531e-03, 5.067500000000000000e+04
6.925060396779025677e-03, 4.929100000000000000e+04
6.930035296489355824e-03, 4.794000000000000000e+04
6.935010196199685104e-03, 4.638900000000000000e+04
6.939985095910015250e-03, 4.443400000000000000e+04
6.944959995620344530e-03, 4.253200000000000000e+04
6.949934895330674677e-03, 4.106100000000000000e+04
6.954909795041003956e-03, 3.920400000000000000e+04
6.959884694751334103e-03, 3.705800000000000000e+04
6.964859594461663382e-03, 3.473900000000000000e+04
6.969834494171993529e-03, 3.282200000000000000e+04
6.974809393882323676e-03, 3.080500000000000000e+04
6.979784293592652955e-03, 2.877900000000000000e+04
6.984759193302983102e-03, 2.674400000000000000e+04
6.989734093013312381e-03, 2.466700000000000000e+04
6.994708992723642528e-03, 2.272000000000000000e+04
6.999683892433971807e-03, 2.079900000000000000e+04
7.004658792144301954e-03, 1.921900000000000000e+04
7.009633691854631234e-03, 1.750000000000000000e+04
7.014608591564961380e-03, 1.642200000000000000e+04
7.019583491275291527e-03, 1.510800000000000000e+04
7.024558390985620807e-03, 1.383300000000000000e+04
7.029533290695950953e-03, 1.293300000000000000e+04
7.034508190406280233e-03, 1.189100000000000000e+04
7.039483090116610380e-03, 1.121100000000000000e+04
7.044457989826939659e-03, 1.065200000000000000e+04
7.049432889537269806e-03, 1.012900000000000000e+04
7.054407789247599085e-03, 1.028500000000000000e+04
7.059382688957929232e-03, 1.035900000000000000e+04
7.064357588668259379e-03, 1.059900000000000000e+04
7.069332488378588658e-03, 1.112700000000000000e+04
7.074307388088918805e-03, 1.174700000000000000e+04
7.079282287799248084e-03, 1.230600000000000000e+04
7.084257187509578231e-03, 1.319200000000000000e+04
7.089232087219907510e-03, 1.423900000000000000e+04
7.094206986930237657e-03, 1.566900000000000000e+04
7.099181886640566937e-03, 1.719900000000000000e+04
7.104156786350897083e-03, 1.889600000000000000e+04
7.109131686061227230e-03, 2.053500000000000000e+04
7.114106585771556510e-03, 2.230300000000000000e+04
7.119081485481886656e-03, 2.415400000000000000e+04
7.124056385192215936e-03, 2.603800000000000000e+04
7.129031284902546083e-03, 2.796900000000000000e+04
7.134006184612875362e-03, 3.007800000000000000e+04
7.138981084323205509e-03, 3.225300000000000000e+04
7.143955984033534788e-03, 3.406500000000000000e+04
7.148930883743864935e-03, 3.594100000000000000e+04
7.153905783454194214e-03, 3.782500000000000000e+04
7.158880683164524361e-03, 3.989200000000000000e+04
7.163855582874854508e-03, 4.214000000000000000e+04
7.168830482585183787e-03, 4.409200000000000000e+04
7.173805382295513934e-03, 4.574500000000000000e+04
7.178780282005843213e-03, 4.721200000000000000e+04
7.183755181716173360e-03, 4.846800000000000000e+04
7.188730081426502640e-03, 5.029200000000000000e+04
7.193704981136832786e-03, 5.151400000000000000e+04
7.198679880847162066e-03, 5.277100000000000000e+04
7.203654780557492213e-03, 5.374000000000000000e+04
7.208629680267822359e-03, 5.429100000000000000e+04
7.213604579978151639e-03, 5.479400000000000000e+04
7.218579479688481786e-03, 5.532100000000000000e+04
7.223554379398811065e-03, 5.545200000000000000e+04
7.228529279109141212e-03, 5.542300000000000000e+04
7.233504178819470491e-03, 5.519000000000000000e+04
7.238479078529800638e-03, 5.486600000000000000e+04
7.243453978240129917e-03, 5.447000000000000000e+04
7.248428877950460064e-03, 5.356100000000000000e+04
7.253403777660790211e-03, 5.274900000000000000e+04
7.258378677371119490e-03, 5.153300000000000000e+04
7.263353577081449637e-03, 5.025400000000000000e+04
7.268328476791778917e-03, 4.868500000000000000e+04
7.273303376502109063e-03, 4.741700000000000000e+04
7.278278276212438343e-03, 4.596200000000000000e+04
7.283253175922768489e-03, 4.400900000000000000e+04
7.288228075633097769e-03, 4.217600000000000000e+04
7.293202975343427916e-03, 4.042000000000000000e+04
7.298177875053758062e-03, 3.844700000000000000e+04
7.303152774764087342e-03, 3.613800000000000000e+04
7.308127674474417489e-03, 3.396400000000000000e+04
7.313102574184746768e-03, 3.200400000000000000e+04
7.318077473895076915e-03, 3.001500000000000000e+04
7.323052373605406194e-03, 2.790700000000000000e+04
7.328027273315736341e-03, 2.583900000000000000e+04
7.333002173026065620e-03, 2.380200000000000000e+04
7.337977072736395767e-03, 2.212700000000000000e+04
7.342951972446725914e-03, 2.042200000000000000e+04
7.347926872157055193e-03, 1.898100000000000000e+04
7.352901771867385340e-03, 1.741700000000000000e+04
7.357876671577714620e-03, 1.589100000000000000e+04
7.362851571288044766e-03, 1.466800000000000000e+04
7.367826470998374046e-03, 1.330900000000000000e+04
7.372801370708704193e-03, 1.241300000000000000e+04
7.377776270419033472e-03, 1.160800000000000000e+04
7.382751170129363619e-03, 1.071400000000000000e+04
7.387726069839693765e-03, 1.035400000000000000e+04
7.392700969550023045e-03, 1.003800000000000000e+04
7.397675869260353192e-03, 1.026900000000000000e+04
7.402650768970682471e-03, 1.038200000000000000e+04
7.407625668681012618e-03, 1.064400000000000000e+04
7.412600568391341897e-03, 1.114600000000000000e+04
7.417575468101672044e-03, 1.180600000000000000e+04
7.422550367812001323e-03, 1.257200000000000000e+04
7.427525267522331470e-03, 1.349700000000000000e+04
7.432500167232661617e-03, 1.473700000000000000e+04
7.437475066942990896e-03, 1.623500000000000000e+04
7.442449966653321043e-03, 1.776100000000000000e+04
7.447424866363650323e-03, 1.936800000000000000e+04
7.452399766073980469e-03, 2.120200000000000000e+04
7.457374665784309749e-03, 2.307000000000000000e+04
7.462349565494639896e-03, 2.472600000000000000e+04
7.467324465204969175e-03, 2.675900000000000000e+04
7.472299364915299322e-03, 2.880300000000000000e+04
7.477274264625628601e-03, 3.104400000000000000e+04
7.482249164335958748e-03, 3.308500000000000000e+04
7.487224064046288895e-03, 3.495700000000000000e+04
7.492198963756618174e-03, 3.688900000000000000e+04
7.497173863466948321e-03, 3.886400000000000000e+04
7.502148763177277600e-03, 4.090400000000000000e+04
7.507123662887607747e-03, 4.301300000000000000e+04
7.512098562597937026e-03, 4.482000000000000000e+04
7.517073462308267173e-03, 4.633400000000000000e+04
7.522048362018596453e-03, 4.779300000000000000e+04
7.527023261728926599e-03, 4.917900000000000000e+04
7.531998161439256746e-03, 5.089700000000000000e+04
7.536973061149586026e-03, 5.213900000000000000e+04
7.541947960859916172e-03, 5.315600000000000000e+04
7.546922860570245452e-03, 5.404900000000000000e+04
7.551897760280575599e-03, 5.462200000000000000e+04
7.556872659990904878e-03, 5.493500000000000000e+04
7.561847559701235025e-03, 5.527500000000000000e+04
7.566822459411564304e-03, 5.546400000000000000e+04
7.571797359121894451e-03, 5.534300000000000000e+04
7.576772258832224598e-03, 5.506700000000000000e+04
7.581747158542553877e-03, 5.472800000000000000e+04
7.586722058252884024e-03, 5.416200000000000000e+04
7.591696957963213303e-03, 5.337500000000000000e+04
7.596671857673543450e-03, 5.239700000000000000e+04
7.601646757383872730e-03, 5.107200000000000000e+04
7.606621657094202876e-03, 4.990200000000000000e+04
7.611596556804532156e-03, 4.848900000000000000e+04
7.616571456514862302e-03, 4.696900000000000000e+04
7.621546356225192449e-03, 4.516900000000000000e+04
7.626521255935521729e-03, 4.337700000000000000e+04
7.631496155645851875e-03, 4.158000000000000000e+04
7.636471055356181155e-03, 3.971100000000000000e+04
7.641445955066511302e-03, 3.757600000000000000e+04
7.646420854776840581e-03, 3.535700000000000000e+04
7.651395754487170728e-03, 3.335700000000000000e+04
7.656370654197500007e-03, 3.122200000000000000e+04
7.661345553907830154e-03, 2.914500000000000000e+04
7.666320453618160301e-03, 2.718800000000000000e+04
7.671295353328489580e-03, 2.511900000000000000e+04
7.676270253038819727e-03, 2.314200000000000000e+04
7.681245152749149006e-03, 2.112500000000000000e+04
7.686220052459479153e-03, 1.946200000000000000e+04
7.691194952169808433e-03, 1.801300000000000000e+04
7.696169851880138579e-03, 1.663500000000000000e+04
7.701144751590467859e-03, 1.503100000000000000e+04
7.706119651300798006e-03, 1.393800000000000000e+04
7.711094551011128152e-03, 1.286900000000000000e+04
7.716069450721457432e-03, 1.179000000000000000e+04
7.721044350431787578e-03, 1.121700000000000000e+04
7.726019250142116858e-03, 1.045600000000000000e+04
7.730994149852447005e-03, 9.973000000000000000e+03
7.735969049562776284e-03, 9.862000000000000000e+03
7.740943949273106431e-03, 1.010600000000000000e+04
7.745918848983435710e-03, 1.033400000000000000e+04
7.750893748693765857e-03, 1.070400000000000000e+04
7.755868648404096004e-03, 1.141400000000000000e+04
7.760843548114425283e-03, 1.213700000000000000e+04
7.765818447824755430e-03, 1.282800000000000000e+04
7.770793347535084709e-03, 1.393000000000000000e+04
7.775768247245414856e-03, 1.529600000000000000e+04
7.780743146955744136e-03, 1.682200000000000000e+04
7.785718046666074282e-03, 1.837100000000000000e+04
7.790692946376403562e-03, 2.022300000000000000e+04
7.795667846086733709e-03, 2.208500000000000000e+04
7.800642745797063855e-03, 2.395500000000000000e+04
7.805617645507393135e-03, 2.571900000000000000e+04
7.810592545217723282e-03, 2.746000000000000000e+04
7.815567444928053428e-03, 2.959100000000000000e+04
7.820542344638381840e-03, 3.167200000000000000e+04
7.825517244348711987e-03, 3.369500000000000000e+04
7.830492144059042134e-03, 3.556400000000000000e+04
7.835467043769372281e-03, 3.760600000000000000e+04
7.840441943479700693e-03, 3.964000000000000000e+04
7.845416843190030839e-03, 4.167800000000000000e+04
7.850391742900360986e-03, 4.369100000000000000e+04
7.855366642610691133e-03, 4.544000000000000000e+04
7.860341542321021280e-03, 4.688100000000000000e+04
7.865316442031349692e-03, 4.822400000000000000e+04
7.870291341741679839e-03, 4.982000000000000000e+04
7.875266241452009985e-03, 5.124000000000000000e+04
7.880241141162340132e-03, 5.265700000000000000e+04
7.885216040872668544e-03, 5.345400000000000000e+04
7.890190940582998691e-03, 5.412900000000000000e+04
7.895165840293328838e-03, 5.478300000000000000e+04
7.900140740003658985e-03, 5.511700000000000000e+04
7.905115639713989131e-03, 5.530600000000000000e+04
7.910090539424317543e-03, 5.536800000000000000e+04
7.915065439134647690e-03, 5.518200000000000000e+04
7.920040338844977837e-03, 5.492600000000000000e+04
7.925015238555307984e-03, 5.460300000000000000e+04
7.929990138265636396e-03, 5.399600000000000000e+04
7.934965037975966543e-03, 5.308000000000000000e+04
7.939939937686296689e-03, 5.206700000000000000e+04
7.944914837396626836e-03, 5.069400000000000000e+04
7.949889737106956983e-03, 4.930800000000000000e+04
7.954864636817285395e-03, 4.795500000000000000e+04
7.959839536527615542e-03, 4.640200000000000000e+04
7.964814436237945688e-03, 4.444400000000000000e+04
7.969789335948275835e-03, 4.254100000000000000e+04
7.974764235658604247e-03, 4.092400000000000000e+04
7.979739135368934394e-03, 3.898900000000000000e+04
7.984714035079264541e-03, 3.673100000000000000e+04
7.989688934789594688e-03, 3.437600000000000000e+04
7.994663834499924834e-03, 3.246600000000000000e+04
7.999638734210253246e-03, 3.047900000000000000e+04
8.004613633920583393e-03, 2.849300000000000000e+04
8.009588533630913540e-03, 2.650000000000000000e+04
8.014563433341243687e-03, 2.446300000000000000e+04
8.019538333051572099e-03, 2.255200000000000000e+04
8.024513232761902246e-03, 2.066400000000000000e+04
8.029488132472232392e-03, 1.911000000000000000e+04
8.034463032182562539e-03, 1.741300000000000000e+04
8.039437931892892686e-03, 1.613300000000000000e+04
8.044412831603221098e-03, 1.476400000000000000e+04
8.049387731313551245e-03, 1.343600000000000000e+04
8.054362631023881391e-03, 1.253600000000000000e+04
8.059337530734211538e-03, 1.152400000000000000e+04
8.064312430444539950e-03, 1.088500000000000000e+04
8.069287330154870097e-03, 1.037400000000000000e+04
8.074262229865200244e-03, 9.895000000000000000e+03
8.079237129575530391e-03, 1.009200000000000000e+04
8.084212029285860537e-03, 1.020300000000000000e+04
8.089186928996188949e-03, 1.047300000000000000e+04
8.094161828706519096e-03, 1.102600000000000000e+04
8.099136728416849243e-03, 1.166700000000000000e+04
8.104111628127179390e-03, 1.229800000000000000e+04
8.109086527837507802e-03, 1.324600000000000000e+04
8.114061427547837949e-03, 1.424200000000000000e+04
8.119036327258168095e-03, 1.564600000000000000e+04
8.124011226968498242e-03, 1.716300000000000000e+04
8.128986126678828389e-03, 1.885600000000000000e+04
8.133961026389156801e-03, 2.049600000000000000e+04
8.138935926099486948e-03, 2.226700000000000000e+04
8.143910825809817094e-03, 2.412200000000000000e+04
8.148885725520147241e-03, 2.601100000000000000e+04
8.153860625230475653e-03, 2.794600000000000000e+04
8.158835524940805800e-03, 3.006000000000000000e+04
8.163810424651135947e-03, 3.223800000000000000e+04
8.168785324361466094e-03, 3.424300000000000000e+04
8.173760224071796240e-03, 3.616000000000000000e+04
8.178735123782124652e-03, 3.814500000000000000e+04
8.183710023492454799e-03, 4.024400000000000000e+04
8.188684923202784946e-03, 4.248200000000000000e+04
8.193659822913115093e-03, 4.440400000000000000e+04
8.198634722623443505e-03, 4.601900000000000000e+04
8.203609622333773652e-03, 4.744500000000000000e+04
8.208584522044103798e-03, 4.866200000000000000e+04
8.213559421754433945e-03, 5.045200000000000000e+04
8.218534321464764092e-03, 5.164300000000000000e+04
8.223509221175092504e-03, 5.287400000000000000e+04
8.228484120885422651e-03, 5.382300000000000000e+04
8.233459020595752798e-03, 5.432000000000000000e+04
8.238433920306082944e-03, 5.478200000000000000e+04
8.243408820016411356e-03, 5.533600000000000000e+04
8.248383719726741503e-03, 5.548000000000000000e+04
8.253358619437071650e-03, 5.545600000000000000e+04
8.258333519147401797e-03, 5.522400000000000000e+04
8.263308418857731943e-03, 5.489800000000000000e+04
8.268283318568060355e-03, 5.449800000000000000e+04
8.273258218278390502e-03, 5.358500000000000000e+04
8.278233117988720649e-03, 5.277000000000000000e+04
8.283208017699050796e-03, 5.155000000000000000e+04
8.288182917409379208e-03, 5.026700000000000000e+04
8.293157817119709355e-03, 4.869500000000000000e+04
8.298132716830039501e-03, 4.733200000000000000e+04
8.303107616540369648e-03, 4.580700000000000000e+04
8.308082516250698060e-03, 4.371000000000000000e+04
8.313057415961028207e-03, 4.182200000000000000e+04
8.318032315671358354e-03, 4.006300000000000000e+04
8.323007215381688501e-03, 3.811400000000000000e+04
8.327982115092018647e-03, 3.584200000000000000e+04
8.332957014802347059e-03, 3.371000000000000000e+04
8.337931914512677206e-03, 3.179000000000000000e+04
8.342906814223007353e-03, 2.983900000000000000e+04
8.347881713933337500e-03, 2.776300000000000000e+04
8.352856613643665912e-03, 2.572300000000000000e+04
8.357831513353996059e-03, 2.371000000000000000e+04
8.362806413064326205e-03, 2.184200000000000000e+04
8.367781312774656352e-03, 2.006800000000000000e+04
8.372756212484986499e-03, 1.857500000000000000e+04
8.377731112195314911e-03, 1.701300000000000000e+04
8.382706011905645058e-03, 1.551800000000000000e+04
8.387680911615975204e-03, 1.433900000000000000e+04
8.392655811326305351e-03, 1.302700000000000000e+04
8.397630711036633763e-03, 1.217700000000000000e+04
8.402605610746963910e-03, 1.141300000000000000e+04
8.407580510457294057e-03, 1.055500000000000000e+04
8.412555410167624204e-03, 1.022600000000000000e+04
8.417530309877954350e-03, 9.936000000000000000e+03
8.422505209588282762e-03, 1.018800000000000000e+04
8.427480109298612909e-03, 1.036500000000000000e+04
8.432455009008943056e-03, 1.066300000000000000e+04
8.437429908719273203e-03, 1.113500000000000000e+04
8.442404808429601615e-03, 1.178000000000000000e+04
8.447379708139931762e-03, 1.254000000000000000e+04
8.452354607850261908e-03, 1.346400000000000000e+04
8.457329507560592055e-03, 1.470700000000000000e+04
8.462304407270922202e-03, 1.620800000000000000e+04
8.467279306981250614e-03, 1.773700000000000000e+04
8.472254206691580761e-03, 1.934800000000000000e+04
8.477229106401910907e-03, 2.118600000000000000e+04
8.482204006112241054e-03, 2.305600000000000000e+04
8.487178905822569466e-03, 2.471500000000000000e+04
8.492153805532899613e-03, 2.665900000000000000e+04
8.497128705243229760e-03, 2.866300000000000000e+04
8.502103604953559907e-03, 3.098500000000000000e+04
8.507078504663890053e-03, 3.307400000000000000e+04
8.512053404374218465e-03, 3.497200000000000000e+04
8.517028304084548612e-03, 3.691600000000000000e+04
8.522003203794878759e-03, 3.889600000000000000e+04
8.526978103505208906e-03, 4.093600000000000000e+04
8.531953003215537318e-03, 4.304300000000000000e+04
8.536927902925867465e-03, 4.484700000000000000e+04
8.541902802636197611e-03, 4.635700000000000000e+04
8.546877702346527758e-03, 4.781200000000000000e+04
8.551852602056857905e-03, 4.919500000000000000e+04
8.556827501767186317e-03, 5.085300000000000000e+04
8.561802401477516464e-03, 5.212200000000000000e+04
8.566777301187846611e-03, 5.315400000000000000e+04
8.571752200898176757e-03, 5.405600000000000000e+04
8.576727100608505169e-03, 5.463300000000000000e+04
8.581702000318835316e-03, 5.494700000000000000e+04
8.586676900029165463e-03, 5.528700000000000000e+04
8.591651799739495610e-03, 5.547500000000000000e+04
8.596626699449825756e-03, 5.535300000000000000e+04
8.601601599160154168e-03, 5.507500000000000000e+04
8.606576498870484315e-03, 5.473500000000000000e+04
8.611551398580814462e-03, 5.416800000000000000e+04
8.616526298291144609e-03, 5.336300000000000000e+04
8.621501198001473021e-03, 5.231500000000000000e+04
8.626476097711803168e-03, 5.094600000000000000e+04
8.631450997422133314e-03, 4.985300000000000000e+04
8.636425897132463461e-03, 4.848400000000000000e+04
8.641400796842793608e-03, 4.698900000000000000e+04
8.646375696553122020e-03, 4.520100000000000000e+04
8.651350596263452167e-03, 4.341200000000000000e+04
8.656325495973782314e-03, 4.161500000000000000e+04
8.661300395684112460e-03, 3.974200000000000000e+04
8.666275295394440872e-03, 3.760400000000000000e+04
8.671250195104771019e-03, 3.538100000000000000e+04
8.676225094815101166e-03, 3.337700000000000000e+04
8.681199994525431313e-03, 3.123800000000000000e+04
8.686174894235761459e-03, 2.925500000000000000e+04
8.691149793946089872e-03, 2.729600000000000000e+04
8.696124693656420018e-03, 2.516600000000000000e+04
8.701099593366750165e-03, 2.315400000000000000e+04
8.706074493077080312e-03, 2.111700000000000000e+04
8.711049392787408724e-03, 1.944300000000000000e+04
8.716024292497738871e-03, 1.799100000000000000e+04
8.720999192208069017e-03, 1.661200000000000000e+04
8.725974091918399164e-03, 1.501000000000000000e+04
8.730948991628729311e-03, 1.391900000000000000e+04
8.735923891339057723e-03, 1.285200000000000000e+04
8.740898791049387870e-03, 1.177600000000000000e+04
8.745873690759718017e-03, 1.120600000000000000e+04
8.750848590470048163e-03, 1.050200000000000000e+04
8.755823490180376575e-03, 9.992000000000000000e+03
8.760798389890706722e-03, 9.865000000000000000e+03
8.765773289601036869e-03, 1.010100000000000000e+04
8.770748189311367016e-03, 1.032400000000000000e+04
8.775723089021697162e-03, 1.069300000000000000e+04
8.780697988732025575e-03, 1.140300000000000000e+04
8.785672888442355721e-03, 1.212700000000000000e+04
8.790647788152685868e-03, 1.281900000000000000e+04
8.795622687863016015e-03, 1.392200000000000000e+04
8.800597587573344427e-03, 1.528900000000000000e+04
8.805572487283674574e-03, 1.681700000000000000e+04
8.810547386994004720e-03, 1.836600000000000000e+04
8.815522286704334867e-03, 2.010700000000000000e+04
8.820497186414665014e-03, 2.188800000000000000e+04
8.825472086124993426e-03, 2.363500000000000000e+04
8.830446985835323573e-03, 2.535700000000000000e+04
8.835421885545653720e-03, 2.710200000000000000e+04
8.840396785255983866e-03, 2.926100000000000000e+04
8.845371684966312278e-03, 3.138100000000000000e+04
8.850346584676642425e-03, 3.344700000000000000e+04
8.855321484386972572e-03, 3.535600000000000000e+04
8.860296384097302719e-03, 3.743500000000000000e+04
8.865271283807632866e-03, 3.950100000000000000e+04
8.870246183517961278e-03, 4.156700000000000000e+04
8.875221083228291424e-03, 4.360200000000000000e+04
8.880195982938621571e-03, 4.533000000000000000e+04
8.885170882648951718e-03, 4.676900000000000000e+04
8.890145782359280130e-03, 4.816000000000000000e+04
8.895120682069610277e-03, 4.978600000000000000e+04
8.900095581779940423e-03, 5.122500000000000000e+04
8.905070481490270570e-03, 5.265200000000000000e+04
8.910045381200600717e-03, 5.345600000000000000e+04
8.915020280910929129e-03, 5.413400000000000000e+04
8.919995180621259276e-03, 5.478900000000000000e+04
8.924970080331589423e-03, 5.512400000000000000e+04
8.929944980041919569e-03, 5.531200000000000000e+04
8.934919879752247981e-03, 5.537300000000000000e+04
8.939894779462578128e-03, 5.518700000000000000e+04
8.944869679172908275e-03, 5.488300000000000000e+04
8.949844578883238422e-03, 5.453800000000000000e+04
8.954819478593568569e-03, 5.397100000000000000e+04
8.959794378303896981e-03, 5.307900000000000000e+04
8.964769278014227127e-03, 5.207800000000000000e+04
8.969744177724557274e-03, 5.071000000000000000e+04
8.974719077434887421e-03, 4.932600000000000000e+04
8.979693977145215833e-03, 4.797200000000000000e+04
8.984668876855545980e-03, 4.641900000000000000e+04
8.989643776565876127e-03, 4.445900000000000000e+04
8.994618676276206273e-03, 4.255300000000000000e+04
8.999593575986534685e-03, 4.093400000000000000e+04
9.004568475696864832e-03, 3.899800000000000000e+04
9.009543375407194979e-03, 3.683000000000000000e+04
9.014518275117525126e-03, 3.451200000000000000e+04
9.019493174827855272e-03, 3.276200000000000000e+04
9.024468074538183684e-03, 3.083800000000000000e+04
9.029442974248513831e-03, 2.885900000000000000e+04
9.034417873958843978e-03, 2.684300000000000000e+04
9.039392773669174125e-03, 2.476900000000000000e+04
9.044367673379502537e-03, 2.281600000000000000e+04
9.049342573089832684e-03, 2.088600000000000000e+04
9.054317472800162830e-03, 1.929400000000000000e+04
9.059292372510492977e-03, 1.756300000000000000e+04
9.064267272220823124e-03, 1.625400000000000000e+04
9.069242171931151536e-03, 1.486100000000000000e+04
9.074217071641481683e-03, 1.351300000000000000e+04
9.079191971351811830e-03, 1.263400000000000000e+04
9.084166871062141976e-03, 1.158700000000000000e+04
9.089141770772470388e-03, 1.092600000000000000e+04
9.094116670482800535e-03, 1.039800000000000000e+04
9.099091570193130682e-03, 9.910000000000000000e+03
9.104066469903460829e-03, 1.010100000000000000e+04
9.109041369613790975e-03, 1.020700000000000000e+04
9.114016269324119388e-03, 1.047500000000000000e+04
9.118991169034449534e-03, 1.102700000000000000e+04
9.123966068744779681e-03, 1.166600000000000000e+04
9.128940968455109828e-03, 1.229800000000000000e+04
9.133915868165438240e-03, 1.324500000000000000e+04
9.138890767875768387e-03, 1.434000000000000000e+04
9.143865667586098533e-03, 1.580500000000000000e+04
9.148840567296428680e-03, 1.746800000000000000e+04
9.153815467006758827e-03, 1.921600000000000000e+04
9.158790366717087239e-03, 2.085900000000000000e+04
9.163765266427417386e-03, 2.260500000000000000e+04
9.168740166137747533e-03, 2.442200000000000000e+04
9.173715065848077679e-03, 2.626900000000000000e+04
9.178689965558406091e-03, 2.816300000000000000e+04
9.183664865268736238e-03, 3.023900000000000000e+04
9.188639764979066385e-03, 3.238400000000000000e+04
9.193614664689396532e-03, 3.436100000000000000e+04
9.198589564399726679e-03, 3.625400000000000000e+04
9.203564464110055091e-03, 3.816600000000000000e+04
9.208539363820385237e-03, 4.022300000000000000e+04
9.213514263530715384e-03, 4.249300000000000000e+04
9.218489163241045531e-03, 4.443200000000000000e+04
9.223464062951373943e-03, 4.605300000000000000e+04
9.228438962661704090e-03, 4.748100000000000000e+04
9.233413862372034236e-03, 4.869600000000000000e+04
9.238388762082364383e-03, 5.048200000000000000e+04
9.243363661792694530e-03, 5.166900000000000000e+04
9.248338561503022942e-03, 5.289600000000000000e+04
9.253313461213353089e-03, 5.384100000000000000e+04
9.258288360923683236e-03, 5.433500000000000000e+04
9.263263260634013382e-03, 5.479400000000000000e+04
9.268238160344341794e-03, 5.529900000000000000e+04
9.273213060054671941e-03, 5.545700000000000000e+04
9.278187959765002088e-03, 5.545000000000000000e+04
9.283162859475332235e-03, 5.522800000000000000e+04
9.288137759185662382e-03, 5.490700000000000000e+04
9.293112658895990794e-03, 5.450900000000000000e+04
9.298087558606320940e-03, 5.359600000000000000e+04
9.303062458316651087e-03, 5.278000000000000000e+04
9.308037358026981234e-03, 5.155900000000000000e+04
9.313012257737309646e-03, 5.027500000000000000e+04
9.317987157447639793e-03, 4.870200000000000000e+04
9.322962057157969940e-03, 4.733700000000000000e+04
9.327936956868300086e-03, 4.581100000000000000e+04
9.332911856578630233e-03, 4.383800000000000000e+04
9.337886756288958645e-03, 4.200800000000000000e+04
9.342861655999288792e-03, 4.014200000000000000e+04
9.347836555709618939e-03, 3.813000000000000000e+04
9.352811455419949085e-03, 3.582400000000000000e+04
9.357786355130277497e-03, 3.367500000000000000e+04
9.362761254840607644e-03, 3.174900000000000000e+04
9.367736154550937791e-03, 2.979700000000000000e+04
9.372711054261267938e-03, 2.772400000000000000e+04
9.377685953971598085e-03, 2.568800000000000000e+04
9.382660853681926497e-03, 2.368000000000000000e+04
9.387635753392256643e-03, 2.181700000000000000e+04
9.392610653102586790e-03, 2.004700000000000000e+04
9.397585552812916937e-03, 1.859700000000000000e+04
9.402560452523245349e-03, 1.706800000000000000e+04
9.407535352233575496e-03, 1.553500000000000000e+04
9.412510251943905643e-03, 1.433400000000000000e+04
9.417485151654235789e-03, 1.301200000000000000e+04
9.422460051364565936e-03, 1.215700000000000000e+04
9.427434951074894348e-03, 1.139100000000000000e+04
9.432409850785224495e-03, 1.053500000000000000e+04
9.437384750495554642e-03, 1.020800000000000000e+04
9.442359650205884788e-03, 9.920000000000000000e+03
9.447334549916213201e-03, 1.017500000000000000e+04
9.452309449626543347e-03, 1.035400000000000000e+04
9.457284349336873494e-03, 1.065400000000000000e+04
9.462259249047203641e-03, 1.116800000000000000e+04
9.467234148757533788e-03, 1.188800000000000000e+04
9.472209048467862200e-03, 1.282100000000000000e+04
9.477183948178192346e-03, 1.381700000000000000e+04
9.482158847888522493e-03, 1.507200000000000000e+04
9.487133747598852640e-03, 1.655300000000000000e+04
9.492108647309181052e-03, 1.804700000000000000e+04
9.497083547019511199e-03, 1.961600000000000000e+04
9.502058446729841346e-03, 2.141200000000000000e+04
9.507033346440171492e-03, 2.324400000000000000e+04
9.512008246150501639e-03, 2.486800000000000000e+04
9.516983145860830051e-03, 2.678300000000000000e+04
9.521958045571160198e-03, 2.876200000000000000e+04
9.526932945281490345e-03, 3.097500000000000000e+04
9.531907844991820491e-03, 3.303800000000000000e+04
9.536882744702148904e-03, 3.498100000000000000e+04
9.541857644412479050e-03, 3.694900000000000000e+04
9.546832544122809197e-03, 3.894000000000000000e+04
9.551807443833139344e-03, 4.098200000000000000e+04
9.556782343543469491e-03, 4.308700000000000000e+04
9.561757243253797903e-03, 4.488600000000000000e+04
9.566732142964128049e-03, 4.639100000000000000e+04
9.571707042674458196e-03, 4.784100000000000000e+04
9.576681942384788343e-03, 4.921900000000000000e+04
9.581656842095116755e-03, 5.087200000000000000e+04
9.586631741805446902e-03, 5.213700000000000000e+04
9.591606641515777049e-03, 5.312300000000000000e+04
9.596581541226107195e-03, 5.398900000000000000e+04
9.601556440936437342e-03, 5.460800000000000000e+04
9.606531340646765754e-03, 5.494600000000000000e+04
9.611506240357095901e-03, 5.529900000000000000e+04
9.616481140067426048e-03, 5.549300000000000000e+04
9.621456039777756195e-03, 5.537300000000000000e+04
9.626430939488084607e-03, 5.509400000000000000e+04
9.631405839198414753e-03, 5.475200000000000000e+04
9.636380738908744900e-03, 5.418300000000000000e+04
9.641355638619075047e-03, 5.337600000000000000e+04
9.646330538329403459e-03, 5.232600000000000000e+04
9.651305438039733606e-03, 5.095500000000000000e+04
9.656280337750063752e-03, 4.975600000000000000e+04
9.661255237460393899e-03, 4.838600000000000000e+04
9.666230137170724046e-03, 4.671600000000000000e+04
9.671205036881052458e-03, 4.485300000000000000e+04
9.676179936591382605e-03, 4.305200000000000000e+04
9.681154836301712752e-03, 4.127300000000000000e+04
9.686129736012042898e-03, 3.943600000000000000e+04
9.691104635722371310e-03, 3.733800000000000000e+04
9.696079535432701457e-03, 3.515700000000000000e+04
9.701054435143031604e-03, 3.319100000000000000e+04
9.706029334853361751e-03, 3.108600000000000000e+04
9.711004234563691898e-03, 2.913200000000000000e+04
9.715979134274020310e-03, 2.719800000000000000e+04
9.720954033984350456e-03, 2.514200000000000000e+04
9.725928933694680603e-03, 2.317100000000000000e+04
9.730903833405010750e-03, 2.110300000000000000e+04
9.735878733115339162e-03, 1.941300000000000000e+04
9.740853632825669309e-03, 1.795400000000000000e+04
9.745828532535999456e-03, 1.657500000000000000e+04
9.750803432246329602e-03, 1.497500000000000000e+04
9.755778331956659749e-03, 1.388800000000000000e+04
9.760753231666988161e-03, 1.282600000000000000e+04
9.765728131377318308e-03, 1.175400000000000000e+04
9.770703031087648455e-03, 1.118700000000000000e+04
9.775677930797978601e-03, 1.048700000000000000e+04
9.780652830508307014e-03, 9.980000000000000000e+03
9.785627730218637160e-03, 9.938000000000000000e+03
9.790602629928967307e-03, 1.014000000000000000e+04
9.795577529639297454e-03, 1.033300000000000000e+04
9.800552429349627601e-03, 1.068500000000000000e+04
9.805527329059956013e-03, 1.138700000000000000e+04
9.810502228770286159e-03, 1.210700000000000000e+04
9.815477128480616306e-03, 1.279900000000000000e+04
9.820452028190946453e-03, 1.390400000000000000e+04
9.825426927901274865e-03, 1.527300000000000000e+04
9.830401827611605012e-03, 1.680300000000000000e+04
9.835376727321935159e-03, 1.835500000000000000e+04
9.840351627032265305e-03, 2.009700000000000000e+04
9.845326526742595452e-03, 2.188000000000000000e+04
9.850301426452923864e-03, 2.376800000000000000e+04
9.855276326163254011e-03, 2.556700000000000000e+04
9.860251225873584158e-03, 2.718700000000000000e+04
9.865226125583914304e-03, 2.927400000000000000e+04
9.870201025294242717e-03, 3.135500000000000000e+04
9.875175925004572863e-03, 3.340100000000000000e+04
9.880150824714903010e-03, 3.530400000000000000e+04
9.885125724425233157e-03, 3.738200000000000000e+04
9.890100624135563304e-03, 3.945200000000000000e+04
9.895075523845891716e-03, 4.152400000000000000e+04
9.900050423556221862e-03, 4.356500000000000000e+04
9.905025323266552009e-03, 4.529900000000000000e+04
9.910000222976882156e-03, 4.674400000000000000e+04
9.914975122687210568e-03, 4.809400000000000000e+04
9.919950022397540715e-03, 4.974900000000000000e+04
9.924924922107870862e-03, 5.120600000000000000e+04
9.929899821818201008e-03, 5.264500000000000000e+04
9.934874721528531155e-03, 5.345400000000000000e+04
9.939849621238859567e-03, 5.413600000000000000e+04
9.944824520949189714e-03, 5.479300000000000000e+04
9.949799420659519861e-03, 5.512800000000000000e+04
9.954774320369850008e-03, 5.531700000000000000e+04
9.959749220080178420e-03, 5.537700000000000000e+04
9.964724119790508566e-03, 5.519100000000000000e+04
9.969699019500838713e-03, 5.488600000000000000e+04
9.974673919211168860e-03, 5.454000000000000000e+04
9.979648818921499007e-03, 5.387200000000000000e+04
9.984623718631827419e-03, 5.297900000000000000e+04
9.989598618342157565e-03, 5.203800000000000000e+04
9.994573518052487712e-03, 5.070500000000000000e+04
9.999548417762817859e-03, 4.934000000000000000e+04
1.000452331747314627e-02, 4.799600000000000000e+04
1.000949821718347642e-02, 4.644500000000000000e+04
1.001447311689380656e-02, 4.448500000000000000e+04
1.001944801660413671e-02, 4.257700000000000000e+04
1.002442291631446686e-02, 4.095500000000000000e+04
1.002939781602479527e-02, 3.901600000000000000e+04
1.003437271573512542e-02, 3.684500000000000000e+04
1.003934761544545556e-02, 3.452400000000000000e+04
1.004432251515578571e-02, 3.258500000000000000e+04
1.004929741486611412e-02, 3.061300000000000000e+04
1.005427231457644427e-02, 2.853300000000000000e+04
1.005924721428677442e-02, 2.648700000000000000e+04
1.006422211399710456e-02, 2.442300000000000000e+04
1.006919701370743471e-02, 2.250100000000000000e+04
1.007417191341776312e-02, 2.061000000000000000e+04
1.007914681312809327e-02, 1.905800000000000000e+04
1.008412171283842342e-02, 1.736700000000000000e+04
1.008909661254875356e-02, 1.609300000000000000e+04
1.009407151225908197e-02, 1.473000000000000000e+04
1.009904641196941212e-02, 1.340800000000000000e+04
1.010402131167974227e-02, 1.255100000000000000e+04
1.010899621139007241e-02, 1.157900000000000000e+04
1.011397111110040256e-02, 1.090200000000000000e+04
1.011894601081073097e-02, 1.036800000000000000e+04
1.012392091052106112e-02, 9.878000000000000000e+03
1.012889581023139127e-02, 1.007100000000000000e+04
1.013387070994172141e-02, 1.018000000000000000e+04
1.013884560965204983e-02, 1.045100000000000000e+04
1.014382050936237997e-02, 1.100700000000000000e+04
1.014879540907271012e-02, 1.165000000000000000e+04
1.015377030878304027e-02, 1.228400000000000000e+04
1.015874520849337041e-02, 1.323400000000000000e+04
1.016372010820369882e-02, 1.433100000000000000e+04
1.016869500791402897e-02, 1.578200000000000000e+04
1.017366990762435912e-02, 1.731500000000000000e+04
1.017864480733468927e-02, 1.899900000000000000e+04
1.018361970704501768e-02, 2.053200000000000000e+04
1.018859460675534782e-02, 2.224300000000000000e+04
1.019356950646567797e-02, 2.406800000000000000e+04
1.019854440617600812e-02, 2.594500000000000000e+04
1.020351930588633826e-02, 2.787900000000000000e+04
1.020849420559666668e-02, 2.999600000000000000e+04
1.021346910530699682e-02, 3.218100000000000000e+04
1.021844400501732697e-02, 3.419400000000000000e+04
1.022341890472765712e-02, 3.611900000000000000e+04
1.022839380443798553e-02, 3.805800000000000000e+04
1.023336870414831568e-02, 4.013700000000000000e+04
1.023834360385864582e-02, 4.236400000000000000e+04
1.024331850356897597e-02, 4.428800000000000000e+04
1.024829340327930612e-02, 4.573300000000000000e+04
1.025326830298963453e-02, 4.709000000000000000e+04
1.025824320269996467e-02, 4.829600000000000000e+04
1.026321810241029482e-02, 5.010600000000000000e+04
1.026819300212062497e-02, 5.133400000000000000e+04
1.027316790183095338e-02, 5.260700000000000000e+04
1.027814280154128353e-02, 5.359700000000000000e+04
1.028311770125161367e-02, 5.413300000000000000e+04
1.028809260096194382e-02, 5.463000000000000000e+04
1.029306750067227397e-02, 5.516600000000000000e+04
1.029804240038260238e-02, 5.535100000000000000e+04
1.030301730009293253e-02, 5.533000000000000000e+04
1.030799219980326267e-02, 5.511000000000000000e+04
1.031296709951359282e-02, 5.483700000000000000e+04
1.031794199922392123e-02, 5.447000000000000000e+04
1.032291689893425138e-02, 5.357600000000000000e+04
1.032789179864458153e-02, 5.277200000000000000e+04
1.033286669835491167e-02, 5.155700000000000000e+04
1.033784159806524008e-02, 5.027800000000000000e+04
1.034281649777557023e-02, 4.870600000000000000e+04
1.034779139748590038e-02, 4.734200000000000000e+04
1.035276629719623052e-02, 4.581600000000000000e+04
1.035774119690656067e-02, 4.384300000000000000e+04
1.036271609661688908e-02, 4.201100000000000000e+04
1.036769099632721923e-02, 4.024000000000000000e+04
1.037266589603754938e-02, 3.827200000000000000e+04
1.037764079574787952e-02, 3.588300000000000000e+04
1.038261569545820794e-02, 3.368600000000000000e+04
1.038759059516853808e-02, 3.173300000000000000e+04
1.039256549487886823e-02, 2.976800000000000000e+04
1.039754039458919838e-02, 2.769000000000000000e+04
1.040251529429952852e-02, 2.565500000000000000e+04
1.040749019400985693e-02, 2.364900000000000000e+04
1.041246509372018708e-02, 2.178900000000000000e+04
1.041743999343051723e-02, 2.002300000000000000e+04
1.042241489314084738e-02, 1.857700000000000000e+04
1.042738979285117579e-02, 1.705200000000000000e+04
1.043236469256150593e-02, 1.552200000000000000e+04
1.043733959227183608e-02, 1.436300000000000000e+04
1.044231449198216623e-02, 1.302000000000000000e+04
1.044728939169249637e-02, 1.215400000000000000e+04
1.045226429140282479e-02, 1.138300000000000000e+04
1.045723919111315493e-02, 1.052400000000000000e+04
1.046221409082348508e-02, 1.019600000000000000e+04
1.046718899053381523e-02, 9.909000000000000000e+03
1.047216389024414364e-02, 1.016500000000000000e+04
1.047713878995447379e-02, 1.034500000000000000e+04
1.048211368966480393e-02, 1.064600000000000000e+04
1.048708858937513408e-02, 1.116200000000000000e+04
1.049206348908546423e-02, 1.188300000000000000e+04
1.049703838879579264e-02, 1.263400000000000000e+04
1.050201328850612278e-02, 1.359500000000000000e+04
1.050698818821645293e-02, 1.474700000000000000e+04
1.051196308792678308e-02, 1.619700000000000000e+04
1.051693798763711149e-02, 1.770000000000000000e+04
1.052191288734744164e-02, 1.929900000000000000e+04
1.052688778705777178e-02, 2.113400000000000000e+04
1.053186268676810193e-02, 2.300800000000000000e+04
1.053683758647843208e-02, 2.467100000000000000e+04
1.054181248618876049e-02, 2.662100000000000000e+04
1.054678738589909064e-02, 2.863100000000000000e+04
1.055176228560942078e-02, 3.087000000000000000e+04
1.055673718531975093e-02, 3.295400000000000000e+04
1.056171208503007934e-02, 3.482300000000000000e+04
1.056668698474040949e-02, 3.680700000000000000e+04
1.057166188445073964e-02, 3.886500000000000000e+04
1.057663678416106978e-02, 4.094800000000000000e+04
1.058161168387139993e-02, 4.307700000000000000e+04
1.058658658358172834e-02, 4.489000000000000000e+04
1.059156148329205849e-02, 4.640200000000000000e+04
1.059653638300238863e-02, 4.785500000000000000e+04
1.060151128271271878e-02, 4.923400000000000000e+04
1.060648618242304719e-02, 5.088600000000000000e+04
1.061146108213337734e-02, 5.215000000000000000e+04
1.061643598184370749e-02, 5.313400000000000000e+04
1.062141088155403763e-02, 5.399800000000000000e+04
1.062638578126436778e-02, 5.461500000000000000e+04
1.063136068097469619e-02, 5.491500000000000000e+04
1.063633558068502634e-02, 5.528800000000000000e+04
1.064131048039535649e-02, 5.549300000000000000e+04
1.064628538010568663e-02, 5.538000000000000000e+04
1.065126027981601504e-02, 5.510400000000000000e+04
1.065623517952634519e-02, 5.476300000000000000e+04
1.066121007923667534e-02, 5.419400000000000000e+04
1.066618497894700549e-02, 5.338600000000000000e+04
1.067115987865733563e-02, 5.233400000000000000e+04
1.067613477836766404e-02, 5.096200000000000000e+04
1.068110967807799419e-02, 4.976200000000000000e+04
1.068608457778832434e-02, 4.839100000000000000e+04
1.069105947749865448e-02, 4.683300000000000000e+04
1.069603437720898290e-02, 4.498000000000000000e+04
1.070100927691931304e-02, 4.310200000000000000e+04
1.070598417662964319e-02, 4.127900000000000000e+04
1.071095907633997334e-02, 3.941800000000000000e+04
1.071593397605030348e-02, 3.730900000000000000e+04
1.072090887576063190e-02, 3.512300000000000000e+04
1.072588377547096204e-02, 3.315800000000000000e+04
1.073085867518129219e-02, 3.105600000000000000e+04
1.073583357489162234e-02, 2.910500000000000000e+04
1.074080847460195075e-02, 2.717500000000000000e+04
1.074578337431228089e-02, 2.512300000000000000e+04
1.075075827402261104e-02, 2.315500000000000000e+04
1.075573317373294119e-02, 2.115100000000000000e+04
1.076070807344327133e-02, 1.949400000000000000e+04
1.076568297315359975e-02, 1.822500000000000000e+04
1.077065787286392989e-02, 1.692700000000000000e+04
1.077563277257426004e-02, 1.534400000000000000e+04
1.078060767228459019e-02, 1.424000000000000000e+04
1.078558257199491860e-02, 1.314200000000000000e+04
1.079055747170524875e-02, 1.202800000000000000e+04
1.079553237141557889e-02, 1.142000000000000000e+04
1.080050727112590904e-02, 1.068000000000000000e+04
1.080548217083623919e-02, 1.013800000000000000e+04
1.081045707054656760e-02, 1.006600000000000000e+04
1.081543197025689775e-02, 1.024200000000000000e+04
1.082040686996722789e-02, 1.045100000000000000e+04
1.082538176967755804e-02, 1.084700000000000000e+04
1.083035666938788645e-02, 1.171500000000000000e+04
1.083533156909821660e-02, 1.250000000000000000e+04
1.084030646880854674e-02, 1.319800000000000000e+04
1.084528136851887689e-02, 1.427600000000000000e+04
1.085025626822920704e-02, 1.560400000000000000e+04
1.085523116793953545e-02, 1.708800000000000000e+04
1.086020606764986560e-02, 1.859500000000000000e+04
1.086518096736019574e-02, 2.029500000000000000e+04
1.087015586707052589e-02, 2.204100000000000000e+04
1.087513076678085430e-02, 2.389800000000000000e+04
1.088010566649118445e-02, 2.567100000000000000e+04
1.088508056620151460e-02, 2.739500000000000000e+04
1.089005546591184474e-02, 2.955900000000000000e+04
1.089503036562217489e-02, 3.149800000000000000e+04
1.090000526533250330e-02, 3.345800000000000000e+04
1.090498016504283345e-02, 3.531100000000000000e+04
1.090995506475316359e-02, 3.736200000000000000e+04
1.091492996446349374e-02, 3.941900000000000000e+04
1.091990486417382215e-02, 4.148600000000000000e+04
1.092487976388415230e-02, 4.352800000000000000e+04
1.092985466359448245e-02, 4.526500000000000000e+04
1.093482956330481259e-02, 4.671300000000000000e+04
1.093980446301514274e-02, 4.806800000000000000e+04
