0.000000000000000000e+00, 3.616800000000000000e+04
2.487458290893475345e-05, 1.784200000000000000e+04
4.974916581786950691e-05, 1.331100000000000000e+04
7.462374872680426375e-05, 1.665700000000000000e+04
9.949833163573901381e-05, 2.448900000000000000e+04
1.243729145446737774e-04, 3.458400000000000000e+04
1.492474974536085275e-04, 4.463000000000000000e+04
1.741220803625432776e-04, 5.194900000000000000e+04
1.989966632714780276e-04, 5.525400000000000000e+04
2.238712461804128048e-04, 5.432200000000000000e+04
2.487458290893475549e-04, 4.851900000000000000e+04
2.736204119982823049e-04, 3.984200000000000000e+04
2.984949949072170550e-04, 2.964200000000000000e+04
3.233695778161518051e-04, 1.978300000000000000e+04
3.482441607250865551e-04, 1.294100000000000000e+04
3.731187436340213052e-04, 9.887000000000000000e+03
3.979933265429560552e-04, 1.208700000000000000e+04
4.228679094518908595e-04, 1.806200000000000000e+04
4.477424923608256096e-04, 2.703600000000000000e+04
4.726170752697603596e-04, 3.702600000000000000e+04
4.974916581786951097e-04, 4.639800000000000000e+04
5.223662410876298056e-04, 5.321300000000000000e+04
5.472408239965646098e-04, 5.540300000000000000e+04
5.721154069054994141e-04, 5.314400000000000000e+04
5.969899898144341100e-04, 4.661700000000000000e+04
6.218645727233689142e-04, 3.722000000000000000e+04
6.467391556323036101e-04, 2.691700000000000000e+04
6.716137385412384144e-04, 1.760400000000000000e+04
6.964883214501731102e-04, 1.158900000000000000e+04
7.213629043591079145e-04, 1.015900000000000000e+04
7.462374872680426104e-04, 1.304800000000000000e+04
7.711120701769774146e-04, 2.042400000000000000e+04
7.959866530859121105e-04, 2.964900000000000000e+04
8.208612359948469148e-04, 3.980100000000000000e+04
8.457358189037817190e-04, 4.837200000000000000e+04
8.706104018127164149e-04, 5.424800000000000000e+04
8.954849847216512192e-04, 5.517300000000000000e+04
9.203595676305859150e-04, 5.176300000000000000e+04
9.452341505395207193e-04, 4.416400000000000000e+04
9.701087334484554152e-04, 3.413500000000000000e+04
9.949833163573902194e-04, 2.434300000000000000e+04
1.019857899266324915e-03, 1.595000000000000000e+04
1.044732482175259611e-03, 1.076100000000000000e+04
1.069607065084194524e-03, 1.059000000000000000e+04
1.094481647993129220e-03, 1.458900000000000000e+04
1.119356230902063916e-03, 2.304600000000000000e+04
1.144230813810998828e-03, 3.279700000000000000e+04
1.169105396719933524e-03, 4.278300000000000000e+04
1.193979979628868220e-03, 5.080100000000000000e+04
1.218854562537802916e-03, 5.486400000000000000e+04
1.243729145446737828e-03, 5.488100000000000000e+04
1.268603728355672524e-03, 5.004800000000000000e+04
1.293478311264607220e-03, 4.168000000000000000e+04
1.318352894173541916e-03, 3.171000000000000000e+04
1.343227477082476829e-03, 2.151500000000000000e+04
1.368102059991411525e-03, 1.412500000000000000e+04
1.392976642900346220e-03, 1.008600000000000000e+04
1.417851225809281133e-03, 1.133600000000000000e+04
1.442725808718215829e-03, 1.655200000000000000e+04
1.467600391627150525e-03, 2.516300000000000000e+04
1.492474974536085221e-03, 3.511500000000000000e+04
1.517349557445020133e-03, 4.490100000000000000e+04
1.542224140353954829e-03, 5.232600000000000000e+04
1.567098723262889525e-03, 5.528000000000000000e+04
1.591973306171824221e-03, 5.406100000000000000e+04
1.616847889080759134e-03, 4.811700000000000000e+04
1.641722471989693830e-03, 3.942300000000000000e+04
1.666597054898628525e-03, 2.892700000000000000e+04
1.691471637807563438e-03, 1.924700000000000000e+04
1.716346220716498134e-03, 1.267100000000000000e+04
1.741220803625432830e-03, 1.007700000000000000e+04
1.766095386534367526e-03, 1.220000000000000000e+04
1.790969969443302438e-03, 1.874500000000000000e+04
1.815844552352237134e-03, 2.756100000000000000e+04
1.840719135261171830e-03, 3.771700000000000000e+04
1.865593718170106526e-03, 4.709200000000000000e+04
1.890468301079041439e-03, 5.367600000000000000e+04
1.915342883987976134e-03, 5.539200000000000000e+04
1.940217466896910830e-03, 5.283700000000000000e+04
1.965092049805845526e-03, 4.609800000000000000e+04
1.989966632714780439e-03, 3.635300000000000000e+04
2.014841215623715352e-03, 2.600900000000000000e+04
2.039715798532649831e-03, 1.717400000000000000e+04
2.064590381441584743e-03, 1.150200000000000000e+04
2.089464964350519222e-03, 1.028100000000000000e+04
2.114339547259454135e-03, 1.338600000000000000e+04
2.139214130168389048e-03, 2.113600000000000000e+04
2.164088713077323527e-03, 3.076500000000000000e+04
2.188963295986258439e-03, 4.063500000000000000e+04
2.213837878895193352e-03, 4.902500000000000000e+04
2.238712461804127831e-03, 5.450300000000000000e+04
2.263587044713062744e-03, 5.518300000000000000e+04
2.288461627621997656e-03, 5.121100000000000000e+04
2.313336210530932135e-03, 4.354200000000000000e+04
2.338210793439867048e-03, 3.337000000000000000e+04
2.363085376348801527e-03, 2.334200000000000000e+04
2.387959959257736440e-03, 1.517200000000000000e+04
2.412834542166671353e-03, 1.079600000000000000e+04
2.437709125075605832e-03, 1.082100000000000000e+04
2.462583707984540744e-03, 1.508900000000000000e+04
2.487458290893475657e-03, 2.342400000000000000e+04
2.512332873802410136e-03, 3.338300000000000000e+04
2.537207456711345049e-03, 4.347800000000000000e+04
2.562082039620279961e-03, 5.108100000000000000e+04
2.586956622529214440e-03, 5.506200000000000000e+04
2.611831205438149353e-03, 5.462700000000000000e+04
2.636705788347083832e-03, 4.946100000000000000e+04
2.661580371256018745e-03, 4.095500000000000000e+04
2.686454954164953658e-03, 3.071600000000000000e+04
2.711329537073888137e-03, 2.081700000000000000e+04
2.736204119982823049e-03, 1.359400000000000000e+04
2.761078702891757962e-03, 9.901000000000000000e+03
2.785953285800692441e-03, 1.154600000000000000e+04
2.810827868709627354e-03, 1.703500000000000000e+04
2.835702451618562266e-03, 2.592100000000000000e+04
2.860577034527496745e-03, 3.611300000000000000e+04
2.885451617436431658e-03, 4.582800000000000000e+04
2.910326200345366137e-03, 5.286400000000000000e+04
2.935200783254301050e-03, 5.540700000000000000e+04
2.960075366163235962e-03, 5.364400000000000000e+04
2.984949949072170441e-03, 4.761000000000000000e+04
3.009824531981105354e-03, 3.857600000000000000e+04
3.034699114890040267e-03, 2.807700000000000000e+04
3.059573697798974746e-03, 1.877200000000000000e+04
3.084448280707909659e-03, 1.233700000000000000e+04
3.109322863616844571e-03, 1.012900000000000000e+04
3.134197446525779050e-03, 1.248400000000000000e+04
3.159072029434713963e-03, 1.921300000000000000e+04
3.183946612343648442e-03, 2.827800000000000000e+04
3.208821195252583355e-03, 3.845800000000000000e+04
3.233695778161518267e-03, 4.773800000000000000e+04
3.258570361070452746e-03, 5.399600000000000000e+04
3.283444943979387659e-03, 5.539600000000000000e+04
3.308319526888322572e-03, 5.252300000000000000e+04
3.333194109797257051e-03, 4.539500000000000000e+04
3.358068692706191963e-03, 3.544700000000000000e+04
3.382943275615126876e-03, 2.532300000000000000e+04
3.407817858524061355e-03, 1.680700000000000000e+04
3.432692441432996268e-03, 1.126000000000000000e+04
3.457567024341930747e-03, 1.036200000000000000e+04
3.482441607250865660e-03, 1.399400000000000000e+04
3.507316190159800572e-03, 2.188600000000000000e+04
3.532190773068735051e-03, 3.137200000000000000e+04
3.557065355977669964e-03, 4.145400000000000000e+04
3.581939938886604877e-03, 4.959200000000000000e+04
3.606814521795539356e-03, 5.479500000000000000e+04
3.631689104704474268e-03, 5.497500000000000000e+04
3.656563687613409181e-03, 5.073900000000000000e+04
3.681438270522343660e-03, 4.258700000000000000e+04
3.706312853431278573e-03, 3.276600000000000000e+04
3.731187436340213052e-03, 2.280400000000000000e+04
3.756062019249147965e-03, 1.482000000000000000e+04
3.780936602158082877e-03, 1.044500000000000000e+04
3.805811185067017356e-03, 1.088600000000000000e+04
3.830685767975952269e-03, 1.549800000000000000e+04
3.855560350884887182e-03, 2.406200000000000000e+04
3.880434933793821661e-03, 3.414800000000000000e+04
3.905309516702756573e-03, 4.418700000000000000e+04
3.930184099611691052e-03, 5.130000000000000000e+04
3.955058682520625965e-03, 5.499600000000000000e+04
3.979933265429560878e-03, 5.439600000000000000e+04
4.004807848338495790e-03, 4.855200000000000000e+04
4.029682431247430703e-03, 4.032000000000000000e+04
4.054557014156364748e-03, 3.014000000000000000e+04
4.079431597065299661e-03, 2.024000000000000000e+04
4.104306179974234574e-03, 1.313000000000000000e+04
4.129180762883169487e-03, 9.899000000000000000e+03
4.154055345792104399e-03, 1.172100000000000000e+04
4.178929928701038445e-03, 1.759700000000000000e+04
4.203804511609973357e-03, 2.625600000000000000e+04
4.228679094518908270e-03, 3.646600000000000000e+04
4.253553677427843183e-03, 4.591400000000000000e+04
4.278428260336778095e-03, 5.275300000000000000e+04
4.303302843245713008e-03, 5.538700000000000000e+04
4.328177426154647053e-03, 5.345100000000000000e+04
4.353052009063581966e-03, 4.709700000000000000e+04
4.377926591972516879e-03, 3.776700000000000000e+04
4.402801174881451791e-03, 2.736800000000000000e+04
4.427675757790386704e-03, 1.823700000000000000e+04
4.452550340699320749e-03, 1.191100000000000000e+04
4.477424923608255662e-03, 1.014900000000000000e+04
4.502299506517190575e-03, 1.275500000000000000e+04
4.527174089426125488e-03, 2.004900000000000000e+04
4.552048672335060400e-03, 2.925300000000000000e+04
4.576923255243995313e-03, 3.941300000000000000e+04
4.601797838152929358e-03, 4.806500000000000000e+04
4.626672421061864271e-03, 5.405900000000000000e+04
4.651547003970799184e-03, 5.490600000000000000e+04
4.676421586879734096e-03, 5.199200000000000000e+04
4.701296169788669009e-03, 4.466100000000000000e+04
4.726170752697603054e-03, 3.490900000000000000e+04
4.751045335606537967e-03, 2.484300000000000000e+04
4.775919918515472880e-03, 1.668600000000000000e+04
4.800794501424407792e-03, 1.121900000000000000e+04
4.825669084333342705e-03, 1.043100000000000000e+04
4.850543667242277618e-03, 1.409400000000000000e+04
4.875418250151211663e-03, 2.214400000000000000e+04
4.900292833060146576e-03, 3.221100000000000000e+04
4.925167415969081489e-03, 4.224600000000000000e+04
4.950041998878016401e-03, 5.021100000000000000e+04
4.974916581786951314e-03, 5.446700000000000000e+04
4.999791164695885359e-03, 5.471700000000000000e+04
5.024665747604820272e-03, 5.045900000000000000e+04
5.049540330513755185e-03, 4.225300000000000000e+04
5.074414913422690097e-03, 3.214300000000000000e+04
5.099289496331625010e-03, 2.208100000000000000e+04
5.124164079240559923e-03, 1.451500000000000000e+04
5.149038662149493968e-03, 1.027500000000000000e+04
5.173913245058428881e-03, 1.110500000000000000e+04
5.198787827967363794e-03, 1.606800000000000000e+04
5.223662410876298706e-03, 2.433700000000000000e+04
5.248536993785233619e-03, 3.454000000000000000e+04
5.273411576694167664e-03, 4.450400000000000000e+04
5.298286159603102577e-03, 5.162600000000000000e+04
5.323160742512037490e-03, 5.512600000000000000e+04
5.348035325420972402e-03, 5.428200000000000000e+04
5.372909908329907315e-03, 4.850800000000000000e+04
5.397784491238842228e-03, 3.983900000000000000e+04
5.422659074147776273e-03, 2.930100000000000000e+04
5.447533657056711186e-03, 1.964000000000000000e+04
5.472408239965646098e-03, 1.291000000000000000e+04
5.497282822874581011e-03, 9.867000000000000000e+03
5.522157405783515924e-03, 1.207900000000000000e+04
5.547031988692449969e-03, 1.805600000000000000e+04
5.571906571601384882e-03, 2.702800000000000000e+04
5.596781154510319795e-03, 3.731000000000000000e+04
5.621655737419254707e-03, 4.667600000000000000e+04
5.646530320328189620e-03, 5.331600000000000000e+04
5.671404903237124533e-03, 5.505400000000000000e+04
5.696279486146058578e-03, 5.294700000000000000e+04
5.721154069054993491e-03, 4.649900000000000000e+04
5.746028651963928403e-03, 3.720900000000000000e+04
5.770903234872863316e-03, 2.691800000000000000e+04
5.795777817781798229e-03, 1.797100000000000000e+04
5.820652400690732274e-03, 1.182300000000000000e+04
5.845526983599667187e-03, 1.024000000000000000e+04
5.870401566508602099e-03, 1.307200000000000000e+04
5.895276149417537012e-03, 2.043100000000000000e+04
5.920150732326471925e-03, 2.968600000000000000e+04
5.945025315235406838e-03, 3.978400000000000000e+04
5.969899898144340883e-03, 4.836300000000000000e+04
5.994774481053275796e-03, 5.424900000000000000e+04
6.019649063962210708e-03, 5.518000000000000000e+04
6.044523646871145621e-03, 5.173100000000000000e+04
6.069398229780080534e-03, 4.417400000000000000e+04
6.094272812689014579e-03, 3.414100000000000000e+04
6.119147395597949492e-03, 2.396600000000000000e+04
6.144021978506884404e-03, 1.575500000000000000e+04
6.168896561415819317e-03, 1.069600000000000000e+04
6.193771144324754230e-03, 1.057200000000000000e+04
6.218645727233689142e-03, 1.458400000000000000e+04
6.243520310142623188e-03, 2.267600000000000000e+04
6.268394893051558101e-03, 3.256500000000000000e+04
6.293269475960493013e-03, 4.270300000000000000e+04
6.318144058869427926e-03, 5.078300000000000000e+04
6.343018641778362839e-03, 5.486400000000000000e+04
6.367893224687296884e-03, 5.488200000000000000e+04
6.392767807596231797e-03, 5.004800000000000000e+04
6.417642390505166709e-03, 4.168000000000000000e+04
6.442516973414101622e-03, 3.171600000000000000e+04
6.467391556323036535e-03, 2.153000000000000000e+04
6.492266139231971447e-03, 1.416500000000000000e+04
6.517140722140905493e-03, 1.007900000000000000e+04
6.542015305049840405e-03, 1.133100000000000000e+04
6.566889887958775318e-03, 1.655300000000000000e+04
6.591764470867710231e-03, 2.515400000000000000e+04
6.616639053776645144e-03, 3.521400000000000000e+04
6.641513636685579189e-03, 4.522300000000000000e+04
6.666388219594514102e-03, 5.245500000000000000e+04
6.691262802503449014e-03, 5.530700000000000000e+04
6.716137385412383927e-03, 5.408000000000000000e+04
6.741011968321318840e-03, 4.812400000000000000e+04
6.765886551230253752e-03, 3.906400000000000000e+04
6.790761134139187798e-03, 2.876400000000000000e+04
6.815635717048122710e-03, 1.922100000000000000e+04
6.840510299957057623e-03, 1.264800000000000000e+04
6.865384882865992536e-03, 1.006900000000000000e+04
6.890259465774927448e-03, 1.219700000000000000e+04
6.915134048683861494e-03, 1.874500000000000000e+04
6.940008631592796406e-03, 2.764200000000000000e+04
6.964883214501731319e-03, 3.770000000000000000e+04
6.989757797410666232e-03, 4.708100000000000000e+04
7.014632380319601145e-03, 5.366800000000000000e+04
7.039506963228536057e-03, 5.539900000000000000e+04
7.064381546137470103e-03, 5.284000000000000000e+04
7.089256129046405015e-03, 4.610600000000000000e+04
7.114130711955339928e-03, 3.636000000000000000e+04
7.139005294864274841e-03, 2.633900000000000000e+04
7.163879877773209753e-03, 1.743600000000000000e+04
7.188754460682143799e-03, 1.159700000000000000e+04
7.213629043591078711e-03, 1.068000000000000000e+04
7.238503626500013624e-03, 1.356900000000000000e+04
7.263378209408948537e-03, 2.114100000000000000e+04
7.288252792317883449e-03, 3.079900000000000000e+04
7.313127375226818362e-03, 4.064900000000000000e+04
7.338001958135752407e-03, 4.903000000000000000e+04
7.362876541044687320e-03, 5.451200000000000000e+04
7.387751123953622233e-03, 5.518600000000000000e+04
7.412625706862557146e-03, 5.121200000000000000e+04
7.437500289771492058e-03, 4.354200000000000000e+04
7.462374872680426104e-03, 3.374000000000000000e+04
7.487249455589361016e-03, 2.357100000000000000e+04
7.512124038498295929e-03, 1.525100000000000000e+04
7.536998621407230842e-03, 1.047700000000000000e+04
7.561873204316165754e-03, 1.068300000000000000e+04
7.586747787225100667e-03, 1.506000000000000000e+04
7.611622370134034712e-03, 2.340400000000000000e+04
7.636496953042969625e-03, 3.337600000000000000e+04
7.661371535951904538e-03, 4.310200000000000000e+04
7.686246118860839451e-03, 5.090000000000000000e+04
7.711120701769774363e-03, 5.497000000000000000e+04
7.735995284678708409e-03, 5.461900000000000000e+04
7.760869867587643321e-03, 4.946200000000000000e+04
7.785744450496578234e-03, 4.095600000000000000e+04
7.810619033405513147e-03, 3.070900000000000000e+04
7.835493616314448059e-03, 2.086700000000000000e+04
7.860368199223382105e-03, 1.358500000000000000e+04
7.885242782132317885e-03, 9.895000000000000000e+03
7.910117365041251930e-03, 1.154400000000000000e+04
7.934991947950185975e-03, 1.703400000000000000e+04
7.959866530859121755e-03, 2.592100000000000000e+04
7.984741113768055801e-03, 3.611900000000000000e+04
8.009615696676991581e-03, 4.583500000000000000e+04
8.034490279585925626e-03, 5.284900000000000000e+04
8.059364862494861406e-03, 5.541600000000000000e+04
8.084239445403795452e-03, 5.364900000000000000e+04
8.109114028312729497e-03, 4.761500000000000000e+04
8.133988611221665277e-03, 3.858300000000000000e+04
8.158863194130599322e-03, 2.827200000000000000e+04
8.183737777039535102e-03, 1.907900000000000000e+04
8.208612359948469148e-03, 1.245600000000000000e+04
8.233486942857403193e-03, 1.054300000000000000e+04
8.258361525766338973e-03, 1.270700000000000000e+04
8.283236108675273018e-03, 1.930300000000000000e+04
8.308110691584208798e-03, 2.863400000000000000e+04
8.332985274493142844e-03, 3.860100000000000000e+04
8.357859857402076889e-03, 4.777400000000000000e+04
8.382734440311012669e-03, 5.401700000000000000e+04
8.407609023219946714e-03, 5.540300000000000000e+04
8.432483606128882495e-03, 5.216000000000000000e+04
8.457358189037816540e-03, 4.522900000000000000e+04
8.482232771946750585e-03, 3.541700000000000000e+04
8.507107354855686365e-03, 2.530000000000000000e+04
8.531981937764620411e-03, 1.679900000000000000e+04
8.556856520673556191e-03, 1.125700000000000000e+04
8.581731103582490236e-03, 1.036100000000000000e+04
8.606605686491426016e-03, 1.379200000000000000e+04
8.631480269400360061e-03, 2.158300000000000000e+04
8.656354852309294107e-03, 3.125500000000000000e+04
8.681229435218229887e-03, 4.104200000000000000e+04
8.706104018127163932e-03, 4.936300000000000000e+04
8.730978601036099712e-03, 5.468700000000000000e+04
8.755853183945033757e-03, 5.496100000000000000e+04
8.780727766853967803e-03, 5.073900000000000000e+04
8.805602349762903583e-03, 4.293400000000000000e+04
8.830476932671837628e-03, 3.301500000000000000e+04
8.855351515580773408e-03, 2.289200000000000000e+04
8.880226098489707454e-03, 1.484000000000000000e+04
8.905100681398641499e-03, 1.044500000000000000e+04
8.929975264307577279e-03, 1.114500000000000000e+04
8.954849847216511324e-03, 1.578600000000000000e+04
8.979724430125447104e-03, 2.417000000000000000e+04
9.004599013034381150e-03, 3.418200000000000000e+04
9.029473595943315195e-03, 4.420300000000000000e+04
9.054348178852250975e-03, 5.147700000000000000e+04
9.079222761761185020e-03, 5.530700000000000000e+04
9.104097344670120801e-03, 5.451800000000000000e+04
9.128971927579054846e-03, 4.860000000000000000e+04
9.153846510487990626e-03, 4.031300000000000000e+04
9.178721093396924671e-03, 3.013600000000000000e+04
9.203595676305858717e-03, 2.023200000000000000e+04
9.228470259214794497e-03, 1.312400000000000000e+04
9.253344842123728542e-03, 9.912000000000000000e+03
9.278219425032664322e-03, 1.171100000000000000e+04
9.303094007941598367e-03, 1.759200000000000000e+04
9.327968590850532413e-03, 2.662200000000000000e+04
9.352843173759468193e-03, 3.663600000000000000e+04
9.377717756668402238e-03, 4.623600000000000000e+04
9.402592339577338018e-03, 5.305400000000000000e+04
9.427466922486272063e-03, 5.549800000000000000e+04
9.452341505395206109e-03, 5.310500000000000000e+04
9.477216088304141889e-03, 4.690200000000000000e+04
9.502090671213075934e-03, 3.775100000000000000e+04
9.526965254122011714e-03, 2.734100000000000000e+04
9.551839837030945760e-03, 1.822600000000000000e+04
9.576714419939879805e-03, 1.190800000000000000e+04
9.601589002848815585e-03, 1.014800000000000000e+04
9.626463585757749630e-03, 1.275500000000000000e+04
9.651338168666685410e-03, 2.006200000000000000e+04
9.676212751575619456e-03, 2.926600000000000000e+04
9.701087334484555236e-03, 3.939900000000000000e+04
9.725961917393489281e-03, 4.807500000000000000e+04
9.750836500302423326e-03, 5.406300000000000000e+04
9.775711083211359106e-03, 5.527900000000000000e+04
9.800585666120293152e-03, 5.216700000000000000e+04
9.825460249029228932e-03, 4.451200000000000000e+04
9.850334831938162977e-03, 3.462400000000000000e+04
9.875209414847097023e-03, 2.473100000000000000e+04
9.900083997756032803e-03, 1.627300000000000000e+04
9.924958580664966848e-03, 1.100800000000000000e+04
9.949833163573902628e-03, 1.040800000000000000e+04
9.974707746482836673e-03, 1.406700000000000000e+04
9.999582329391770719e-03, 2.213300000000000000e+04
1.002445691230070650e-02, 3.220000000000000000e+04
1.004933149520964054e-02, 4.225300000000000000e+04
1.007420607811857632e-02, 5.021400000000000000e+04
1.009908066102751037e-02, 5.481700000000000000e+04
1.012395524393644441e-02, 5.486700000000000000e+04
1.014882982684538019e-02, 5.021400000000000000e+04
1.017370440975431424e-02, 4.198900000000000000e+04
1.019857899266325002e-02, 3.204400000000000000e+04
1.022345357557218407e-02, 2.204900000000000000e+04
1.024832815848111985e-02, 1.450000000000000000e+04
1.027320274139005389e-02, 1.030800000000000000e+04
1.029807732429898794e-02, 1.109500000000000000e+04
1.032295190720792372e-02, 1.606300000000000000e+04
1.034782649011685776e-02, 2.434100000000000000e+04
1.037270107302579354e-02, 3.452300000000000000e+04
1.039757565593472759e-02, 4.455700000000000000e+04
1.042245023884366163e-02, 5.195200000000000000e+04
1.044732482175259741e-02, 5.525900000000000000e+04
1.047219940466153146e-02, 5.431100000000000000e+04
1.049707398757046724e-02, 4.852800000000000000e+04
1.052194857047940128e-02, 3.984700000000000000e+04
1.054682315338833533e-02, 2.929700000000000000e+04
1.057169773629727111e-02, 1.963400000000000000e+04
1.059657231920620515e-02, 1.290800000000000000e+04
1.062144690211514093e-02, 9.866000000000000000e+03
1.064632148502407498e-02, 1.207900000000000000e+04
1.067119606793300902e-02, 1.843400000000000000e+04
1.069607065084194480e-02, 2.722200000000000000e+04
1.072094523375087885e-02, 3.733200000000000000e+04
1.074581981665981463e-02, 4.670300000000000000e+04
1.077069439956874868e-02, 5.332600000000000000e+04
1.079556898247768446e-02, 5.543500000000000000e+04
1.082044356538661850e-02, 5.316100000000000000e+04
1.084531814829555255e-02, 4.655500000000000000e+04
1.087019273120448833e-02, 3.688800000000000000e+04
1.089506731411342237e-02, 2.677900000000000000e+04
1.091994189702235815e-02, 1.757000000000000000e+04
1.094481647993129220e-02, 1.156900000000000000e+04
1.096969106284022624e-02, 1.015200000000000000e+04
1.099456564574916202e-02, 1.304100000000000000e+04
1.101944022865809607e-02, 2.041700000000000000e+04
1.104431481156703185e-02, 2.996200000000000000e+04
1.106918939447596589e-02, 4.006400000000000000e+04
1.109406397738489994e-02, 4.846800000000000000e+04
1.111893856029383572e-02, 5.428000000000000000e+04
1.114381314320276976e-02, 5.518800000000000000e+04
1.116868772611170554e-02, 5.161800000000000000e+04
1.119356230902063959e-02, 4.385400000000000000e+04
1.121843689192957363e-02, 3.401300000000000000e+04
1.124331147483850941e-02, 2.393100000000000000e+04
1.126818605774744346e-02, 1.573600000000000000e+04
1.129306064065637924e-02, 1.069000000000000000e+04
1.131793522356531329e-02, 1.056200000000000000e+04
1.134280980647424907e-02, 1.457700000000000000e+04
1.136768438938318311e-02, 2.270400000000000000e+04
1.139255897229211716e-02, 3.254700000000000000e+04
1.141743355520105294e-02, 4.269400000000000000e+04
1.144230813810998698e-02, 5.078100000000000000e+04
1.146718272101892276e-02, 5.486400000000000000e+04
1.149205730392785681e-02, 5.485000000000000000e+04
1.151693188683679085e-02, 5.005700000000000000e+04
1.154180646974572663e-02, 4.168500000000000000e+04
1.156668105265466068e-02, 3.133900000000000000e+04
1.159155563556359646e-02, 2.133300000000000000e+04
1.161643021847253050e-02, 1.409900000000000000e+04
1.164130480138146455e-02, 1.006000000000000000e+04
1.166617938429040033e-02, 1.132600000000000000e+04
1.169105396719933437e-02, 1.656000000000000000e+04
1.171592855010827015e-02, 2.514600000000000000e+04
1.174080313301720420e-02, 3.521000000000000000e+04
1.176567771592613824e-02, 4.522800000000000000e+04
1.179055229883507402e-02, 5.246100000000000000e+04
1.181542688174400807e-02, 5.530900000000000000e+04
1.184030146465294385e-02, 5.408100000000000000e+04
1.186517604756187790e-02, 4.812400000000000000e+04
1.189005063047081368e-02, 3.906000000000000000e+04
1.191492521337974772e-02, 2.875700000000000000e+04
1.193979979628868177e-02, 1.921800000000000000e+04
1.196467437919761755e-02, 1.264700000000000000e+04
1.198954896210655159e-02, 1.006900000000000000e+04
1.201442354501548737e-02, 1.219800000000000000e+04
1.203929812792442142e-02, 1.873700000000000000e+04
1.206417271083335546e-02, 2.772700000000000000e+04
1.208904729374229124e-02, 3.768300000000000000e+04
1.211392187665122529e-02, 4.706900000000000000e+04
1.213879645956016107e-02, 5.366400000000000000e+04
1.216367104246909511e-02, 5.539800000000000000e+04
1.218854562537802916e-02, 5.284000000000000000e+04
1.221342020828696494e-02, 4.611200000000000000e+04
1.223829479119589898e-02, 3.636600000000000000e+04
1.226316937410483476e-02, 2.603200000000000000e+04
1.228804395701376881e-02, 1.716600000000000000e+04
1.231291853992270285e-02, 1.149800000000000000e+04
1.233779312283163863e-02, 1.027600000000000000e+04
1.236266770574057268e-02, 1.337900000000000000e+04
1.238754228864950846e-02, 2.090700000000000000e+04
1.241241687155844250e-02, 3.047200000000000000e+04
1.243729145446737828e-02, 4.052400000000000000e+04
1.246216603737631233e-02, 4.899200000000000000e+04
1.248704062028524638e-02, 5.450100000000000000e+04
1.251191520319418216e-02, 5.513700000000000000e+04
1.253678978610311620e-02, 5.121900000000000000e+04
1.256166436901205198e-02, 4.354800000000000000e+04
1.258653895192098603e-02, 3.371900000000000000e+04
1.261141353482992007e-02, 2.358900000000000000e+04
1.263628811773885585e-02, 1.526000000000000000e+04
1.266116270064778990e-02, 1.048000000000000000e+04
1.268603728355672568e-02, 1.068400000000000000e+04
1.271091186646565972e-02, 1.508600000000000000e+04
1.273578644937459377e-02, 2.339500000000000000e+04
1.276066103228352955e-02, 3.337100000000000000e+04
1.278553561519246359e-02, 4.347800000000000000e+04
1.281041019810139937e-02, 5.108700000000000000e+04
1.283528478101033342e-02, 5.503200000000000000e+04
1.286015936391926746e-02, 5.463700000000000000e+04
1.288503394682820324e-02, 4.946600000000000000e+04
1.290990852973713729e-02, 4.096100000000000000e+04
1.293478311264607307e-02, 3.070100000000000000e+04
1.295965769555500711e-02, 2.086400000000000000e+04
1.298453227846394289e-02, 1.358400000000000000e+04
1.300940686137287694e-02, 9.895000000000000000e+03
1.303428144428181099e-02, 1.155600000000000000e+04
1.305915602719074677e-02, 1.702600000000000000e+04
1.308403061009968081e-02, 2.591700000000000000e+04
1.310890519300861659e-02, 3.574700000000000000e+04
1.313377977591755064e-02, 4.565900000000000000e+04
1.315865435882648468e-02, 5.279300000000000000e+04
1.318352894173542046e-02, 5.540000000000000000e+04
1.320840352464435451e-02, 5.364500000000000000e+04
1.323327810755329029e-02, 4.723600000000000000e+04
1.325815269046222433e-02, 3.838100000000000000e+04
1.328302727337115838e-02, 2.805500000000000000e+04
1.330790185628009416e-02, 1.874500000000000000e+04
1.333277643918902820e-02, 1.232700000000000000e+04
1.335765102209796398e-02, 1.012900000000000000e+04
1.338252560500689803e-02, 1.247500000000000000e+04
1.340740018791583207e-02, 1.922500000000000000e+04
1.343227477082476785e-02, 2.826200000000000000e+04
1.345714935373370190e-02, 3.844500000000000000e+04
1.348202393664263768e-02, 4.772500000000000000e+04
1.350689851955157172e-02, 5.400300000000000000e+04
1.353177310246050750e-02, 5.539900000000000000e+04
1.355664768536944155e-02, 5.253000000000000000e+04
1.358152226827837560e-02, 4.540200000000000000e+04
1.360639685118731138e-02, 3.551100000000000000e+04
1.363127143409624542e-02, 2.530700000000000000e+04
1.365614601700518120e-02, 1.679800000000000000e+04
1.368102059991411525e-02, 1.125600000000000000e+04
1.370589518282304929e-02, 1.036100000000000000e+04
1.373076976573198507e-02, 1.384500000000000000e+04
1.375564434864091912e-02, 2.157500000000000000e+04
1.378051893154985490e-02, 3.124900000000000000e+04
1.380539351445878894e-02, 4.141200000000000000e+04
1.383026809736772299e-02, 4.959100000000000000e+04
1.385514268027665877e-02, 5.476500000000000000e+04
1.388001726318559281e-02, 5.498300000000000000e+04
1.390489184609452859e-02, 5.074500000000000000e+04
1.392976642900346264e-02, 4.261700000000000000e+04
1.395464101191239668e-02, 3.274900000000000000e+04
1.397951559482133246e-02, 2.279600000000000000e+04
1.400439017773026651e-02, 1.519000000000000000e+04
1.402926476063920229e-02, 1.063100000000000000e+04
1.405413934354813633e-02, 1.097800000000000000e+04
1.407901392645707211e-02, 1.550700000000000000e+04
1.410388850936600616e-02, 2.406200000000000000e+04
1.412876309227494021e-02, 3.414600000000000000e+04
1.415363767518387599e-02, 4.420200000000000000e+04
1.417851225809281003e-02, 5.147800000000000000e+04
1.420338684100174581e-02, 5.530800000000000000e+04
1.422826142391067986e-02, 5.451800000000000000e+04
1.425313600681961390e-02, 4.861100000000000000e+04
1.427801058972854968e-02, 4.030500000000000000e+04
1.430288517263748373e-02, 3.013200000000000000e+04
1.432775975554641951e-02, 2.023000000000000000e+04
1.435263433845535355e-02, 1.312300000000000000e+04
1.437750892136428760e-02, 9.912000000000000000e+03
1.440238350427322338e-02, 1.171100000000000000e+04
1.442725808718215742e-02, 1.759200000000000000e+04
1.445213267009109320e-02, 2.662600000000000000e+04
1.447700725300002725e-02, 3.665100000000000000e+04
1.450188183590896129e-02, 4.612700000000000000e+04
1.452675641881789707e-02, 5.273500000000000000e+04
1.455163100172683112e-02, 5.537100000000000000e+04
1.457650558463576690e-02, 5.344400000000000000e+04
1.460138016754470094e-02, 4.710300000000000000e+04
1.462625475045363672e-02, 3.782000000000000000e+04
1.465112933336257077e-02, 2.735300000000000000e+04
1.467600391627150481e-02, 1.822500000000000000e+04
1.470087849918044060e-02, 1.190700000000000000e+04
1.472575308208937464e-02, 1.014800000000000000e+04
1.475062766499831042e-02, 1.275500000000000000e+04
1.477550224790724447e-02, 1.969900000000000000e+04
1.480037683081617851e-02, 2.910100000000000000e+04
1.482525141372511429e-02, 3.911700000000000000e+04
1.485012599663404834e-02, 4.776300000000000000e+04
1.487500057954298412e-02, 5.394600000000000000e+04
1.489987516245191816e-02, 5.524400000000000000e+04
1.492474974536085221e-02, 5.215800000000000000e+04
1.494962432826978799e-02, 4.458400000000000000e+04
1.497449891117872203e-02, 3.495000000000000000e+04
1.499937349408765781e-02, 2.486300000000000000e+04
1.502424807699659186e-02, 1.668000000000000000e+04
1.504912265990552590e-02, 1.125300000000000000e+04
1.507399724281446168e-02, 1.049200000000000000e+04
1.509887182572339573e-02, 1.409100000000000000e+04
1.512374640863233151e-02, 2.214000000000000000e+04
1.514862099154126555e-02, 3.218600000000000000e+04
1.517349557445020133e-02, 4.226200000000000000e+04
1.519837015735913538e-02, 5.021900000000000000e+04
1.522324474026806942e-02, 5.481900000000000000e+04
1.524811932317700520e-02, 5.486800000000000000e+04
1.527299390608593925e-02, 5.044600000000000000e+04
1.529786848899487503e-02, 4.228300000000000000e+04
1.532274307190380908e-02, 3.215600000000000000e+04
1.534761765481274312e-02, 2.246100000000000000e+04
1.537249223772167890e-02, 1.472000000000000000e+04
1.539736682063061295e-02, 1.038100000000000000e+04
1.542224140353954873e-02, 1.111600000000000000e+04
1.544711598644848277e-02, 1.606800000000000000e+04
1.547199056935741682e-02, 2.470200000000000000e+04
1.549686515226635260e-02, 3.476400000000000000e+04
1.552173973517528664e-02, 4.464200000000000000e+04
1.554661431808422242e-02, 5.161900000000000000e+04
1.557148890099315647e-02, 5.510700000000000000e+04
1.559636348390209051e-02, 5.426300000000000000e+04
1.562123806681102629e-02, 4.851500000000000000e+04
1.564611264971996207e-02, 3.984300000000000000e+04
1.567098723262889612e-02, 2.929200000000000000e+04
1.569586181553783016e-02, 1.962700000000000000e+04
1.572073639844676421e-02, 1.290500000000000000e+04
1.574561098135569825e-02, 9.865000000000000000e+03
1.577048556426463577e-02, 1.207900000000000000e+04
1.579536014717356981e-02, 1.843200000000000000e+04
1.582023473008250386e-02, 2.723800000000000000e+04
1.584510931299143791e-02, 3.733800000000000000e+04
1.586998389590037195e-02, 4.636700000000000000e+04
1.589485847880930947e-02, 5.318600000000000000e+04
1.591973306171824351e-02, 5.539200000000000000e+04
1.594460764462717756e-02, 5.314900000000000000e+04
1.596948222753611160e-02, 4.655200000000000000e+04
1.599435681044504912e-02, 3.725000000000000000e+04
1.601923139335398316e-02, 2.694200000000000000e+04
1.604410597626291721e-02, 1.764800000000000000e+04
1.606898055917185125e-02, 1.157400000000000000e+04
1.609385514208078530e-02, 1.015100000000000000e+04
1.611872972498972281e-02, 1.342000000000000000e+04
1.614360430789865686e-02, 2.061200000000000000e+04
1.616847889080759090e-02, 2.998900000000000000e+04
1.619335347371652495e-02, 4.009200000000000000e+04
1.621822805662545899e-02, 4.847800000000000000e+04
1.624310263953439651e-02, 5.428300000000000000e+04
1.626797722244333055e-02, 5.518900000000000000e+04
1.629285180535226460e-02, 5.168000000000000000e+04
1.631772638826119864e-02, 4.419000000000000000e+04
1.634260097117013269e-02, 3.415300000000000000e+04
1.636747555407907020e-02, 2.431800000000000000e+04
1.639235013698800425e-02, 1.600100000000000000e+04
1.641722471989693830e-02, 1.078300000000000000e+04
1.644209930280587234e-02, 1.059000000000000000e+04
1.646697388571480639e-02, 1.458400000000000000e+04
1.649184846862374390e-02, 2.298000000000000000e+04
1.651672305153267795e-02, 3.283100000000000000e+04
1.654159763444161199e-02, 4.280000000000000000e+04
1.656647221735054604e-02, 5.081300000000000000e+04
1.659134680025948008e-02, 5.488000000000000000e+04
1.661622138316841760e-02, 5.485600000000000000e+04
1.664109596607735164e-02, 5.005800000000000000e+04
1.666597054898628569e-02, 4.168600000000000000e+04
1.669084513189521973e-02, 3.134200000000000000e+04
1.671571971480415378e-02, 2.132500000000000000e+04
1.674059429771309129e-02, 1.409600000000000000e+04
1.676546888062202534e-02, 1.005900000000000000e+04
1.679034346353095938e-02, 1.132600000000000000e+04
1.681521804643989343e-02, 1.657800000000000000e+04
1.684009262934882747e-02, 2.513700000000000000e+04
1.686496721225776499e-02, 3.520500000000000000e+04
1.688984179516669903e-02, 4.523100000000000000e+04
1.691471637807563308e-02, 5.246800000000000000e+04
1.693959096098456713e-02, 5.531200000000000000e+04
1.696446554389350117e-02, 5.408200000000000000e+04
1.698934012680243869e-02, 4.812400000000000000e+04
1.701421470971137273e-02, 3.944000000000000000e+04
1.703908929262030678e-02, 2.895600000000000000e+04
1.706396387552924082e-02, 1.933800000000000000e+04
1.708883845843817834e-02, 1.265700000000000000e+04
1.711371304134711238e-02, 1.006800000000000000e+04
1.713858762425604643e-02, 1.256200000000000000e+04
1.716346220716498047e-02, 1.897200000000000000e+04
1.718833679007391452e-02, 2.780900000000000000e+04
1.721321137298285203e-02, 3.805500000000000000e+04
1.723808595589178608e-02, 4.722400000000000000e+04
1.726296053880072012e-02, 5.371200000000000000e+04
1.728783512170965417e-02, 5.541100000000000000e+04
1.731270970461858821e-02, 5.284400000000000000e+04
1.733758428752752573e-02, 4.611700000000000000e+04
1.736245887043645977e-02, 3.637400000000000000e+04
1.738733345334539382e-02, 2.607200000000000000e+04
1.741220803625432786e-02, 1.715800000000000000e+04
1.743708261916326191e-02, 1.149300000000000000e+04
1.746195720207219942e-02, 1.027400000000000000e+04
1.748683178498113347e-02, 1.337800000000000000e+04
1.751170636789006751e-02, 2.098200000000000000e+04
1.753658095079900156e-02, 3.079800000000000000e+04
1.756145553370793561e-02, 4.065600000000000000e+04
1.758633011661687312e-02, 4.902400000000000000e+04
1.761120469952580717e-02, 5.452100000000000000e+04
1.763607928243474121e-02, 5.514400000000000000e+04
1.766095386534367526e-02, 5.085600000000000000e+04
1.768582844825260930e-02, 4.338200000000000000e+04
1.771070303116154682e-02, 3.362300000000000000e+04
1.773557761407048086e-02, 2.359200000000000000e+04
1.776045219697941491e-02, 1.526500000000000000e+04
1.778532677988834895e-02, 1.086000000000000000e+04
1.781020136279728300e-02, 1.087600000000000000e+04
1.783507594570622051e-02, 1.519000000000000000e+04
1.785995052861515456e-02, 2.340400000000000000e+04
1.788482511152408860e-02, 3.337000000000000000e+04
1.790969969443302265e-02, 4.347400000000000000e+04
1.793457427734195669e-02, 5.109500000000000000e+04
1.795944886025089421e-02, 5.503500000000000000e+04
1.798432344315982825e-02, 5.463800000000000000e+04
1.800919802606876230e-02, 4.946700000000000000e+04
1.803407260897769634e-02, 4.098500000000000000e+04
1.805894719188663039e-02, 3.068400000000000000e+04
1.808382177479556790e-02, 2.085600000000000000e+04
1.810869635770450195e-02, 1.357500000000000000e+04
1.813357094061343600e-02, 9.887000000000000000e+03
1.815844552352237004e-02, 1.157900000000000000e+04
1.818332010643130756e-02, 1.701600000000000000e+04
1.820819468934024160e-02, 2.591200000000000000e+04
1.823306927224917565e-02, 3.574000000000000000e+04
1.825794385515810969e-02, 4.564400000000000000e+04
1.828281843806704374e-02, 5.278700000000000000e+04
1.830769302097598125e-02, 5.539800000000000000e+04
1.833256760388491530e-02, 5.364400000000000000e+04
1.835744218679384934e-02, 4.761300000000000000e+04
1.838231676970278339e-02, 3.859900000000000000e+04
1.840719135261171743e-02, 2.812900000000000000e+04
1.843206593552065495e-02, 1.875900000000000000e+04
1.845694051842958899e-02, 1.232700000000000000e+04
1.848181510133852304e-02, 1.012800000000000000e+04
1.850668968424745708e-02, 1.247500000000000000e+04
1.853156426715639113e-02, 1.922500000000000000e+04
1.855643885006532864e-02, 2.825200000000000000e+04
1.858131343297426269e-02, 3.843100000000000000e+04
1.860618801588319673e-02, 4.769400000000000000e+04
1.863106259879213078e-02, 5.401000000000000000e+04
1.865593718170106483e-02, 5.540400000000000000e+04
1.868081176461000234e-02, 5.215100000000000000e+04
1.870568634751893639e-02, 4.519900000000000000e+04
1.873056093042787043e-02, 3.553200000000000000e+04
1.875543551333680448e-02, 2.561200000000000000e+04
1.878031009624573852e-02, 1.692300000000000000e+04
1.880518467915467604e-02, 1.130300000000000000e+04
1.883005926206361008e-02, 1.036400000000000000e+04
1.885493384497254413e-02, 1.384400000000000000e+04
1.887980842788147817e-02, 2.192500000000000000e+04
1.890468301079041222e-02, 3.140100000000000000e+04
1.892955759369934973e-02, 4.144400000000000000e+04
1.895443217660828378e-02, 4.961200000000000000e+04
1.897930675951721782e-02, 5.477300000000000000e+04
1.900418134242615187e-02, 5.461000000000000000e+04
1.902905592533508591e-02, 5.056300000000000000e+04
1.905393050824402343e-02, 4.262000000000000000e+04
1.907880509115295747e-02, 3.271500000000000000e+04
1.910367967406189152e-02, 2.278100000000000000e+04
1.912855425697082556e-02, 1.480600000000000000e+04
1.915342883987975961e-02, 1.042800000000000000e+04
1.917830342278869712e-02, 1.096600000000000000e+04
1.920317800569763117e-02, 1.547900000000000000e+04
1.922805258860656522e-02, 2.405100000000000000e+04
1.925292717151549926e-02, 3.413300000000000000e+04
1.927780175442443678e-02, 4.421000000000000000e+04
1.930267633733337082e-02, 5.148200000000000000e+04
1.932755092024230487e-02, 5.494700000000000000e+04
1.935242550315123891e-02, 5.435500000000000000e+04
1.937730008606017296e-02, 4.889100000000000000e+04
1.940217466896911047e-02, 4.055000000000000000e+04
1.942704925187804452e-02, 3.022100000000000000e+04
1.945192383478697856e-02, 2.025300000000000000e+04
1.947679841769591261e-02, 1.312300000000000000e+04
1.950167300060484665e-02, 9.911000000000000000e+03
1.952654758351378417e-02, 1.171100000000000000e+04
1.955142216642271821e-02, 1.759200000000000000e+04
1.957629674933165226e-02, 2.624800000000000000e+04
1.960117133224058630e-02, 3.643600000000000000e+04
1.962604591514952035e-02, 4.611500000000000000e+04
1.965092049805845786e-02, 5.304300000000000000e+04
1.967579508096739191e-02, 5.549900000000000000e+04
1.970066966387632595e-02, 5.347200000000000000e+04
1.972554424678526000e-02, 4.712200000000000000e+04
1.975041882969419405e-02, 3.782700000000000000e+04
1.977529341260313156e-02, 2.734900000000000000e+04
1.980016799551206561e-02, 1.821900000000000000e+04
1.982504257842099965e-02, 1.192900000000000000e+04
1.984991716132993370e-02, 1.013800000000000000e+04
1.987479174423886774e-02, 1.275000000000000000e+04
1.989966632714780526e-02, 2.007200000000000000e+04
1.992454091005673930e-02, 2.928700000000000000e+04
1.994941549296567335e-02, 3.937100000000000000e+04
1.997429007587460739e-02, 4.808600000000000000e+04
1.999916465878354144e-02, 5.406900000000000000e+04
2.002403924169247895e-02, 5.490600000000000000e+04
2.004891382460141300e-02, 5.194600000000000000e+04
2.007378840751034704e-02, 4.451100000000000000e+04
2.009866299041928109e-02, 3.458700000000000000e+04
2.012353757332821513e-02, 2.471400000000000000e+04
2.014841215623715265e-02, 1.627600000000000000e+04
2.017328673914608669e-02, 1.099800000000000000e+04
2.019816132205502074e-02, 1.040400000000000000e+04
2.022303590496395478e-02, 1.406000000000000000e+04
2.024791048787288883e-02, 2.212600000000000000e+04
2.027278507078182634e-02, 3.215400000000000000e+04
2.029765965369076039e-02, 4.227000000000000000e+04
2.032253423659969443e-02, 5.022300000000000000e+04
2.034740881950862848e-02, 5.444100000000000000e+04
2.037228340241756600e-02, 5.466900000000000000e+04
2.039715798532650004e-02, 5.038000000000000000e+04
2.042203256823543409e-02, 4.226400000000000000e+04
2.044690715114436813e-02, 3.215100000000000000e+04
2.047178173405330218e-02, 2.208400000000000000e+04
2.049665631696223969e-02, 1.450100000000000000e+04
2.052153089987117374e-02, 1.030600000000000000e+04
2.054640548278010778e-02, 1.144900000000000000e+04
2.057128006568904183e-02, 1.621700000000000000e+04
2.059615464859797587e-02, 2.441400000000000000e+04
2.062102923150691339e-02, 3.452000000000000000e+04
2.064590381441584743e-02, 4.455300000000000000e+04
2.067077839732478148e-02, 5.195600000000000000e+04
2.069565298023371552e-02, 5.526500000000000000e+04
2.072052756314264957e-02, 5.428200000000000000e+04
2.074540214605158708e-02, 4.853800000000000000e+04
2.077027672896052113e-02, 3.985200000000000000e+04
2.079515131186945517e-02, 2.929400000000000000e+04
2.082002589477838922e-02, 1.962000000000000000e+04
2.084490047768732326e-02, 1.295300000000000000e+04
2.086977506059626078e-02, 9.856000000000000000e+03
2.089464964350519482e-02, 1.207300000000000000e+04
2.091952422641412887e-02, 1.842300000000000000e+04
2.094439880932306292e-02, 2.724600000000000000e+04
2.096927339223199696e-02, 3.734200000000000000e+04
2.099414797514093448e-02, 4.671400000000000000e+04
2.101902255804986852e-02, 5.333300000000000000e+04
2.104389714095880257e-02, 5.541800000000000000e+04
2.106877172386773661e-02, 5.317100000000000000e+04
2.109364630677667066e-02, 4.656000000000000000e+04
2.111852088968560817e-02, 3.725600000000000000e+04
2.114339547259454222e-02, 2.695000000000000000e+04
2.116827005550347626e-02, 1.765100000000000000e+04
2.119314463841241031e-02, 1.157500000000000000e+04
2.121801922132134435e-02, 1.015200000000000000e+04
2.124289380423028187e-02, 1.304000000000000000e+04
2.126776838713921591e-02, 2.040900000000000000e+04
2.129264297004814996e-02, 2.986400000000000000e+04
2.131751755295708400e-02, 4.008000000000000000e+04
2.134239213586601805e-02, 4.847800000000000000e+04
2.136726671877495556e-02, 5.427300000000000000e+04
2.139214130168388961e-02, 5.519800000000000000e+04
2.141701588459282365e-02, 5.168400000000000000e+04
2.144189046750175770e-02, 4.382800000000000000e+04
2.146676505041069521e-02, 3.398800000000000000e+04
2.149163963331962926e-02, 2.393700000000000000e+04
2.151651421622856331e-02, 1.572500000000000000e+04
2.154138879913749735e-02, 1.068500000000000000e+04
2.156626338204643140e-02, 1.093900000000000000e+04
2.159113796495536891e-02, 1.476700000000000000e+04
2.161601254786430296e-02, 2.282900000000000000e+04
2.164088713077323700e-02, 3.254700000000000000e+04
2.166576171368217105e-02, 4.268800000000000000e+04
2.169063629659110509e-02, 5.077900000000000000e+04
2.171551087950004261e-02, 5.487100000000000000e+04
2.174038546240897665e-02, 5.480700000000000000e+04
2.176526004531791070e-02, 5.006600000000000000e+04
2.179013462822684474e-02, 4.169200000000000000e+04
2.181500921113577879e-02, 3.135400000000000000e+04
2.183988379404471630e-02, 2.131700000000000000e+04
2.186475837695365035e-02, 1.409200000000000000e+04
2.188963295986258439e-02, 1.005200000000000000e+04
2.191450754277151844e-02, 1.131900000000000000e+04
2.193938212568045248e-02, 1.660100000000000000e+04
2.196425670858939000e-02, 2.512700000000000000e+04
2.198913129149832404e-02, 3.520000000000000000e+04
2.201400587440725809e-02, 4.523000000000000000e+04
2.203888045731619214e-02, 5.246700000000000000e+04
2.206375504022512618e-02, 5.526800000000000000e+04
2.208862962313406370e-02, 5.409000000000000000e+04
2.211350420604299774e-02, 4.813000000000000000e+04
2.213837878895193179e-02, 3.907000000000000000e+04
2.216325337186086583e-02, 2.873300000000000000e+04
2.218812795476979988e-02, 1.926100000000000000e+04
2.221300253767873739e-02, 1.263500000000000000e+04
2.223787712058767144e-02, 1.006200000000000000e+04
2.226275170349660548e-02, 1.220500000000000000e+04
2.228762628640553953e-02, 1.872700000000000000e+04
2.231250086931447357e-02, 2.772300000000000000e+04
2.233737545222341109e-02, 3.803500000000000000e+04
2.236225003513234513e-02, 4.722400000000000000e+04
2.238712461804127918e-02, 5.368400000000000000e+04
2.241199920095021322e-02, 5.542000000000000000e+04
2.243687378385914727e-02, 5.284800000000000000e+04
2.246174836676808478e-02, 4.573900000000000000e+04
2.248662294967701883e-02, 3.617300000000000000e+04
2.251149753258595287e-02, 2.600500000000000000e+04
2.253637211549488692e-02, 1.713900000000000000e+04
2.256124669840382443e-02, 1.148800000000000000e+04
2.258612128131275848e-02, 1.064300000000000000e+04
2.261099586422169253e-02, 1.360800000000000000e+04
2.263587044713062657e-02, 2.106100000000000000e+04
2.266074503003956062e-02, 3.047900000000000000e+04
2.268561961294849813e-02, 4.051800000000000000e+04
2.271049419585743218e-02, 4.898100000000000000e+04
2.273536877876636622e-02, 5.450900000000000000e+04
2.276024336167530027e-02, 5.514000000000000000e+04
2.278511794458423431e-02, 5.122500000000000000e+04
2.280999252749317183e-02, 4.355500000000000000e+04
2.283486711040210587e-02, 3.342600000000000000e+04
2.285974169331103992e-02, 2.331700000000000000e+04
2.288461627621997396e-02, 1.516000000000000000e+04
2.290949085912890801e-02, 1.044900000000000000e+04
2.293436544203784552e-02, 1.066800000000000000e+04
2.295924002494677957e-02, 1.517500000000000000e+04
2.298411460785571361e-02, 2.337700000000000000e+04
2.300898919076464766e-02, 3.335900000000000000e+04
2.303386377367358170e-02, 4.347100000000000000e+04
2.305873835658251922e-02, 5.109400000000000000e+04
2.308361293949145326e-02, 5.503500000000000000e+04
2.310848752240038731e-02, 5.464400000000000000e+04
2.313336210530932135e-02, 4.947300000000000000e+04
2.315823668821825540e-02, 4.100800000000000000e+04
2.318311127112719291e-02, 3.067600000000000000e+04
2.320798585403612696e-02, 2.085100000000000000e+04
2.323286043694506101e-02, 1.357400000000000000e+04
2.325773501985399505e-02, 9.887000000000000000e+03
2.328260960276292910e-02, 1.157900000000000000e+04
2.330748418567186661e-02, 1.701600000000000000e+04
2.333235876858080066e-02, 2.591200000000000000e+04
2.335723335148973470e-02, 3.612000000000000000e+04
2.338210793439866875e-02, 4.584900000000000000e+04
2.340698251730760279e-02, 5.279600000000000000e+04
2.343185710021654031e-02, 5.542600000000000000e+04
2.345673168312547435e-02, 5.365500000000000000e+04
2.348160626603440840e-02, 4.760500000000000000e+04
2.350648084894334244e-02, 3.860800000000000000e+04
2.353135543185227649e-02, 2.813300000000000000e+04
2.355623001476121400e-02, 1.876100000000000000e+04
2.358110459767014805e-02, 1.232700000000000000e+04
2.360597918057908209e-02, 1.015200000000000000e+04
2.363085376348801614e-02, 1.246600000000000000e+04
2.365572834639695365e-02, 1.922000000000000000e+04
2.368060292930588770e-02, 2.862900000000000000e+04
2.370547751221482174e-02, 3.862200000000000000e+04
2.373035209512375579e-02, 4.775700000000000000e+04
2.375522667803268984e-02, 5.402800000000000000e+04
2.378010126094162735e-02, 5.540800000000000000e+04
2.380497584385056140e-02, 5.253100000000000000e+04
2.382985042675949544e-02, 4.541100000000000000e+04
2.385472500966842949e-02, 3.557200000000000000e+04
2.387959959257736353e-02, 2.530000000000000000e+04
2.390447417548630105e-02, 1.679200000000000000e+04
2.392934875839523509e-02, 1.126200000000000000e+04
2.395422334130416914e-02, 1.035200000000000000e+04
2.397909792421310318e-02, 1.384100000000000000e+04
2.400397250712203723e-02, 2.156000000000000000e+04
2.402884709003097474e-02, 3.123600000000000000e+04
2.405372167293990879e-02, 4.139200000000000000e+04
2.407859625584884283e-02, 4.959800000000000000e+04
2.410347083875777688e-02, 5.476900000000000000e+04
2.412834542166671092e-02, 5.498700000000000000e+04
2.415322000457564844e-02, 5.075300000000000000e+04
2.417809458748458248e-02, 4.272800000000000000e+04
2.420296917039351653e-02, 3.272400000000000000e+04
2.422784375330245057e-02, 2.278100000000000000e+04
2.425271833621138462e-02, 1.480500000000000000e+04
2.427759291912032213e-02, 1.042800000000000000e+04
2.430246750202925618e-02, 1.096600000000000000e+04
2.432734208493819023e-02, 1.583200000000000000e+04
2.435221666784712427e-02, 2.420400000000000000e+04
2.437709125075605832e-02, 3.385800000000000000e+04
2.440196583366499583e-02, 4.395900000000000000e+04
2.442684041657392988e-02, 5.139000000000000000e+04
2.445171499948286392e-02, 5.528700000000000000e+04
2.447658958239179797e-02, 5.451800000000000000e+04
2.450146416530073201e-02, 4.891400000000000000e+04
2.452633874820966953e-02, 4.057400000000000000e+04
2.455121333111860357e-02, 3.023000000000000000e+04
2.457608791402753762e-02, 2.025500000000000000e+04
2.460096249693647166e-02, 1.312400000000000000e+04
2.462583707984540571e-02, 9.962000000000000000e+03
2.465071166275434322e-02, 1.170200000000000000e+04
2.467558624566327727e-02, 1.758700000000000000e+04
2.470046082857221131e-02, 2.661400000000000000e+04
2.472533541148114536e-02, 3.666700000000000000e+04
2.475020999439008287e-02, 4.619500000000000000e+04
2.477508457729901692e-02, 5.306600000000000000e+04
2.479995916020795096e-02, 5.550500000000000000e+04
2.482483374311688501e-02, 5.347400000000000000e+04
2.484970832602581906e-02, 4.712300000000000000e+04
2.487458290893475657e-02, 3.782700000000000000e+04
2.489945749184369062e-02, 2.772500000000000000e+04
2.492433207475262466e-02, 1.840100000000000000e+04
2.494920665766155871e-02, 1.198900000000000000e+04
2.497408124057049275e-02, 1.015500000000000000e+04
2.499895582347943027e-02, 1.275500000000000000e+04
2.502383040638836431e-02, 2.007100000000000000e+04
2.504870498929729836e-02, 2.930300000000000000e+04
2.507357957220623240e-02, 3.937700000000000000e+04
2.509845415511516645e-02, 4.775000000000000000e+04
2.512332873802410396e-02, 5.392900000000000000e+04
2.514820332093303801e-02, 5.523200000000000000e+04
2.517307790384197205e-02, 5.216400000000000000e+04
2.519795248675090610e-02, 4.458700000000000000e+04
2.522282706965984014e-02, 3.460200000000000000e+04
2.524770165256877766e-02, 2.471300000000000000e+04
2.527257623547771170e-02, 1.627500000000000000e+04
2.529745081838664575e-02, 1.099800000000000000e+04
2.532232540129557979e-02, 1.040400000000000000e+04
2.534719998420451384e-02, 1.443700000000000000e+04
2.537207456711345135e-02, 2.231400000000000000e+04
2.539694915002238540e-02, 3.203300000000000000e+04
2.542182373293131945e-02, 4.197900000000000000e+04
2.544669831584025349e-02, 5.010800000000000000e+04
2.547157289874918754e-02, 5.478500000000000000e+04
2.549644748165812505e-02, 5.486700000000000000e+04
2.552132206456705910e-02, 5.038600000000000000e+04
2.554619664747599314e-02, 4.194700000000000000e+04
2.557107123038492719e-02, 3.201700000000000000e+04
2.559594581329386123e-02, 2.238500000000000000e+04
2.562082039620279875e-02, 1.474200000000000000e+04
2.564569497911173279e-02, 1.039400000000000000e+04
2.567056956202066684e-02, 1.111400000000000000e+04
2.569544414492960088e-02, 1.606300000000000000e+04
2.572031872783853493e-02, 2.466300000000000000e+04
2.574519331074747244e-02, 3.478100000000000000e+04
2.577006789365640649e-02, 4.465000000000000000e+04
2.579494247656534053e-02, 5.198500000000000000e+04
2.581981705947427458e-02, 5.527300000000000000e+04
2.584469164238321209e-02, 5.428400000000000000e+04
2.586956622529214614e-02, 4.853800000000000000e+04
2.589444080820108018e-02, 3.985200000000000000e+04
2.591931539111001423e-02, 2.966900000000000000e+04
2.594418997401894827e-02, 1.984100000000000000e+04
2.596906455692788579e-02, 1.302900000000000000e+04
2.599393913983681983e-02, 9.878000000000000000e+03
2.601881372274575388e-02, 1.207900000000000000e+04
2.604368830565468793e-02, 1.806700000000000000e+04
2.606856288856362197e-02, 2.700400000000000000e+04
2.609343747147255949e-02, 3.725700000000000000e+04
2.611831205438149353e-02, 4.631900000000000000e+04
2.614318663729042758e-02, 5.315300000000000000e+04
2.616806122019936162e-02, 5.536100000000000000e+04
2.619293580310829567e-02, 5.315500000000000000e+04
2.621781038601723318e-02, 4.655500000000000000e+04
2.624268496892616723e-02, 3.687600000000000000e+04
2.626755955183510127e-02, 2.675800000000000000e+04
2.629243413474403532e-02, 1.758700000000000000e+04
2.631730871765296936e-02, 1.155700000000000000e+04
2.634218330056190688e-02, 1.014700000000000000e+04
2.636705788347084092e-02, 1.341000000000000000e+04
2.639193246637977497e-02, 2.063600000000000000e+04
2.641680704928870901e-02, 2.994200000000000000e+04
2.644168163219764306e-02, 4.011000000000000000e+04
2.646655621510658057e-02, 4.849100000000000000e+04
2.649143079801551462e-02, 5.427700000000000000e+04
2.651630538092444866e-02, 5.519900000000000000e+04
2.654117996383338271e-02, 5.168400000000000000e+04
2.656605454674231676e-02, 4.382300000000000000e+04
2.659092912965125427e-02, 3.398100000000000000e+04
2.661580371256018832e-02, 2.416400000000000000e+04
2.664067829546912236e-02, 1.602100000000000000e+04
2.666555287837805641e-02, 1.079800000000000000e+04
2.669042746128699045e-02, 1.059300000000000000e+04
2.671530204419592797e-02, 1.457800000000000000e+04
2.674017662710486201e-02, 2.289300000000000000e+04
2.676505121001379606e-02, 3.284800000000000000e+04
2.678992579292273010e-02, 4.281000000000000000e+04
2.681480037583166415e-02, 5.081700000000000000e+04
2.683967495874060166e-02, 5.488100000000000000e+04
2.686454954164953571e-02, 5.480900000000000000e+04
2.688942412455846975e-02, 4.970700000000000000e+04
2.691429870746740380e-02, 4.153200000000000000e+04
2.693917329037634131e-02, 3.132300000000000000e+04
2.696404787328527536e-02, 2.129400000000000000e+04
2.698892245619420940e-02, 1.408400000000000000e+04
2.701379703910314345e-02, 1.004900000000000000e+04
2.703867162201207749e-02, 1.131800000000000000e+04
2.706354620492101501e-02, 1.680300000000000000e+04
2.708842078782994905e-02, 2.543100000000000000e+04
2.711329537073888310e-02, 3.531700000000000000e+04
2.713816995364781715e-02, 4.488600000000000000e+04
2.716304453655675119e-02, 5.226600000000000000e+04
2.718791911946568871e-02, 5.519900000000000000e+04
2.721279370237462275e-02, 5.407000000000000000e+04
2.723766828528355680e-02, 4.812400000000000000e+04
2.726254286819249084e-02, 3.941800000000000000e+04
2.728741745110142489e-02, 2.898200000000000000e+04
2.731229203401036240e-02, 1.934900000000000000e+04
2.733716661691929645e-02, 1.266100000000000000e+04
2.736204119982823049e-02, 1.006900000000000000e+04
2.738691578273716454e-02, 1.223000000000000000e+04
2.741179036564609858e-02, 1.871900000000000000e+04
2.743666494855503610e-02, 2.771900000000000000e+04
2.746153953146397014e-02, 3.803700000000000000e+04
2.748641411437290419e-02, 4.723100000000000000e+04
2.751128869728183823e-02, 5.368700000000000000e+04
2.753616328019077228e-02, 5.542100000000000000e+04
2.756103786309970979e-02, 5.284900000000000000e+04
2.758591244600864384e-02, 4.574200000000000000e+04
2.761078702891757788e-02, 3.616500000000000000e+04
2.763566161182651193e-02, 2.600100000000000000e+04
2.766053619473544598e-02, 1.713100000000000000e+04
2.768541077764438349e-02, 1.148200000000000000e+04
2.771028536055331754e-02, 1.027800000000000000e+04
2.773515994346225158e-02, 1.336900000000000000e+04
2.776003452637118563e-02, 2.097800000000000000e+04
2.778490910928011967e-02, 3.044300000000000000e+04
2.780978369218905719e-02, 4.049800000000000000e+04
2.783465827509799123e-02, 4.870700000000000000e+04
2.785953285800692528e-02, 5.422100000000000000e+04
2.788440744091585932e-02, 5.503300000000000000e+04
2.790928202382479337e-02, 5.081400000000000000e+04
2.793415660673373088e-02, 4.335100000000000000e+04
2.795903118964266493e-02, 3.340200000000000000e+04
2.798390577255159897e-02, 2.329000000000000000e+04
2.800878035546053302e-02, 1.514900000000000000e+04
2.803365493836947053e-02, 1.044500000000000000e+04
2.805852952127840458e-02, 1.066700000000000000e+04
2.808340410418733862e-02, 1.517500000000000000e+04
2.810827868709627267e-02, 2.336900000000000000e+04
2.813315327000520671e-02, 3.335300000000000000e+04
2.815802785291414423e-02, 4.345300000000000000e+04
2.818290243582307827e-02, 5.110200000000000000e+04
2.820777701873201232e-02, 5.503900000000000000e+04
2.823265160164094636e-02, 5.464600000000000000e+04
2.825752618454988041e-02, 4.947400000000000000e+04
2.828240076745881793e-02, 4.125300000000000000e+04
2.830727535036775197e-02, 3.096800000000000000e+04
2.833214993327668602e-02, 2.096200000000000000e+04
2.835702451618562006e-02, 1.360700000000000000e+04
2.838189909909455411e-02, 9.896000000000000000e+03
2.840677368200349162e-02, 1.163000000000000000e+04
2.843164826491242567e-02, 1.700800000000000000e+04
2.845652284782135971e-02, 2.590600000000000000e+04
2.848139743073029376e-02, 3.611300000000000000e+04
2.850627201363922780e-02, 4.585700000000000000e+04
2.853114659654816532e-02, 5.280000000000000000e+04
2.855602117945709936e-02, 5.542700000000000000e+04
2.858089576236603341e-02, 5.365600000000000000e+04
2.860577034527496745e-02, 4.758700000000000000e+04
2.863064492818390150e-02, 3.861700000000000000e+04
2.865551951109283901e-02, 2.813700000000000000e+04
2.868039409400177306e-02, 1.875800000000000000e+04
2.870526867691070710e-02, 1.232000000000000000e+04
2.873014325981964115e-02, 1.014900000000000000e+04
2.875501784272857519e-02, 1.246500000000000000e+04
2.877989242563751271e-02, 1.922000000000000000e+04
2.880476700854644675e-02, 2.825000000000000000e+04
2.882964159145538080e-02, 3.841500000000000000e+04
2.885451617436431485e-02, 4.762600000000000000e+04
2.887939075727324889e-02, 5.368000000000000000e+04
2.890426534018218641e-02, 5.527000000000000000e+04
2.892913992309112045e-02, 5.212400000000000000e+04
2.895401450600005450e-02, 4.516300000000000000e+04
2.897888908890898854e-02, 3.548700000000000000e+04
2.900376367181792259e-02, 2.526800000000000000e+04
2.902863825472686010e-02, 1.677900000000000000e+04
2.905351283763579415e-02, 1.125800000000000000e+04
2.907838742054472819e-02, 1.035100000000000000e+04
2.910326200345366224e-02, 1.384100000000000000e+04
2.912813658636259975e-02, 2.155700000000000000e+04
2.915301116927153380e-02, 3.122800000000000000e+04
2.917788575218046784e-02, 4.135200000000000000e+04
2.920276033508940189e-02, 4.960500000000000000e+04
2.922763491799833593e-02, 5.477400000000000000e+04
2.925250950090727345e-02, 5.498900000000000000e+04
2.927738408381620749e-02, 5.075300000000000000e+04
2.930225866672514154e-02, 4.274400000000000000e+04
2.932713324963407558e-02, 3.305900000000000000e+04
2.935200783254300963e-02, 2.291800000000000000e+04
2.937688241545194714e-02, 1.519400000000000000e+04
2.940175699836088119e-02, 1.069100000000000000e+04
2.942663158126981524e-02, 1.105800000000000000e+04
2.945150616417874928e-02, 1.550000000000000000e+04
2.947638074708768333e-02, 2.405200000000000000e+04
2.950125532999662084e-02, 3.411300000000000000e+04
2.952612991290555489e-02, 4.421800000000000000e+04
2.955100449581448893e-02, 5.148600000000000000e+04
2.957587907872342298e-02, 5.531600000000000000e+04
2.960075366163235702e-02, 5.452600000000000000e+04
2.962562824454129454e-02, 4.887500000000000000e+04
2.965050282745022858e-02, 4.058300000000000000e+04
2.967537741035916263e-02, 3.023500000000000000e+04
2.970025199326809667e-02, 2.026000000000000000e+04
2.972512657617703072e-02, 1.311600000000000000e+04
2.975000115908596823e-02, 9.958000000000000000e+03
2.977487574199490228e-02, 1.170100000000000000e+04
2.979975032490383632e-02, 1.758700000000000000e+04
2.982462490781277037e-02, 2.660000000000000000e+04
2.984949949072170441e-02, 3.667600000000000000e+04
2.987437407363064193e-02, 4.620000000000000000e+04
2.989924865653957597e-02, 5.307300000000000000e+04
2.992412323944851002e-02, 5.551200000000000000e+04
2.994899782235744407e-02, 5.345000000000000000e+04
2.997387240526637811e-02, 4.713200000000000000e+04
2.999874698817531563e-02, 3.783200000000000000e+04
3.002362157108424967e-02, 2.772800000000000000e+04
3.004849615399318372e-02, 1.840900000000000000e+04
3.007337073690211776e-02, 1.199200000000000000e+04
3.009824531981105181e-02, 1.015600000000000000e+04
3.012311990271998932e-02, 1.275500000000000000e+04
3.014799448562892337e-02, 2.006400000000000000e+04
3.017286906853785741e-02, 2.931100000000000000e+04
3.019774365144679146e-02, 3.938100000000000000e+04
3.022261823435572897e-02, 4.809700000000000000e+04
3.024749281726466302e-02, 5.407600000000000000e+04
3.027236740017359706e-02, 5.527800000000000000e+04
3.029724198308253111e-02, 5.217700000000000000e+04
3.032211656599146515e-02, 4.459100000000000000e+04
3.034699114890040267e-02, 3.497100000000000000e+04
3.037186573180933671e-02, 2.488300000000000000e+04
3.039674031471827076e-02, 1.656700000000000000e+04
3.042161489762720480e-02, 1.130800000000000000e+04
3.044648948053613885e-02, 1.051900000000000000e+04
3.047136406344507636e-02, 1.409300000000000000e+04
3.049623864635401041e-02, 2.212800000000000000e+04
3.052111322926294446e-02, 3.211000000000000000e+04
3.054598781217187850e-02, 4.227800000000000000e+04
3.057086239508081255e-02, 5.022900000000000000e+04
3.059573697798975006e-02, 5.482200000000000000e+04
3.062061156089868411e-02, 5.487700000000000000e+04
3.064548614380761815e-02, 5.038900000000000000e+04
3.067036072671655220e-02, 4.194100000000000000e+04
3.069523530962548624e-02, 3.201000000000000000e+04
3.072010989253442376e-02, 2.205500000000000000e+04
3.074498447544335780e-02, 1.448000000000000000e+04
3.076985905835229185e-02, 1.029900000000000000e+04
3.079473364126122589e-02, 1.146100000000000000e+04
3.081960822417015994e-02, 1.623800000000000000e+04
3.084448280707909745e-02, 2.468700000000000000e+04
3.086935738998803150e-02, 3.480600000000000000e+04
3.089423197289696554e-02, 4.466000000000000000e+04
3.091910655580589959e-02, 5.198800000000000000e+04
3.094398113871483363e-02, 5.528100000000000000e+04
3.096885572162377115e-02, 5.423200000000000000e+04
3.099373030453270519e-02, 4.854700000000000000e+04
3.101860488744163924e-02, 3.985800000000000000e+04
3.104347947035057328e-02, 2.931200000000000000e+04
3.106835405325950733e-02, 1.960400000000000000e+04
3.109322863616844485e-02, 1.294600000000000000e+04
3.111810321907737889e-02, 9.853000000000000000e+03
3.114297780198631294e-02, 1.207200000000000000e+04
3.116785238489524698e-02, 1.837600000000000000e+04
3.119272696780418103e-02, 2.727200000000000000e+04
3.121760155071311854e-02, 3.735500000000000000e+04
3.124247613362205259e-02, 4.672200000000000000e+04
3.126735071653098663e-02, 5.334100000000000000e+04
3.129222529943992415e-02, 5.542100000000000000e+04
3.131709988234885472e-02, 5.317200000000000000e+04
3.134197446525779224e-02, 4.656000000000000000e+04
3.136684904816672281e-02, 3.688300000000000000e+04
3.139172363107566033e-02, 2.674200000000000000e+04
3.141659821398459784e-02, 1.758100000000000000e+04
3.144147279689352842e-02, 1.154800000000000000e+04
3.146634737980246593e-02, 1.014000000000000000e+04
3.149122196271139651e-02, 1.304300000000000000e+04
3.151609654562033402e-02, 2.040000000000000000e+04
3.154097112852927154e-02, 2.986000000000000000e+04
3.156584571143820211e-02, 3.971900000000000000e+04
3.159072029434713963e-02, 4.831600000000000000e+04
3.161559487725607021e-02, 5.422100000000000000e+04
3.164046946016500772e-02, 5.518300000000000000e+04
3.166534404307394523e-02, 5.168000000000000000e+04
3.169021862598287581e-02, 4.382000000000000000e+04
3.171509320889181333e-02, 3.397300000000000000e+04
3.173996779180074390e-02, 2.396800000000000000e+04
3.176484237470968142e-02, 1.571400000000000000e+04
3.178971695761861893e-02, 1.067900000000000000e+04
3.181459154052754951e-02, 1.093200000000000000e+04
3.183946612343648702e-02, 1.479000000000000000e+04
3.186434070634542454e-02, 2.295000000000000000e+04
3.188921528925435511e-02, 3.287600000000000000e+04
3.191408987216329263e-02, 4.282200000000000000e+04
3.193896445507222320e-02, 5.080900000000000000e+04
3.196383903798116072e-02, 5.489100000000000000e+04
3.198871362089009823e-02, 5.481400000000000000e+04
3.201358820379902881e-02, 5.007300000000000000e+04
3.203846278670796632e-02, 4.169900000000000000e+04
3.206333736961689690e-02, 3.140400000000000000e+04
3.208821195252583441e-02, 2.130000000000000000e+04
3.211308653543477193e-02, 1.408300000000000000e+04
3.213796111834370250e-02, 1.004900000000000000e+04
3.216283570125264002e-02, 1.131800000000000000e+04
3.218771028416157060e-02, 1.675600000000000000e+04
3.221258486707050811e-02, 2.543900000000000000e+04
3.223745944997944562e-02, 3.532300000000000000e+04
3.226233403288837620e-02, 4.526400000000000000e+04
3.228720861579731372e-02, 5.248600000000000000e+04
3.231208319870624429e-02, 5.527400000000000000e+04
3.233695778161518181e-02, 5.373700000000000000e+04
3.236183236452411932e-02, 4.797500000000000000e+04
3.238670694743304990e-02, 3.905100000000000000e+04
3.241158153034198741e-02, 2.870200000000000000e+04
3.243645611325091799e-02, 1.924900000000000000e+04
3.246133069615985550e-02, 1.262700000000000000e+04
3.248620527906879302e-02, 1.005400000000000000e+04
3.251107986197772359e-02, 1.222500000000000000e+04
3.253595444488666111e-02, 1.871800000000000000e+04
3.256082902779559168e-02, 2.771800000000000000e+04
3.258570361070452920e-02, 3.765700000000000000e+04
3.261057819361346671e-02, 4.702600000000000000e+04
3.263545277652239729e-02, 5.361800000000000000e+04
3.266032735943133480e-02, 5.540100000000000000e+04
3.268520194234026538e-02, 5.284400000000000000e+04
3.271007652524920289e-02, 4.574700000000000000e+04
3.273495110815814041e-02, 3.615600000000000000e+04
3.275982569106707099e-02, 2.599700000000000000e+04
3.278470027397600850e-02, 1.713000000000000000e+04
3.280957485688493908e-02, 1.148200000000000000e+04
3.283444943979387659e-02, 1.029700000000000000e+04
3.285932402270281411e-02, 1.336000000000000000e+04
3.288419860561174468e-02, 2.097400000000000000e+04
3.290907318852068220e-02, 3.043800000000000000e+04
3.293394777142961277e-02, 4.049000000000000000e+04
3.295882235433855029e-02, 4.894100000000000000e+04
3.298369693724748780e-02, 5.451500000000000000e+04
3.300857152015641838e-02, 5.514500000000000000e+04
3.303344610306535589e-02, 5.122700000000000000e+04
3.305832068597428647e-02, 4.356300000000000000e+04
3.308319526888322398e-02, 3.353000000000000000e+04
3.310806985179216150e-02, 2.330200000000000000e+04
3.313294443470109207e-02, 1.514900000000000000e+04
3.315781901761002959e-02, 1.044500000000000000e+04
3.318269360051896016e-02, 1.066700000000000000e+04
3.320756818342789768e-02, 1.517500000000000000e+04
3.323244276633683519e-02, 2.336300000000000000e+04
3.325731734924576577e-02, 3.334700000000000000e+04
3.328219193215470328e-02, 4.345100000000000000e+04
3.330706651506363386e-02, 5.110100000000000000e+04
3.333194109797257138e-02, 5.503900000000000000e+04
3.335681568088150889e-02, 5.426800000000000000e+04
3.338169026379043947e-02, 4.928400000000000000e+04
3.340656484669937698e-02, 4.101900000000000000e+04
3.343143942960830756e-02, 3.064100000000000000e+04
3.345631401251724507e-02, 2.083600000000000000e+04
3.348118859542618259e-02, 1.357100000000000000e+04
3.350606317833511316e-02, 9.877000000000000000e+03
3.353093776124405068e-02, 1.162400000000000000e+04
3.355581234415298125e-02, 1.735300000000000000e+04
3.358068692706191877e-02, 2.605300000000000000e+04
3.360556150997085628e-02, 3.614600000000000000e+04
3.363043609287978686e-02, 4.587800000000000000e+04
3.365531067578872437e-02, 5.280700000000000000e+04
3.368018525869765495e-02, 5.542900000000000000e+04
3.370505984160659246e-02, 5.365600000000000000e+04
3.372993442451552998e-02, 4.756200000000000000e+04
3.375480900742446055e-02, 3.862600000000000000e+04
3.377968359033339807e-02, 2.814200000000000000e+04
3.380455817324232864e-02, 1.876000000000000000e+04
3.382943275615126616e-02, 1.232100000000000000e+04
3.385430733906020367e-02, 1.019300000000000000e+04
3.387918192196913425e-02, 1.245700000000000000e+04
3.390405650487807176e-02, 1.921500000000000000e+04
3.392893108778700234e-02, 2.825100000000000000e+04
3.395380567069593986e-02, 3.840600000000000000e+04
3.397868025360487737e-02, 4.762300000000000000e+04
3.400355483651380795e-02, 5.401500000000000000e+04
3.402842941942274546e-02, 5.540900000000000000e+04
3.405330400233168298e-02, 5.219500000000000000e+04
3.407817858524061355e-02, 4.515800000000000000e+04
3.410305316814955107e-02, 3.548100000000000000e+04
3.412792775105848164e-02, 2.526100000000000000e+04
3.415280233396741916e-02, 1.677200000000000000e+04
3.417767691687635667e-02, 1.125600000000000000e+04
3.420255149978528725e-02, 1.035000000000000000e+04
3.422742608269422476e-02, 1.384100000000000000e+04
3.425230066560315534e-02, 2.155600000000000000e+04
3.427717524851209285e-02, 3.122100000000000000e+04
3.430204983142103037e-02, 4.134900000000000000e+04
3.432692441432996094e-02, 4.960400000000000000e+04
3.435179899723889846e-02, 5.477300000000000000e+04
3.437667358014782903e-02, 5.461900000000000000e+04
3.440154816305676655e-02, 5.052400000000000000e+04
3.442642274596570406e-02, 4.266500000000000000e+04
3.445129732887463464e-02, 3.268600000000000000e+04
3.447617191178357215e-02, 2.276200000000000000e+04
3.450104649469250273e-02, 1.481400000000000000e+04
3.452592107760144025e-02, 1.041700000000000000e+04
3.455079566051037776e-02, 1.096100000000000000e+04
3.457567024341930834e-02, 1.584600000000000000e+04
3.460054482632824585e-02, 2.422500000000000000e+04
3.462541940923717643e-02, 3.413700000000000000e+04
3.465029399214611394e-02, 4.424300000000000000e+04
3.467516857505505146e-02, 5.149600000000000000e+04
3.470004315796398203e-02, 5.531900000000000000e+04
3.472491774087291955e-02, 5.452600000000000000e+04
3.474979232378185012e-02, 4.882200000000000000e+04
3.477466690669078764e-02, 4.059100000000000000e+04
3.479954148959972515e-02, 3.024100000000000000e+04
3.482441607250865573e-02, 2.026200000000000000e+04
3.484929065541759324e-02, 1.311700000000000000e+04
3.487416523832652382e-02, 9.959000000000000000e+03
3.489903982123546133e-02, 1.169500000000000000e+04
3.492391440414439885e-02, 1.758000000000000000e+04
3.494878898705332942e-02, 2.627900000000000000e+04
3.497366356996226694e-02, 3.640900000000000000e+04
3.499853815287119752e-02, 4.610300000000000000e+04
3.502341273578013503e-02, 5.304400000000000000e+04
3.504828731868907254e-02, 5.550400000000000000e+04
3.507316190159800312e-02, 5.325500000000000000e+04
3.509803648450694064e-02, 4.682600000000000000e+04
3.512291106741587121e-02, 3.771300000000000000e+04
3.514778565032480873e-02, 2.731200000000000000e+04
3.517266023323374624e-02, 1.819400000000000000e+04
3.519753481614267682e-02, 1.192100000000000000e+04
3.522240939905161433e-02, 1.013600000000000000e+04
3.524728398196054491e-02, 1.275000000000000000e+04
3.527215856486948242e-02, 1.970500000000000000e+04
3.529703314777841994e-02, 2.906900000000000000e+04
3.532190773068735051e-02, 3.929600000000000000e+04
3.534678231359628803e-02, 4.807200000000000000e+04
3.537165689650521860e-02, 5.407000000000000000e+04
3.539653147941415612e-02, 5.525300000000000000e+04
3.542140606232309363e-02, 5.218500000000000000e+04
3.544628064523202421e-02, 4.459500000000000000e+04
3.547115522814096172e-02, 3.497500000000000000e+04
3.549602981104989230e-02, 2.489100000000000000e+04
3.552090439395882981e-02, 1.636800000000000000e+04
3.554577897686776733e-02, 1.100600000000000000e+04
3.557065355977669791e-02, 1.040300000000000000e+04
3.559552814268563542e-02, 1.443300000000000000e+04
3.562040272559456600e-02, 2.233800000000000000e+04
3.564527730850350351e-02, 3.215000000000000000e+04
3.567015189141244103e-02, 4.230700000000000000e+04
3.569502647432137160e-02, 5.024000000000000000e+04
3.571990105723030912e-02, 5.449000000000000000e+04
3.574477564013923969e-02, 5.462000000000000000e+04
3.576965022304817721e-02, 5.029700000000000000e+04
3.579452480595711472e-02, 4.227800000000000000e+04
3.581939938886604530e-02, 3.216800000000000000e+04
3.584427397177498281e-02, 2.210500000000000000e+04
3.586914855468391339e-02, 1.449400000000000000e+04
3.589402313759285090e-02, 1.030300000000000000e+04
3.591889772050178842e-02, 1.108500000000000000e+04
3.594377230341071899e-02, 1.604800000000000000e+04
3.596864688631965651e-02, 2.445200000000000000e+04
3.599352146922858708e-02, 3.447800000000000000e+04
3.601839605213752460e-02, 4.453400000000000000e+04
3.604327063504646211e-02, 5.195000000000000000e+04
3.606814521795539269e-02, 5.527100000000000000e+04
3.609301980086433020e-02, 5.423000000000000000e+04
3.611789438377326078e-02, 4.855400000000000000e+04
3.614276896668219830e-02, 3.986400000000000000e+04
3.616764354959113581e-02, 2.931400000000000000e+04
3.619251813250006639e-02, 1.960400000000000000e+04
3.621739271540900390e-02, 1.294600000000000000e+04
3.624226729831794142e-02, 1.022600000000000000e+04
3.626714188122687199e-02, 1.225000000000000000e+04
3.629201646413580951e-02, 1.816600000000000000e+04
3.631689104704474008e-02, 2.700200000000000000e+04
3.634176562995367760e-02, 3.725200000000000000e+04
3.636664021286261511e-02, 4.669100000000000000e+04
3.639151479577154569e-02, 5.333300000000000000e+04
3.641638937868048320e-02, 5.536900000000000000e+04
3.644126396158941378e-02, 5.318000000000000000e+04
3.646613854449835129e-02, 4.656500000000000000e+04
3.649101312740728881e-02, 3.689300000000000000e+04
3.651588771031621938e-02, 2.673400000000000000e+04
3.654076229322515690e-02, 1.757700000000000000e+04
3.656563687613408747e-02, 1.154700000000000000e+04
3.659051145904302499e-02, 1.014000000000000000e+04
3.661538604195196250e-02, 1.306200000000000000e+04
3.664026062486089308e-02, 2.039100000000000000e+04
3.666513520776983059e-02, 2.985500000000000000e+04
3.669000979067876117e-02, 4.008900000000000000e+04
3.671488437358769868e-02, 4.849100000000000000e+04
3.673975895649663620e-02, 5.406700000000000000e+04
3.676463353940556678e-02, 5.489800000000000000e+04
3.678950812231450429e-02, 5.156800000000000000e+04
3.681438270522343487e-02, 4.416600000000000000e+04
3.683925728813237238e-02, 3.416500000000000000e+04
3.686413187104130990e-02, 2.403300000000000000e+04
3.688900645395024047e-02, 1.607100000000000000e+04
3.691388103685917799e-02, 1.082500000000000000e+04
3.693875561976810856e-02, 1.060800000000000000e+04
3.696363020267704608e-02, 1.457300000000000000e+04
3.698850478558598359e-02, 2.287400000000000000e+04
3.701337936849491417e-02, 3.286700000000000000e+04
3.703825395140385168e-02, 4.282900000000000000e+04
3.706312853431278226e-02, 5.081200000000000000e+04
3.708800311722171977e-02, 5.489200000000000000e+04
3.711287770013065729e-02, 5.481400000000000000e+04
3.713775228303958786e-02, 5.007700000000000000e+04
3.716262686594852538e-02, 4.170600000000000000e+04
3.718750144885745595e-02, 3.140700000000000000e+04
3.721237603176639347e-02, 2.130100000000000000e+04
3.723725061467533098e-02, 1.408300000000000000e+04
3.726212519758426156e-02, 1.005200000000000000e+04
3.728699978049319907e-02, 1.131000000000000000e+04
3.731187436340212965e-02, 1.669100000000000000e+04
3.733674894631106717e-02, 2.545300000000000000e+04
3.736162352922000468e-02, 3.533400000000000000e+04
3.738649811212893526e-02, 4.526800000000000000e+04
3.741137269503787277e-02, 5.248700000000000000e+04
3.743624727794680335e-02, 5.527500000000000000e+04
3.746112186085574086e-02, 5.409800000000000000e+04
3.748599644376467838e-02, 4.813700000000000000e+04
3.751087102667360895e-02, 3.912700000000000000e+04
3.753574560958254647e-02, 2.870800000000000000e+04
3.756062019249147704e-02, 1.924800000000000000e+04
3.758549477540041456e-02, 1.262700000000000000e+04
3.761036935830935207e-02, 1.005400000000000000e+04
3.763524394121828265e-02, 1.226700000000000000e+04
3.766011852412722016e-02, 1.870900000000000000e+04
3.768499310703615074e-02, 2.771300000000000000e+04
3.770986768994508825e-02, 3.803300000000000000e+04
3.773474227285402577e-02, 4.723900000000000000e+04
3.775961685576295634e-02, 5.369000000000000000e+04
3.778449143867189386e-02, 5.508000000000000000e+04
3.780936602158082444e-02, 5.270500000000000000e+04
3.783424060448976195e-02, 4.606100000000000000e+04
3.785911518739869946e-02, 3.638600000000000000e+04
3.788398977030763004e-02, 2.607900000000000000e+04
3.790886435321656756e-02, 1.752400000000000000e+04
3.793373893612549813e-02, 1.166200000000000000e+04
3.795861351903443565e-02, 1.035500000000000000e+04
3.798348810194337316e-02, 1.337600000000000000e+04
3.800836268485230374e-02, 2.097800000000000000e+04
3.803323726776124125e-02, 3.081900000000000000e+04
3.805811185067017183e-02, 4.069000000000000000e+04
3.808298643357910934e-02, 4.900700000000000000e+04
3.810786101648804686e-02, 5.453400000000000000e+04
3.813273559939697743e-02, 5.515000000000000000e+04
3.815761018230591495e-02, 5.122400000000000000e+04
3.818248476521484552e-02, 4.357200000000000000e+04
3.820735934812378304e-02, 3.353400000000000000e+04
3.823223393103272055e-02, 2.365700000000000000e+04
3.825710851394165113e-02, 1.530400000000000000e+04
3.828198309685058864e-02, 1.051100000000000000e+04
3.830685767975951922e-02, 1.067200000000000000e+04
3.833173226266845673e-02, 1.517400000000000000e+04
3.835660684557739425e-02, 2.373600000000000000e+04
3.838148142848632483e-02, 3.352500000000000000e+04
3.840635601139526234e-02, 4.350900000000000000e+04
3.843123059430419985e-02, 5.111800000000000000e+04
3.845610517721313043e-02, 5.504300000000000000e+04
3.848097976012206795e-02, 5.464800000000000000e+04
3.850585434303099852e-02, 4.948100000000000000e+04
3.853072892593993604e-02, 4.113600000000000000e+04
3.855560350884887355e-02, 3.065100000000000000e+04
3.858047809175780413e-02, 2.083600000000000000e+04
3.860535267466674164e-02, 1.357000000000000000e+04
3.863022725757567222e-02, 9.877000000000000000e+03
3.865510184048460973e-02, 1.162400000000000000e+04
3.867997642339354725e-02, 1.700000000000000000e+04
3.870485100630247782e-02, 2.590000000000000000e+04
3.872972558921141534e-02, 3.579400000000000000e+04
3.875460017212034591e-02, 4.559200000000000000e+04
3.877947475502928343e-02, 5.270400000000000000e+04
3.880434933793822094e-02, 5.540200000000000000e+04
3.882922392084715152e-02, 5.365500000000000000e+04
3.885409850375608903e-02, 4.756300000000000000e+04
3.887897308666501961e-02, 3.862600000000000000e+04
3.890384766957395712e-02, 2.814200000000000000e+04
3.892872225248289464e-02, 1.913800000000000000e+04
3.895359683539182521e-02, 1.253200000000000000e+04
3.897847141830076273e-02, 1.026400000000000000e+04
3.900334600120969331e-02, 1.247700000000000000e+04
3.902822058411863082e-02, 1.922000000000000000e+04
3.905309516702756834e-02, 2.861300000000000000e+04
3.907796974993649891e-02, 3.864700000000000000e+04
3.910284433284543643e-02, 4.770700000000000000e+04
3.912771891575436700e-02, 5.404000000000000000e+04
3.915259349866330452e-02, 5.541500000000000000e+04
3.917746808157224203e-02, 5.250600000000000000e+04
3.920234266448117261e-02, 4.542900000000000000e+04
3.922721724739011012e-02, 3.558000000000000000e+04
3.925209183029904070e-02, 2.566800000000000000e+04
3.927696641320797821e-02, 1.697000000000000000e+04
3.930184099611691573e-02, 1.135900000000000000e+04
3.932671557902584630e-02, 1.036000000000000000e+04
3.935159016193478382e-02, 1.384000000000000000e+04
3.937646474484371439e-02, 2.193200000000000000e+04
3.940133932775265191e-02, 3.143800000000000000e+04
3.942621391066158942e-02, 4.142300000000000000e+04
3.945108849357052000e-02, 4.928000000000000000e+04
3.947596307647945751e-02, 5.463200000000000000e+04
3.950083765938838809e-02, 5.493700000000000000e+04
3.952571224229732560e-02, 5.074900000000000000e+04
3.955058682520626312e-02, 4.274400000000000000e+04
3.957546140811519370e-02, 3.270400000000000000e+04
3.960033599102413121e-02, 2.276200000000000000e+04
3.962521057393306179e-02, 1.481300000000000000e+04
3.965008515684199930e-02, 1.041700000000000000e+04
3.967495973975093682e-02, 1.096100000000000000e+04
3.969983432265986739e-02, 1.546800000000000000e+04
3.972470890556880491e-02, 2.403700000000000000e+04
3.974958348847773548e-02, 3.393700000000000000e+04
3.977445807138667300e-02, 4.391000000000000000e+04
3.979933265429561051e-02, 5.136600000000000000e+04
3.982420723720454109e-02, 5.527600000000000000e+04
3.984908182011347860e-02, 5.452400000000000000e+04
3.987395640302240918e-02, 4.882200000000000000e+04
3.989883098593134669e-02, 4.024000000000000000e+04
3.992370556884028421e-02, 3.009000000000000000e+04
3.994858015174921478e-02, 2.022900000000000000e+04
3.997345473465815230e-02, 1.309500000000000000e+04
3.999832931756708287e-02, 9.951000000000000000e+03
4.002320390047602039e-02, 1.169200000000000000e+04
4.004807848338495790e-02, 1.757900000000000000e+04
4.007295306629388848e-02, 2.655300000000000000e+04
4.009782764920282599e-02, 3.669200000000000000e+04
4.012270223211175657e-02, 4.620900000000000000e+04
4.014757681502069409e-02, 5.307600000000000000e+04
4.017245139792963160e-02, 5.551300000000000000e+04
4.019732598083856218e-02, 5.340800000000000000e+04
4.022220056374749969e-02, 4.714100000000000000e+04
4.024707514665643027e-02, 3.783700000000000000e+04
4.027194972956536778e-02, 2.772000000000000000e+04
4.029682431247430530e-02, 1.843400000000000000e+04
4.032169889538323587e-02, 1.200300000000000000e+04
4.034657347829217339e-02, 1.015200000000000000e+04
4.037144806120110396e-02, 1.275000000000000000e+04
4.039632264411004148e-02, 1.972200000000000000e+04
4.042119722701897899e-02, 2.905900000000000000e+04
4.044607180992790957e-02, 3.929200000000000000e+04
4.047094639283684708e-02, 4.769600000000000000e+04
4.049582097574577766e-02, 5.388800000000000000e+04
4.052069555865471517e-02, 5.519400000000000000e+04
4.054557014156365269e-02, 5.216900000000000000e+04
4.057044472447258326e-02, 4.459100000000000000e+04
4.059531930738152078e-02, 3.459400000000000000e+04
4.062019389029045829e-02, 2.469100000000000000e+04
4.064506847319938887e-02, 1.630100000000000000e+04
4.066994305610832638e-02, 1.098700000000000000e+04
4.069481763901725696e-02, 1.039800000000000000e+04
4.071969222192619448e-02, 1.406100000000000000e+04
4.074456680483513199e-02, 2.211000000000000000e+04
4.076944138774406257e-02, 3.207200000000000000e+04
4.079431597065300008e-02, 4.192900000000000000e+04
4.081919055356193066e-02, 5.007900000000000000e+04
4.084406513647086817e-02, 5.475800000000000000e+04
4.086893971937980569e-02, 5.487200000000000000e+04
4.089381430228873626e-02, 5.039000000000000000e+04
4.091868888519767378e-02, 4.192900000000000000e+04
4.094356346810660435e-02, 3.198900000000000000e+04
4.096843805101554187e-02, 2.208300000000000000e+04
4.099331263392447938e-02, 1.446800000000000000e+04
4.101818721683340996e-02, 1.029300000000000000e+04
4.104306179974234747e-02, 1.108200000000000000e+04
4.106793638265127805e-02, 1.604700000000000000e+04
4.109281096556021556e-02, 2.452700000000000000e+04
4.111768554846915308e-02, 3.480500000000000000e+04
4.114256013137808365e-02, 4.466600000000000000e+04
4.116743471428702117e-02, 5.199000000000000000e+04
4.119230929719595174e-02, 5.528200000000000000e+04
4.121718388010488926e-02, 5.423300000000000000e+04
4.124205846301382677e-02, 4.855400000000000000e+04
4.126693304592275735e-02, 3.986400000000000000e+04
4.129180762883169487e-02, 2.933800000000000000e+04
4.131668221174062544e-02, 1.959600000000000000e+04
4.134155679464956296e-02, 1.294100000000000000e+04
4.136643137755850047e-02, 9.848000000000000000e+03
4.139130596046743105e-02, 1.206500000000000000e+04
4.141618054337636856e-02, 1.814600000000000000e+04
4.144105512628529914e-02, 2.697600000000000000e+04
4.146592970919423665e-02, 3.724200000000000000e+04
4.149080429210317417e-02, 4.631200000000000000e+04
4.151567887501210474e-02, 5.311300000000000000e+04
4.154055345792104226e-02, 5.529400000000000000e+04
4.156542804082997283e-02, 5.315800000000000000e+04
4.159030262373891035e-02, 4.656000000000000000e+04
4.161517720664784786e-02, 3.722700000000000000e+04
4.164005178955677844e-02, 2.699100000000000000e+04
4.166492637246571595e-02, 1.766900000000000000e+04
4.168980095537464653e-02, 1.157400000000000000e+04
4.171467553828358404e-02, 1.014700000000000000e+04
4.173955012119252156e-02, 1.306400000000000000e+04
4.176442470410145213e-02, 2.039100000000000000e+04
4.178929928701038965e-02, 2.985500000000000000e+04
4.181417386991932023e-02, 4.009100000000000000e+04
4.183904845282825774e-02, 4.849800000000000000e+04
4.186392303573719526e-02, 5.424200000000000000e+04
4.188879761864612583e-02, 5.520900000000000000e+04
4.191367220155506335e-02, 5.169000000000000000e+04
4.193854678446399392e-02, 4.383000000000000000e+04
4.196342136737293144e-02, 3.395000000000000000e+04
4.198829595028186895e-02, 2.395800000000000000e+04
4.201317053319079953e-02, 1.570300000000000000e+04
4.203804511609973704e-02, 1.067200000000000000e+04
4.206291969900866762e-02, 1.056000000000000000e+04
4.208779428191760513e-02, 1.455900000000000000e+04
4.211266886482654265e-02, 2.287100000000000000e+04
4.213754344773547322e-02, 3.286600000000000000e+04
4.216241803064441074e-02, 4.282900000000000000e+04
4.218729261355334131e-02, 5.081200000000000000e+04
4.221216719646227883e-02, 5.489200000000000000e+04
4.223704177937121634e-02, 5.481400000000000000e+04
4.226191636228014692e-02, 5.007600000000000000e+04
4.228679094518908443e-02, 4.170600000000000000e+04
4.231166552809801501e-02, 3.145700000000000000e+04
4.233654011100695252e-02, 2.129300000000000000e+04
4.236141469391589004e-02, 1.407700000000000000e+04
4.238628927682482062e-02, 1.005000000000000000e+04
4.241116385973375813e-02, 1.131000000000000000e+04
4.243603844264268871e-02, 1.669100000000000000e+04
4.246091302555162622e-02, 2.546000000000000000e+04
4.248578760846056374e-02, 3.534100000000000000e+04
4.251066219136949431e-02, 4.525200000000000000e+04
4.253553677427843183e-02, 5.249600000000000000e+04
4.256041135718736240e-02, 5.527900000000000000e+04
4.258528594009629992e-02, 5.410000000000000000e+04
4.261016052300523743e-02, 4.813700000000000000e+04
4.263503510591416801e-02, 3.933900000000000000e+04
4.265990968882310552e-02, 2.900900000000000000e+04
4.268478427173203610e-02, 1.936400000000000000e+04
4.270965885464097361e-02, 1.266200000000000000e+04
4.273453343754991113e-02, 1.006300000000000000e+04
4.275940802045884170e-02, 1.226900000000000000e+04
4.278428260336777922e-02, 1.904800000000000000e+04
4.280915718627671673e-02, 2.785400000000000000e+04
4.283403176918564731e-02, 3.807000000000000000e+04
4.285890635209458482e-02, 4.725900000000000000e+04
4.288378093500351540e-02, 5.369700000000000000e+04
4.290865551791245291e-02, 5.543100000000000000e+04
4.293353010082139043e-02, 5.285600000000000000e+04
4.295840468373032101e-02, 4.579400000000000000e+04
4.298327926663925852e-02, 3.613100000000000000e+04
4.300815384954818910e-02, 2.598500000000000000e+04
4.303302843245712661e-02, 1.712100000000000000e+04
4.305790301536606413e-02, 1.147300000000000000e+04
4.308277759827499470e-02, 1.029400000000000000e+04
4.310765218118393222e-02, 1.335900000000000000e+04
4.313252676409286279e-02, 2.097300000000000000e+04
4.315740134700180031e-02, 3.044400000000000000e+04
4.318227592991073782e-02, 4.046600000000000000e+04
4.320715051281966840e-02, 4.893100000000000000e+04
4.323202509572860591e-02, 5.451200000000000000e+04
4.325689967863753649e-02, 5.514400000000000000e+04
4.328177426154647400e-02, 5.087900000000000000e+04
4.330664884445541152e-02, 4.331800000000000000e+04
4.333152342736434209e-02, 3.344300000000000000e+04
4.335639801027327961e-02, 2.327000000000000000e+04
4.338127259318221018e-02, 1.513500000000000000e+04
4.340614717609114770e-02, 1.045700000000000000e+04
4.343102175900008521e-02, 1.065700000000000000e+04
4.345589634190901579e-02, 1.517000000000000000e+04
4.348077092481795330e-02, 2.373700000000000000e+04
4.350564550772688388e-02, 3.353300000000000000e+04
4.353052009063582140e-02, 4.347000000000000000e+04
4.355539467354475891e-02, 5.112700000000000000e+04
4.358026925645368949e-02, 5.504900000000000000e+04
4.360514383936262700e-02, 5.465000000000000000e+04
4.363001842227155758e-02, 4.948200000000000000e+04
4.365489300518049509e-02, 4.113600000000000000e+04
4.367976758808943261e-02, 3.099300000000000000e+04
4.370464217099836318e-02, 2.098000000000000000e+04
4.372951675390730070e-02, 1.361500000000000000e+04
4.375439133681623127e-02, 9.890000000000000000e+03
4.377926591972516879e-02, 1.162700000000000000e+04
4.380414050263410630e-02, 1.737100000000000000e+04
4.382901508554303688e-02, 2.607300000000000000e+04
4.385388966845197439e-02, 3.613000000000000000e+04
4.387876425136090497e-02, 4.588900000000000000e+04
4.390363883426984248e-02, 5.281200000000000000e+04
4.392851341717878000e-02, 5.543500000000000000e+04
4.395338800008771057e-02, 5.366400000000000000e+04
4.397826258299664809e-02, 4.740300000000000000e+04
4.400313716590557866e-02, 3.831500000000000000e+04
4.402801174881451618e-02, 2.802000000000000000e+04
4.405288633172345369e-02, 1.872500000000000000e+04
4.407776091463238427e-02, 1.230200000000000000e+04
4.410263549754132179e-02, 1.018700000000000000e+04
4.412751008045025236e-02, 1.280900000000000000e+04
4.415238466335918988e-02, 1.936900000000000000e+04
4.417725924626812739e-02, 2.834100000000000000e+04
4.420213382917705797e-02, 3.839400000000000000e+04
4.422700841208599548e-02, 4.761400000000000000e+04
4.425188299499492606e-02, 5.401200000000000000e+04
4.427675757790386357e-02, 5.540800000000000000e+04
4.430163216081280109e-02, 5.227500000000000000e+04
4.432650674372173166e-02, 4.513100000000000000e+04
4.435138132663066918e-02, 3.546700000000000000e+04
4.437625590953959975e-02, 2.525400000000000000e+04
4.440113049244853727e-02, 1.676300000000000000e+04
4.442600507535747478e-02, 1.129100000000000000e+04
4.445087965826640536e-02, 1.034100000000000000e+04
4.447575424117534287e-02, 1.383500000000000000e+04
4.450062882408427345e-02, 2.192500000000000000e+04
4.452550340699321096e-02, 3.144600000000000000e+04
4.455037798990214848e-02, 4.142600000000000000e+04
4.457525257281107905e-02, 4.963400000000000000e+04
4.460012715572001657e-02, 5.478600000000000000e+04
4.462500173862894715e-02, 5.468100000000000000e+04
4.464987632153788466e-02, 5.049000000000000000e+04
4.467475090444682218e-02, 4.264800000000000000e+04
4.469962548735575275e-02, 3.267100000000000000e+04
4.472450007026469027e-02, 2.274700000000000000e+04
4.474937465317362084e-02, 1.480800000000000000e+04
4.477424923608255836e-02, 1.041600000000000000e+04
4.479912381899149587e-02, 1.096100000000000000e+04
4.482399840190042645e-02, 1.584700000000000000e+04
4.484887298480936396e-02, 2.424800000000000000e+04
4.487374756771829454e-02, 3.409600000000000000e+04
4.489862215062723205e-02, 4.425500000000000000e+04
4.492349673353616957e-02, 5.150200000000000000e+04
4.494837131644510014e-02, 5.531700000000000000e+04
4.497324589935403766e-02, 5.453500000000000000e+04
4.499812048226297517e-02, 4.882500000000000000e+04
4.502299506517190575e-02, 4.060500000000000000e+04
4.504786964808084326e-02, 3.025500000000000000e+04
4.507274423098977384e-02, 2.028200000000000000e+04
4.509761881389871135e-02, 1.311000000000000000e+04
4.512249339680764887e-02, 9.955000000000000000e+03
4.514736797971657944e-02, 1.207100000000000000e+04
4.517224256262551696e-02, 1.777000000000000000e+04
4.519711714553444754e-02, 2.644300000000000000e+04
4.522199172844338505e-02, 3.640000000000000000e+04
4.524686631135232256e-02, 4.609200000000000000e+04
4.527174089426125314e-02, 5.304000000000000000e+04
4.529661547717019066e-02, 5.550300000000000000e+04
4.532149006007912123e-02, 5.340500000000000000e+04
4.534636464298805875e-02, 4.714800000000000000e+04
4.537123922589699626e-02, 3.784300000000000000e+04
4.539611380880592684e-02, 2.769900000000000000e+04
4.542098839171486435e-02, 1.845200000000000000e+04
4.544586297462379493e-02, 1.201100000000000000e+04
4.547073755753273244e-02, 1.015500000000000000e+04
4.549561214044166996e-02, 1.275000000000000000e+04
4.552048672335060053e-02, 1.974800000000000000e+04
4.554536130625953805e-02, 2.905100000000000000e+04
4.557023588916846862e-02, 3.928700000000000000e+04
4.559511047207740614e-02, 4.807200000000000000e+04
4.561998505498634365e-02, 5.407600000000000000e+04
4.564485963789527423e-02, 5.511700000000000000e+04
4.566973422080421174e-02, 5.187000000000000000e+04
4.569460880371314232e-02, 4.447000000000000000e+04
4.571948338662207983e-02, 3.492900000000000000e+04
4.574435796953101735e-02, 2.490500000000000000e+04
4.576923255243994793e-02, 1.637500000000000000e+04
4.579410713534888544e-02, 1.100800000000000000e+04
4.581898171825781602e-02, 1.040400000000000000e+04
4.584385630116675353e-02, 1.407700000000000000e+04
4.586873088407569105e-02, 2.210100000000000000e+04
4.589360546698462162e-02, 3.206800000000000000e+04
4.591848004989355914e-02, 4.191800000000000000e+04
4.594335463280248971e-02, 5.006500000000000000e+04
4.596822921571142723e-02, 5.475300000000000000e+04
4.599310379862036474e-02, 5.487100000000000000e+04
4.601797838152929532e-02, 5.038900000000000000e+04
4.604285296443823283e-02, 4.230900000000000000e+04
4.606772754734716341e-02, 3.219100000000000000e+04
4.609260213025610092e-02, 2.215000000000000000e+04
4.611747671316503844e-02, 1.448800000000000000e+04
4.614235129607396901e-02, 1.029800000000000000e+04
4.616722587898290653e-02, 1.145300000000000000e+04
4.619210046189183710e-02, 1.627700000000000000e+04
4.621697504480077462e-02, 2.460600000000000000e+04
4.624184962770971213e-02, 3.447800000000000000e+04
4.626672421061864271e-02, 4.452200000000000000e+04
4.629159879352758022e-02, 5.194500000000000000e+04
4.631647337643651080e-02, 5.527000000000000000e+04
4.634134795934544832e-02, 5.422900000000000000e+04
4.636622254225438583e-02, 4.855800000000000000e+04
4.639109712516331641e-02, 3.987100000000000000e+04
4.641597170807225392e-02, 2.956100000000000000e+04
4.644084629098118450e-02, 1.989600000000000000e+04
4.646572087389012201e-02, 1.305600000000000000e+04
4.649059545679905953e-02, 9.883000000000000000e+03
4.651547003970799010e-02, 1.207400000000000000e+04
4.654034462261692762e-02, 1.820200000000000000e+04
4.656521920552585819e-02, 2.696900000000000000e+04
4.659009378843479571e-02, 3.723700000000000000e+04
4.661496837134373322e-02, 4.668200000000000000e+04
4.663984295425266380e-02, 5.334000000000000000e+04
4.666471753716160131e-02, 5.537200000000000000e+04
4.668959212007053189e-02, 5.282600000000000000e+04
4.671446670297946940e-02, 4.641100000000000000e+04
4.673934128588840692e-02, 3.716000000000000000e+04
4.676421586879733749e-02, 2.698700000000000000e+04
4.678909045170627501e-02, 1.767000000000000000e+04
4.681396503461520558e-02, 1.157400000000000000e+04
4.683883961752414310e-02, 1.014700000000000000e+04
4.686371420043308061e-02, 1.310000000000000000e+04
4.688858878334201119e-02, 2.038300000000000000e+04
4.691346336625094871e-02, 2.985000000000000000e+04
4.693833794915987928e-02, 3.971100000000000000e+04
4.696321253206881680e-02, 4.828500000000000000e+04
4.698808711497775431e-02, 5.417000000000000000e+04
4.701296169788668489e-02, 5.518800000000000000e+04
4.703783628079562240e-02, 5.168400000000000000e+04
4.706271086370455298e-02, 4.418600000000000000e+04
4.708758544661349049e-02, 3.419200000000000000e+04
4.711246002952242801e-02, 2.404300000000000000e+04
4.713733461243135858e-02, 1.572800000000000000e+04
4.716220919534029610e-02, 1.067900000000000000e+04
4.718708377824923361e-02, 1.058500000000000000e+04
4.721195836115816419e-02, 1.455100000000000000e+04
4.723683294406710170e-02, 2.286600000000000000e+04
4.726170752697603228e-02, 3.248900000000000000e+04
4.728658210988496979e-02, 4.264400000000000000e+04
4.731145669279390731e-02, 5.075200000000000000e+04
4.733633127570283788e-02, 5.487500000000000000e+04
4.736120585861177540e-02, 5.480900000000000000e+04
4.738608044152070597e-02, 5.007300000000000000e+04
4.741095502442964349e-02, 4.171400000000000000e+04
4.743582960733858100e-02, 3.146000000000000000e+04
4.746070419024751158e-02, 2.163400000000000000e+04
4.748557877315644909e-02, 1.422000000000000000e+04
4.751045335606537967e-02, 1.009500000000000000e+04
4.753532793897431719e-02, 1.132200000000000000e+04
4.756020252188325470e-02, 1.669400000000000000e+04
4.758507710479218528e-02, 2.546600000000000000e+04
4.760995168770112279e-02, 3.534800000000000000e+04
4.763482627061005337e-02, 4.525500000000000000e+04
4.765970085351899088e-02, 5.249700000000000000e+04
4.768457543642792840e-02, 5.528000000000000000e+04
4.770945001933685897e-02, 5.410100000000000000e+04
4.773432460224579649e-02, 4.814500000000000000e+04
4.775919918515472706e-02, 3.929700000000000000e+04
4.778407376806366458e-02, 2.901900000000000000e+04
4.780894835097260209e-02, 1.937000000000000000e+04
4.783382293388153267e-02, 1.303000000000000000e+04
4.785869751679047018e-02, 1.029800000000000000e+04
4.788357209969940076e-02, 1.235100000000000000e+04
4.790844668260833827e-02, 1.872600000000000000e+04
4.793332126551727579e-02, 2.771300000000000000e+04
4.795819584842620636e-02, 3.800900000000000000e+04
4.798307043133514388e-02, 4.725500000000000000e+04
4.800794501424407446e-02, 5.369800000000000000e+04
4.803281959715301197e-02, 5.543200000000000000e+04
4.805769418006194948e-02, 5.285600000000000000e+04
4.808256876297088006e-02, 4.606100000000000000e+04
4.810744334587981758e-02, 3.641700000000000000e+04
4.813231792878874815e-02, 2.609200000000000000e+04
4.815719251169768567e-02, 1.715300000000000000e+04
4.818206709460662318e-02, 1.148200000000000000e+04
4.820694167751555376e-02, 1.034700000000000000e+04
4.823181626042449127e-02, 1.335100000000000000e+04
4.825669084333342185e-02, 2.096800000000000000e+04
4.828156542624235936e-02, 3.080200000000000000e+04
4.830644000915129688e-02, 4.070600000000000000e+04
4.833131459206022745e-02, 4.901400000000000000e+04
4.835618917496916497e-02, 5.453600000000000000e+04
4.838106375787809554e-02, 5.515000000000000000e+04
4.840593834078703306e-02, 5.120900000000000000e+04
4.843081292369597057e-02, 4.358100000000000000e+04
4.845568750660490115e-02, 3.353800000000000000e+04
4.848056208951383866e-02, 2.329400000000000000e+04
4.850543667242276924e-02, 1.513600000000000000e+04
4.853031125533170675e-02, 1.045600000000000000e+04
4.855518583824064427e-02, 1.065700000000000000e+04
4.858006042114957485e-02, 1.517000000000000000e+04
4.860493500405851236e-02, 2.336000000000000000e+04
4.862980958696744294e-02, 3.332300000000000000e+04
4.865468416987638045e-02, 4.339900000000000000e+04
4.867955875278531797e-02, 5.110700000000000000e+04
4.870443333569424854e-02, 5.504300000000000000e+04
4.872930791860318606e-02, 5.464100000000000000e+04
4.875418250151211663e-02, 4.949000000000000000e+04
4.877905708442105415e-02, 4.114000000000000000e+04
4.880393166732999166e-02, 3.063900000000000000e+04
4.882880625023892224e-02, 2.082300000000000000e+04
4.885368083314785975e-02, 1.385900000000000000e+04
4.887855541605679033e-02, 1.015300000000000000e+04
4.890342999896572784e-02, 1.172600000000000000e+04
4.892830458187466536e-02, 1.702600000000000000e+04
4.895317916478359593e-02, 2.590100000000000000e+04
4.897805374769253345e-02, 3.603600000000000000e+04
4.900292833060146402e-02, 4.588200000000000000e+04
4.902780291351040154e-02, 5.281300000000000000e+04
4.905267749641933905e-02, 5.543500000000000000e+04
4.907755207932826963e-02, 5.366400000000000000e+04
4.910242666223720714e-02, 4.746400000000000000e+04
4.912730124514613772e-02, 3.829900000000000000e+04
4.915217582805507524e-02, 2.800800000000000000e+04
4.917705041096401275e-02, 1.872100000000000000e+04
4.920192499387294333e-02, 1.230100000000000000e+04
4.922679957678188084e-02, 1.018700000000000000e+04
4.925167415969081142e-02, 1.244800000000000000e+04
4.927654874259974893e-02, 1.920800000000000000e+04
4.930142332550868645e-02, 2.856400000000000000e+04
4.932629790841761702e-02, 3.866400000000000000e+04
4.935117249132655454e-02, 4.771600000000000000e+04
4.937604707423549205e-02, 5.404300000000000000e+04
4.940092165714442263e-02, 5.541600000000000000e+04
4.942579624005336014e-02, 5.246900000000000000e+04
4.945067082296229072e-02, 4.543700000000000000e+04
4.947554540587122823e-02, 3.558500000000000000e+04
4.950041998878016575e-02, 2.529400000000000000e+04
4.952529457168909632e-02, 1.676400000000000000e+04
4.955016915459803384e-02, 1.129000000000000000e+04
4.957504373750696441e-02, 1.034000000000000000e+04
4.959991832041590193e-02, 1.383500000000000000e+04
4.962479290332483944e-02, 2.191300000000000000e+04
4.964966748623377002e-02, 3.145400000000000000e+04
4.967454206914270753e-02, 4.143100000000000000e+04
4.969941665205163811e-02, 4.963500000000000000e+04
4.972429123496057563e-02, 5.478600000000000000e+04
4.974916581786951314e-02, 5.496200000000000000e+04
4.977404040077844372e-02, 5.077100000000000000e+04
4.979891498368738123e-02, 4.275200000000000000e+04
4.982378956659631181e-02, 3.270100000000000000e+04
4.984866414950524932e-02, 2.274700000000000000e+04
4.987353873241418684e-02, 1.492200000000000000e+04
4.989841331532311741e-02, 1.073600000000000000e+04
4.992328789823205493e-02, 1.108800000000000000e+04
4.994816248114098550e-02, 1.551000000000000000e+04
4.997303706404992302e-02, 2.403900000000000000e+04
4.999791164695886053e-02, 3.402500000000000000e+04
5.002278622986779111e-02, 4.424100000000000000e+04
5.004766081277672862e-02, 5.150300000000000000e+04
5.007253539568565920e-02, 5.531800000000000000e+04
5.009740997859459671e-02, 5.453500000000000000e+04
5.012228456150353423e-02, 4.882500000000000000e+04
5.014715914441246480e-02, 4.023100000000000000e+04
5.017203372732140232e-02, 3.007600000000000000e+04
5.019690831023033289e-02, 2.022400000000000000e+04
5.022178289313927041e-02, 1.309300000000000000e+04
5.024665747604820792e-02, 9.950000000000000000e+03
5.027153205895713850e-02, 1.169100000000000000e+04
5.029640664186607601e-02, 1.757200000000000000e+04
5.032128122477500659e-02, 2.645300000000000000e+04
5.034615580768394411e-02, 3.670800000000000000e+04
5.037103039059288162e-02, 4.621900000000000000e+04
5.039590497350181220e-02, 5.308000000000000000e+04
5.042077955641074971e-02, 5.551400000000000000e+04
5.044565413931968029e-02, 5.340800000000000000e+04
5.047052872222861780e-02, 4.678900000000000000e+04
5.049540330513755532e-02, 3.768300000000000000e+04
5.052027788804648589e-02, 2.732500000000000000e+04
5.054515247095542341e-02, 1.817400000000000000e+04
5.057002705386435398e-02, 1.191200000000000000e+04
5.059490163677329150e-02, 1.012600000000000000e+04
5.061977621968222901e-02, 1.274200000000000000e+04
5.064465080259115959e-02, 1.978100000000000000e+04
5.066952538550009710e-02, 2.904200000000000000e+04
5.069439996840902768e-02, 3.928200000000000000e+04
5.071927455131796519e-02, 4.807000000000000000e+04
5.074414913422690271e-02, 5.407600000000000000e+04
5.076902371713583328e-02, 5.520500000000000000e+04
5.079389830004477080e-02, 5.219400000000000000e+04
5.081877288295370138e-02, 4.460100000000000000e+04
5.084364746586263889e-02, 3.460900000000000000e+04
5.086852204877157640e-02, 2.467600000000000000e+04
5.089339663168050698e-02, 1.629400000000000000e+04
5.091827121458944450e-02, 1.097800000000000000e+04
5.094314579749837507e-02, 1.039000000000000000e+04
5.096802038040731259e-02, 1.436000000000000000e+04
5.099289496331625010e-02, 2.238000000000000000e+04
5.101776954622518068e-02, 3.217100000000000000e+04
5.104264412913411819e-02, 4.232300000000000000e+04
5.106751871204304877e-02, 5.025600000000000000e+04
5.109239329495198628e-02, 5.481400000000000000e+04
5.111726787786092380e-02, 5.488800000000000000e+04
5.114214246076985437e-02, 5.039400000000000000e+04
5.116701704367879189e-02, 4.193300000000000000e+04
5.119189162658772246e-02, 3.197300000000000000e+04
5.121676620949665998e-02, 2.207600000000000000e+04
5.124164079240559749e-02, 1.481200000000000000e+04
5.126651537531452807e-02, 1.044000000000000000e+04
5.129138995822346558e-02, 1.113500000000000000e+04
5.131626454113239616e-02, 1.605200000000000000e+04
5.134113912404133367e-02, 2.452700000000000000e+04
5.136601370695027119e-02, 3.481700000000000000e+04
5.139088828985920177e-02, 4.467900000000000000e+04
5.141576287276813928e-02, 5.172800000000000000e+04
5.144063745567706986e-02, 5.499800000000000000e+04
5.146551203858600737e-02, 5.412600000000000000e+04
5.149038662149494489e-02, 4.814700000000000000e+04
5.151526120440387546e-02, 3.966700000000000000e+04
5.154013578731281298e-02, 2.931100000000000000e+04
5.156501037022175049e-02, 1.956900000000000000e+04
5.158988495313068107e-02, 1.293200000000000000e+04
5.161475953603961858e-02, 9.845000000000000000e+03
5.163963411894854916e-02, 1.206400000000000000e+04
5.166450870185748667e-02, 1.820000000000000000e+04
5.168938328476642419e-02, 2.696000000000000000e+04
5.171425786767535476e-02, 3.723000000000000000e+04
5.173913245058429228e-02, 4.635100000000000000e+04
5.176400703349322285e-02, 5.307700000000000000e+04
5.178888161640216037e-02, 5.527800000000000000e+04
5.181375619931109788e-02, 5.315900000000000000e+04
5.183863078222002846e-02, 4.656500000000000000e+04
5.186350536512896597e-02, 3.693500000000000000e+04
5.188837994803789655e-02, 2.671700000000000000e+04
5.191325453094683406e-02, 1.756800000000000000e+04
5.193812911385577158e-02, 1.154300000000000000e+04
5.196300369676470216e-02, 1.013100000000000000e+04
5.198787827967363967e-02, 1.319700000000000000e+04
5.201275286258257025e-02, 2.070400000000000000e+04
5.203762744549150776e-02, 2.997900000000000000e+04
5.206250202840044528e-02, 4.012500000000000000e+04
5.208737661130937585e-02, 4.851700000000000000e+04
5.211225119421831337e-02, 5.424800000000000000e+04
5.213712577712724394e-02, 5.521100000000000000e+04
5.216200036003618146e-02, 5.169000000000000000e+04
5.218687494294511897e-02, 4.417000000000000000e+04
5.221174952585404955e-02, 3.420100000000000000e+04
5.223662410876298706e-02, 2.404700000000000000e+04
5.226149869167191764e-02, 1.610400000000000000e+04
5.228637327458085515e-02, 1.086000000000000000e+04
5.231124785748979267e-02, 1.064400000000000000e+04
5.233612244039872324e-02, 1.456800000000000000e+04
5.236099702330766076e-02, 2.287100000000000000e+04
5.238587160621659133e-02, 3.287000000000000000e+04
5.241074618912552885e-02, 4.284400000000000000e+04
5.243562077203446636e-02, 5.075700000000000000e+04
5.246049535494339694e-02, 5.456500000000000000e+04
5.248536993785233445e-02, 5.468100000000000000e+04
5.251024452076126503e-02, 4.966800000000000000e+04
5.253511910367020254e-02, 4.146700000000000000e+04
5.255999368657914006e-02, 3.137600000000000000e+04
5.258486826948807064e-02, 2.126200000000000000e+04
5.260974285239700815e-02, 1.406500000000000000e+04
5.263461743530593873e-02, 1.004700000000000000e+04
5.265949201821487624e-02, 1.130800000000000000e+04
5.268436660112381376e-02, 1.669100000000000000e+04
5.270924118403274433e-02, 2.509200000000000000e+04
5.273411576694168185e-02, 3.516900000000000000e+04
5.275899034985061242e-02, 4.500400000000000000e+04
5.278386493275954994e-02, 5.217500000000000000e+04
5.280873951566848745e-02, 5.515700000000000000e+04
5.283361409857741803e-02, 5.406400000000000000e+04
5.285848868148635554e-02, 4.813500000000000000e+04
5.288336326439528612e-02, 3.921900000000000000e+04
5.290823784730422363e-02, 2.869100000000000000e+04
5.293311243021316115e-02, 1.923800000000000000e+04
5.295798701312209172e-02, 1.263200000000000000e+04
5.298286159603102924e-02, 1.004400000000000000e+04
5.300773617893995981e-02, 1.226300000000000000e+04
5.303261076184889733e-02, 1.869500000000000000e+04
5.305748534475783484e-02, 2.770000000000000000e+04
5.308235992766676542e-02, 3.800500000000000000e+04
5.310723451057570293e-02, 4.725400000000000000e+04
5.313210909348463351e-02, 5.369800000000000000e+04
5.315698367639357103e-02, 5.505400000000000000e+04
5.318185825930250854e-02, 5.266400000000000000e+04
5.320673284221143912e-02, 4.595700000000000000e+04
5.323160742512037663e-02, 3.640800000000000000e+04
5.325648200802930721e-02, 2.609300000000000000e+04
5.328135659093824472e-02, 1.753000000000000000e+04
5.330623117384718224e-02, 1.170200000000000000e+04
5.333110575675611281e-02, 1.042100000000000000e+04
5.335598033966505033e-02, 1.337300000000000000e+04
5.338085492257398090e-02, 2.097400000000000000e+04
5.340572950548291842e-02, 3.046800000000000000e+04
5.343060408839185593e-02, 4.044900000000000000e+04
5.345547867130078651e-02, 4.892200000000000000e+04
5.348035325420972402e-02, 5.451400000000000000e+04
5.350522783711865460e-02, 5.515000000000000000e+04
5.353010242002759211e-02, 5.118300000000000000e+04
5.355497700293652963e-02, 4.359000000000000000e+04
5.357985158584546020e-02, 3.354300000000000000e+04
5.360472616875439772e-02, 2.329600000000000000e+04
5.362960075166332830e-02, 1.513600000000000000e+04
5.365447533457226581e-02, 1.045600000000000000e+04
5.367934991748120332e-02, 1.065700000000000000e+04
5.370422450039013390e-02, 1.517000000000000000e+04
5.372909908329907142e-02, 2.372600000000000000e+04
5.375397366620800893e-02, 3.355700000000000000e+04
5.377884824911693951e-02, 4.348000000000000000e+04
5.380372283202587702e-02, 5.113800000000000000e+04
5.382859741493480760e-02, 5.505600000000000000e+04
5.385347199784374511e-02, 5.464500000000000000e+04
5.387834658075268263e-02, 4.949100000000000000e+04
5.390322116366161320e-02, 4.114000000000000000e+04
5.392809574657055072e-02, 3.101100000000000000e+04
5.395297032947948129e-02, 2.100000000000000000e+04
5.397784491238841881e-02, 1.364900000000000000e+04
5.400271949529735632e-02, 9.883000000000000000e+03
5.402759407820628690e-02, 1.162300000000000000e+04
5.405246866111522441e-02, 1.699400000000000000e+04
5.407734324402415499e-02, 2.588500000000000000e+04
5.410221782693309250e-02, 3.603000000000000000e+04
5.412709240984203002e-02, 4.588000000000000000e+04
5.415196699275096059e-02, 5.281300000000000000e+04
5.417684157565989811e-02, 5.542700000000000000e+04
5.420171615856882869e-02, 5.367300000000000000e+04
5.422659074147776620e-02, 4.746800000000000000e+04
5.425146532438670371e-02, 3.829400000000000000e+04
5.427633990729563429e-02, 2.800200000000000000e+04
5.430121449020457181e-02, 1.873700000000000000e+04
5.432608907311350238e-02, 1.229200000000000000e+04
5.435096365602243990e-02, 1.018200000000000000e+04
5.437583823893137741e-02, 1.244700000000000000e+04
5.440071282184030799e-02, 1.920700000000000000e+04
5.442558740474924550e-02, 2.835200000000000000e+04
5.445046198765817608e-02, 3.836200000000000000e+04
5.447533657056711359e-02, 4.760000000000000000e+04
5.450021115347605111e-02, 5.400700000000000000e+04
5.452508573638498168e-02, 5.541400000000000000e+04
5.454996031929391920e-02, 5.241500000000000000e+04
5.457483490220284977e-02, 4.544600000000000000e+04
5.459970948511178729e-02, 3.559100000000000000e+04
5.462458406802072480e-02, 2.564800000000000000e+04
5.464945865092965538e-02, 1.701200000000000000e+04
5.467433323383859289e-02, 1.137800000000000000e+04
5.469920781674752347e-02, 1.072800000000000000e+04
