0.000000000000000000e+00, 4.142400000000000000e+04
4.978419925735985041e-06, 3.973300000000000000e+04
9.956839851471970082e-06, 3.827600000000000000e+04
1.493525977720795597e-05, 3.725200000000000000e+04
1.991367970294394016e-05, 3.675900000000000000e+04
2.489209962867992436e-05, 3.680800000000000000e+04
2.987051955441591194e-05, 3.734100000000000000e+04
3.484893948015189275e-05, 3.826600000000000000e+04
3.982735940588788033e-05, 3.947600000000000000e+04
4.480577933162386791e-05, 4.087400000000000000e+04
4.978419925735984872e-05, 4.236100000000000000e+04
5.476261918309583630e-05, 4.384600000000000000e+04
5.974103910883182388e-05, 4.525700000000000000e+04
6.471945903456780469e-05, 4.654300000000000000e+04
6.969787896030378549e-05, 4.766200000000000000e+04
7.467629888603977985e-05, 4.857700000000000000e+04
7.965471881177576066e-05, 4.926400000000000000e+04
8.463313873751174147e-05, 4.970300000000000000e+04
8.961155866324773582e-05, 4.989500000000000000e+04
9.458997858898371663e-05, 4.984800000000000000e+04
9.956839851471969744e-05, 4.957600000000000000e+04
1.045468184404556918e-04, 4.908000000000000000e+04
1.095252383661916726e-04, 4.836600000000000000e+04
1.145036582919276534e-04, 4.745500000000000000e+04
1.194820782176636478e-04, 4.637300000000000000e+04
1.244604981433996150e-04, 4.512800000000000000e+04
1.294389180691356094e-04, 4.372800000000000000e+04
1.344173379948716037e-04, 4.220000000000000000e+04
1.393957579206075710e-04, 4.057100000000000000e+04
1.443741778463435653e-04, 3.886400000000000000e+04
1.493525977720795597e-04, 3.709500000000000000e+04
1.543310176978155270e-04, 3.527400000000000000e+04
1.593094376235515213e-04, 3.341600000000000000e+04
1.642878575492875157e-04, 3.153400000000000000e+04
1.692662774750234829e-04, 2.965500000000000000e+04
1.742446974007594773e-04, 2.780300000000000000e+04
1.792231173264954716e-04, 2.599200000000000000e+04
1.842015372522314389e-04, 2.423000000000000000e+04
1.891799571779674333e-04, 2.253300000000000000e+04
1.941583771037034276e-04, 2.091700000000000000e+04
1.991367970294393949e-04, 1.939200000000000000e+04
2.041152169551753892e-04, 1.797600000000000000e+04
2.090936368809113836e-04, 1.667500000000000000e+04
2.140720568066473508e-04, 1.549800000000000000e+04
2.190504767323833452e-04, 1.447000000000000000e+04
2.240288966581193396e-04, 1.361000000000000000e+04
2.290073165838553068e-04, 1.291900000000000000e+04
2.339857365095913012e-04, 1.239800000000000000e+04
2.389641564353272955e-04, 1.204900000000000000e+04
2.439425763610632628e-04, 1.186600000000000000e+04
2.489209962867992300e-04, 1.184000000000000000e+04
2.538994162125352244e-04, 1.197500000000000000e+04
2.588778361382712188e-04, 1.228600000000000000e+04
2.638562560640072131e-04, 1.277700000000000000e+04
2.688346759897432075e-04, 1.344400000000000000e+04
2.738130959154792018e-04, 1.428100000000000000e+04
2.787915158412151420e-04, 1.527800000000000000e+04
2.837699357669511363e-04, 1.642000000000000000e+04
2.887483556926871307e-04, 1.769000000000000000e+04
2.937267756184231251e-04, 1.907200000000000000e+04
2.987051955441591194e-04, 2.056600000000000000e+04
3.036836154698951138e-04, 2.216300000000000000e+04
3.086620353956310539e-04, 2.383800000000000000e+04
3.136404553213670483e-04, 2.556800000000000000e+04
3.186188752471030426e-04, 2.734300000000000000e+04
3.235972951728390370e-04, 2.916300000000000000e+04
3.285757150985750314e-04, 3.102800000000000000e+04
3.335541350243110257e-04, 3.293000000000000000e+04
3.385325549500469659e-04, 3.484000000000000000e+04
3.435109748757829602e-04, 3.672400000000000000e+04
3.484893948015189546e-04, 3.855900000000000000e+04
3.534678147272549489e-04, 4.035100000000000000e+04
3.584462346529909433e-04, 4.209500000000000000e+04
3.634246545787268834e-04, 4.377900000000000000e+04
3.684030745044628778e-04, 4.538000000000000000e+04
3.733814944301988722e-04, 4.687300000000000000e+04
3.783599143559348665e-04, 4.824000000000000000e+04
3.833383342816708609e-04, 4.947000000000000000e+04
3.883167542074068552e-04, 5.055500000000000000e+04
3.932951741331427954e-04, 5.148800000000000000e+04
3.982735940588787897e-04, 5.225900000000000000e+04
4.032520139846147841e-04, 5.286600000000000000e+04
4.082304339103507785e-04, 5.331200000000000000e+04
4.132088538360867728e-04, 5.359000000000000000e+04
4.181872737618227672e-04, 5.369400000000000000e+04
4.231656936875587073e-04, 5.361700000000000000e+04
4.281441136132947017e-04, 5.335500000000000000e+04
4.331225335390306960e-04, 5.290700000000000000e+04
4.381009534647666904e-04, 5.228200000000000000e+04
4.430793733905026848e-04, 5.149300000000000000e+04
4.480577933162386791e-04, 5.054000000000000000e+04
4.530362132419746193e-04, 4.943400000000000000e+04
4.580146331677106136e-04, 4.820400000000000000e+04
4.629930530934466080e-04, 4.685800000000000000e+04
4.679714730191826023e-04, 4.539300000000000000e+04
4.729498929449185967e-04, 4.381300000000000000e+04
4.779283128706545911e-04, 4.214100000000000000e+04
4.829067327963905312e-04, 4.039900000000000000e+04
4.878851527221265256e-04, 3.859900000000000000e+04
4.928635726478625741e-04, 3.675400000000000000e+04
4.978419925735984601e-04, 3.487000000000000000e+04
5.028204124993344544e-04, 3.295800000000000000e+04
5.077988324250704488e-04, 3.103300000000000000e+04
5.127772523508064431e-04, 2.912800000000000000e+04
5.177556722765424375e-04, 2.726000000000000000e+04
5.227340922022784319e-04, 2.544400000000000000e+04
5.277125121280144262e-04, 2.369000000000000000e+04
5.326909320537504206e-04, 2.200900000000000000e+04
5.376693519794864149e-04, 2.041700000000000000e+04
5.426477719052224093e-04, 1.892500000000000000e+04
5.476261918309584037e-04, 1.754400000000000000e+04
5.526046117566942896e-04, 1.628300000000000000e+04
5.575830316824302840e-04, 1.515100000000000000e+04
5.625614516081662783e-04, 1.418600000000000000e+04
5.675398715339022727e-04, 1.340300000000000000e+04
5.725182914596382670e-04, 1.279800000000000000e+04
5.774967113853742614e-04, 1.237000000000000000e+04
5.824751313111102557e-04, 1.211200000000000000e+04
5.874535512368462501e-04, 1.201400000000000000e+04
5.924319711625822445e-04, 1.207000000000000000e+04
5.974103910883182388e-04, 1.228300000000000000e+04
6.023888110140542332e-04, 1.266700000000000000e+04
6.073672309397902275e-04, 1.322200000000000000e+04
6.123456508655261135e-04, 1.394600000000000000e+04
6.173240707912621078e-04, 1.483000000000000000e+04
6.223024907169981022e-04, 1.586700000000000000e+04
6.272809106427340966e-04, 1.703500000000000000e+04
6.322593305684700909e-04, 1.831400000000000000e+04
6.372377504942060853e-04, 1.969500000000000000e+04
6.422161704199420796e-04, 2.118400000000000000e+04
6.471945903456780740e-04, 2.277600000000000000e+04
6.521730102714140683e-04, 2.445200000000000000e+04
6.571514301971500627e-04, 2.619300000000000000e+04
6.621298501228860571e-04, 2.798700000000000000e+04
6.671082700486220514e-04, 2.983000000000000000e+04
6.720866899743579374e-04, 3.172000000000000000e+04
6.770651099000939317e-04, 3.363800000000000000e+04
6.820435298258299261e-04, 3.555000000000000000e+04
6.870219497515659204e-04, 3.742600000000000000e+04
6.920003696773019148e-04, 3.924600000000000000e+04
6.969787896030379092e-04, 4.102600000000000000e+04
7.019572095287739035e-04, 4.275300000000000000e+04
7.069356294545098979e-04, 4.441300000000000000e+04
7.119140493802458922e-04, 4.598000000000000000e+04
7.168924693059818866e-04, 4.742900000000000000e+04
7.218708892317178809e-04, 4.874200000000000000e+04
7.268493091574537669e-04, 4.991500000000000000e+04
7.318277290831897612e-04, 5.094000000000000000e+04
7.368061490089257556e-04, 5.180900000000000000e+04
7.417845689346617500e-04, 5.251500000000000000e+04
7.467629888603977443e-04, 5.305900000000000000e+04
7.517414087861337387e-04, 5.344300000000000000e+04
7.567198287118697330e-04, 5.364900000000000000e+04
7.616982486376057274e-04, 5.366900000000000000e+04
7.666766685633417218e-04, 5.349900000000000000e+04
7.716550884890777161e-04, 5.314400000000000000e+04
7.766335084148137105e-04, 5.261500000000000000e+04
7.816119283405497048e-04, 5.193100000000000000e+04
7.865903482662855908e-04, 5.109500000000000000e+04
7.915687681920215851e-04, 5.010500000000000000e+04
7.965471881177575795e-04, 4.897500000000000000e+04
8.015256080434935738e-04, 4.772500000000000000e+04
8.065040279692295682e-04, 4.635800000000000000e+04
8.114824478949655626e-04, 4.486600000000000000e+04
8.164608678207015569e-04, 4.326300000000000000e+04
8.214392877464375513e-04, 4.157000000000000000e+04
8.264177076721735456e-04, 3.980300000000000000e+04
8.313961275979095400e-04, 3.797900000000000000e+04
8.363745475236455344e-04, 3.611000000000000000e+04
8.413529674493815287e-04, 3.420700000000000000e+04
8.463313873751174147e-04, 3.228500000000000000e+04
8.513098073008534090e-04, 3.036500000000000000e+04
8.562882272265894034e-04, 2.847500000000000000e+04
8.612666471523253977e-04, 2.663000000000000000e+04
8.662450670780613921e-04, 2.483900000000000000e+04
8.712234870037973864e-04, 2.311400000000000000e+04
8.762019069295333808e-04, 2.146600000000000000e+04
8.811803268552693752e-04, 1.990900000000000000e+04
8.861587467810053695e-04, 1.845800000000000000e+04
8.911371667067413639e-04, 1.711500000000000000e+04
8.961155866324773582e-04, 1.589200000000000000e+04
9.010940065582132442e-04, 1.480500000000000000e+04
9.060724264839492385e-04, 1.388200000000000000e+04
9.110508464096852329e-04, 1.312800000000000000e+04
9.160292663354212273e-04, 1.254400000000000000e+04
9.210076862611572216e-04, 1.213400000000000000e+04
9.259861061868932160e-04, 1.189800000000000000e+04
9.309645261126292103e-04, 1.182600000000000000e+04
9.359429460383652047e-04, 1.191700000000000000e+04
9.409213659641011990e-04, 1.217900000000000000e+04
9.458997858898371934e-04, 1.262300000000000000e+04
9.508782058155731878e-04, 1.324000000000000000e+04
9.558566257413091821e-04, 1.402100000000000000e+04
9.608350456670450681e-04, 1.495600000000000000e+04
9.658134655927810624e-04, 1.603900000000000000e+04
9.707918855185170568e-04, 1.725000000000000000e+04
9.757703054442530511e-04, 1.857900000000000000e+04
9.807487253699891539e-04, 2.002000000000000000e+04
9.857271452957251483e-04, 2.157500000000000000e+04
9.907055652214609258e-04, 2.323100000000000000e+04
9.956839851471969201e-04, 2.496000000000000000e+04
1.000662405072932915e-03, 2.674700000000000000e+04
1.005640824998668909e-03, 2.858200000000000000e+04
1.010619244924404903e-03, 3.046000000000000000e+04
1.015597664850140898e-03, 3.237900000000000000e+04
1.020576084775876892e-03, 3.431300000000000000e+04
1.025554504701612886e-03, 3.622900000000000000e+04
1.030532924627348881e-03, 3.809800000000000000e+04
1.035511344553084875e-03, 3.991100000000000000e+04
1.040489764478820869e-03, 4.167700000000000000e+04
1.045468184404556864e-03, 4.338200000000000000e+04
1.050446604330292858e-03, 4.500700000000000000e+04
1.055425024256028852e-03, 4.652800000000000000e+04
1.060403444181764847e-03, 4.792500000000000000e+04
1.065381864107500841e-03, 4.918300000000000000e+04
1.070360284033236836e-03, 5.029900000000000000e+04
1.075338703958972830e-03, 5.126600000000000000e+04
1.080317123884708824e-03, 5.207800000000000000e+04
1.085295543810444819e-03, 5.272900000000000000e+04
1.090273963736180813e-03, 5.322400000000000000e+04
1.095252383661916807e-03, 5.355800000000000000e+04
1.100230803587652802e-03, 5.372000000000000000e+04
1.105209223513388579e-03, 5.370700000000000000e+04
1.110187643439124574e-03, 5.350600000000000000e+04
1.115166063364860568e-03, 5.312500000000000000e+04
1.120144483290596562e-03, 5.257100000000000000e+04
1.125122903216332557e-03, 5.185700000000000000e+04
1.130101323142068551e-03, 5.098000000000000000e+04
1.135079743067804545e-03, 4.994400000000000000e+04
1.140058162993540540e-03, 4.876900000000000000e+04
1.145036582919276534e-03, 4.746700000000000000e+04
1.150015002845012528e-03, 4.603600000000000000e+04
1.154993422770748523e-03, 4.447400000000000000e+04
1.159971842696484517e-03, 4.280800000000000000e+04
1.164950262622220511e-03, 4.106100000000000000e+04
1.169928682547956506e-03, 3.925500000000000000e+04
1.174907102473692500e-03, 3.740300000000000000e+04
1.179885522399428495e-03, 3.551400000000000000e+04
1.184863942325164489e-03, 3.360000000000000000e+04
1.189842362250900483e-03, 3.167400000000000000e+04
1.194820782176636478e-03, 2.976100000000000000e+04
1.199799202102372472e-03, 2.788200000000000000e+04
1.204777622028108466e-03, 2.605300000000000000e+04
1.209756041953844461e-03, 2.427800000000000000e+04
1.214734461879580455e-03, 2.257100000000000000e+04
1.219712881805316449e-03, 2.094500000000000000e+04
1.224691301731052227e-03, 1.941300000000000000e+04
1.229669721656788221e-03, 1.799000000000000000e+04
1.234648141582524216e-03, 1.668400000000000000e+04
1.239626561508260210e-03, 1.550300000000000000e+04
1.244604981433996204e-03, 1.447100000000000000e+04
1.249583401359732199e-03, 1.360900000000000000e+04
1.254561821285468193e-03, 1.291600000000000000e+04
1.259540241211204187e-03, 1.239400000000000000e+04
1.264518661136940182e-03, 1.204800000000000000e+04
1.269497081062676176e-03, 1.187100000000000000e+04
1.274475500988412171e-03, 1.185400000000000000e+04
1.279453920914148165e-03, 1.199500000000000000e+04
1.284432340839884159e-03, 1.230600000000000000e+04
1.289410760765620154e-03, 1.279500000000000000e+04
1.294389180691356148e-03, 1.345800000000000000e+04
1.299367600617092142e-03, 1.429000000000000000e+04
1.304346020542828137e-03, 1.528100000000000000e+04
1.309324440468564131e-03, 1.641900000000000000e+04
1.314302860394300125e-03, 1.768400000000000000e+04
1.319281280320036120e-03, 1.906300000000000000e+04
1.324259700245772114e-03, 2.055600000000000000e+04
1.329238120171508108e-03, 2.215700000000000000e+04
1.334216540097244103e-03, 2.384800000000000000e+04
1.339194960022979880e-03, 2.560500000000000000e+04
1.344173379948715875e-03, 2.741700000000000000e+04
1.349151799874451869e-03, 2.927600000000000000e+04
1.354130219800187863e-03, 3.117800000000000000e+04
1.359108639725923858e-03, 3.311100000000000000e+04
1.364087059651659852e-03, 3.504300000000000000e+04
1.369065479577395847e-03, 3.694100000000000000e+04
1.374043899503131841e-03, 3.878100000000000000e+04
1.379022319428867835e-03, 4.057000000000000000e+04
1.384000739354603830e-03, 4.230500000000000000e+04
1.388979159280339824e-03, 4.397700000000000000e+04
1.393957579206075818e-03, 4.556100000000000000e+04
1.398935999131811813e-03, 4.703400000000000000e+04
1.403914419057547807e-03, 4.838100000000000000e+04
1.408892838983283801e-03, 4.959100000000000000e+04
1.413871258909019796e-03, 5.066000000000000000e+04
1.418849678834755790e-03, 5.157800000000000000e+04
1.423828098760491784e-03, 5.233700000000000000e+04
1.428806518686227779e-03, 5.293300000000000000e+04
1.433784938611963773e-03, 5.337000000000000000e+04
1.438763358537699768e-03, 5.364000000000000000e+04
1.443741778463435762e-03, 5.373700000000000000e+04
1.448720198389171756e-03, 5.365400000000000000e+04
1.453698618314907534e-03, 5.338700000000000000e+04
1.458677038240643528e-03, 5.294000000000000000e+04
1.463655458166379522e-03, 5.232600000000000000e+04
1.468633878092115517e-03, 5.155900000000000000e+04
1.473612298017851511e-03, 5.063700000000000000e+04
1.478590717943587506e-03, 4.956700000000000000e+04
1.483569137869323500e-03, 4.837100000000000000e+04
1.488547557795059494e-03, 4.705400000000000000e+04
1.493525977720795489e-03, 4.560900000000000000e+04
1.498504397646531483e-03, 4.404100000000000000e+04
1.503482817572267477e-03, 4.237300000000000000e+04
1.508461237498003472e-03, 4.062700000000000000e+04
1.513439657423739466e-03, 3.881800000000000000e+04
1.518418077349475460e-03, 3.695900000000000000e+04
1.523396497275211455e-03, 3.505900000000000000e+04
1.528374917200947449e-03, 3.313300000000000000e+04
1.533353337126683444e-03, 3.119600000000000000e+04
1.538331757052419438e-03, 2.927700000000000000e+04
1.543310176978155432e-03, 2.739300000000000000e+04
1.548288596903891427e-03, 2.556000000000000000e+04
1.553267016829627421e-03, 2.378900000000000000e+04
1.558245436755363415e-03, 2.209100000000000000e+04
1.563223856681099410e-03, 2.048400000000000000e+04
1.568202276606835404e-03, 1.897900000000000000e+04
1.573180696532571182e-03, 1.758600000000000000e+04
1.578159116458307176e-03, 1.631500000000000000e+04
1.583137536384043170e-03, 1.517500000000000000e+04
1.588115956309779165e-03, 1.419700000000000000e+04
1.593094376235515159e-03, 1.338800000000000000e+04
1.598072796161251153e-03, 1.275400000000000000e+04
1.603051216086987148e-03, 1.230500000000000000e+04
1.608029636012723142e-03, 1.204200000000000000e+04
1.613008055938459136e-03, 1.194900000000000000e+04
1.617986475864195131e-03, 1.201700000000000000e+04
1.622964895789931125e-03, 1.224600000000000000e+04
1.627943315715667119e-03, 1.264700000000000000e+04
1.632921735641403114e-03, 1.321800000000000000e+04
1.637900155567139108e-03, 1.395400000000000000e+04
1.642878575492875103e-03, 1.484800000000000000e+04
1.647856995418611097e-03, 1.589200000000000000e+04
1.652835415344347091e-03, 1.706800000000000000e+04
1.657813835270083086e-03, 1.836300000000000000e+04
1.662792255195819080e-03, 1.976800000000000000e+04
1.667770675121555074e-03, 2.129000000000000000e+04
1.672749095047291069e-03, 2.292000000000000000e+04
1.677727514973027063e-03, 2.463200000000000000e+04
1.682705934898763057e-03, 2.640200000000000000e+04
1.687684354824498835e-03, 2.821700000000000000e+04
1.692662774750234829e-03, 3.007100000000000000e+04
1.697641194675970824e-03, 3.196500000000000000e+04
1.702619614601706818e-03, 3.387900000000000000e+04
1.707598034527442812e-03, 3.578000000000000000e+04
1.712576454453178807e-03, 3.764100000000000000e+04
1.717554874378914801e-03, 3.944400000000000000e+04
1.722533294304650795e-03, 4.120300000000000000e+04
1.727511714230386790e-03, 4.290800000000000000e+04
1.732490134156122784e-03, 4.454600000000000000e+04
1.737468554081858779e-03, 4.609400000000000000e+04
1.742446974007594773e-03, 4.752600000000000000e+04
1.747425393933330767e-03, 4.882600000000000000e+04
1.752403813859066762e-03, 4.998700000000000000e+04
1.757382233784802756e-03, 5.100200000000000000e+04
1.762360653710538750e-03, 5.186200000000000000e+04
1.767339073636274745e-03, 5.256100000000000000e+04
1.772317493562010739e-03, 5.309800000000000000e+04
1.777295913487746733e-03, 5.347600000000000000e+04
1.782274333413482728e-03, 5.368400000000000000e+04
1.787252753339218722e-03, 5.371800000000000000e+04
1.792231173264954716e-03, 5.357200000000000000e+04
1.797209593190690711e-03, 5.324900000000000000e+04
1.802188013116426488e-03, 5.275600000000000000e+04
1.807166433042162483e-03, 5.210400000000000000e+04
1.812144852967898477e-03, 5.129500000000000000e+04
1.817123272893634471e-03, 5.032400000000000000e+04
1.822101692819370466e-03, 4.920500000000000000e+04
1.827080112745106460e-03, 4.795700000000000000e+04
1.832058532670842455e-03, 4.658500000000000000e+04
1.837036952596578449e-03, 4.508300000000000000e+04
1.842015372522314443e-03, 4.346600000000000000e+04
1.846993792448050438e-03, 4.176000000000000000e+04
1.851972212373786432e-03, 3.998300000000000000e+04
1.856950632299522426e-03, 3.814900000000000000e+04
1.861929052225258421e-03, 3.626600000000000000e+04
1.866907472150994415e-03, 3.434600000000000000e+04
1.871885892076730409e-03, 3.240600000000000000e+04
1.876864312002466404e-03, 3.046600000000000000e+04
1.881842731928202398e-03, 2.855800000000000000e+04
1.886821151853938392e-03, 2.669600000000000000e+04
1.891799571779674387e-03, 2.489000000000000000e+04
1.896777991705410381e-03, 2.315300000000000000e+04
1.901756411631146376e-03, 2.149400000000000000e+04
1.906734831556882370e-03, 1.992900000000000000e+04
1.911713251482618364e-03, 1.847100000000000000e+04
1.916691671408354359e-03, 1.712500000000000000e+04
1.921670091334090136e-03, 1.590200000000000000e+04
1.926648511259826130e-03, 1.481500000000000000e+04
1.931626931185562125e-03, 1.389100000000000000e+04
1.936605351111298119e-03, 1.313500000000000000e+04
1.941583771037034114e-03, 1.254800000000000000e+04
1.946562190962770108e-03, 1.213700000000000000e+04
1.951540610888506102e-03, 1.189900000000000000e+04
1.956519030814242097e-03, 1.182500000000000000e+04
1.961497450739978308e-03, 1.191400000000000000e+04
1.966475870665714085e-03, 1.217500000000000000e+04
1.971454290591450297e-03, 1.261800000000000000e+04
1.976432710517186074e-03, 1.323900000000000000e+04
1.981411130442921852e-03, 1.403000000000000000e+04
1.986389550368658063e-03, 1.498500000000000000e+04
1.991367970294393840e-03, 1.609900000000000000e+04
1.996346390220130051e-03, 1.734900000000000000e+04
2.001324810145865829e-03, 1.871600000000000000e+04
2.006303230071602040e-03, 2.019200000000000000e+04
2.011281649997337818e-03, 2.177400000000000000e+04
2.016260069923074029e-03, 2.344600000000000000e+04
2.021238489848809806e-03, 2.518400000000000000e+04
2.026216909774546018e-03, 2.697200000000000000e+04
2.031195329700281795e-03, 2.880000000000000000e+04
2.036173749626018006e-03, 3.066700000000000000e+04
2.041152169551753784e-03, 3.257000000000000000e+04
2.046130589477489995e-03, 3.448500000000000000e+04
2.051109009403225773e-03, 3.637700000000000000e+04
2.056087429328961984e-03, 3.822300000000000000e+04
2.061065849254697761e-03, 4.001700000000000000e+04
2.066044269180433973e-03, 4.176700000000000000e+04
2.071022689106169750e-03, 4.346000000000000000e+04
2.076001109031905961e-03, 4.507500000000000000e+04
2.080979528957641739e-03, 4.658800000000000000e+04
2.085957948883377950e-03, 4.797800000000000000e+04
2.090936368809113727e-03, 4.923000000000000000e+04
2.095914788734849505e-03, 5.034100000000000000e+04
2.100893208660585716e-03, 5.130300000000000000e+04
2.105871628586321494e-03, 5.210700000000000000e+04
2.110850048512057705e-03, 5.274900000000000000e+04
2.115828468437793482e-03, 5.322800000000000000e+04
2.120806888363529694e-03, 5.353200000000000000e+04
2.125785308289265471e-03, 5.365600000000000000e+04
2.130763728215001682e-03, 5.360000000000000000e+04
2.135742148140737460e-03, 5.336000000000000000e+04
2.140720568066473671e-03, 5.294600000000000000e+04
2.145698987992209449e-03, 5.236800000000000000e+04
2.150677407917945660e-03, 5.164000000000000000e+04
2.155655827843681437e-03, 5.075800000000000000e+04
2.160634247769417648e-03, 4.972400000000000000e+04
2.165612667695153426e-03, 4.855800000000000000e+04
2.170591087620889637e-03, 4.727200000000000000e+04
2.175569507546625415e-03, 4.586500000000000000e+04
2.180547927472361626e-03, 4.433200000000000000e+04
2.185526347398097403e-03, 4.269100000000000000e+04
2.190504767323833615e-03, 4.096400000000000000e+04
2.195483187249569392e-03, 3.917200000000000000e+04
2.200461607175305603e-03, 3.733000000000000000e+04
2.205440027101041381e-03, 3.544700000000000000e+04
2.210418447026777158e-03, 3.353900000000000000e+04
2.215396866952513370e-03, 3.161700000000000000e+04
2.220375286878249147e-03, 2.970700000000000000e+04
2.225353706803985358e-03, 2.783200000000000000e+04
2.230332126729721136e-03, 2.600800000000000000e+04
2.235310546655457347e-03, 2.423900000000000000e+04
2.240288966581193125e-03, 2.253900000000000000e+04
2.245267386506929336e-03, 2.092300000000000000e+04
2.250245806432665113e-03, 1.939800000000000000e+04
2.255224226358401324e-03, 1.798000000000000000e+04
2.260202646284137102e-03, 1.667600000000000000e+04
2.265181066209873313e-03, 1.549500000000000000e+04
2.270159486135609091e-03, 1.446300000000000000e+04
2.275137906061345302e-03, 1.359900000000000000e+04
2.280116325987081079e-03, 1.290500000000000000e+04
2.285094745912817291e-03, 1.238300000000000000e+04
2.290073165838553068e-03, 1.203600000000000000e+04
2.295051585764289279e-03, 1.185900000000000000e+04
2.300030005690025057e-03, 1.184400000000000000e+04
2.305008425615761268e-03, 1.199400000000000000e+04
2.309986845541497046e-03, 1.231700000000000000e+04
2.314965265467233257e-03, 1.281500000000000000e+04
2.319943685392969034e-03, 1.348200000000000000e+04
2.324922105318704812e-03, 1.431200000000000000e+04
2.329900525244441023e-03, 1.529800000000000000e+04
2.334878945170176801e-03, 1.643000000000000000e+04
2.339857365095913012e-03, 1.768800000000000000e+04
2.344835785021648789e-03, 1.906100000000000000e+04
2.349814204947385000e-03, 2.054800000000000000e+04
2.354792624873120778e-03, 2.214600000000000000e+04
2.359771044798856989e-03, 2.383400000000000000e+04
2.364749464724592767e-03, 2.558800000000000000e+04
2.369727884650328978e-03, 2.739400000000000000e+04
2.374706304576064755e-03, 2.924700000000000000e+04
2.379684724501800967e-03, 3.114700000000000000e+04
2.384663144427536744e-03, 3.308000000000000000e+04
2.389641564353272955e-03, 3.501500000000000000e+04
2.394619984279008733e-03, 3.691700000000000000e+04
2.399598404204744944e-03, 3.876200000000000000e+04
2.404576824130480722e-03, 4.055600000000000000e+04
2.409555244056216933e-03, 4.229600000000000000e+04
2.414533663981952710e-03, 4.397200000000000000e+04
2.419512083907688921e-03, 4.556000000000000000e+04
2.424490503833424699e-03, 4.703500000000000000e+04
2.429468923759160910e-03, 4.838100000000000000e+04
2.434447343684896688e-03, 4.958800000000000000e+04
2.439425763610632899e-03, 5.065200000000000000e+04
2.444404183536368676e-03, 5.156700000000000000e+04
2.449382603462104454e-03, 5.232600000000000000e+04
2.454361023387840665e-03, 5.292300000000000000e+04
2.459339443313576443e-03, 5.336300000000000000e+04
2.464317863239312654e-03, 5.363700000000000000e+04
2.469296283165048431e-03, 5.373700000000000000e+04
2.474274703090784643e-03, 5.365700000000000000e+04
2.479253123016520420e-03, 5.339200000000000000e+04
2.484231542942256631e-03, 5.294700000000000000e+04
2.489209962867992409e-03, 5.233400000000000000e+04
2.494188382793728620e-03, 5.156400000000000000e+04
2.499166802719464398e-03, 5.063000000000000000e+04
2.504145222645200609e-03, 4.954300000000000000e+04
2.509123642570936386e-03, 4.833400000000000000e+04
2.514102062496672597e-03, 4.701200000000000000e+04
2.519080482422408375e-03, 4.557000000000000000e+04
2.524058902348144586e-03, 4.401000000000000000e+04
2.529037322273880364e-03, 4.235200000000000000e+04
2.534015742199616575e-03, 4.061700000000000000e+04
2.538994162125352352e-03, 3.881800000000000000e+04
2.543972582051088564e-03, 3.696700000000000000e+04
2.548951001976824341e-03, 3.507400000000000000e+04
2.553929421902560552e-03, 3.315200000000000000e+04
2.558907841828296330e-03, 3.121900000000000000e+04
2.563886261754032107e-03, 2.930400000000000000e+04
2.568864681679768319e-03, 2.742800000000000000e+04
2.573843101605504096e-03, 2.561700000000000000e+04
2.578821521531240307e-03, 2.387900000000000000e+04
2.583799941456976085e-03, 2.222000000000000000e+04
2.588778361382712296e-03, 2.065100000000000000e+04
2.593756781308448073e-03, 1.917700000000000000e+04
2.598735201234184285e-03, 1.780700000000000000e+04
2.603713621159920062e-03, 1.655000000000000000e+04
2.608692041085656273e-03, 1.541500000000000000e+04
2.613670461011392051e-03, 1.443400000000000000e+04
2.618648880937128262e-03, 1.361600000000000000e+04
2.623627300862864040e-03, 1.296300000000000000e+04
2.628605720788600251e-03, 1.248200000000000000e+04
2.633584140714336028e-03, 1.217200000000000000e+04
2.638562560640072240e-03, 1.202400000000000000e+04
2.643540980565808017e-03, 1.203300000000000000e+04
2.648519400491544228e-03, 1.220700000000000000e+04
2.653497820417280006e-03, 1.256100000000000000e+04
2.658476240343016217e-03, 1.309500000000000000e+04
2.663454660268751995e-03, 1.380600000000000000e+04
2.668433080194488206e-03, 1.468500000000000000e+04
2.673411500120223983e-03, 1.572100000000000000e+04
2.678389920045959761e-03, 1.689800000000000000e+04
2.683368339971695972e-03, 1.819900000000000000e+04
2.688346759897431749e-03, 1.961200000000000000e+04
2.693325179823167961e-03, 2.113900000000000000e+04
2.698303599748903738e-03, 2.276700000000000000e+04
2.703282019674639949e-03, 2.446500000000000000e+04
2.708260439600375727e-03, 2.621200000000000000e+04
2.713238859526111938e-03, 2.800100000000000000e+04
2.718217279451847716e-03, 2.983100000000000000e+04
2.723195699377583927e-03, 3.170700000000000000e+04
2.728174119303319704e-03, 3.361000000000000000e+04
2.733152539229055916e-03, 3.551000000000000000e+04
2.738130959154791693e-03, 3.737500000000000000e+04
2.743109379080527904e-03, 3.918900000000000000e+04
2.748087799006263682e-03, 4.096400000000000000e+04
2.753066218931999893e-03, 4.268700000000000000e+04
2.758044638857735670e-03, 4.434300000000000000e+04
2.763023058783471882e-03, 4.590900000000000000e+04
2.768001478709207659e-03, 4.736000000000000000e+04
2.772979898634943870e-03, 4.867900000000000000e+04
2.777958318560679648e-03, 4.986000000000000000e+04
2.782936738486415859e-03, 5.089300000000000000e+04
2.787915158412151637e-03, 5.177100000000000000e+04
2.792893578337887414e-03, 5.248500000000000000e+04
2.797871998263623625e-03, 5.303600000000000000e+04
2.802850418189359403e-03, 5.342600000000000000e+04
2.807828838115095614e-03, 5.364300000000000000e+04
2.812807258040831392e-03, 5.368600000000000000e+04
2.817785677966567603e-03, 5.354400000000000000e+04
2.822764097892303380e-03, 5.321900000000000000e+04
2.827742517818039591e-03, 5.271800000000000000e+04
2.832720937743775369e-03, 5.206100000000000000e+04
2.837699357669511580e-03, 5.125300000000000000e+04
2.842677777595247358e-03, 5.028700000000000000e+04
2.847656197520983569e-03, 4.917400000000000000e+04
2.852634617446719346e-03, 4.793500000000000000e+04
2.857613037372455558e-03, 4.657200000000000000e+04
2.862591457298191335e-03, 4.507800000000000000e+04
2.867569877223927546e-03, 4.346800000000000000e+04
2.872548297149663324e-03, 4.176600000000000000e+04
2.877526717075399535e-03, 3.999300000000000000e+04
2.882505137001135313e-03, 3.816300000000000000e+04
2.887483556926871524e-03, 3.628700000000000000e+04
2.892461976852607301e-03, 3.437800000000000000e+04
2.897440396778343513e-03, 3.246000000000000000e+04
2.902418816704079290e-03, 3.055500000000000000e+04
2.907397236629815068e-03, 2.868400000000000000e+04
2.912375656555551279e-03, 2.686000000000000000e+04
2.917354076481287056e-03, 2.508400000000000000e+04
2.922332496407023267e-03, 2.337000000000000000e+04
2.927310916332759045e-03, 2.172400000000000000e+04
2.932289336258495256e-03, 2.016400000000000000e+04
2.937267756184231034e-03, 1.870200000000000000e+04
2.942246176109967245e-03, 1.734700000000000000e+04
2.947224596035703022e-03, 1.611100000000000000e+04
2.952203015961439234e-03, 1.501200000000000000e+04
2.957181435887175011e-03, 1.407600000000000000e+04
2.962159855812911222e-03, 1.330600000000000000e+04
2.967138275738647000e-03, 1.270200000000000000e+04
2.972116695664383211e-03, 1.227200000000000000e+04
2.977095115590118989e-03, 1.201400000000000000e+04
2.982073535515855200e-03, 1.192200000000000000e+04
2.987051955441590977e-03, 1.199400000000000000e+04
2.992030375367327188e-03, 1.224000000000000000e+04
2.997008795293062966e-03, 1.266900000000000000e+04
3.001987215218799177e-03, 1.327900000000000000e+04
3.006965635144534955e-03, 1.406100000000000000e+04
3.011944055070271166e-03, 1.500600000000000000e+04
3.016922474996006943e-03, 1.610300000000000000e+04
3.021900894921743155e-03, 1.733400000000000000e+04
3.026879314847478932e-03, 1.868700000000000000e+04
3.031857734773214710e-03, 2.015700000000000000e+04
3.036836154698950921e-03, 2.174000000000000000e+04
3.041814574624686698e-03, 2.341800000000000000e+04
3.046792994550422910e-03, 2.516400000000000000e+04
3.051771414476158687e-03, 2.696000000000000000e+04
3.056749834401894898e-03, 2.879700000000000000e+04
3.061728254327630676e-03, 3.067100000000000000e+04
3.066706674253366887e-03, 3.258000000000000000e+04
3.071685094179102665e-03, 3.449900000000000000e+04
3.076663514104838876e-03, 3.639300000000000000e+04
3.081641934030574653e-03, 3.823800000000000000e+04
3.086620353956310864e-03, 4.002900000000000000e+04
3.091598773882046642e-03, 4.177600000000000000e+04
3.096577193807782853e-03, 4.346800000000000000e+04
3.101555613733518631e-03, 4.508300000000000000e+04
3.106534033659254842e-03, 4.659600000000000000e+04
3.111512453584990619e-03, 4.798600000000000000e+04
3.116490873510726831e-03, 4.923900000000000000e+04
3.121469293436462608e-03, 5.035000000000000000e+04
3.126447713362198819e-03, 5.131200000000000000e+04
3.131426133287934597e-03, 5.211600000000000000e+04
3.136404553213670808e-03, 5.275800000000000000e+04
3.141382973139406586e-03, 5.324000000000000000e+04
3.146361393065142363e-03, 5.356000000000000000e+04
3.151339812990878574e-03, 5.371000000000000000e+04
3.156318232916614352e-03, 5.369100000000000000e+04
3.161296652842350563e-03, 5.349000000000000000e+04
3.166275072768086341e-03, 5.311300000000000000e+04
3.171253492693822552e-03, 5.256500000000000000e+04
3.176231912619558329e-03, 5.185700000000000000e+04
3.181210332545294540e-03, 5.098700000000000000e+04
3.186188752471030318e-03, 4.995600000000000000e+04
3.191167172396766529e-03, 4.878500000000000000e+04
3.196145592322502307e-03, 4.749000000000000000e+04
3.201124012248238518e-03, 4.606800000000000000e+04
3.206102432173974295e-03, 4.452000000000000000e+04
3.211080852099710507e-03, 4.286800000000000000e+04
3.216059272025446284e-03, 4.113100000000000000e+04
3.221037691951182495e-03, 3.932700000000000000e+04
3.226016111876918273e-03, 3.746900000000000000e+04
3.230994531802654484e-03, 3.556900000000000000e+04
3.235972951728390262e-03, 3.364200000000000000e+04
3.240951371654126473e-03, 3.170100000000000000e+04
3.245929791579862250e-03, 2.977500000000000000e+04
3.250908211505598461e-03, 2.788400000000000000e+04
3.255886631431334239e-03, 2.604700000000000000e+04
3.260865051357070016e-03, 2.426700000000000000e+04
3.265843471282806228e-03, 2.255900000000000000e+04
3.270821891208542005e-03, 2.093600000000000000e+04
3.275800311134278216e-03, 1.940800000000000000e+04
3.280778731060013994e-03, 1.799000000000000000e+04
3.285757150985750205e-03, 1.668500000000000000e+04
3.290735570911485983e-03, 1.550300000000000000e+04
3.295713990837222194e-03, 1.447000000000000000e+04
3.300692410762957971e-03, 1.360400000000000000e+04
3.305670830688694183e-03, 1.290700000000000000e+04
3.310649250614429960e-03, 1.238300000000000000e+04
3.315627670540166171e-03, 1.203400000000000000e+04
3.320606090465901949e-03, 1.185600000000000000e+04
3.325584510391638160e-03, 1.184000000000000000e+04
3.330562930317373938e-03, 1.198900000000000000e+04
3.335541350243110149e-03, 1.231400000000000000e+04
3.340519770168845926e-03, 1.282000000000000000e+04
3.345498190094582137e-03, 1.350400000000000000e+04
3.350476610020317915e-03, 1.436300000000000000e+04
3.355455029946054126e-03, 1.538700000000000000e+04
3.360433449871789904e-03, 1.655800000000000000e+04
3.365411869797526115e-03, 1.785300000000000000e+04
3.370390289723261892e-03, 1.925400000000000000e+04
3.375368709648997670e-03, 2.076100000000000000e+04
3.380347129574733881e-03, 2.236900000000000000e+04
3.385325549500469659e-03, 2.405900000000000000e+04
3.390303969426205870e-03, 2.580800000000000000e+04
3.395282389351941647e-03, 2.760400000000000000e+04
3.400260809277677859e-03, 2.944100000000000000e+04
3.405239229203413636e-03, 3.132000000000000000e+04
3.410217649129149847e-03, 3.322900000000000000e+04
3.415196069054885625e-03, 3.514300000000000000e+04
3.420174488980621836e-03, 3.702800000000000000e+04
3.425152908906357613e-03, 3.885700000000000000e+04
3.430131328832093825e-03, 4.063900000000000000e+04
3.435109748757829602e-03, 4.236900000000000000e+04
3.440088168683565813e-03, 4.403600000000000000e+04
3.445066588609301591e-03, 4.561700000000000000e+04
3.450045008535037802e-03, 4.708500000000000000e+04
3.455023428460773580e-03, 4.842500000000000000e+04
3.460001848386509791e-03, 4.962700000000000000e+04
3.464980268312245568e-03, 5.068500000000000000e+04
3.469958688237981780e-03, 5.159200000000000000e+04
3.474937108163717557e-03, 5.234000000000000000e+04
3.479915528089453768e-03, 5.293000000000000000e+04
3.484893948015189546e-03, 5.336500000000000000e+04
3.489872367940925323e-03, 5.363700000000000000e+04
3.494850787866661534e-03, 5.373700000000000000e+04
3.499829207792397312e-03, 5.365900000000000000e+04
3.504807627718133523e-03, 5.339600000000000000e+04
3.509786047643869301e-03, 5.295200000000000000e+04
3.514764467569605512e-03, 5.234200000000000000e+04
3.519742887495341289e-03, 5.157300000000000000e+04
3.524721307421077501e-03, 5.064000000000000000e+04
3.529699727346813278e-03, 4.955200000000000000e+04
3.534678147272549489e-03, 4.833300000000000000e+04
3.539656567198285267e-03, 4.699000000000000000e+04
3.544634987124021478e-03, 4.551500000000000000e+04
3.549613407049757256e-03, 4.391400000000000000e+04
3.554591826975493467e-03, 4.221700000000000000e+04
3.559570246901229244e-03, 4.044600000000000000e+04
3.564548666826965456e-03, 3.862000000000000000e+04
3.569527086752701233e-03, 3.675200000000000000e+04
3.574505506678437444e-03, 3.485000000000000000e+04
3.579483926604173222e-03, 3.292900000000000000e+04
3.584462346529909433e-03, 3.100100000000000000e+04
3.589440766455645210e-03, 2.909800000000000000e+04
3.594419186381381422e-03, 2.723400000000000000e+04
3.599397606307117199e-03, 2.542300000000000000e+04
3.604376026232852977e-03, 2.367400000000000000e+04
3.609354446158589188e-03, 2.199500000000000000e+04
3.614332866084324965e-03, 2.040300000000000000e+04
3.619311286010061177e-03, 1.890800000000000000e+04
3.624289705935796954e-03, 1.752300000000000000e+04
3.629268125861533165e-03, 1.625900000000000000e+04
3.634246545787268943e-03, 1.512400000000000000e+04
3.639224965713005154e-03, 1.415000000000000000e+04
3.644203385638740932e-03, 1.334600000000000000e+04
3.649181805564477143e-03, 1.271100000000000000e+04
3.654160225490212920e-03, 1.225000000000000000e+04
3.659138645415949131e-03, 1.196400000000000000e+04
3.664117065341684909e-03, 1.184300000000000000e+04
3.669095485267421120e-03, 1.188400000000000000e+04
3.674073905193156898e-03, 1.208600000000000000e+04
3.679052325118893109e-03, 1.246100000000000000e+04
3.684030745044628886e-03, 1.301200000000000000e+04
3.689009164970365098e-03, 1.373500000000000000e+04
3.693987584896100875e-03, 1.462200000000000000e+04
3.698966004821837086e-03, 1.566500000000000000e+04
3.703944424747572864e-03, 1.684700000000000000e+04
3.708922844673309075e-03, 1.815200000000000000e+04
3.713901264599044853e-03, 1.957000000000000000e+04
3.718879684524781064e-03, 2.110100000000000000e+04
3.723858104450516841e-03, 2.273600000000000000e+04
3.728836524376252619e-03, 2.445100000000000000e+04
3.733814944301988830e-03, 2.622300000000000000e+04
3.738793364227724608e-03, 2.803000000000000000e+04
3.743771784153460819e-03, 2.986800000000000000e+04
3.748750204079196596e-03, 3.174300000000000000e+04
3.753728624004932807e-03, 3.363900000000000000e+04
3.758707043930668585e-03, 3.552800000000000000e+04
3.763685463856404796e-03, 3.738200000000000000e+04
3.768663883782140574e-03, 3.918500000000000000e+04
3.773642303707876785e-03, 4.095100000000000000e+04
3.778620723633612562e-03, 4.266700000000000000e+04
3.783599143559348774e-03, 4.431900000000000000e+04
3.788577563485084551e-03, 4.588000000000000000e+04
3.793555983410820762e-03, 4.732600000000000000e+04
3.798534403336556540e-03, 4.864000000000000000e+04
3.803512823262292751e-03, 4.981700000000000000e+04
3.808491243188028529e-03, 5.085100000000000000e+04
3.813469663113764740e-03, 5.173200000000000000e+04
3.818448083039500517e-03, 5.245100000000000000e+04
3.823426502965236728e-03, 5.300800000000000000e+04
3.828404922890972506e-03, 5.340400000000000000e+04
3.833383342816708717e-03, 5.362700000000000000e+04
3.838361762742444495e-03, 5.367500000000000000e+04
3.843340182668180272e-03, 5.353700000000000000e+04
3.848318602593916483e-03, 5.321600000000000000e+04
3.853297022519652261e-03, 5.271600000000000000e+04
3.858275442445388472e-03, 5.205300000000000000e+04
3.863253862371124250e-03, 5.122800000000000000e+04
3.868232282296860461e-03, 5.023300000000000000e+04
3.873210702222596238e-03, 4.908400000000000000e+04
3.878189122148332450e-03, 4.780600000000000000e+04
3.883167542074068227e-03, 4.640700000000000000e+04
3.888145961999804438e-03, 4.488500000000000000e+04
3.893124381925540216e-03, 4.325500000000000000e+04
3.898102801851276427e-03, 4.154300000000000000e+04
3.903081221777012205e-03, 3.976800000000000000e+04
3.908059641702748416e-03, 3.794300000000000000e+04
3.913038061628484193e-03, 3.607700000000000000e+04
3.918016481554219971e-03, 3.418000000000000000e+04
3.922994901479956616e-03, 3.226300000000000000e+04
3.927973321405692393e-03, 3.034700000000000000e+04
3.932951741331428171e-03, 2.845700000000000000e+04
3.937930161257163948e-03, 2.660900000000000000e+04
3.942908581182900593e-03, 2.481200000000000000e+04
3.947887001108636371e-03, 2.308300000000000000e+04
3.952865421034372148e-03, 2.143000000000000000e+04
3.957843840960107926e-03, 1.986900000000000000e+04
3.962822260885843703e-03, 1.841500000000000000e+04
3.967800680811580348e-03, 1.707400000000000000e+04
3.972779100737316126e-03, 1.585600000000000000e+04
3.977757520663051903e-03, 1.477700000000000000e+04
3.982735940588787681e-03, 1.386400000000000000e+04
3.987714360514524325e-03, 1.312100000000000000e+04
3.992692780440260103e-03, 1.254600000000000000e+04
3.997671200365995881e-03, 1.214100000000000000e+04
4.002649620291731658e-03, 1.190500000000000000e+04
4.007628040217468303e-03, 1.182900000000000000e+04
4.012606460143204080e-03, 1.191500000000000000e+04
4.017584880068939858e-03, 1.217200000000000000e+04
4.022563299994675635e-03, 1.261000000000000000e+04
4.027541719920412280e-03, 1.322700000000000000e+04
4.032520139846148058e-03, 1.401500000000000000e+04
4.037498559771883835e-03, 1.496500000000000000e+04
4.042476979697619613e-03, 1.606800000000000000e+04
4.047455399623356258e-03, 1.730100000000000000e+04
4.052433819549092035e-03, 1.865000000000000000e+04
4.057412239474827813e-03, 2.011200000000000000e+04
4.062390659400563590e-03, 2.168900000000000000e+04
4.067369079326300235e-03, 2.336800000000000000e+04
4.072347499252036013e-03, 2.511800000000000000e+04
4.077325919177771790e-03, 2.692200000000000000e+04
4.082304339103507568e-03, 2.876800000000000000e+04
4.087282759029243345e-03, 3.065200000000000000e+04
4.092261178954979990e-03, 3.256900000000000000e+04
4.097239598880715768e-03, 3.449500000000000000e+04
4.102218018806451545e-03, 3.639500000000000000e+04
4.107196438732187323e-03, 3.824500000000000000e+04
4.112174858657923968e-03, 4.003800000000000000e+04
4.117153278583659745e-03, 4.178500000000000000e+04
4.122131698509395523e-03, 4.347500000000000000e+04
4.127110118435131300e-03, 4.508700000000000000e+04
4.132088538360867945e-03, 4.660000000000000000e+04
4.137066958286603723e-03, 4.799000000000000000e+04
4.142045378212339500e-03, 4.924400000000000000e+04
4.147023798138075278e-03, 5.035500000000000000e+04
4.152002218063811922e-03, 5.131800000000000000e+04
4.156980637989547700e-03, 5.212300000000000000e+04
4.161959057915283478e-03, 5.276500000000000000e+04
4.166937477841019255e-03, 5.324800000000000000e+04
4.171915897766755900e-03, 5.356800000000000000e+04
4.176894317692491677e-03, 5.371500000000000000e+04
4.181872737618227455e-03, 5.368700000000000000e+04
4.186851157543963232e-03, 5.347500000000000000e+04
4.191829577469699010e-03, 5.308800000000000000e+04
4.196807997395435655e-03, 5.253700000000000000e+04
4.201786417321171432e-03, 5.183100000000000000e+04
4.206764837246907210e-03, 5.096600000000000000e+04
4.211743257172642987e-03, 4.994200000000000000e+04
4.216721677098379632e-03, 4.877800000000000000e+04
4.221700097024115410e-03, 4.748900000000000000e+04
4.226678516949851187e-03, 4.607400000000000000e+04
4.231656936875586965e-03, 4.453000000000000000e+04
4.236635356801323610e-03, 4.288100000000000000e+04
4.241613776727059387e-03, 4.114800000000000000e+04
4.246592196652795165e-03, 3.935000000000000000e+04
4.251570616578530942e-03, 3.750100000000000000e+04
4.256549036504267587e-03, 3.560700000000000000e+04
4.261527456430003365e-03, 3.368100000000000000e+04
4.266505876355739142e-03, 3.173700000000000000e+04
4.271484296281474920e-03, 2.980500000000000000e+04
4.276462716207211565e-03, 2.790800000000000000e+04
4.281441136132947342e-03, 2.606400000000000000e+04
4.286419556058683120e-03, 2.427800000000000000e+04
4.291397975984418897e-03, 2.256400000000000000e+04
4.296376395910155542e-03, 2.093600000000000000e+04
4.301354815835891320e-03, 1.940500000000000000e+04
4.306333235761627097e-03, 1.798400000000000000e+04
4.311311655687362875e-03, 1.668100000000000000e+04
4.316290075613098652e-03, 1.550100000000000000e+04
4.321268495538835297e-03, 1.446900000000000000e+04
4.326246915464571074e-03, 1.360400000000000000e+04
4.331225335390306852e-03, 1.290700000000000000e+04
4.336203755316042630e-03, 1.238200000000000000e+04
4.341182175241779274e-03, 1.203200000000000000e+04
4.346160595167515052e-03, 1.185200000000000000e+04
4.351139015093250829e-03, 1.183500000000000000e+04
4.356117435018986607e-03, 1.198300000000000000e+04
4.361095854944723252e-03, 1.230800000000000000e+04
4.366074274870459029e-03, 1.281400000000000000e+04
4.371052694796194807e-03, 1.349600000000000000e+04
4.376031114721930584e-03, 1.434500000000000000e+04
4.381009534647667229e-03, 1.534900000000000000e+04
4.385987954573403007e-03, 1.648900000000000000e+04
4.390966374499138784e-03, 1.774600000000000000e+04
4.395944794424874562e-03, 1.911000000000000000e+04
4.400923214350611207e-03, 2.058300000000000000e+04
4.405901634276346984e-03, 2.216500000000000000e+04
4.410880054202082762e-03, 2.383800000000000000e+04
4.415858474127818539e-03, 2.558000000000000000e+04
4.420836894053554317e-03, 2.737500000000000000e+04
4.425815313979290962e-03, 2.921900000000000000e+04
4.430793733905026739e-03, 3.110900000000000000e+04
4.435772153830762517e-03, 3.303300000000000000e+04
4.440750573756498294e-03, 3.495900000000000000e+04
4.445728993682234939e-03, 3.685600000000000000e+04
4.450707413607970717e-03, 3.870000000000000000e+04
4.455685833533706494e-03, 4.049800000000000000e+04
4.460664253459442272e-03, 4.224600000000000000e+04
4.465642673385178917e-03, 4.393200000000000000e+04
4.470621093310914694e-03, 4.553000000000000000e+04
4.475599513236650472e-03, 4.701400000000000000e+04
4.480577933162386249e-03, 4.836800000000000000e+04
4.485556353088122894e-03, 4.958200000000000000e+04
4.490534773013858671e-03, 5.065100000000000000e+04
4.495513192939594449e-03, 5.156600000000000000e+04
4.500491612865330227e-03, 5.232000000000000000e+04
4.505470032791066871e-03, 5.291100000000000000e+04
4.510448452716802649e-03, 5.334400000000000000e+04
4.515426872642538426e-03, 5.361500000000000000e+04
4.520405292568274204e-03, 5.371600000000000000e+04
4.525383712494010849e-03, 5.364000000000000000e+04
4.530362132419746626e-03, 5.338100000000000000e+04
4.535340552345482404e-03, 5.294200000000000000e+04
4.540318972271218181e-03, 5.233600000000000000e+04
4.545297392196953959e-03, 5.157100000000000000e+04
4.550275812122690604e-03, 5.064100000000000000e+04
4.555254232048426381e-03, 4.955600000000000000e+04
4.560232651974162159e-03, 4.833900000000000000e+04
4.565211071899897936e-03, 4.699900000000000000e+04
4.570189491825634581e-03, 4.553200000000000000e+04
4.575167911751370359e-03, 4.394600000000000000e+04
4.580146331677106136e-03, 4.227500000000000000e+04
4.585124751602841914e-03, 4.054000000000000000e+04
4.590103171528578559e-03, 3.875400000000000000e+04
4.595081591454314336e-03, 3.692100000000000000e+04
4.600060011380050114e-03, 3.504800000000000000e+04
4.605038431305785891e-03, 3.314700000000000000e+04
4.610016851231522536e-03, 3.123000000000000000e+04
4.614995271157258314e-03, 2.932900000000000000e+04
4.619973691082994091e-03, 2.746100000000000000e+04
4.624952111008729869e-03, 2.563900000000000000e+04
4.629930530934466514e-03, 2.387600000000000000e+04
4.634908950860202291e-03, 2.218100000000000000e+04
4.639887370785938069e-03, 2.057400000000000000e+04
4.644865790711673846e-03, 1.906400000000000000e+04
4.649844210637409624e-03, 1.766200000000000000e+04
4.654822630563146268e-03, 1.638100000000000000e+04
4.659801050488882046e-03, 1.522900000000000000e+04
4.664779470414617824e-03, 1.423900000000000000e+04
4.669757890340353601e-03, 1.342000000000000000e+04
4.674736310266090246e-03, 1.277200000000000000e+04
4.679714730191826023e-03, 1.229900000000000000e+04
4.684693150117561801e-03, 1.200400000000000000e+04
4.689671570043297578e-03, 1.187500000000000000e+04
4.694649989969034223e-03, 1.191000000000000000e+04
4.699628409894770001e-03, 1.211400000000000000e+04
4.704606829820505778e-03, 1.250100000000000000e+04
4.709585249746241556e-03, 1.307700000000000000e+04
4.714563669671978201e-03, 1.383500000000000000e+04
4.719542089597713978e-03, 1.476000000000000000e+04
4.724520509523449756e-03, 1.583800000000000000e+04
4.729498929449185533e-03, 1.704700000000000000e+04
4.734477349374922178e-03, 1.837100000000000000e+04
4.739455769300657956e-03, 1.979800000000000000e+04
4.744434189226393733e-03, 2.133000000000000000e+04
4.749412609152129511e-03, 2.296000000000000000e+04
4.754391029077866156e-03, 2.466500000000000000e+04
4.759369449003601933e-03, 2.642500000000000000e+04
4.764347868929337711e-03, 2.823100000000000000e+04
4.769326288855073488e-03, 3.007900000000000000e+04
4.774304708780809266e-03, 3.197200000000000000e+04
4.779283128706545911e-03, 3.388900000000000000e+04
4.784261548632281688e-03, 3.579800000000000000e+04
4.789239968558017466e-03, 3.766800000000000000e+04
4.794218388483753243e-03, 3.947800000000000000e+04
4.799196808409489888e-03, 4.124400000000000000e+04
4.804175228335225666e-03, 4.295300000000000000e+04
4.809153648260961443e-03, 4.459200000000000000e+04
4.814132068186697221e-03, 4.613600000000000000e+04
4.819110488112433865e-03, 4.756100000000000000e+04
4.824088908038169643e-03, 4.885300000000000000e+04
4.829067327963905421e-03, 5.000500000000000000e+04
4.834045747889641198e-03, 5.101300000000000000e+04
4.839024167815377843e-03, 5.187100000000000000e+04
4.844002587741113620e-03, 5.257000000000000000e+04
4.848981007666849398e-03, 5.310900000000000000e+04
4.853959427592585175e-03, 5.349000000000000000e+04
4.858937847518321820e-03, 5.370100000000000000e+04
4.863916267444057598e-03, 5.373800000000000000e+04
4.868894687369793375e-03, 5.359100000000000000e+04
4.873873107295529153e-03, 5.326200000000000000e+04
4.878851527221265798e-03, 5.275500000000000000e+04
4.883829947147001575e-03, 5.208600000000000000e+04
4.888808367072737353e-03, 5.125800000000000000e+04
4.893786786998473130e-03, 5.026800000000000000e+04
4.898765206924208908e-03, 4.912900000000000000e+04
4.903743626849945553e-03, 4.786000000000000000e+04
4.908722046775681330e-03, 4.646200000000000000e+04
4.913700466701417108e-03, 4.493600000000000000e+04
4.918678886627152885e-03, 4.329800000000000000e+04
4.923657306552889530e-03, 4.157500000000000000e+04
4.928635726478625308e-03, 3.978800000000000000e+04
4.933614146404361085e-03, 3.795300000000000000e+04
4.938592566330096863e-03, 3.607900000000000000e+04
4.943570986255833508e-03, 3.417500000000000000e+04
4.948549406181569285e-03, 3.225300000000000000e+04
4.953527826107305063e-03, 3.033500000000000000e+04
4.958506246033040840e-03, 2.844600000000000000e+04
4.963484665958777485e-03, 2.660300000000000000e+04
4.968463085884513263e-03, 2.481000000000000000e+04
4.973441505810249040e-03, 2.308300000000000000e+04
4.978419925735984818e-03, 2.143000000000000000e+04
4.983398345661721462e-03, 1.986800000000000000e+04
4.988376765587457240e-03, 1.841200000000000000e+04
4.993355185513193017e-03, 1.706800000000000000e+04
4.998333605438928795e-03, 1.584800000000000000e+04
5.003312025364664573e-03, 1.476700000000000000e+04
5.008290445290401217e-03, 1.385300000000000000e+04
5.013268865216136995e-03, 1.310900000000000000e+04
5.018247285141872772e-03, 1.253500000000000000e+04
5.023225705067608550e-03, 1.213600000000000000e+04
5.028204124993345195e-03, 1.191300000000000000e+04
5.033182544919080972e-03, 1.186400000000000000e+04
5.038160964844816750e-03, 1.198700000000000000e+04
5.043139384770552527e-03, 1.228500000000000000e+04
5.048117804696289172e-03, 1.276100000000000000e+04
5.053096224622024950e-03, 1.341000000000000000e+04
5.058074644547760727e-03, 1.422100000000000000e+04
5.063053064473496505e-03, 1.518500000000000000e+04
5.068031484399233150e-03, 1.629200000000000000e+04
5.073009904324968927e-03, 1.752200000000000000e+04
5.077988324250704705e-03, 1.886300000000000000e+04
5.082966744176440482e-03, 2.031100000000000000e+04
5.087945164102177127e-03, 2.186600000000000000e+04
5.092923584027912905e-03, 2.351800000000000000e+04
5.097902003953648682e-03, 2.524400000000000000e+04
5.102880423879384460e-03, 2.702800000000000000e+04
5.107858843805121105e-03, 2.885900000000000000e+04
5.112837263730856882e-03, 3.073200000000000000e+04
5.117815683656592660e-03, 3.264000000000000000e+04
5.122794103582328437e-03, 3.455900000000000000e+04
5.127772523508064215e-03, 3.645300000000000000e+04
5.132750943433800860e-03, 3.829700000000000000e+04
5.137729363359536637e-03, 4.008600000000000000e+04
5.142707783285272415e-03, 4.182800000000000000e+04
5.147686203211008192e-03, 4.351200000000000000e+04
5.152664623136744837e-03, 4.511700000000000000e+04
5.157643043062480614e-03, 4.662000000000000000e+04
5.162621462988216392e-03, 4.800200000000000000e+04
5.167599882913952170e-03, 4.925000000000000000e+04
5.172578302839688814e-03, 5.035900000000000000e+04
5.177556722765424592e-03, 5.132200000000000000e+04
5.182535142691160369e-03, 5.212800000000000000e+04
5.187513562616896147e-03, 5.277200000000000000e+04
5.192491982542632792e-03, 5.325600000000000000e+04
5.197470402468368569e-03, 5.357700000000000000e+04
5.202448822394104347e-03, 5.372600000000000000e+04
5.207427242319840124e-03, 5.369800000000000000e+04
5.212405662245576769e-03, 5.348500000000000000e+04
5.217384082171312547e-03, 5.309100000000000000e+04
5.222362502097048324e-03, 5.252500000000000000e+04
5.227340922022784102e-03, 5.179300000000000000e+04
5.232319341948519879e-03, 5.089100000000000000e+04
5.237297761874256524e-03, 4.982700000000000000e+04
5.242276181799992302e-03, 4.862600000000000000e+04
5.247254601725728079e-03, 4.730600000000000000e+04
5.252233021651463857e-03, 4.586800000000000000e+04
5.257211441577200502e-03, 4.431000000000000000e+04
5.262189861502936279e-03, 4.265700000000000000e+04
5.267168281428672057e-03, 4.092700000000000000e+04
5.272146701354407834e-03, 3.913800000000000000e+04
5.277125121280144479e-03, 3.730300000000000000e+04
5.282103541205880257e-03, 3.542700000000000000e+04
5.287081961131616034e-03, 3.352400000000000000e+04
5.292060381057351812e-03, 3.160400000000000000e+04
5.297038800983088457e-03, 2.969100000000000000e+04
5.302017220908824234e-03, 2.781100000000000000e+04
5.306995640834560012e-03, 2.597900000000000000e+04
5.311974060760295789e-03, 2.420400000000000000e+04
5.316952480686032434e-03, 2.249900000000000000e+04
5.321930900611768211e-03, 2.087900000000000000e+04
5.326909320537503989e-03, 1.935400000000000000e+04
5.331887740463239767e-03, 1.793900000000000000e+04
5.336866160388976411e-03, 1.664100000000000000e+04
5.341844580314712189e-03, 1.546800000000000000e+04
5.346823000240447966e-03, 1.444600000000000000e+04
5.351801420166183744e-03, 1.359100000000000000e+04
5.356779840091919521e-03, 1.290100000000000000e+04
5.361758260017656166e-03, 1.237900000000000000e+04
5.366736679943391944e-03, 1.203000000000000000e+04
5.371715099869127721e-03, 1.184900000000000000e+04
5.376693519794863499e-03, 1.183100000000000000e+04
5.381671939720600144e-03, 1.197700000000000000e+04
5.386650359646335921e-03, 1.230000000000000000e+04
5.391628779572071699e-03, 1.280500000000000000e+04
5.396607199497807476e-03, 1.348500000000000000e+04
5.401585619423544121e-03, 1.433400000000000000e+04
5.406564039349279899e-03, 1.534100000000000000e+04
5.411542459275015676e-03, 1.649200000000000000e+04
5.416520879200751454e-03, 1.776700000000000000e+04
5.421499299126488099e-03, 1.914500000000000000e+04
5.426477719052223876e-03, 2.062400000000000000e+04
5.431456138977959654e-03, 2.220400000000000000e+04
5.436434558903695431e-03, 2.387100000000000000e+04
5.441412978829432076e-03, 2.560200000000000000e+04
5.446391398755167854e-03, 2.738700000000000000e+04
5.451369818680903631e-03, 2.922100000000000000e+04
5.456348238606639409e-03, 3.110200000000000000e+04
5.461326658532376054e-03, 3.301900000000000000e+04
5.466305078458111831e-03, 3.494000000000000000e+04
5.471283498383847609e-03, 3.683300000000000000e+04
5.476261918309583386e-03, 3.867300000000000000e+04
5.481240338235319164e-03, 4.046800000000000000e+04
5.486218758161055808e-03, 4.221500000000000000e+04
5.491197178086791586e-03, 4.390200000000000000e+04
5.496175598012527364e-03, 4.550200000000000000e+04
5.501154017938263141e-03, 4.699000000000000000e+04
5.506132437863999786e-03, 4.834800000000000000e+04
5.511110857789735563e-03, 4.956700000000000000e+04
5.516089277715471341e-03, 5.063800000000000000e+04
5.521067697641207118e-03, 5.155700000000000000e+04
5.526046117566943763e-03, 5.231400000000000000e+04
5.531024537492679541e-03, 5.290700000000000000e+04
5.536002957418415318e-03, 5.334000000000000000e+04
5.540981377344151096e-03, 5.360600000000000000e+04
5.545959797269887741e-03, 5.369900000000000000e+04
5.550938217195623518e-03, 5.361700000000000000e+04
5.555916637121359296e-03, 5.335700000000000000e+04
5.560895057047095073e-03, 5.292000000000000000e+04
5.565873476972831718e-03, 5.231800000000000000e+04
5.570851896898567496e-03, 5.155900000000000000e+04
5.575830316824303273e-03, 5.063400000000000000e+04
5.580808736750039051e-03, 4.955400000000000000e+04
5.585787156675774828e-03, 4.834200000000000000e+04
5.590765576601511473e-03, 4.700500000000000000e+04
5.595743996527247251e-03, 4.554000000000000000e+04
5.600722416452983028e-03, 4.395400000000000000e+04
5.605700836378718806e-03, 4.227100000000000000e+04
5.610679256304455451e-03, 4.051200000000000000e+04
5.615657676230191228e-03, 3.869100000000000000e+04
5.620636096155927006e-03, 3.681900000000000000e+04
5.625614516081662783e-03, 3.490800000000000000e+04
5.630592936007399428e-03, 3.297300000000000000e+04
5.635571355933135206e-03, 3.103200000000000000e+04
5.640549775858870983e-03, 2.911500000000000000e+04
5.645528195784606761e-03, 2.723900000000000000e+04
5.650506615710343405e-03, 2.541800000000000000e+04
5.655485035636079183e-03, 2.366200000000000000e+04
5.660463455561814961e-03, 2.198000000000000000e+04
5.665441875487550738e-03, 2.038800000000000000e+04
5.670420295413287383e-03, 1.889700000000000000e+04
5.675398715339023160e-03, 1.751600000000000000e+04
5.680377135264758938e-03, 1.625400000000000000e+04
5.685355555190494715e-03, 1.512000000000000000e+04
5.690333975116231360e-03, 1.414500000000000000e+04
5.695312395041967138e-03, 1.333800000000000000e+04
5.700290814967702915e-03, 1.270100000000000000e+04
5.705269234893438693e-03, 1.223900000000000000e+04
5.710247654819174470e-03, 1.195100000000000000e+04
5.715226074744911115e-03, 1.183000000000000000e+04
5.720204494670646893e-03, 1.187100000000000000e+04
5.725182914596382670e-03, 1.208100000000000000e+04
5.730161334522118448e-03, 1.247000000000000000e+04
5.735139754447855093e-03, 1.303800000000000000e+04
5.740118174373590870e-03, 1.377700000000000000e+04
5.745096594299326648e-03, 1.467300000000000000e+04
5.750075014225062425e-03, 1.571600000000000000e+04
5.755053434150799070e-03, 1.689000000000000000e+04
5.760031854076534848e-03, 1.818200000000000000e+04
5.765010274002270625e-03, 1.958600000000000000e+04
5.769988693928006403e-03, 2.110400000000000000e+04
5.774967113853743048e-03, 2.272800000000000000e+04
5.779945533779478825e-03, 2.443400000000000000e+04
5.784923953705214603e-03, 2.620300000000000000e+04
5.789902373630950380e-03, 2.802200000000000000e+04
5.794880793556687025e-03, 2.988500000000000000e+04
5.799859213482422803e-03, 3.179300000000000000e+04
5.804837633408158580e-03, 3.371900000000000000e+04
5.809816053333894358e-03, 3.562200000000000000e+04
5.814794473259630135e-03, 3.747300000000000000e+04
5.819772893185366780e-03, 3.925900000000000000e+04
5.824751313111102557e-03, 4.100000000000000000e+04
5.829729733036838335e-03, 4.269000000000000000e+04
5.834708152962574113e-03, 4.431600000000000000e+04
5.839686572888310757e-03, 4.585600000000000000e+04
5.844664992814046535e-03, 4.728500000000000000e+04
5.849643412739782312e-03, 4.858700000000000000e+04
5.854621832665518090e-03, 4.975500000000000000e+04
5.859600252591254735e-03, 5.078000000000000000e+04
5.864578672516990512e-03, 5.165400000000000000e+04
5.869557092442726290e-03, 5.236800000000000000e+04
5.874535512368462067e-03, 5.292600000000000000e+04
5.879513932294198712e-03, 5.332700000000000000e+04
5.884492352219934490e-03, 5.355900000000000000e+04
5.889470772145670267e-03, 5.361700000000000000e+04
5.894449192071406045e-03, 5.349000000000000000e+04
5.899427611997142690e-03, 5.317900000000000000e+04
5.904406031922878467e-03, 5.268800000000000000e+04
5.909384451848614245e-03, 5.203300000000000000e+04
5.914362871774350022e-03, 5.121700000000000000e+04
5.919341291700086667e-03, 5.023600000000000000e+04
5.924319711625822445e-03, 4.910700000000000000e+04
5.929298131551558222e-03, 4.785100000000000000e+04
5.934276551477294000e-03, 4.647000000000000000e+04
5.939254971403029777e-03, 4.495600000000000000e+04
5.944233391328766422e-03, 4.332400000000000000e+04
5.949211811254502200e-03, 4.160100000000000000e+04
5.954190231180237977e-03, 3.981100000000000000e+04
5.959168651105973755e-03, 3.797000000000000000e+04
5.964147071031710400e-03, 3.608800000000000000e+04
5.969125490957446177e-03, 3.417800000000000000e+04
5.974103910883181955e-03, 3.225000000000000000e+04
5.979082330808917732e-03, 3.032700000000000000e+04
5.984060750734654377e-03, 2.843500000000000000e+04
5.989039170660390154e-03, 2.659000000000000000e+04
5.994017590586125932e-03, 2.479700000000000000e+04
5.998996010511861710e-03, 2.307300000000000000e+04
6.003974430437598354e-03, 2.142300000000000000e+04
6.008952850363334132e-03, 1.986300000000000000e+04
6.013931270289069909e-03, 1.840700000000000000e+04
6.018909690214805687e-03, 1.706300000000000000e+04
6.023888110140542332e-03, 1.584200000000000000e+04
6.028866530066278109e-03, 1.476100000000000000e+04
6.033844949992013887e-03, 1.384700000000000000e+04
6.038823369917749664e-03, 1.310200000000000000e+04
6.043801789843486309e-03, 1.252800000000000000e+04
6.048780209769222087e-03, 1.212900000000000000e+04
6.053758629694957864e-03, 1.190200000000000000e+04
6.058737049620693642e-03, 1.183800000000000000e+04
6.063715469546429419e-03, 1.194100000000000000e+04
6.068693889472166064e-03, 1.222500000000000000e+04
6.073672309397901842e-03, 1.269800000000000000e+04
6.078650729323637619e-03, 1.335200000000000000e+04
6.083629149249373397e-03, 1.417300000000000000e+04
6.088607569175110042e-03, 1.515100000000000000e+04
6.093585989100845819e-03, 1.627200000000000000e+04
6.098564409026581597e-03, 1.751500000000000000e+04
6.103542828952317374e-03, 1.886600000000000000e+04
6.108521248878054019e-03, 2.032200000000000000e+04
6.113499668803789797e-03, 2.188400000000000000e+04
6.118478088729525574e-03, 2.353800000000000000e+04
6.123456508655261352e-03, 2.526000000000000000e+04
6.128434928580997997e-03, 2.703600000000000000e+04
6.133413348506733774e-03, 2.886000000000000000e+04
6.138391768432469552e-03, 3.073000000000000000e+04
6.143370188358205329e-03, 3.263900000000000000e+04
6.148348608283941974e-03, 3.456000000000000000e+04
6.153327028209677751e-03, 3.645800000000000000e+04
6.158305448135413529e-03, 3.830600000000000000e+04
6.163283868061149307e-03, 4.009800000000000000e+04
6.168262287986885084e-03, 4.184300000000000000e+04
6.173240707912621729e-03, 4.352800000000000000e+04
6.178219127838357506e-03, 4.513400000000000000e+04
6.183197547764093284e-03, 4.663700000000000000e+04
6.188175967689829061e-03, 4.801700000000000000e+04
6.193154387615565706e-03, 4.926100000000000000e+04
6.198132807541301484e-03, 5.036700000000000000e+04
6.203111227467037261e-03, 5.132700000000000000e+04
6.208089647392773039e-03, 5.213200000000000000e+04
6.213068067318509684e-03, 5.277600000000000000e+04
6.218046487244245461e-03, 5.326000000000000000e+04
6.223024907169981239e-03, 5.358200000000000000e+04
6.228003327095717016e-03, 5.373200000000000000e+04
6.232981747021453661e-03, 5.370500000000000000e+04
6.237960166947189439e-03, 5.349200000000000000e+04
6.242938586872925216e-03, 5.309800000000000000e+04
6.247917006798660994e-03, 5.253300000000000000e+04
6.252895426724397639e-03, 5.181000000000000000e+04
6.257873846650133416e-03, 5.092000000000000000e+04
6.262852266575869194e-03, 4.986400000000000000e+04
6.267830686501604971e-03, 4.866400000000000000e+04
6.272809106427341616e-03, 4.734100000000000000e+04
6.277787526353077394e-03, 4.589700000000000000e+04
6.282765946278813171e-03, 4.433200000000000000e+04
6.287744366204548949e-03, 4.267000000000000000e+04
6.292722786130284726e-03, 4.093300000000000000e+04
6.297701206056021371e-03, 3.913700000000000000e+04
6.302679625981757149e-03, 3.729700000000000000e+04
6.307658045907492926e-03, 3.541800000000000000e+04
6.312636465833228704e-03, 3.351200000000000000e+04
6.317614885758965348e-03, 3.159300000000000000e+04
6.322593305684701126e-03, 2.968900000000000000e+04
6.327571725610436904e-03, 2.783300000000000000e+04
6.332550145536172681e-03, 2.603900000000000000e+04
6.337528565461909326e-03, 2.430600000000000000e+04
6.342506985387645103e-03, 2.264100000000000000e+04
6.347485405313380881e-03, 2.105500000000000000e+04
6.352463825239116658e-03, 1.955500000000000000e+04
6.357442245164853303e-03, 1.815600000000000000e+04
6.362420665090589081e-03, 1.686400000000000000e+04
6.367399085016324858e-03, 1.569000000000000000e+04
6.372377504942060636e-03, 1.466100000000000000e+04
6.377355924867797281e-03, 1.379400000000000000e+04
6.382334344793533058e-03, 1.309400000000000000e+04
6.387312764719268836e-03, 1.256600000000000000e+04
6.392291184645004613e-03, 1.222400000000000000e+04
6.397269604570740391e-03, 1.206200000000000000e+04
6.402248024496477036e-03, 1.206600000000000000e+04
6.407226444422212813e-03, 1.223500000000000000e+04
6.412204864347948591e-03, 1.257500000000000000e+04
6.417183284273684368e-03, 1.308900000000000000e+04
6.422161704199421013e-03, 1.377100000000000000e+04
6.427140124125156791e-03, 1.461400000000000000e+04
6.432118544050892568e-03, 1.561000000000000000e+04
6.437096963976628346e-03, 1.674400000000000000e+04
6.442075383902364991e-03, 1.800100000000000000e+04
6.447053803828100768e-03, 1.936800000000000000e+04
6.452032223753836546e-03, 2.084300000000000000e+04
6.457010643679572323e-03, 2.241600000000000000e+04
6.461989063605308968e-03, 2.406600000000000000e+04
6.466967483531044746e-03, 2.577600000000000000e+04
6.471945903456780523e-03, 2.753500000000000000e+04
6.476924323382516301e-03, 2.934200000000000000e+04
6.481902743308252945e-03, 3.119700000000000000e+04
6.486881163233988723e-03, 3.309100000000000000e+04
6.491859583159724501e-03, 3.499200000000000000e+04
6.496838003085460278e-03, 3.686800000000000000e+04
6.501816423011196923e-03, 3.869400000000000000e+04
6.506794842936932700e-03, 4.047900000000000000e+04
6.511773262862668478e-03, 4.221500000000000000e+04
6.516751682788404255e-03, 4.388900000000000000e+04
6.521730102714140033e-03, 4.546400000000000000e+04
6.526708522639876678e-03, 4.691600000000000000e+04
6.531686942565612455e-03, 4.823300000000000000e+04
6.536665362491348233e-03, 4.941100000000000000e+04
6.541643782417084010e-03, 5.044900000000000000e+04
6.546622202342820655e-03, 5.134200000000000000e+04
6.551600622268556433e-03, 5.208400000000000000e+04
6.556579042194292210e-03, 5.267100000000000000e+04
6.561557462120027988e-03, 5.310600000000000000e+04
6.566535882045764633e-03, 5.338000000000000000e+04
6.571514301971500410e-03, 5.348500000000000000e+04
6.576492721897236188e-03, 5.341300000000000000e+04
6.581471141822971965e-03, 5.316100000000000000e+04
6.586449561748708610e-03, 5.273700000000000000e+04
6.591427981674444388e-03, 5.215200000000000000e+04
6.596406401600180165e-03, 5.141300000000000000e+04
6.601384821525915943e-03, 5.050900000000000000e+04
6.606363241451652588e-03, 4.945000000000000000e+04
6.611341661377388365e-03, 4.825700000000000000e+04
6.616320081303124143e-03, 4.693800000000000000e+04
6.621298501228859920e-03, 4.548800000000000000e+04
6.626276921154595698e-03, 4.391400000000000000e+04
6.631255341080332343e-03, 4.224200000000000000e+04
6.636233761006068120e-03, 4.049200000000000000e+04
6.641212180931803898e-03, 3.868100000000000000e+04
6.646190600857539675e-03, 3.682100000000000000e+04
6.651169020783276320e-03, 3.491700000000000000e+04
6.656147440709012097e-03, 3.298600000000000000e+04
6.661125860634747875e-03, 3.104600000000000000e+04
6.666104280560483653e-03, 2.912700000000000000e+04
6.671082700486220297e-03, 2.724900000000000000e+04
6.676061120411956075e-03, 2.542500000000000000e+04
6.681039540337691852e-03, 2.366500000000000000e+04
6.686017960263427630e-03, 2.198000000000000000e+04
6.690996380189164275e-03, 2.038500000000000000e+04
6.695974800114900052e-03, 1.889300000000000000e+04
6.700953220040635830e-03, 1.751200000000000000e+04
6.705931639966371607e-03, 1.625200000000000000e+04
6.710910059892108252e-03, 1.512300000000000000e+04
6.715888479817844030e-03, 1.415300000000000000e+04
6.720866899743579807e-03, 1.334800000000000000e+04
6.725845319669315585e-03, 1.271100000000000000e+04
6.730823739595052230e-03, 1.224700000000000000e+04
6.735802159520788007e-03, 1.195600000000000000e+04
6.740780579446523785e-03, 1.183200000000000000e+04
6.745758999372259562e-03, 1.187000000000000000e+04
6.750737419297995340e-03, 1.207700000000000000e+04
6.755715839223731985e-03, 1.246400000000000000e+04
6.760694259149467762e-03, 1.303100000000000000e+04
6.765672679075203540e-03, 1.377100000000000000e+04
6.770651099000939317e-03, 1.467600000000000000e+04
6.775629518926675962e-03, 1.573800000000000000e+04
6.780607938852411740e-03, 1.694300000000000000e+04
6.785586358778147517e-03, 1.827400000000000000e+04
6.790564778703883295e-03, 1.971700000000000000e+04
6.795543198629619940e-03, 2.127100000000000000e+04
6.800521618555355717e-03, 2.292200000000000000e+04
6.805500038481091495e-03, 2.464700000000000000e+04
6.810478458406827272e-03, 2.642500000000000000e+04
6.815456878332563917e-03, 2.824500000000000000e+04
6.820435298258299694e-03, 3.010300000000000000e+04
6.825413718184035472e-03, 3.200000000000000000e+04
6.830392138109771250e-03, 3.391600000000000000e+04
6.835370558035507894e-03, 3.581900000000000000e+04
6.840348977961243672e-03, 3.768200000000000000e+04
6.845327397886979449e-03, 3.948900000000000000e+04
6.850305817812715227e-03, 4.125400000000000000e+04
6.855284237738451872e-03, 4.296500000000000000e+04
6.860262657664187649e-03, 4.460600000000000000e+04
6.865241077589923427e-03, 4.615200000000000000e+04
6.870219497515659204e-03, 4.758000000000000000e+04
6.875197917441394982e-03, 4.887300000000000000e+04
6.880176337367131627e-03, 5.002600000000000000e+04
6.885154757292867404e-03, 5.103300000000000000e+04
6.890133177218603182e-03, 5.188500000000000000e+04
6.895111597144338959e-03, 5.257600000000000000e+04
6.900090017070075604e-03, 5.310500000000000000e+04
6.905068436995811382e-03, 5.347300000000000000e+04
6.910046856921547159e-03, 5.365900000000000000e+04
6.915025276847282937e-03, 5.366200000000000000e+04
6.920003696773019582e-03, 5.347700000000000000e+04
6.924982116698755359e-03, 5.311200000000000000e+04
6.929960536624491137e-03, 5.257600000000000000e+04
6.934938956550226914e-03, 5.188600000000000000e+04
6.939917376475963559e-03, 5.104500000000000000e+04
6.944895796401699337e-03, 5.005100000000000000e+04
6.949874216327435114e-03, 4.891700000000000000e+04
6.954852636253170892e-03, 4.766400000000000000e+04
6.959831056178907537e-03, 4.629200000000000000e+04
6.964809476104643314e-03, 4.479500000000000000e+04
6.969787896030379092e-03, 4.319100000000000000e+04
6.974766315956114869e-03, 4.151100000000000000e+04
6.979744735881850647e-03, 3.977300000000000000e+04
6.984723155807587291e-03, 3.798700000000000000e+04
6.989701575733323069e-03, 3.615700000000000000e+04
6.994679995659058847e-03, 3.429000000000000000e+04
6.999658415584794624e-03, 3.239500000000000000e+04
7.004636835510531269e-03, 3.049500000000000000e+04
7.009615255436267046e-03, 2.861500000000000000e+04
7.014593675362002824e-03, 2.677400000000000000e+04
7.019572095287738601e-03, 2.497900000000000000e+04
7.024550515213475246e-03, 2.324600000000000000e+04
7.029528935139211024e-03, 2.158700000000000000e+04
7.034507355064946801e-03, 2.001600000000000000e+04
7.039485774990682579e-03, 1.854800000000000000e+04
7.044464194916419224e-03, 1.719000000000000000e+04
7.049442614842155001e-03, 1.595400000000000000e+04
7.054421034767890779e-03, 1.485700000000000000e+04
7.059399454693626556e-03, 1.392800000000000000e+04
7.064377874619363201e-03, 1.317000000000000000e+04
7.069356294545098979e-03, 1.258400000000000000e+04
7.074334714470834756e-03, 1.217400000000000000e+04
7.079313134396570534e-03, 1.193900000000000000e+04
7.084291554322307179e-03, 1.186800000000000000e+04
7.089269974248042956e-03, 1.196100000000000000e+04
7.094248394173778734e-03, 1.222700000000000000e+04
7.099226814099514511e-03, 1.267800000000000000e+04
7.104205234025250289e-03, 1.331600000000000000e+04
7.109183653950986934e-03, 1.413200000000000000e+04
7.114162073876722711e-03, 1.511100000000000000e+04
7.119140493802458489e-03, 1.624000000000000000e+04
7.124118913728194266e-03, 1.749200000000000000e+04
7.129097333653930911e-03, 1.885400000000000000e+04
7.134075753579666689e-03, 2.032000000000000000e+04
7.139054173505402466e-03, 2.189000000000000000e+04
7.144032593431138244e-03, 2.355100000000000000e+04
7.149011013356874888e-03, 2.527800000000000000e+04
7.153989433282610666e-03, 2.705500000000000000e+04
7.158967853208346444e-03, 2.887700000000000000e+04
7.163946273134082221e-03, 3.074100000000000000e+04
7.168924693059818866e-03, 3.264500000000000000e+04
7.173903112985554643e-03, 3.456400000000000000e+04
7.178881532911290421e-03, 3.646200000000000000e+04
7.183859952837026198e-03, 3.831100000000000000e+04
7.188838372762762843e-03, 4.010500000000000000e+04
7.193816792688498621e-03, 4.185100000000000000e+04
7.198795212614234398e-03, 4.353900000000000000e+04
7.203773632539970176e-03, 4.514600000000000000e+04
7.208752052465705953e-03, 4.665000000000000000e+04
7.213730472391442598e-03, 4.803000000000000000e+04
7.218708892317178376e-03, 4.927400000000000000e+04
7.223687312242914153e-03, 5.037500000000000000e+04
7.228665732168649931e-03, 5.132900000000000000e+04
7.233644152094386576e-03, 5.212900000000000000e+04
7.238622572020122353e-03, 5.276900000000000000e+04
7.243600991945858131e-03, 5.325300000000000000e+04
7.248579411871593908e-03, 5.357600000000000000e+04
7.253557831797330553e-03, 5.372800000000000000e+04
7.258536251723066331e-03, 5.370400000000000000e+04
7.263514671648802108e-03, 5.349400000000000000e+04
7.268493091574537886e-03, 5.310300000000000000e+04
7.273471511500274531e-03, 5.254000000000000000e+04
7.278449931426010308e-03, 5.181800000000000000e+04
7.283428351351746086e-03, 5.093200000000000000e+04
7.288406771277481863e-03, 4.988800000000000000e+04
7.293385191203218508e-03, 4.870600000000000000e+04
7.298363611128954286e-03, 4.739500000000000000e+04
7.303342031054690063e-03, 4.595400000000000000e+04
7.308320450980425841e-03, 4.438500000000000000e+04
7.313298870906162485e-03, 4.271400000000000000e+04
7.318277290831898263e-03, 4.096500000000000000e+04
7.323255710757634040e-03, 3.915800000000000000e+04
7.328234130683369818e-03, 3.730600000000000000e+04
7.333212550609105596e-03, 3.541700000000000000e+04
7.338190970534842240e-03, 3.350400000000000000e+04
7.343169390460578018e-03, 3.157900000000000000e+04
7.348147810386313795e-03, 2.966800000000000000e+04
7.353126230312049573e-03, 2.779200000000000000e+04
7.358104650237786218e-03, 2.596700000000000000e+04
7.363083070163521995e-03, 2.419500000000000000e+04
7.368061490089257773e-03, 2.249100000000000000e+04
7.373039910014993550e-03, 2.087000000000000000e+04
7.378018329940730195e-03, 1.934200000000000000e+04
7.382996749866465973e-03, 1.792500000000000000e+04
7.387975169792201750e-03, 1.662400000000000000e+04
7.392953589717937528e-03, 1.545000000000000000e+04
7.397932009643674173e-03, 1.442700000000000000e+04
7.402910429569409950e-03, 1.357200000000000000e+04
7.407888849495145728e-03, 1.288700000000000000e+04
7.412867269420881505e-03, 1.237400000000000000e+04
7.417845689346618150e-03, 1.203700000000000000e+04
7.422824109272353928e-03, 1.186700000000000000e+04
7.427802529198089705e-03, 1.185300000000000000e+04
7.432780949123825483e-03, 1.200000000000000000e+04
7.437759369049562128e-03, 1.231800000000000000e+04
7.442737788975297905e-03, 1.281600000000000000e+04
7.447716208901033683e-03, 1.348900000000000000e+04
7.452694628826769460e-03, 1.433100000000000000e+04
7.457673048752505238e-03, 1.533100000000000000e+04
7.462651468678241883e-03, 1.647800000000000000e+04
7.467629888603977660e-03, 1.775100000000000000e+04
7.472608308529713438e-03, 1.913700000000000000e+04
7.477586728455449215e-03, 2.063600000000000000e+04
7.482565148381185860e-03, 2.224300000000000000e+04
7.487543568306921637e-03, 2.393900000000000000e+04
7.492521988232657415e-03, 2.570200000000000000e+04
7.497500408158393193e-03, 2.752000000000000000e+04
7.502478828084129837e-03, 2.938200000000000000e+04
7.507457248009865615e-03, 3.128600000000000000e+04
7.512435667935601392e-03, 3.321800000000000000e+04
7.517414087861337170e-03, 3.514700000000000000e+04
7.522392507787073815e-03, 3.704100000000000000e+04
7.527370927712809592e-03, 3.887500000000000000e+04
7.532349347638545370e-03, 4.066000000000000000e+04
7.537327767564281147e-03, 4.239000000000000000e+04
7.542306187490017792e-03, 4.405700000000000000e+04
7.547284607415753570e-03, 4.563600000000000000e+04
7.552263027341489347e-03, 4.710200000000000000e+04
7.557241447267225125e-03, 4.844100000000000000e+04
7.562219867192960902e-03, 4.964500000000000000e+04
7.567198287118697547e-03, 5.070600000000000000e+04
7.572176707044433325e-03, 5.161700000000000000e+04
7.577155126970169102e-03, 5.236800000000000000e+04
7.582133546895904880e-03, 5.295600000000000000e+04
7.587111966821641525e-03, 5.338600000000000000e+04
7.592090386747377302e-03, 5.364700000000000000e+04
7.597068806673113080e-03, 5.373600000000000000e+04
7.602047226598848857e-03, 5.364400000000000000e+04
7.607025646524585502e-03, 5.336800000000000000e+04
7.612004066450321280e-03, 5.291200000000000000e+04
7.616982486376057057e-03, 5.228800000000000000e+04
7.621960906301792835e-03, 5.149700000000000000e+04
7.626939326227529480e-03, 5.053700000000000000e+04
7.631917746153265257e-03, 4.942100000000000000e+04
7.636896166079001035e-03, 4.817700000000000000e+04
7.641874586004736812e-03, 4.681600000000000000e+04
7.646853005930473457e-03, 4.533600000000000000e+04
7.651831425856209234e-03, 4.374200000000000000e+04
7.656809845781945012e-03, 4.205900000000000000e+04
7.661788265707680790e-03, 4.030700000000000000e+04
7.666766685633417434e-03, 3.850100000000000000e+04
7.671745105559153212e-03, 3.665000000000000000e+04
7.676723525484888989e-03, 3.476400000000000000e+04
7.681701945410624767e-03, 3.285300000000000000e+04
7.686680365336360544e-03, 3.093100000000000000e+04
7.691658785262097189e-03, 2.902900000000000000e+04
7.696637205187832967e-03, 2.716400000000000000e+04
7.701615625113568744e-03, 2.535000000000000000e+04
7.706594045039304522e-03, 2.359900000000000000e+04
7.711572464965041167e-03, 2.192100000000000000e+04
7.716550884890776944e-03, 2.033300000000000000e+04
7.721529304816512722e-03, 1.884600000000000000e+04
7.726507724742248499e-03, 1.747000000000000000e+04
7.731486144667985144e-03, 1.621600000000000000e+04
7.736464564593720922e-03, 1.509100000000000000e+04
7.741442984519456699e-03, 1.412800000000000000e+04
7.746421404445192477e-03, 1.333300000000000000e+04
7.751399824370929122e-03, 1.270400000000000000e+04
7.756378244296664899e-03, 1.224500000000000000e+04
7.761356664222400677e-03, 1.195700000000000000e+04
7.766335084148136454e-03, 1.183200000000000000e+04
7.771313504073873099e-03, 1.186900000000000000e+04
7.776291923999608877e-03, 1.207400000000000000e+04
7.781270343925344654e-03, 1.245900000000000000e+04
7.786248763851080432e-03, 1.302400000000000000e+04
7.791227183776816209e-03, 1.376300000000000000e+04
7.796205603702552854e-03, 1.466700000000000000e+04
7.801184023628288632e-03, 1.572600000000000000e+04
7.806162443554024409e-03, 1.692200000000000000e+04
7.811140863479760187e-03, 1.823400000000000000e+04
7.816119283405496831e-03, 1.964700000000000000e+04
7.821097703331232609e-03, 2.116300000000000000e+04
7.826076123256968387e-03, 2.277600000000000000e+04
7.831054543182704164e-03, 2.446700000000000000e+04
7.836032963108439942e-03, 2.621800000000000000e+04
7.841011383034175719e-03, 2.802100000000000000e+04
7.845989802959913231e-03, 2.987200000000000000e+04
7.850968222885649009e-03, 3.176800000000000000e+04
7.855946642811384786e-03, 3.369100000000000000e+04
7.860925062737120564e-03, 3.560600000000000000e+04
7.865903482662856341e-03, 3.748300000000000000e+04
7.870881902588592119e-03, 3.930400000000000000e+04
7.875860322514327896e-03, 4.108500000000000000e+04
7.880838742440063674e-03, 4.281300000000000000e+04
7.885817162365801186e-03, 4.447200000000000000e+04
7.890795582291536964e-03, 4.603600000000000000e+04
7.895774002217272741e-03, 4.748100000000000000e+04
7.900752422143008519e-03, 4.879000000000000000e+04
7.905730842068744296e-03, 4.995800000000000000e+04
7.910709261994480074e-03, 5.097700000000000000e+04
7.915687681920215851e-03, 5.184000000000000000e+04
7.920666101845951629e-03, 5.253900000000000000e+04
7.925644521771687406e-03, 5.307600000000000000e+04
7.930622941697424919e-03, 5.345300000000000000e+04
7.935601361623160696e-03, 5.365800000000000000e+04
7.940579781548896474e-03, 5.368500000000000000e+04
7.945558201474632251e-03, 5.351900000000000000e+04
7.950536621400368029e-03, 5.316100000000000000e+04
7.955515041326103806e-03, 5.262300000000000000e+04
7.960493461251839584e-03, 5.192500000000000000e+04
7.965471881177575361e-03, 5.107300000000000000e+04
7.970450301103312873e-03, 5.006600000000000000e+04
7.975428721029048651e-03, 4.892100000000000000e+04
7.980407140954784428e-03, 4.765700000000000000e+04
7.985385560880520206e-03, 4.627700000000000000e+04
7.990363980806255984e-03, 4.477500000000000000e+04
7.995342400731991761e-03, 4.316500000000000000e+04
8.000320820657727539e-03, 4.146900000000000000e+04
8.005299240583463316e-03, 3.970500000000000000e+04
8.010277660509200828e-03, 3.788300000000000000e+04
8.015256080434936606e-03, 3.601500000000000000e+04
8.020234500360672383e-03, 3.411100000000000000e+04
8.025212920286408161e-03, 3.218700000000000000e+04
8.030191340212143938e-03, 3.026600000000000000e+04
8.035169760137879716e-03, 2.837500000000000000e+04
8.040148180063615493e-03, 2.653100000000000000e+04
8.045126599989351271e-03, 2.474100000000000000e+04
8.050105019915087048e-03, 2.301900000000000000e+04
8.055083439840824561e-03, 2.137400000000000000e+04
8.060061859766560338e-03, 1.982200000000000000e+04
8.065040279692296116e-03, 1.837600000000000000e+04
8.070018699618031893e-03, 1.704400000000000000e+04
8.074997119543767671e-03, 1.584800000000000000e+04
8.079975539469503448e-03, 1.480400000000000000e+04
8.084953959395239226e-03, 1.393200000000000000e+04
8.089932379320975003e-03, 1.322800000000000000e+04
8.094910799246712516e-03, 1.268900000000000000e+04
8.099889219172448293e-03, 1.231700000000000000e+04
8.104867639098184071e-03, 1.210800000000000000e+04
8.109846059023919848e-03, 1.205300000000000000e+04
8.114824478949655626e-03, 1.215200000000000000e+04
8.119802898875391403e-03, 1.241700000000000000e+04
8.124781318801127181e-03, 1.285800000000000000e+04
8.129759738726862958e-03, 1.347300000000000000e+04
8.134738158652600470e-03, 1.425700000000000000e+04
8.139716578578336248e-03, 1.520900000000000000e+04
8.144694998504072025e-03, 1.631800000000000000e+04
8.149673418429807803e-03, 1.755900000000000000e+04
8.154651838355543580e-03, 1.891500000000000000e+04
8.159630258281279358e-03, 2.037800000000000000e+04
8.164608678207015136e-03, 2.194700000000000000e+04
8.169587098132750913e-03, 2.360700000000000000e+04
8.174565518058486691e-03, 2.533300000000000000e+04
8.179543937984224203e-03, 2.711000000000000000e+04
8.184522357909959980e-03, 2.892900000000000000e+04
8.189500777835695758e-03, 3.079000000000000000e+04
8.194479197761431535e-03, 3.268700000000000000e+04
8.199457617687167313e-03, 3.459600000000000000e+04
8.204436037612903090e-03, 3.648500000000000000e+04
8.209414457538638868e-03, 3.832800000000000000e+04
8.214392877464374645e-03, 4.011800000000000000e+04
8.219371297390112158e-03, 4.186400000000000000e+04
8.224349717315847935e-03, 4.355200000000000000e+04
8.229328137241583713e-03, 4.516000000000000000e+04
8.234306557167319490e-03, 4.666400000000000000e+04
8.239284977093055268e-03, 4.804500000000000000e+04
8.244263397018791045e-03, 4.928900000000000000e+04
8.249241816944526823e-03, 5.039000000000000000e+04
8.254220236870262600e-03, 5.134400000000000000e+04
8.259198656795998378e-03, 5.213900000000000000e+04
8.264177076721735890e-03, 5.277300000000000000e+04
8.269155496647471668e-03, 5.325100000000000000e+04
8.274133916573207445e-03, 5.357000000000000000e+04
8.279112336498943223e-03, 5.372200000000000000e+04
8.284090756424679000e-03, 5.369900000000000000e+04
8.289069176350414778e-03, 5.349100000000000000e+04
8.294047596276150555e-03, 5.310300000000000000e+04
8.299026016201886333e-03, 5.254200000000000000e+04
8.304004436127623845e-03, 5.182300000000000000e+04
8.308982856053359622e-03, 5.093900000000000000e+04
8.313961275979095400e-03, 4.989600000000000000e+04
8.318939695904831177e-03, 4.871600000000000000e+04
8.323918115830566955e-03, 4.741200000000000000e+04
8.328896535756302733e-03, 4.598400000000000000e+04
8.333874955682038510e-03, 4.444100000000000000e+04
8.338853375607774288e-03, 4.280600000000000000e+04
8.343831795533511800e-03, 4.109600000000000000e+04
8.348810215459247577e-03, 3.932500000000000000e+04
8.353788635384983355e-03, 3.750200000000000000e+04
8.358767055310719132e-03, 3.563500000000000000e+04
8.363745475236454910e-03, 3.373300000000000000e+04
8.368723895162190687e-03, 3.181100000000000000e+04
8.373702315087926465e-03, 2.989600000000000000e+04
8.378680735013662242e-03, 2.801000000000000000e+04
8.383659154939398020e-03, 2.617000000000000000e+04
8.388637574865135532e-03, 2.438400000000000000e+04
8.393615994790871310e-03, 2.266600000000000000e+04
8.398594414716607087e-03, 2.102800000000000000e+04
8.403572834642342865e-03, 1.948300000000000000e+04
8.408551254568078642e-03, 1.804800000000000000e+04
8.413529674493814420e-03, 1.673000000000000000e+04
8.418508094419550197e-03, 1.553900000000000000e+04
8.423486514345285975e-03, 1.450100000000000000e+04
8.428464934271023487e-03, 1.363400000000000000e+04
8.433443354196759265e-03, 1.293700000000000000e+04
8.438421774122495042e-03, 1.241400000000000000e+04
8.443400194048230820e-03, 1.206900000000000000e+04
8.448378613973966597e-03, 1.189300000000000000e+04
8.453357033899702375e-03, 1.188000000000000000e+04
8.458335453825438152e-03, 1.203100000000000000e+04
8.463313873751173930e-03, 1.235300000000000000e+04
8.468292293676911442e-03, 1.285000000000000000e+04
8.473270713602647219e-03, 1.351900000000000000e+04
8.478249133528382997e-03, 1.435500000000000000e+04
8.483227553454118774e-03, 1.534900000000000000e+04
8.488205973379854552e-03, 1.648900000000000000e+04
8.493184393305590330e-03, 1.775500000000000000e+04
8.498162813231326107e-03, 1.913600000000000000e+04
8.503141233157061885e-03, 2.063100000000000000e+04
8.508119653082797662e-03, 2.223600000000000000e+04
8.513098073008535174e-03, 2.392900000000000000e+04
8.518076492934270952e-03, 2.568600000000000000e+04
8.523054912860006729e-03, 2.749200000000000000e+04
8.528033332785742507e-03, 2.933000000000000000e+04
8.533011752711478284e-03, 3.119900000000000000e+04
8.537990172637214062e-03, 3.309200000000000000e+04
8.542968592562949839e-03, 3.498300000000000000e+04
8.547947012488685617e-03, 3.684600000000000000e+04
8.552925432414423129e-03, 3.865800000000000000e+04
8.557903852340158907e-03, 4.043000000000000000e+04
8.562882272265894684e-03, 4.215700000000000000e+04
8.567860692191630462e-03, 4.382700000000000000e+04
8.572839112117366239e-03, 4.541500000000000000e+04
8.577817532043102017e-03, 4.689500000000000000e+04
8.582795951968837794e-03, 4.824800000000000000e+04
8.587774371894573572e-03, 4.946700000000000000e+04
8.592752791820311084e-03, 5.054500000000000000e+04
8.597731211746046862e-03, 5.147300000000000000e+04
8.602709631671782639e-03, 5.224200000000000000e+04
8.607688051597518417e-03, 5.284800000000000000e+04
8.612666471523254194e-03, 5.329400000000000000e+04
8.617644891448989972e-03, 5.357100000000000000e+04
8.622623311374725749e-03, 5.367300000000000000e+04
8.627601731300461527e-03, 5.359200000000000000e+04
8.632580151226197304e-03, 5.332600000000000000e+04
8.637558571151934816e-03, 5.287900000000000000e+04
8.642536991077670594e-03, 5.226500000000000000e+04
8.647515411003406371e-03, 5.149100000000000000e+04
8.652493830929142149e-03, 5.055600000000000000e+04
8.657472250854877927e-03, 4.947600000000000000e+04
8.662450670780613704e-03, 4.827300000000000000e+04
8.667429090706349482e-03, 4.695300000000000000e+04
8.672407510632085259e-03, 4.550700000000000000e+04
8.677385930557822771e-03, 4.394000000000000000e+04
8.682364350483558549e-03, 4.227500000000000000e+04
8.687342770409294326e-03, 4.053100000000000000e+04
8.692321190335030104e-03, 3.872500000000000000e+04
8.697299610260765881e-03, 3.686900000000000000e+04
8.702278030186501659e-03, 3.497000000000000000e+04
8.707256450112237436e-03, 3.304500000000000000e+04
8.712234870037973214e-03, 3.111000000000000000e+04
8.717213289963710726e-03, 2.919600000000000000e+04
8.722191709889446504e-03, 2.731800000000000000e+04
8.727170129815182281e-03, 2.548900000000000000e+04
8.732148549740918059e-03, 2.372100000000000000e+04
8.737126969666653836e-03, 2.202500000000000000e+04
8.742105389592389614e-03, 2.042000000000000000e+04
8.747083809518125391e-03, 1.891700000000000000e+04
8.752062229443861169e-03, 1.752700000000000000e+04
8.757040649369596946e-03, 1.626000000000000000e+04
8.762019069295334459e-03, 1.512600000000000000e+04
8.766997489221070236e-03, 1.415400000000000000e+04
8.771975909146806014e-03, 1.335300000000000000e+04
8.776954329072541791e-03, 1.272100000000000000e+04
8.781932748998277569e-03, 1.226400000000000000e+04
8.786911168924013346e-03, 1.197800000000000000e+04
8.791889588849749124e-03, 1.185300000000000000e+04
8.796868008775484901e-03, 1.188800000000000000e+04
8.801846428701222413e-03, 1.208900000000000000e+04
8.806824848626958191e-03, 1.246900000000000000e+04
8.811803268552693968e-03, 1.303000000000000000e+04
8.816781688478429746e-03, 1.376500000000000000e+04
8.821760108404165523e-03, 1.466600000000000000e+04
8.826738528329901301e-03, 1.572200000000000000e+04
8.831716948255637079e-03, 1.691600000000000000e+04
8.836695368181372856e-03, 1.823100000000000000e+04
8.841673788107108634e-03, 1.965800000000000000e+04
8.846652208032846146e-03, 2.119800000000000000e+04
8.851630627958581923e-03, 2.284500000000000000e+04
8.856609047884317701e-03, 2.457500000000000000e+04
8.861587467810053478e-03, 2.636500000000000000e+04
8.866565887735789256e-03, 2.820000000000000000e+04
8.871544307661525033e-03, 3.007400000000000000e+04
8.876522727587260811e-03, 3.198500000000000000e+04
8.881501147512996588e-03, 3.391400000000000000e+04
8.886479567438734101e-03, 3.582700000000000000e+04
8.891457987364469878e-03, 3.769600000000000000e+04
8.896436407290205656e-03, 3.950500000000000000e+04
8.901414827215941433e-03, 4.126900000000000000e+04
8.906393247141677211e-03, 4.297700000000000000e+04
8.911371667067412988e-03, 4.461200000000000000e+04
8.916350086993148766e-03, 4.615500000000000000e+04
8.921328506918884543e-03, 4.758200000000000000e+04
8.926306926844622056e-03, 4.887600000000000000e+04
8.931285346770357833e-03, 5.003200000000000000e+04
8.936263766696093611e-03, 5.104200000000000000e+04
8.941242186621829388e-03, 5.189700000000000000e+04
8.946220606547565166e-03, 5.259000000000000000e+04
8.951199026473300943e-03, 5.312100000000000000e+04
8.956177446399036721e-03, 5.349200000000000000e+04
8.961155866324772498e-03, 5.369300000000000000e+04
8.966134286250508276e-03, 5.371900000000000000e+04
8.971112706176245788e-03, 5.356100000000000000e+04
8.976091126101981565e-03, 5.322400000000000000e+04
8.981069546027717343e-03, 5.271700000000000000e+04
8.986047965953453120e-03, 5.205500000000000000e+04
8.991026385879188898e-03, 5.123800000000000000e+04
8.996004805804924676e-03, 5.026100000000000000e+04
9.000983225730660453e-03, 4.913800000000000000e+04
9.005961645656396231e-03, 4.788800000000000000e+04
9.010940065582133743e-03, 4.651200000000000000e+04
9.015918485507869520e-03, 4.500700000000000000e+04
9.020896905433605298e-03, 4.338800000000000000e+04
9.025875325359341075e-03, 4.167900000000000000e+04
9.030853745285076853e-03, 3.990000000000000000e+04
9.035832165210812630e-03, 3.806600000000000000e+04
9.040810585136548408e-03, 3.618900000000000000e+04
9.045789005062284185e-03, 3.429100000000000000e+04
9.050767424988021698e-03, 3.238500000000000000e+04
9.055745844913757475e-03, 3.048700000000000000e+04
9.060724264839493253e-03, 2.861900000000000000e+04
9.065702684765229030e-03, 2.679300000000000000e+04
9.070681104690964808e-03, 2.501400000000000000e+04
9.075659524616700585e-03, 2.329600000000000000e+04
9.080637944542436363e-03, 2.164700000000000000e+04
9.085616364468172140e-03, 2.008500000000000000e+04
9.090594784393907918e-03, 1.862300000000000000e+04
9.095573204319645430e-03, 1.727000000000000000e+04
9.100551624245381208e-03, 1.603800000000000000e+04
9.105530044171116985e-03, 1.494400000000000000e+04
9.110508464096852763e-03, 1.401300000000000000e+04
9.115486884022588540e-03, 1.324800000000000000e+04
9.120465303948324318e-03, 1.265300000000000000e+04
9.125443723874060095e-03, 1.223300000000000000e+04
9.130422143799795873e-03, 1.198600000000000000e+04
9.135400563725533385e-03, 1.190400000000000000e+04
9.140378983651269162e-03, 1.198800000000000000e+04
9.145357403577004940e-03, 1.224700000000000000e+04
9.150335823502740717e-03, 1.268800000000000000e+04
9.155314243428476495e-03, 1.330900000000000000e+04
9.160292663354212273e-03, 1.410100000000000000e+04
9.165271083279948050e-03, 1.505600000000000000e+04
9.170249503205683828e-03, 1.615900000000000000e+04
9.175227923131421340e-03, 1.738400000000000000e+04
9.180206343057157117e-03, 1.871600000000000000e+04
9.185184762982892895e-03, 2.015400000000000000e+04
9.190163182908628672e-03, 2.170100000000000000e+04
9.195141602834364450e-03, 2.334400000000000000e+04
9.200120022760100227e-03, 2.506200000000000000e+04
9.205098442685836005e-03, 2.683800000000000000e+04
9.210076862611571782e-03, 2.866400000000000000e+04
9.215055282537307560e-03, 3.053700000000000000e+04
9.220033702463045072e-03, 3.245000000000000000e+04
9.225012122388780850e-03, 3.437800000000000000e+04
9.229990542314516627e-03, 3.628400000000000000e+04
9.234968962240252405e-03, 3.814300000000000000e+04
9.239947382165988182e-03, 3.995000000000000000e+04
9.244925802091723960e-03, 4.171300000000000000e+04
9.249904222017459737e-03, 4.342000000000000000e+04
9.254882641943195515e-03, 4.504700000000000000e+04
9.259861061868933027e-03, 4.657000000000000000e+04
9.264839481794668805e-03, 4.796800000000000000e+04
9.269817901720404582e-03, 4.922700000000000000e+04
9.274796321646140360e-03, 5.034100000000000000e+04
9.279774741571876137e-03, 5.130600000000000000e+04
9.284753161497611915e-03, 5.211100000000000000e+04
9.289731581423347692e-03, 5.275100000000000000e+04
9.294710001349083470e-03, 5.323200000000000000e+04
9.299688421274819247e-03, 5.355000000000000000e+04
9.304666841200556759e-03, 5.369900000000000000e+04
9.309645261126292537e-03, 5.367700000000000000e+04
9.314623681052028314e-03, 5.347200000000000000e+04
9.319602100977764092e-03, 5.308700000000000000e+04
9.324580520903499870e-03, 5.253200000000000000e+04
9.329558940829235647e-03, 5.181600000000000000e+04
9.334537360754971425e-03, 5.093700000000000000e+04
9.339515780680707202e-03, 4.989700000000000000e+04
9.344494200606444714e-03, 4.872000000000000000e+04
9.349472620532180492e-03, 4.741700000000000000e+04
9.354451040457916269e-03, 4.598900000000000000e+04
9.359429460383652047e-03, 4.443500000000000000e+04
9.364407880309387824e-03, 4.277700000000000000e+04
9.369386300235123602e-03, 4.103400000000000000e+04
9.374364720160859379e-03, 3.922400000000000000e+04
9.379343140086595157e-03, 3.736300000000000000e+04
9.384321560012332669e-03, 3.546100000000000000e+04
9.389299979938068447e-03, 3.353400000000000000e+04
9.394278399863804224e-03, 3.159600000000000000e+04
9.399256819789540002e-03, 2.967300000000000000e+04
9.404235239715275779e-03, 2.778700000000000000e+04
9.409213659641011557e-03, 2.595500000000000000e+04
9.414192079566747334e-03, 2.418000000000000000e+04
9.419170499492483112e-03, 2.247700000000000000e+04
9.424148919418218889e-03, 2.085900000000000000e+04
9.429127339343956402e-03, 1.933500000000000000e+04
9.434105759269692179e-03, 1.791900000000000000e+04
9.439084179195427957e-03, 1.661800000000000000e+04
9.444062599121163734e-03, 1.544200000000000000e+04
9.449041019046899512e-03, 1.441700000000000000e+04
9.454019438972635289e-03, 1.356100000000000000e+04
9.458997858898371067e-03, 1.287500000000000000e+04
9.463976278824106844e-03, 1.236100000000000000e+04
9.468954698749844356e-03, 1.202200000000000000e+04
9.473933118675580134e-03, 1.185400000000000000e+04
9.478911538601315911e-03, 1.184700000000000000e+04
9.483889958527051689e-03, 1.200500000000000000e+04
9.488868378452787467e-03, 1.234000000000000000e+04
9.493846798378523244e-03, 1.285200000000000000e+04
9.498825218304259022e-03, 1.353300000000000000e+04
9.503803638229994799e-03, 1.437400000000000000e+04
9.508782058155732311e-03, 1.536800000000000000e+04
9.513760478081468089e-03, 1.650300000000000000e+04
9.518738898007203866e-03, 1.776500000000000000e+04
9.523717317932939644e-03, 1.913900000000000000e+04
9.528695737858675421e-03, 2.062900000000000000e+04
9.533674157784411199e-03, 2.222800000000000000e+04
9.538652577710146976e-03, 2.391700000000000000e+04
9.543630997635882754e-03, 2.567200000000000000e+04
9.548609417561618531e-03, 2.747900000000000000e+04
9.553587837487356044e-03, 2.933200000000000000e+04
9.558566257413091821e-03, 3.123000000000000000e+04
9.563544677338827599e-03, 3.316200000000000000e+04
9.568523097264563376e-03, 3.509500000000000000e+04
9.573501517190299154e-03, 3.699700000000000000e+04
9.578479937116034931e-03, 3.884000000000000000e+04
9.583458357041770709e-03, 4.063400000000000000e+04
9.588436776967506486e-03, 4.237400000000000000e+04
9.593415196893243999e-03, 4.404900000000000000e+04
9.598393616818979776e-03, 4.563300000000000000e+04
9.603372036744715554e-03, 4.710400000000000000e+04
9.608350456670451331e-03, 4.844500000000000000e+04
9.613328876596187109e-03, 4.964600000000000000e+04
9.618307296521922886e-03, 5.070200000000000000e+04
9.623285716447658664e-03, 5.160700000000000000e+04
9.628264136373394441e-03, 5.235500000000000000e+04
9.633242556299131953e-03, 5.294300000000000000e+04
9.638220976224867731e-03, 5.337500000000000000e+04
9.643199396150603508e-03, 5.364100000000000000e+04
9.648177816076339286e-03, 5.373400000000000000e+04
9.653156236002075063e-03, 5.364600000000000000e+04
9.658134655927810841e-03, 5.337400000000000000e+04
9.663113075853546619e-03, 5.292100000000000000e+04
9.668091495779282396e-03, 5.230200000000000000e+04
9.673069915705018174e-03, 5.152500000000000000e+04
9.678048335630755686e-03, 5.058300000000000000e+04
9.683026755556491463e-03, 4.948800000000000000e+04
9.688005175482227241e-03, 4.826100000000000000e+04
9.692983595407963018e-03, 4.690500000000000000e+04
9.697962015333698796e-03, 4.541800000000000000e+04
9.702940435259434573e-03, 4.381000000000000000e+04
9.707918855185170351e-03, 4.210900000000000000e+04
9.712897275110906128e-03, 4.033800000000000000e+04
9.717875695036643641e-03, 3.851400000000000000e+04
9.722854114962379418e-03, 3.664800000000000000e+04
9.727832534888115196e-03, 3.475000000000000000e+04
9.732810954813850973e-03, 3.283000000000000000e+04
9.737789374739586751e-03, 3.090700000000000000e+04
9.742767794665322528e-03, 2.900700000000000000e+04
9.747746214591058306e-03, 2.714700000000000000e+04
9.752724634516794083e-03, 2.533900000000000000e+04
9.757703054442531596e-03, 2.359100000000000000e+04
9.762681474368267373e-03, 2.191300000000000000e+04
9.767659894294003151e-03, 2.032300000000000000e+04
9.772638314219738928e-03, 1.883400000000000000e+04
9.777616734145474706e-03, 1.745500000000000000e+04
9.782595154071210483e-03, 1.619800000000000000e+04
9.787573573996946261e-03, 1.507200000000000000e+04
9.792551993922682038e-03, 1.410800000000000000e+04
9.797530413848417816e-03, 1.331300000000000000e+04
9.802508833774155328e-03, 1.268800000000000000e+04
9.807487253699891105e-03, 1.223600000000000000e+04
9.812465673625626883e-03, 1.195900000000000000e+04
9.817444093551362660e-03, 1.184900000000000000e+04
9.822422513477098438e-03, 1.191200000000000000e+04
9.827400933402834216e-03, 1.215100000000000000e+04
9.832379353328569993e-03, 1.257400000000000000e+04
9.837357773254305771e-03, 1.317500000000000000e+04
9.842336193180043283e-03, 1.394400000000000000e+04
9.847314613105779060e-03, 1.486900000000000000e+04
9.852293033031514838e-03, 1.594100000000000000e+04
9.857271452957250615e-03, 1.714000000000000000e+04
9.862249872882986393e-03, 1.845300000000000000e+04
9.867228292808722170e-03, 1.987200000000000000e+04
9.872206712734457948e-03, 2.139800000000000000e+04
9.877185132660193725e-03, 2.302300000000000000e+04
9.882163552585929503e-03, 2.472200000000000000e+04
9.887141972511667015e-03, 2.646800000000000000e+04
9.892120392437402793e-03, 2.824900000000000000e+04
9.897098812363138570e-03, 3.006700000000000000e+04
9.902077232288874348e-03, 3.192600000000000000e+04
9.907055652214610125e-03, 3.381000000000000000e+04
9.912034072140345903e-03, 3.568800000000000000e+04
9.917012492066081680e-03, 3.753300000000000000e+04
9.921990911991817458e-03, 3.932900000000000000e+04
9.926969331917554970e-03, 4.108800000000000000e+04
9.931947751843290748e-03, 4.279700000000000000e+04
9.936926171769026525e-03, 4.444000000000000000e+04
9.941904591694762303e-03, 4.599200000000000000e+04
9.946883011620498080e-03, 4.742900000000000000e+04
9.951861431546233858e-03, 4.873500000000000000e+04
9.956839851471969635e-03, 4.990500000000000000e+04
9.961818271397705413e-03, 5.093000000000000000e+04
9.966796691323442925e-03, 5.180000000000000000e+04
9.971775111249178702e-03, 5.250700000000000000e+04
9.976753531174914480e-03, 5.305200000000000000e+04
9.981731951100650257e-03, 5.343500000000000000e+04
9.986710371026386035e-03, 5.364600000000000000e+04
9.991688790952121813e-03, 5.368200000000000000e+04
9.996667210877857590e-03, 5.353100000000000000e+04
1.000164563080359337e-02, 5.319800000000000000e+04
1.000662405072932915e-02, 5.268800000000000000e+04
1.001160247065506666e-02, 5.201800000000000000e+04
1.001658089058080243e-02, 5.119600000000000000e+04
1.002155931050653821e-02, 5.021900000000000000e+04
1.002653773043227399e-02, 4.910100000000000000e+04
1.003151615035800977e-02, 4.785800000000000000e+04
1.003649457028374554e-02, 4.649100000000000000e+04
1.004147299020948132e-02, 4.499400000000000000e+04
1.004645141013521710e-02, 4.338300000000000000e+04
1.005142983006095461e-02, 4.168000000000000000e+04
1.005640824998669039e-02, 3.990700000000000000e+04
1.006138666991242617e-02, 3.807600000000000000e+04
1.006636508983816194e-02, 3.619900000000000000e+04
1.007134350976389772e-02, 3.428700000000000000e+04
1.007632192968963350e-02, 3.235200000000000000e+04
1.008130034961536928e-02, 3.041600000000000000e+04
1.008627876954110505e-02, 2.850600000000000000e+04
1.009125718946684257e-02, 2.664200000000000000e+04
1.009623560939257834e-02, 2.483100000000000000e+04
1.010121402931831412e-02, 2.309000000000000000e+04
1.010619244924404990e-02, 2.142900000000000000e+04
1.011117086916978568e-02, 1.986300000000000000e+04
1.011614928909552145e-02, 1.840500000000000000e+04
1.012112770902125723e-02, 1.706100000000000000e+04
1.012610612894699301e-02, 1.584200000000000000e+04
1.013108454887272879e-02, 1.476500000000000000e+04
1.013606296879846630e-02, 1.385500000000000000e+04
1.014104138872420208e-02, 1.311400000000000000e+04
1.014601980864993785e-02, 1.254000000000000000e+04
1.015099822857567363e-02, 1.213800000000000000e+04
1.015597664850140941e-02, 1.190500000000000000e+04
1.016095506842714519e-02, 1.183500000000000000e+04
1.016593348835288096e-02, 1.192700000000000000e+04
1.017091190827861674e-02, 1.219300000000000000e+04
1.017589032820435425e-02, 1.264100000000000000e+04
1.018086874813009003e-02, 1.326700000000000000e+04
1.018584716805582581e-02, 1.406400000000000000e+04
1.019082558798156159e-02, 1.502300000000000000e+04
1.019580400790729736e-02, 1.613200000000000000e+04
1.020078242783303314e-02, 1.737100000000000000e+04
1.020576084775876892e-02, 1.872800000000000000e+04
1.021073926768450470e-02, 2.020200000000000000e+04
1.021571768761024221e-02, 2.179000000000000000e+04
1.022069610753597799e-02, 2.347500000000000000e+04
1.022567452746171376e-02, 2.522800000000000000e+04
1.023065294738744954e-02, 2.703200000000000000e+04
1.023563136731318532e-02, 2.887600000000000000e+04
1.024060978723892110e-02, 3.075700000000000000e+04
1.024558820716465687e-02, 3.267100000000000000e+04
1.025056662709039265e-02, 3.459300000000000000e+04
1.025554504701612843e-02, 3.648800000000000000e+04
1.026052346694186594e-02, 3.833200000000000000e+04
1.026550188686760172e-02, 4.012200000000000000e+04
1.027048030679333750e-02, 4.186500000000000000e+04
1.027545872671907327e-02, 4.355100000000000000e+04
1.028043714664480905e-02, 4.515900000000000000e+04
1.028541556657054483e-02, 4.666600000000000000e+04
1.029039398649628061e-02, 4.805000000000000000e+04
1.029537240642201638e-02, 4.929700000000000000e+04
1.030035082634775390e-02, 5.040200000000000000e+04
1.030532924627348967e-02, 5.135800000000000000e+04
1.031030766619922545e-02, 5.215500000000000000e+04
1.031528608612496123e-02, 5.279000000000000000e+04
1.032026450605069701e-02, 5.326500000000000000e+04
1.032524292597643278e-02, 5.357700000000000000e+04
1.033022134590216856e-02, 5.371600000000000000e+04
1.033519976582790434e-02, 5.368100000000000000e+04
1.034017818575364185e-02, 5.346600000000000000e+04
1.034515660567937763e-02, 5.307700000000000000e+04
1.035013502560511341e-02, 5.252100000000000000e+04
1.035511344553084918e-02, 5.180800000000000000e+04
1.036009186545658496e-02, 5.093200000000000000e+04
1.036507028538232074e-02, 4.989700000000000000e+04
1.037004870530805652e-02, 4.872300000000000000e+04
1.037502712523379229e-02, 4.742400000000000000e+04
1.038000554515952807e-02, 4.599900000000000000e+04
1.038498396508526558e-02, 4.444600000000000000e+04
1.038996238501100136e-02, 4.279100000000000000e+04
1.039494080493673714e-02, 4.105300000000000000e+04
1.039991922486247292e-02, 3.925100000000000000e+04
1.040489764478820869e-02, 3.739700000000000000e+04
1.040987606471394447e-02, 3.549800000000000000e+04
1.041485448463968025e-02, 3.356800000000000000e+04
1.041983290456541603e-02, 3.162500000000000000e+04
1.042481132449115354e-02, 2.969600000000000000e+04
1.042978974441688932e-02, 2.780300000000000000e+04
1.043476816434262509e-02, 2.596400000000000000e+04
1.043974658426836087e-02, 2.418400000000000000e+04
1.044472500419409665e-02, 2.247600000000000000e+04
1.044970342411983243e-02, 2.085500000000000000e+04
1.045468184404556820e-02, 1.933100000000000000e+04
1.045966026397130398e-02, 1.791700000000000000e+04
1.046463868389703976e-02, 1.662000000000000000e+04
1.046961710382277727e-02, 1.544800000000000000e+04
1.047459552374851305e-02, 1.442500000000000000e+04
1.047957394367424883e-02, 1.356800000000000000e+04
1.048455236359998460e-02, 1.287900000000000000e+04
1.048953078352572038e-02, 1.236200000000000000e+04
1.049450920345145616e-02, 1.202100000000000000e+04
1.049948762337719194e-02, 1.184900000000000000e+04
1.050446604330292771e-02, 1.184000000000000000e+04
1.050944446322866523e-02, 1.199700000000000000e+04
1.051442288315440100e-02, 1.233100000000000000e+04
1.051940130308013678e-02, 1.284500000000000000e+04
1.052437972300587256e-02, 1.353500000000000000e+04
1.052935814293160834e-02, 1.439100000000000000e+04
1.053433656285734411e-02, 1.539600000000000000e+04
1.053931498278307989e-02, 1.653600000000000000e+04
1.054429340270881567e-02, 1.779600000000000000e+04
1.054927182263455318e-02, 1.916500000000000000e+04
1.055425024256028896e-02, 2.064600000000000000e+04
1.055922866248602474e-02, 2.223600000000000000e+04
1.056420708241176051e-02, 2.391700000000000000e+04
1.056918550233749629e-02, 2.566500000000000000e+04
1.057416392226323207e-02, 2.746700000000000000e+04
1.057914234218896785e-02, 2.931600000000000000e+04
1.058412076211470362e-02, 3.121000000000000000e+04
1.058909918204043940e-02, 3.313600000000000000e+04
1.059407760196617691e-02, 3.506300000000000000e+04
1.059905602189191269e-02, 3.696200000000000000e+04
1.060403444181764847e-02, 3.880600000000000000e+04
1.060901286174338425e-02, 4.060300000000000000e+04
1.061399128166912002e-02, 4.234700000000000000e+04
1.061896970159485580e-02, 4.402700000000000000e+04
1.062394812152059158e-02, 4.561700000000000000e+04
1.062892654144632736e-02, 4.709300000000000000e+04
1.063390496137206487e-02, 4.843800000000000000e+04
1.063888338129780065e-02, 4.964300000000000000e+04
1.064386180122353642e-02, 5.070200000000000000e+04
1.064884022114927220e-02, 5.160800000000000000e+04
1.065381864107500798e-02, 5.235300000000000000e+04
1.065879706100074376e-02, 5.293600000000000000e+04
1.066377548092647953e-02, 5.336400000000000000e+04
1.066875390085221531e-02, 5.362800000000000000e+04
1.067373232077795282e-02, 5.372200000000000000e+04
1.067871074070368860e-02, 5.363700000000000000e+04
1.068368916062942438e-02, 5.336900000000000000e+04
1.068866758055516016e-02, 5.291900000000000000e+04
1.069364600048089593e-02, 5.230400000000000000e+04
1.069862442040663171e-02, 5.152900000000000000e+04
1.070360284033236749e-02, 5.058900000000000000e+04
1.070858126025810327e-02, 4.949500000000000000e+04
1.071355968018383904e-02, 4.827100000000000000e+04
1.071853810010957656e-02, 4.692400000000000000e+04
1.072351652003531233e-02, 4.544900000000000000e+04
1.072849493996104811e-02, 4.384900000000000000e+04
1.073347335988678389e-02, 4.215000000000000000e+04
1.073845177981251967e-02, 4.037600000000000000e+04
1.074343019973825544e-02, 3.854500000000000000e+04
1.074840861966399122e-02, 3.667100000000000000e+04
1.075338703958972700e-02, 3.476400000000000000e+04
1.075836545951546451e-02, 3.283700000000000000e+04
1.076334387944120029e-02, 3.090700000000000000e+04
1.076832229936693607e-02, 2.900200000000000000e+04
1.077330071929267184e-02, 2.713900000000000000e+04
1.077827913921840762e-02, 2.532800000000000000e+04
1.078325755914414340e-02, 2.358200000000000000e+04
1.078823597906987918e-02, 2.190600000000000000e+04
1.079321439899561495e-02, 2.031900000000000000e+04
1.079819281892135246e-02, 1.883000000000000000e+04
1.080317123884708824e-02, 1.745100000000000000e+04
1.080814965877282402e-02, 1.619300000000000000e+04
1.081312807869855980e-02, 1.506600000000000000e+04
1.081810649862429557e-02, 1.410100000000000000e+04
1.082308491855003135e-02, 1.330600000000000000e+04
1.082806333847576713e-02, 1.268000000000000000e+04
1.083304175840150291e-02, 1.222800000000000000e+04
1.083802017832723869e-02, 1.195100000000000000e+04
1.084299859825297620e-02, 1.183900000000000000e+04
1.084797701817871197e-02, 1.189000000000000000e+04
1.085295543810444775e-02, 1.210700000000000000e+04
1.085793385803018353e-02, 1.249700000000000000e+04
1.086291227795591931e-02, 1.306000000000000000e+04
1.086789069788165508e-02, 1.379100000000000000e+04
1.087286911780739086e-02, 1.468400000000000000e+04
1.087784753773312664e-02, 1.573200000000000000e+04
1.088282595765886415e-02, 1.691700000000000000e+04
1.088780437758459993e-02, 1.822400000000000000e+04
1.089278279751033571e-02, 1.964400000000000000e+04
1.089776121743607148e-02, 2.117700000000000000e+04
1.090273963736180726e-02, 2.281500000000000000e+04
1.090771805728754304e-02, 2.453300000000000000e+04
1.091269647721327882e-02, 2.630900000000000000e+04
1.091767489713901459e-02, 2.813500000000000000e+04
1.092265331706475211e-02, 3.000600000000000000e+04
1.092763173699048788e-02, 3.192100000000000000e+04
1.093261015691622366e-02, 3.386000000000000000e+04
1.093758857684195944e-02, 3.578500000000000000e+04
1.094256699676769522e-02, 3.766600000000000000e+04
1.094754541669343099e-02, 3.948800000000000000e+04
