0.000000000000000000e+00, 3.554600000000000000e+04
2.061416997780925046e-04, 1.730300000000000000e+04
4.122833995561850091e-04, 1.313900000000000000e+04
6.184250993342774866e-04, 4.289100000000000000e+04
8.245667991123700183e-04, 2.667700000000000000e+04
1.030708498890462550e-03, 2.025300000000000000e+04
1.236850198668554973e-03, 1.773400000000000000e+04
1.442991898446647396e-03, 1.675500000000000000e+04
1.649133598224740037e-03, 1.711300000000000000e+04
1.855275298002832460e-03, 1.998100000000000000e+04
2.061416997780925100e-03, 2.153700000000000000e+04
2.267558697559017306e-03, 2.317500000000000000e+04
2.473700397337109946e-03, 2.393400000000000000e+04
2.679842097115202586e-03, 2.624700000000000000e+04
2.885983796893294793e-03, 2.710600000000000000e+04
3.092125496671387433e-03, 2.927600000000000000e+04
3.298267196449480073e-03, 3.071300000000000000e+04
3.504408896227572279e-03, 3.322500000000000000e+04
3.710550596005664920e-03, 3.589300000000000000e+04
3.916692295783757126e-03, 3.617000000000000000e+04
4.122833995561850200e-03, 3.840000000000000000e+04
4.328975695339942406e-03, 4.089800000000000000e+04
4.535117395118034613e-03, 4.315900000000000000e+04
4.741259094896127686e-03, 4.285900000000000000e+04
4.947400794674219893e-03, 4.318700000000000000e+04
5.153542494452312099e-03, 4.542600000000000000e+04
5.359684194230405173e-03, 4.697900000000000000e+04
5.565825894008497379e-03, 5.055300000000000000e+04
5.771967593786589586e-03, 5.271200000000000000e+04
5.978109293564682659e-03, 5.250900000000000000e+04
6.184250993342774866e-03, 5.215800000000000000e+04
6.390392693120867072e-03, 5.295000000000000000e+04
6.596534392898960146e-03, 5.376300000000000000e+04
6.802676092677052352e-03, 5.295300000000000000e+04
7.008817792455144559e-03, 5.696300000000000000e+04
7.214959492233237633e-03, 5.877100000000000000e+04
7.421101192011329839e-03, 5.729900000000000000e+04
7.627242891789422045e-03, 5.827300000000000000e+04
7.833384591567514252e-03, 5.690100000000000000e+04
8.039526291345607326e-03, 5.568600000000000000e+04
8.245667991123700399e-03, 5.716100000000000000e+04
8.451809690901791738e-03, 5.502600000000000000e+04
8.657951390679884812e-03, 5.800800000000000000e+04
8.864093090457977886e-03, 5.531300000000000000e+04
9.070234790236069225e-03, 5.480700000000000000e+04
9.276376490014162299e-03, 5.488800000000000000e+04
9.482518189792255373e-03, 5.415200000000000000e+04
9.688659889570346712e-03, 5.263000000000000000e+04
9.894801589348439785e-03, 5.178000000000000000e+04
1.010094328912653286e-02, 5.039900000000000000e+04
1.030708498890462420e-02, 4.896100000000000000e+04
1.051322668868271727e-02, 4.767000000000000000e+04
1.071936838846081035e-02, 4.517100000000000000e+04
1.092551008823890168e-02, 4.425600000000000000e+04
1.113165178801699476e-02, 4.223200000000000000e+04
1.133779348779508783e-02, 4.217500000000000000e+04
1.154393518757317917e-02, 3.969700000000000000e+04
1.175007688735127225e-02, 3.797500000000000000e+04
1.195621858712936532e-02, 3.413400000000000000e+04
1.216236028690745666e-02, 3.313500000000000000e+04
1.236850198668554973e-02, 3.313200000000000000e+04
1.257464368646364281e-02, 3.049900000000000000e+04
1.278078538624173414e-02, 2.774000000000000000e+04
1.298692708601982722e-02, 2.580600000000000000e+04
1.319306878579792029e-02, 2.360200000000000000e+04
1.339921048557601163e-02, 2.493400000000000000e+04
1.360535218535410470e-02, 2.238500000000000000e+04
1.381149388513219778e-02, 2.148500000000000000e+04
1.401763558491028912e-02, 1.949700000000000000e+04
1.422377728468838219e-02, 1.819600000000000000e+04
1.442991898446647527e-02, 1.581400000000000000e+04
1.463606068424456660e-02, 1.306800000000000000e+04
1.484220238402265968e-02, 1.297700000000000000e+04
1.504834408380075275e-02, 1.294900000000000000e+04
1.525448578357884409e-02, 1.290400000000000000e+04
1.546062748335693716e-02, 1.092500000000000000e+04
1.566676918313502850e-02, 1.147100000000000000e+04
1.587291088291312158e-02, 8.492000000000000000e+03
1.607905258269121465e-02, 9.601000000000000000e+03
1.628519428246930772e-02, 7.822000000000000000e+03
1.649133598224740080e-02, 9.361000000000000000e+03
1.669747768202549040e-02, 7.737000000000000000e+03
1.690361938180358348e-02, 9.330000000000000000e+03
1.710976108158167655e-02, 7.725000000000000000e+03
1.731590278135976962e-02, 9.326000000000000000e+03
1.752204448113786270e-02, 7.724000000000000000e+03
1.772818618091595577e-02, 1.027200000000000000e+04
1.793432788069404538e-02, 1.314000000000000000e+04
1.814046958047213845e-02, 1.189300000000000000e+04
1.834661128025023152e-02, 1.097300000000000000e+04
1.855275298002832460e-02, 1.259000000000000000e+04
1.875889467980641767e-02, 1.397400000000000000e+04
1.896503637958451075e-02, 1.475500000000000000e+04
1.917117807936260035e-02, 1.487900000000000000e+04
1.937731977914069342e-02, 1.729000000000000000e+04
1.958346147891878650e-02, 1.979600000000000000e+04
1.978960317869687957e-02, 2.241100000000000000e+04
1.999574487847497264e-02, 2.368300000000000000e+04
2.020188657825306572e-02, 2.492900000000000000e+04
2.040802827803115532e-02, 2.754800000000000000e+04
2.061416997780924840e-02, 2.894500000000000000e+04
2.082031167758734147e-02, 3.095900000000000000e+04
2.102645337736543454e-02, 3.221600000000000000e+04
2.123259507714352762e-02, 3.177400000000000000e+04
2.143873677692162069e-02, 3.625800000000000000e+04
2.164487847669971030e-02, 3.601100000000000000e+04
2.185102017647780337e-02, 3.885200000000000000e+04
2.205716187625589644e-02, 4.202700000000000000e+04
2.226330357603398952e-02, 4.262300000000000000e+04
2.246944527581208259e-02, 4.198600000000000000e+04
2.267558697559017566e-02, 4.272500000000000000e+04
2.288172867536826527e-02, 4.530000000000000000e+04
2.308787037514635834e-02, 4.704000000000000000e+04
2.329401207492445142e-02, 4.937800000000000000e+04
2.350015377470254449e-02, 5.348100000000000000e+04
2.370629547448063756e-02, 5.285100000000000000e+04
2.391243717425873064e-02, 5.202200000000000000e+04
2.411857887403682024e-02, 5.196900000000000000e+04
2.432472057381491332e-02, 5.469500000000000000e+04
2.453086227359300639e-02, 5.338600000000000000e+04
2.473700397337109946e-02, 5.783700000000000000e+04
2.494314567314919254e-02, 5.743200000000000000e+04
2.514928737292728561e-02, 5.784800000000000000e+04
2.535542907270537522e-02, 5.692700000000000000e+04
2.556157077248346829e-02, 5.748700000000000000e+04
2.576771247226156136e-02, 5.530800000000000000e+04
2.597385417203965444e-02, 5.788300000000000000e+04
2.617999587181774751e-02, 5.531200000000000000e+04
2.638613757159584058e-02, 5.786600000000000000e+04
2.659227927137393019e-02, 5.569500000000000000e+04
2.679842097115202326e-02, 5.413600000000000000e+04
2.700456267093011634e-02, 5.333800000000000000e+04
2.721070437070820941e-02, 5.418100000000000000e+04
2.741684607048630248e-02, 5.332100000000000000e+04
2.762298777026439556e-02, 5.217000000000000000e+04
2.782912947004248516e-02, 5.013700000000000000e+04
2.803527116982057824e-02, 4.923000000000000000e+04
2.824141286959867131e-02, 4.654400000000000000e+04
2.844755456937676438e-02, 4.460100000000000000e+04
2.865369626915485746e-02, 4.491600000000000000e+04
2.885983796893295053e-02, 4.173100000000000000e+04
2.906597966871104013e-02, 4.352200000000000000e+04
2.927212136848913321e-02, 4.060300000000000000e+04
2.947826306826722628e-02, 3.831400000000000000e+04
2.968440476804531936e-02, 3.489600000000000000e+04
2.989054646782341243e-02, 3.217900000000000000e+04
3.009668816760150550e-02, 3.431100000000000000e+04
3.030282986737959511e-02, 3.049800000000000000e+04
3.050897156715768818e-02, 2.844600000000000000e+04
3.071511326693578126e-02, 2.542800000000000000e+04
3.092125496671387433e-02, 2.277300000000000000e+04
3.112739666649196740e-02, 2.487900000000000000e+04
3.133353836627005701e-02, 2.201600000000000000e+04
3.153968006604815355e-02, 2.053900000000000000e+04
3.174582176582624315e-02, 1.864000000000000000e+04
3.195196346560433970e-02, 1.747400000000000000e+04
3.215810516538242930e-02, 1.593800000000000000e+04
3.236424686516051891e-02, 1.418500000000000000e+04
3.257038856493861545e-02, 1.199500000000000000e+04
3.277653026471670505e-02, 1.253800000000000000e+04
3.298267196449480160e-02, 1.313400000000000000e+04
3.318881366427289120e-02, 1.022000000000000000e+04
3.339495536405098081e-02, 1.140700000000000000e+04
3.360109706382907735e-02, 7.933000000000000000e+03
3.380723876360716695e-02, 9.997000000000000000e+03
3.401338046338526350e-02, 7.219000000000000000e+03
3.421952216316335310e-02, 9.668000000000000000e+03
3.442566386294144964e-02, 7.074000000000000000e+03
3.463180556271953925e-02, 9.607000000000000000e+03
3.483794726249762885e-02, 7.049000000000000000e+03
3.504408896227572540e-02, 9.597000000000000000e+03
3.525023066205381500e-02, 7.045000000000000000e+03
3.545637236183191154e-02, 9.995000000000000000e+03
3.566251406161000115e-02, 1.266100000000000000e+04
3.586865576138809075e-02, 1.345600000000000000e+04
3.607479746116618730e-02, 1.274500000000000000e+04
3.628093916094427690e-02, 1.394300000000000000e+04
3.648708086072237344e-02, 1.488500000000000000e+04
3.669322256050046305e-02, 1.540500000000000000e+04
3.689936426027855959e-02, 1.565500000000000000e+04
3.710550596005664920e-02, 1.851800000000000000e+04
3.731164765983473880e-02, 1.968300000000000000e+04
3.751778935961283534e-02, 2.337000000000000000e+04
3.772393105939092495e-02, 2.446000000000000000e+04
3.793007275916902149e-02, 2.516800000000000000e+04
3.813621445894711109e-02, 2.802600000000000000e+04
3.834235615872520070e-02, 2.983100000000000000e+04
3.854849785850329724e-02, 3.172200000000000000e+04
3.875463955828138685e-02, 3.284100000000000000e+04
3.896078125805948339e-02, 3.120800000000000000e+04
3.916692295783757299e-02, 3.538000000000000000e+04
3.937306465761566954e-02, 3.673900000000000000e+04
3.957920635739375914e-02, 4.014700000000000000e+04
3.978534805717184875e-02, 4.259200000000000000e+04
3.999148975694994529e-02, 4.249800000000000000e+04
4.019763145672803489e-02, 4.329700000000000000e+04
4.040377315650613144e-02, 4.484100000000000000e+04
4.060991485628422104e-02, 4.692500000000000000e+04
4.081605655606231065e-02, 4.821300000000000000e+04
4.102219825584040719e-02, 4.960800000000000000e+04
4.122833995561849679e-02, 5.394600000000000000e+04
4.143448165539659334e-02, 5.362600000000000000e+04
4.164062335517468294e-02, 5.241700000000000000e+04
4.184676505495277948e-02, 5.175300000000000000e+04
4.205290675473086909e-02, 5.494000000000000000e+04
4.225904845450895869e-02, 5.406200000000000000e+04
4.246519015428705524e-02, 5.867200000000000000e+04
4.267133185406514484e-02, 5.677500000000000000e+04
4.287747355384324138e-02, 5.845900000000000000e+04
4.308361525362133099e-02, 5.660000000000000000e+04
4.328975695339942059e-02, 5.800700000000000000e+04
4.349589865317751713e-02, 5.535400000000000000e+04
4.370204035295560674e-02, 5.813300000000000000e+04
4.390818205273370328e-02, 5.552700000000000000e+04
4.411432375251179289e-02, 5.624400000000000000e+04
4.432046545228988943e-02, 5.627400000000000000e+04
4.452660715206797903e-02, 5.416500000000000000e+04
4.473274885184606864e-02, 5.275400000000000000e+04
4.493889055162416518e-02, 5.282600000000000000e+04
4.514503225140225479e-02, 5.393500000000000000e+04
4.535117395118035133e-02, 5.260200000000000000e+04
4.555731565095844093e-02, 4.866500000000000000e+04
4.576345735073653054e-02, 4.814400000000000000e+04
4.596959905051462708e-02, 4.636800000000000000e+04
4.617574075029271669e-02, 4.244600000000000000e+04
4.638188245007081323e-02, 4.353000000000000000e+04
4.658802414984890283e-02, 4.023700000000000000e+04
4.679416584962699938e-02, 4.244300000000000000e+04
4.700030754940508898e-02, 3.934200000000000000e+04
4.720644924918317858e-02, 3.701300000000000000e+04
4.741259094896127513e-02, 3.448400000000000000e+04
4.761873264873936473e-02, 3.187500000000000000e+04
4.782487434851746128e-02, 3.389100000000000000e+04
4.803101604829555088e-02, 3.084100000000000000e+04
4.823715774807364048e-02, 2.789900000000000000e+04
4.844329944785173703e-02, 2.420800000000000000e+04
4.864944114762982663e-02, 2.325700000000000000e+04
4.885558284740792317e-02, 2.403500000000000000e+04
4.906172454718601278e-02, 2.106700000000000000e+04
4.926786624696410932e-02, 1.925500000000000000e+04
4.947400794674219893e-02, 1.747700000000000000e+04
4.968014964652028853e-02, 1.639600000000000000e+04
4.988629134629838507e-02, 1.546900000000000000e+04
5.009243304607647468e-02, 1.448900000000000000e+04
5.029857474585457122e-02, 1.125000000000000000e+04
5.050471644563266083e-02, 1.232400000000000000e+04
5.071085814541075043e-02, 1.335800000000000000e+04
5.091699984518884697e-02, 9.341000000000000000e+03
5.112314154496693658e-02, 1.110700000000000000e+04
5.132928324474503312e-02, 7.147000000000000000e+03
5.153542494452312273e-02, 9.830000000000000000e+03
5.174156664430121927e-02, 6.516000000000000000e+03
5.194770834407930887e-02, 9.543000000000000000e+03
5.215385004385739848e-02, 6.391000000000000000e+03
5.235999174363549502e-02, 9.490000000000000000e+03
5.256613344341358462e-02, 6.369000000000000000e+03
5.277227514319168117e-02, 9.482000000000000000e+03
5.297841684296977077e-02, 7.102000000000000000e+03
5.318455854274786038e-02, 1.026600000000000000e+04
5.339070024252595692e-02, 1.212300000000000000e+04
5.359684194230404652e-02, 1.269600000000000000e+04
5.380298364208214307e-02, 1.283200000000000000e+04
5.400912534186023267e-02, 1.452600000000000000e+04
5.421526704163832922e-02, 1.571500000000000000e+04
5.442140874141641882e-02, 1.634700000000000000e+04
5.462755044119450842e-02, 1.664700000000000000e+04
5.483369214097260497e-02, 1.848700000000000000e+04
5.503983384075069457e-02, 1.956900000000000000e+04
5.524597554052879111e-02, 2.321800000000000000e+04
5.545211724030688072e-02, 2.548800000000000000e+04
5.565825894008497032e-02, 2.527100000000000000e+04
5.586440063986306687e-02, 2.747600000000000000e+04
5.607054233964115647e-02, 2.950500000000000000e+04
5.627668403941925301e-02, 3.125700000000000000e+04
5.648282573919734262e-02, 3.206600000000000000e+04
5.668896743897543916e-02, 3.105700000000000000e+04
5.689510913875352877e-02, 3.431800000000000000e+04
5.710125083853161837e-02, 3.669200000000000000e+04
5.730739253830971491e-02, 4.068200000000000000e+04
5.751353423808780452e-02, 4.162800000000000000e+04
5.771967593786590106e-02, 4.262400000000000000e+04
5.792581763764399067e-02, 4.397900000000000000e+04
5.813195933742208027e-02, 4.595500000000000000e+04
5.833810103720017681e-02, 4.792600000000000000e+04
5.854424273697826642e-02, 4.933400000000000000e+04
5.875038443675636296e-02, 5.016100000000000000e+04
5.895652613653445256e-02, 5.280300000000000000e+04
5.916266783631254911e-02, 5.424800000000000000e+04
5.936880953609063871e-02, 5.308400000000000000e+04
5.957495123586872832e-02, 5.203000000000000000e+04
5.978109293564682486e-02, 5.439200000000000000e+04
5.998723463542491446e-02, 5.480500000000000000e+04
6.019337633520301101e-02, 5.930700000000000000e+04
6.039951803498110061e-02, 5.666600000000000000e+04
6.060565973475919022e-02, 5.890400000000000000e+04
6.081180143453728676e-02, 5.614300000000000000e+04
6.101794313431537636e-02, 5.858300000000000000e+04
6.122408483409347291e-02, 5.558100000000000000e+04
6.143022653387156251e-02, 5.683200000000000000e+04
6.163636823364965905e-02, 5.609300000000000000e+04
6.184250993342774866e-02, 5.529300000000000000e+04
6.204865163320583826e-02, 5.698300000000000000e+04
6.225479333298393481e-02, 5.455000000000000000e+04
6.246093503276202441e-02, 5.276000000000000000e+04
6.266707673254011401e-02, 5.210400000000000000e+04
6.287321843231821750e-02, 5.288000000000000000e+04
6.307936013209630710e-02, 5.146500000000000000e+04
6.328550183187439671e-02, 4.845200000000000000e+04
6.349164353165248631e-02, 4.809900000000000000e+04
6.369778523143057591e-02, 4.680400000000000000e+04
6.390392693120867940e-02, 4.270600000000000000e+04
6.411006863098676900e-02, 4.417700000000000000e+04
6.431621033076485860e-02, 4.001600000000000000e+04
6.452235203054294821e-02, 4.118400000000000000e+04
6.472849373032103781e-02, 3.921400000000000000e+04
6.493463543009914130e-02, 3.526400000000000000e+04
6.514077712987723090e-02, 3.467800000000000000e+04
6.534691882965532050e-02, 3.277000000000000000e+04
6.555306052943341011e-02, 3.258100000000000000e+04
6.575920222921149971e-02, 3.074800000000000000e+04
6.596534392898960319e-02, 2.666800000000000000e+04
6.617148562876769280e-02, 2.404300000000000000e+04
6.637762732854578240e-02, 2.348400000000000000e+04
6.658376902832387201e-02, 2.271800000000000000e+04
6.678991072810196161e-02, 2.042800000000000000e+04
6.699605242788006509e-02, 1.870200000000000000e+04
6.720219412765815470e-02, 1.717700000000000000e+04
6.740833582743624430e-02, 1.557300000000000000e+04
6.761447752721433391e-02, 1.502000000000000000e+04
6.782061922699243739e-02, 1.467200000000000000e+04
6.802676092677052699e-02, 1.098800000000000000e+04
6.823290262654861660e-02, 1.164000000000000000e+04
6.843904432632670620e-02, 1.300300000000000000e+04
6.864518602610479581e-02, 9.144000000000000000e+03
6.885132772588289929e-02, 1.053800000000000000e+04
6.905746942566098889e-02, 7.118000000000000000e+03
6.926361112543907850e-02, 9.408000000000000000e+03
6.946975282521716810e-02, 6.571000000000000000e+03
6.967589452499525771e-02, 9.161000000000000000e+03
6.988203622477336119e-02, 6.464000000000000000e+03
7.008817792455145079e-02, 9.117000000000000000e+03
7.029431962432954040e-02, 5.966000000000000000e+03
7.050046132410763000e-02, 9.120000000000000000e+03
7.070660302388571961e-02, 8.842000000000000000e+03
7.091274472366382309e-02, 1.204200000000000000e+04
7.111888642344191269e-02, 1.136800000000000000e+04
7.132502812322000230e-02, 1.252300000000000000e+04
7.153116982299809190e-02, 1.333400000000000000e+04
7.173731152277618150e-02, 1.497800000000000000e+04
7.194345322255428499e-02, 1.604500000000000000e+04
7.214959492233237459e-02, 1.659700000000000000e+04
7.235573662211046420e-02, 1.685500000000000000e+04
7.256187832188855380e-02, 1.817000000000000000e+04
7.276802002166665728e-02, 2.066800000000000000e+04
7.297416172144474689e-02, 2.265400000000000000e+04
7.318030342122283649e-02, 2.539800000000000000e+04
7.338644512100092610e-02, 2.560100000000000000e+04
7.359258682077901570e-02, 2.616300000000000000e+04
7.379872852055711918e-02, 2.847900000000000000e+04
7.400487022033520879e-02, 3.030000000000000000e+04
7.421101192011329839e-02, 3.355700000000000000e+04
7.441715361989138799e-02, 3.278500000000000000e+04
7.462329531966947760e-02, 3.450500000000000000e+04
7.482943701944758108e-02, 3.823400000000000000e+04
7.503557871922567069e-02, 4.047400000000000000e+04
7.524172041900376029e-02, 4.178000000000000000e+04
7.544786211878184989e-02, 4.354500000000000000e+04
7.565400381855993950e-02, 4.333400000000000000e+04
7.586014551833804298e-02, 4.551000000000000000e+04
7.606628721811613258e-02, 4.732800000000000000e+04
7.627242891789422219e-02, 5.060200000000000000e+04
7.647857061767231179e-02, 5.101500000000000000e+04
7.668471231745040140e-02, 5.138100000000000000e+04
7.689085401722850488e-02, 5.252900000000000000e+04
7.709699571700659448e-02, 5.290700000000000000e+04
7.730313741678468409e-02, 5.204200000000000000e+04
7.750927911656277369e-02, 5.294500000000000000e+04
7.771542081634087717e-02, 5.538700000000000000e+04
7.792156251611896678e-02, 5.990500000000000000e+04
7.812770421589705638e-02, 5.666400000000000000e+04
7.833384591567514599e-02, 5.951000000000000000e+04
7.853998761545323559e-02, 5.622100000000000000e+04
7.874612931523133907e-02, 5.783400000000000000e+04
7.895227101500942868e-02, 5.607100000000000000e+04
7.915841271478751828e-02, 5.561100000000000000e+04
7.936455441456560789e-02, 5.677500000000000000e+04
7.957069611434369749e-02, 5.496800000000000000e+04
7.977683781412180097e-02, 5.632000000000000000e+04
7.998297951389989058e-02, 5.515200000000000000e+04
8.018912121367798018e-02, 5.323900000000000000e+04
8.039526291345606979e-02, 5.214500000000000000e+04
8.060140461323415939e-02, 5.223100000000000000e+04
8.080754631301226287e-02, 5.076100000000000000e+04
8.101368801279035248e-02, 4.799600000000000000e+04
8.121982971256844208e-02, 4.788300000000000000e+04
8.142597141234653169e-02, 4.667500000000000000e+04
8.163211311212462129e-02, 4.271700000000000000e+04
8.183825481190272477e-02, 4.386900000000000000e+04
8.204439651168081438e-02, 4.028900000000000000e+04
8.225053821145890398e-02, 3.961100000000000000e+04
8.245667991123699359e-02, 3.912600000000000000e+04
8.266282161101509707e-02, 3.368500000000000000e+04
8.286896331079318667e-02, 3.501600000000000000e+04
8.307510501057127628e-02, 3.365100000000000000e+04
8.328124671034936588e-02, 3.093600000000000000e+04
8.348738841012745548e-02, 2.942300000000000000e+04
8.369353010990555897e-02, 2.541800000000000000e+04
8.389967180968364857e-02, 2.423600000000000000e+04
8.410581350946173818e-02, 2.333000000000000000e+04
8.431195520923982778e-02, 2.188700000000000000e+04
8.451809690901791738e-02, 2.176000000000000000e+04
8.472423860879602087e-02, 1.973800000000000000e+04
8.493038030857411047e-02, 1.819900000000000000e+04
8.513652200835220007e-02, 1.462800000000000000e+04
8.534266370813028968e-02, 1.413700000000000000e+04
8.554880540790837928e-02, 1.428200000000000000e+04
8.575494710768648277e-02, 1.221700000000000000e+04
8.596108880746457237e-02, 1.105900000000000000e+04
8.616723050724266197e-02, 1.235400000000000000e+04
8.637337220702075158e-02, 1.049900000000000000e+04
8.657951390679884118e-02, 9.824000000000000000e+03
8.678565560657694467e-02, 7.920000000000000000e+03
8.699179730635503427e-02, 8.901000000000000000e+03
8.719793900613312387e-02, 7.590000000000000000e+03
8.740408070591121348e-02, 8.783000000000000000e+03
8.761022240568931696e-02, 7.547000000000000000e+03
8.781636410546740656e-02, 8.768000000000000000e+03
8.802250580524549617e-02, 7.542000000000000000e+03
8.822864750502358577e-02, 8.766000000000000000e+03
8.843478920480167538e-02, 9.908000000000000000e+03
8.864093090457977886e-02, 1.302200000000000000e+04
8.884707260435786846e-02, 1.047300000000000000e+04
8.905321430413595807e-02, 1.200200000000000000e+04
8.925935600391404767e-02, 1.325500000000000000e+04
8.946549770369213728e-02, 1.481700000000000000e+04
8.967163940347024076e-02, 1.577100000000000000e+04
8.987778110324833036e-02, 1.625200000000000000e+04
9.008392280302641997e-02, 1.647300000000000000e+04
9.029006450280450957e-02, 1.833600000000000000e+04
9.049620620258259918e-02, 2.071300000000000000e+04
9.070234790236070266e-02, 2.287900000000000000e+04
9.090848960213879226e-02, 2.483600000000000000e+04
9.111463130191688187e-02, 2.648700000000000000e+04
9.132077300169497147e-02, 2.658800000000000000e+04
9.152691470147306108e-02, 2.871800000000000000e+04
9.173305640125116456e-02, 3.022200000000000000e+04
9.193919810102925416e-02, 3.377400000000000000e+04
9.214533980080734377e-02, 3.469500000000000000e+04
9.235148150058543337e-02, 3.544200000000000000e+04
9.255762320036353685e-02, 3.864400000000000000e+04
9.276376490014162646e-02, 4.045700000000000000e+04
9.296990659991971606e-02, 4.260500000000000000e+04
9.317604829969780567e-02, 4.343600000000000000e+04
9.338218999947589527e-02, 4.296100000000000000e+04
9.358833169925399875e-02, 4.574900000000000000e+04
9.379447339903208836e-02, 4.730900000000000000e+04
9.400061509881017796e-02, 5.095100000000000000e+04
9.420675679858826757e-02, 5.178500000000000000e+04
9.441289849836635717e-02, 5.222900000000000000e+04
9.461904019814446065e-02, 5.247500000000000000e+04
9.482518189792255026e-02, 5.380800000000000000e+04
9.503132359770063986e-02, 5.316500000000000000e+04
9.523746529747872946e-02, 5.284900000000000000e+04
9.544360699725681907e-02, 5.636100000000000000e+04
9.564974869703492255e-02, 5.987500000000000000e+04
9.585589039681301216e-02, 5.699300000000000000e+04
9.606203209659110176e-02, 5.939700000000000000e+04
9.626817379636919136e-02, 5.657200000000000000e+04
9.647431549614728097e-02, 5.627400000000000000e+04
9.668045719592538445e-02, 5.669900000000000000e+04
9.688659889570347405e-02, 5.509000000000000000e+04
9.709274059548156366e-02, 5.750900000000000000e+04
9.729888229525965326e-02, 5.519100000000000000e+04
9.750502399503775675e-02, 5.534900000000000000e+04
9.771116569481584635e-02, 5.542300000000000000e+04
9.791730739459393595e-02, 5.359800000000000000e+04
9.812344909437202556e-02, 5.224700000000000000e+04
9.832959079415011516e-02, 5.172800000000000000e+04
9.853573249392821864e-02, 5.031800000000000000e+04
9.874187419370630825e-02, 4.843400000000000000e+04
9.894801589348439785e-02, 4.822600000000000000e+04
9.915415759326248746e-02, 4.551200000000000000e+04
9.936029929304057706e-02, 4.348800000000000000e+04
9.956644099281868054e-02, 4.258200000000000000e+04
9.977258269259677015e-02, 4.126700000000000000e+04
9.997872439237485975e-02, 3.935200000000000000e+04
1.001848660921529494e-01, 3.811300000000000000e+04
1.003910077919310390e-01, 3.414700000000000000e+04
1.005971494917091424e-01, 3.504900000000000000e+04
1.008032911914872320e-01, 3.374400000000000000e+04
1.010094328912653217e-01, 3.159700000000000000e+04
1.012155745910434113e-01, 2.876600000000000000e+04
1.014217162908215009e-01, 2.603400000000000000e+04
1.016278579905996043e-01, 2.426200000000000000e+04
1.018339996903776939e-01, 2.448200000000000000e+04
1.020401413901557836e-01, 2.222500000000000000e+04
1.022462830899338732e-01, 2.185200000000000000e+04
1.024524247897119766e-01, 1.982100000000000000e+04
1.026585664894900662e-01, 1.842200000000000000e+04
1.028647081892681558e-01, 1.531700000000000000e+04
1.030708498890462455e-01, 1.307900000000000000e+04
1.032769915888243351e-01, 1.356600000000000000e+04
1.034831332886024385e-01, 1.286600000000000000e+04
1.036892749883805281e-01, 1.130900000000000000e+04
1.038954166881586177e-01, 1.158400000000000000e+04
1.041015583879367074e-01, 1.097700000000000000e+04
1.043077000877147970e-01, 9.242000000000000000e+03
1.045138417874929004e-01, 9.351000000000000000e+03
1.047199834872709900e-01, 8.381000000000000000e+03
1.049261251870490796e-01, 8.944000000000000000e+03
1.051322668868271692e-01, 8.200000000000000000e+03
1.053384085866052589e-01, 8.867000000000000000e+03
1.055445502863833623e-01, 8.168000000000000000e+03
1.057506919861614519e-01, 8.854000000000000000e+03
1.059568336859395415e-01, 8.163000000000000000e+03
1.061629753857176311e-01, 1.027800000000000000e+04
1.063691170854957208e-01, 1.326200000000000000e+04
1.065752587852738242e-01, 1.094200000000000000e+04
1.067814004850519138e-01, 1.127200000000000000e+04
1.069875421848300034e-01, 1.426600000000000000e+04
1.071936838846080930e-01, 1.546100000000000000e+04
1.073998255843861965e-01, 1.589500000000000000e+04
1.076059672841642861e-01, 1.605200000000000000e+04
1.078121089839423757e-01, 1.684600000000000000e+04
1.080182506837204653e-01, 1.988000000000000000e+04
1.082243923834985549e-01, 2.149900000000000000e+04
1.084305340832766584e-01, 2.379300000000000000e+04
1.086366757830547480e-01, 2.443900000000000000e+04
1.088428174828328376e-01, 2.674900000000000000e+04
1.090489591826109272e-01, 2.772600000000000000e+04
1.092551008823890168e-01, 2.979900000000000000e+04
1.094612425821671203e-01, 3.115200000000000000e+04
1.096673842819452099e-01, 3.282300000000000000e+04
1.098735259817232995e-01, 3.618700000000000000e+04
1.100796676815013891e-01, 3.626500000000000000e+04
1.102858093812794787e-01, 3.908900000000000000e+04
1.104919510810575822e-01, 4.145500000000000000e+04
1.106980927808356718e-01, 4.346800000000000000e+04
1.109042344806137614e-01, 4.300800000000000000e+04
1.111103761803918510e-01, 4.325400000000000000e+04
1.113165178801699406e-01, 4.545500000000000000e+04
1.115226595799480441e-01, 4.699100000000000000e+04
1.117288012797261337e-01, 4.982600000000000000e+04
1.119349429795042233e-01, 5.278500000000000000e+04
1.121410846792823129e-01, 5.249400000000000000e+04
1.123472263790604164e-01, 5.200700000000000000e+04
1.125533680788385060e-01, 5.250500000000000000e+04
1.127595097786165956e-01, 5.405800000000000000e+04
1.129656514783946852e-01, 5.306000000000000000e+04
1.131717931781727748e-01, 5.725700000000000000e+04
1.133779348779508783e-01, 5.823400000000000000e+04
1.135840765777289679e-01, 5.747200000000000000e+04
1.137902182775070575e-01, 5.846400000000000000e+04
1.139963599772851471e-01, 5.701600000000000000e+04
1.142025016770632367e-01, 5.574400000000000000e+04
1.144086433768413402e-01, 5.718700000000000000e+04
1.146147850766194298e-01, 5.503700000000000000e+04
1.148209267763975194e-01, 5.801300000000000000e+04
1.150270684761756090e-01, 5.531500000000000000e+04
1.152332101759536986e-01, 5.434800000000000000e+04
1.154393518757318021e-01, 5.415400000000000000e+04
1.156454935755098917e-01, 5.434200000000000000e+04
1.158516352752879813e-01, 5.281300000000000000e+04
1.160577769750660709e-01, 5.185900000000000000e+04
1.162639186748441605e-01, 5.050900000000000000e+04
1.164700603746222640e-01, 4.927000000000000000e+04
1.166762020744003536e-01, 4.716600000000000000e+04
1.168823437741784432e-01, 4.514700000000000000e+04
1.170884854739565328e-01, 4.318400000000000000e+04
1.172946271737346363e-01, 4.147200000000000000e+04
1.175007688735127259e-01, 4.177000000000000000e+04
1.177069105732908155e-01, 3.950400000000000000e+04
1.179130522730689051e-01, 3.788900000000000000e+04
1.181191939728469947e-01, 3.409800000000000000e+04
1.183253356726250982e-01, 3.312000000000000000e+04
1.185314773724031878e-01, 3.380000000000000000e+04
1.187376190721812774e-01, 3.100500000000000000e+04
1.189437607719593670e-01, 2.824800000000000000e+04
1.191499024717374566e-01, 2.592900000000000000e+04
1.193560441715155601e-01, 2.336400000000000000e+04
1.195621858712936497e-01, 2.505200000000000000e+04
1.197683275710717393e-01, 2.235400000000000000e+04
1.199744692708498289e-01, 2.122300000000000000e+04
1.201806109706279185e-01, 1.925700000000000000e+04
1.203867526704060220e-01, 1.800000000000000000e+04
1.205928943701841116e-01, 1.538700000000000000e+04
1.207990360699622012e-01, 1.278900000000000000e+04
1.210051777697402908e-01, 1.283200000000000000e+04
1.212113194695183804e-01, 1.288100000000000000e+04
1.214174611692964839e-01, 1.287400000000000000e+04
1.216236028690745735e-01, 1.091200000000000000e+04
1.218297445688526631e-01, 1.146600000000000000e+04
1.220358862686307527e-01, 8.490000000000000000e+03
1.222420279684088562e-01, 9.920000000000000000e+03
1.224481696681869458e-01, 7.695000000000000000e+03
1.226543113679650354e-01, 9.550000000000000000e+03
1.228604530677431250e-01, 7.533000000000000000e+03
1.230665947675212146e-01, 9.481000000000000000e+03
1.232727364672993181e-01, 7.505000000000000000e+03
1.234788781670774077e-01, 9.470000000000000000e+03
1.236850198668554973e-01, 7.500000000000000000e+03
1.238911615666335869e-01, 1.164300000000000000e+04
1.240973032664116765e-01, 1.422300000000000000e+04
1.243034449661897800e-01, 1.249100000000000000e+04
1.245095866659678696e-01, 1.126200000000000000e+04
1.247157283657459592e-01, 1.272000000000000000e+04
1.249218700655240488e-01, 1.403000000000000000e+04
1.251280117653021384e-01, 1.477800000000000000e+04
1.253341534650802280e-01, 1.514400000000000000e+04
1.255402951648583176e-01, 1.804200000000000000e+04
1.257464368646364350e-01, 1.996500000000000000e+04
1.259525785644145246e-01, 2.293400000000000000e+04
1.261587202641926142e-01, 2.382900000000000000e+04
1.263648619639707038e-01, 2.513900000000000000e+04
1.265710036637487934e-01, 2.785200000000000000e+04
1.267771453635268830e-01, 2.940600000000000000e+04
1.269832870633049726e-01, 3.138100000000000000e+04
1.271894287630830622e-01, 3.284600000000000000e+04
1.273955704628611518e-01, 3.255000000000000000e+04
1.276017121626392414e-01, 3.673100000000000000e+04
1.278078538624173588e-01, 3.624900000000000000e+04
1.280139955621954484e-01, 3.896200000000000000e+04
1.282201372619735380e-01, 4.207400000000000000e+04
1.284262789617516276e-01, 4.264300000000000000e+04
1.286324206615297172e-01, 4.283800000000000000e+04
1.288385623613078068e-01, 4.402400000000000000e+04
1.290447040610858964e-01, 4.619500000000000000e+04
1.292508457608639860e-01, 4.759000000000000000e+04
1.294569874606420756e-01, 4.948200000000000000e+04
1.296631291604201930e-01, 5.392300000000000000e+04
1.298692708601982826e-01, 5.310700000000000000e+04
1.300754125599763722e-01, 5.212100000000000000e+04
1.302815542597544618e-01, 5.183200000000000000e+04
1.304876959595325514e-01, 5.502200000000000000e+04
1.306938376593106410e-01, 5.363700000000000000e+04
1.308999793590887306e-01, 5.797400000000000000e+04
1.311061210588668202e-01, 5.749800000000000000e+04
1.313122627586449098e-01, 5.787800000000000000e+04
1.315184044584229994e-01, 5.694000000000000000e+04
1.317245461582011168e-01, 5.749200000000000000e+04
1.319306878579792064e-01, 5.531000000000000000e+04
1.321368295577572960e-01, 5.788400000000000000e+04
1.323429712575353856e-01, 5.523400000000000000e+04
1.325491129573134752e-01, 5.733800000000000000e+04
1.327552546570915648e-01, 5.584300000000000000e+04
1.329613963568696544e-01, 5.408500000000000000e+04
1.331675380566477440e-01, 5.305900000000000000e+04
1.333736797564258336e-01, 5.379800000000000000e+04
1.335798214562039232e-01, 5.359800000000000000e+04
1.337859631559820406e-01, 5.237400000000000000e+04
1.339921048557601302e-01, 5.044900000000000000e+04
1.341982465555382198e-01, 4.942600000000000000e+04
1.344043882553163094e-01, 4.664400000000000000e+04
1.346105299550943990e-01, 4.464700000000000000e+04
1.348166716548724886e-01, 4.493600000000000000e+04
1.350228133546505782e-01, 4.173900000000000000e+04
1.352289550544286678e-01, 4.304500000000000000e+04
1.354350967542067574e-01, 4.001800000000000000e+04
1.356412384539848748e-01, 3.781700000000000000e+04
1.358473801537629644e-01, 3.480500000000000000e+04
1.360535218535410540e-01, 3.188300000000000000e+04
1.362596635533191436e-01, 3.428100000000000000e+04
1.364658052530972332e-01, 3.047200000000000000e+04
1.366719469528753228e-01, 2.835700000000000000e+04
1.368780886526534124e-01, 2.507200000000000000e+04
1.370842303524315020e-01, 2.229400000000000000e+04
1.372903720522095916e-01, 2.435600000000000000e+04
1.374965137519876812e-01, 2.170300000000000000e+04
1.377026554517657986e-01, 2.038400000000000000e+04
1.379087971515438882e-01, 1.856800000000000000e+04
1.381149388513219778e-01, 1.744300000000000000e+04
1.383210805511000674e-01, 1.592500000000000000e+04
1.385272222508781570e-01, 1.417900000000000000e+04
1.387333639506562466e-01, 1.199200000000000000e+04
1.389395056504343362e-01, 1.269600000000000000e+04
1.391456473502124258e-01, 1.337900000000000000e+04
1.393517890499905154e-01, 9.980000000000000000e+03
1.395579307497686328e-01, 1.136400000000000000e+04
1.397640724495467224e-01, 7.678000000000000000e+03
1.399702141493248120e-01, 9.981000000000000000e+03
1.401763558491029016e-01, 6.985000000000000000e+03
1.403824975488809912e-01, 9.662000000000000000e+03
1.405886392486590808e-01, 6.846000000000000000e+03
1.407947809484371704e-01, 9.444000000000000000e+03
1.410009226482152600e-01, 6.963000000000000000e+03
1.412070643479933496e-01, 9.555000000000000000e+03
1.414132060477714392e-01, 7.027000000000000000e+03
1.416193477475495566e-01, 9.987000000000000000e+03
1.418254894473276462e-01, 1.265700000000000000e+04
1.420316311471057358e-01, 1.261100000000000000e+04
1.422377728468838254e-01, 1.208700000000000000e+04
1.424439145466619150e-01, 1.377000000000000000e+04
1.426500562464400046e-01, 1.503500000000000000e+04
1.428561979462180942e-01, 1.572300000000000000e+04
1.430623396459961838e-01, 1.605200000000000000e+04
1.432684813457742734e-01, 1.856600000000000000e+04
1.434746230455523630e-01, 1.943700000000000000e+04
1.436807647453304804e-01, 2.340800000000000000e+04
1.438869064451085700e-01, 2.495300000000000000e+04
1.440930481448866596e-01, 2.613100000000000000e+04
1.442991898446647492e-01, 2.864900000000000000e+04
1.445053315444428388e-01, 3.015200000000000000e+04
1.447114732442209284e-01, 3.187200000000000000e+04
1.449176149439990180e-01, 3.290700000000000000e+04
1.451237566437771076e-01, 3.123600000000000000e+04
1.453298983435551972e-01, 3.539100000000000000e+04
1.455360400433333146e-01, 3.620200000000000000e+04
1.457421817431114042e-01, 3.998700000000000000e+04
1.459483234428894938e-01, 4.211100000000000000e+04
1.461544651426675834e-01, 4.235000000000000000e+04
1.463606068424456730e-01, 4.351300000000000000e+04
1.465667485422237626e-01, 4.525300000000000000e+04
1.467728902420018522e-01, 4.731400000000000000e+04
1.469790319417799418e-01, 4.856100000000000000e+04
1.471851736415580314e-01, 4.974900000000000000e+04
1.473913153413361210e-01, 5.432000000000000000e+04
1.475974570411142384e-01, 5.387500000000000000e+04
1.478035987408923280e-01, 5.254700000000000000e+04
1.480097404406704176e-01, 5.181400000000000000e+04
1.482158821404485072e-01, 5.496700000000000000e+04
1.484220238402265968e-01, 5.407400000000000000e+04
1.486281655400046864e-01, 5.867600000000000000e+04
1.488343072397827760e-01, 5.677700000000000000e+04
1.490404489395608656e-01, 5.846000000000000000e+04
1.492465906393389552e-01, 5.628000000000000000e+04
1.494527323391170726e-01, 5.813400000000000000e+04
1.496588740388951622e-01, 5.536800000000000000e+04
1.498650157386732518e-01, 5.787400000000000000e+04
1.500711574384513414e-01, 5.569400000000000000e+04
1.502772991382294310e-01, 5.584100000000000000e+04
1.504834408380075206e-01, 5.650200000000000000e+04
1.506895825377856102e-01, 5.426200000000000000e+04
1.508957242375636998e-01, 5.302200000000000000e+04
1.511018659373417894e-01, 5.300400000000000000e+04
1.513080076371198790e-01, 5.402800000000000000e+04
1.515141493368979964e-01, 5.264600000000000000e+04
1.517202910366760860e-01, 4.868500000000000000e+04
1.519264327364541756e-01, 4.815300000000000000e+04
1.521325744362322652e-01, 4.637200000000000000e+04
1.523387161360103548e-01, 4.308900000000000000e+04
1.525448578357884444e-01, 4.422900000000000000e+04
1.527509995355665340e-01, 4.035300000000000000e+04
1.529571412353446236e-01, 4.229600000000000000e+04
1.531632829351227132e-01, 3.925000000000000000e+04
1.533694246349008028e-01, 3.653600000000000000e+04
1.535755663346789202e-01, 3.443800000000000000e+04
1.537817080344570098e-01, 3.207600000000000000e+04
1.539878497342350994e-01, 3.354100000000000000e+04
1.541939914340131890e-01, 3.158000000000000000e+04
1.544001331337912786e-01, 2.859600000000000000e+04
1.546062748335693682e-01, 2.461100000000000000e+04
1.548124165333474578e-01, 2.345500000000000000e+04
1.550185582331255474e-01, 2.412600000000000000e+04
1.552246999329036370e-01, 2.110700000000000000e+04
1.554308416326817543e-01, 1.927100000000000000e+04
1.556369833324598440e-01, 1.748400000000000000e+04
1.558431250322379336e-01, 1.644400000000000000e+04
1.560492667320160232e-01, 1.553000000000000000e+04
1.562554084317941128e-01, 1.470100000000000000e+04
1.564615501315722024e-01, 1.095600000000000000e+04
1.566676918313502920e-01, 1.213300000000000000e+04
1.568738335311283816e-01, 1.328700000000000000e+04
1.570799752309064712e-01, 9.029000000000000000e+03
1.572861169306845608e-01, 1.094000000000000000e+04
1.574922586304626781e-01, 6.888000000000000000e+03
1.576984003302407678e-01, 9.667000000000000000e+03
1.579045420300188574e-01, 6.432000000000000000e+03
1.581106837297969470e-01, 9.504000000000000000e+03
1.583168254295750366e-01, 6.374000000000000000e+03
1.585229671293531262e-01, 9.483000000000000000e+03
1.587291088291312158e-01, 6.366000000000000000e+03
1.589352505289093054e-01, 9.480000000000000000e+03
1.591413922286873950e-01, 7.776000000000000000e+03
1.593475339284655123e-01, 1.090800000000000000e+04
1.595536756282436019e-01, 1.194300000000000000e+04
1.597598173280216916e-01, 1.271000000000000000e+04
1.599659590277997812e-01, 1.308800000000000000e+04
1.601721007275778708e-01, 1.476400000000000000e+04
1.603782424273559604e-01, 1.590900000000000000e+04
1.605843841271340500e-01, 1.651200000000000000e+04
1.607905258269121396e-01, 1.679700000000000000e+04
1.609966675266902292e-01, 1.956500000000000000e+04
1.612028092264683188e-01, 2.055700000000000000e+04
1.614089509262464361e-01, 2.378400000000000000e+04
1.616150926260245257e-01, 2.576600000000000000e+04
1.618212343258026154e-01, 2.539800000000000000e+04
1.620273760255807050e-01, 2.753000000000000000e+04
1.622335177253587946e-01, 2.952800000000000000e+04
1.624396594251368842e-01, 3.126600000000000000e+04
1.626458011249149738e-01, 3.298700000000000000e+04
1.628519428246930634e-01, 3.188900000000000000e+04
1.630580845244711530e-01, 3.442300000000000000e+04
1.632642262242492426e-01, 3.723300000000000000e+04
1.634703679240273599e-01, 4.081100000000000000e+04
1.636765096238054495e-01, 4.159800000000000000e+04
1.638826513235835391e-01, 4.288200000000000000e+04
1.640887930233616288e-01, 4.392400000000000000e+04
1.642949347231397184e-01, 4.598300000000000000e+04
1.645010764229178080e-01, 4.683500000000000000e+04
1.647072181226958976e-01, 4.855400000000000000e+04
1.649133598224739872e-01, 4.974400000000000000e+04
1.651195015222520768e-01, 5.260500000000000000e+04
1.653256432220301941e-01, 5.416000000000000000e+04
1.655317849218082837e-01, 5.304600000000000000e+04
1.657379266215863733e-01, 5.201500000000000000e+04
1.659440683213644629e-01, 5.365300000000000000e+04
1.661502100211425526e-01, 5.487400000000000000e+04
1.663563517209206422e-01, 5.944900000000000000e+04
1.665624934206987318e-01, 5.660000000000000000e+04
1.667686351204768214e-01, 5.909400000000000000e+04
1.669747768202549110e-01, 5.612700000000000000e+04
1.671809185200330006e-01, 5.854600000000000000e+04
1.673870602198111179e-01, 5.572400000000000000e+04
1.675932019195892075e-01, 5.633100000000000000e+04
1.677993436193672971e-01, 5.631100000000000000e+04
1.680054853191453867e-01, 5.551200000000000000e+04
1.682116270189234764e-01, 5.711100000000000000e+04
1.684177687187015660e-01, 5.461300000000000000e+04
1.686239104184796556e-01, 5.278900000000000000e+04
1.688300521182577452e-01, 5.211700000000000000e+04
1.690361938180358348e-01, 5.288500000000000000e+04
1.692423355178139521e-01, 5.146700000000000000e+04
1.694484772175920417e-01, 4.799300000000000000e+04
1.696546189173701313e-01, 4.774900000000000000e+04
1.698607606171482209e-01, 4.684300000000000000e+04
1.700669023169263105e-01, 4.255800000000000000e+04
1.702730440167044001e-01, 4.422400000000000000e+04
1.704791857164824898e-01, 4.000000000000000000e+04
1.706853274162605794e-01, 4.047900000000000000e+04
1.708914691160386690e-01, 3.934600000000000000e+04
1.710976108158167586e-01, 3.453500000000000000e+04
1.713037525155948759e-01, 3.541400000000000000e+04
1.715098942153729655e-01, 3.338600000000000000e+04
1.717160359151510551e-01, 3.292700000000000000e+04
1.719221776149291447e-01, 3.091600000000000000e+04
1.721283193147072343e-01, 2.674400000000000000e+04
1.723344610144853239e-01, 2.407600000000000000e+04
1.725406027142634136e-01, 2.349800000000000000e+04
1.727467444140415032e-01, 2.272400000000000000e+04
1.729528861138195928e-01, 2.118400000000000000e+04
1.731590278135976824e-01, 1.919800000000000000e+04
1.733651695133757997e-01, 1.755800000000000000e+04
1.735713112131538893e-01, 1.523100000000000000e+04
1.737774529129319789e-01, 1.476900000000000000e+04
1.739835946127100685e-01, 1.459500000000000000e+04
1.741897363124881581e-01, 1.132200000000000000e+04
1.743958780122662477e-01, 1.137400000000000000e+04
1.746020197120443374e-01, 1.281300000000000000e+04
1.748081614118224270e-01, 8.840000000000000000e+03
1.750143031116005166e-01, 1.034600000000000000e+04
1.752204448113786339e-01, 7.020000000000000000e+03
1.754265865111567235e-01, 9.363000000000000000e+03
1.756327282109348131e-01, 6.550000000000000000e+03
1.758388699107129027e-01, 9.153000000000000000e+03
1.760450116104909923e-01, 6.461000000000000000e+03
1.762511533102690819e-01, 9.116000000000000000e+03
1.764572950100471715e-01, 6.445000000000000000e+03
1.766634367098252612e-01, 9.109000000000000000e+03
1.768695784096033508e-01, 9.327000000000000000e+03
1.770757201093814404e-01, 1.248400000000000000e+04
1.772818618091595577e-01, 1.108600000000000000e+04
1.774880035089376473e-01, 1.238200000000000000e+04
1.776941452087157369e-01, 1.336300000000000000e+04
1.779002869084938265e-01, 1.498100000000000000e+04
1.781064286082719161e-01, 1.569000000000000000e+04
1.783125703080500057e-01, 1.634400000000000000e+04
1.785187120078280953e-01, 1.671900000000000000e+04
1.787248537076061849e-01, 1.810600000000000000e+04
1.789309954073842746e-01, 2.064000000000000000e+04
1.791371371071623919e-01, 2.264200000000000000e+04
1.793432788069404815e-01, 2.539300000000000000e+04
1.795494205067185711e-01, 2.633100000000000000e+04
1.797555622064966607e-01, 2.650600000000000000e+04
1.799617039062747503e-01, 2.862500000000000000e+04
1.801678456060528399e-01, 3.022800000000000000e+04
1.803739873058309295e-01, 3.383200000000000000e+04
1.805801290056090191e-01, 3.339200000000000000e+04
1.807862707053871087e-01, 3.473700000000000000e+04
1.809924124051651984e-01, 3.855600000000000000e+04
1.811985541049433157e-01, 4.036200000000000000e+04
1.814046958047214053e-01, 4.100400000000000000e+04
1.816108375044994949e-01, 4.262600000000000000e+04
1.818169792042775845e-01, 4.277700000000000000e+04
1.820231209040556741e-01, 4.523000000000000000e+04
1.822292626038337637e-01, 4.719900000000000000e+04
1.824354043036118533e-01, 5.054600000000000000e+04
1.826415460033899429e-01, 5.099100000000000000e+04
1.828476877031680325e-01, 5.221500000000000000e+04
1.830538294029461222e-01, 5.318300000000000000e+04
1.832599711027242395e-01, 5.392100000000000000e+04
1.834661128025023291e-01, 5.263700000000000000e+04
1.836722545022804187e-01, 5.295900000000000000e+04
1.838783962020585083e-01, 5.575900000000000000e+04
1.840845379018365979e-01, 6.016800000000000000e+04
1.842906796016146875e-01, 5.675900000000000000e+04
1.844968213013927771e-01, 5.972400000000000000e+04
1.847029630011708667e-01, 5.631500000000000000e+04
1.849091047009489563e-01, 5.805400000000000000e+04
1.851152464007270737e-01, 5.621600000000000000e+04
1.853213881005051633e-01, 5.568600000000000000e+04
1.855275298002832529e-01, 5.681000000000000000e+04
1.857336715000613425e-01, 5.498300000000000000e+04
1.859398131998394321e-01, 5.632600000000000000e+04
1.861459548996175217e-01, 5.515400000000000000e+04
1.863520965993956113e-01, 5.316100000000000000e+04
1.865582382991737009e-01, 5.203100000000000000e+04
1.867643799989517905e-01, 5.193600000000000000e+04
1.869705216987298801e-01, 5.050900000000000000e+04
1.871766633985079975e-01, 4.807800000000000000e+04
1.873828050982860871e-01, 4.803100000000000000e+04
1.875889467980641767e-01, 4.633400000000000000e+04
1.877950884978422663e-01, 4.291100000000000000e+04
1.880012301976203559e-01, 4.414500000000000000e+04
1.882073718973984455e-01, 4.077900000000000000e+04
1.884135135971765351e-01, 3.992500000000000000e+04
1.886196552969546247e-01, 3.928800000000000000e+04
1.888257969967327143e-01, 3.376000000000000000e+04
1.890319386965108039e-01, 3.505000000000000000e+04
1.892380803962889213e-01, 3.366500000000000000e+04
1.894442220960670109e-01, 3.142200000000000000e+04
1.896503637958451005e-01, 2.973400000000000000e+04
1.898565054956231901e-01, 2.574200000000000000e+04
1.900626471954012797e-01, 2.448100000000000000e+04
1.902687888951793693e-01, 2.364800000000000000e+04
1.904749305949574589e-01, 2.185600000000000000e+04
1.906810722947355485e-01, 2.189800000000000000e+04
1.908872139945136381e-01, 1.985800000000000000e+04
1.910933556942917555e-01, 1.836300000000000000e+04
1.912994973940698451e-01, 1.419300000000000000e+04
1.915056390938479347e-01, 1.380700000000000000e+04
1.917117807936260243e-01, 1.410200000000000000e+04
1.919179224934041139e-01, 1.213000000000000000e+04
1.921240641931822035e-01, 1.102000000000000000e+04
1.923302058929602931e-01, 1.233800000000000000e+04
1.925363475927383827e-01, 1.049200000000000000e+04
1.927424892925164723e-01, 9.821000000000000000e+03
1.929486309922945619e-01, 8.652000000000000000e+03
1.931547726920726793e-01, 8.830000000000000000e+03
1.933609143918507689e-01, 8.179000000000000000e+03
1.935670560916288585e-01, 8.619000000000000000e+03
1.937731977914069481e-01, 8.088000000000000000e+03
1.939793394911850377e-01, 8.581000000000000000e+03
1.941854811909631273e-01, 8.073000000000000000e+03
1.943916228907412169e-01, 8.575000000000000000e+03
1.945977645905193065e-01, 1.009000000000000000e+04
1.948039062902973961e-01, 1.278200000000000000e+04
1.950100479900755135e-01, 1.027900000000000000e+04
1.952161896898536031e-01, 1.189400000000000000e+04
1.954223313896316927e-01, 1.320300000000000000e+04
1.956284730894097823e-01, 1.479400000000000000e+04
1.958346147891878719e-01, 1.576100000000000000e+04
1.960407564889659615e-01, 1.624800000000000000e+04
1.962468981887440511e-01, 1.647200000000000000e+04
1.964530398885221407e-01, 1.922400000000000000e+04
1.966591815883002303e-01, 2.097200000000000000e+04
1.968653232880783199e-01, 2.340300000000000000e+04
1.970714649878564373e-01, 2.455000000000000000e+04
1.972776066876345269e-01, 2.643700000000000000e+04
1.974837483874126165e-01, 2.686100000000000000e+04
1.976898900871907061e-01, 2.897400000000000000e+04
1.978960317869687957e-01, 3.042600000000000000e+04
1.981021734867468853e-01, 3.440200000000000000e+04
1.983083151865249749e-01, 3.540000000000000000e+04
1.985144568863030645e-01, 3.586500000000000000e+04
1.987205985860811541e-01, 3.885600000000000000e+04
1.989267402858592437e-01, 4.055400000000000000e+04
1.991328819856373611e-01, 4.264800000000000000e+04
1.993390236854154507e-01, 4.345400000000000000e+04
1.995451653851935403e-01, 4.296800000000000000e+04
1.997513070849716299e-01, 4.521000000000000000e+04
1.999574487847497195e-01, 4.686800000000000000e+04
2.001635904845278091e-01, 5.051400000000000000e+04
2.003697321843058987e-01, 5.204400000000000000e+04
2.005758738840839883e-01, 5.224500000000000000e+04
2.007820155838620779e-01, 5.223000000000000000e+04
2.009881572836401953e-01, 5.344100000000000000e+04
2.011942989834182849e-01, 5.344900000000000000e+04
2.014004406831963745e-01, 5.287400000000000000e+04
2.016065823829744641e-01, 5.666200000000000000e+04
2.018127240827525537e-01, 6.008500000000000000e+04
2.020188657825306433e-01, 5.710400000000000000e+04
2.022250074823087329e-01, 5.945000000000000000e+04
2.024311491820868225e-01, 5.659500000000000000e+04
2.026372908818649121e-01, 5.628400000000000000e+04
2.028434325816430017e-01, 5.670300000000000000e+04
2.030495742814211191e-01, 5.509200000000000000e+04
2.032557159811992087e-01, 5.751000000000000000e+04
2.034618576809772983e-01, 5.507400000000000000e+04
2.036679993807553879e-01, 5.486000000000000000e+04
2.038741410805334775e-01, 5.514600000000000000e+04
2.040802827803115671e-01, 5.381500000000000000e+04
2.042864244800896567e-01, 5.240000000000000000e+04
2.044925661798677463e-01, 5.171600000000000000e+04
2.046987078796458359e-01, 5.032500000000000000e+04
2.049048495794239533e-01, 4.867800000000000000e+04
2.051109912792020429e-01, 4.862600000000000000e+04
2.053171329789801325e-01, 4.576600000000000000e+04
2.055232746787582221e-01, 4.361800000000000000e+04
2.057294163785363117e-01, 4.264200000000000000e+04
2.059355580783144013e-01, 4.129300000000000000e+04
2.061416997780924909e-01, 3.936300000000000000e+04
2.063478414778705805e-01, 3.811700000000000000e+04
2.065539831776486701e-01, 3.360300000000000000e+04
2.067601248774267597e-01, 3.416200000000000000e+04
2.069662665772048771e-01, 3.346300000000000000e+04
2.071724082769829667e-01, 3.142700000000000000e+04
2.073785499767610563e-01, 2.837700000000000000e+04
2.075846916765391459e-01, 2.608900000000000000e+04
2.077908333763172355e-01, 2.401900000000000000e+04
2.079969750760953251e-01, 2.480000000000000000e+04
2.082031167758734147e-01, 2.236800000000000000e+04
2.084092584756515043e-01, 2.132000000000000000e+04
2.086154001754295939e-01, 1.942400000000000000e+04
2.088215418752076835e-01, 1.820700000000000000e+04
2.090276835749858009e-01, 1.521400000000000000e+04
2.092338252747638905e-01, 1.303300000000000000e+04
2.094399669745419801e-01, 1.354600000000000000e+04
2.096461086743200697e-01, 1.285800000000000000e+04
2.098522503740981593e-01, 1.215000000000000000e+04
2.100583920738762489e-01, 1.152900000000000000e+04
2.102645337736543385e-01, 1.129100000000000000e+04
2.104706754734324281e-01, 9.035000000000000000e+03
2.106768171732105177e-01, 9.624000000000000000e+03
2.108829588729886351e-01, 8.164000000000000000e+03
2.110891005727667247e-01, 9.215000000000000000e+03
2.112952422725448143e-01, 7.983000000000000000e+03
2.115013839723229039e-01, 9.138000000000000000e+03
2.117075256721009935e-01, 7.951000000000000000e+03
2.119136673718790831e-01, 8.666000000000000000e+03
2.121198090716571727e-01, 8.056000000000000000e+03
2.123259507714352623e-01, 1.022600000000000000e+04
2.125320924712133519e-01, 1.323800000000000000e+04
2.127382341709914415e-01, 1.093200000000000000e+04
2.129443758707695589e-01, 1.126800000000000000e+04
2.131505175705476485e-01, 1.278700000000000000e+04
2.133566592703257381e-01, 1.424800000000000000e+04
2.135628009701038277e-01, 1.509500000000000000e+04
2.137689426698819173e-01, 1.551400000000000000e+04
2.139750843696600069e-01, 1.711500000000000000e+04
2.141812260694380965e-01, 1.996500000000000000e+04
2.143873677692161861e-01, 2.194000000000000000e+04
2.145935094689942757e-01, 2.380500000000000000e+04
2.147996511687723931e-01, 2.462400000000000000e+04
2.150057928685504827e-01, 2.616300000000000000e+04
2.152119345683285723e-01, 2.724900000000000000e+04
2.154180762681066619e-01, 2.953300000000000000e+04
2.156242179678847515e-01, 3.102300000000000000e+04
2.158303596676628411e-01, 3.276500000000000000e+04
2.160365013674409307e-01, 3.616200000000000000e+04
2.162426430672190203e-01, 3.625400000000000000e+04
2.164487847669971099e-01, 3.845200000000000000e+04
2.166549264667751995e-01, 4.121900000000000000e+04
2.168610681665533169e-01, 4.313900000000000000e+04
2.170672098663314065e-01, 4.275100000000000000e+04
2.172733515661094961e-01, 4.340800000000000000e+04
2.174794932658875857e-01, 4.563100000000000000e+04
2.176856349656656753e-01, 4.713100000000000000e+04
2.178917766654437649e-01, 4.962500000000000000e+04
2.180979183652218545e-01, 5.316100000000000000e+04
2.183040600649999441e-01, 5.123800000000000000e+04
2.185102017647780337e-01, 5.098600000000000000e+04
2.187163434645561233e-01, 5.193800000000000000e+04
2.189224851643342407e-01, 5.378300000000000000e+04
2.191286268641123303e-01, 5.293700000000000000e+04
2.193347685638904199e-01, 5.720300000000000000e+04
2.195409102636685095e-01, 5.821200000000000000e+04
2.197470519634465991e-01, 5.746300000000000000e+04
2.199531936632246887e-01, 5.772800000000000000e+04
2.201593353630027783e-01, 5.708500000000000000e+04
2.203654770627808679e-01, 5.550000000000000000e+04
2.205716187625589575e-01, 5.739900000000000000e+04
2.207777604623370749e-01, 5.506000000000000000e+04
2.209839021621151645e-01, 5.800100000000000000e+04
2.211900438618932541e-01, 5.547100000000000000e+04
2.213961855616713437e-01, 5.420000000000000000e+04
2.216023272614494333e-01, 5.442300000000000000e+04
2.218084689612275229e-01, 5.455200000000000000e+04
2.220146106610056125e-01, 5.292900000000000000e+04
2.222207523607837021e-01, 5.191400000000000000e+04
2.224268940605617917e-01, 5.053400000000000000e+04
2.226330357603398813e-01, 4.928000000000000000e+04
2.228391774601179987e-01, 4.717100000000000000e+04
2.230453191598960883e-01, 4.514900000000000000e+04
2.232514608596741779e-01, 4.469600000000000000e+04
2.234576025594522675e-01, 4.222200000000000000e+04
2.236637442592303571e-01, 4.268400000000000000e+04
2.238698859590084467e-01, 3.998700000000000000e+04
2.240760276587865363e-01, 3.807700000000000000e+04
2.242821693585646259e-01, 3.453400000000000000e+04
2.244883110583427155e-01, 3.252200000000000000e+04
2.246944527581208328e-01, 3.413100000000000000e+04
2.249005944578989225e-01, 3.065700000000000000e+04
2.251067361576770121e-01, 2.907700000000000000e+04
2.253128778574551017e-01, 2.656300000000000000e+04
2.255190195572331913e-01, 2.371100000000000000e+04
2.257251612570112809e-01, 2.521800000000000000e+04
2.259313029567893705e-01, 2.242800000000000000e+04
2.261374446565674601e-01, 2.125500000000000000e+04
2.263435863563455497e-01, 1.927100000000000000e+04
2.265497280561236393e-01, 1.800600000000000000e+04
2.267558697559017566e-01, 1.593100000000000000e+04
2.269620114556798463e-01, 1.336600000000000000e+04
2.271681531554579359e-01, 1.266000000000000000e+04
2.273742948552360255e-01, 1.290800000000000000e+04
2.275804365550141151e-01, 1.313900000000000000e+04
2.277865782547922047e-01, 1.061300000000000000e+04
2.279927199545702943e-01, 1.148000000000000000e+04
2.281988616543483839e-01, 8.220000000000000000e+03
2.284050033541264735e-01, 9.985000000000000000e+03
2.286111450539045631e-01, 7.459000000000000000e+03
2.288172867536826804e-01, 9.373000000000000000e+03
2.290234284534607700e-01, 7.437000000000000000e+03
2.292295701532388597e-01, 9.435000000000000000e+03
2.294357118530169493e-01, 7.484000000000000000e+03
2.296418535527950389e-01, 9.461000000000000000e+03
2.298479952525731285e-01, 7.496000000000000000e+03
2.300541369523512181e-01, 1.020900000000000000e+04
2.302602786521293077e-01, 1.301300000000000000e+04
2.304664203519073973e-01, 1.221600000000000000e+04
2.306725620516855146e-01, 1.116300000000000000e+04
2.308787037514636042e-01, 1.281200000000000000e+04
2.310848454512416938e-01, 1.415700000000000000e+04
2.312909871510197835e-01, 1.490500000000000000e+04
2.314971288507978731e-01, 1.526800000000000000e+04
2.317032705505759627e-01, 1.831500000000000000e+04
2.319094122503540523e-01, 2.096100000000000000e+04
2.321155539501321419e-01, 2.391400000000000000e+04
2.323216956499102315e-01, 2.440000000000000000e+04
2.325278373496883211e-01, 2.542200000000000000e+04
2.327339790494664384e-01, 2.798100000000000000e+04
2.329401207492445280e-01, 2.946200000000000000e+04
2.331462624490226176e-01, 3.140500000000000000e+04
2.333524041488007073e-01, 3.260000000000000000e+04
2.335585458485787969e-01, 3.142000000000000000e+04
2.337646875483568865e-01, 3.608100000000000000e+04
2.339708292481349761e-01, 3.595600000000000000e+04
2.341769709479130657e-01, 3.916800000000000000e+04
2.343831126476911553e-01, 4.223700000000000000e+04
2.345892543474692726e-01, 4.242200000000000000e+04
2.347953960472473622e-01, 4.299200000000000000e+04
2.350015377470254518e-01, 4.439600000000000000e+04
2.352076794468035414e-01, 4.653600000000000000e+04
2.354138211465816310e-01, 4.804100000000000000e+04
2.356199628463597207e-01, 4.975900000000000000e+04
2.358261045461378103e-01, 5.406300000000000000e+04
2.360322462459158999e-01, 5.317200000000000000e+04
2.362383879456939895e-01, 5.214900000000000000e+04
2.364445296454720791e-01, 5.184400000000000000e+04
2.366506713452501964e-01, 5.502700000000000000e+04
2.368568130450282860e-01, 5.359400000000000000e+04
2.370629547448063756e-01, 5.812200000000000000e+04
2.372690964445844652e-01, 5.714900000000000000e+04
2.374752381443625548e-01, 5.804700000000000000e+04
2.376813798441406445e-01, 5.664500000000000000e+04
2.378875215439187341e-01, 5.769800000000000000e+04
2.380936632436968237e-01, 5.528700000000000000e+04
2.382998049434749133e-01, 5.812600000000000000e+04
2.385059466432530029e-01, 5.536400000000000000e+04
2.387120883430311202e-01, 5.757900000000000000e+04
2.389182300428092098e-01, 5.599800000000000000e+04
2.391243717425872994e-01, 5.416500000000000000e+04
2.393305134423653890e-01, 5.309600000000000000e+04
2.395366551421434786e-01, 5.381500000000000000e+04
2.397427968419215683e-01, 5.360500000000000000e+04
2.399489385416996579e-01, 5.237600000000000000e+04
2.401550802414777475e-01, 4.969600000000000000e+04
2.403612219412558371e-01, 4.893100000000000000e+04
2.405673636410339544e-01, 4.639700000000000000e+04
2.407735053408120440e-01, 4.412000000000000000e+04
2.409796470405901336e-01, 4.474900000000000000e+04
2.411857887403682232e-01, 4.128900000000000000e+04
2.413919304401463128e-01, 4.294200000000000000e+04
2.415980721399244024e-01, 3.979900000000000000e+04
2.418042138397024921e-01, 3.816700000000000000e+04
2.420103555394805817e-01, 3.543700000000000000e+04
2.422164972392586713e-01, 3.228900000000000000e+04
2.424226389390367609e-01, 3.449000000000000000e+04
2.426287806388148782e-01, 3.056900000000000000e+04
2.428349223385929678e-01, 2.839900000000000000e+04
2.430410640383710574e-01, 2.509100000000000000e+04
2.432472057381491470e-01, 2.278100000000000000e+04
2.434533474379272366e-01, 2.466800000000000000e+04
2.436594891377053262e-01, 2.175100000000000000e+04
2.438656308374834158e-01, 2.014000000000000000e+04
2.440717725372615055e-01, 1.827800000000000000e+04
2.442779142370395951e-01, 1.715700000000000000e+04
2.444840559368177124e-01, 1.585100000000000000e+04
2.446901976365958020e-01, 1.444100000000000000e+04
2.448963393363738916e-01, 1.165200000000000000e+04
2.451024810361519812e-01, 1.253700000000000000e+04
2.453086227359300708e-01, 1.308100000000000000e+04
2.455147644357081604e-01, 9.788000000000000000e+03
2.457209061354862500e-01, 1.126600000000000000e+04
2.459270478352643396e-01, 7.632000000000000000e+03
2.461331895350424293e-01, 9.960000000000000000e+03
2.463393312348205189e-01, 6.976000000000000000e+03
2.465454729345986362e-01, 9.658000000000000000e+03
2.467516146343767258e-01, 6.844000000000000000e+03
2.469577563341548154e-01, 9.603000000000000000e+03
2.471638980339329050e-01, 6.821000000000000000e+03
2.473700397337109946e-01, 9.594000000000000000e+03
2.475761814334890842e-01, 7.073000000000000000e+03
2.477823231332671738e-01, 1.010500000000000000e+04
2.479884648330452634e-01, 1.244200000000000000e+04
2.481946065328233531e-01, 1.270300000000000000e+04
2.484007482326014427e-01, 1.251800000000000000e+04
2.486068899323795600e-01, 1.347300000000000000e+04
2.488130316321576496e-01, 1.476900000000000000e+04
2.490191733319357392e-01, 1.557100000000000000e+04
2.492253150317138288e-01, 1.597700000000000000e+04
2.494314567314919184e-01, 1.853200000000000000e+04
2.496375984312700080e-01, 1.942200000000000000e+04
2.498437401310480976e-01, 2.340200000000000000e+04
2.500498818308262150e-01, 2.495000000000000000e+04
2.502560235306042768e-01, 2.503400000000000000e+04
2.504621652303823942e-01, 2.793600000000000000e+04
2.506683069301604561e-01, 2.983400000000000000e+04
2.508744486299385734e-01, 3.168100000000000000e+04
2.510805903297166353e-01, 3.275500000000000000e+04
2.512867320294947526e-01, 3.132000000000000000e+04
2.514928737292728700e-01, 3.488800000000000000e+04
2.516990154290509318e-01, 3.646500000000000000e+04
2.519051571288290492e-01, 4.046900000000000000e+04
2.521112988286071110e-01, 4.270500000000000000e+04
2.523174405283852284e-01, 4.271200000000000000e+04
2.525235822281632903e-01, 4.369600000000000000e+04
2.527297239279414076e-01, 4.533800000000000000e+04
2.529358656277194695e-01, 4.735100000000000000e+04
2.531420073274975868e-01, 4.857600000000000000e+04
2.533481490272756487e-01, 4.975500000000000000e+04
2.535542907270537660e-01, 5.364700000000000000e+04
2.537604324268318834e-01, 5.390900000000000000e+04
2.539665741266099452e-01, 5.261400000000000000e+04
2.541727158263880626e-01, 5.180000000000000000e+04
2.543788575261661244e-01, 5.459100000000000000e+04
2.545849992259442418e-01, 5.432200000000000000e+04
2.547911409257223037e-01, 5.893800000000000000e+04
2.549972826255004210e-01, 5.667100000000000000e+04
2.552034243252784829e-01, 5.867000000000000000e+04
2.554095660250566002e-01, 5.496600000000000000e+04
2.556157077248347176e-01, 5.693200000000000000e+04
2.558218494246127794e-01, 5.467900000000000000e+04
2.560279911243908968e-01, 5.753600000000000000e+04
2.562341328241689586e-01, 5.554000000000000000e+04
2.564402745239470760e-01, 5.577500000000000000e+04
2.566464162237251379e-01, 5.647400000000000000e+04
2.568525579235032552e-01, 5.425000000000000000e+04
2.570586996232813171e-01, 5.269800000000000000e+04
2.572648413230594344e-01, 5.249600000000000000e+04
2.574709830228375518e-01, 5.376400000000000000e+04
2.576771247226156136e-01, 5.239500000000000000e+04
2.578832664223937310e-01, 4.833800000000000000e+04
2.580894081221717928e-01, 4.792000000000000000e+04
2.582955498219499102e-01, 4.646700000000000000e+04
2.585016915217279720e-01, 4.279100000000000000e+04
2.587078332215060894e-01, 4.413600000000000000e+04
2.589139749212841513e-01, 4.086100000000000000e+04
2.591201166210622686e-01, 4.266900000000000000e+04
2.593262583208403860e-01, 3.945100000000000000e+04
2.595324000206184478e-01, 3.663200000000000000e+04
2.597385417203965652e-01, 3.448000000000000000e+04
2.599446834201746270e-01, 3.209400000000000000e+04
2.601508251199527444e-01, 3.354800000000000000e+04
2.603569668197308062e-01, 3.094100000000000000e+04
2.605631085195089236e-01, 2.755300000000000000e+04
2.607692502192869854e-01, 2.397000000000000000e+04
2.609753919190651028e-01, 2.344200000000000000e+04
2.611815336188431647e-01, 2.363800000000000000e+04
2.613876753186212820e-01, 2.092100000000000000e+04
2.615938170183993994e-01, 1.903600000000000000e+04
2.617999587181774612e-01, 1.730300000000000000e+04
2.620061004179555786e-01, 1.605200000000000000e+04
2.622122421177336404e-01, 1.668200000000000000e+04
2.624183838175117578e-01, 1.569700000000000000e+04
2.626245255172898196e-01, 1.151900000000000000e+04
2.628306672170679370e-01, 1.240800000000000000e+04
2.630368089168459989e-01, 1.341200000000000000e+04
2.632429506166241162e-01, 9.083000000000000000e+03
2.634490923164022336e-01, 1.096200000000000000e+04
2.636552340161802954e-01, 6.897000000000000000e+03
2.638613757159584128e-01, 9.716000000000000000e+03
2.640675174157364746e-01, 6.286000000000000000e+03
2.642736591155145920e-01, 9.439000000000000000e+03
2.644798008152926538e-01, 6.167000000000000000e+03
2.646859425150707712e-01, 9.389000000000000000e+03
2.648920842148488330e-01, 6.146000000000000000e+03
2.650982259146269504e-01, 9.381000000000000000e+03
2.653043676144050678e-01, 8.398000000000000000e+03
2.655105093141831296e-01, 1.155200000000000000e+04
2.657166510139612470e-01, 1.322500000000000000e+04
2.659227927137393088e-01, 1.354100000000000000e+04
2.661289344135174262e-01, 1.351800000000000000e+04
2.663350761132954880e-01, 1.496400000000000000e+04
2.665412178130736054e-01, 1.599800000000000000e+04
2.667473595128516672e-01, 1.655000000000000000e+04
2.669535012126297846e-01, 1.681200000000000000e+04
2.671596429124078464e-01, 1.835500000000000000e+04
2.673657846121859638e-01, 1.989000000000000000e+04
2.675719263119640812e-01, 2.300700000000000000e+04
2.677780680117421430e-01, 2.556300000000000000e+04
2.679842097115202604e-01, 2.560000000000000000e+04
2.681903514112983222e-01, 2.712800000000000000e+04
2.683964931110764396e-01, 2.920000000000000000e+04
2.686026348108545014e-01, 3.090200000000000000e+04
2.688087765106326188e-01, 3.326300000000000000e+04
2.690149182104106806e-01, 3.231500000000000000e+04
2.692210599101887980e-01, 3.521100000000000000e+04
2.694272016099669154e-01, 3.774000000000000000e+04
2.696333433097449772e-01, 4.107200000000000000e+04
2.698394850095230946e-01, 4.172000000000000000e+04
2.700456267093011564e-01, 4.293600000000000000e+04
2.702517684090792738e-01, 4.394700000000000000e+04
2.704579101088573356e-01, 4.599200000000000000e+04
2.706640518086354530e-01, 4.790700000000000000e+04
2.708701935084135148e-01, 4.974800000000000000e+04
2.710763352081916322e-01, 5.042000000000000000e+04
2.712824769079697496e-01, 5.253000000000000000e+04
2.714886186077478114e-01, 5.407700000000000000e+04
2.716947603075259288e-01, 5.334900000000000000e+04
2.719009020073039906e-01, 5.220300000000000000e+04
2.721070437070821080e-01, 5.334300000000000000e+04
2.723131854068601698e-01, 5.516600000000000000e+04
2.725193271066382872e-01, 5.969700000000000000e+04
2.727254688064163490e-01, 5.673900000000000000e+04
2.729316105061944664e-01, 5.916100000000000000e+04
2.731377522059725282e-01, 5.615800000000000000e+04
2.733438939057506456e-01, 5.855900000000000000e+04
2.735500356055287630e-01, 5.572900000000000000e+04
2.737561773053068248e-01, 5.633300000000000000e+04
2.739623190050849422e-01, 5.631200000000000000e+04
2.741684607048630040e-01, 5.512700000000000000e+04
2.743746024046411214e-01, 5.697400000000000000e+04
2.745807441044191832e-01, 5.473100000000000000e+04
2.747868858041973006e-01, 5.285800000000000000e+04
2.749930275039753624e-01, 5.201900000000000000e+04
2.751991692037534798e-01, 5.246800000000000000e+04
2.754053109035315972e-01, 5.104200000000000000e+04
2.756114526033096590e-01, 4.795000000000000000e+04
2.758175943030877764e-01, 4.679100000000000000e+04
2.760237360028658382e-01, 4.578600000000000000e+04
2.762298777026439556e-01, 4.192700000000000000e+04
2.764360194024220174e-01, 4.390800000000000000e+04
2.766421611022001348e-01, 3.985600000000000000e+04
2.768483028019781966e-01, 4.041600000000000000e+04
2.770544445017563140e-01, 3.931900000000000000e+04
2.772605862015344313e-01, 3.452400000000000000e+04
2.774667279013124932e-01, 3.495000000000000000e+04
2.776728696010906106e-01, 3.324100000000000000e+04
2.778790113008686724e-01, 3.199800000000000000e+04
2.780851530006467898e-01, 3.049400000000000000e+04
2.782912947004248516e-01, 2.615100000000000000e+04
2.784974364002029690e-01, 2.431100000000000000e+04
2.787035780999810308e-01, 2.336700000000000000e+04
2.789097197997591482e-01, 2.220900000000000000e+04
2.791158614995372655e-01, 2.154400000000000000e+04
2.793220031993153274e-01, 1.868600000000000000e+04
2.795281448990934448e-01, 1.714800000000000000e+04
2.797342865988715066e-01, 1.500300000000000000e+04
2.799404282986496240e-01, 1.466000000000000000e+04
2.801465699984276858e-01, 1.454600000000000000e+04
2.803527116982058032e-01, 1.130100000000000000e+04
2.805588533979838650e-01, 1.136500000000000000e+04
2.807649950977619824e-01, 1.281000000000000000e+04
2.809711367975400442e-01, 9.513000000000000000e+03
2.811772784973181616e-01, 1.031200000000000000e+04
2.813834201970962789e-01, 7.548000000000000000e+03
2.815895618968743408e-01, 9.229000000000000000e+03
2.817957035966524582e-01, 7.026000000000000000e+03
2.820018452964305200e-01, 8.995000000000000000e+03
2.822079869962086374e-01, 6.926000000000000000e+03
2.824141286959866992e-01, 8.953000000000000000e+03
2.826202703957648166e-01, 6.234000000000000000e+03
2.828264120955428784e-01, 8.979000000000000000e+03
2.830325537953209958e-01, 9.261000000000000000e+03
2.832386954950991131e-01, 1.245400000000000000e+04
2.834448371948771750e-01, 1.107200000000000000e+04
2.836509788946552924e-01, 1.237600000000000000e+04
2.838571205944333542e-01, 1.336000000000000000e+04
2.840632622942114716e-01, 1.498000000000000000e+04
2.842694039939895334e-01, 1.600900000000000000e+04
2.844755456937676508e-01, 1.653700000000000000e+04
2.846816873935457126e-01, 1.678200000000000000e+04
2.848878290933238300e-01, 1.836900000000000000e+04
2.850939707931019473e-01, 2.087200000000000000e+04
2.853001124928800092e-01, 2.275500000000000000e+04
2.855062541926581265e-01, 2.518400000000000000e+04
2.857123958924361884e-01, 2.648500000000000000e+04
2.859185375922143058e-01, 2.647500000000000000e+04
2.861246792919923676e-01, 2.955300000000000000e+04
2.863308209917704850e-01, 3.089200000000000000e+04
2.865369626915485468e-01, 3.418700000000000000e+04
2.867431043913266642e-01, 3.356100000000000000e+04
2.869492460911047260e-01, 3.481200000000000000e+04
2.871553877908828434e-01, 3.858800000000000000e+04
2.873615294906609607e-01, 4.037500000000000000e+04
2.875676711904390226e-01, 4.199800000000000000e+04
2.877738128902171399e-01, 4.369200000000000000e+04
2.879799545899952018e-01, 4.309900000000000000e+04
2.881860962897733192e-01, 4.531000000000000000e+04
2.883922379895513810e-01, 4.707600000000000000e+04
2.885983796893294984e-01, 5.078400000000000000e+04
2.888045213891075602e-01, 5.134300000000000000e+04
2.890106630888856776e-01, 5.217600000000000000e+04
2.892168047886637949e-01, 5.277200000000000000e+04
2.894229464884418568e-01, 5.422600000000000000e+04
2.896290881882199741e-01, 5.290600000000000000e+04
2.898352298879980360e-01, 5.311200000000000000e+04
2.900413715877761534e-01, 5.583400000000000000e+04
2.902475132875542152e-01, 6.020200000000000000e+04
2.904536549873323326e-01, 5.677300000000000000e+04
2.906597966871103944e-01, 5.973000000000000000e+04
2.908659383868885118e-01, 5.631800000000000000e+04
2.910720800866666291e-01, 5.721100000000000000e+04
2.912782217864446910e-01, 5.627000000000000000e+04
2.914843634862228083e-01, 5.537100000000000000e+04
2.916905051860008702e-01, 5.701600000000000000e+04
2.918966468857789875e-01, 5.496300000000000000e+04
2.921027885855570494e-01, 5.572700000000000000e+04
2.923089302853351668e-01, 5.538400000000000000e+04
2.925150719851132286e-01, 5.335600000000000000e+04
2.927212136848913460e-01, 5.211300000000000000e+04
2.929273553846694078e-01, 5.225500000000000000e+04
2.931334970844475252e-01, 5.072500000000000000e+04
2.933396387842256425e-01, 4.819200000000000000e+04
2.935457804840037044e-01, 4.808500000000000000e+04
2.937519221837818217e-01, 4.635700000000000000e+04
2.939580638835598836e-01, 4.292100000000000000e+04
2.941642055833380009e-01, 4.347400000000000000e+04
2.943703472831160628e-01, 4.055400000000000000e+04
2.945764889828941802e-01, 3.940300000000000000e+04
2.947826306826722420e-01, 3.881200000000000000e+04
2.949887723824503594e-01, 3.351800000000000000e+04
2.951949140822284767e-01, 3.484100000000000000e+04
2.954010557820065386e-01, 3.362500000000000000e+04
2.956071974817846559e-01, 3.137200000000000000e+04
2.958133391815627178e-01, 2.924800000000000000e+04
2.960194808813408351e-01, 2.512600000000000000e+04
2.962256225811188970e-01, 2.390100000000000000e+04
2.964317642808970144e-01, 2.331300000000000000e+04
2.966379059806750762e-01, 2.169100000000000000e+04
2.968440476804531936e-01, 2.182300000000000000e+04
2.970501893802313109e-01, 1.982600000000000000e+04
2.972563310800093728e-01, 1.834900000000000000e+04
2.974624727797874901e-01, 1.466700000000000000e+04
2.976686144795655520e-01, 1.379400000000000000e+04
2.978747561793436693e-01, 1.407100000000000000e+04
2.980808978791217312e-01, 1.251500000000000000e+04
2.982870395788998485e-01, 1.124200000000000000e+04
2.984931812786779104e-01, 1.209400000000000000e+04
2.986993229784560278e-01, 1.084400000000000000e+04
2.989054646782341451e-01, 9.567000000000000000e+03
2.991116063780122070e-01, 9.058000000000000000e+03
2.993177480777903243e-01, 8.615000000000000000e+03
2.995238897775683862e-01, 7.974000000000000000e+03
2.997300314773465035e-01, 8.500000000000000000e+03
2.999361731771245654e-01, 8.030000000000000000e+03
3.001423148769026827e-01, 8.555000000000000000e+03
3.003484565766807446e-01, 8.062000000000000000e+03
3.005545982764588619e-01, 8.570000000000000000e+03
3.007607399762369238e-01, 1.008800000000000000e+04
3.009668816760150412e-01, 1.316700000000000000e+04
3.011730233757931585e-01, 1.041600000000000000e+04
3.013791650755712204e-01, 1.177600000000000000e+04
3.015853067753493377e-01, 1.313500000000000000e+04
3.017914484751273996e-01, 1.466500000000000000e+04
3.019975901749055169e-01, 1.558200000000000000e+04
3.022037318746835788e-01, 1.604100000000000000e+04
3.024098735744616961e-01, 1.650800000000000000e+04
3.026160152742397580e-01, 1.958800000000000000e+04
3.028221569740178754e-01, 2.050700000000000000e+04
3.030282986737959927e-01, 2.302600000000000000e+04
3.032344403735740546e-01, 2.434000000000000000e+04
3.034405820733521719e-01, 2.633500000000000000e+04
3.036467237731302338e-01, 2.681500000000000000e+04
3.038528654729083511e-01, 2.895500000000000000e+04
3.040590071726864130e-01, 3.041700000000000000e+04
3.042651488724645303e-01, 3.355500000000000000e+04
3.044712905722425922e-01, 3.540700000000000000e+04
3.046774322720207095e-01, 3.590500000000000000e+04
3.048835739717988269e-01, 3.845800000000000000e+04
3.050897156715768888e-01, 4.064000000000000000e+04
3.052958573713550061e-01, 4.298900000000000000e+04
3.055019990711330680e-01, 4.308200000000000000e+04
3.057081407709111853e-01, 4.303400000000000000e+04
3.059142824706892472e-01, 4.528100000000000000e+04
3.061204241704673645e-01, 4.604400000000000000e+04
3.063265658702454264e-01, 4.945400000000000000e+04
3.065327075700235437e-01, 5.139400000000000000e+04
3.067388492698016056e-01, 5.191600000000000000e+04
3.069449909695797230e-01, 5.207800000000000000e+04
3.071511326693578403e-01, 5.337500000000000000e+04
3.073572743691359022e-01, 5.342100000000000000e+04
3.075634160689140195e-01, 5.286300000000000000e+04
3.077695577686920814e-01, 5.665700000000000000e+04
3.079756994684701987e-01, 5.940800000000000000e+04
3.081818411682482606e-01, 5.713700000000000000e+04
3.083879828680263779e-01, 5.892100000000000000e+04
3.085941245678044398e-01, 5.672900000000000000e+04
3.088002662675825571e-01, 5.594100000000000000e+04
3.090064079673606745e-01, 5.692700000000000000e+04
3.092125496671387364e-01, 5.503400000000000000e+04
3.094186913669168537e-01, 5.775900000000000000e+04
3.096248330666949156e-01, 5.370300000000000000e+04
3.098309747664730329e-01, 5.381500000000000000e+04
3.100371164662510948e-01, 5.457600000000000000e+04
3.102432581660292121e-01, 5.354200000000000000e+04
3.104493998658072740e-01, 5.227700000000000000e+04
3.106555415655853913e-01, 5.166400000000000000e+04
3.108616832653635087e-01, 5.030300000000000000e+04
3.110678249651415705e-01, 4.866900000000000000e+04
3.112739666649196879e-01, 4.802600000000000000e+04
3.114801083646977498e-01, 4.528700000000000000e+04
3.116862500644758671e-01, 4.385100000000000000e+04
3.118923917642539290e-01, 4.234700000000000000e+04
3.120985334640320463e-01, 4.170100000000000000e+04
3.123046751638101082e-01, 3.948100000000000000e+04
3.125108168635882255e-01, 3.798200000000000000e+04
3.127169585633662874e-01, 3.381900000000000000e+04
3.129231002631444047e-01, 3.368500000000000000e+04
3.131292419629225221e-01, 3.266300000000000000e+04
3.133353836627005840e-01, 3.091700000000000000e+04
3.135415253624787013e-01, 2.811500000000000000e+04
3.137476670622567632e-01, 2.596800000000000000e+04
3.139538087620348805e-01, 2.396500000000000000e+04
3.141599504618129424e-01, 2.477700000000000000e+04
3.143660921615910597e-01, 2.235800000000000000e+04
3.145722338613691216e-01, 2.170200000000000000e+04
3.147783755611472389e-01, 1.969000000000000000e+04
3.149845172609253563e-01, 1.834000000000000000e+04
3.151906589607034181e-01, 1.561400000000000000e+04
3.153968006604815355e-01, 1.296400000000000000e+04
3.156029423602595974e-01, 1.328000000000000000e+04
3.158090840600377147e-01, 1.293700000000000000e+04
3.160152257598157766e-01, 1.257900000000000000e+04
3.162213674595938939e-01, 1.123200000000000000e+04
3.164275091593719558e-01, 1.102500000000000000e+04
3.166336508591500731e-01, 8.883000000000000000e+03
3.168397925589281905e-01, 9.550000000000000000e+03
3.170459342587062523e-01, 8.130000000000000000e+03
3.172520759584843697e-01, 9.201000000000000000e+03
3.174582176582624315e-01, 7.977000000000000000e+03
3.176643593580405489e-01, 9.136000000000000000e+03
3.178705010578186108e-01, 7.950000000000000000e+03
3.180766427575967281e-01, 9.125000000000000000e+03
3.182827844573747900e-01, 7.946000000000000000e+03
3.184889261571529073e-01, 1.029600000000000000e+04
3.186950678569310247e-01, 1.322400000000000000e+04
3.189012095567090865e-01, 1.147200000000000000e+04
3.191073512564872039e-01, 1.100000000000000000e+04
3.193134929562652657e-01, 1.257300000000000000e+04
3.195196346560433831e-01, 1.399500000000000000e+04
3.197257763558214450e-01, 1.631900000000000000e+04
3.199319180555995623e-01, 1.641700000000000000e+04
3.201380597553776242e-01, 1.760300000000000000e+04
3.203442014551557415e-01, 2.019800000000000000e+04
3.205503431549338034e-01, 2.204400000000000000e+04
3.207564848547119207e-01, 2.385000000000000000e+04
3.209626265544900381e-01, 2.464300000000000000e+04
3.211687682542680999e-01, 2.710600000000000000e+04
3.213749099540462173e-01, 2.830200000000000000e+04
3.215810516538242791e-01, 3.034500000000000000e+04
3.217871933536023965e-01, 3.164900000000000000e+04
3.219933350533804584e-01, 3.233200000000000000e+04
3.221994767531585757e-01, 3.630100000000000000e+04
3.224056184529366376e-01, 3.620500000000000000e+04
3.226117601527147549e-01, 3.861100000000000000e+04
3.228179018524928723e-01, 4.160000000000000000e+04
3.230240435522709341e-01, 4.215200000000000000e+04
3.232301852520490515e-01, 4.196300000000000000e+04
3.234363269518271133e-01, 4.297100000000000000e+04
3.236424686516052307e-01, 4.542100000000000000e+04
3.238486103513832925e-01, 4.703700000000000000e+04
3.240547520511614099e-01, 4.958400000000000000e+04
3.242608937509394718e-01, 5.314400000000000000e+04
3.244670354507175891e-01, 5.266300000000000000e+04
3.246731771504957065e-01, 5.199000000000000000e+04
3.248793188502737683e-01, 5.219300000000000000e+04
3.250854605500518857e-01, 5.437400000000000000e+04
3.252916022498299475e-01, 5.320900000000000000e+04
3.254977439496080649e-01, 5.754900000000000000e+04
3.257038856493861267e-01, 5.779100000000000000e+04
3.259100273491642441e-01, 5.765600000000000000e+04
3.261161690489423060e-01, 5.728600000000000000e+04
3.263223107487204233e-01, 5.728200000000000000e+04
3.265284524484984852e-01, 5.569700000000000000e+04
3.267345941482766025e-01, 5.751300000000000000e+04
3.269407358480547199e-01, 5.511700000000000000e+04
3.271468775478327817e-01, 5.802700000000000000e+04
3.273530192476108991e-01, 5.548200000000000000e+04
3.275591609473889609e-01, 5.420500000000000000e+04
3.277653026471670783e-01, 5.369200000000000000e+04
3.279714443469451401e-01, 5.436800000000000000e+04
3.281775860467232575e-01, 5.305700000000000000e+04
3.283837277465013194e-01, 5.199600000000000000e+04
3.285898694462794367e-01, 5.041600000000000000e+04
3.287960111460575541e-01, 4.935100000000000000e+04
3.290021528458356159e-01, 4.679600000000000000e+04
3.292082945456137333e-01, 4.495000000000000000e+04
3.294144362453917951e-01, 4.490600000000000000e+04
3.296205779451699125e-01, 4.131500000000000000e+04
3.298267196449479743e-01, 4.175600000000000000e+04
3.300328613447260917e-01, 3.944200000000000000e+04
3.302390030445041536e-01, 3.780600000000000000e+04
3.304451447442822709e-01, 3.441000000000000000e+04
3.306512864440603883e-01, 3.246800000000000000e+04
3.308574281438384501e-01, 3.410800000000000000e+04
3.310635698436165675e-01, 3.064800000000000000e+04
3.312697115433946293e-01, 2.840600000000000000e+04
3.314758532431727467e-01, 2.571300000000000000e+04
3.316819949429508085e-01, 2.296000000000000000e+04
3.318881366427289259e-01, 2.501200000000000000e+04
3.320942783425069877e-01, 2.222000000000000000e+04
3.323004200422851051e-01, 2.090300000000000000e+04
3.325065617420631670e-01, 1.896800000000000000e+04
3.327127034418412843e-01, 1.775700000000000000e+04
3.329188451416194017e-01, 1.596700000000000000e+04
3.331249868413974635e-01, 1.298600000000000000e+04
3.333311285411755809e-01, 1.238500000000000000e+04
3.335372702409536427e-01, 1.276100000000000000e+04
3.337434119407317601e-01, 1.306900000000000000e+04
3.339495536405098219e-01, 1.058200000000000000e+04
3.341556953402879393e-01, 1.146600000000000000e+04
3.343618370400660011e-01, 8.214000000000000000e+03
3.345679787398441185e-01, 9.983000000000000000e+03
3.347741204396222359e-01, 7.458000000000000000e+03
3.349802621394002977e-01, 9.633000000000000000e+03
3.351864038391784151e-01, 7.304000000000000000e+03
3.353925455389564769e-01, 9.568000000000000000e+03
3.355986872387345943e-01, 7.278000000000000000e+03
3.358048289385126561e-01, 9.557000000000000000e+03
3.360109706382907735e-01, 7.273000000000000000e+03
3.362171123380688353e-01, 1.011700000000000000e+04
3.364232540378469527e-01, 1.285200000000000000e+04
3.366293957376250701e-01, 1.191100000000000000e+04
3.368355374374031319e-01, 1.096700000000000000e+04
3.370416791371812493e-01, 1.271100000000000000e+04
3.372478208369593111e-01, 1.411000000000000000e+04
3.374539625367374285e-01, 1.488500000000000000e+04
3.376601042365154903e-01, 1.525900000000000000e+04
3.378662459362936077e-01, 1.831200000000000000e+04
3.380723876360716695e-01, 1.984800000000000000e+04
3.382785293358497869e-01, 2.321100000000000000e+04
3.384846710356279043e-01, 2.407700000000000000e+04
3.386908127354059661e-01, 2.520600000000000000e+04
3.388969544351840835e-01, 2.800300000000000000e+04
3.391030961349621453e-01, 2.969400000000000000e+04
3.393092378347402627e-01, 3.162900000000000000e+04
3.395153795345183245e-01, 3.279200000000000000e+04
3.397215212342964419e-01, 3.123400000000000000e+04
3.399276629340745037e-01, 3.689400000000000000e+04
3.401338046338526211e-01, 3.655900000000000000e+04
3.403399463336306829e-01, 3.949400000000000000e+04
3.405460880334088003e-01, 4.239300000000000000e+04
3.407522297331869177e-01, 4.249100000000000000e+04
3.409583714329649795e-01, 4.302200000000000000e+04
3.411645131327430969e-01, 4.440900000000000000e+04
3.413706548325211587e-01, 4.654100000000000000e+04
3.415767965322992761e-01, 4.788400000000000000e+04
3.417829382320773379e-01, 4.951600000000000000e+04
3.419890799318554553e-01, 5.404700000000000000e+04
3.421952216316335171e-01, 5.335800000000000000e+04
3.424013633314116345e-01, 5.225100000000000000e+04
3.426075050311897519e-01, 5.176100000000000000e+04
3.428136467309678137e-01, 5.509300000000000000e+04
3.430197884307459311e-01, 5.381800000000000000e+04
3.432259301305239929e-01, 5.839900000000000000e+04
3.434320718303021103e-01, 5.731800000000000000e+04
3.436382135300801721e-01, 5.813300000000000000e+04
3.438443552298582895e-01, 5.668400000000000000e+04
3.440504969296363513e-01, 5.771500000000000000e+04
3.442566386294144687e-01, 5.529400000000000000e+04
3.444627803291925860e-01, 5.812900000000000000e+04
3.446689220289706479e-01, 5.536500000000000000e+04
3.448750637287487653e-01, 5.673600000000000000e+04
3.450812054285268271e-01, 5.605200000000000000e+04
3.452873471283049445e-01, 5.410300000000000000e+04
3.454934888280830063e-01, 5.287000000000000000e+04
3.456996305278611237e-01, 5.325500000000000000e+04
3.459057722276391855e-01, 5.389000000000000000e+04
3.461119139274173029e-01, 5.260500000000000000e+04
3.463180556271953647e-01, 4.911300000000000000e+04
3.465241973269734821e-01, 4.932000000000000000e+04
3.467303390267515995e-01, 4.674800000000000000e+04
3.469364807265296613e-01, 4.432100000000000000e+04
3.471426224263077787e-01, 4.484800000000000000e+04
3.473487641260858405e-01, 4.133300000000000000e+04
3.475549058258639579e-01, 4.296100000000000000e+04
3.477610475256420197e-01, 3.980700000000000000e+04
3.479671892254201371e-01, 3.749500000000000000e+04
3.481733309251981989e-01, 3.471800000000000000e+04
3.483794726249763163e-01, 3.181300000000000000e+04
3.485856143247544336e-01, 3.414700000000000000e+04
3.487917560245324955e-01, 3.059600000000000000e+04
3.489978977243106129e-01, 2.817200000000000000e+04
3.492040394240886747e-01, 2.466400000000000000e+04
3.494101811238667921e-01, 2.294200000000000000e+04
3.496163228236448539e-01, 2.438100000000000000e+04
3.498224645234229713e-01, 2.143100000000000000e+04
3.500286062232010331e-01, 1.963100000000000000e+04
3.502347479229791505e-01, 1.795600000000000000e+04
3.504408896227572678e-01, 1.699200000000000000e+04
3.506470313225353297e-01, 1.577400000000000000e+04
3.508531730223134470e-01, 1.440700000000000000e+04
3.510593147220915089e-01, 1.163800000000000000e+04
3.512654564218696263e-01, 1.253100000000000000e+04
3.514715981216476881e-01, 1.339900000000000000e+04
3.516777398214258055e-01, 9.661000000000000000e+03
3.518838815212038673e-01, 1.125100000000000000e+04
3.520900232209819847e-01, 7.411000000000000000e+03
3.522961649207600465e-01, 9.921000000000000000e+03
3.525023066205381639e-01, 6.749000000000000000e+03
3.527084483203162812e-01, 9.619000000000000000e+03
3.529145900200943431e-01, 6.617000000000000000e+03
3.531207317198724605e-01, 9.563000000000000000e+03
3.533268734196505223e-01, 6.594000000000000000e+03
3.535330151194286397e-01, 9.437000000000000000e+03
3.537391568192067015e-01, 6.991000000000000000e+03
3.539452985189848189e-01, 1.006600000000000000e+04
3.541514402187628807e-01, 1.242500000000000000e+04
3.543575819185409981e-01, 1.269500000000000000e+04
3.545637236183191154e-01, 1.251500000000000000e+04
3.547698653180971773e-01, 1.420400000000000000e+04
3.549760070178752946e-01, 1.543000000000000000e+04
3.551821487176533565e-01, 1.608900000000000000e+04
3.553882904174314739e-01, 1.640300000000000000e+04
3.555944321172095357e-01, 1.856200000000000000e+04
3.558005738169876531e-01, 1.941100000000000000e+04
3.560067155167657149e-01, 2.335500000000000000e+04
3.562128572165438323e-01, 2.529000000000000000e+04
3.564189989163219496e-01, 2.507700000000000000e+04
3.566251406161000115e-01, 2.736300000000000000e+04
3.568312823158781288e-01, 2.929400000000000000e+04
3.570374240156561907e-01, 3.136900000000000000e+04
3.572435657154343080e-01, 3.260200000000000000e+04
3.574497074152123699e-01, 3.125000000000000000e+04
3.576558491149904873e-01, 3.485800000000000000e+04
3.578619908147685491e-01, 3.645200000000000000e+04
3.580681325145466665e-01, 4.046300000000000000e+04
3.582742742143247838e-01, 4.181400000000000000e+04
3.584804159141028457e-01, 4.245200000000000000e+04
3.586865576138809630e-01, 4.385400000000000000e+04
3.588926993136590249e-01, 4.572300000000000000e+04
3.590988410134371422e-01, 4.773900000000000000e+04
3.593049827132152041e-01, 4.893800000000000000e+04
3.595111244129933215e-01, 4.993600000000000000e+04
3.597172661127713833e-01, 5.317100000000000000e+04
3.599234078125495007e-01, 5.420200000000000000e+04
3.601295495123275625e-01, 5.288300000000000000e+04
3.603356912121056799e-01, 5.195400000000000000e+04
3.605418329118837972e-01, 5.466700000000000000e+04
3.607479746116618591e-01, 5.435700000000000000e+04
3.609541163114399764e-01, 5.895300000000000000e+04
3.611602580112180383e-01, 5.667800000000000000e+04
3.613663997109961556e-01, 5.867200000000000000e+04
3.615725414107742175e-01, 5.618400000000000000e+04
3.617786831105523349e-01, 5.835600000000000000e+04
3.619848248103303967e-01, 5.546000000000000000e+04
3.621909665101085141e-01, 5.743800000000000000e+04
3.623971082098866314e-01, 5.588600000000000000e+04
3.626032499096646933e-01, 5.552900000000000000e+04
3.628093916094428106e-01, 5.674000000000000000e+04
3.630155333092208725e-01, 5.439200000000000000e+04
3.632216750089989898e-01, 5.270600000000000000e+04
3.634278167087770517e-01, 5.280300000000000000e+04
3.636339584085551691e-01, 5.398100000000000000e+04
3.638401001083332309e-01, 5.251000000000000000e+04
3.640462418081113483e-01, 4.839300000000000000e+04
3.642523835078894656e-01, 4.794500000000000000e+04
3.644585252076675275e-01, 4.647700000000000000e+04
3.646646669074456448e-01, 4.279600000000000000e+04
3.648708086072237067e-01, 4.413800000000000000e+04
3.650769503070018240e-01, 4.011300000000000000e+04
3.652830920067798859e-01, 4.178700000000000000e+04
3.654892337065580032e-01, 3.917400000000000000e+04
3.656953754063360651e-01, 3.593300000000000000e+04
3.659015171061141825e-01, 3.450100000000000000e+04
3.661076588058922443e-01, 3.237600000000000000e+04
3.663138005056703617e-01, 3.309900000000000000e+04
3.665199422054484790e-01, 3.090100000000000000e+04
3.667260839052265409e-01, 2.713800000000000000e+04
3.669322256050046582e-01, 2.332500000000000000e+04
3.671383673047827201e-01, 2.303600000000000000e+04
3.673445090045608374e-01, 2.343100000000000000e+04
3.675506507043388993e-01, 2.082500000000000000e+04
3.677567924041170166e-01, 1.899400000000000000e+04
3.679629341038950785e-01, 1.728500000000000000e+04
3.681690758036731959e-01, 1.604500000000000000e+04
3.683752175034513132e-01, 1.530400000000000000e+04
3.685813592032293751e-01, 1.472200000000000000e+04
3.687875009030074924e-01, 1.086200000000000000e+04
3.689936426027855543e-01, 1.189600000000000000e+04
3.691997843025636716e-01, 1.316400000000000000e+04
3.694059260023417335e-01, 8.973000000000000000e+03
3.696120677021198508e-01, 1.074800000000000000e+04
3.698182094018979127e-01, 6.889000000000000000e+03
3.700243511016760301e-01, 9.570000000000000000e+03
3.702304928014541474e-01, 6.058000000000000000e+03
3.704366345012322093e-01, 9.295000000000000000e+03
3.706427762010103266e-01, 6.093000000000000000e+03
3.708489179007883885e-01, 9.355000000000000000e+03
3.710550596005665058e-01, 6.131000000000000000e+03
3.712612013003445677e-01, 9.375000000000000000e+03
3.714673430001226850e-01, 8.395000000000000000e+03
3.716734846999007469e-01, 1.155100000000000000e+04
3.718796263996788642e-01, 1.166800000000000000e+04
3.720857680994569261e-01, 1.263900000000000000e+04
3.722919097992350435e-01, 1.324800000000000000e+04
3.724980514990131608e-01, 1.490900000000000000e+04
3.727041931987912227e-01, 1.601500000000000000e+04
3.729103348985693400e-01, 1.659200000000000000e+04
3.731164765983474019e-01, 1.686300000000000000e+04
3.733226182981255192e-01, 1.815500000000000000e+04
3.735287599979035811e-01, 2.034500000000000000e+04
3.737349016976816984e-01, 2.252300000000000000e+04
3.739410433974597603e-01, 2.516000000000000000e+04
3.741471850972378776e-01, 2.537500000000000000e+04
3.743533267970159950e-01, 2.701900000000000000e+04
3.745594684967940569e-01, 2.915000000000000000e+04
3.747656101965721742e-01, 3.088100000000000000e+04
3.749717518963502361e-01, 3.325400000000000000e+04
3.751778935961283534e-01, 3.231100000000000000e+04
3.753840352959064153e-01, 3.440800000000000000e+04
3.755901769956845326e-01, 3.771000000000000000e+04
3.757963186954625945e-01, 4.071700000000000000e+04
3.760024603952407118e-01, 4.164600000000000000e+04
3.762086020950188292e-01, 4.318900000000000000e+04
3.764147437947968911e-01, 4.370100000000000000e+04
3.766208854945750084e-01, 4.582600000000000000e+04
3.768270271943530703e-01, 4.769600000000000000e+04
3.770331688941311876e-01, 5.017000000000000000e+04
3.772393105939092495e-01, 5.078400000000000000e+04
3.774454522936873668e-01, 5.273600000000000000e+04
3.776515939934654287e-01, 5.417700000000000000e+04
3.778577356932435460e-01, 5.339500000000000000e+04
3.780638773930216079e-01, 5.222300000000000000e+04
3.782700190927997252e-01, 5.335100000000000000e+04
3.784761607925778426e-01, 5.516900000000000000e+04
3.786823024923559045e-01, 5.969800000000000000e+04
3.788884441921340218e-01, 5.662300000000000000e+04
3.790945858919120837e-01, 5.930500000000000000e+04
3.793007275916902010e-01, 5.615900000000000000e+04
3.795068692914682629e-01, 5.828900000000000000e+04
3.797130109912463802e-01, 5.588900000000000000e+04
3.799191526910244421e-01, 5.592800000000000000e+04
3.801252943908025594e-01, 5.653900000000000000e+04
3.803314360905806768e-01, 5.502000000000000000e+04
3.805375777903587386e-01, 5.722400000000000000e+04
3.807437194901368560e-01, 5.492200000000000000e+04
3.809498611899149179e-01, 5.296200000000000000e+04
3.811560028896930352e-01, 5.206900000000000000e+04
3.813621445894710971e-01, 5.249000000000000000e+04
3.815682862892492144e-01, 5.105200000000000000e+04
3.817744279890272763e-01, 4.795400000000000000e+04
3.819805696888053936e-01, 4.778200000000000000e+04
3.821867113885835110e-01, 4.685000000000000000e+04
3.823928530883615728e-01, 4.259500000000000000e+04
3.825989947881396902e-01, 4.412600000000000000e+04
3.828051364879177521e-01, 4.010100000000000000e+04
3.830112781876958694e-01, 3.996400000000000000e+04
3.832174198874739313e-01, 3.931100000000000000e+04
3.834235615872520486e-01, 3.401700000000000000e+04
3.836297032870301105e-01, 3.506000000000000000e+04
3.838358449868082278e-01, 3.378600000000000000e+04
3.840419866865863452e-01, 3.275300000000000000e+04
3.842481283863644070e-01, 3.096200000000000000e+04
3.844542700861425244e-01, 2.638900000000000000e+04
3.846604117859205862e-01, 2.442100000000000000e+04
3.848665534856987036e-01, 2.341500000000000000e+04
3.850726951854767655e-01, 2.222900000000000000e+04
3.852788368852548828e-01, 2.155200000000000000e+04
3.854849785850329447e-01, 1.953300000000000000e+04
3.856911202848110620e-01, 1.793900000000000000e+04
3.858972619845891239e-01, 1.480500000000000000e+04
3.861034036843672412e-01, 1.446300000000000000e+04
3.863095453841453586e-01, 1.445900000000000000e+04
3.865156870839234204e-01, 1.182300000000000000e+04
3.867218287837015378e-01, 1.109300000000000000e+04
3.869279704834795997e-01, 1.259500000000000000e+04
3.871341121832577170e-01, 1.006000000000000000e+04
3.873402538830357789e-01, 1.007400000000000000e+04
3.875463955828138962e-01, 7.309000000000000000e+03
3.877525372825919581e-01, 9.089000000000000000e+03
3.879586789823700754e-01, 6.957000000000000000e+03
3.881648206821481928e-01, 8.963000000000000000e+03
3.883709623819262546e-01, 6.912000000000000000e+03
3.885771040817043720e-01, 8.947000000000000000e+03
3.887832457814824338e-01, 6.906000000000000000e+03
3.889893874812605512e-01, 8.945000000000000000e+03
3.891955291810386131e-01, 9.656000000000000000e+03
3.894016708808167304e-01, 1.279700000000000000e+04
3.896078125805947923e-01, 1.078200000000000000e+04
3.898139542803729096e-01, 1.220500000000000000e+04
3.900200959801510270e-01, 1.333300000000000000e+04
3.902262376799290888e-01, 1.492500000000000000e+04
3.904323793797072062e-01, 1.591600000000000000e+04
3.906385210794852680e-01, 1.641900000000000000e+04
3.908446627792633854e-01, 1.639200000000000000e+04
3.910508044790414472e-01, 1.810600000000000000e+04
3.912569461788195646e-01, 2.073400000000000000e+04
3.914630878785976265e-01, 2.269100000000000000e+04
3.916692295783757438e-01, 2.515600000000000000e+04
3.918753712781538057e-01, 2.647300000000000000e+04
3.920815129779319230e-01, 2.647000000000000000e+04
3.922876546777100404e-01, 2.859900000000000000e+04
3.924937963774881022e-01, 3.015200000000000000e+04
3.926999380772662196e-01, 3.387200000000000000e+04
3.929060797770442814e-01, 3.401900000000000000e+04
3.931122214768223988e-01, 3.504900000000000000e+04
3.933183631766004607e-01, 3.868300000000000000e+04
3.935245048763785780e-01, 4.036000000000000000e+04
3.937306465761566399e-01, 4.227000000000000000e+04
3.939367882759347572e-01, 4.364500000000000000e+04
3.941429299757128746e-01, 4.361000000000000000e+04
3.943490716754909364e-01, 4.575900000000000000e+04
3.945552133752690538e-01, 4.733100000000000000e+04
3.947613550750471156e-01, 5.090900000000000000e+04
3.949674967748252330e-01, 5.140000000000000000e+04
3.951736384746032948e-01, 5.220000000000000000e+04
3.953797801743814122e-01, 5.278200000000000000e+04
3.955859218741594741e-01, 5.397400000000000000e+04
3.957920635739375914e-01, 5.289200000000000000e+04
3.959982052737157088e-01, 5.287400000000000000e+04
3.962043469734937706e-01, 5.606000000000000000e+04
3.964104886732718880e-01, 6.013700000000000000e+04
3.966166303730499498e-01, 5.686500000000000000e+04
3.968227720728280672e-01, 5.967400000000000000e+04
3.970289137726061290e-01, 5.643300000000000000e+04
3.972350554723842464e-01, 5.669300000000000000e+04
3.974411971721623082e-01, 5.647900000000000000e+04
3.976473388719404256e-01, 5.558600000000000000e+04
3.978534805717184875e-01, 5.714300000000000000e+04
3.980596222714966048e-01, 5.502600000000000000e+04
3.982657639712747222e-01, 5.575600000000000000e+04
3.984719056710527840e-01, 5.539700000000000000e+04
3.986780473708309014e-01, 5.336100000000000000e+04
3.988841890706089632e-01, 5.211500000000000000e+04
3.990903307703870806e-01, 5.179600000000000000e+04
3.992964724701651424e-01, 5.037500000000000000e+04
3.995026141699432598e-01, 4.823100000000000000e+04
3.997087558697213217e-01, 4.823500000000000000e+04
3.999148975694994390e-01, 4.585500000000000000e+04
4.001210392692775564e-01, 4.317100000000000000e+04
4.003271809690556182e-01, 4.295000000000000000e+04
4.005333226688337356e-01, 4.088100000000000000e+04
4.007394643686117974e-01, 3.847700000000000000e+04
4.009456060683899148e-01, 3.793200000000000000e+04
4.011517477681679766e-01, 3.300800000000000000e+04
4.013578894679460940e-01, 3.459000000000000000e+04
4.015640311677241558e-01, 3.351100000000000000e+04
4.017701728675022732e-01, 3.132200000000000000e+04
4.019763145672803906e-01, 2.922700000000000000e+04
4.021824562670584524e-01, 2.579200000000000000e+04
4.023885979668365698e-01, 2.440600000000000000e+04
4.025947396666146316e-01, 2.400200000000000000e+04
4.028008813663927490e-01, 2.196000000000000000e+04
4.030070230661708108e-01, 2.191800000000000000e+04
4.032131647659489282e-01, 1.987900000000000000e+04
4.034193064657269900e-01, 1.843300000000000000e+04
4.036254481655051074e-01, 1.491000000000000000e+04
4.038315898652832248e-01, 1.344200000000000000e+04
4.040377315650612866e-01, 1.383100000000000000e+04
4.042438732648394040e-01, 1.218700000000000000e+04
4.044500149646174658e-01, 1.103900000000000000e+04
4.046561566643955832e-01, 1.199100000000000000e+04
4.048622983641736450e-01, 1.079700000000000000e+04
4.050684400639517624e-01, 9.546000000000000000e+03
4.052745817637298242e-01, 9.049000000000000000e+03
4.054807234635079416e-01, 8.612000000000000000e+03
4.056868651632860034e-01, 8.605000000000000000e+03
4.058930068630641208e-01, 8.414000000000000000e+03
4.060991485628422382e-01, 8.521000000000000000e+03
4.063052902626203000e-01, 8.379000000000000000e+03
4.065114319623984174e-01, 8.507000000000000000e+03
4.067175736621764792e-01, 8.373000000000000000e+03
4.069237153619545966e-01, 1.021100000000000000e+04
4.071298570617326584e-01, 1.324500000000000000e+04
4.073359987615107758e-01, 1.010200000000000000e+04
4.075421404612888376e-01, 1.154200000000000000e+04
4.077482821610669550e-01, 1.300800000000000000e+04
4.079544238608450724e-01, 1.460400000000000000e+04
4.081605655606231342e-01, 1.555500000000000000e+04
4.083667072604012516e-01, 1.603000000000000000e+04
4.085728489601793134e-01, 1.650300000000000000e+04
4.087789906599574308e-01, 1.958600000000000000e+04
4.089851323597354926e-01, 2.114800000000000000e+04
4.091912740595136100e-01, 2.365500000000000000e+04
4.093974157592916718e-01, 2.440300000000000000e+04
4.096035574590697892e-01, 2.652100000000000000e+04
4.098096991588479066e-01, 2.724100000000000000e+04
4.100158408586259684e-01, 2.933800000000000000e+04
4.102219825584040858e-01, 3.074000000000000000e+04
4.104281242581821476e-01, 3.323600000000000000e+04
4.106342659579602650e-01, 3.589800000000000000e+04
4.108404076577383268e-01, 3.505300000000000000e+04
4.110465493575164442e-01, 3.778900000000000000e+04
4.112526910572945060e-01, 4.027200000000000000e+04
4.114588327570726234e-01, 4.281200000000000000e+04
4.116649744568506852e-01, 4.300200000000000000e+04
4.118711161566288026e-01, 4.300000000000000000e+04
4.120772578564069200e-01, 4.526700000000000000e+04
4.122833995561849818e-01, 4.688200000000000000e+04
4.124895412559630992e-01, 5.011000000000000000e+04
4.126956829557411610e-01, 5.240900000000000000e+04
4.129018246555192784e-01, 5.234900000000000000e+04
4.131079663552973402e-01, 5.208300000000000000e+04
4.133141080550754576e-01, 5.291700000000000000e+04
4.135202497548535194e-01, 5.374800000000000000e+04
4.137263914546316368e-01, 5.294700000000000000e+04
4.139325331544097542e-01, 5.696000000000000000e+04
4.141386748541878160e-01, 5.961400000000000000e+04
4.143448165539659334e-01, 5.724500000000000000e+04
4.145509582537439952e-01, 5.897100000000000000e+04
4.147570999535221126e-01, 5.675100000000000000e+04
4.149632416533001744e-01, 5.595100000000000000e+04
4.151693833530782918e-01, 5.693100000000000000e+04
4.153755250528563536e-01, 5.503600000000000000e+04
4.155816667526344710e-01, 5.775900000000000000e+04
4.157878084524125883e-01, 5.518000000000000000e+04
4.159939501521906502e-01, 5.456500000000000000e+04
4.162000918519687676e-01, 5.473200000000000000e+04
4.164062335517468294e-01, 5.407200000000000000e+04
4.166123752515249468e-01, 5.259300000000000000e+04
4.168185169513030086e-01, 5.176400000000000000e+04
4.170246586510811260e-01, 5.039200000000000000e+04
4.172308003508591878e-01, 4.895800000000000000e+04
4.174369420506373052e-01, 4.766900000000000000e+04
4.176430837504153670e-01, 4.571200000000000000e+04
4.178492254501934844e-01, 4.423600000000000000e+04
4.180553671499716017e-01, 4.256800000000000000e+04
4.182615088497496636e-01, 4.180900000000000000e+04
4.184676505495277810e-01, 3.953000000000000000e+04
4.186737922493058428e-01, 3.800300000000000000e+04
4.188799339490839602e-01, 3.382800000000000000e+04
4.190860756488620220e-01, 3.368900000000000000e+04
4.192922173486401394e-01, 3.358100000000000000e+04
4.194983590484182012e-01, 3.126900000000000000e+04
4.197045007481963186e-01, 2.823100000000000000e+04
4.199106424479744359e-01, 2.605800000000000000e+04
4.201167841477524978e-01, 2.372000000000000000e+04
4.203229258475306152e-01, 2.498600000000000000e+04
4.205290675473086770e-01, 2.240700000000000000e+04
4.207352092470867944e-01, 2.149400000000000000e+04
4.209413509468648562e-01, 1.950100000000000000e+04
4.211474926466429736e-01, 1.787800000000000000e+04
4.213536343464210354e-01, 1.530900000000000000e+04
4.215597760461991528e-01, 1.280500000000000000e+04
4.217659177459772701e-01, 1.320600000000000000e+04
4.219720594457553320e-01, 1.290400000000000000e+04
4.221782011455334493e-01, 1.256500000000000000e+04
4.223843428453115112e-01, 1.122600000000000000e+04
4.225904845450896286e-01, 1.140900000000000000e+04
4.227966262448676904e-01, 8.763000000000000000e+03
4.230027679446458078e-01, 9.802000000000000000e+03
4.232089096444238696e-01, 7.931000000000000000e+03
4.234150513442019870e-01, 9.413000000000000000e+03
4.236211930439801043e-01, 7.760000000000000000e+03
4.238273347437581662e-01, 9.340000000000000000e+03
4.240334764435362835e-01, 7.730000000000000000e+03
4.242396181433143454e-01, 9.328000000000000000e+03
4.244457598430924627e-01, 7.725000000000000000e+03
4.246519015428705246e-01, 1.011300000000000000e+04
4.248580432426486420e-01, 1.312200000000000000e+04
4.250641849424267038e-01, 1.142200000000000000e+04
4.252703266422048212e-01, 1.097700000000000000e+04
4.254764683419828830e-01, 1.256400000000000000e+04
4.256826100417610004e-01, 1.399100000000000000e+04
4.258887517415391177e-01, 1.480700000000000000e+04
4.260948934413171796e-01, 1.520700000000000000e+04
4.263010351410952969e-01, 1.764300000000000000e+04
4.265071768408733588e-01, 2.000600000000000000e+04
4.267133185406514762e-01, 2.251500000000000000e+04
4.269194602404295380e-01, 2.373100000000000000e+04
4.271256019402076554e-01, 2.495000000000000000e+04
4.273317436399857172e-01, 2.755700000000000000e+04
4.275378853397638346e-01, 2.894900000000000000e+04
4.277440270395419519e-01, 3.096000000000000000e+04
4.279501687393200138e-01, 3.246900000000000000e+04
4.281563104390981311e-01, 3.283800000000000000e+04
4.283624521388761930e-01, 3.655700000000000000e+04
4.285685938386543103e-01, 3.632300000000000000e+04
4.287747355384323722e-01, 3.866300000000000000e+04
4.289808772382104896e-01, 4.162200000000000000e+04
4.291870189379885514e-01, 4.296300000000000000e+04
4.293931606377666688e-01, 4.274900000000000000e+04
4.295993023375447861e-01, 4.369000000000000000e+04
4.298054440373228480e-01, 4.589000000000000000e+04
4.300115857371009653e-01, 4.733800000000000000e+04
4.302177274368790272e-01, 4.951600000000000000e+04
4.304238691366571445e-01, 5.354100000000000000e+04
4.306300108364352064e-01, 5.287600000000000000e+04
4.308361525362133237e-01, 5.203300000000000000e+04
4.310422942359913856e-01, 5.197300000000000000e+04
4.312484359357695030e-01, 5.469600000000000000e+04
4.314545776355475648e-01, 5.346600000000000000e+04
4.316607193353256822e-01, 5.769200000000000000e+04
4.318668610351037995e-01, 5.786000000000000000e+04
4.320730027348818614e-01, 5.768700000000000000e+04
4.322791444346599787e-01, 5.729900000000000000e+04
4.324852861344380406e-01, 5.728800000000000000e+04
4.326914278342161579e-01, 5.537900000000000000e+04
4.328975695339942198e-01, 5.764100000000000000e+04
4.331037112337723372e-01, 5.513100000000000000e+04
4.333098529335503990e-01, 5.776800000000000000e+04
4.335159946333285164e-01, 5.564800000000000000e+04
4.337221363331066337e-01, 5.411500000000000000e+04
4.339282780328846956e-01, 5.332900000000000000e+04
4.341344197326628129e-01, 5.417700000000000000e+04
4.343405614324408748e-01, 5.331900000000000000e+04
4.345467031322189921e-01, 5.216900000000000000e+04
4.347528448319970540e-01, 5.073300000000000000e+04
4.349589865317751713e-01, 4.955500000000000000e+04
4.351651282315532332e-01, 4.690100000000000000e+04
4.353712699313313506e-01, 4.499900000000000000e+04
4.355774116311094679e-01, 4.492700000000000000e+04
4.357835533308875298e-01, 4.205700000000000000e+04
4.359896950306656471e-01, 4.296700000000000000e+04
4.361958367304437090e-01, 4.008800000000000000e+04
4.364019784302218263e-01, 3.801800000000000000e+04
4.366081201299998882e-01, 3.475000000000000000e+04
4.368142618297780055e-01, 3.211300000000000000e+04
4.370204035295560674e-01, 3.428200000000000000e+04
4.372265452293341848e-01, 3.048600000000000000e+04
4.374326869291122466e-01, 2.844100000000000000e+04
4.376388286288903640e-01, 2.542600000000000000e+04
4.378449703286684813e-01, 2.277200000000000000e+04
4.380511120284465432e-01, 2.586800000000000000e+04
4.382572537282246605e-01, 2.310800000000000000e+04
4.384633954280027224e-01, 2.142700000000000000e+04
4.386695371277808397e-01, 1.922800000000000000e+04
4.388756788275589016e-01, 1.787600000000000000e+04
4.390818205273370189e-01, 1.601900000000000000e+04
4.392879622271150808e-01, 1.385200000000000000e+04
4.394941039268931982e-01, 1.234000000000000000e+04
4.397002456266713155e-01, 1.282600000000000000e+04
4.399063873264493774e-01, 1.329600000000000000e+04
4.401125290262274947e-01, 1.029800000000000000e+04
4.403186707260055566e-01, 1.144200000000000000e+04
4.405248124257836739e-01, 7.948000000000000000e+03
4.407309541255617358e-01, 1.000400000000000000e+04
4.409370958253398531e-01, 7.221000000000000000e+03
4.411432375251179150e-01, 9.669000000000000000e+03
4.413493792248960323e-01, 7.075000000000000000e+03
4.415555209246741497e-01, 9.400000000000000000e+03
4.417616626244522116e-01, 7.187000000000000000e+03
4.419678043242303289e-01, 9.514000000000000000e+03
4.421739460240083908e-01, 7.254000000000000000e+03
4.423800877237865081e-01, 1.010900000000000000e+04
4.425862294235645700e-01, 1.284900000000000000e+04
4.427923711233426873e-01, 1.245200000000000000e+04
4.429985128231207492e-01, 1.154200000000000000e+04
4.432046545228988665e-01, 1.321300000000000000e+04
4.434107962226769839e-01, 1.451800000000000000e+04
4.436169379224550458e-01, 1.523600000000000000e+04
4.438230796222331631e-01, 1.558100000000000000e+04
4.440292213220112250e-01, 1.848700000000000000e+04
4.442353630217893423e-01, 1.967000000000000000e+04
4.444415047215674042e-01, 2.336500000000000000e+04
4.446476464213455215e-01, 2.445800000000000000e+04
4.448537881211235834e-01, 2.584300000000000000e+04
4.450599298209017007e-01, 2.892700000000000000e+04
4.452660715206797626e-01, 3.027200000000000000e+04
4.454722132204578799e-01, 3.192300000000000000e+04
4.456783549202359973e-01, 3.292800000000000000e+04
4.458844966200140592e-01, 3.129400000000000000e+04
4.460906383197921765e-01, 3.580600000000000000e+04
4.462967800195702384e-01, 3.603300000000000000e+04
4.465029217193483557e-01, 3.955300000000000000e+04
4.467090634191264176e-01, 4.225900000000000000e+04
4.469152051189045349e-01, 4.233600000000000000e+04
4.471213468186825968e-01, 4.322300000000000000e+04
4.473274885184607141e-01, 4.481000000000000000e+04
4.475336302182388315e-01, 4.691100000000000000e+04
4.477397719180168933e-01, 4.820700000000000000e+04
4.479459136177950107e-01, 4.960600000000000000e+04
4.481520553175730726e-01, 5.394500000000000000e+04
4.483581970173511899e-01, 5.362600000000000000e+04
4.485643387171292518e-01, 5.253300000000000000e+04
4.487704804169073691e-01, 5.192900000000000000e+04
4.489766221166854310e-01, 5.517600000000000000e+04
4.491827638164635483e-01, 5.385600000000000000e+04
4.493889055162416657e-01, 5.841600000000000000e+04
4.495950472160197275e-01, 5.693900000000000000e+04
4.498011889157978449e-01, 5.825400000000000000e+04
4.500073306155759068e-01, 5.643300000000000000e+04
4.502134723153540241e-01, 5.791400000000000000e+04
4.504196140151320860e-01, 5.530900000000000000e+04
4.506257557149102033e-01, 5.811300000000000000e+04
4.508318974146882652e-01, 5.551900000000000000e+04
4.510380391144663825e-01, 5.624000000000000000e+04
4.512441808142444444e-01, 5.627200000000000000e+04
4.514503225140225617e-01, 5.416400000000000000e+04
4.516564642138006791e-01, 5.176500000000000000e+04
4.518626059135787409e-01, 5.208000000000000000e+04
4.520687476133568583e-01, 5.319300000000000000e+04
4.522748893131349202e-01, 5.225700000000000000e+04
4.524810310129130375e-01, 4.895400000000000000e+04
4.526871727126910994e-01, 4.840800000000000000e+04
4.528933144124692167e-01, 4.631300000000000000e+04
4.530994561122472786e-01, 4.351300000000000000e+04
4.533055978120253959e-01, 4.442300000000000000e+04
