0.000000000000000000e+00, 2.018800000000000000e+04
2.497693781540266946e-05, 1.654800000000000000e+04
4.995387563080533891e-05, 1.096300000000000000e+04
7.493081344620800498e-05, 6.712000000000000000e+03
9.990775126161067783e-05, 4.027000000000000000e+03
1.248846890770133507e-04, 4.470000000000000000e+03
1.498616268924160100e-04, 7.378000000000000000e+03
1.748385647078186693e-04, 1.223100000000000000e+04
1.998155025232213557e-04, 1.713900000000000000e+04
2.247924403386240149e-04, 2.230200000000000000e+04
2.497693781540267013e-04, 2.628000000000000000e+04
2.747463159694293606e-04, 2.828000000000000000e+04
2.997232537848320199e-04, 2.799600000000000000e+04
3.247001916002346792e-04, 2.484500000000000000e+04
3.496771294156373385e-04, 2.039200000000000000e+04
3.746540672310399978e-04, 1.456300000000000000e+04
3.996310050464427113e-04, 9.380000000000000000e+03
4.246079428618453706e-04, 6.058000000000000000e+03
4.495848806772480299e-04, 3.980000000000000000e+03
4.745618184926506892e-04, 5.702000000000000000e+03
4.995387563080534027e-04, 8.067000000000000000e+03
5.245156941234560078e-04, 1.339300000000000000e+04
5.494926319388587213e-04, 1.893300000000000000e+04
5.744695697542613264e-04, 2.396100000000000000e+04
5.994465075696640399e-04, 2.634200000000000000e+04
6.244234453850667534e-04, 2.835200000000000000e+04
6.494003832004693584e-04, 2.706700000000000000e+04
6.743773210158720719e-04, 2.375400000000000000e+04
6.993542588312746770e-04, 1.826700000000000000e+04
7.243311966466773905e-04, 1.227300000000000000e+04
7.493081344620799956e-04, 8.148000000000000000e+03
7.742850722774827091e-04, 5.359000000000000000e+03
7.992620100928854226e-04, 4.202000000000000000e+03
8.242389479082880277e-04, 5.910000000000000000e+03
8.492158857236907412e-04, 9.290000000000000000e+03
8.741928235390933463e-04, 1.491100000000000000e+04
8.991697613544960598e-04, 2.069700000000000000e+04
9.241466991698987733e-04, 2.573100000000000000e+04
9.491236369853013784e-04, 2.846000000000000000e+04
9.741005748007040919e-04, 2.797700000000000000e+04
9.990775126161068054e-04, 2.652600000000000000e+04
1.024054450431509302e-03, 2.232000000000000000e+04
1.049031388246912016e-03, 1.711900000000000000e+04
1.074008326062314729e-03, 1.175700000000000000e+04
1.098985263877717443e-03, 6.969000000000000000e+03
1.123962201693120156e-03, 4.764000000000000000e+03
1.148939139508522653e-03, 4.316000000000000000e+03
1.173916077323925366e-03, 6.736000000000000000e+03
1.198893015139328080e-03, 1.129000000000000000e+04
1.223869952954730793e-03, 1.596100000000000000e+04
1.248846890770133507e-03, 2.135100000000000000e+04
1.273823828585536003e-03, 2.625900000000000000e+04
1.298800766400938717e-03, 2.875600000000000000e+04
1.323777704216341430e-03, 2.816000000000000000e+04
1.348754642031744144e-03, 2.592900000000000000e+04
1.373731579847146857e-03, 2.116400000000000000e+04
1.398708517662549354e-03, 1.606500000000000000e+04
1.423685455477952068e-03, 1.041200000000000000e+04
1.448662393293354781e-03, 6.137000000000000000e+03
1.473639331108757495e-03, 4.243000000000000000e+03
1.498616268924159991e-03, 4.654000000000000000e+03
1.523593206739562705e-03, 7.723000000000000000e+03
1.548570144554965418e-03, 1.262300000000000000e+04
1.573547082370368132e-03, 1.739600000000000000e+04
1.598524020185770845e-03, 2.277500000000000000e+04
1.623500958001173342e-03, 2.636600000000000000e+04
1.648477895816576055e-03, 2.857200000000000000e+04
1.673454833631978769e-03, 2.767700000000000000e+04
1.698431771447381482e-03, 2.462200000000000000e+04
1.723408709262784196e-03, 2.004400000000000000e+04
1.748385647078186693e-03, 1.427400000000000000e+04
1.773362584893589406e-03, 9.310000000000000000e+03
1.798339522708992120e-03, 5.559000000000000000e+03
1.823316460524394833e-03, 3.837000000000000000e+03
1.848293398339797547e-03, 5.680000000000000000e+03
1.873270336155200043e-03, 8.467000000000000000e+03
1.898247273970602757e-03, 1.392700000000000000e+04
1.923224211786005470e-03, 1.943300000000000000e+04
1.948201149601408184e-03, 2.439800000000000000e+04
1.973178087416810680e-03, 2.675600000000000000e+04
1.998155025232213611e-03, 2.819100000000000000e+04
2.023131963047616107e-03, 2.699600000000000000e+04
2.048108900863018604e-03, 2.327600000000000000e+04
2.073085838678421534e-03, 1.760800000000000000e+04
2.098062776493824031e-03, 1.220800000000000000e+04
2.123039714309226961e-03, 7.642000000000000000e+03
2.148016652124629458e-03, 4.922000000000000000e+03
2.172993589940031955e-03, 3.887000000000000000e+03
2.197970527755434885e-03, 6.050000000000000000e+03
2.222947465570837382e-03, 9.895000000000000000e+03
2.247924403386240312e-03, 1.537600000000000000e+04
2.272901341201642809e-03, 2.070900000000000000e+04
2.297878279017045305e-03, 2.584400000000000000e+04
2.322855216832448236e-03, 2.878000000000000000e+04
2.347832154647850732e-03, 2.801800000000000000e+04
2.372809092463253663e-03, 2.656300000000000000e+04
2.397786030278656159e-03, 2.228000000000000000e+04
2.422762968094058656e-03, 1.693900000000000000e+04
2.447739905909461586e-03, 1.141000000000000000e+04
2.472716843724864083e-03, 6.634000000000000000e+03
2.497693781540267013e-03, 4.583000000000000000e+03
2.522670719355669510e-03, 4.683000000000000000e+03
2.547647657171072007e-03, 7.102000000000000000e+03
2.572624594986474937e-03, 1.178800000000000000e+04
2.597601532801877434e-03, 1.660600000000000000e+04
2.622578470617280364e-03, 2.162500000000000000e+04
2.647555408432682861e-03, 2.629700000000000000e+04
2.672532346248085357e-03, 2.906900000000000000e+04
2.697509284063488288e-03, 2.794600000000000000e+04
2.722486221878890784e-03, 2.568800000000000000e+04
2.747463159694293715e-03, 2.103800000000000000e+04
2.772440097509696211e-03, 1.566000000000000000e+04
2.797417035325098708e-03, 1.024300000000000000e+04
2.822393973140501638e-03, 6.310000000000000000e+03
2.847370910955904135e-03, 4.315000000000000000e+03
2.872347848771307065e-03, 5.291000000000000000e+03
2.897324786586709562e-03, 7.743000000000000000e+03
2.922301724402112059e-03, 1.300000000000000000e+04
2.947278662217514989e-03, 1.789600000000000000e+04
2.972255600032917486e-03, 2.266700000000000000e+04
2.997232537848319982e-03, 2.653500000000000000e+04
3.022209475663722913e-03, 2.872100000000000000e+04
3.047186413479125409e-03, 2.762400000000000000e+04
3.072163351294528340e-03, 2.437500000000000000e+04
3.097140289109930836e-03, 1.953700000000000000e+04
3.122117226925333333e-03, 1.339500000000000000e+04
3.147094164740736263e-03, 8.690000000000000000e+03
3.172071102556138760e-03, 5.437000000000000000e+03
3.197048040371541690e-03, 4.182000000000000000e+03
3.222024978186944187e-03, 5.911000000000000000e+03
3.247001916002346684e-03, 8.804000000000000000e+03
3.271978853817749614e-03, 1.426400000000000000e+04
3.296955791633152111e-03, 2.018600000000000000e+04
3.321932729448555041e-03, 2.454900000000000000e+04
3.346909667263957538e-03, 2.717800000000000000e+04
3.371886605079360034e-03, 2.833200000000000000e+04
3.396863542894762965e-03, 2.689400000000000000e+04
3.421840480710165461e-03, 2.281400000000000000e+04
3.446817418525568392e-03, 1.774900000000000000e+04
3.471794356340970888e-03, 1.228000000000000000e+04
3.496771294156373385e-03, 7.682000000000000000e+03
3.521748231971776315e-03, 4.501000000000000000e+03
3.546725169787178812e-03, 3.936000000000000000e+03
3.571702107602581742e-03, 6.237000000000000000e+03
3.596679045417984239e-03, 1.052000000000000000e+04
3.621655983233386736e-03, 1.607300000000000000e+04
3.646632921048789666e-03, 2.116800000000000000e+04
3.671609858864192163e-03, 2.608000000000000000e+04
3.696586796679595093e-03, 2.867700000000000000e+04
3.721563734494997590e-03, 2.811500000000000000e+04
3.746540672310400086e-03, 2.587700000000000000e+04
3.771517610125803017e-03, 2.166000000000000000e+04
3.796494547941205513e-03, 1.682600000000000000e+04
3.821471485756608444e-03, 1.112700000000000000e+04
3.846448423572010940e-03, 6.477000000000000000e+03
3.871425361387413437e-03, 4.218000000000000000e+03
3.896402299202816367e-03, 4.126000000000000000e+03
3.921379237018219298e-03, 7.378000000000000000e+03
3.946356174833621361e-03, 1.188200000000000000e+04
3.971333112649024291e-03, 1.693400000000000000e+04
3.996310050464427222e-03, 2.206000000000000000e+04
4.021286988279829284e-03, 2.647900000000000000e+04
4.046263926095232215e-03, 2.899400000000000000e+04
4.071240863910635145e-03, 2.808000000000000000e+04
4.096217801726037208e-03, 2.506400000000000000e+04
4.121194739541440138e-03, 2.057600000000000000e+04
4.146171677356843069e-03, 1.523900000000000000e+04
4.171148615172245999e-03, 9.799000000000000000e+03
4.196125552987648062e-03, 6.232000000000000000e+03
4.221102490803050993e-03, 4.311000000000000000e+03
4.246079428618453923e-03, 5.714000000000000000e+03
4.271056366433855986e-03, 8.075000000000000000e+03
4.296033304249258916e-03, 1.317300000000000000e+04
4.321010242064661847e-03, 1.852200000000000000e+04
4.345987179880063909e-03, 2.334700000000000000e+04
4.370964117695466840e-03, 2.671900000000000000e+04
4.395941055510869770e-03, 2.876500000000000000e+04
4.420917993326272701e-03, 2.744600000000000000e+04
4.445894931141674764e-03, 2.397500000000000000e+04
4.470871868957077694e-03, 1.897300000000000000e+04
4.495848806772480624e-03, 1.295400000000000000e+04
4.520825744587882687e-03, 8.241000000000000000e+03
4.545802682403285618e-03, 5.563000000000000000e+03
4.570779620218688548e-03, 4.333000000000000000e+03
4.595756558034090611e-03, 5.883000000000000000e+03
4.620733495849493541e-03, 9.159000000000000000e+03
4.645710433664896472e-03, 1.508600000000000000e+04
4.670687371480299402e-03, 2.029900000000000000e+04
4.695664309295701465e-03, 2.510100000000000000e+04
4.720641247111104395e-03, 2.777300000000000000e+04
4.745618184926507326e-03, 2.845600000000000000e+04
4.770595122741909389e-03, 2.658900000000000000e+04
4.795572060557312319e-03, 2.238400000000000000e+04
4.820548998372715249e-03, 1.717300000000000000e+04
4.845525936188117312e-03, 1.197500000000000000e+04
4.870502874003520243e-03, 7.361000000000000000e+03
4.895479811818923173e-03, 4.598000000000000000e+03
4.920456749634325236e-03, 4.190000000000000000e+03
4.945433687449728166e-03, 6.639000000000000000e+03
4.970410625265131097e-03, 1.124800000000000000e+04
4.995387563080534027e-03, 1.599400000000000000e+04
5.020364500895936090e-03, 2.135200000000000000e+04
5.045341438711339020e-03, 2.640600000000000000e+04
5.070318376526741951e-03, 2.858600000000000000e+04
5.095295314342144014e-03, 2.842200000000000000e+04
5.120272252157546944e-03, 2.628400000000000000e+04
5.145249189972949874e-03, 2.110300000000000000e+04
5.170226127788351937e-03, 1.658700000000000000e+04
5.195203065603754868e-03, 1.096300000000000000e+04
5.220180003419157798e-03, 6.349000000000000000e+03
5.245156941234560728e-03, 3.991000000000000000e+03
5.270133879049962791e-03, 4.470000000000000000e+03
5.295110816865365722e-03, 7.777000000000000000e+03
5.320087754680768652e-03, 1.223600000000000000e+04
5.345064692496170715e-03, 1.713900000000000000e+04
5.370041630311573645e-03, 2.231500000000000000e+04
5.395018568126976576e-03, 2.628000000000000000e+04
5.419995505942378639e-03, 2.878300000000000000e+04
5.444972443757781569e-03, 2.800500000000000000e+04
5.469949381573184499e-03, 2.484500000000000000e+04
5.494926319388587430e-03, 2.022100000000000000e+04
5.519903257203989493e-03, 1.456200000000000000e+04
5.544880195019392423e-03, 9.424000000000000000e+03
5.569857132834795353e-03, 6.054000000000000000e+03
5.594834070650197416e-03, 3.980000000000000000e+03
5.619811008465600347e-03, 5.665000000000000000e+03
5.644787946281003277e-03, 8.067000000000000000e+03
5.669764884096405340e-03, 1.367000000000000000e+04
5.694741821911808270e-03, 1.897400000000000000e+04
5.719718759727211201e-03, 2.396100000000000000e+04
5.744695697542614131e-03, 2.673100000000000000e+04
5.769672635358016194e-03, 2.835700000000000000e+04
5.794649573173419124e-03, 2.706700000000000000e+04
5.819626510988822055e-03, 2.377200000000000000e+04
5.844603448804224118e-03, 1.826700000000000000e+04
5.869580386619627048e-03, 1.224600000000000000e+04
5.894557324435029978e-03, 8.146000000000000000e+03
5.919534262250432041e-03, 5.359000000000000000e+03
5.944511200065834972e-03, 4.202000000000000000e+03
5.969488137881237902e-03, 5.910000000000000000e+03
5.994465075696639965e-03, 9.746000000000000000e+03
6.019442013512042895e-03, 1.494100000000000000e+04
6.044418951327445826e-03, 2.069700000000000000e+04
6.069395889142848756e-03, 2.577000000000000000e+04
6.094372826958250819e-03, 2.846000000000000000e+04
6.119349764773653749e-03, 2.816000000000000000e+04
6.144326702589056680e-03, 2.657300000000000000e+04
6.169303640404458743e-03, 2.232000000000000000e+04
6.194280578219861673e-03, 1.665900000000000000e+04
6.219257516035264603e-03, 1.175000000000000000e+04
6.244234453850666666e-03, 6.969000000000000000e+03
6.269211391666069597e-03, 4.675000000000000000e+03
6.294188329481472527e-03, 4.316000000000000000e+03
6.319165267296875457e-03, 6.734000000000000000e+03
6.344142205112277520e-03, 1.128600000000000000e+04
6.369119142927680451e-03, 1.596100000000000000e+04
6.394096080743083381e-03, 2.153500000000000000e+04
6.419073018558485444e-03, 2.626100000000000000e+04
6.444049956373888374e-03, 2.875600000000000000e+04
6.469026894189291305e-03, 2.816000000000000000e+04
6.494003832004693368e-03, 2.592900000000000000e+04
6.518980769820096298e-03, 2.120700000000000000e+04
6.543957707635499228e-03, 1.606600000000000000e+04
6.568934645450902159e-03, 1.049700000000000000e+04
6.593911583266304222e-03, 6.127000000000000000e+03
6.618888521081707152e-03, 4.243000000000000000e+03
6.643865458897110082e-03, 4.613000000000000000e+03
6.668842396712512145e-03, 7.721000000000000000e+03
6.693819334527915076e-03, 1.262300000000000000e+04
6.718796272343318006e-03, 1.735600000000000000e+04
6.743773210158720069e-03, 2.277400000000000000e+04
6.768750147974122999e-03, 2.636600000000000000e+04
6.793727085789525930e-03, 2.857200000000000000e+04
6.818704023604928860e-03, 2.767700000000000000e+04
6.843680961420330923e-03, 2.465500000000000000e+04
6.868657899235733853e-03, 2.004400000000000000e+04
6.893634837051136784e-03, 1.404400000000000000e+04
6.918611774866538847e-03, 9.325000000000000000e+03
6.943588712681941777e-03, 5.559000000000000000e+03
6.968565650497344707e-03, 3.837000000000000000e+03
6.993542588312746770e-03, 5.680000000000000000e+03
7.018519526128149701e-03, 8.467000000000000000e+03
7.043496463943552631e-03, 1.391300000000000000e+04
7.068473401758955561e-03, 1.943300000000000000e+04
7.093450339574357624e-03, 2.443500000000000000e+04
7.118427277389760555e-03, 2.675700000000000000e+04
7.143404215205163485e-03, 2.819100000000000000e+04
7.168381153020565548e-03, 2.699600000000000000e+04
7.193358090835968478e-03, 2.327600000000000000e+04
7.218335028651371409e-03, 1.763900000000000000e+04
7.243311966466773472e-03, 1.220400000000000000e+04
7.268288904282176402e-03, 7.642000000000000000e+03
7.293265842097579332e-03, 4.922000000000000000e+03
7.318242779912981395e-03, 3.887000000000000000e+03
7.343219717728384326e-03, 6.171000000000000000e+03
7.368196655543787256e-03, 9.887000000000000000e+03
7.393173593359190186e-03, 1.537600000000000000e+04
7.418150531174592249e-03, 2.062300000000000000e+04
7.443127468989995180e-03, 2.584100000000000000e+04
7.468104406805398110e-03, 2.878000000000000000e+04
7.493081344620800173e-03, 2.801800000000000000e+04
7.518058282436203103e-03, 2.656300000000000000e+04
7.543035220251606034e-03, 2.230200000000000000e+04
7.568012158067008097e-03, 1.694200000000000000e+04
7.592989095882411027e-03, 1.141000000000000000e+04
7.617966033697813957e-03, 6.482000000000000000e+03
7.642942971513216888e-03, 4.581000000000000000e+03
7.667919909328618951e-03, 4.139000000000000000e+03
7.692896847144021881e-03, 7.080000000000000000e+03
7.717873784959424811e-03, 1.178800000000000000e+04
7.742850722774826874e-03, 1.631100000000000000e+04
7.767827660590229805e-03, 2.162300000000000000e+04
7.792804598405632735e-03, 2.629700000000000000e+04
7.817781536221035665e-03, 2.906900000000000000e+04
7.842758474036438596e-03, 2.794600000000000000e+04
7.867735411851839791e-03, 2.573100000000000000e+04
7.892712349667242722e-03, 2.103900000000000000e+04
7.917689287482645652e-03, 1.566000000000000000e+04
7.942666225298048582e-03, 1.035700000000000000e+04
7.967643163113451513e-03, 6.311000000000000000e+03
7.992620100928854443e-03, 4.315000000000000000e+03
8.017597038744257373e-03, 5.291000000000000000e+03
8.042573976559658569e-03, 7.743000000000000000e+03
8.067550914375061499e-03, 1.297200000000000000e+04
8.092527852190464430e-03, 1.789500000000000000e+04
8.117504790005867360e-03, 2.317500000000000000e+04
8.142481727821270290e-03, 2.656100000000000000e+04
8.167458665636673221e-03, 2.872100000000000000e+04
8.192435603452074416e-03, 2.762400000000000000e+04
8.217412541267477347e-03, 2.437500000000000000e+04
8.242389479082880277e-03, 1.964700000000000000e+04
8.267366416898283207e-03, 1.338500000000000000e+04
8.292343354713686138e-03, 8.690000000000000000e+03
8.317320292529089068e-03, 5.437000000000000000e+03
8.342297230344491998e-03, 4.182000000000000000e+03
8.367274168159893194e-03, 5.911000000000000000e+03
8.392251105975296124e-03, 8.695000000000000000e+03
8.417228043790699055e-03, 1.426300000000000000e+04
8.442204981606101985e-03, 1.961700000000000000e+04
8.467181919421504915e-03, 2.453100000000000000e+04
8.492158857236907846e-03, 2.717800000000000000e+04
8.517135795052309041e-03, 2.833200000000000000e+04
8.542112732867711972e-03, 2.689400000000000000e+04
8.567089670683114902e-03, 2.247400000000000000e+04
8.592066608498517832e-03, 1.771200000000000000e+04
8.617043546313920763e-03, 1.228000000000000000e+04
8.642020484129323693e-03, 7.368000000000000000e+03
8.666997421944726623e-03, 4.497000000000000000e+03
8.691974359760127819e-03, 3.936000000000000000e+03
8.716951297575530749e-03, 6.237000000000000000e+03
8.741928235390933680e-03, 1.052000000000000000e+04
8.766905173206336610e-03, 1.557000000000000000e+04
8.791882111021739540e-03, 2.115900000000000000e+04
8.816859048837142471e-03, 2.608000000000000000e+04
8.841835986652545401e-03, 2.867700000000000000e+04
8.866812924467946597e-03, 2.811500000000000000e+04
8.891789862283349527e-03, 2.644800000000000000e+04
8.916766800098752457e-03, 2.167700000000000000e+04
8.941743737914155388e-03, 1.682600000000000000e+04
8.966720675729558318e-03, 1.109100000000000000e+04
8.991697613544961248e-03, 6.477000000000000000e+03
9.016674551360362444e-03, 4.218000000000000000e+03
9.041651489175765374e-03, 4.126000000000000000e+03
9.066628426991168305e-03, 7.378000000000000000e+03
9.091605364806571235e-03, 1.184000000000000000e+04
9.116582302621974165e-03, 1.693300000000000000e+04
9.141559240437377096e-03, 2.206000000000000000e+04
9.166536178252780026e-03, 2.647900000000000000e+04
9.191513116068181222e-03, 2.899400000000000000e+04
9.216490053883584152e-03, 2.808000000000000000e+04
9.241466991698987082e-03, 2.506400000000000000e+04
9.266443929514390013e-03, 2.057600000000000000e+04
9.291420867329792943e-03, 1.509900000000000000e+04
9.316397805145195873e-03, 9.798000000000000000e+03
9.341374742960598804e-03, 6.689000000000000000e+03
9.366351680775999999e-03, 4.340000000000000000e+03
9.391328618591402930e-03, 5.714000000000000000e+03
9.416305556406805860e-03, 7.835000000000000000e+03
9.441282494222208790e-03, 1.317100000000000000e+04
9.466259432037611721e-03, 1.840500000000000000e+04
9.491236369853014651e-03, 2.335600000000000000e+04
9.516213307668415847e-03, 2.671900000000000000e+04
9.541190245483818777e-03, 2.876500000000000000e+04
9.566167183299221707e-03, 2.744600000000000000e+04
9.591144121114624638e-03, 2.397500000000000000e+04
9.616121058930027568e-03, 1.895600000000000000e+04
9.641097996745430498e-03, 1.295400000000000000e+04
9.666074934560833429e-03, 8.241000000000000000e+03
9.691051872376234624e-03, 5.563000000000000000e+03
9.716028810191637555e-03, 4.333000000000000000e+03
9.741005748007040485e-03, 5.883000000000000000e+03
9.765982685822443415e-03, 9.159000000000000000e+03
9.790959623637846346e-03, 1.494100000000000000e+04
9.815936561453249276e-03, 2.031000000000000000e+04
9.840913499268650472e-03, 2.510100000000000000e+04
9.865890437084053402e-03, 2.742700000000000000e+04
9.890867374899456332e-03, 2.845200000000000000e+04
9.915844312714859263e-03, 2.658900000000000000e+04
9.940821250530262193e-03, 2.238400000000000000e+04
9.965798188345665123e-03, 1.717300000000000000e+04
9.990775126161068054e-03, 1.193400000000000000e+04
1.001575206397646925e-02, 7.360000000000000000e+03
1.004072900179187218e-02, 4.598000000000000000e+03
1.006570593960727511e-02, 4.190000000000000000e+03
1.009068287742267804e-02, 6.639000000000000000e+03
1.011565981523808097e-02, 1.068200000000000000e+04
1.014063675305348390e-02, 1.598100000000000000e+04
1.016561369086888683e-02, 2.135200000000000000e+04
1.019059062868428803e-02, 2.616700000000000000e+04
1.021556756649969096e-02, 2.858400000000000000e+04
1.024054450431509389e-02, 2.842200000000000000e+04
1.026552144213049682e-02, 2.628400000000000000e+04
1.029049837994589975e-02, 2.110300000000000000e+04
1.031547531776130268e-02, 1.666900000000000000e+04
1.034045225557670387e-02, 1.096500000000000000e+04
1.036542919339210680e-02, 6.349000000000000000e+03
1.039040613120750974e-02, 4.065000000000000000e+03
1.041538306902291267e-02, 4.470000000000000000e+03
1.044036000683831560e-02, 7.335000000000000000e+03
1.046533694465371853e-02, 1.223000000000000000e+04
1.049031388246912146e-02, 1.713900000000000000e+04
1.051529082028452265e-02, 2.233600000000000000e+04
1.054026775809992558e-02, 2.628100000000000000e+04
1.056524469591532851e-02, 2.878300000000000000e+04
1.059022163373073144e-02, 2.800500000000000000e+04
1.061519857154613437e-02, 2.484500000000000000e+04
1.064017550936153730e-02, 2.045600000000000000e+04
1.066515244717694023e-02, 1.456400000000000000e+04
1.069012938499234143e-02, 9.639000000000000000e+03
1.071510632280774436e-02, 6.099000000000000000e+03
1.074008326062314729e-02, 3.980000000000000000e+03
1.076506019843855022e-02, 5.665000000000000000e+03
1.079003713625395315e-02, 8.067000000000000000e+03
1.081501407406935608e-02, 1.362700000000000000e+04
1.083999101188475728e-02, 1.899900000000000000e+04
1.086496794970016021e-02, 2.396200000000000000e+04
1.088994488751556314e-02, 2.618600000000000000e+04
1.091492182533096607e-02, 2.834500000000000000e+04
1.093989876314636900e-02, 2.706700000000000000e+04
1.096487570096177193e-02, 2.377200000000000000e+04
1.098985263877717486e-02, 1.826700000000000000e+04
1.101482957659257605e-02, 1.227100000000000000e+04
1.103980651440797899e-02, 8.142000000000000000e+03
1.106478345222338192e-02, 5.359000000000000000e+03
1.108976039003878485e-02, 4.202000000000000000e+03
1.111473732785418778e-02, 5.910000000000000000e+03
1.113971426566959071e-02, 9.505000000000000000e+03
1.116469120348499190e-02, 1.495700000000000000e+04
1.118966814130039483e-02, 2.069800000000000000e+04
1.121464507911579776e-02, 2.532800000000000000e+04
1.123962201693120069e-02, 2.845400000000000000e+04
1.126459895474660362e-02, 2.816000000000000000e+04
1.128957589256200655e-02, 2.657300000000000000e+04
1.131455283037740948e-02, 2.232000000000000000e+04
1.133952976819281068e-02, 1.722000000000000000e+04
1.136450670600821361e-02, 1.176200000000000000e+04
1.138948364382361654e-02, 6.969000000000000000e+03
1.141446058163901947e-02, 4.647000000000000000e+03
1.143943751945442240e-02, 4.316000000000000000e+03
1.146441445726982533e-02, 7.170000000000000000e+03
1.148939139508522826e-02, 1.131700000000000000e+04
1.151436833290062946e-02, 1.596100000000000000e+04
1.153934527071603239e-02, 2.157200000000000000e+04
1.156432220853143532e-02, 2.626100000000000000e+04
1.158929914634683825e-02, 2.875600000000000000e+04
1.161427608416224118e-02, 2.816000000000000000e+04
1.163925302197764411e-02, 2.592900000000000000e+04
1.166422995979304530e-02, 2.124900000000000000e+04
1.168920689760844824e-02, 1.606800000000000000e+04
1.171418383542385117e-02, 1.049700000000000000e+04
1.173916077323925410e-02, 6.236000000000000000e+03
1.176413771105465703e-02, 4.244000000000000000e+03
1.178911464887005996e-02, 4.613000000000000000e+03
1.181409158668546289e-02, 7.721000000000000000e+03
1.183906852450086408e-02, 1.262300000000000000e+04
1.186404546231626701e-02, 1.754900000000000000e+04
1.188902240013166994e-02, 2.277600000000000000e+04
1.191399933794707287e-02, 2.627200000000000000e+04
1.193897627576247580e-02, 2.857800000000000000e+04
1.196395321357787873e-02, 2.767700000000000000e+04
1.198893015139327993e-02, 2.465500000000000000e+04
1.201390708920868286e-02, 2.004400000000000000e+04
1.203888402702408579e-02, 1.397800000000000000e+04
1.206386096483948872e-02, 9.268000000000000000e+03
1.208883790265489165e-02, 5.559000000000000000e+03
1.211381484047029458e-02, 4.374000000000000000e+03
1.213879177828569751e-02, 5.690000000000000000e+03
1.216376871610109871e-02, 8.467000000000000000e+03
1.218874565391650164e-02, 1.389100000000000000e+04
1.221372259173190457e-02, 1.943200000000000000e+04
1.223869952954730750e-02, 2.441700000000000000e+04
1.226367646736271043e-02, 2.676100000000000000e+04
1.228865340517811336e-02, 2.819100000000000000e+04
1.231363034299351629e-02, 2.699600000000000000e+04
1.233860728080891749e-02, 2.327600000000000000e+04
1.236358421862432042e-02, 1.802800000000000000e+04
1.238856115643972335e-02, 1.223800000000000000e+04
1.241353809425512628e-02, 7.642000000000000000e+03
1.243851503207052921e-02, 4.879000000000000000e+03
1.246349196988593214e-02, 3.886000000000000000e+03
1.248846890770133333e-02, 6.171000000000000000e+03
1.251344584551673626e-02, 9.965000000000000000e+03
1.253842278333213919e-02, 1.537600000000000000e+04
1.256339972114754212e-02, 2.056000000000000000e+04
1.258837665896294505e-02, 2.583700000000000000e+04
1.261335359677834798e-02, 2.878000000000000000e+04
1.263833053459375091e-02, 2.801800000000000000e+04
1.266330747240915211e-02, 2.656300000000000000e+04
1.268828441022455504e-02, 2.228900000000000000e+04
1.271326134803995797e-02, 1.694500000000000000e+04
1.273823828585536090e-02, 1.141000000000000000e+04
1.276321522367076383e-02, 6.446000000000000000e+03
1.278819216148616676e-02, 4.581000000000000000e+03
1.281316909930156969e-02, 4.139000000000000000e+03
1.283814603711697089e-02, 7.080000000000000000e+03
1.286312297493237382e-02, 1.178800000000000000e+04
1.288809991274777675e-02, 1.622500000000000000e+04
1.291307685056317968e-02, 2.162000000000000000e+04
1.293805378837858261e-02, 2.629700000000000000e+04
1.296303072619398554e-02, 2.908300000000000000e+04
1.298800766400938674e-02, 2.794600000000000000e+04
1.301298460182478967e-02, 2.516300000000000000e+04
1.303796153964019260e-02, 2.102500000000000000e+04
1.306293847745559553e-02, 1.566000000000000000e+04
1.308791541527099846e-02, 1.040800000000000000e+04
1.311289235308640139e-02, 6.311000000000000000e+03
1.313786929090180432e-02, 4.791000000000000000e+03
1.316284622871720551e-02, 5.319000000000000000e+03
1.318782316653260844e-02, 7.743000000000000000e+03
1.321280010434801137e-02, 1.293300000000000000e+04
1.323777704216341430e-02, 1.789500000000000000e+04
1.326275397997881723e-02, 2.305300000000000000e+04
1.328773091779422016e-02, 2.657000000000000000e+04
1.331270785560962136e-02, 2.872100000000000000e+04
1.333768479342502429e-02, 2.713000000000000000e+04
1.336266173124042722e-02, 2.436600000000000000e+04
1.338763866905583015e-02, 1.964700000000000000e+04
1.341261560687123308e-02, 1.335100000000000000e+04
1.343759254468663601e-02, 8.690000000000000000e+03
1.346256948250203894e-02, 5.415000000000000000e+03
1.348754642031744014e-02, 4.180000000000000000e+03
1.351252335813284307e-02, 5.911000000000000000e+03
1.353750029594824600e-02, 8.666000000000000000e+03
1.356247723376364893e-02, 1.426200000000000000e+04
1.358745417157905186e-02, 1.974800000000000000e+04
1.361243110939445479e-02, 2.452100000000000000e+04
1.363740804720985772e-02, 2.717800000000000000e+04
1.366238498502525892e-02, 2.795500000000000000e+04
1.368736192284066185e-02, 2.689000000000000000e+04
1.371233886065606478e-02, 2.259600000000000000e+04
1.373731579847146771e-02, 1.776300000000000000e+04
1.376229273628687064e-02, 1.228000000000000000e+04
1.378726967410227357e-02, 7.326000000000000000e+03
1.381224661191767476e-02, 4.496000000000000000e+03
1.383722354973307769e-02, 3.936000000000000000e+03
1.386220048754848062e-02, 6.237000000000000000e+03
1.388717742536388355e-02, 1.052000000000000000e+04
1.391215436317928648e-02, 1.556700000000000000e+04
1.393713130099468941e-02, 2.115300000000000000e+04
1.396210823881009234e-02, 2.608000000000000000e+04
1.398708517662549354e-02, 2.870500000000000000e+04
1.401206211444089647e-02, 2.811600000000000000e+04
1.403703905225629940e-02, 2.611300000000000000e+04
1.406201599007170233e-02, 2.164000000000000000e+04
1.408699292788710526e-02, 1.682600000000000000e+04
1.411196986570250819e-02, 1.104700000000000000e+04
1.413694680351791112e-02, 6.476000000000000000e+03
1.416192374133331232e-02, 4.218000000000000000e+03
1.418690067914871525e-02, 4.113000000000000000e+03
1.421187761696411818e-02, 7.378000000000000000e+03
1.423685455477952111e-02, 1.234500000000000000e+04
1.426183149259492404e-02, 1.694300000000000000e+04
1.428680843041032697e-02, 2.206000000000000000e+04
1.431178536822572817e-02, 2.649900000000000000e+04
1.433676230604113110e-02, 2.899500000000000000e+04
1.436173924385653403e-02, 2.753600000000000000e+04
1.438671618167193696e-02, 2.504200000000000000e+04
1.441169311948733989e-02, 2.057600000000000000e+04
1.443667005730274282e-02, 1.503300000000000000e+04
1.446164699511814575e-02, 9.797000000000000000e+03
1.448662393293354694e-02, 6.326000000000000000e+03
1.451160087074894987e-02, 4.305000000000000000e+03
1.453657780856435280e-02, 5.714000000000000000e+03
1.456155474637975573e-02, 7.792000000000000000e+03
1.458653168419515866e-02, 1.317000000000000000e+04
1.461150862201056159e-02, 1.840500000000000000e+04
1.463648555982596279e-02, 2.327600000000000000e+04
1.466146249764136572e-02, 2.671800000000000000e+04
1.468643943545676865e-02, 2.876500000000000000e+04
1.471141637327217158e-02, 2.744600000000000000e+04
1.473639331108757451e-02, 2.397500000000000000e+04
1.476137024890297744e-02, 1.908000000000000000e+04
1.478634718671838037e-02, 1.295500000000000000e+04
1.481132412453378157e-02, 8.260000000000000000e+03
1.483630106234918450e-02, 5.559000000000000000e+03
1.486127800016458743e-02, 4.333000000000000000e+03
1.488625493797999036e-02, 5.883000000000000000e+03
1.491123187579539329e-02, 9.159000000000000000e+03
1.493620881361079622e-02, 1.478900000000000000e+04
1.496118575142619915e-02, 2.026000000000000000e+04
1.498616268924160035e-02, 2.510100000000000000e+04
1.501113962705700328e-02, 2.781600000000000000e+04
1.503611656487240621e-02, 2.845700000000000000e+04
1.506109350268780914e-02, 2.658900000000000000e+04
1.508607044050321207e-02, 2.240100000000000000e+04
1.511104737831861500e-02, 1.717300000000000000e+04
1.513602431613401619e-02, 1.192000000000000000e+04
1.516100125394941912e-02, 7.357000000000000000e+03
1.518597819176482205e-02, 4.598000000000000000e+03
1.521095512958022498e-02, 4.162000000000000000e+03
1.523593206739562791e-02, 6.639000000000000000e+03
1.526090900521103084e-02, 1.117600000000000000e+04
1.528588594302643378e-02, 1.600600000000000000e+04
1.531086288084183497e-02, 2.135300000000000000e+04
1.533583981865723790e-02, 2.644200000000000000e+04
1.536081675647264083e-02, 2.858700000000000000e+04
1.538579369428804376e-02, 2.835600000000000000e+04
1.541077063210344669e-02, 2.622700000000000000e+04
1.543574756991884962e-02, 2.110300000000000000e+04
1.546072450773425255e-02, 1.620600000000000000e+04
1.548570144554965375e-02, 1.095800000000000000e+04
1.551067838336505668e-02, 6.349000000000000000e+03
1.553565532118045961e-02, 3.977000000000000000e+03
1.556063225899586254e-02, 4.470000000000000000e+03
1.558560919681126547e-02, 7.316000000000000000e+03
1.561058613462666840e-02, 1.222700000000000000e+04
1.563556307244207133e-02, 1.713900000000000000e+04
1.566054001025747253e-02, 2.236600000000000000e+04
1.568551694807287719e-02, 2.628100000000000000e+04
1.571049388588827839e-02, 2.839400000000000000e+04
1.573547082370367958e-02, 2.797100000000000000e+04
1.576044776151908425e-02, 2.484500000000000000e+04
1.578542469933448544e-02, 2.045600000000000000e+04
1.581040163714989011e-02, 1.456400000000000000e+04
1.583537857496529130e-02, 9.546000000000000000e+03
1.586035551278069597e-02, 6.045000000000000000e+03
1.588533245059609716e-02, 3.980000000000000000e+03
1.591030938841149836e-02, 6.194000000000000000e+03
1.593528632622690303e-02, 8.077000000000000000e+03
1.596026326404230422e-02, 1.362800000000000000e+04
1.598524020185770889e-02, 1.888000000000000000e+04
1.601021713967311008e-02, 2.396100000000000000e+04
1.603519407748851475e-02, 2.675200000000000000e+04
1.606017101530391594e-02, 2.835900000000000000e+04
1.608514795311931714e-02, 2.706700000000000000e+04
1.611012489093472180e-02, 2.380400000000000000e+04
1.613510182875012300e-02, 1.826700000000000000e+04
1.616007876656552766e-02, 1.237700000000000000e+04
1.618505570438092886e-02, 8.135000000000000000e+03
1.621003264219633005e-02, 5.359000000000000000e+03
1.623500958001173472e-02, 4.160000000000000000e+03
1.625998651782713592e-02, 5.909000000000000000e+03
1.628496345564254058e-02, 9.482000000000000000e+03
1.630994039345794178e-02, 1.488000000000000000e+04
1.633491733127334644e-02, 2.069700000000000000e+04
1.635989426908874764e-02, 2.581200000000000000e+04
1.638487120690414883e-02, 2.846200000000000000e+04
1.640984814471955350e-02, 2.816000000000000000e+04
1.643482508253495469e-02, 2.659600000000000000e+04
1.645980202035035936e-02, 2.232100000000000000e+04
1.648477895816576055e-02, 1.718900000000000000e+04
1.650975589598116522e-02, 1.176700000000000000e+04
1.653473283379656641e-02, 6.969000000000000000e+03
1.655970977161196761e-02, 4.647000000000000000e+03
1.658468670942737228e-02, 4.316000000000000000e+03
1.660966364724277347e-02, 6.834000000000000000e+03
1.663464058505817814e-02, 1.128000000000000000e+04
1.665961752287357933e-02, 1.596100000000000000e+04
1.668459446068898400e-02, 2.161500000000000000e+04
1.670957139850438519e-02, 2.626200000000000000e+04
1.673454833631978639e-02, 2.875600000000000000e+04
1.675952527413519105e-02, 2.817600000000000000e+04
1.678450221195059225e-02, 2.592900000000000000e+04
1.680947914976599691e-02, 2.068300000000000000e+04
1.683445608758139811e-02, 1.605400000000000000e+04
1.685943302539680277e-02, 1.049700000000000000e+04
1.688440996321220397e-02, 6.107000000000000000e+03
1.690938690102760517e-02, 4.243000000000000000e+03
1.693436383884300983e-02, 5.106000000000000000e+03
1.695934077665841103e-02, 7.748000000000000000e+03
1.698431771447381569e-02, 1.262300000000000000e+04
1.700929465228921689e-02, 1.729100000000000000e+04
1.703427159010461808e-02, 2.277400000000000000e+04
1.705924852792002275e-02, 2.627200000000000000e+04
1.708422546573542394e-02, 2.857800000000000000e+04
1.710920240355082861e-02, 2.767700000000000000e+04
1.713417934136622980e-02, 2.469800000000000000e+04
1.715915627918163447e-02, 2.004500000000000000e+04
1.718413321699703566e-02, 1.397800000000000000e+04
1.720911015481243686e-02, 9.253000000000000000e+03
1.723408709262784153e-02, 5.559000000000000000e+03
1.725906403044324272e-02, 3.812000000000000000e+03
1.728404096825864739e-02, 5.678000000000000000e+03
1.730901790607404858e-02, 8.467000000000000000e+03
1.733399484388945325e-02, 1.386300000000000000e+04
1.735897178170485444e-02, 1.943200000000000000e+04
1.738394871952025564e-02, 2.441700000000000000e+04
1.740892565733566030e-02, 2.676100000000000000e+04
1.743390259515106150e-02, 2.819100000000000000e+04
1.745887953296646616e-02, 2.703600000000000000e+04
1.748385647078186736e-02, 2.327600000000000000e+04
1.750883340859727202e-02, 1.791800000000000000e+04
1.753381034641267322e-02, 1.224800000000000000e+04
1.755878728422807442e-02, 7.642000000000000000e+03
1.758376422204347908e-02, 4.879000000000000000e+03
1.760874115985888028e-02, 3.886000000000000000e+03
1.763371809767428494e-02, 6.171000000000000000e+03
1.765869503548968614e-02, 9.872000000000000000e+03
1.768367197330509080e-02, 1.537600000000000000e+04
1.770864891112049200e-02, 2.113200000000000000e+04
1.773362584893589319e-02, 2.585200000000000000e+04
1.775860278675129786e-02, 2.878000000000000000e+04
1.778357972456669905e-02, 2.804900000000000000e+04
1.780855666238210372e-02, 2.656300000000000000e+04
1.783353360019750491e-02, 2.192600000000000000e+04
1.785851053801290958e-02, 1.691000000000000000e+04
1.788348747582831078e-02, 1.141000000000000000e+04
1.790846441364371197e-02, 6.446000000000000000e+03
1.793344135145911664e-02, 4.581000000000000000e+03
1.795841828927451783e-02, 4.139000000000000000e+03
1.798339522708992250e-02, 7.148000000000000000e+03
1.800837216490532369e-02, 1.178800000000000000e+04
1.803334910272072489e-02, 1.676200000000000000e+04
1.805832604053612955e-02, 2.163100000000000000e+04
1.808330297835153075e-02, 2.629700000000000000e+04
1.810827991616693541e-02, 2.908300000000000000e+04
1.813325685398233661e-02, 2.794600000000000000e+04
1.815823379179774127e-02, 2.573400000000000000e+04
1.818321072961314247e-02, 2.104200000000000000e+04
1.820818766742854367e-02, 1.566000000000000000e+04
1.823316460524394833e-02, 1.019200000000000000e+04
1.825814154305934953e-02, 6.309000000000000000e+03
1.828311848087475419e-02, 4.402000000000000000e+03
1.830809541869015539e-02, 5.285000000000000000e+03
1.833307235650556005e-02, 7.743000000000000000e+03
1.835804929432096125e-02, 1.289100000000000000e+04
1.838302623213636244e-02, 1.789400000000000000e+04
1.840800316995176711e-02, 2.305300000000000000e+04
1.843298010776716830e-02, 2.657000000000000000e+04
1.845795704558257297e-02, 2.872100000000000000e+04
1.848293398339797416e-02, 2.765900000000000000e+04
1.850791092121337883e-02, 2.437600000000000000e+04
1.853288785902878003e-02, 1.964700000000000000e+04
1.855786479684418122e-02, 1.332600000000000000e+04
1.858284173465958589e-02, 8.690000000000000000e+03
1.860781867247498708e-02, 5.415000000000000000e+03
1.863279561029039175e-02, 4.180000000000000000e+03
1.865777254810579294e-02, 5.911000000000000000e+03
1.868274948592119761e-02, 8.666000000000000000e+03
1.870772642373659880e-02, 1.426200000000000000e+04
1.873270336155200000e-02, 2.005400000000000000e+04
1.875768029936740466e-02, 2.456000000000000000e+04
1.878265723718280586e-02, 2.717800000000000000e+04
1.880763417499821052e-02, 2.837600000000000000e+04
1.883261111281361172e-02, 2.689600000000000000e+04
1.885758805062901292e-02, 2.259600000000000000e+04
1.888256498844441758e-02, 1.778000000000000000e+04
1.890754192625981878e-02, 1.228100000000000000e+04
1.893251886407522344e-02, 7.326000000000000000e+03
1.895749580189062464e-02, 4.496000000000000000e+03
1.898247273970602930e-02, 3.936000000000000000e+03
1.900744967752143050e-02, 6.211000000000000000e+03
1.903242661533683169e-02, 1.052000000000000000e+04
1.905740355315223636e-02, 1.604300000000000000e+04
1.908238049096763755e-02, 2.118100000000000000e+04
1.910735742878304222e-02, 2.608000000000000000e+04
1.913233436659844341e-02, 2.870500000000000000e+04
1.915731130441384808e-02, 2.811600000000000000e+04
1.918228824222924928e-02, 2.632800000000000000e+04
1.920726518004465047e-02, 2.168500000000000000e+04
1.923224211786005514e-02, 1.682600000000000000e+04
1.925721905567545633e-02, 1.154100000000000000e+04
1.928219599349086100e-02, 6.484000000000000000e+03
1.930717293130626219e-02, 4.218000000000000000e+03
1.933214986912166686e-02, 4.113000000000000000e+03
1.935712680693706805e-02, 7.378000000000000000e+03
1.938210374475246925e-02, 1.177900000000000000e+04
1.940708068256787391e-02, 1.692900000000000000e+04
1.943205762038327511e-02, 2.206000000000000000e+04
1.945703455819867977e-02, 2.649900000000000000e+04
1.948201149601408097e-02, 2.899500000000000000e+04
1.950698843382948564e-02, 2.802900000000000000e+04
1.953196537164488683e-02, 2.506900000000000000e+04
1.955694230946028803e-02, 2.057600000000000000e+04
1.958191924727569269e-02, 1.499300000000000000e+04
1.960689618509109389e-02, 9.796000000000000000e+03
1.963187312290649855e-02, 6.326000000000000000e+03
1.965685006072189975e-02, 4.305000000000000000e+03
1.968182699853730094e-02, 5.714000000000000000e+03
1.970680393635270561e-02, 8.313000000000000000e+03
1.973178087416810680e-02, 1.318000000000000000e+04
1.975675781198351147e-02, 1.840500000000000000e+04
1.978173474979891266e-02, 2.323700000000000000e+04
1.980671168761431733e-02, 2.671800000000000000e+04
1.983168862542971853e-02, 2.877500000000000000e+04
1.985666556324511972e-02, 2.744900000000000000e+04
1.988164250106052439e-02, 2.397500000000000000e+04
1.990661943887592558e-02, 1.911200000000000000e+04
1.993159637669133025e-02, 1.295500000000000000e+04
1.995657331450673144e-02, 8.260000000000000000e+03
1.998155025232213611e-02, 5.559000000000000000e+03
2.000652719013753730e-02, 4.333000000000000000e+03
2.003150412795293850e-02, 5.841000000000000000e+03
2.005648106576834316e-02, 9.158000000000000000e+03
2.008145800358374436e-02, 1.478900000000000000e+04
2.010643494139914902e-02, 2.033100000000000000e+04
2.013141187921455022e-02, 2.510100000000000000e+04
2.015638881702995489e-02, 2.781600000000000000e+04
2.018136575484535608e-02, 2.845700000000000000e+04
2.020634269266075728e-02, 2.658900000000000000e+04
2.023131963047616194e-02, 2.240100000000000000e+04
2.025629656829156314e-02, 1.717300000000000000e+04
2.028127350610696780e-02, 1.246300000000000000e+04
2.030625044392236900e-02, 7.379000000000000000e+03
2.033122738173777366e-02, 4.598000000000000000e+03
2.035620431955317486e-02, 4.162000000000000000e+03
2.038118125736857605e-02, 6.639000000000000000e+03
2.040615819518398072e-02, 1.081300000000000000e+04
2.043113513299938191e-02, 1.597000000000000000e+04
2.045611207081478658e-02, 2.135200000000000000e+04
2.048108900863018778e-02, 2.644200000000000000e+04
2.050606594644558897e-02, 2.858700000000000000e+04
2.053104288426099364e-02, 2.835600000000000000e+04
2.055601982207639483e-02, 2.629500000000000000e+04
2.058099675989179950e-02, 2.110300000000000000e+04
2.060597369770720069e-02, 1.617200000000000000e+04
2.063095063552260536e-02, 1.095600000000000000e+04
2.065592757333800655e-02, 6.349000000000000000e+03
2.068090451115340775e-02, 3.977000000000000000e+03
2.070588144896881241e-02, 4.470000000000000000e+03
2.073085838678421361e-02, 7.825000000000000000e+03
2.075583532459961827e-02, 1.225300000000000000e+04
2.078081226241501947e-02, 1.713900000000000000e+04
2.080578920023042414e-02, 2.208100000000000000e+04
2.083076613804582533e-02, 2.627800000000000000e+04
2.085574307586122653e-02, 2.867100000000000000e+04
2.088072001367663119e-02, 2.801200000000000000e+04
2.090569695149203239e-02, 2.484500000000000000e+04
2.093067388930743705e-02, 2.049900000000000000e+04
2.095565082712283825e-02, 1.456500000000000000e+04
2.098062776493824291e-02, 9.546000000000000000e+03
2.100560470275364411e-02, 6.154000000000000000e+03
2.103058164056904530e-02, 3.981000000000000000e+03
2.105555857838444997e-02, 5.638000000000000000e+03
2.108053551619985116e-02, 8.065000000000000000e+03
2.110551245401525583e-02, 1.362700000000000000e+04
2.113048939183065703e-02, 1.904500000000000000e+04
2.115546632964606169e-02, 2.396200000000000000e+04
2.118044326746146289e-02, 2.675200000000000000e+04
2.120542020527686408e-02, 2.835900000000000000e+04
2.123039714309226875e-02, 2.706700000000000000e+04
2.125537408090766994e-02, 2.380400000000000000e+04
2.128035101872307461e-02, 1.826700000000000000e+04
2.130532795653847580e-02, 1.244300000000000000e+04
2.133030489435388047e-02, 8.192000000000000000e+03
2.135528183216928166e-02, 5.359000000000000000e+03
2.138025876998468286e-02, 4.160000000000000000e+03
2.140523570780008752e-02, 5.909000000000000000e+03
2.143021264561548872e-02, 9.482000000000000000e+03
2.145518958343089339e-02, 1.500500000000000000e+04
2.148016652124629458e-02, 2.069800000000000000e+04
2.150514345906169578e-02, 2.524000000000000000e+04
2.153012039687710044e-02, 2.844400000000000000e+04
2.155509733469250164e-02, 2.816000000000000000e+04
2.158007427250790630e-02, 2.659600000000000000e+04
2.160505121032330750e-02, 2.232100000000000000e+04
2.163002814813871216e-02, 1.671400000000000000e+04
2.165500508595411336e-02, 1.173800000000000000e+04
2.167998202376951455e-02, 6.968000000000000000e+03
2.170495896158491922e-02, 4.647000000000000000e+03
2.172993589940032041e-02, 4.316000000000000000e+03
2.175491283721572508e-02, 6.842000000000000000e+03
2.177988977503112628e-02, 1.134500000000000000e+04
2.180486671284653094e-02, 1.596100000000000000e+04
2.182984365066193214e-02, 2.165100000000000000e+04
2.185482058847733333e-02, 2.626400000000000000e+04
2.187979752629273800e-02, 2.875600000000000000e+04
2.190477446410813919e-02, 2.817600000000000000e+04
2.192975140192354386e-02, 2.592900000000000000e+04
2.195472833973894505e-02, 2.069600000000000000e+04
2.197970527755434972e-02, 1.605100000000000000e+04
2.200468221536975091e-02, 1.049700000000000000e+04
2.202965915318515211e-02, 6.346000000000000000e+03
2.205463609100055677e-02, 4.245000000000000000e+03
2.207961302881595797e-02, 4.693000000000000000e+03
2.210458996663136264e-02, 7.716000000000000000e+03
2.212956690444676383e-02, 1.262300000000000000e+04
2.215454384226216850e-02, 1.762600000000000000e+04
2.217952078007756969e-02, 2.277700000000000000e+04
2.220449771789297089e-02, 2.627200000000000000e+04
2.222947465570837555e-02, 2.849000000000000000e+04
2.225445159352377675e-02, 2.767600000000000000e+04
2.227942853133918141e-02, 2.414700000000000000e+04
2.230440546915458261e-02, 2.003400000000000000e+04
2.232938240696998380e-02, 1.397800000000000000e+04
2.235435934478538847e-02, 9.230000000000000000e+03
2.237933628260078966e-02, 5.559000000000000000e+03
2.240431322041619433e-02, 3.812000000000000000e+03
2.242929015823159553e-02, 5.678000000000000000e+03
2.245426709604700019e-02, 8.467000000000000000e+03
2.247924403386240139e-02, 1.412900000000000000e+04
2.250422097167780258e-02, 1.943500000000000000e+04
2.252919790949320725e-02, 2.420200000000000000e+04
2.255417484730860844e-02, 2.671600000000000000e+04
2.257915178512401311e-02, 2.819000000000000000e+04
2.260412872293941430e-02, 2.703600000000000000e+04
2.262910566075481897e-02, 2.327600000000000000e+04
2.265408259857022016e-02, 1.791800000000000000e+04
2.267905953638562136e-02, 1.227700000000000000e+04
2.270403647420102602e-02, 7.642000000000000000e+03
2.272901341201642722e-02, 4.879000000000000000e+03
2.275399034983183189e-02, 3.886000000000000000e+03
2.277896728764723308e-02, 6.171000000000000000e+03
2.280394422546263775e-02, 9.846000000000000000e+03
2.282892116327803894e-02, 1.537500000000000000e+04
2.285389810109344014e-02, 2.108000000000000000e+04
2.287887503890884480e-02, 2.585700000000000000e+04
2.290385197672424600e-02, 2.878000000000000000e+04
2.292882891453965066e-02, 2.804900000000000000e+04
2.295380585235505186e-02, 2.656300000000000000e+04
2.297878279017045652e-02, 2.205000000000000000e+04
2.300375972798585772e-02, 1.690100000000000000e+04
2.302873666580125891e-02, 1.141000000000000000e+04
2.305371360361666358e-02, 6.888000000000000000e+03
2.307869054143206478e-02, 4.587000000000000000e+03
2.310366747924746944e-02, 4.139000000000000000e+03
2.312864441706287064e-02, 7.067000000000000000e+03
2.315362135487827183e-02, 1.178800000000000000e+04
2.317859829269367650e-02, 1.618900000000000000e+04
2.320357523050907769e-02, 2.161500000000000000e+04
2.322855216832448236e-02, 2.629700000000000000e+04
2.325352910613988355e-02, 2.888300000000000000e+04
2.327850604395528822e-02, 2.794500000000000000e+04
2.330348298177068941e-02, 2.529800000000000000e+04
2.332845991958609061e-02, 2.101100000000000000e+04
2.335343685740149527e-02, 1.566000000000000000e+04
2.337841379521689647e-02, 1.015300000000000000e+04
2.340339073303230114e-02, 6.309000000000000000e+03
2.342836767084770233e-02, 4.402000000000000000e+03
2.345334460866310700e-02, 5.285000000000000000e+03
2.347832154647850819e-02, 7.743000000000000000e+03
2.350329848429390939e-02, 1.336400000000000000e+04
2.352827542210931405e-02, 1.790100000000000000e+04
2.355325235992471525e-02, 2.305300000000000000e+04
2.357822929774011991e-02, 2.646000000000000000e+04
2.360320623555552111e-02, 2.872100000000000000e+04
2.362818317337092577e-02, 2.765900000000000000e+04
2.365316011118632697e-02, 2.437600000000000000e+04
2.367813704900172816e-02, 1.964700000000000000e+04
2.370311398681713283e-02, 1.355000000000000000e+04
2.372809092463253403e-02, 8.692000000000000000e+03
2.375306786244793869e-02, 5.416000000000000000e+03
2.377804480026333989e-02, 4.180000000000000000e+03
2.380302173807874455e-02, 5.911000000000000000e+03
2.382799867589414575e-02, 8.624000000000000000e+03
2.385297561370954694e-02, 1.426200000000000000e+04
2.387795255152495161e-02, 1.998800000000000000e+04
2.390292948934035280e-02, 2.457100000000000000e+04
2.392790642715575747e-02, 2.717800000000000000e+04
2.395288336497115866e-02, 2.837600000000000000e+04
2.397786030278655986e-02, 2.689600000000000000e+04
2.400283724060196452e-02, 2.259600000000000000e+04
2.402781417841736572e-02, 1.780200000000000000e+04
2.405279111623277039e-02, 1.228100000000000000e+04
2.407776805404817158e-02, 7.345000000000000000e+03
2.410274499186357625e-02, 4.492000000000000000e+03
2.412772192967897744e-02, 3.936000000000000000e+03
2.415269886749437864e-02, 6.211000000000000000e+03
2.417767580530978330e-02, 1.052000000000000000e+04
2.420265274312518450e-02, 1.576600000000000000e+04
2.422762968094058916e-02, 2.114000000000000000e+04
2.425260661875599036e-02, 2.608000000000000000e+04
2.427758355657139502e-02, 2.831700000000000000e+04
2.430256049438679622e-02, 2.811100000000000000e+04
2.432753743220219741e-02, 2.632800000000000000e+04
2.435251437001760208e-02, 2.160700000000000000e+04
2.437749130783300328e-02, 1.682500000000000000e+04
2.440246824564840794e-02, 1.156800000000000000e+04
2.442744518346380914e-02, 6.486000000000000000e+03
2.445242212127921380e-02, 4.218000000000000000e+03
2.447739905909461500e-02, 4.113000000000000000e+03
2.450237599691001619e-02, 7.378000000000000000e+03
2.452735293472542086e-02, 1.181700000000000000e+04
2.455232987254082205e-02, 1.692500000000000000e+04
2.457730681035622672e-02, 2.206000000000000000e+04
2.460228374817162791e-02, 2.653500000000000000e+04
2.462726068598703258e-02, 2.899500000000000000e+04
2.465223762380243377e-02, 2.802900000000000000e+04
2.467721456161783497e-02, 2.506900000000000000e+04
2.470219149943323964e-02, 2.057600000000000000e+04
2.472716843724864083e-02, 1.541400000000000000e+04
2.475214537506404550e-02, 9.802000000000000000e+03
2.477712231287944669e-02, 6.326000000000000000e+03
2.480209925069485136e-02, 4.410000000000000000e+03
2.482707618851025255e-02, 5.715000000000000000e+03
2.485205312632565375e-02, 7.762000000000000000e+03
2.487703006414105841e-02, 1.316800000000000000e+04
2.490200700195645961e-02, 1.840500000000000000e+04
2.492698393977186427e-02, 2.339500000000000000e+04
2.495196087758726547e-02, 2.671900000000000000e+04
2.497693781540266666e-02, 2.877500000000000000e+04
2.500191475321807133e-02, 2.744900000000000000e+04
2.502689169103347253e-02, 2.397500000000000000e+04
2.505186862884887719e-02, 1.915000000000000000e+04
2.507684556666427839e-02, 1.295600000000000000e+04
2.510182250447968305e-02, 8.382000000000000000e+03
2.512679944229508425e-02, 5.550000000000000000e+03
2.515177638011048544e-02, 4.332000000000000000e+03
2.517675331792589011e-02, 6.335000000000000000e+03
2.520173025574129130e-02, 9.166000000000000000e+03
2.522670719355669597e-02, 1.478900000000000000e+04
2.525168413137209716e-02, 2.035000000000000000e+04
2.527666106918750183e-02, 2.510200000000000000e+04
2.530163800700290302e-02, 2.782200000000000000e+04
2.532661494481830422e-02, 2.846000000000000000e+04
2.535159188263370889e-02, 2.658900000000000000e+04
2.537656882044911008e-02, 2.243000000000000000e+04
2.540154575826451475e-02, 1.717300000000000000e+04
2.542652269607991594e-02, 1.238400000000000000e+04
2.545149963389532061e-02, 7.385000000000000000e+03
2.547647657171072180e-02, 4.598000000000000000e+03
2.550145350952612300e-02, 4.162000000000000000e+03
2.552643044734152766e-02, 6.639000000000000000e+03
2.555140738515692886e-02, 1.091200000000000000e+04
2.557638432297233352e-02, 1.603400000000000000e+04
2.560136126078773472e-02, 2.135300000000000000e+04
2.562633819860313938e-02, 2.648400000000000000e+04
2.565131513641854058e-02, 2.858800000000000000e+04
2.567629207423394178e-02, 2.835600000000000000e+04
2.570126901204934644e-02, 2.629500000000000000e+04
2.572624594986474764e-02, 2.110300000000000000e+04
2.575122288768015230e-02, 1.674400000000000000e+04
2.577619982549555350e-02, 1.097100000000000000e+04
2.580117676331095469e-02, 6.349000000000000000e+03
2.582615370112635936e-02, 4.208000000000000000e+03
2.585113063894176055e-02, 4.472000000000000000e+03
2.587610757675716522e-02, 7.389000000000000000e+03
2.590108451457256641e-02, 1.222200000000000000e+04
2.592606145238797108e-02, 1.713900000000000000e+04
2.595103839020337227e-02, 2.199600000000000000e+04
2.597601532801877347e-02, 2.627600000000000000e+04
2.600099226583417814e-02, 2.867100000000000000e+04
2.602596920364957933e-02, 2.801200000000000000e+04
2.605094614146498400e-02, 2.484500000000000000e+04
2.607592307928038519e-02, 1.999300000000000000e+04
2.610090001709578986e-02, 1.455600000000000000e+04
2.612587695491119105e-02, 9.546000000000000000e+03
2.615085389272659225e-02, 6.025000000000000000e+03
2.617583083054199691e-02, 3.980000000000000000e+03
2.620080776835739811e-02, 6.182000000000000000e+03
2.622578470617280277e-02, 8.087000000000000000e+03
2.625076164398820397e-02, 1.362800000000000000e+04
2.627573858180360863e-02, 1.907900000000000000e+04
2.630071551961900983e-02, 2.396200000000000000e+04
2.632569245743441103e-02, 2.663500000000000000e+04
2.635066939524981569e-02, 2.836600000000000000e+04
2.637564633306521689e-02, 2.706700000000000000e+04
2.640062327088062155e-02, 2.384700000000000000e+04
2.642560020869602275e-02, 1.826800000000000000e+04
2.645057714651142741e-02, 1.244300000000000000e+04
2.647555408432682861e-02, 8.205000000000000000e+03
2.650053102214222980e-02, 5.359000000000000000e+03
2.652550795995763447e-02, 4.160000000000000000e+03
2.655048489777303566e-02, 5.909000000000000000e+03
2.657546183558844033e-02, 9.482000000000000000e+03
2.660043877340384152e-02, 1.503000000000000000e+04
2.662541571121924272e-02, 2.069800000000000000e+04
2.665039264903464739e-02, 2.579300000000000000e+04
2.667536958685004858e-02, 2.846500000000000000e+04
2.670034652466545325e-02, 2.816000000000000000e+04
2.672532346248085444e-02, 2.659600000000000000e+04
2.675030040029625911e-02, 2.232100000000000000e+04
2.677527733811166030e-02, 1.699100000000000000e+04
2.680025427592706150e-02, 1.178000000000000000e+04
2.682523121374246616e-02, 6.969000000000000000e+03
2.685020815155786736e-02, 5.079000000000000000e+03
2.687518508937327202e-02, 4.322000000000000000e+03
2.690016202718867322e-02, 6.842000000000000000e+03
2.692513896500407788e-02, 1.126700000000000000e+04
2.695011590281947908e-02, 1.596100000000000000e+04
2.697509284063488028e-02, 2.108000000000000000e+04
2.700006977845028494e-02, 2.624900000000000000e+04
2.702504671626568614e-02, 2.875600000000000000e+04
2.705002365408109080e-02, 2.817600000000000000e+04
2.707500059189649200e-02, 2.592900000000000000e+04
2.709997752971189666e-02, 2.076100000000000000e+04
2.712495446752729786e-02, 1.604500000000000000e+04
2.714993140534269905e-02, 1.049700000000000000e+04
2.717490834315810372e-02, 6.071000000000000000e+03
2.719988528097350491e-02, 4.242000000000000000e+03
2.722486221878890958e-02, 4.759000000000000000e+03
2.724983915660431077e-02, 7.773000000000000000e+03
2.727481609441971544e-02, 1.262300000000000000e+04
2.729979303223511664e-02, 1.766900000000000000e+04
2.732476997005051783e-02, 2.277900000000000000e+04
2.734974690786592250e-02, 2.627200000000000000e+04
2.737472384568132369e-02, 2.859500000000000000e+04
2.739970078349672836e-02, 2.767700000000000000e+04
2.742467772131212955e-02, 2.471600000000000000e+04
2.744965465912753422e-02, 2.004800000000000000e+04
2.747463159694293541e-02, 1.397800000000000000e+04
2.749960853475833661e-02, 9.199000000000000000e+03
2.752458547257374127e-02, 5.558000000000000000e+03
2.754956241038914247e-02, 3.812000000000000000e+03
2.757453934820454713e-02, 5.678000000000000000e+03
2.759951628601994833e-02, 8.467000000000000000e+03
2.762449322383534953e-02, 1.417000000000000000e+04
2.764947016165075419e-02, 1.943600000000000000e+04
2.767444709946615539e-02, 2.429500000000000000e+04
2.769942403728156005e-02, 2.677000000000000000e+04
2.772440097509696125e-02, 2.819100000000000000e+04
2.774937791291236591e-02, 2.650600000000000000e+04
2.777435485072776711e-02, 2.326600000000000000e+04
2.779933178854316830e-02, 1.791800000000000000e+04
2.782430872635857297e-02, 1.213700000000000000e+04
2.784928566417397416e-02, 7.641000000000000000e+03
2.787426260198937883e-02, 4.892000000000000000e+03
2.789923953980478002e-02, 3.883000000000000000e+03
2.792421647762018469e-02, 6.171000000000000000e+03
2.794919341543558589e-02, 9.846000000000000000e+03
2.797417035325098708e-02, 1.537500000000000000e+04
2.799914729106639175e-02, 2.077400000000000000e+04
2.802412422888179294e-02, 2.581800000000000000e+04
2.804910116669719761e-02, 2.878000000000000000e+04
2.807407810451259880e-02, 2.804900000000000000e+04
2.809905504232800347e-02, 2.656300000000000000e+04
2.812403198014340466e-02, 2.207300000000000000e+04
2.814900891795880586e-02, 1.697700000000000000e+04
2.817398585577421052e-02, 1.141100000000000000e+04
2.819896279358961172e-02, 6.404000000000000000e+03
2.822393973140501638e-02, 4.580000000000000000e+03
2.824891666922041758e-02, 4.139000000000000000e+03
2.827389360703582225e-02, 7.043000000000000000e+03
2.829887054485122344e-02, 1.178800000000000000e+04
2.832384748266662464e-02, 1.622100000000000000e+04
2.834882442048202930e-02, 2.161100000000000000e+04
2.837380135829743050e-02, 2.629700000000000000e+04
2.839877829611283516e-02, 2.911500000000000000e+04
2.842375523392823636e-02, 2.794700000000000000e+04
2.844873217174363755e-02, 2.563300000000000000e+04
2.847370910955904222e-02, 2.104900000000000000e+04
2.849868604737444341e-02, 1.566000000000000000e+04
2.852366298518984808e-02, 1.011000000000000000e+04
2.854863992300524927e-02, 6.308000000000000000e+03
2.857361686082065394e-02, 4.402000000000000000e+03
2.859859379863605514e-02, 5.285000000000000000e+03
2.862357073645145633e-02, 7.743000000000000000e+03
2.864854767426686100e-02, 1.283000000000000000e+04
2.867352461208226219e-02, 1.789000000000000000e+04
2.869850154989766686e-02, 2.305300000000000000e+04
2.872347848771306805e-02, 2.659000000000000000e+04
2.874845542552847272e-02, 2.872100000000000000e+04
2.877343236334387391e-02, 2.716700000000000000e+04
2.879840930115927511e-02, 2.435000000000000000e+04
2.882338623897467977e-02, 1.964700000000000000e+04
2.884836317679008097e-02, 1.325500000000000000e+04
2.887334011460548563e-02, 8.689000000000000000e+03
2.889831705242088683e-02, 5.540000000000000000e+03
2.892329399023629150e-02, 4.171000000000000000e+03
2.894827092805169269e-02, 5.911000000000000000e+03
2.897324786586709389e-02, 8.624000000000000000e+03
2.899822480368249855e-02, 1.426200000000000000e+04
2.902320174149789975e-02, 1.998800000000000000e+04
2.904817867931330441e-02, 2.447500000000000000e+04
2.907315561712870561e-02, 2.717700000000000000e+04
2.909813255494411027e-02, 2.837600000000000000e+04
2.912310949275951147e-02, 2.689600000000000000e+04
2.914808643057491266e-02, 2.259600000000000000e+04
2.917306336839031733e-02, 1.783000000000000000e+04
2.919804030620571852e-02, 1.228100000000000000e+04
2.922301724402112319e-02, 7.345000000000000000e+03
2.924799418183652439e-02, 4.492000000000000000e+03
2.927297111965192558e-02, 3.936000000000000000e+03
2.929794805746733025e-02, 6.171000000000000000e+03
2.932292499528273144e-02, 1.051900000000000000e+04
2.934790193309813611e-02, 1.587600000000000000e+04
2.937287887091353730e-02, 2.113000000000000000e+04
2.939785580872894197e-02, 2.608000000000000000e+04
2.942283274654434316e-02, 2.874800000000000000e+04
2.944780968435974436e-02, 2.811700000000000000e+04
2.947278662217514902e-02, 2.632800000000000000e+04
2.949776355999055022e-02, 2.170000000000000000e+04
2.952274049780595488e-02, 1.682600000000000000e+04
2.954771743562135608e-02, 1.099700000000000000e+04
2.957269437343676075e-02, 6.471000000000000000e+03
2.959767131125216194e-02, 4.218000000000000000e+03
2.962264824906756314e-02, 4.113000000000000000e+03
2.964762518688296780e-02, 7.378000000000000000e+03
2.967260212469836900e-02, 1.191100000000000000e+04
2.969757906251377366e-02, 1.691900000000000000e+04
2.972255600032917486e-02, 2.206000000000000000e+04
2.974753293814457952e-02, 2.653500000000000000e+04
2.977250987595998072e-02, 2.899500000000000000e+04
2.979748681377538191e-02, 2.802900000000000000e+04
2.982246375159078658e-02, 2.500100000000000000e+04
2.984744068940618777e-02, 2.057600000000000000e+04
2.987241762722159244e-02, 1.544800000000000000e+04
2.989739456503699364e-02, 9.804000000000000000e+03
2.992237150285239830e-02, 6.326000000000000000e+03
2.994734844066779950e-02, 4.285000000000000000e+03
2.997232537848320069e-02, 5.714000000000000000e+03
2.999730231629860536e-02, 8.315000000000000000e+03
3.002227925411400655e-02, 1.318900000000000000e+04
3.004725619192941122e-02, 1.840500000000000000e+04
3.007223312974481241e-02, 2.342900000000000000e+04
3.009721006756021361e-02, 2.672000000000000000e+04
3.012218700537561827e-02, 2.877500000000000000e+04
3.014716394319101947e-02, 2.744900000000000000e+04
3.017214088100642413e-02, 2.397500000000000000e+04
3.019711781882182533e-02, 1.919300000000000000e+04
3.022209475663723000e-02, 1.295700000000000000e+04
3.024707169445263119e-02, 8.382000000000000000e+03
3.027204863226803239e-02, 5.550000000000000000e+03
3.029702557008343705e-02, 4.332000000000000000e+03
3.032200250789883825e-02, 5.805000000000000000e+03
3.034697944571424291e-02, 9.156000000000000000e+03
3.037195638352964411e-02, 1.478900000000000000e+04
3.039693332134504877e-02, 2.021000000000000000e+04
3.042191025916044997e-02, 2.510100000000000000e+04
3.044688719697585116e-02, 2.782200000000000000e+04
3.047186413479125583e-02, 2.846000000000000000e+04
3.049684107260665702e-02, 2.658900000000000000e+04
3.052181801042206169e-02, 2.215500000000000000e+04
3.054679494823746289e-02, 1.717100000000000000e+04
3.057177188605286755e-02, 1.207700000000000000e+04
3.059674882386826875e-02, 7.346000000000000000e+03
3.062172576168366994e-02, 4.598000000000000000e+03
3.064670269949907461e-02, 4.626000000000000000e+03
3.067167963731447580e-02, 6.646000000000000000e+03
3.069665657512988047e-02, 1.091200000000000000e+04
3.072163351294528166e-02, 1.594600000000000000e+04
3.074661045076068633e-02, 2.135200000000000000e+04
3.077158738857608752e-02, 2.648400000000000000e+04
3.079656432639148872e-02, 2.858800000000000000e+04
3.082154126420689338e-02, 2.835600000000000000e+04
3.084651820202229458e-02, 2.632100000000000000e+04
3.087149513983769925e-02, 2.110300000000000000e+04
3.089647207765310044e-02, 1.668600000000000000e+04
3.092144901546850511e-02, 1.097600000000000000e+04
3.094642595328390630e-02, 6.349000000000000000e+03
3.097140289109930750e-02, 3.942000000000000000e+03
3.099637982891471216e-02, 4.469000000000000000e+03
3.102135676673011336e-02, 7.482000000000000000e+03
3.104633370454551802e-02, 1.227600000000000000e+04
3.107131064236091922e-02, 1.713900000000000000e+04
3.109628758017632041e-02, 2.244900000000000000e+04
3.112126451799172508e-02, 2.628300000000000000e+04
3.114624145580712627e-02, 2.867100000000000000e+04
3.117121839362253094e-02, 2.789300000000000000e+04
3.119619533143793214e-02, 2.484400000000000000e+04
3.122117226925333680e-02, 2.055900000000000000e+04
3.124614920706873800e-02, 1.457000000000000000e+04
3.127112614488414266e-02, 9.546000000000000000e+03
3.129610308269954039e-02, 6.025000000000000000e+03
3.132108002051494505e-02, 3.980000000000000000e+03
3.134605695833034972e-02, 5.689000000000000000e+03
3.137103389614575438e-02, 8.060000000000000000e+03
3.139601083396115211e-02, 1.362700000000000000e+04
3.142098777177655677e-02, 1.916200000000000000e+04
3.144596470959196144e-02, 2.396400000000000000e+04
3.147094164740735917e-02, 2.663500000000000000e+04
3.149591858522276383e-02, 2.836600000000000000e+04
3.152089552303816850e-02, 2.706700000000000000e+04
3.154587246085357316e-02, 2.388400000000000000e+04
3.157084939866897089e-02, 1.827000000000000000e+04
3.159582633648437555e-02, 1.244300000000000000e+04
3.162080327429978022e-02, 8.109000000000000000e+03
3.164578021211517794e-02, 5.358000000000000000e+03
3.167075714993058261e-02, 4.725000000000000000e+03
3.169573408774598727e-02, 5.929000000000000000e+03
3.172071102556139194e-02, 9.482000000000000000e+03
3.174568796337678966e-02, 1.483000000000000000e+04
3.177066490119219433e-02, 2.069600000000000000e+04
3.179564183900759899e-02, 2.579300000000000000e+04
3.182061877682299672e-02, 2.846500000000000000e+04
3.184559571463840139e-02, 2.816000000000000000e+04
3.187057265245380605e-02, 2.663800000000000000e+04
3.189554959026921072e-02, 2.232100000000000000e+04
3.192052652808460844e-02, 1.694800000000000000e+04
3.194550346590001311e-02, 1.170700000000000000e+04
3.197048040371541777e-02, 6.968000000000000000e+03
3.199545734153081550e-02, 4.605000000000000000e+03
3.202043427934622016e-02, 4.314000000000000000e+03
3.204541121716162483e-02, 6.842000000000000000e+03
3.207038815497702949e-02, 1.124500000000000000e+04
3.209536509279242722e-02, 1.596000000000000000e+04
3.212034203060783188e-02, 2.164800000000000000e+04
3.214531896842323655e-02, 2.626700000000000000e+04
3.217029590623863428e-02, 2.875600000000000000e+04
3.219527284405403894e-02, 2.791900000000000000e+04
3.222024978186944361e-02, 2.592700000000000000e+04
3.224522671968484827e-02, 2.112500000000000000e+04
3.227020365750024600e-02, 1.608100000000000000e+04
3.229518059531565066e-02, 1.049700000000000000e+04
3.232015753313105533e-02, 6.071000000000000000e+03
3.234513447094645305e-02, 4.242000000000000000e+03
3.237011140876185772e-02, 4.759000000000000000e+03
3.239508834657726238e-02, 7.705000000000000000e+03
3.242006528439266011e-02, 1.262300000000000000e+04
3.244504222220806477e-02, 1.716600000000000000e+04
3.247001916002346944e-02, 2.277000000000000000e+04
3.249499609783887411e-02, 2.627200000000000000e+04
3.251997303565427183e-02, 2.859500000000000000e+04
3.254494997346967650e-02, 2.767700000000000000e+04
3.256992691128508116e-02, 2.467200000000000000e+04
3.259490384910047889e-02, 2.005200000000000000e+04
3.261988078691588355e-02, 1.397800000000000000e+04
3.264485772473128822e-02, 9.199000000000000000e+03
3.266983466254669288e-02, 5.558000000000000000e+03
3.269481160036209061e-02, 3.964000000000000000e+03
3.271978853817749527e-02, 5.727000000000000000e+03
3.274476547599289994e-02, 8.468000000000000000e+03
3.276974241380829767e-02, 1.378100000000000000e+04
3.279471935162370233e-02, 1.943100000000000000e+04
3.281969628943910700e-02, 2.429500000000000000e+04
3.284467322725451166e-02, 2.677000000000000000e+04
3.286965016506990939e-02, 2.819100000000000000e+04
3.289462710288531405e-02, 2.706300000000000000e+04
3.291960404070071872e-02, 2.327900000000000000e+04
3.294458097851611644e-02, 1.791800000000000000e+04
3.296955791633152111e-02, 1.211000000000000000e+04
3.299453485414692577e-02, 7.641000000000000000e+03
3.301951179196233044e-02, 4.892000000000000000e+03
3.304448872977772816e-02, 3.883000000000000000e+03
3.306946566759313283e-02, 6.171000000000000000e+03
3.309444260540853749e-02, 9.808000000000000000e+03
3.311941954322393522e-02, 1.537500000000000000e+04
3.314439648103933989e-02, 2.095700000000000000e+04
3.316937341885474455e-02, 2.586500000000000000e+04
3.319435035667014922e-02, 2.878000000000000000e+04
3.321932729448554694e-02, 2.758500000000000000e+04
3.324430423230095161e-02, 2.655700000000000000e+04
3.326928117011635627e-02, 2.207300000000000000e+04
3.329425810793175400e-02, 1.697700000000000000e+04
3.331923504574715866e-02, 1.141100000000000000e+04
3.334421198356256333e-02, 6.976000000000000000e+03
3.336918892137796799e-02, 4.597000000000000000e+03
3.339416585919336572e-02, 4.140000000000000000e+03
3.341914279700877038e-02, 7.043000000000000000e+03
3.344411973482417505e-02, 1.178800000000000000e+04
3.346909667263957278e-02, 1.660900000000000000e+04
3.349407361045497744e-02, 2.164500000000000000e+04
3.351905054827038211e-02, 2.629700000000000000e+04
3.354402748608578677e-02, 2.911500000000000000e+04
3.356900442390118450e-02, 2.794700000000000000e+04
3.359398136171658916e-02, 2.554900000000000000e+04
3.361895829953199383e-02, 2.105900000000000000e+04
3.364393523734739155e-02, 1.566000000000000000e+04
3.366891217516279622e-02, 1.063900000000000000e+04
3.369388911297820088e-02, 6.318000000000000000e+03
3.371886605079360555e-02, 4.402000000000000000e+03
3.374384298860900327e-02, 5.263000000000000000e+03
3.376881992642440794e-02, 7.742000000000000000e+03
3.379379686423981261e-02, 1.339000000000000000e+04
3.381877380205521033e-02, 1.791000000000000000e+04
3.384375073987061500e-02, 2.305300000000000000e+04
3.386872767768601966e-02, 2.659000000000000000e+04
3.389370461550142433e-02, 2.872100000000000000e+04
3.391868155331682205e-02, 2.758000000000000000e+04
3.394365849113222672e-02, 2.438200000000000000e+04
3.396863542894763138e-02, 1.964700000000000000e+04
3.399361236676302911e-02, 1.321200000000000000e+04
3.401858930457843377e-02, 8.688000000000000000e+03
3.404356624239383844e-02, 5.540000000000000000e+03
3.406854318020923617e-02, 4.171000000000000000e+03
3.409352011802464083e-02, 5.911000000000000000e+03
3.411849705584004550e-02, 8.587000000000000000e+03
3.414347399365545016e-02, 1.426000000000000000e+04
3.416845093147084789e-02, 1.998800000000000000e+04
3.419342786928625255e-02, 2.443100000000000000e+04
3.421840480710165722e-02, 2.717700000000000000e+04
3.424338174491705494e-02, 2.834500000000000000e+04
3.426835868273245961e-02, 2.690000000000000000e+04
3.429333562054786427e-02, 2.259600000000000000e+04
3.431831255836326894e-02, 1.783000000000000000e+04
3.434328949617866666e-02, 1.228100000000000000e+04
3.436826643399407133e-02, 7.560000000000000000e+03
3.439324337180947599e-02, 4.537000000000000000e+03
3.441822030962487372e-02, 3.936000000000000000e+03
3.444319724744027839e-02, 6.171000000000000000e+03
3.446817418525568305e-02, 1.051900000000000000e+04
3.449315112307108772e-02, 1.587600000000000000e+04
3.451812806088648544e-02, 2.121500000000000000e+04
3.454310499870189011e-02, 2.608000000000000000e+04
3.456808193651729477e-02, 2.874800000000000000e+04
3.459305887433269250e-02, 2.811700000000000000e+04
3.461803581214809716e-02, 2.632800000000000000e+04
3.464301274996350183e-02, 2.172200000000000000e+04
3.466798968777890649e-02, 1.682600000000000000e+04
3.469296662559430422e-02, 1.149000000000000000e+04
3.471794356340970888e-02, 6.498000000000000000e+03
3.474292050122511355e-02, 4.218000000000000000e+03
3.476789743904051128e-02, 4.075000000000000000e+03
3.479287437685591594e-02, 7.378000000000000000e+03
3.481785131467132061e-02, 1.203200000000000000e+04
3.484282825248672527e-02, 1.697000000000000000e+04
3.486780519030212300e-02, 2.206000000000000000e+04
3.489278212811752766e-02, 2.653500000000000000e+04
3.491775906593293233e-02, 2.899500000000000000e+04
3.494273600374833005e-02, 2.802900000000000000e+04
3.496771294156373472e-02, 2.508200000000000000e+04
3.499268987937913938e-02, 2.057600000000000000e+04
3.501766681719454405e-02, 1.488700000000000000e+04
3.504264375500994178e-02, 9.791000000000000000e+03
3.506762069282534644e-02, 6.326000000000000000e+03
3.509259763064075111e-02, 4.285000000000000000e+03
3.511757456845614883e-02, 5.714000000000000000e+03
3.514255150627155350e-02, 7.807000000000000000e+03
3.516752844408695816e-02, 1.316400000000000000e+04
3.519250538190236283e-02, 1.840500000000000000e+04
3.521748231971776055e-02, 2.310400000000000000e+04
3.524245925753316522e-02, 2.671600000000000000e+04
3.526743619534856988e-02, 2.866600000000000000e+04
3.529241313316396761e-02, 2.745900000000000000e+04
3.531739007097937227e-02, 2.397500000000000000e+04
3.534236700879477694e-02, 1.919300000000000000e+04
3.536734394661018160e-02, 1.295700000000000000e+04
3.539232088442557933e-02, 8.382000000000000000e+03
3.541729782224098400e-02, 5.660000000000000000e+03
3.544227476005638866e-02, 4.333000000000000000e+03
3.546725169787178639e-02, 5.805000000000000000e+03
3.549222863568719105e-02, 9.156000000000000000e+03
3.551720557350259572e-02, 1.478900000000000000e+04
3.554218251131800038e-02, 2.040200000000000000e+04
3.556715944913339811e-02, 2.510200000000000000e+04
3.559213638694880277e-02, 2.782200000000000000e+04
3.561711332476420744e-02, 2.846000000000000000e+04
3.564209026257960516e-02, 2.658900000000000000e+04
3.566706720039500983e-02, 2.246900000000000000e+04
3.569204413821041449e-02, 1.717400000000000000e+04
3.571702107602581916e-02, 1.207700000000000000e+04
3.574199801384121689e-02, 7.413000000000000000e+03
3.576697495165662155e-02, 4.598000000000000000e+03
3.579195188947202622e-02, 4.123000000000000000e+03
3.581692882728742394e-02, 6.637000000000000000e+03
3.584190576510282861e-02, 1.091200000000000000e+04
3.586688270291823327e-02, 1.592400000000000000e+04
3.589185964073363100e-02, 2.135200000000000000e+04
3.591683657854903566e-02, 2.593100000000000000e+04
3.594181351636444033e-02, 2.856700000000000000e+04
3.596679045417984499e-02, 2.835600000000000000e+04
3.599176739199524272e-02, 2.632100000000000000e+04
3.601674432981064738e-02, 2.110300000000000000e+04
3.604172126762605205e-02, 1.629700000000000000e+04
3.606669820544144978e-02, 1.094200000000000000e+04
3.609167514325685444e-02, 6.349000000000000000e+03
3.611665208107225911e-02, 3.942000000000000000e+03
3.614162901888766377e-02, 4.469000000000000000e+03
3.616660595670306150e-02, 7.474000000000000000e+03
3.619158289451846616e-02, 1.221100000000000000e+04
3.621655983233387083e-02, 1.713900000000000000e+04
3.624153677014926855e-02, 2.247600000000000000e+04
3.626651370796467322e-02, 2.628500000000000000e+04
3.629149064578007788e-02, 2.867100000000000000e+04
3.631646758359548255e-02, 2.803300000000000000e+04
3.634144452141088028e-02, 2.484500000000000000e+04
3.636642145922628494e-02, 2.003700000000000000e+04
3.639139839704168961e-02, 1.454500000000000000e+04
3.641637533485708733e-02, 9.546000000000000000e+03
3.644135227267249200e-02, 5.989000000000000000e+03
3.646632921048789666e-02, 3.979000000000000000e+03
3.649130614830330133e-02, 5.689000000000000000e+03
3.651628308611869905e-02, 8.060000000000000000e+03
3.654126002393410372e-02, 1.362700000000000000e+04
3.656623696174950838e-02, 1.916200000000000000e+04
3.659121389956490611e-02, 2.396400000000000000e+04
3.661619083738031077e-02, 2.663500000000000000e+04
3.664116777519571544e-02, 2.836600000000000000e+04
3.666614471301112010e-02, 2.706700000000000000e+04
3.669112165082651783e-02, 2.388400000000000000e+04
3.671609858864192250e-02, 1.827000000000000000e+04
3.674107552645732716e-02, 1.244300000000000000e+04
3.676605246427272489e-02, 8.082000000000000000e+03
3.679102940208812955e-02, 5.358000000000000000e+03
3.681600633990353422e-02, 4.191000000000000000e+03
3.684098327771893888e-02, 5.906000000000000000e+03
3.686596021553433661e-02, 9.482000000000000000e+03
3.689093715334974127e-02, 1.479200000000000000e+04
3.691591409116514594e-02, 2.069600000000000000e+04
3.694089102898054366e-02, 2.570000000000000000e+04
3.696586796679594833e-02, 2.841100000000000000e+04
3.699084490461135299e-02, 2.816000000000000000e+04
3.701582184242675766e-02, 2.663800000000000000e+04
3.704079878024215539e-02, 2.232100000000000000e+04
3.706577571805756005e-02, 1.694800000000000000e+04
3.709075265587296472e-02, 1.182600000000000000e+04
3.711572959368836244e-02, 6.969000000000000000e+03
3.714070653150376711e-02, 4.605000000000000000e+03
3.716568346931917177e-02, 4.314000000000000000e+03
3.719066040713457644e-02, 6.842000000000000000e+03
3.721563734494997416e-02, 1.124500000000000000e+04
3.724061428276537883e-02, 1.596000000000000000e+04
3.726559122058078349e-02, 2.156900000000000000e+04
3.729056815839618122e-02, 2.627300000000000000e+04
3.731554509621158588e-02, 2.875600000000000000e+04
3.734052203402699055e-02, 2.821400000000000000e+04
3.736549897184239521e-02, 2.593000000000000000e+04
3.739047590965779294e-02, 2.110200000000000000e+04
3.741545284747319761e-02, 1.601900000000000000e+04
3.744042978528860227e-02, 1.049700000000000000e+04
3.746540672310400000e-02, 6.029000000000000000e+03
3.749038366091940466e-02, 4.241000000000000000e+03
3.751536059873480933e-02, 4.759000000000000000e+03
3.754033753655020705e-02, 7.705000000000000000e+03
3.756531447436561172e-02, 1.262300000000000000e+04
3.759029141218101638e-02, 1.772700000000000000e+04
3.761526834999642105e-02, 2.278300000000000000e+04
3.764024528781181878e-02, 2.627200000000000000e+04
3.766522222562722344e-02, 2.859500000000000000e+04
3.769019916344262811e-02, 2.767700000000000000e+04
3.771517610125802583e-02, 2.467200000000000000e+04
3.774015303907343050e-02, 2.005200000000000000e+04
3.776512997688883516e-02, 1.397800000000000000e+04
3.779010691470423983e-02, 9.158000000000000000e+03
3.781508385251963755e-02, 5.557000000000000000e+03
3.784006079033504222e-02, 3.922000000000000000e+03
3.786503772815044688e-02, 5.668000000000000000e+03
3.789001466596584461e-02, 8.467000000000000000e+03
3.791499160378124927e-02, 1.428700000000000000e+04
3.793996854159665394e-02, 1.944000000000000000e+04
3.796494547941205860e-02, 2.429500000000000000e+04
3.798992241722745633e-02, 2.679300000000000000e+04
3.801489935504286100e-02, 2.819100000000000000e+04
3.803987629285826566e-02, 2.706300000000000000e+04
3.806485323067366339e-02, 2.327900000000000000e+04
3.808983016848906805e-02, 1.791800000000000000e+04
3.811480710630447272e-02, 1.236700000000000000e+04
3.813978404411987738e-02, 7.644000000000000000e+03
3.816476098193527511e-02, 4.892000000000000000e+03
3.818973791975067977e-02, 3.883000000000000000e+03
3.821471485756608444e-02, 6.171000000000000000e+03
3.823969179538148216e-02, 9.808000000000000000e+03
3.826466873319688683e-02, 1.537500000000000000e+04
3.828964567101229149e-02, 2.095700000000000000e+04
3.831462260882769616e-02, 2.587800000000000000e+04
3.833959954664309389e-02, 2.878000000000000000e+04
3.836457648445849855e-02, 2.808900000000000000e+04
3.838955342227390322e-02, 2.656500000000000000e+04
3.841453036008930094e-02, 2.207300000000000000e+04
3.843950729790470561e-02, 1.683100000000000000e+04
3.846448423572011027e-02, 1.140900000000000000e+04
3.848946117353551494e-02, 6.423000000000000000e+03
3.851443811135091266e-02, 4.576000000000000000e+03
3.853941504916631733e-02, 4.139000000000000000e+03
3.856439198698172199e-02, 7.043000000000000000e+03
3.858936892479711972e-02, 1.178800000000000000e+04
3.861434586261252438e-02, 1.660900000000000000e+04
3.863932280042792905e-02, 2.164500000000000000e+04
3.866429973824333372e-02, 2.629700000000000000e+04
3.868927667605873144e-02, 2.911500000000000000e+04
3.871425361387413611e-02, 2.794700000000000000e+04
3.873923055168954077e-02, 2.554900000000000000e+04
3.876420748950493850e-02, 2.095000000000000000e+04
3.878918442732034316e-02, 1.565900000000000000e+04
3.881416136513574783e-02, 1.008200000000000000e+04
3.883913830295115249e-02, 6.306000000000000000e+03
3.886411524076655022e-02, 4.402000000000000000e+03
3.888909217858195488e-02, 5.263000000000000000e+03
3.891406911639735955e-02, 7.742000000000000000e+03
3.893904605421275728e-02, 1.332400000000000000e+04
3.896402299202816194e-02, 1.791500000000000000e+04
3.898899992984356661e-02, 2.305300000000000000e+04
3.901397686765897127e-02, 2.662800000000000000e+04
3.903895380547436900e-02, 2.872200000000000000e+04
3.906393074328977366e-02, 2.758000000000000000e+04
3.908890768110517833e-02, 2.438200000000000000e+04
3.911388461892057605e-02, 1.964700000000000000e+04
3.913886155673598072e-02, 1.367600000000000000e+04
3.916383849455138538e-02, 8.695000000000000000e+03
3.918881543236679005e-02, 5.540000000000000000e+03
3.921379237018218777e-02, 4.171000000000000000e+03
3.923876930799759244e-02, 5.911000000000000000e+03
3.926374624581299710e-02, 9.158000000000000000e+03
3.928872318362839483e-02, 1.427700000000000000e+04
3.931370012144379950e-02, 1.998800000000000000e+04
3.933867705925920416e-02, 2.461600000000000000e+04
3.936365399707460189e-02, 2.717800000000000000e+04
3.938863093489000655e-02, 2.834500000000000000e+04
3.941360787270541122e-02, 2.690000000000000000e+04
3.943858481052081588e-02, 2.259600000000000000e+04
3.946356174833621361e-02, 1.752500000000000000e+04
3.948853868615161827e-02, 1.227800000000000000e+04
3.951351562396702294e-02, 7.467000000000000000e+03
3.953849256178242066e-02, 4.483000000000000000e+03
3.956346949959782533e-02, 3.936000000000000000e+03
3.958844643741322999e-02, 6.700000000000000000e+03
3.961342337522863466e-02, 1.052900000000000000e+04
3.963840031304403239e-02, 1.587600000000000000e+04
3.966337725085943705e-02, 2.107400000000000000e+04
3.968835418867484172e-02, 2.607900000000000000e+04
3.971333112649023944e-02, 2.874800000000000000e+04
3.973830806430564411e-02, 2.811700000000000000e+04
3.976328500212104877e-02, 2.632800000000000000e+04
3.978826193993645344e-02, 2.148200000000000000e+04
3.981323887775185116e-02, 1.682400000000000000e+04
3.983821581556725583e-02, 1.107700000000000000e+04
3.986319275338266049e-02, 6.466000000000000000e+03
3.988816969119805822e-02, 4.218000000000000000e+03
3.991314662901346288e-02, 4.075000000000000000e+03
3.993812356682886755e-02, 7.378000000000000000e+03
3.996310050464427222e-02, 1.201000000000000000e+04
3.998807744245966994e-02, 1.689400000000000000e+04
4.001305438027507461e-02, 2.206000000000000000e+04
4.003803131809047927e-02, 2.657200000000000000e+04
4.006300825590587700e-02, 2.899700000000000000e+04
4.008798519372128166e-02, 2.802900000000000000e+04
4.011296213153668633e-02, 2.492400000000000000e+04
4.013793906935209099e-02, 2.057500000000000000e+04
4.016291600716748872e-02, 1.491700000000000000e+04
4.018789294498289338e-02, 9.787000000000000000e+03
4.021286988279829805e-02, 6.326000000000000000e+03
4.023784682061369578e-02, 4.285000000000000000e+03
4.026282375842910044e-02, 5.714000000000000000e+03
4.028780069624450511e-02, 8.021000000000000000e+03
4.031277763405990977e-02, 1.320900000000000000e+04
4.033775457187530750e-02, 1.840500000000000000e+04
4.036273150969071216e-02, 2.301800000000000000e+04
4.038770844750611683e-02, 2.671400000000000000e+04
4.041268538532151455e-02, 2.866600000000000000e+04
4.043766232313691922e-02, 2.745900000000000000e+04
4.046263926095232388e-02, 2.397500000000000000e+04
4.048761619876772855e-02, 1.924600000000000000e+04
4.051259313658312627e-02, 1.296200000000000000e+04
4.053757007439853094e-02, 8.382000000000000000e+03
4.056254701221393560e-02, 5.530000000000000000e+03
4.058752395002933333e-02, 4.332000000000000000e+03
4.061250088784473800e-02, 6.298000000000000000e+03
4.063747782566014266e-02, 9.183000000000000000e+03
4.066245476347554733e-02, 1.478900000000000000e+04
4.068743170129094505e-02, 2.010700000000000000e+04
4.071240863910634972e-02, 2.509900000000000000e+04
4.073738557692175438e-02, 2.782200000000000000e+04
4.076236251473715211e-02, 2.846000000000000000e+04
4.078733945255255677e-02, 2.658900000000000000e+04
4.081231639036796144e-02, 2.202700000000000000e+04
4.083729332818336610e-02, 1.716800000000000000e+04
4.086227026599876383e-02, 1.207700000000000000e+04
4.088724720381416849e-02, 7.333000000000000000e+03
4.091222414162957316e-02, 4.598000000000000000e+03
4.093720107944497089e-02, 4.123000000000000000e+03
4.096217801726037555e-02, 6.637000000000000000e+03
4.098715495507578022e-02, 1.091200000000000000e+04
4.101213189289117794e-02, 1.589500000000000000e+04
4.103710883070658261e-02, 2.135100000000000000e+04
4.106208576852198727e-02, 2.644000000000000000e+04
4.108706270633739194e-02, 2.859300000000000000e+04
4.111203964415278966e-02, 2.835600000000000000e+04
4.113701658196819433e-02, 2.599600000000000000e+04
4.116199351978359899e-02, 2.110000000000000000e+04
4.118697045759899672e-02, 1.640700000000000000e+04
4.121194739541440138e-02, 1.093200000000000000e+04
4.123692433322980605e-02, 6.349000000000000000e+03
4.126190127104521072e-02, 3.942000000000000000e+03
4.128687820886060844e-02, 4.469000000000000000e+03
4.131185514667601311e-02, 7.474000000000000000e+03
4.133683208449141777e-02, 1.232000000000000000e+04
4.136180902230681550e-02, 1.714000000000000000e+04
4.138678596012222016e-02, 2.190700000000000000e+04
4.141176289793762483e-02, 2.626700000000000000e+04
4.143673983575302949e-02, 2.867100000000000000e+04
4.146171677356842722e-02, 2.803300000000000000e+04
4.148669371138383188e-02, 2.484500000000000000e+04
4.151167064919923655e-02, 2.040000000000000000e+04
4.153664758701463428e-02, 1.458100000000000000e+04
4.156162452483003894e-02, 9.547000000000000000e+03
4.158660146264544361e-02, 5.989000000000000000e+03
4.161157840046084827e-02, 3.979000000000000000e+03
4.163655533827624600e-02, 5.689000000000000000e+03
4.166153227609165066e-02, 8.128000000000000000e+03
4.168650921390705533e-02, 1.362800000000000000e+04
4.171148615172245305e-02, 1.865800000000000000e+04
4.173646308953785772e-02, 2.395600000000000000e+04
4.176144002735326238e-02, 2.663500000000000000e+04
4.178641696516866705e-02, 2.836600000000000000e+04
4.181139390298406477e-02, 2.706700000000000000e+04
4.183637084079946944e-02, 2.386600000000000000e+04
4.186134777861487410e-02, 1.827400000000000000e+04
4.188632471643027183e-02, 1.244300000000000000e+04
4.191130165424567650e-02, 8.331000000000000000e+03
4.193627859206108116e-02, 5.360000000000000000e+03
4.196125552987648583e-02, 4.191000000000000000e+03
4.198623246769188355e-02, 5.906000000000000000e+03
4.201120940550728822e-02, 9.482000000000000000e+03
4.203618634332269288e-02, 1.474900000000000000e+04
4.206116328113809061e-02, 2.069500000000000000e+04
4.208614021895349527e-02, 2.570800000000000000e+04
4.211111715676889994e-02, 2.847600000000000000e+04
4.213609409458430460e-02, 2.816000000000000000e+04
4.216107103239970233e-02, 2.666500000000000000e+04
4.218604797021510699e-02, 2.232400000000000000e+04
4.221102490803051166e-02, 1.694800000000000000e+04
4.223600184584590939e-02, 1.185000000000000000e+04
4.226097878366131405e-02, 6.969000000000000000e+03
4.228595572147671872e-02, 4.605000000000000000e+03
4.231093265929212338e-02, 4.314000000000000000e+03
4.233590959710752111e-02, 6.842000000000000000e+03
4.236088653492292577e-02, 1.120900000000000000e+04
4.238586347273833044e-02, 1.596000000000000000e+04
4.241084041055372816e-02, 2.138500000000000000e+04
4.243581734836913283e-02, 2.622600000000000000e+04
4.246079428618453749e-02, 2.875600000000000000e+04
4.248577122399994216e-02, 2.821400000000000000e+04
4.251074816181533989e-02, 2.593000000000000000e+04
4.253572509963074455e-02, 2.110200000000000000e+04
4.256070203744614922e-02, 1.610700000000000000e+04
4.258567897526154694e-02, 1.049700000000000000e+04
4.261065591307695161e-02, 6.029000000000000000e+03
4.263563285089235627e-02, 4.241000000000000000e+03
4.266060978870776094e-02, 4.759000000000000000e+03
4.268558672652315866e-02, 7.678000000000000000e+03
4.271056366433856333e-02, 1.262300000000000000e+04
4.273554060215396799e-02, 1.719300000000000000e+04
4.276051753996936572e-02, 2.276000000000000000e+04
4.278549447778477038e-02, 2.627200000000000000e+04
4.281047141560017505e-02, 2.859500000000000000e+04
4.283544835341557278e-02, 2.767700000000000000e+04
4.286042529123097744e-02, 2.455000000000000000e+04
4.288540222904638211e-02, 2.006200000000000000e+04
4.291037916686178677e-02, 1.397800000000000000e+04
4.293535610467718450e-02, 9.117000000000000000e+03
4.296033304249258916e-02, 5.556000000000000000e+03
4.298530998030799383e-02, 3.922000000000000000e+03
4.301028691812339155e-02, 5.668000000000000000e+03
4.303526385593879622e-02, 8.467000000000000000e+03
4.306024079375420088e-02, 1.429400000000000000e+04
4.308521773156960555e-02, 1.944300000000000000e+04
4.311019466938500327e-02, 2.429500000000000000e+04
4.313517160720040794e-02, 2.679300000000000000e+04
4.316014854501581260e-02, 2.819100000000000000e+04
4.318512548283121033e-02, 2.698300000000000000e+04
4.321010242064661500e-02, 2.328400000000000000e+04
4.323507935846201966e-02, 1.791800000000000000e+04
4.326005629627742433e-02, 1.203000000000000000e+04
4.328503323409282205e-02, 7.640000000000000000e+03
4.331001017190822672e-02, 4.892000000000000000e+03
4.333498710972363138e-02, 3.957000000000000000e+03
4.335996404753902911e-02, 6.171000000000000000e+03
4.338494098535443377e-02, 9.766000000000000000e+03
4.340991792316983844e-02, 1.537300000000000000e+04
4.343489486098524310e-02, 2.095700000000000000e+04
4.345987179880064083e-02, 2.589900000000000000e+04
4.348484873661604549e-02, 2.878000000000000000e+04
4.350982567443145016e-02, 2.808900000000000000e+04
4.353480261224684789e-02, 2.656500000000000000e+04
4.355977955006225255e-02, 2.207300000000000000e+04
4.358475648787765722e-02, 1.703100000000000000e+04
4.360973342569306188e-02, 1.141100000000000000e+04
4.363471036350845961e-02, 6.423000000000000000e+03
4.365968730132386427e-02, 4.576000000000000000e+03
4.368466423913926894e-02, 4.139000000000000000e+03
4.370964117695466666e-02, 7.001000000000000000e+03
4.373461811477007133e-02, 1.178700000000000000e+04
4.375959505258547599e-02, 1.656700000000000000e+04
4.378457199040088066e-02, 2.167000000000000000e+04
4.380954892821627839e-02, 2.629700000000000000e+04
4.383452586603168305e-02, 2.911500000000000000e+04
4.385950280384708772e-02, 2.794700000000000000e+04
4.388447974166248544e-02, 2.554900000000000000e+04
4.390945667947789011e-02, 2.107900000000000000e+04
4.393443361729329477e-02, 1.566000000000000000e+04
4.395941055510869944e-02, 1.010700000000000000e+04
4.398438749292409716e-02, 6.302000000000000000e+03
4.400936443073950183e-02, 4.402000000000000000e+03
4.403434136855490649e-02, 5.263000000000000000e+03
4.405931830637030422e-02, 7.742000000000000000e+03
4.408429524418570888e-02, 1.320800000000000000e+04
4.410927218200111355e-02, 1.792300000000000000e+04
4.413424911981651821e-02, 2.305300000000000000e+04
4.415922605763191594e-02, 2.662800000000000000e+04
4.418420299544732061e-02, 2.872200000000000000e+04
4.420917993326272527e-02, 2.758000000000000000e+04
4.423415687107812300e-02, 2.439500000000000000e+04
4.425913380889352766e-02, 1.964700000000000000e+04
4.428411074670893233e-02, 1.371000000000000000e+04
4.430908768452433699e-02, 8.697000000000000000e+03
4.433406462233973472e-02, 5.540000000000000000e+03
4.435904156015513938e-02, 4.342000000000000000e+03
4.438401849797054405e-02, 5.912000000000000000e+03
4.440899543578594177e-02, 8.606000000000000000e+03
4.443397237360134644e-02, 1.425600000000000000e+04
4.445894931141675110e-02, 1.998800000000000000e+04
4.448392624923214883e-02, 2.465200000000000000e+04
4.450890318704755350e-02, 2.717900000000000000e+04
4.453388012486295816e-02, 2.834500000000000000e+04
4.455885706267836283e-02, 2.690000000000000000e+04
4.458383400049376055e-02, 2.259600000000000000e+04
4.460881093830916522e-02, 1.791400000000000000e+04
4.463378787612456988e-02, 1.228300000000000000e+04
4.465876481393996761e-02, 7.467000000000000000e+03
4.468374175175537227e-02, 4.483000000000000000e+03
4.470871868957077694e-02, 3.936000000000000000e+03
4.473369562738618160e-02, 6.144000000000000000e+03
4.475867256520157933e-02, 1.051700000000000000e+04
4.478364950301698399e-02, 1.587600000000000000e+04
4.480862644083238866e-02, 2.126700000000000000e+04
4.483360337864778639e-02, 2.608100000000000000e+04
4.485858031646319105e-02, 2.874900000000000000e+04
4.488355725427859572e-02, 2.811700000000000000e+04
4.490853419209400038e-02, 2.632800000000000000e+04
4.493351112990939811e-02, 2.175800000000000000e+04
4.495848806772480277e-02, 1.682700000000000000e+04
4.498346500554020744e-02, 1.119400000000000000e+04
4.500844194335560516e-02, 6.456000000000000000e+03
4.503341888117100983e-02, 4.218000000000000000e+03
4.505839581898641449e-02, 4.075000000000000000e+03
4.508337275680181916e-02, 7.378000000000000000e+03
4.510834969461721689e-02, 1.201000000000000000e+04
4.513332663243262155e-02, 1.687500000000000000e+04
4.515830357024802622e-02, 2.206000000000000000e+04
4.518328050806342394e-02, 2.657200000000000000e+04
4.520825744587882861e-02, 2.899700000000000000e+04
4.523323438369423327e-02, 2.802900000000000000e+04
4.525821132150963794e-02, 2.510900000000000000e+04
4.528318825932503566e-02, 2.057700000000000000e+04
4.530816519714044033e-02, 1.500400000000000000e+04
4.533314213495584499e-02, 9.781000000000000000e+03
4.535811907277124272e-02, 6.326000000000000000e+03
4.538309601058664738e-02, 4.631000000000000000e+03
4.540807294840205205e-02, 5.718000000000000000e+03
4.543304988621745671e-02, 7.929000000000000000e+03
4.545802682403285444e-02, 1.315500000000000000e+04
4.548300376184825911e-02, 1.840500000000000000e+04
4.550798069966366377e-02, 2.351200000000000000e+04
4.553295763747906150e-02, 2.672200000000000000e+04
4.555793457529446616e-02, 2.866600000000000000e+04
4.558291151310987083e-02, 2.745900000000000000e+04
4.560788845092527549e-02, 2.397500000000000000e+04
4.563286538874067322e-02, 1.868700000000000000e+04
4.565784232655607788e-02, 1.294100000000000000e+04
4.568281926437148255e-02, 8.382000000000000000e+03
4.570779620218688027e-02, 5.530000000000000000e+03
4.573277314000228494e-02, 4.332000000000000000e+03
4.575775007781768960e-02, 5.885000000000000000e+03
4.578272701563309427e-02, 9.150000000000000000e+03
4.580770395344849200e-02, 1.478900000000000000e+04
4.583268089126389666e-02, 2.048500000000000000e+04
4.585765782907930133e-02, 2.510400000000000000e+04
4.588263476689469905e-02, 2.782200000000000000e+04
4.590761170471010372e-02, 2.837200000000000000e+04
4.593258864252550838e-02, 2.658900000000000000e+04
4.595756558034091305e-02, 2.196000000000000000e+04
4.598254251815631077e-02, 1.716400000000000000e+04
4.600751945597171544e-02, 1.207700000000000000e+04
4.603249639378712010e-02, 7.312000000000000000e+03
4.605747333160251783e-02, 4.598000000000000000e+03
4.608245026941792249e-02, 4.123000000000000000e+03
4.610742720723332716e-02, 6.637000000000000000e+03
4.613240414504873182e-02, 1.091200000000000000e+04
4.615738108286412955e-02, 1.586000000000000000e+04
4.618235802067953422e-02, 2.135100000000000000e+04
4.620733495849493888e-02, 2.644000000000000000e+04
4.623231189631033661e-02, 2.859300000000000000e+04
4.625728883412574127e-02, 2.835600000000000000e+04
4.628226577194114594e-02, 2.636300000000000000e+04
4.630724270975654366e-02, 2.110400000000000000e+04
4.633221964757194833e-02, 1.640700000000000000e+04
4.635719658538735299e-02, 1.091900000000000000e+04
4.638217352320275766e-02, 6.349000000000000000e+03
4.640715046101815539e-02, 3.920000000000000000e+03
4.643212739883356005e-02, 4.467000000000000000e+03
4.645710433664896472e-02, 7.474000000000000000e+03
4.648208127446436244e-02, 1.236900000000000000e+04
4.650705821227976711e-02, 1.714000000000000000e+04
4.653203515009517177e-02, 2.245100000000000000e+04
4.655701208791057644e-02, 2.628900000000000000e+04
4.658198902572597416e-02, 2.867100000000000000e+04
4.660696596354137883e-02, 2.803300000000000000e+04
4.663194290135678349e-02, 2.484500000000000000e+04
4.665691983917218122e-02, 2.027800000000000000e+04
4.668189677698758588e-02, 1.452900000000000000e+04
4.670687371480299055e-02, 9.546000000000000000e+03
4.673185065261839521e-02, 5.989000000000000000e+03
4.675682759043379294e-02, 3.979000000000000000e+03
4.678180452824919761e-02, 5.689000000000000000e+03
4.680678146606460227e-02, 8.047000000000000000e+03
4.683175840388000000e-02, 1.362700000000000000e+04
4.685673534169540466e-02, 1.922000000000000000e+04
4.688171227951080933e-02, 2.396800000000000000e+04
4.690668921732621399e-02, 2.663500000000000000e+04
4.693166615514161172e-02, 2.816700000000000000e+04
4.695664309295701638e-02, 2.706500000000000000e+04
4.698162003077242105e-02, 2.343000000000000000e+04
4.700659696858781877e-02, 1.824300000000000000e+04
4.703157390640322344e-02, 1.244300000000000000e+04
4.705655084421862810e-02, 8.045000000000000000e+03
4.708152778203403277e-02, 5.357000000000000000e+03
4.710650471984943050e-02, 4.191000000000000000e+03
4.713148165766483516e-02, 5.906000000000000000e+03
4.715645859548023983e-02, 9.482000000000000000e+03
4.718143553329563755e-02, 1.470700000000000000e+04
4.720641247111104222e-02, 2.069400000000000000e+04
4.723138940892644688e-02, 2.570800000000000000e+04
4.725636634674185155e-02, 2.847600000000000000e+04
4.728134328455724927e-02, 2.816000000000000000e+04
4.730632022237265394e-02, 2.666500000000000000e+04
4.733129716018805860e-02, 2.232400000000000000e+04
4.735627409800345633e-02, 1.694800000000000000e+04
4.738125103581886099e-02, 1.165800000000000000e+04
4.740622797363426566e-02, 6.968000000000000000e+03
4.743120491144967033e-02, 4.698000000000000000e+03
4.745618184926506805e-02, 4.308000000000000000e+03
4.748115878708047272e-02, 6.842000000000000000e+03
4.750613572489587738e-02, 1.156500000000000000e+04
4.753111266271127511e-02, 1.596400000000000000e+04
4.755608960052667977e-02, 2.145100000000000000e+04
4.758106653834208444e-02, 2.628300000000000000e+04
4.760604347615748910e-02, 2.875600000000000000e+04
4.763102041397288683e-02, 2.767700000000000000e+04
4.765599735178829149e-02, 2.592000000000000000e+04
4.768097428960369616e-02, 2.110200000000000000e+04
4.770595122741909389e-02, 1.612900000000000000e+04
4.773092816523449855e-02, 1.049800000000000000e+04
4.775590510304990322e-02, 6.582000000000000000e+03
4.778088204086530788e-02, 4.262000000000000000e+03
4.780585897868070561e-02, 4.759000000000000000e+03
4.783083591649611027e-02, 7.678000000000000000e+03
4.785581285431151494e-02, 1.262300000000000000e+04
4.788078979212691266e-02, 1.758200000000000000e+04
4.790576672994231733e-02, 2.279400000000000000e+04
4.793074366775772199e-02, 2.627200000000000000e+04
4.795572060557311972e-02, 2.820700000000000000e+04
4.798069754338852438e-02, 2.767200000000000000e+04
4.800567448120392905e-02, 2.455000000000000000e+04
4.803065141901933371e-02, 1.998400000000000000e+04
4.805562835683473144e-02, 1.397800000000000000e+04
4.808060529465013611e-02, 9.117000000000000000e+03
4.810558223246554077e-02, 5.556000000000000000e+03
4.813055917028093850e-02, 3.922000000000000000e+03
4.815553610809634316e-02, 5.668000000000000000e+03
4.818051304591174783e-02, 8.467000000000000000e+03
4.820548998372715249e-02, 1.373500000000000000e+04
4.823046692154255022e-02, 1.942300000000000000e+04
4.825544385935795488e-02, 2.429500000000000000e+04
4.828042079717335955e-02, 2.651700000000000000e+04
4.830539773498875727e-02, 2.818800000000000000e+04
4.833037467280416194e-02, 2.698300000000000000e+04
4.835535161061956660e-02, 2.328400000000000000e+04
4.838032854843497127e-02, 1.791800000000000000e+04
4.840530548625036900e-02, 1.249300000000000000e+04
4.843028242406577366e-02, 7.647000000000000000e+03
4.845525936188117833e-02, 4.892000000000000000e+03
4.848023629969657605e-02, 3.868000000000000000e+03
4.850521323751198072e-02, 6.170000000000000000e+03
4.853019017532738538e-02, 9.748000000000000000e+03
4.855516711314279005e-02, 1.537100000000000000e+04
4.858014405095818777e-02, 2.095700000000000000e+04
4.860512098877359244e-02, 2.589900000000000000e+04
4.863009792658899710e-02, 2.878000000000000000e+04
4.865507486440439483e-02, 2.761300000000000000e+04
4.868005180221979949e-02, 2.653700000000000000e+04
4.870502874003520416e-02, 2.207200000000000000e+04
4.873000567785060883e-02, 1.706900000000000000e+04
4.875498261566600655e-02, 1.141200000000000000e+04
4.877995955348141122e-02, 6.516000000000000000e+03
4.880493649129681588e-02, 4.630000000000000000e+03
4.882991342911221361e-02, 4.140000000000000000e+03
4.885489036692761827e-02, 7.001000000000000000e+03
4.887986730474302294e-02, 1.178700000000000000e+04
4.890484424255842760e-02, 1.656700000000000000e+04
4.892982118037382533e-02, 2.155100000000000000e+04
4.895479811818922999e-02, 2.629600000000000000e+04
4.897977505600463466e-02, 2.912100000000000000e+04
4.900475199382003239e-02, 2.795000000000000000e+04
4.902972893163543705e-02, 2.554900000000000000e+04
4.905470586945084172e-02, 2.110900000000000000e+04
4.907968280726624638e-02, 1.566000000000000000e+04
4.910465974508164411e-02, 1.010700000000000000e+04
4.912963668289704877e-02, 6.302000000000000000e+03
4.915461362071245344e-02, 4.402000000000000000e+03
4.917959055852785116e-02, 5.641000000000000000e+03
4.920456749634325583e-02, 7.747000000000000000e+03
4.922954443415866049e-02, 1.308600000000000000e+04
4.925452137197406516e-02, 1.794500000000000000e+04
4.927949830978946288e-02, 2.305300000000000000e+04
4.930447524760486755e-02, 2.666600000000000000e+04
4.932945218542027221e-02, 2.872400000000000000e+04
4.935442912323566994e-02, 2.758000000000000000e+04
4.937940606105107461e-02, 2.439500000000000000e+04
4.940438299886647927e-02, 1.964700000000000000e+04
4.942935993668188394e-02, 1.371300000000000000e+04
4.945433687449728166e-02, 8.703000000000000000e+03
4.947931381231268633e-02, 5.540000000000000000e+03
4.950429075012809099e-02, 4.143000000000000000e+03
4.952926768794348872e-02, 5.910000000000000000e+03
4.955424462575889338e-02, 8.706000000000000000e+03
4.957922156357429805e-02, 1.425000000000000000e+04
4.960419850138970271e-02, 1.998800000000000000e+04
4.962917543920510044e-02, 2.424200000000000000e+04
4.965415237702050510e-02, 2.717400000000000000e+04
4.967912931483590977e-02, 2.834500000000000000e+04
4.970410625265130750e-02, 2.691300000000000000e+04
4.972908319046671216e-02, 2.259600000000000000e+04
4.975406012828211683e-02, 1.740800000000000000e+04
4.977903706609751455e-02, 1.227300000000000000e+04
4.980401400391291922e-02, 7.467000000000000000e+03
4.982899094172832388e-02, 4.460000000000000000e+03
4.985396787954372855e-02, 3.935000000000000000e+03
4.987894481735912627e-02, 6.144000000000000000e+03
4.990392175517453094e-02, 1.051700000000000000e+04
4.992889869298993560e-02, 1.587600000000000000e+04
4.995387563080533333e-02, 2.100900000000000000e+04
4.997885256862073799e-02, 2.607900000000000000e+04
5.000382950643614266e-02, 2.863200000000000000e+04
5.002880644425154733e-02, 2.812400000000000000e+04
5.005378338206694505e-02, 2.632800000000000000e+04
5.007876031988234972e-02, 2.180100000000000000e+04
5.010373725769775438e-02, 1.682800000000000000e+04
5.012871419551315211e-02, 1.119400000000000000e+04
5.015369113332855677e-02, 6.456000000000000000e+03
5.017866807114396144e-02, 4.218000000000000000e+03
5.020364500895936610e-02, 4.075000000000000000e+03
5.022862194677476383e-02, 7.378000000000000000e+03
5.025359888459016849e-02, 1.201000000000000000e+04
5.027857582240557316e-02, 1.704600000000000000e+04
5.030355276022097089e-02, 2.206100000000000000e+04
5.032852969803637555e-02, 2.652800000000000000e+04
5.035350663585178022e-02, 2.900100000000000000e+04
5.037848357366718488e-02, 2.802900000000000000e+04
5.040346051148258261e-02, 2.510900000000000000e+04
5.042843744929798727e-02, 2.057700000000000000e+04
5.045341438711339194e-02, 1.515600000000000000e+04
5.047839132492878966e-02, 9.830000000000000000e+03
5.050336826274419433e-02, 6.326000000000000000e+03
5.052834520055959899e-02, 4.243000000000000000e+03
5.055332213837500366e-02, 5.713000000000000000e+03
5.057829907619040138e-02, 7.929000000000000000e+03
5.060327601400580605e-02, 1.314000000000000000e+04
5.062825295182121071e-02, 1.840500000000000000e+04
5.065322988963660844e-02, 2.294000000000000000e+04
5.067820682745201311e-02, 2.670700000000000000e+04
5.070318376526741777e-02, 2.866600000000000000e+04
5.072816070308282244e-02, 2.748600000000000000e+04
5.075313764089822016e-02, 2.397600000000000000e+04
5.077811457871362483e-02, 1.875200000000000000e+04
5.080309151652902949e-02, 1.293600000000000000e+04
5.082806845434442722e-02, 8.382000000000000000e+03
5.085304539215983188e-02, 5.491000000000000000e+03
5.087802232997523655e-02, 4.331000000000000000e+03
5.090299926779064121e-02, 5.885000000000000000e+03
5.092797620560603894e-02, 9.150000000000000000e+03
5.095295314342144360e-02, 1.478900000000000000e+04
5.097793008123684827e-02, 2.002100000000000000e+04
5.100290701905224600e-02, 2.509700000000000000e+04
5.102788395686765066e-02, 2.782200000000000000e+04
5.105286089468305533e-02, 2.847700000000000000e+04
5.107783783249845999e-02, 2.658900000000000000e+04
5.110281477031385772e-02, 2.252900000000000000e+04
5.112779170812926238e-02, 1.717800000000000000e+04
5.115276864594466705e-02, 1.207700000000000000e+04
5.117774558376006477e-02, 7.527000000000000000e+03
5.120272252157546944e-02, 4.599000000000000000e+03
5.122769945939087410e-02, 4.512000000000000000e+03
5.125267639720627877e-02, 6.671000000000000000e+03
5.127765333502167650e-02, 1.091200000000000000e+04
5.130263027283708116e-02, 1.620600000000000000e+04
5.132760721065248583e-02, 2.135500000000000000e+04
5.135258414846788355e-02, 2.635500000000000000e+04
5.137756108628328822e-02, 2.860400000000000000e+04
5.140253802409869288e-02, 2.835600000000000000e+04
5.142751496191409061e-02, 2.583400000000000000e+04
5.145249189972949527e-02, 2.109400000000000000e+04
5.147746883754489994e-02, 1.640700000000000000e+04
5.150244577536030460e-02, 1.089800000000000000e+04
5.152742271317570233e-02, 6.348000000000000000e+03
5.155239965099110699e-02, 3.920000000000000000e+03
5.157737658880651166e-02, 4.467000000000000000e+03
5.160235352662190939e-02, 7.474000000000000000e+03
5.162733046443731405e-02, 1.216200000000000000e+04
5.165230740225271872e-02, 1.713800000000000000e+04
5.167728434006812338e-02, 2.214400000000000000e+04
5.170226127788352111e-02, 2.625000000000000000e+04
5.172723821569892577e-02, 2.867100000000000000e+04
5.175221515351433044e-02, 2.807500000000000000e+04
5.177719209132972816e-02, 2.484600000000000000e+04
5.180216902914513283e-02, 2.030100000000000000e+04
5.182714596696053749e-02, 1.460500000000000000e+04
5.185212290477594216e-02, 9.547000000000000000e+03
5.187709984259133988e-02, 5.952000000000000000e+03
5.190207678040674455e-02, 3.977000000000000000e+03
5.192705371822214921e-02, 5.689000000000000000e+03
5.195203065603754694e-02, 8.205000000000000000e+03
5.197700759385295161e-02, 1.362900000000000000e+04
5.200198453166835627e-02, 1.918900000000000000e+04
5.202696146948376094e-02, 2.397200000000000000e+04
5.205193840729915866e-02, 2.663500000000000000e+04
5.207691534511456333e-02, 2.839800000000000000e+04
5.210189228292996799e-02, 2.706700000000000000e+04
5.212686922074536572e-02, 2.376500000000000000e+04
5.215184615856077038e-02, 1.828000000000000000e+04
5.217682309637617505e-02, 1.244300000000000000e+04
5.220180003419157971e-02, 8.002000000000000000e+03
5.222677697200697744e-02, 5.356000000000000000e+03
5.225175390982238210e-02, 4.191000000000000000e+03
5.227673084763778677e-02, 5.889000000000000000e+03
5.230170778545318450e-02, 9.482000000000000000e+03
5.232668472326858916e-02, 1.525100000000000000e+04
5.235166166108399383e-02, 2.070500000000000000e+04
5.237663859889939849e-02, 2.570800000000000000e+04
5.240161553671479622e-02, 2.849900000000000000e+04
5.242659247453020088e-02, 2.816100000000000000e+04
5.245156941234560555e-02, 2.617300000000000000e+04
5.247654635016100327e-02, 2.229700000000000000e+04
5.250152328797640794e-02, 1.694800000000000000e+04
5.252650022579181260e-02, 1.162000000000000000e+04
5.255147716360721727e-02, 6.967000000000000000e+03
5.257645410142261500e-02, 4.698000000000000000e+03
5.260143103923801966e-02, 4.308000000000000000e+03
5.262640797705342433e-02, 6.842000000000000000e+03
5.265138491486882205e-02, 1.116600000000000000e+04
5.267636185268422672e-02, 1.595900000000000000e+04
5.270133879049963138e-02, 2.145100000000000000e+04
5.272631572831503605e-02, 2.618600000000000000e+04
5.275129266613043377e-02, 2.875600000000000000e+04
5.277626960394583844e-02, 2.823800000000000000e+04
5.280124654176124310e-02, 2.593200000000000000e+04
5.282622347957664083e-02, 2.110200000000000000e+04
5.285120041739204549e-02, 1.615800000000000000e+04
5.287617735520745016e-02, 1.049800000000000000e+04
5.290115429302285482e-02, 6.073000000000000000e+03
5.292613123083825255e-02, 4.236000000000000000e+03
5.295110816865365722e-02, 4.759000000000000000e+03
5.297608510646906188e-02, 8.003000000000000000e+03
5.300106204428445961e-02, 1.262600000000000000e+04
5.302603898209986427e-02, 1.747200000000000000e+04
5.305101591991526894e-02, 2.280400000000000000e+04
5.307599285773067360e-02, 2.627200000000000000e+04
5.310096979554607133e-02, 2.863800000000000000e+04
5.312594673336147599e-02, 2.767800000000000000e+04
5.315092367117688066e-02, 2.455000000000000000e+04
5.317590060899227838e-02, 2.007600000000000000e+04
5.320087754680768305e-02, 1.397800000000000000e+04
5.322585448462308771e-02, 9.119000000000000000e+03
5.325083142243848544e-02, 5.553000000000000000e+03
5.327580836025389011e-02, 3.922000000000000000e+03
5.330078529806929477e-02, 5.637000000000000000e+03
5.332576223588469944e-02, 8.467000000000000000e+03
5.335073917370009716e-02, 1.419100000000000000e+04
5.337571611151550183e-02, 1.945200000000000000e+04
5.340069304933090649e-02, 2.429500000000000000e+04
5.342566998714630422e-02, 2.683200000000000000e+04
5.345064692496170888e-02, 2.819200000000000000e+04
5.347562386277711355e-02, 2.698300000000000000e+04
5.350060080059251821e-02, 2.321600000000000000e+04
5.352557773840791594e-02, 1.791800000000000000e+04
5.355055467622332060e-02, 1.199000000000000000e+04
5.357553161403872527e-02, 7.638000000000000000e+03
5.360050855185412300e-02, 4.892000000000000000e+03
5.362548548966952766e-02, 3.868000000000000000e+03
5.365046242748493233e-02, 6.170000000000000000e+03
5.367543936530033699e-02, 1.030000000000000000e+04
5.370041630311573472e-02, 1.539200000000000000e+04
5.372539324093113938e-02, 2.095700000000000000e+04
5.375037017874654405e-02, 2.593200000000000000e+04
5.377534711656194177e-02, 2.878100000000000000e+04
5.380032405437734644e-02, 2.800200000000000000e+04
5.382530099219275110e-02, 2.657100000000000000e+04
5.385027793000815577e-02, 2.207300000000000000e+04
5.387525486782355350e-02, 1.711200000000000000e+04
5.390023180563895816e-02, 1.141200000000000000e+04
5.392520874345436283e-02, 6.508000000000000000e+03
5.395018568126976055e-02, 4.565000000000000000e+03
5.397516261908516522e-02, 4.139000000000000000e+03
5.400013955690056988e-02, 6.974000000000000000e+03
5.402511649471597455e-02, 1.178500000000000000e+04
5.405009343253137227e-02, 1.656700000000000000e+04
5.407507037034677694e-02, 2.169200000000000000e+04
5.410004730816218160e-02, 2.629700000000000000e+04
5.412502424597757933e-02, 2.912100000000000000e+04
5.415000118379298399e-02, 2.795000000000000000e+04
5.417497812160838866e-02, 2.554900000000000000e+04
5.419995505942379332e-02, 2.083300000000000000e+04
5.422493199723919105e-02, 1.565800000000000000e+04
5.424990893505459572e-02, 1.023100000000000000e+04
5.427488587287000038e-02, 6.294000000000000000e+03
5.429986281068539811e-02, 4.402000000000000000e+03
5.432483974850080277e-02, 5.220000000000000000e+03
5.434981668631620744e-02, 7.741000000000000000e+03
5.437479362413161210e-02, 1.308600000000000000e+04
5.439977056194700983e-02, 1.784000000000000000e+04
5.442474749976241449e-02, 2.305300000000000000e+04
5.444972443757781916e-02, 2.666600000000000000e+04
5.447470137539321688e-02, 2.872400000000000000e+04
5.449967831320862155e-02, 2.758000000000000000e+04
5.452465525102402621e-02, 2.442200000000000000e+04
5.454963218883943088e-02, 1.964700000000000000e+04
5.457460912665482861e-02, 1.317900000000000000e+04
5.459958606447023327e-02, 8.680000000000000000e+03
5.462456300228563794e-02, 5.540000000000000000e+03
5.464953994010103566e-02, 4.143000000000000000e+03
5.467451687791644033e-02, 5.910000000000000000e+03
5.469949381573184499e-02, 8.799000000000000000e+03
5.472447075354724966e-02, 1.430400000000000000e+04
5.474944769136264738e-02, 1.998800000000000000e+04
5.477442462917805205e-02, 2.469500000000000000e+04
5.479940156699345671e-02, 2.718000000000000000e+04
5.482437850480885444e-02, 2.834500000000000000e+04
5.484935544262425910e-02, 2.691300000000000000e+04
5.487433238043966377e-02, 2.259600000000000000e+04
5.489930931825506844e-02, 1.740200000000000000e+04
5.492428625607046616e-02, 1.227000000000000000e+04
