0.000000000000000000e+00, 3.274100000000000000e+04
7.970781659702118790e-06, 3.368500000000000000e+04
1.594156331940423758e-05, 3.454700000000000000e+04
2.391234497910635807e-05, 3.530800000000000000e+04
3.188312663880847516e-05, 3.595800000000000000e+04
3.985390829851059565e-05, 3.650300000000000000e+04
4.782468995821271613e-05, 3.695200000000000000e+04
5.579547161791483662e-05, 3.732300000000000000e+04
6.376625327761695032e-05, 3.763700000000000000e+04
7.173703493731907758e-05, 3.791000000000000000e+04
7.970781659702119129e-05, 3.816200000000000000e+04
8.767859825672331855e-05, 3.841400000000000000e+04
9.564937991642543226e-05, 3.868100000000000000e+04
1.036201615761275595e-04, 3.897200000000000000e+04
1.115909432358296732e-04, 3.929800000000000000e+04
1.195617248955318005e-04, 3.966600000000000000e+04
1.275325065552339006e-04, 4.007900000000000000e+04
1.355032882149360279e-04, 4.053200000000000000e+04
1.434740698746381552e-04, 4.102000000000000000e+04
1.514448515343402824e-04, 4.153700000000000000e+04
1.594156331940423826e-04, 4.207300000000000000e+04
1.673864148537445098e-04, 4.261500000000000000e+04
1.753571965134466371e-04, 4.315100000000000000e+04
1.833279781731487644e-04, 4.366500000000000000e+04
1.912987598328508645e-04, 4.414000000000000000e+04
1.992695414925529918e-04, 4.456300000000000000e+04
2.072403231522551190e-04, 4.491500000000000000e+04
2.152111048119572192e-04, 4.518600000000000000e+04
2.231818864716593465e-04, 4.536200000000000000e+04
2.311526681313614737e-04, 4.542900000000000000e+04
2.391234497910636010e-04, 4.538200000000000000e+04
2.470942314507657282e-04, 4.521500000000000000e+04
2.550650131104678013e-04, 4.492200000000000000e+04
2.630357947701699286e-04, 4.450200000000000000e+04
2.710065764298720558e-04, 4.395500000000000000e+04
2.789773580895741831e-04, 4.328800000000000000e+04
2.869481397492763103e-04, 4.250700000000000000e+04
2.949189214089784376e-04, 4.162100000000000000e+04
3.028897030686805649e-04, 4.064200000000000000e+04
3.108604847283826379e-04, 3.958500000000000000e+04
3.188312663880847652e-04, 3.846600000000000000e+04
3.268020480477868924e-04, 3.730600000000000000e+04
3.347728297074890197e-04, 3.612300000000000000e+04
3.427436113671911470e-04, 3.493800000000000000e+04
3.507143930268932742e-04, 3.376900000000000000e+04
3.586851746865954015e-04, 3.263900000000000000e+04
3.666559563462975287e-04, 3.156900000000000000e+04
3.746267380059996018e-04, 3.057900000000000000e+04
3.825975196657017290e-04, 2.968400000000000000e+04
3.905683013254038563e-04, 2.889900000000000000e+04
3.985390829851059836e-04, 2.823600000000000000e+04
4.065098646448081108e-04, 2.770900000000000000e+04
4.144806463045102381e-04, 2.732200000000000000e+04
4.224514279642123653e-04, 2.708200000000000000e+04
4.304222096239144384e-04, 2.699500000000000000e+04
4.383929912836165657e-04, 2.706000000000000000e+04
4.463637729433186929e-04, 2.726900000000000000e+04
4.543345546030208202e-04, 2.761900000000000000e+04
4.623053362627229474e-04, 2.810100000000000000e+04
4.702761179224250747e-04, 2.870400000000000000e+04
4.782468995821272020e-04, 2.941100000000000000e+04
4.862176812418292750e-04, 3.020600000000000000e+04
4.941884629015314565e-04, 3.107000000000000000e+04
5.021592445612335295e-04, 3.198500000000000000e+04
5.101300262209356026e-04, 3.293200000000000000e+04
5.181008078806377841e-04, 3.388800000000000000e+04
5.260715895403398571e-04, 3.483000000000000000e+04
5.340423712000420386e-04, 3.573800000000000000e+04
5.420131528597441116e-04, 3.659200000000000000e+04
5.499839345194462931e-04, 3.737200000000000000e+04
5.579547161791483662e-04, 3.806200000000000000e+04
5.659254978388504392e-04, 3.864500000000000000e+04
5.738962794985526207e-04, 3.910600000000000000e+04
5.818670611582546937e-04, 3.943800000000000000e+04
5.898378428179568752e-04, 3.963300000000000000e+04
5.978086244776589482e-04, 3.968600000000000000e+04
6.057794061373611297e-04, 3.959400000000000000e+04
6.137501877970632028e-04, 3.936100000000000000e+04
6.217209694567652758e-04, 3.899100000000000000e+04
6.296917511164674573e-04, 3.849100000000000000e+04
6.376625327761695303e-04, 3.787200000000000000e+04
6.456333144358717118e-04, 3.714600000000000000e+04
6.536040960955737849e-04, 3.632700000000000000e+04
6.615748777552759663e-04, 3.543500000000000000e+04
6.695456594149780394e-04, 3.448900000000000000e+04
6.775164410746802209e-04, 3.350900000000000000e+04
6.854872227343822939e-04, 3.251500000000000000e+04
6.934580043940843670e-04, 3.152600000000000000e+04
7.014287860537865484e-04, 3.056400000000000000e+04
7.093995677134886215e-04, 2.965200000000000000e+04
7.173703493731908029e-04, 2.880800000000000000e+04
7.253411310328928760e-04, 2.805000000000000000e+04
7.333119126925950575e-04, 2.739200000000000000e+04
7.412826943522971305e-04, 2.685000000000000000e+04
7.492534760119992036e-04, 2.643600000000000000e+04
7.572242576717013850e-04, 2.615600000000000000e+04
7.651950393314034581e-04, 2.601800000000000000e+04
7.731658209911056396e-04, 2.602600000000000000e+04
7.811366026508077126e-04, 2.617900000000000000e+04
7.891073843105098941e-04, 2.647000000000000000e+04
7.970781659702119671e-04, 2.689600000000000000e+04
8.050489476299140402e-04, 2.744900000000000000e+04
8.130197292896162217e-04, 2.811600000000000000e+04
8.209905109493182947e-04, 2.888000000000000000e+04
8.289612926090204762e-04, 2.972400000000000000e+04
8.369320742687225492e-04, 3.063100000000000000e+04
8.449028559284247307e-04, 3.158300000000000000e+04
8.528736375881268037e-04, 3.256200000000000000e+04
8.608444192478288768e-04, 3.354500000000000000e+04
8.688152009075310583e-04, 3.451000000000000000e+04
8.767859825672331313e-04, 3.543700000000000000e+04
8.847567642269353128e-04, 3.630800000000000000e+04
8.927275458866373858e-04, 3.710400000000000000e+04
9.006983275463395673e-04, 3.780800000000000000e+04
9.086691092060416404e-04, 3.840400000000000000e+04
9.166398908657437134e-04, 3.887800000000000000e+04
9.246106725254458949e-04, 3.922100000000000000e+04
9.325814541851479679e-04, 3.942600000000000000e+04
9.405522358448501494e-04, 3.948700000000000000e+04
9.485230175045522225e-04, 3.940200000000000000e+04
9.564937991642544039e-04, 3.917400000000000000e+04
9.644645808239564770e-04, 3.880900000000000000e+04
9.724353624836585500e-04, 3.831300000000000000e+04
9.804061441433607315e-04, 3.769800000000000000e+04
9.883769258030629130e-04, 3.697600000000000000e+04
9.963477074627648776e-04, 3.616200000000000000e+04
1.004318489122467059e-03, 3.527500000000000000e+04
1.012289270782169241e-03, 3.433500000000000000e+04
1.020260052441871205e-03, 3.336100000000000000e+04
1.028230834101573387e-03, 3.237300000000000000e+04
1.036201615761275568e-03, 3.139200000000000000e+04
1.044172397420977750e-03, 3.044000000000000000e+04
1.052143179080679714e-03, 2.953900000000000000e+04
1.060113960740381896e-03, 2.870700000000000000e+04
1.068084742400084077e-03, 2.796300000000000000e+04
1.076055524059786042e-03, 2.731900000000000000e+04
1.084026305719488223e-03, 2.678900000000000000e+04
1.091997087379190405e-03, 2.638600000000000000e+04
1.099967869038892586e-03, 2.611600000000000000e+04
1.107938650698594551e-03, 2.598700000000000000e+04
1.115909432358296732e-03, 2.600400000000000000e+04
1.123880214017998914e-03, 2.616400000000000000e+04
1.131850995677700878e-03, 2.646300000000000000e+04
1.139821777337403060e-03, 2.689700000000000000e+04
1.147792558997105241e-03, 2.745800000000000000e+04
1.155763340656807423e-03, 2.813300000000000000e+04
1.163734122316509387e-03, 2.890500000000000000e+04
1.171704903976211569e-03, 2.976000000000000000e+04
1.179675685635913750e-03, 3.067700000000000000e+04
1.187646467295615715e-03, 3.163900000000000000e+04
1.195617248955317896e-03, 3.262500000000000000e+04
1.203588030615020078e-03, 3.361300000000000000e+04
1.211558812274722259e-03, 3.457900000000000000e+04
1.219529593934424224e-03, 3.550400000000000000e+04
1.227500375594126406e-03, 3.636900000000000000e+04
1.235471157253828587e-03, 3.715500000000000000e+04
1.243441938913530552e-03, 3.784800000000000000e+04
1.251412720573232733e-03, 3.843000000000000000e+04
1.259383502232934915e-03, 3.888900000000000000e+04
1.267354283892637096e-03, 3.921600000000000000e+04
1.275325065552339061e-03, 3.940300000000000000e+04
1.283295847212041242e-03, 3.944700000000000000e+04
1.291266628871743424e-03, 3.934400000000000000e+04
1.299237410531445605e-03, 3.910100000000000000e+04
1.307208192191147570e-03, 3.872200000000000000e+04
1.315178973850849751e-03, 3.821400000000000000e+04
1.323149755510551933e-03, 3.758800000000000000e+04
1.331120537170253897e-03, 3.685600000000000000e+04
1.339091318829956079e-03, 3.603400000000000000e+04
1.347062100489658260e-03, 3.514200000000000000e+04
1.355032882149360442e-03, 3.419800000000000000e+04
1.363003663809062406e-03, 3.322300000000000000e+04
1.370974445468764588e-03, 3.223600000000000000e+04
1.378945227128466769e-03, 3.125800000000000000e+04
1.386916008788168734e-03, 3.031200000000000000e+04
1.394886790447870915e-03, 2.941800000000000000e+04
1.402857572107573097e-03, 2.859400000000000000e+04
1.410828353767275278e-03, 2.785800000000000000e+04
1.418799135426977243e-03, 2.722300000000000000e+04
1.426769917086679424e-03, 2.670600000000000000e+04
1.434740698746381606e-03, 2.631600000000000000e+04
1.442711480406083571e-03, 2.606100000000000000e+04
1.450682262065785752e-03, 2.594800000000000000e+04
1.458653043725487933e-03, 2.598100000000000000e+04
1.466623825385190115e-03, 2.615800000000000000e+04
1.474594607044892080e-03, 2.647300000000000000e+04
1.482565388704594261e-03, 2.692300000000000000e+04
1.490536170364296443e-03, 2.749800000000000000e+04
1.498506952023998407e-03, 2.818500000000000000e+04
1.506477733683700589e-03, 2.896900000000000000e+04
1.514448515343402770e-03, 2.983200000000000000e+04
1.522419297003104952e-03, 3.075600000000000000e+04
1.530390078662806916e-03, 3.172300000000000000e+04
1.538360860322509098e-03, 3.271300000000000000e+04
1.546331641982211279e-03, 3.370400000000000000e+04
1.554302423641913244e-03, 3.467300000000000000e+04
1.562273205301615425e-03, 3.560000000000000000e+04
1.570243986961317607e-03, 3.646700000000000000e+04
1.578214768621019788e-03, 3.725200000000000000e+04
1.586185550280721753e-03, 3.794300000000000000e+04
1.594156331940423934e-03, 3.852000000000000000e+04
1.602127113600126116e-03, 3.897100000000000000e+04
1.610097895259828080e-03, 3.928900000000000000e+04
1.618068676919530262e-03, 3.946700000000000000e+04
1.626039458579232443e-03, 3.950000000000000000e+04
1.634010240238934625e-03, 3.938700000000000000e+04
1.641981021898636589e-03, 3.913300000000000000e+04
1.649951803558338771e-03, 3.874300000000000000e+04
1.657922585218040952e-03, 3.822500000000000000e+04
1.665893366877742917e-03, 3.758800000000000000e+04
1.673864148537445098e-03, 3.684700000000000000e+04
1.681834930197147280e-03, 3.601700000000000000e+04
1.689805711856849461e-03, 3.511800000000000000e+04
1.697776493516551426e-03, 3.416900000000000000e+04
1.705747275176253607e-03, 3.319100000000000000e+04
1.713718056835955789e-03, 3.220200000000000000e+04
1.721688838495657754e-03, 3.122600000000000000e+04
1.729659620155359935e-03, 3.028600000000000000e+04
1.737630401815062117e-03, 2.940000000000000000e+04
1.745601183474764298e-03, 2.858700000000000000e+04
1.753571965134466263e-03, 2.786500000000000000e+04
1.761542746794168444e-03, 2.724500000000000000e+04
1.769513528453870626e-03, 2.674400000000000000e+04
1.777484310113572590e-03, 2.637100000000000000e+04
1.785455091773274772e-03, 2.613300000000000000e+04
1.793425873432976953e-03, 2.603800000000000000e+04
1.801396655092679135e-03, 2.608800000000000000e+04
1.809367436752381099e-03, 2.628100000000000000e+04
1.817338218412083281e-03, 2.661000000000000000e+04
1.825309000071785462e-03, 2.707200000000000000e+04
1.833279781731487427e-03, 2.765800000000000000e+04
1.841250563391189608e-03, 2.835400000000000000e+04
1.849221345050891790e-03, 2.914400000000000000e+04
1.857192126710593971e-03, 3.001100000000000000e+04
1.865162908370295936e-03, 3.093900000000000000e+04
1.873133690029998117e-03, 3.190700000000000000e+04
1.881104471689700299e-03, 3.289500000000000000e+04
1.889075253349402263e-03, 3.388100000000000000e+04
1.897046035009104445e-03, 3.484300000000000000e+04
1.905016816668806626e-03, 3.576200000000000000e+04
1.912987598328508808e-03, 3.661800000000000000e+04
1.920958379988210772e-03, 3.739400000000000000e+04
1.928929161647912954e-03, 3.807400000000000000e+04
1.936899943307615135e-03, 3.864000000000000000e+04
1.944870724967317100e-03, 3.908200000000000000e+04
1.952841506627019282e-03, 3.939000000000000000e+04
1.960812288286721463e-03, 3.955800000000000000e+04
1.968783069946423644e-03, 3.958100000000000000e+04
1.976753851606125826e-03, 3.945700000000000000e+04
1.984724633265827574e-03, 3.919300000000000000e+04
1.992695414925529755e-03, 3.879100000000000000e+04
2.000666196585231937e-03, 3.826100000000000000e+04
2.008636978244934118e-03, 3.761500000000000000e+04
2.016607759904636300e-03, 3.686500000000000000e+04
2.024578541564338481e-03, 3.602600000000000000e+04
2.032549323224040663e-03, 3.512100000000000000e+04
2.040520104883742410e-03, 3.416800000000000000e+04
2.048490886543444592e-03, 3.318900000000000000e+04
2.056461668203146773e-03, 3.220300000000000000e+04
2.064432449862848955e-03, 3.123000000000000000e+04
2.072403231522551136e-03, 3.029200000000000000e+04
2.080374013182253318e-03, 2.941100000000000000e+04
2.088344794841955499e-03, 2.860300000000000000e+04
2.096315576501657247e-03, 2.788600000000000000e+04
2.104286358161359428e-03, 2.727300000000000000e+04
2.112257139821061610e-03, 2.678000000000000000e+04
2.120227921480763791e-03, 2.641700000000000000e+04
2.128198703140465973e-03, 2.618900000000000000e+04
2.136169484800168154e-03, 2.610300000000000000e+04
2.144140266459870336e-03, 2.616300000000000000e+04
2.152111048119572084e-03, 2.636400000000000000e+04
2.160081829779274265e-03, 2.670100000000000000e+04
2.168052611438976447e-03, 2.717100000000000000e+04
2.176023393098678628e-03, 2.776400000000000000e+04
2.183994174758380809e-03, 2.846600000000000000e+04
2.191964956418082991e-03, 2.926000000000000000e+04
2.199935738077785172e-03, 3.013100000000000000e+04
2.207906519737486920e-03, 3.106000000000000000e+04
2.215877301397189102e-03, 3.202700000000000000e+04
2.223848083056891283e-03, 3.301300000000000000e+04
2.231818864716593465e-03, 3.399500000000000000e+04
2.239789646376295646e-03, 3.495300000000000000e+04
2.247760428035997828e-03, 3.586600000000000000e+04
2.255731209695700009e-03, 3.671500000000000000e+04
2.263701991355401757e-03, 3.748100000000000000e+04
2.271672773015103938e-03, 3.815000000000000000e+04
2.279643554674806120e-03, 3.870400000000000000e+04
2.287614336334508301e-03, 3.913200000000000000e+04
2.295585117994210483e-03, 3.942500000000000000e+04
2.303555899653912664e-03, 3.957700000000000000e+04
2.311526681313614846e-03, 3.958300000000000000e+04
2.319497462973316593e-03, 3.944400000000000000e+04
2.327468244633018775e-03, 3.916400000000000000e+04
2.335439026292720956e-03, 3.874800000000000000e+04
2.343409807952423138e-03, 3.820600000000000000e+04
2.351380589612125319e-03, 3.754800000000000000e+04
2.359351371271827501e-03, 3.678800000000000000e+04
2.367322152931529682e-03, 3.594200000000000000e+04
2.375292934591231430e-03, 3.503000000000000000e+04
2.383263716250933612e-03, 3.407100000000000000e+04
2.391234497910635793e-03, 3.308600000000000000e+04
2.399205279570337974e-03, 3.209400000000000000e+04
2.407176061230040156e-03, 3.111600000000000000e+04
2.415146842889742337e-03, 3.017600000000000000e+04
2.423117624549444519e-03, 2.929400000000000000e+04
2.431088406209146267e-03, 2.848800000000000000e+04
2.439059187868848448e-03, 2.777600000000000000e+04
2.447029969528550630e-03, 2.717000000000000000e+04
2.455000751188252811e-03, 2.668700000000000000e+04
2.462971532847954993e-03, 2.633300000000000000e+04
2.470942314507657174e-03, 2.611500000000000000e+04
2.478913096167359355e-03, 2.604100000000000000e+04
2.486883877827061103e-03, 2.611300000000000000e+04
2.494854659486763285e-03, 2.632600000000000000e+04
2.502825441146465466e-03, 2.667500000000000000e+04
2.510796222806167648e-03, 2.715700000000000000e+04
2.518767004465869829e-03, 2.776200000000000000e+04
2.526737786125572011e-03, 2.847300000000000000e+04
2.534708567785274192e-03, 2.927700000000000000e+04
2.542679349444975940e-03, 3.015500000000000000e+04
2.550650131104678121e-03, 3.108900000000000000e+04
2.558620912764380303e-03, 3.206100000000000000e+04
2.566591694424082484e-03, 3.305100000000000000e+04
2.574562476083784666e-03, 3.403500000000000000e+04
2.582533257743486847e-03, 3.499200000000000000e+04
2.590504039403189029e-03, 3.590300000000000000e+04
2.598474821062891210e-03, 3.674800000000000000e+04
2.606445602722592958e-03, 3.750700000000000000e+04
2.614416384382295139e-03, 3.816800000000000000e+04
2.622387166041997321e-03, 3.871200000000000000e+04
2.630357947701699502e-03, 3.912700000000000000e+04
2.638328729361401684e-03, 3.940800000000000000e+04
2.646299511021103865e-03, 3.954700000000000000e+04
2.654270292680806047e-03, 3.954000000000000000e+04
2.662241074340507795e-03, 3.938800000000000000e+04
2.670211856000209976e-03, 3.909700000000000000e+04
2.678182637659912158e-03, 3.867100000000000000e+04
2.686153419319614339e-03, 3.811800000000000000e+04
2.694124200979316520e-03, 3.745200000000000000e+04
2.702094982639018702e-03, 3.668400000000000000e+04
2.710065764298720883e-03, 3.583200000000000000e+04
2.718036545958422631e-03, 3.491600000000000000e+04
2.726007327618124813e-03, 3.395500000000000000e+04
2.733978109277826994e-03, 3.297100000000000000e+04
2.741948890937529176e-03, 3.198100000000000000e+04
2.749919672597231357e-03, 3.100700000000000000e+04
2.757890454256933539e-03, 3.007200000000000000e+04
2.765861235916635720e-03, 2.919500000000000000e+04
2.773832017576337468e-03, 2.839500000000000000e+04
2.781802799236039649e-03, 2.768800000000000000e+04
2.789773580895741831e-03, 2.708800000000000000e+04
2.797744362555444012e-03, 2.661000000000000000e+04
2.805715144215146194e-03, 2.626300000000000000e+04
2.813685925874848375e-03, 2.605300000000000000e+04
2.821656707534550557e-03, 2.598800000000000000e+04
2.829627489194252304e-03, 2.607000000000000000e+04
2.837598270853954486e-03, 2.629300000000000000e+04
2.845569052513656667e-03, 2.665300000000000000e+04
2.853539834173358849e-03, 2.714500000000000000e+04
2.861510615833061030e-03, 2.775800000000000000e+04
2.869481397492763212e-03, 2.847800000000000000e+04
2.877452179152465393e-03, 2.928800000000000000e+04
2.885422960812167141e-03, 3.017300000000000000e+04
2.893393742471869323e-03, 3.111300000000000000e+04
2.901364524131571504e-03, 3.208900000000000000e+04
2.909335305791273685e-03, 3.308000000000000000e+04
2.917306087450975867e-03, 3.406400000000000000e+04
2.925276869110678048e-03, 3.501900000000000000e+04
2.933247650770380230e-03, 3.592600000000000000e+04
2.941218432430081978e-03, 3.676600000000000000e+04
2.949189214089784159e-03, 3.751800000000000000e+04
2.957159995749486341e-03, 3.816800000000000000e+04
2.965130777409188522e-03, 3.870000000000000000e+04
2.973101559068890704e-03, 3.910500000000000000e+04
2.981072340728592885e-03, 3.937400000000000000e+04
2.989043122388295066e-03, 3.950100000000000000e+04
2.997013904047996814e-03, 3.948300000000000000e+04
3.004984685707698996e-03, 3.932100000000000000e+04
3.012955467367401177e-03, 3.901900000000000000e+04
3.020926249027103359e-03, 3.858300000000000000e+04
3.028897030686805540e-03, 3.802100000000000000e+04
3.036867812346507722e-03, 3.734700000000000000e+04
3.044838594006209903e-03, 3.657300000000000000e+04
3.052809375665911651e-03, 3.571600000000000000e+04
3.060780157325613832e-03, 3.479800000000000000e+04
3.068750938985316014e-03, 3.383700000000000000e+04
3.076721720645018195e-03, 3.285300000000000000e+04
3.084692502304720377e-03, 3.186400000000000000e+04
3.092663283964422558e-03, 3.089400000000000000e+04
3.100634065624124740e-03, 2.996400000000000000e+04
3.108604847283826488e-03, 2.909500000000000000e+04
3.116575628943528669e-03, 2.830500000000000000e+04
3.124546410603230850e-03, 2.760800000000000000e+04
3.132517192262933032e-03, 2.702100000000000000e+04
3.140487973922635213e-03, 2.655800000000000000e+04
3.148458755582337395e-03, 2.622600000000000000e+04
3.156429537242039576e-03, 2.603300000000000000e+04
3.164400318901741324e-03, 2.598400000000000000e+04
3.172371100561443506e-03, 2.608100000000000000e+04
3.180341882221145687e-03, 2.631900000000000000e+04
3.188312663880847869e-03, 2.669200000000000000e+04
3.196283445540550050e-03, 2.719700000000000000e+04
3.204254227200252231e-03, 2.782200000000000000e+04
3.212225008859954413e-03, 2.855200000000000000e+04
3.220195790519656161e-03, 2.937100000000000000e+04
3.228166572179358342e-03, 3.026200000000000000e+04
3.236137353839060524e-03, 3.120600000000000000e+04
3.244108135498762705e-03, 3.218500000000000000e+04
3.252078917158464887e-03, 3.317600000000000000e+04
3.260049698818167068e-03, 3.415800000000000000e+04
3.268020480477869250e-03, 3.510900000000000000e+04
3.275991262137570997e-03, 3.600800000000000000e+04
3.283962043797273179e-03, 3.683600000000000000e+04
3.291932825456975360e-03, 3.757700000000000000e+04
3.299903607116677542e-03, 3.821500000000000000e+04
3.307874388776379723e-03, 3.873500000000000000e+04
3.315845170436081905e-03, 3.912600000000000000e+04
3.323815952095784086e-03, 3.938300000000000000e+04
3.331786733755485834e-03, 3.949800000000000000e+04
3.339757515415188015e-03, 3.946900000000000000e+04
3.347728297074890197e-03, 3.929900000000000000e+04
3.355699078734592378e-03, 3.899200000000000000e+04
3.363669860394294560e-03, 3.855100000000000000e+04
3.371640642053996741e-03, 3.798700000000000000e+04
3.379611423713698923e-03, 3.731000000000000000e+04
3.387582205373400671e-03, 3.653600000000000000e+04
3.395552987033102852e-03, 3.567900000000000000e+04
3.403523768692805034e-03, 3.476400000000000000e+04
3.411494550352507215e-03, 3.380900000000000000e+04
3.419465332012209396e-03, 3.283400000000000000e+04
3.427436113671911578e-03, 3.185700000000000000e+04
3.435406895331613759e-03, 3.089900000000000000e+04
3.443377676991315507e-03, 2.998300000000000000e+04
3.451348458651017689e-03, 2.912800000000000000e+04
3.459319240310719870e-03, 2.835300000000000000e+04
3.467290021970422052e-03, 2.767300000000000000e+04
3.475260803630124233e-03, 2.710300000000000000e+04
3.483231585289826415e-03, 2.665600000000000000e+04
3.491202366949528596e-03, 2.634000000000000000e+04
3.499173148609230344e-03, 2.616100000000000000e+04
3.507143930268932525e-03, 2.612500000000000000e+04
3.515114711928634707e-03, 2.623400000000000000e+04
3.523085493588336888e-03, 2.648200000000000000e+04
3.531056275248039070e-03, 2.686500000000000000e+04
3.539027056907741251e-03, 2.737800000000000000e+04
3.546997838567443433e-03, 2.800900000000000000e+04
3.554968620227145180e-03, 2.874400000000000000e+04
3.562939401886847362e-03, 2.956500000000000000e+04
3.570910183546549543e-03, 3.045800000000000000e+04
3.578880965206251725e-03, 3.140100000000000000e+04
3.586851746865953906e-03, 3.237600000000000000e+04
3.594822528525656088e-03, 3.336100000000000000e+04
3.602793310185358269e-03, 3.433200000000000000e+04
3.610764091845060017e-03, 3.527000000000000000e+04
3.618734873504762199e-03, 3.615600000000000000e+04
3.626705655164464380e-03, 3.697100000000000000e+04
3.634676436824166561e-03, 3.769700000000000000e+04
3.642647218483868743e-03, 3.832100000000000000e+04
3.650618000143570924e-03, 3.882500000000000000e+04
3.658588781803273106e-03, 3.920100000000000000e+04
3.666559563462974854e-03, 3.944000000000000000e+04
3.674530345122677035e-03, 3.953700000000000000e+04
3.682501126782379217e-03, 3.948800000000000000e+04
3.690471908442081398e-03, 3.929700000000000000e+04
3.698442690101783580e-03, 3.896700000000000000e+04
3.706413471761485761e-03, 3.850600000000000000e+04
3.714384253421187942e-03, 3.792200000000000000e+04
3.722355035080889690e-03, 3.722800000000000000e+04
3.730325816740591872e-03, 3.644100000000000000e+04
3.738296598400294053e-03, 3.557600000000000000e+04
3.746267380059996235e-03, 3.465400000000000000e+04
3.754238161719698416e-03, 3.369300000000000000e+04
3.762208943379400598e-03, 3.271300000000000000e+04
3.770179725039102779e-03, 3.173300000000000000e+04
3.778150506698804527e-03, 3.077500000000000000e+04
3.786121288358506708e-03, 2.986000000000000000e+04
3.794092070018208890e-03, 2.900700000000000000e+04
3.802062851677911071e-03, 2.823500000000000000e+04
3.810033633337613253e-03, 2.755800000000000000e+04
3.818004414997315434e-03, 2.699100000000000000e+04
3.825975196657017616e-03, 2.654800000000000000e+04
3.833945978316719363e-03, 2.623700000000000000e+04
3.841916759976421545e-03, 2.606400000000000000e+04
3.849887541636123726e-03, 2.603600000000000000e+04
3.857858323295825908e-03, 2.615500000000000000e+04
3.865829104955528089e-03, 2.641200000000000000e+04
3.873799886615230271e-03, 2.680500000000000000e+04
3.881770668274932452e-03, 2.732800000000000000e+04
3.889741449934634200e-03, 2.796900000000000000e+04
3.897712231594336382e-03, 2.871200000000000000e+04
3.905683013254038563e-03, 2.954100000000000000e+04
3.913653794913740311e-03, 3.044000000000000000e+04
3.921624576573442926e-03, 3.138900000000000000e+04
3.929595358233144674e-03, 3.236900000000000000e+04
3.937566139892847289e-03, 3.335900000000000000e+04
3.945536921552549037e-03, 3.433600000000000000e+04
3.953507703212251652e-03, 3.528000000000000000e+04
3.961478484871953400e-03, 3.617100000000000000e+04
3.969449266531655147e-03, 3.698800000000000000e+04
3.977420048191357763e-03, 3.771600000000000000e+04
3.985390829851059510e-03, 3.833800000000000000e+04
3.993361611510762126e-03, 3.883800000000000000e+04
4.001332393170463873e-03, 3.920800000000000000e+04
4.009303174830166488e-03, 3.944100000000000000e+04
4.017273956489868236e-03, 3.953100000000000000e+04
4.025244738149569984e-03, 3.947500000000000000e+04
4.033215519809272599e-03, 3.927600000000000000e+04
4.041186301468974347e-03, 3.893900000000000000e+04
4.049157083128676962e-03, 3.847000000000000000e+04
4.057127864788378710e-03, 3.787800000000000000e+04
4.065098646448081325e-03, 3.717600000000000000e+04
4.073069428107783073e-03, 3.637900000000000000e+04
4.081040209767484821e-03, 3.550400000000000000e+04
4.089010991427187436e-03, 3.457200000000000000e+04
4.096981773086889184e-03, 3.360200000000000000e+04
4.104952554746591799e-03, 3.261500000000000000e+04
4.112923336406293547e-03, 3.162800000000000000e+04
4.120894118065996162e-03, 3.066500000000000000e+04
4.128864899725697910e-03, 2.974800000000000000e+04
4.136835681385399657e-03, 2.889700000000000000e+04
4.144806463045102272e-03, 2.812800000000000000e+04
4.152777244704804020e-03, 2.745700000000000000e+04
4.160748026364506635e-03, 2.689800000000000000e+04
4.168718808024208383e-03, 2.646600000000000000e+04
4.176689589683910998e-03, 2.616700000000000000e+04
4.184660371343612746e-03, 2.600800000000000000e+04
4.192631153003314494e-03, 2.599500000000000000e+04
4.200601934663017109e-03, 2.612700000000000000e+04
4.208572716322718857e-03, 2.639900000000000000e+04
4.216543497982421472e-03, 2.680600000000000000e+04
4.224514279642123220e-03, 2.734200000000000000e+04
4.232485061301825835e-03, 2.799400000000000000e+04
4.240455842961527583e-03, 2.874700000000000000e+04
4.248426624621229331e-03, 2.958600000000000000e+04
4.256397406280931946e-03, 3.049200000000000000e+04
4.264368187940633693e-03, 3.144700000000000000e+04
4.272338969600336309e-03, 3.243100000000000000e+04
4.280309751260038056e-03, 3.342200000000000000e+04
4.288280532919740672e-03, 3.439800000000000000e+04
4.296251314579442419e-03, 3.533900000000000000e+04
4.304222096239144167e-03, 3.622400000000000000e+04
4.312192877898846782e-03, 3.703300000000000000e+04
4.320163659558548530e-03, 3.775000000000000000e+04
4.328134441218251145e-03, 3.836000000000000000e+04
4.336105222877952893e-03, 3.884900000000000000e+04
4.344076004537655508e-03, 3.920700000000000000e+04
4.352046786197357256e-03, 3.942800000000000000e+04
4.360017567857059004e-03, 3.950600000000000000e+04
4.367988349516761619e-03, 3.943800000000000000e+04
4.375959131176463367e-03, 3.922700000000000000e+04
4.383929912836165982e-03, 3.887800000000000000e+04
4.391900694495867730e-03, 3.839800000000000000e+04
4.399871476155570345e-03, 3.779700000000000000e+04
4.407842257815272093e-03, 3.708700000000000000e+04
4.415813039474973840e-03, 3.628300000000000000e+04
4.423783821134676456e-03, 3.540400000000000000e+04
4.431754602794378203e-03, 3.446900000000000000e+04
4.439725384454080818e-03, 3.349700000000000000e+04
4.447696166113782566e-03, 3.250900000000000000e+04
4.455666947773485181e-03, 3.152400000000000000e+04
4.463637729433186929e-03, 3.056600000000000000e+04
4.471608511092888677e-03, 2.965500000000000000e+04
4.479579292752591292e-03, 2.881200000000000000e+04
4.487550074412293040e-03, 2.805200000000000000e+04
4.495520856071995655e-03, 2.739200000000000000e+04
4.503491637731697403e-03, 2.684400000000000000e+04
4.511462419391400018e-03, 2.642100000000000000e+04
4.519433201051101766e-03, 2.613000000000000000e+04
4.527403982710803514e-03, 2.597900000000000000e+04
4.535374764370506129e-03, 2.597400000000000000e+04
4.543345546030207877e-03, 2.611300000000000000e+04
4.551316327689910492e-03, 2.639100000000000000e+04
4.559287109349612239e-03, 2.680500000000000000e+04
4.567257891009314855e-03, 2.734800000000000000e+04
4.575228672669016602e-03, 2.800700000000000000e+04
4.583199454328718350e-03, 2.876600000000000000e+04
4.591170235988420965e-03, 2.960900000000000000e+04
4.599141017648122713e-03, 3.051900000000000000e+04
4.607111799307825328e-03, 3.147600000000000000e+04
4.615082580967527076e-03, 3.246000000000000000e+04
4.623053362627229691e-03, 3.345100000000000000e+04
4.631024144286931439e-03, 3.442600000000000000e+04
4.638994925946633187e-03, 3.536500000000000000e+04
4.646965707606335802e-03, 3.624900000000000000e+04
4.654936489266037550e-03, 3.705600000000000000e+04
4.662907270925740165e-03, 3.777200000000000000e+04
4.670878052585441913e-03, 3.838000000000000000e+04
4.678848834245144528e-03, 3.886500000000000000e+04
4.686819615904846276e-03, 3.922000000000000000e+04
4.694790397564548023e-03, 3.943500000000000000e+04
4.702761179224250639e-03, 3.950600000000000000e+04
4.710731960883952386e-03, 3.943000000000000000e+04
4.718702742543655002e-03, 3.921200000000000000e+04
4.726673524203356749e-03, 3.885500000000000000e+04
4.734644305863059364e-03, 3.836800000000000000e+04
4.742615087522761112e-03, 3.776000000000000000e+04
4.750585869182462860e-03, 3.704400000000000000e+04
4.758556650842165475e-03, 3.623500000000000000e+04
4.766527432501867223e-03, 3.535100000000000000e+04
4.774498214161569838e-03, 3.441200000000000000e+04
4.782468995821271586e-03, 3.343900000000000000e+04
4.790439777480974201e-03, 3.245100000000000000e+04
4.798410559140675949e-03, 3.146800000000000000e+04
4.806381340800377697e-03, 3.051400000000000000e+04
4.814352122460080312e-03, 2.960800000000000000e+04
4.822322904119782060e-03, 2.877000000000000000e+04
4.830293685779484675e-03, 2.801700000000000000e+04
4.838264467439186423e-03, 2.736300000000000000e+04
4.846235249098889038e-03, 2.682400000000000000e+04
4.854206030758590786e-03, 2.641100000000000000e+04
4.862176812418292533e-03, 2.613200000000000000e+04
4.870147594077995148e-03, 2.599400000000000000e+04
4.878118375737696896e-03, 2.600200000000000000e+04
4.886089157397399511e-03, 2.615500000000000000e+04
4.894059939057101259e-03, 2.644600000000000000e+04
4.902030720716803874e-03, 2.687300000000000000e+04
4.910001502376505622e-03, 2.742800000000000000e+04
4.917972284036207370e-03, 2.809600000000000000e+04
4.925943065695909985e-03, 2.886400000000000000e+04
4.933913847355611733e-03, 2.971400000000000000e+04
4.941884629015314348e-03, 3.062800000000000000e+04
4.949855410675016096e-03, 3.158800000000000000e+04
4.957826192334718711e-03, 3.257400000000000000e+04
4.965796973994420459e-03, 3.356500000000000000e+04
4.973767755654122207e-03, 3.453800000000000000e+04
4.981738537313824822e-03, 3.547200000000000000e+04
4.989709318973526569e-03, 3.634800000000000000e+04
4.997680100633229185e-03, 3.714600000000000000e+04
5.005650882292930932e-03, 3.785200000000000000e+04
5.013621663952633548e-03, 3.844700000000000000e+04
5.021592445612335295e-03, 3.891800000000000000e+04
5.029563227272037043e-03, 3.925600000000000000e+04
5.037534008931739658e-03, 3.945600000000000000e+04
5.045504790591441406e-03, 3.951100000000000000e+04
5.053475572251144021e-03, 3.942000000000000000e+04
5.061446353910845769e-03, 3.918700000000000000e+04
5.069417135570548384e-03, 3.881800000000000000e+04
5.077387917230250132e-03, 3.831800000000000000e+04
5.085358698889951880e-03, 3.769900000000000000e+04
5.093329480549654495e-03, 3.697300000000000000e+04
5.101300262209356243e-03, 3.615500000000000000e+04
5.109271043869058858e-03, 3.526500000000000000e+04
5.117241825528760606e-03, 3.432200000000000000e+04
5.125212607188463221e-03, 3.334700000000000000e+04
5.133183388848164969e-03, 3.235900000000000000e+04
5.141154170507866716e-03, 3.137800000000000000e+04
5.149124952167569332e-03, 3.042500000000000000e+04
5.157095733827271079e-03, 2.952300000000000000e+04
5.165066515486973694e-03, 2.869100000000000000e+04
5.173037297146675442e-03, 2.794600000000000000e+04
5.181008078806378057e-03, 2.730200000000000000e+04
5.188978860466079805e-03, 2.677400000000000000e+04
5.196949642125782420e-03, 2.637500000000000000e+04
5.204920423785484168e-03, 2.610900000000000000e+04
5.212891205445185916e-03, 2.598600000000000000e+04
5.220861987104888531e-03, 2.601000000000000000e+04
5.228832768764590279e-03, 2.617700000000000000e+04
5.236803550424292894e-03, 2.648300000000000000e+04
5.244774332083994642e-03, 2.692300000000000000e+04
5.252745113743697257e-03, 2.749000000000000000e+04
5.260715895403399005e-03, 2.816900000000000000e+04
5.268686677063100753e-03, 2.894500000000000000e+04
5.276657458722803368e-03, 2.980200000000000000e+04
5.284628240382505115e-03, 3.072300000000000000e+04
5.292599022042207731e-03, 3.168700000000000000e+04
5.300569803701909478e-03, 3.267500000000000000e+04
5.308540585361612094e-03, 3.366500000000000000e+04
5.316511367021313841e-03, 3.463500000000000000e+04
5.324482148681015589e-03, 3.556400000000000000e+04
5.332452930340718204e-03, 3.643400000000000000e+04
5.340423712000419952e-03, 3.722500000000000000e+04
5.348394493660122567e-03, 3.792300000000000000e+04
5.356365275319824315e-03, 3.851200000000000000e+04
5.364336056979526930e-03, 3.897600000000000000e+04
5.372306838639228678e-03, 3.930800000000000000e+04
5.380277620298930426e-03, 3.950100000000000000e+04
5.388248401958633041e-03, 3.954900000000000000e+04
5.396219183618334789e-03, 3.945100000000000000e+04
5.404189965278037404e-03, 3.921000000000000000e+04
5.412160746937739152e-03, 3.883200000000000000e+04
5.420131528597441767e-03, 3.832400000000000000e+04
5.428102310257143515e-03, 3.769600000000000000e+04
5.436073091916845262e-03, 3.696400000000000000e+04
5.444043873576547878e-03, 3.614000000000000000e+04
5.452014655236249625e-03, 3.524500000000000000e+04
5.459985436895952240e-03, 3.429900000000000000e+04
5.467956218555653988e-03, 3.332500000000000000e+04
5.475927000215356603e-03, 3.234000000000000000e+04
5.483897781875058351e-03, 3.136500000000000000e+04
5.491868563534760099e-03, 3.042200000000000000e+04
5.499839345194462714e-03, 2.953100000000000000e+04
5.507810126854164462e-03, 2.871200000000000000e+04
5.515780908513867077e-03, 2.798100000000000000e+04
5.523751690173568825e-03, 2.735100000000000000e+04
5.531722471833271440e-03, 2.684000000000000000e+04
5.539693253492973188e-03, 2.645600000000000000e+04
5.547664035152674936e-03, 2.620800000000000000e+04
5.555634816812377551e-03, 2.610000000000000000e+04
5.563605598472079299e-03, 2.613800000000000000e+04
5.571576380131781914e-03, 2.631800000000000000e+04
5.579547161791483662e-03, 2.663500000000000000e+04
5.587517943451186277e-03, 2.708500000000000000e+04
5.595488725110888024e-03, 2.766000000000000000e+04
5.603459506770589772e-03, 2.834600000000000000e+04
5.611430288430292387e-03, 2.912700000000000000e+04
5.619401070089994135e-03, 2.998800000000000000e+04
5.627371851749696750e-03, 3.090900000000000000e+04
5.635342633409398498e-03, 3.187200000000000000e+04
5.643313415069101113e-03, 3.285600000000000000e+04
5.651284196728802861e-03, 3.384100000000000000e+04
5.659254978388504609e-03, 3.480200000000000000e+04
5.667225760048207224e-03, 3.571800000000000000e+04
5.675196541707908972e-03, 3.657300000000000000e+04
5.683167323367611587e-03, 3.734600000000000000e+04
5.691138105027313335e-03, 3.802400000000000000e+04
5.699108886687015950e-03, 3.859000000000000000e+04
5.707079668346717698e-03, 3.903100000000000000e+04
5.715050450006419445e-03, 3.934000000000000000e+04
5.723021231666122061e-03, 3.951100000000000000e+04
5.730992013325823808e-03, 3.953900000000000000e+04
5.738962794985526424e-03, 3.942500000000000000e+04
5.746933576645228171e-03, 3.917000000000000000e+04
5.754904358304930787e-03, 3.878100000000000000e+04
5.762875139964632534e-03, 3.826300000000000000e+04
5.770845921624334282e-03, 3.762900000000000000e+04
5.778816703284036897e-03, 3.689000000000000000e+04
5.786787484943738645e-03, 3.606200000000000000e+04
5.794758266603441260e-03, 3.516400000000000000e+04
5.802729048263143008e-03, 3.421600000000000000e+04
5.810699829922845623e-03, 3.323900000000000000e+04
5.818670611582547371e-03, 3.225100000000000000e+04
5.826641393242249119e-03, 3.127300000000000000e+04
5.834612174901951734e-03, 3.032900000000000000e+04
5.842582956561653482e-03, 2.943900000000000000e+04
5.850553738221356097e-03, 2.862200000000000000e+04
5.858524519881057845e-03, 2.789700000000000000e+04
5.866495301540760460e-03, 2.727500000000000000e+04
5.874466083200462208e-03, 2.677200000000000000e+04
5.882436864860163955e-03, 2.639900000000000000e+04
5.890407646519866570e-03, 2.616000000000000000e+04
5.898378428179568318e-03, 2.606300000000000000e+04
5.906349209839270933e-03, 2.611200000000000000e+04
5.914319991498972681e-03, 2.630300000000000000e+04
5.922290773158675296e-03, 2.662700000000000000e+04
5.930261554818377044e-03, 2.708200000000000000e+04
5.938232336478078792e-03, 2.766100000000000000e+04
5.946203118137781407e-03, 2.834900000000000000e+04
5.954173899797483155e-03, 2.913100000000000000e+04
5.962144681457185770e-03, 2.999200000000000000e+04
5.970115463116887518e-03, 3.091100000000000000e+04
5.978086244776590133e-03, 3.187200000000000000e+04
5.986057026436291881e-03, 3.285400000000000000e+04
5.994027808095993629e-03, 3.383600000000000000e+04
6.001998589755696244e-03, 3.479500000000000000e+04
6.009969371415397991e-03, 3.571100000000000000e+04
6.017940153075100607e-03, 3.656500000000000000e+04
6.025910934734802354e-03, 3.733700000000000000e+04
6.033881716394504970e-03, 3.801300000000000000e+04
6.041852498054206717e-03, 3.857500000000000000e+04
6.049823279713908465e-03, 3.901100000000000000e+04
6.057794061373611080e-03, 3.931400000000000000e+04
6.065764843033312828e-03, 3.947600000000000000e+04
6.073735624693015443e-03, 3.949300000000000000e+04
6.081706406352717191e-03, 3.936600000000000000e+04
6.089677188012419806e-03, 3.909700000000000000e+04
6.097647969672121554e-03, 3.869300000000000000e+04
6.105618751331823302e-03, 3.816300000000000000e+04
6.113589532991525917e-03, 3.751800000000000000e+04
6.121560314651227665e-03, 3.677300000000000000e+04
6.129531096310930280e-03, 3.594100000000000000e+04
6.137501877970632028e-03, 3.504400000000000000e+04
6.145472659630334643e-03, 3.409900000000000000e+04
6.153443441290036391e-03, 3.312600000000000000e+04
6.161414222949738138e-03, 3.214400000000000000e+04
6.169385004609440754e-03, 3.117500000000000000e+04
6.177355786269142501e-03, 3.024200000000000000e+04
6.185326567928845116e-03, 2.936600000000000000e+04
6.193297349588546864e-03, 2.856500000000000000e+04
6.201268131248249479e-03, 2.785400000000000000e+04
6.209238912907951227e-03, 2.724700000000000000e+04
6.217209694567652975e-03, 2.676000000000000000e+04
6.225180476227355590e-03, 2.640100000000000000e+04
6.233151257887057338e-03, 2.617600000000000000e+04
6.241122039546759953e-03, 2.609400000000000000e+04
6.249092821206461701e-03, 2.615800000000000000e+04
6.257063602866164316e-03, 2.636300000000000000e+04
6.265034384525866064e-03, 2.670400000000000000e+04
6.273005166185567812e-03, 2.717700000000000000e+04
6.280975947845270427e-03, 2.777200000000000000e+04
6.288946729504972175e-03, 2.847600000000000000e+04
6.296917511164674790e-03, 2.927200000000000000e+04
6.304888292824376538e-03, 3.014400000000000000e+04
6.312859074484079153e-03, 3.107400000000000000e+04
6.320829856143780900e-03, 3.204200000000000000e+04
6.328800637803482648e-03, 3.302900000000000000e+04
6.336771419463185263e-03, 3.401200000000000000e+04
6.344742201122887011e-03, 3.496900000000000000e+04
6.352712982782589626e-03, 3.588100000000000000e+04
6.360683764442291374e-03, 3.672800000000000000e+04
6.368654546101993989e-03, 3.749000000000000000e+04
6.376625327761695737e-03, 3.815300000000000000e+04
6.384596109421397485e-03, 3.870000000000000000e+04
6.392566891081100100e-03, 3.912100000000000000e+04
6.400537672740801848e-03, 3.940800000000000000e+04
6.408508454400504463e-03, 3.955300000000000000e+04
6.416479236060206211e-03, 3.955400000000000000e+04
6.424450017719908826e-03, 3.941000000000000000e+04
6.432420799379610574e-03, 3.912600000000000000e+04
6.440391581039312321e-03, 3.870700000000000000e+04
6.448362362699014937e-03, 3.816100000000000000e+04
6.456333144358716684e-03, 3.750100000000000000e+04
6.464303926018419300e-03, 3.673900000000000000e+04
6.472274707678121047e-03, 3.589100000000000000e+04
6.480245489337823663e-03, 3.497800000000000000e+04
6.488216270997525410e-03, 3.402000000000000000e+04
6.496187052657227158e-03, 3.303600000000000000e+04
6.504157834316929773e-03, 3.204400000000000000e+04
6.512128615976631521e-03, 3.106800000000000000e+04
6.520099397636334136e-03, 3.012800000000000000e+04
6.528070179296035884e-03, 2.924600000000000000e+04
6.536040960955738499e-03, 2.844100000000000000e+04
6.544011742615440247e-03, 2.772800000000000000e+04
6.551982524275141995e-03, 2.712100000000000000e+04
6.559953305934844610e-03, 2.663600000000000000e+04
6.567924087594546358e-03, 2.628300000000000000e+04
6.575894869254248973e-03, 2.606600000000000000e+04
6.583865650913950721e-03, 2.599300000000000000e+04
6.591836432573653336e-03, 2.606700000000000000e+04
6.599807214233355084e-03, 2.628200000000000000e+04
6.607777995893056831e-03, 2.663400000000000000e+04
6.615748777552759446e-03, 2.711800000000000000e+04
6.623719559212461194e-03, 2.772400000000000000e+04
6.631690340872163809e-03, 2.843800000000000000e+04
6.639661122531865557e-03, 2.924300000000000000e+04
6.647631904191568172e-03, 3.012400000000000000e+04
6.655602685851269920e-03, 3.106100000000000000e+04
6.663573467510971668e-03, 3.203500000000000000e+04
6.671544249170674283e-03, 3.302500000000000000e+04
6.679515030830376031e-03, 3.401000000000000000e+04
6.687485812490078646e-03, 3.496700000000000000e+04
6.695456594149780394e-03, 3.587500000000000000e+04
6.703427375809483009e-03, 3.671500000000000000e+04
6.711398157469184757e-03, 3.747000000000000000e+04
6.719368939128886505e-03, 3.812500000000000000e+04
6.727339720788589120e-03, 3.866400000000000000e+04
6.735310502448290867e-03, 3.907600000000000000e+04
6.743281284107993483e-03, 3.935300000000000000e+04
6.751252065767695230e-03, 3.949000000000000000e+04
6.759222847427397846e-03, 3.948100000000000000e+04
6.767193629087099593e-03, 3.932800000000000000e+04
6.775164410746801341e-03, 3.903400000000000000e+04
6.783135192406503956e-03, 3.860700000000000000e+04
6.791105974066205704e-03, 3.805400000000000000e+04
6.799076755725908319e-03, 3.738700000000000000e+04
6.807047537385610067e-03, 3.662000000000000000e+04
6.815018319045312682e-03, 3.576800000000000000e+04
6.822989100705014430e-03, 3.485600000000000000e+04
6.830959882364716178e-03, 3.390200000000000000e+04
6.838930664024418793e-03, 3.292500000000000000e+04
6.846901445684120541e-03, 3.194400000000000000e+04
6.854872227343823156e-03, 3.097900000000000000e+04
6.862843009003524904e-03, 3.005400000000000000e+04
6.870813790663227519e-03, 2.918800000000000000e+04
6.878784572322929267e-03, 2.839900000000000000e+04
6.886755353982631014e-03, 2.770400000000000000e+04
6.894726135642333630e-03, 2.711600000000000000e+04
6.902696917302035377e-03, 2.665100000000000000e+04
6.910667698961737992e-03, 2.631500000000000000e+04
6.918638480621439740e-03, 2.611600000000000000e+04
6.926609262281142355e-03, 2.606000000000000000e+04
6.934580043940844103e-03, 2.614900000000000000e+04
6.942550825600545851e-03, 2.637800000000000000e+04
6.950521607260248466e-03, 2.674200000000000000e+04
6.958492388919950214e-03, 2.723800000000000000e+04
6.966463170579652829e-03, 2.785500000000000000e+04
6.974433952239354577e-03, 2.857700000000000000e+04
6.982404733899057192e-03, 2.938800000000000000e+04
6.990375515558758940e-03, 3.027300000000000000e+04
6.998346297218460688e-03, 3.121200000000000000e+04
7.006317078878163303e-03, 3.218600000000000000e+04
7.014287860537865051e-03, 3.317400000000000000e+04
7.022258642197567666e-03, 3.415600000000000000e+04
7.030229423857269414e-03, 3.510800000000000000e+04
7.038200205516972029e-03, 3.601300000000000000e+04
7.046170987176673776e-03, 3.684900000000000000e+04
7.054141768836375524e-03, 3.760000000000000000e+04
7.062112550496078139e-03, 3.824900000000000000e+04
7.070083332155779887e-03, 3.878000000000000000e+04
7.078054113815482502e-03, 3.918600000000000000e+04
7.086024895475184250e-03, 3.945700000000000000e+04
7.093995677134886865e-03, 3.958800000000000000e+04
7.101966458794588613e-03, 3.957400000000000000e+04
7.109937240454290361e-03, 3.941600000000000000e+04
7.117908022113992976e-03, 3.911700000000000000e+04
7.125878803773694724e-03, 3.868500000000000000e+04
7.133849585433397339e-03, 3.812600000000000000e+04
7.141820367093099087e-03, 3.745400000000000000e+04
7.149791148752801702e-03, 3.668200000000000000e+04
7.157761930412503450e-03, 3.582500000000000000e+04
7.165732712072205197e-03, 3.490700000000000000e+04
7.173703493731907813e-03, 3.394400000000000000e+04
7.181674275391609560e-03, 3.295800000000000000e+04
7.189645057051312176e-03, 3.196900000000000000e+04
7.197615838711013923e-03, 3.099800000000000000e+04
7.205586620370716538e-03, 3.006700000000000000e+04
7.213557402030418286e-03, 2.919600000000000000e+04
7.221528183690120034e-03, 2.840200000000000000e+04
7.229498965349822649e-03, 2.770200000000000000e+04
7.237469747009524397e-03, 2.711100000000000000e+04
7.245440528669227012e-03, 2.664200000000000000e+04
7.253411310328928760e-03, 2.630500000000000000e+04
7.261382091988631375e-03, 2.610500000000000000e+04
7.269352873648333123e-03, 2.605000000000000000e+04
7.277323655308034871e-03, 2.614200000000000000e+04
7.285294436967737486e-03, 2.637400000000000000e+04
7.293265218627439234e-03, 2.674300000000000000e+04
7.301236000287141849e-03, 2.724400000000000000e+04
7.309206781946843597e-03, 2.786500000000000000e+04
7.317177563606546212e-03, 2.859100000000000000e+04
7.325148345266247960e-03, 2.940600000000000000e+04
7.333119126925949707e-03, 3.029400000000000000e+04
7.341089908585652322e-03, 3.123500000000000000e+04
7.349060690245354070e-03, 3.221100000000000000e+04
7.357031471905056685e-03, 3.320000000000000000e+04
7.365002253564758433e-03, 3.418100000000000000e+04
7.372973035224461048e-03, 3.513000000000000000e+04
7.380943816884162796e-03, 3.603000000000000000e+04
7.388914598543864544e-03, 3.686000000000000000e+04
7.396885380203567159e-03, 3.760300000000000000e+04
7.404856161863268907e-03, 3.824300000000000000e+04
7.412826943522971522e-03, 3.876200000000000000e+04
7.420797725182673270e-03, 3.915300000000000000e+04
7.428768506842375885e-03, 3.940800000000000000e+04
7.436739288502077633e-03, 3.952100000000000000e+04
7.444710070161779381e-03, 3.948800000000000000e+04
7.452680851821481996e-03, 3.931200000000000000e+04
7.460651633481183743e-03, 3.899600000000000000e+04
7.468622415140886359e-03, 3.854700000000000000e+04
7.476593196800588106e-03, 3.797300000000000000e+04
7.484563978460290722e-03, 3.728800000000000000e+04
7.492534760119992469e-03, 3.650500000000000000e+04
7.500505541779694217e-03, 3.564100000000000000e+04
7.508476323439396832e-03, 3.471700000000000000e+04
7.516447105099098580e-03, 3.375200000000000000e+04
7.524417886758801195e-03, 3.276600000000000000e+04
7.532388668418502943e-03, 3.177900000000000000e+04
7.540359450078205558e-03, 3.081100000000000000e+04
7.548330231737907306e-03, 2.988500000000000000e+04
7.556301013397609054e-03, 2.902200000000000000e+04
7.564271795057311669e-03, 2.824000000000000000e+04
7.572242576717013417e-03, 2.755200000000000000e+04
7.580213358376716032e-03, 2.697600000000000000e+04
7.588184140036417780e-03, 2.652300000000000000e+04
7.596154921696120395e-03, 2.620300000000000000e+04
7.604125703355822143e-03, 2.602300000000000000e+04
7.612096485015523890e-03, 2.598700000000000000e+04
7.620067266675226506e-03, 2.609700000000000000e+04
7.628038048334928253e-03, 2.634700000000000000e+04
7.636008829994630868e-03, 2.673300000000000000e+04
7.643979611654332616e-03, 2.725000000000000000e+04
7.651950393314035231e-03, 2.788500000000000000e+04
7.659921174973736979e-03, 2.862300000000000000e+04
7.667891956633438727e-03, 2.944900000000000000e+04
7.675862738293141342e-03, 3.034700000000000000e+04
7.683833519952843090e-03, 3.129500000000000000e+04
7.691804301612545705e-03, 3.227600000000000000e+04
7.699775083272247453e-03, 3.326700000000000000e+04
7.707745864931950068e-03, 3.424700000000000000e+04
7.715716646591651816e-03, 3.519500000000000000e+04
7.723687428251353564e-03, 3.609000000000000000e+04
7.731658209911056179e-03, 3.691200000000000000e+04
7.739628991570757927e-03, 3.764400000000000000e+04
7.747599773230460542e-03, 3.827200000000000000e+04
7.755570554890162289e-03, 3.878000000000000000e+04
7.763541336549864905e-03, 3.915900000000000000e+04
7.771512118209566652e-03, 3.940200000000000000e+04
7.779482899869268400e-03, 3.950300000000000000e+04
7.787453681528971015e-03, 3.945800000000000000e+04
7.795424463188672763e-03, 3.926900000000000000e+04
7.803395244848375378e-03, 3.894100000000000000e+04
7.811366026508077126e-03, 3.848100000000000000e+04
7.819336808167778874e-03, 3.789800000000000000e+04
7.827307589827480622e-03, 3.720400000000000000e+04
7.835278371487184104e-03, 3.641400000000000000e+04
7.843249153146885852e-03, 3.554500000000000000e+04
7.851219934806587600e-03, 3.461900000000000000e+04
7.859190716466289348e-03, 3.365500000000000000e+04
7.867161498125992830e-03, 3.267400000000000000e+04
7.875132279785694578e-03, 3.169500000000000000e+04
7.883103061445396326e-03, 3.073800000000000000e+04
7.891073843105098073e-03, 2.982600000000000000e+04
7.899044624764799821e-03, 2.897700000000000000e+04
7.907015406424503304e-03, 2.821100000000000000e+04
7.914986188084205052e-03, 2.754000000000000000e+04
7.922956969743906799e-03, 2.697800000000000000e+04
7.930927751403608547e-03, 2.653900000000000000e+04
7.938898533063310295e-03, 2.623000000000000000e+04
7.946869314723013777e-03, 2.605900000000000000e+04
7.954840096382715525e-03, 2.603300000000000000e+04
7.962810878042417273e-03, 2.615100000000000000e+04
7.970781659702119021e-03, 2.640800000000000000e+04
7.978752441361822503e-03, 2.680100000000000000e+04
7.986723223021524251e-03, 2.732400000000000000e+04
7.994694004681225999e-03, 2.796400000000000000e+04
8.002664786340927747e-03, 2.870700000000000000e+04
8.010635568000629494e-03, 2.953700000000000000e+04
8.018606349660332977e-03, 3.043600000000000000e+04
8.026577131320034725e-03, 3.138400000000000000e+04
8.034547912979736473e-03, 3.236400000000000000e+04
8.042518694639438220e-03, 3.335200000000000000e+04
8.050489476299139968e-03, 3.432500000000000000e+04
8.058460257958843451e-03, 3.526200000000000000e+04
8.066431039618545198e-03, 3.614700000000000000e+04
8.074401821278246946e-03, 3.695700000000000000e+04
8.082372602937948694e-03, 3.767800000000000000e+04
8.090343384597652177e-03, 3.829500000000000000e+04
8.098314166257353924e-03, 3.879100000000000000e+04
8.106284947917055672e-03, 3.915900000000000000e+04
8.114255729576757420e-03, 3.939200000000000000e+04
8.122226511236459168e-03, 3.948500000000000000e+04
8.130197292896162650e-03, 3.943300000000000000e+04
8.138168074555864398e-03, 3.923900000000000000e+04
8.146138856215566146e-03, 3.890700000000000000e+04
8.154109637875267894e-03, 3.844400000000000000e+04
8.162080419534969641e-03, 3.785900000000000000e+04
8.170051201194673124e-03, 3.716300000000000000e+04
8.178021982854374872e-03, 3.637200000000000000e+04
8.185992764514076619e-03, 3.550200000000000000e+04
8.193963546173778367e-03, 3.457400000000000000e+04
8.201934327833481850e-03, 3.360800000000000000e+04
8.209905109493183598e-03, 3.262400000000000000e+04
8.217875891152885345e-03, 3.164100000000000000e+04
8.225846672812587093e-03, 3.068200000000000000e+04
8.233817454472288841e-03, 2.977000000000000000e+04
8.241788236131992323e-03, 2.892100000000000000e+04
8.249759017791694071e-03, 2.815400000000000000e+04
8.257729799451395819e-03, 2.748400000000000000e+04
8.265700581111097567e-03, 2.692600000000000000e+04
8.273671362770799315e-03, 2.649400000000000000e+04
8.281642144430502797e-03, 2.619300000000000000e+04
8.289612926090204545e-03, 2.603200000000000000e+04
8.297583707749906293e-03, 2.601600000000000000e+04
8.305554489409608040e-03, 2.614700000000000000e+04
8.313525271069311523e-03, 2.641600000000000000e+04
8.321496052729013271e-03, 2.682100000000000000e+04
8.329466834388715019e-03, 2.735600000000000000e+04
8.337437616048416766e-03, 2.800600000000000000e+04
8.345408397708118514e-03, 2.875800000000000000e+04
8.353379179367821997e-03, 2.959500000000000000e+04
8.361349961027523744e-03, 3.050000000000000000e+04
8.369320742687225492e-03, 3.145300000000000000e+04
8.377291524346927240e-03, 3.243600000000000000e+04
8.385262306006628988e-03, 3.342600000000000000e+04
8.393233087666332470e-03, 3.440200000000000000e+04
8.401203869326034218e-03, 3.534300000000000000e+04
8.409174650985735966e-03, 3.622900000000000000e+04
8.417145432645437714e-03, 3.703900000000000000e+04
8.425116214305141196e-03, 3.776000000000000000e+04
8.433086995964842944e-03, 3.837200000000000000e+04
8.441057777624544692e-03, 3.886200000000000000e+04
8.449028559284246440e-03, 3.922100000000000000e+04
8.456999340943948187e-03, 3.944200000000000000e+04
8.464970122603651670e-03, 3.952000000000000000e+04
8.472940904263353418e-03, 3.945100000000000000e+04
8.480911685923055165e-03, 3.924000000000000000e+04
8.488882467582756913e-03, 3.889100000000000000e+04
8.496853249242458661e-03, 3.841000000000000000e+04
8.504824030902162144e-03, 3.780800000000000000e+04
8.512794812561863891e-03, 3.709800000000000000e+04
8.520765594221565639e-03, 3.629300000000000000e+04
8.528736375881267387e-03, 3.541200000000000000e+04
8.536707157540970869e-03, 3.447600000000000000e+04
8.544677939200672617e-03, 3.350400000000000000e+04
8.552648720860374365e-03, 3.251700000000000000e+04
8.560619502520076113e-03, 3.153400000000000000e+04
8.568590284179777861e-03, 3.057900000000000000e+04
8.576561065839481343e-03, 2.967400000000000000e+04
8.584531847499183091e-03, 2.883600000000000000e+04
8.592502629158884839e-03, 2.808300000000000000e+04
8.600473410818586587e-03, 2.743000000000000000e+04
8.608444192478288334e-03, 2.689000000000000000e+04
8.616414974137991817e-03, 2.647600000000000000e+04
8.624385755797693565e-03, 2.619500000000000000e+04
8.632356537457395312e-03, 2.605400000000000000e+04
8.640327319117097060e-03, 2.605900000000000000e+04
8.648298100776800543e-03, 2.620800000000000000e+04
8.656268882436502290e-03, 2.649400000000000000e+04
8.664239664096204038e-03, 2.691600000000000000e+04
8.672210445755905786e-03, 2.746400000000000000e+04
8.680181227415607534e-03, 2.812700000000000000e+04
8.688152009075311016e-03, 2.888800000000000000e+04
8.696122790735012764e-03, 2.973300000000000000e+04
8.704093572394714512e-03, 3.064400000000000000e+04
8.712064354054416260e-03, 3.160100000000000000e+04
8.720035135714118008e-03, 3.258500000000000000e+04
8.728005917373821490e-03, 3.357400000000000000e+04
8.735976699033523238e-03, 3.454600000000000000e+04
8.743947480693224986e-03, 3.548000000000000000e+04
8.751918262352926733e-03, 3.635800000000000000e+04
8.759889044012630216e-03, 3.716000000000000000e+04
8.767859825672331964e-03, 3.787200000000000000e+04
8.775830607332033712e-03, 3.847600000000000000e+04
8.783801388991735459e-03, 3.895700000000000000e+04
8.791772170651437207e-03, 3.930800000000000000e+04
8.799742952311140690e-03, 3.952000000000000000e+04
8.807713733970842437e-03, 3.958900000000000000e+04
8.815684515630544185e-03, 3.951100000000000000e+04
8.823655297290245933e-03, 3.929000000000000000e+04
8.831626078949947681e-03, 3.893100000000000000e+04
8.839596860609651163e-03, 3.844000000000000000e+04
8.847567642269352911e-03, 3.782900000000000000e+04
8.855538423929054659e-03, 3.711000000000000000e+04
8.863509205588756407e-03, 3.629700000000000000e+04
8.871479987248459889e-03, 3.541000000000000000e+04
8.879450768908161637e-03, 3.447000000000000000e+04
8.887421550567863385e-03, 3.349400000000000000e+04
8.895392332227565133e-03, 3.250300000000000000e+04
8.903363113887266880e-03, 3.151700000000000000e+04
8.911333895546970363e-03, 3.056000000000000000e+04
8.919304677206672111e-03, 2.965100000000000000e+04
8.927275458866373858e-03, 2.881100000000000000e+04
8.935246240526075606e-03, 2.805700000000000000e+04
8.943217022185777354e-03, 2.740400000000000000e+04
8.951187803845480837e-03, 2.686700000000000000e+04
8.959158585505182584e-03, 2.645800000000000000e+04
8.967129367164884332e-03, 2.618300000000000000e+04
8.975100148824586080e-03, 2.604900000000000000e+04
8.983070930484289562e-03, 2.606200000000000000e+04
8.991041712143991310e-03, 2.621800000000000000e+04
8.999012493803693058e-03, 2.651300000000000000e+04
9.006983275463394806e-03, 2.694200000000000000e+04
9.014954057123096554e-03, 2.749800000000000000e+04
9.022924838782800036e-03, 2.816800000000000000e+04
9.030895620442501784e-03, 2.893600000000000000e+04
9.038866402102203532e-03, 2.978700000000000000e+04
9.046837183761905279e-03, 3.070200000000000000e+04
9.054807965421607027e-03, 3.166100000000000000e+04
9.062778747081310510e-03, 3.264600000000000000e+04
9.070749528741012258e-03, 3.363400000000000000e+04
9.078720310400714005e-03, 3.460100000000000000e+04
9.086691092060415753e-03, 3.552800000000000000e+04
9.094661873720119236e-03, 3.639600000000000000e+04
9.102632655379820983e-03, 3.718500000000000000e+04
9.110603437039522731e-03, 3.788100000000000000e+04
9.118574218699224479e-03, 3.846800000000000000e+04
9.126545000358926227e-03, 3.893200000000000000e+04
9.134515782018629709e-03, 3.926400000000000000e+04
9.142486563678331457e-03, 3.945800000000000000e+04
9.150457345338033205e-03, 3.950700000000000000e+04
9.158428126997734953e-03, 3.941100000000000000e+04
9.166398908657436700e-03, 3.917400000000000000e+04
9.174369690317140183e-03, 3.879900000000000000e+04
9.182340471976841931e-03, 3.829600000000000000e+04
9.190311253636543679e-03, 3.767300000000000000e+04
9.198282035296245426e-03, 3.694500000000000000e+04
9.206252816955948909e-03, 3.612600000000000000e+04
9.214223598615650657e-03, 3.523400000000000000e+04
9.222194380275352404e-03, 3.429000000000000000e+04
9.230165161935054152e-03, 3.331400000000000000e+04
9.238135943594755900e-03, 3.232500000000000000e+04
9.246106725254459383e-03, 3.134400000000000000e+04
9.254077506914161130e-03, 3.039300000000000000e+04
9.262048288573862878e-03, 2.949400000000000000e+04
9.270019070233564626e-03, 2.866500000000000000e+04
9.277989851893266374e-03, 2.792600000000000000e+04
9.285960633552969856e-03, 2.728900000000000000e+04
9.293931415212671604e-03, 2.676900000000000000e+04
9.301902196872373352e-03, 2.637700000000000000e+04
9.309872978532075100e-03, 2.612000000000000000e+04
9.317843760191778582e-03, 2.600300000000000000e+04
9.325814541851480330e-03, 2.603200000000000000e+04
9.333785323511182078e-03, 2.620400000000000000e+04
9.341756105170883825e-03, 2.651400000000000000e+04
9.349726886830585573e-03, 2.695800000000000000e+04
9.357697668490289056e-03, 2.752800000000000000e+04
9.365668450149990804e-03, 2.821000000000000000e+04
9.373639231809692551e-03, 2.898900000000000000e+04
9.381610013469394299e-03, 2.984800000000000000e+04
9.389580795129096047e-03, 3.076900000000000000e+04
9.397551576788799529e-03, 3.173200000000000000e+04
9.405522358448501277e-03, 3.272000000000000000e+04
9.413493140108203025e-03, 3.371000000000000000e+04
9.421463921767904773e-03, 3.468000000000000000e+04
9.429434703427608255e-03, 3.560800000000000000e+04
9.437405485087310003e-03, 3.647700000000000000e+04
9.445376266747011751e-03, 3.726600000000000000e+04
9.453347048406713499e-03, 3.796100000000000000e+04
9.461317830066415246e-03, 3.854400000000000000e+04
9.469288611726118729e-03, 3.900100000000000000e+04
9.477259393385820477e-03, 3.932600000000000000e+04
9.485230175045522225e-03, 3.951000000000000000e+04
9.493200956705223972e-03, 3.955000000000000000e+04
9.501171738364925720e-03, 3.944300000000000000e+04
9.509142520024629203e-03, 3.919600000000000000e+04
9.517113301684330950e-03, 3.881200000000000000e+04
9.525084083344032698e-03, 3.829800000000000000e+04
9.533054865003734446e-03, 3.766600000000000000e+04
9.541025646663437929e-03, 3.692900000000000000e+04
9.548996428323139676e-03, 3.610200000000000000e+04
9.556967209982841424e-03, 3.520400000000000000e+04
9.564937991642543172e-03, 3.425600000000000000e+04
9.572908773302244920e-03, 3.327700000000000000e+04
9.580879554961948402e-03, 3.228700000000000000e+04
9.588850336621650150e-03, 3.130600000000000000e+04
9.596821118281351898e-03, 3.036000000000000000e+04
9.604791899941053646e-03, 2.946800000000000000e+04
9.612762681600755393e-03, 2.864800000000000000e+04
9.620733463260458876e-03, 2.791800000000000000e+04
9.628704244920160624e-03, 2.729100000000000000e+04
9.636675026579862371e-03, 2.678100000000000000e+04
9.644645808239564119e-03, 2.639900000000000000e+04
9.652616589899267602e-03, 2.615200000000000000e+04
9.660587371558969350e-03, 2.604600000000000000e+04
9.668558153218671097e-03, 2.608600000000000000e+04
9.676528934878372845e-03, 2.627000000000000000e+04
9.684499716538074593e-03, 2.659000000000000000e+04
9.692470498197778075e-03, 2.704400000000000000e+04
9.700441279857479823e-03, 2.762200000000000000e+04
9.708412061517181571e-03, 2.831100000000000000e+04
9.716382843176883319e-03, 2.909500000000000000e+04
9.724353624836585067e-03, 2.995600000000000000e+04
9.732324406496288549e-03, 3.087600000000000000e+04
9.740295188155990297e-03, 3.183500000000000000e+04
9.748265969815692045e-03, 3.281500000000000000e+04
9.756236751475393792e-03, 3.379500000000000000e+04
9.764207533135097275e-03, 3.475200000000000000e+04
9.772178314794799023e-03, 3.566700000000000000e+04
9.780149096454500771e-03, 3.652100000000000000e+04
9.788119878114202518e-03, 3.729500000000000000e+04
9.796090659773904266e-03, 3.797600000000000000e+04
9.804061441433607749e-03, 3.854600000000000000e+04
9.812032223093309496e-03, 3.899300000000000000e+04
9.820003004753011244e-03, 3.930800000000000000e+04
9.827973786412712992e-03, 3.948300000000000000e+04
9.835944568072414740e-03, 3.951400000000000000e+04
9.843915349732118222e-03, 3.940000000000000000e+04
9.851886131391819970e-03, 3.914500000000000000e+04
9.859856913051521718e-03, 3.875300000000000000e+04
9.867827694711223466e-03, 3.823300000000000000e+04
9.875798476370926948e-03, 3.759500000000000000e+04
9.883769258030628696e-03, 3.685300000000000000e+04
9.891740039690330444e-03, 3.602200000000000000e+04
9.899710821350032192e-03, 3.512300000000000000e+04
9.907681603009733939e-03, 3.417300000000000000e+04
9.915652384669437422e-03, 3.319500000000000000e+04
9.923623166329139170e-03, 3.220600000000000000e+04
9.931593947988840917e-03, 3.122800000000000000e+04
9.939564729648542665e-03, 3.028300000000000000e+04
9.947535511308244413e-03, 2.939200000000000000e+04
9.955506292967947896e-03, 2.857500000000000000e+04
9.963477074627649643e-03, 2.784700000000000000e+04
9.971447856287351391e-03, 2.722300000000000000e+04
9.979418637947053139e-03, 2.671900000000000000e+04
9.987389419606756621e-03, 2.634400000000000000e+04
9.995360201266458369e-03, 2.610600000000000000e+04
1.000333098292616012e-02, 2.601000000000000000e+04
1.001130176458586186e-02, 2.606100000000000000e+04
1.001927254624556361e-02, 2.625400000000000000e+04
1.002724332790526710e-02, 2.658400000000000000e+04
1.003521410956496884e-02, 2.704800000000000000e+04
1.004318489122467059e-02, 2.763500000000000000e+04
1.005115567288437234e-02, 2.833300000000000000e+04
1.005912645454407409e-02, 2.912400000000000000e+04
1.006709723620377757e-02, 2.999400000000000000e+04
1.007506801786347932e-02, 3.092300000000000000e+04
1.008303879952318106e-02, 3.189200000000000000e+04
1.009100958118288281e-02, 3.288000000000000000e+04
1.009898036284258629e-02, 3.386700000000000000e+04
1.010695114450228804e-02, 3.482900000000000000e+04
1.011492192616198979e-02, 3.574500000000000000e+04
1.012289270782169154e-02, 3.659600000000000000e+04
1.013086348948139329e-02, 3.736400000000000000e+04
1.013883427114109677e-02, 3.803600000000000000e+04
1.014680505280079852e-02, 3.859300000000000000e+04
1.015477583446050026e-02, 3.902500000000000000e+04
1.016274661612020201e-02, 3.932400000000000000e+04
1.017071739777990376e-02, 3.948200000000000000e+04
1.017868817943960724e-02, 3.949600000000000000e+04
1.018665896109930899e-02, 3.936400000000000000e+04
1.019462974275901074e-02, 3.909200000000000000e+04
1.020260052441871249e-02, 3.868400000000000000e+04
1.021057130607841597e-02, 3.815000000000000000e+04
1.021854208773811772e-02, 3.750000000000000000e+04
1.022651286939781946e-02, 3.674700000000000000e+04
1.023448365105752121e-02, 3.590800000000000000e+04
1.024245443271722296e-02, 3.500200000000000000e+04
1.025042521437692644e-02, 3.404800000000000000e+04
1.025839599603662819e-02, 3.306700000000000000e+04
1.026636677769632994e-02, 3.207800000000000000e+04
1.027433755935603168e-02, 3.110200000000000000e+04
1.028230834101573343e-02, 3.016200000000000000e+04
1.029027912267543692e-02, 2.927800000000000000e+04
1.029824990433513866e-02, 2.847000000000000000e+04
1.030622068599484041e-02, 2.775200000000000000e+04
1.031419146765454216e-02, 2.713700000000000000e+04
1.032216224931424564e-02, 2.664200000000000000e+04
1.033013303097394739e-02, 2.627600000000000000e+04
1.033810381263364914e-02, 2.604500000000000000e+04
1.034607459429335088e-02, 2.595700000000000000e+04
1.035404537595305263e-02, 2.601600000000000000e+04
1.036201615761275611e-02, 2.621800000000000000e+04
1.036998693927245786e-02, 2.655500000000000000e+04
1.037795772093215961e-02, 2.702800000000000000e+04
1.038592850259186136e-02, 2.762300000000000000e+04
1.039389928425156484e-02, 2.832800000000000000e+04
1.040187006591126659e-02, 2.912700000000000000e+04
1.040984084757096834e-02, 3.000200000000000000e+04
1.041781162923067008e-02, 3.093500000000000000e+04
1.042578241089037183e-02, 3.190600000000000000e+04
1.043375319255007531e-02, 3.289700000000000000e+04
1.044172397420977706e-02, 3.388400000000000000e+04
1.044969475586947881e-02, 3.484600000000000000e+04
1.045766553752918056e-02, 3.576400000000000000e+04
1.046563631918888231e-02, 3.661600000000000000e+04
1.047360710084858579e-02, 3.738500000000000000e+04
1.048157788250828754e-02, 3.805600000000000000e+04
1.048954866416798928e-02, 3.861200000000000000e+04
1.049751944582769103e-02, 3.904200000000000000e+04
1.050549022748739451e-02, 3.934000000000000000e+04
1.051346100914709626e-02, 3.949800000000000000e+04
1.052143179080679801e-02, 3.951100000000000000e+04
1.052940257246649976e-02, 3.937900000000000000e+04
1.053737335412620151e-02, 3.910600000000000000e+04
1.054534413578590499e-02, 3.869800000000000000e+04
1.055331491744560674e-02, 3.816300000000000000e+04
1.056128569910530848e-02, 3.751200000000000000e+04
1.056925648076501023e-02, 3.675800000000000000e+04
1.057722726242471198e-02, 3.591600000000000000e+04
1.058519804408441546e-02, 3.500900000000000000e+04
1.059316882574411721e-02, 3.405500000000000000e+04
1.060113960740381896e-02, 3.307500000000000000e+04
1.060911038906352070e-02, 3.208800000000000000e+04
1.061708117072322419e-02, 3.111500000000000000e+04
1.062505195238292593e-02, 3.017900000000000000e+04
1.063302273404262768e-02, 2.929900000000000000e+04
1.064099351570232943e-02, 2.849400000000000000e+04
1.064896429736203118e-02, 2.778100000000000000e+04
1.065693507902173466e-02, 2.717300000000000000e+04
1.066490586068143641e-02, 2.668600000000000000e+04
1.067287664234113816e-02, 2.632900000000000000e+04
1.068084742400083990e-02, 2.610900000000000000e+04
1.068881820566054165e-02, 2.603200000000000000e+04
1.069678898732024513e-02, 2.610300000000000000e+04
1.070475976897994688e-02, 2.631500000000000000e+04
1.071273055063964863e-02, 2.666400000000000000e+04
1.072070133229935038e-02, 2.714600000000000000e+04
1.072867211395905386e-02, 2.775100000000000000e+04
1.073664289561875561e-02, 2.846200000000000000e+04
1.074461367727845736e-02, 2.926600000000000000e+04
1.075258445893815910e-02, 3.014300000000000000e+04
1.076055524059786085e-02, 3.107500000000000000e+04
1.076852602225756433e-02, 3.204200000000000000e+04
1.077649680391726608e-02, 3.302400000000000000e+04
1.078446758557696783e-02, 3.400100000000000000e+04
1.079243836723666958e-02, 3.495000000000000000e+04
1.080040914889637133e-02, 3.585200000000000000e+04
1.080837993055607481e-02, 3.668800000000000000e+04
1.081635071221577656e-02, 3.744000000000000000e+04
1.082432149387547830e-02, 3.809500000000000000e+04
1.083229227553518005e-02, 3.863500000000000000e+04
1.084026305719488353e-02, 3.905000000000000000e+04
1.084823383885458528e-02, 3.933200000000000000e+04
1.085620462051428703e-02, 3.947300000000000000e+04
1.086417540217398878e-02, 3.946900000000000000e+04
1.087214618383369052e-02, 3.932100000000000000e+04
1.088011696549339401e-02, 3.903300000000000000e+04
1.088808774715309576e-02, 3.861000000000000000e+04
1.089605852881279750e-02, 3.806100000000000000e+04
1.090402931047249925e-02, 3.739700000000000000e+04
1.091200009213220100e-02, 3.663300000000000000e+04
1.091997087379190448e-02, 3.578400000000000000e+04
1.092794165545160623e-02, 3.487200000000000000e+04
1.093591243711130798e-02, 3.391400000000000000e+04
1.094388321877100972e-02, 3.293300000000000000e+04
1.095185400043071321e-02, 3.194700000000000000e+04
1.095982478209041495e-02, 3.097600000000000000e+04
1.096779556375011670e-02, 3.004400000000000000e+04
1.097576634540981845e-02, 2.917100000000000000e+04
1.098373712706952020e-02, 2.837500000000000000e+04
1.099170790872922368e-02, 2.767300000000000000e+04
1.099967869038892543e-02, 2.707800000000000000e+04
1.100764947204862718e-02, 2.660500000000000000e+04
1.101562025370832892e-02, 2.626400000000000000e+04
1.102359103536803067e-02, 2.606100000000000000e+04
1.103156181702773415e-02, 2.600200000000000000e+04
1.103953259868743590e-02, 2.608900000000000000e+04
1.104750338034713765e-02, 2.631700000000000000e+04
1.105547416200683940e-02, 2.668100000000000000e+04
1.106344494366654288e-02, 2.717700000000000000e+04
1.107141572532624463e-02, 2.779400000000000000e+04
1.107938650698594638e-02, 2.851500000000000000e+04
1.108735728864564812e-02, 2.932300000000000000e+04
1.109532807030534987e-02, 3.020300000000000000e+04
1.110329885196505335e-02, 3.113700000000000000e+04
1.111126963362475510e-02, 3.210600000000000000e+04
1.111924041528445685e-02, 3.308900000000000000e+04
1.112721119694415860e-02, 3.406500000000000000e+04
1.113518197860386034e-02, 3.501200000000000000e+04
1.114315276026356383e-02, 3.591200000000000000e+04
1.115112354192326558e-02, 3.674600000000000000e+04
1.115909432358296732e-02, 3.749400000000000000e+04
1.116706510524266907e-02, 3.814300000000000000e+04
1.117503588690237255e-02, 3.867500000000000000e+04
1.118300666856207430e-02, 3.908100000000000000e+04
1.119097745022177605e-02, 3.935100000000000000e+04
1.119894823188147780e-02, 3.948000000000000000e+04
1.120691901354117954e-02, 3.946400000000000000e+04
1.121488979520088303e-02, 3.930700000000000000e+04
1.122286057686058477e-02, 3.901100000000000000e+04
1.123083135852028652e-02, 3.858300000000000000e+04
1.123880214017998827e-02, 3.802900000000000000e+04
1.124677292183969002e-02, 3.736300000000000000e+04
1.125474370349939350e-02, 3.659700000000000000e+04
1.126271448515909525e-02, 3.574700000000000000e+04
1.127068526681879700e-02, 3.483500000000000000e+04
1.127865604847849874e-02, 3.387900000000000000e+04
1.128662683013820223e-02, 3.289900000000000000e+04
1.129459761179790397e-02, 3.191500000000000000e+04
1.130256839345760572e-02, 3.094900000000000000e+04
1.131053917511730747e-02, 3.002300000000000000e+04
1.131850995677700922e-02, 2.915700000000000000e+04
1.132648073843671270e-02, 2.837100000000000000e+04
1.133445152009641445e-02, 2.767800000000000000e+04
1.134242230175611620e-02, 2.709500000000000000e+04
1.135039308341581794e-02, 2.663600000000000000e+04
1.135836386507551969e-02, 2.630800000000000000e+04
1.136633464673522317e-02, 2.611800000000000000e+04
1.137430542839492492e-02, 2.607100000000000000e+04
1.138227621005462667e-02, 2.617000000000000000e+04
1.139024699171432842e-02, 2.640900000000000000e+04
1.139821777337403190e-02, 2.678300000000000000e+04
1.140618855503373365e-02, 2.728900000000000000e+04
1.141415933669343540e-02, 2.791400000000000000e+04
1.142213011835313714e-02, 2.864300000000000000e+04
1.143010090001283889e-02, 2.946100000000000000e+04
1.143807168167254237e-02, 3.035100000000000000e+04
1.144604246333224412e-02, 3.129300000000000000e+04
1.145401324499194587e-02, 3.226900000000000000e+04
1.146198402665164762e-02, 3.325600000000000000e+04
1.146995480831134936e-02, 3.423200000000000000e+04
1.147792558997105285e-02, 3.517500000000000000e+04
1.148589637163075459e-02, 3.606800000000000000e+04
1.149386715329045634e-02, 3.688900000000000000e+04
1.150183793495015809e-02, 3.762400000000000000e+04
1.150980871660986157e-02, 3.825600000000000000e+04
1.151777949826956332e-02, 3.877000000000000000e+04
1.152575027992926507e-02, 3.915600000000000000e+04
1.153372106158896682e-02, 3.940800000000000000e+04
1.154169184324866856e-02, 3.952100000000000000e+04
1.154966262490837205e-02, 3.949000000000000000e+04
1.155763340656807379e-02, 3.931600000000000000e+04
1.156560418822777554e-02, 3.900300000000000000e+04
1.157357496988747729e-02, 3.855800000000000000e+04
1.158154575154717904e-02, 3.798900000000000000e+04
1.158951653320688252e-02, 3.730800000000000000e+04
1.159748731486658427e-02, 3.652800000000000000e+04
1.160545809652628602e-02, 3.566700000000000000e+04
1.161342887818598776e-02, 3.474600000000000000e+04
1.162139965984569125e-02, 3.378300000000000000e+04
1.162937044150539299e-02, 3.279900000000000000e+04
1.163734122316509474e-02, 3.181300000000000000e+04
1.164531200482479649e-02, 3.084700000000000000e+04
1.165328278648449824e-02, 2.992500000000000000e+04
1.166125356814420172e-02, 2.906400000000000000e+04
1.166922434980390347e-02, 2.828200000000000000e+04
1.167719513146360522e-02, 2.759500000000000000e+04
1.168516591312330696e-02, 2.701700000000000000e+04
1.169313669478300871e-02, 2.656400000000000000e+04
1.170110747644271219e-02, 2.624100000000000000e+04
1.170907825810241394e-02, 2.605700000000000000e+04
1.171704903976211569e-02, 2.601800000000000000e+04
1.172501982142181744e-02, 2.612300000000000000e+04
1.173299060308152092e-02, 2.636600000000000000e+04
1.174096138474122267e-02, 2.674400000000000000e+04
1.174893216640092442e-02, 2.725100000000000000e+04
1.175690294806062616e-02, 2.787700000000000000e+04
1.176487372972032791e-02, 2.860700000000000000e+04
1.177284451138003139e-02, 2.942400000000000000e+04
1.178081529303973314e-02, 3.031300000000000000e+04
1.178878607469943489e-02, 3.125300000000000000e+04
1.179675685635913664e-02, 3.222800000000000000e+04
1.180472763801883838e-02, 3.321400000000000000e+04
1.181269841967854187e-02, 3.419000000000000000e+04
1.182066920133824361e-02, 3.513500000000000000e+04
1.182863998299794536e-02, 3.602900000000000000e+04
1.183661076465764711e-02, 3.685200000000000000e+04
1.184458154631735059e-02, 3.758600000000000000e+04
1.185255232797705234e-02, 3.821700000000000000e+04
1.186052310963675409e-02, 3.872700000000000000e+04
1.186849389129645584e-02, 3.910800000000000000e+04
1.187646467295615758e-02, 3.935300000000000000e+04
1.188443545461586107e-02, 3.945400000000000000e+04
1.189240623627556281e-02, 3.941000000000000000e+04
1.190037701793526456e-02, 3.922300000000000000e+04
1.190834779959496631e-02, 3.889700000000000000e+04
1.191631858125466806e-02, 3.843900000000000000e+04
1.192428936291437154e-02, 3.785800000000000000e+04
1.193226014457407329e-02, 3.716600000000000000e+04
1.194023092623377504e-02, 3.637700000000000000e+04
1.194820170789347678e-02, 3.550900000000000000e+04
1.195617248955318027e-02, 3.458300000000000000e+04
1.196414327121288201e-02, 3.361800000000000000e+04
1.197211405287258376e-02, 3.263400000000000000e+04
1.198008483453228551e-02, 3.165100000000000000e+04
1.198805561619198726e-02, 3.069300000000000000e+04
1.199602639785169074e-02, 2.978100000000000000e+04
1.200399717951139249e-02, 2.893300000000000000e+04
1.201196796117109424e-02, 2.816800000000000000e+04
1.201993874283079598e-02, 2.750000000000000000e+04
1.202790952449049773e-02, 2.694300000000000000e+04
1.203588030615020121e-02, 2.651100000000000000e+04
1.204385108780990296e-02, 2.621000000000000000e+04
1.205182186946960471e-02, 2.604500000000000000e+04
1.205979265112930646e-02, 2.602200000000000000e+04
1.206776343278900994e-02, 2.614400000000000000e+04
1.207573421444871169e-02, 2.640300000000000000e+04
1.208370499610841343e-02, 2.679700000000000000e+04
1.209167577776811518e-02, 2.732000000000000000e+04
1.209964655942781693e-02, 2.796100000000000000e+04
1.210761734108752041e-02, 2.870300000000000000e+04
1.211558812274722216e-02, 2.953200000000000000e+04
1.212355890440692391e-02, 3.043000000000000000e+04
1.213152968606662566e-02, 3.137800000000000000e+04
1.213950046772632740e-02, 3.235700000000000000e+04
1.214747124938603089e-02, 3.334600000000000000e+04
1.215544203104573263e-02, 3.432100000000000000e+04
1.216341281270543438e-02, 3.526200000000000000e+04
1.217138359436513613e-02, 3.615100000000000000e+04
1.217935437602483961e-02, 3.696500000000000000e+04
1.218732515768454136e-02, 3.768700000000000000e+04
1.219529593934424311e-02, 3.830500000000000000e+04
1.220326672100394486e-02, 3.880100000000000000e+04
1.221123750266364660e-02, 3.916800000000000000e+04
1.221920828432335009e-02, 3.939700000000000000e+04
1.222717906598305183e-02, 3.948400000000000000e+04
1.223514984764275358e-02, 3.942600000000000000e+04
1.224312062930245533e-02, 3.922400000000000000e+04
1.225109141096215708e-02, 3.888400000000000000e+04
1.225906219262186056e-02, 3.841300000000000000e+04
1.226703297428156231e-02, 3.781900000000000000e+04
1.227500375594126406e-02, 3.711600000000000000e+04
1.228297453760096580e-02, 3.631900000000000000e+04
1.229094531926066929e-02, 3.544400000000000000e+04
1.229891610092037103e-02, 3.451200000000000000e+04
1.230688688258007278e-02, 3.354400000000000000e+04
1.231485766423977453e-02, 3.255700000000000000e+04
1.232282844589947628e-02, 3.157300000000000000e+04
1.233079922755917976e-02, 3.061200000000000000e+04
1.233877000921888151e-02, 2.969900000000000000e+04
1.234674079087858325e-02, 2.885100000000000000e+04
1.235471157253828500e-02, 2.808700000000000000e+04
1.236268235419798675e-02, 2.742000000000000000e+04
1.237065313585769023e-02, 2.686800000000000000e+04
1.237862391751739198e-02, 2.644300000000000000e+04
1.238659469917709373e-02, 2.615100000000000000e+04
1.239456548083679548e-02, 2.599900000000000000e+04
1.240253626249649896e-02, 2.599200000000000000e+04
1.241050704415620071e-02, 2.613000000000000000e+04
1.241847782581590245e-02, 2.640600000000000000e+04
1.242644860747560420e-02, 2.681800000000000000e+04
1.243441938913530595e-02, 2.735800000000000000e+04
1.244239017079500943e-02, 2.801500000000000000e+04
1.245036095245471118e-02, 2.877200000000000000e+04
1.245833173411441293e-02, 2.961300000000000000e+04
1.246630251577411468e-02, 3.052200000000000000e+04
1.247427329743381642e-02, 3.147800000000000000e+04
1.248224407909351991e-02, 3.246200000000000000e+04
1.249021486075322165e-02, 3.345300000000000000e+04
1.249818564241292340e-02, 3.442900000000000000e+04
1.250615642407262515e-02, 3.537000000000000000e+04
1.251412720573232863e-02, 3.625600000000000000e+04
1.252209798739203038e-02, 3.706700000000000000e+04
1.253006876905173213e-02, 3.778800000000000000e+04
1.253803955071143388e-02, 3.840100000000000000e+04
1.254601033237113562e-02, 3.889300000000000000e+04
1.255398111403083911e-02, 3.925400000000000000e+04
1.256195189569054085e-02, 3.947700000000000000e+04
1.256992267735024260e-02, 3.955500000000000000e+04
1.257789345900994435e-02, 3.948600000000000000e+04
1.258586424066964610e-02, 3.927400000000000000e+04
1.259383502232934958e-02, 3.892400000000000000e+04
1.260180580398905133e-02, 3.844300000000000000e+04
1.260977658564875308e-02, 3.784000000000000000e+04
1.261774736730845482e-02, 3.712800000000000000e+04
1.262571814896815831e-02, 3.632200000000000000e+04
1.263368893062786005e-02, 3.544000000000000000e+04
1.264165971228756180e-02, 3.450300000000000000e+04
1.264963049394726355e-02, 3.352900000000000000e+04
1.265760127560696530e-02, 3.254000000000000000e+04
1.266557205726666878e-02, 3.155400000000000000e+04
1.267354283892637053e-02, 3.059500000000000000e+04
1.268151362058607227e-02, 2.968500000000000000e+04
1.268948440224577402e-02, 2.884200000000000000e+04
1.269745518390547577e-02, 2.808500000000000000e+04
1.270542596556517925e-02, 2.742900000000000000e+04
1.271339674722488100e-02, 2.688700000000000000e+04
1.272136752888458275e-02, 2.647300000000000000e+04
1.272933831054428450e-02, 2.619100000000000000e+04
1.273730909220398798e-02, 2.605000000000000000e+04
1.274527987386368973e-02, 2.605400000000000000e+04
1.275325065552339147e-02, 2.620200000000000000e+04
1.276122143718309322e-02, 2.648900000000000000e+04
1.276919221884279497e-02, 2.691000000000000000e+04
1.277716300050249845e-02, 2.745900000000000000e+04
1.278513378216220020e-02, 2.812300000000000000e+04
1.279310456382190195e-02, 2.888600000000000000e+04
1.280107534548160370e-02, 2.973100000000000000e+04
1.280904612714130544e-02, 3.064200000000000000e+04
1.281701690880100893e-02, 3.159900000000000000e+04
1.282498769046071067e-02, 3.258100000000000000e+04
1.283295847212041242e-02, 3.356600000000000000e+04
1.284092925378011417e-02, 3.453200000000000000e+04
1.284890003543981765e-02, 3.546000000000000000e+04
1.285687081709951940e-02, 3.633100000000000000e+04
1.286484159875922115e-02, 3.712500000000000000e+04
1.287281238041892290e-02, 3.782800000000000000e+04
1.288078316207862464e-02, 3.842200000000000000e+04
1.288875394373832813e-02, 3.889400000000000000e+04
1.289672472539802987e-02, 3.923500000000000000e+04
1.290469550705773162e-02, 3.943700000000000000e+04
1.291266628871743337e-02, 3.949600000000000000e+04
1.292063707037713512e-02, 3.941000000000000000e+04
1.292860785203683860e-02, 3.918200000000000000e+04
1.293657863369654035e-02, 3.881700000000000000e+04
1.294454941535624209e-02, 3.832300000000000000e+04
1.295252019701594384e-02, 3.770900000000000000e+04
1.296049097867564733e-02, 3.698800000000000000e+04
1.296846176033534907e-02, 3.617400000000000000e+04
1.297643254199505082e-02, 3.528800000000000000e+04
1.298440332365475257e-02, 3.434700000000000000e+04
1.299237410531445432e-02, 3.337300000000000000e+04
1.300034488697415780e-02, 3.238600000000000000e+04
1.300831566863385955e-02, 3.140400000000000000e+04
1.301628645029356129e-02, 3.045100000000000000e+04
1.302425723195326304e-02, 2.954700000000000000e+04
1.303222801361296479e-02, 2.871100000000000000e+04
1.304019879527266827e-02, 2.796100000000000000e+04
1.304816957693237002e-02, 2.731200000000000000e+04
1.305614035859207177e-02, 2.677700000000000000e+04
1.306411114025177352e-02, 2.637100000000000000e+04
1.307208192191147700e-02, 2.609800000000000000e+04
1.308005270357117875e-02, 2.596600000000000000e+04
1.308802348523088049e-02, 2.598100000000000000e+04
1.309599426689058224e-02, 2.614100000000000000e+04
1.310396504855028399e-02, 2.643800000000000000e+04
1.311193583020998747e-02, 2.687100000000000000e+04
1.311990661186968922e-02, 2.743100000000000000e+04
1.312787739352939097e-02, 2.810500000000000000e+04
1.313584817518909272e-02, 2.887600000000000000e+04
1.314381895684879446e-02, 2.973000000000000000e+04
1.315178973850849795e-02, 3.064800000000000000e+04
1.315976052016819969e-02, 3.161000000000000000e+04
1.316773130182790144e-02, 3.259800000000000000e+04
1.317570208348760319e-02, 3.359000000000000000e+04
1.318367286514730667e-02, 3.456200000000000000e+04
1.319164364680700842e-02, 3.549500000000000000e+04
1.319961442846671017e-02, 3.637000000000000000e+04
1.320758521012641191e-02, 3.716700000000000000e+04
1.321555599178611366e-02, 3.787100000000000000e+04
1.322352677344581715e-02, 3.846700000000000000e+04
1.323149755510551889e-02, 3.894000000000000000e+04
1.323946833676522064e-02, 3.928200000000000000e+04
1.324743911842492239e-02, 3.948400000000000000e+04
1.325540990008462414e-02, 3.954200000000000000e+04
1.326338068174432762e-02, 3.945400000000000000e+04
1.327135146340402937e-02, 3.922300000000000000e+04
1.327932224506373111e-02, 3.885400000000000000e+04
1.328729302672343286e-02, 3.835500000000000000e+04
1.329526380838313634e-02, 3.773500000000000000e+04
1.330323459004283809e-02, 3.700900000000000000e+04
1.331120537170253984e-02, 3.619100000000000000e+04
1.331917615336224159e-02, 3.530100000000000000e+04
1.332714693502194334e-02, 3.435800000000000000e+04
1.333511771668164682e-02, 3.338300000000000000e+04
1.334308849834134857e-02, 3.239700000000000000e+04
1.335105928000105031e-02, 3.141900000000000000e+04
1.335903006166075206e-02, 3.047400000000000000e+04
1.336700084332045381e-02, 2.957900000000000000e+04
1.337497162498015729e-02, 2.875500000000000000e+04
1.338294240663985904e-02, 2.801800000000000000e+04
1.339091318829956079e-02, 2.738300000000000000e+04
1.339888396995926254e-02, 2.686300000000000000e+04
1.340685475161896602e-02, 2.647100000000000000e+04
1.341482553327866777e-02, 2.621400000000000000e+04
1.342279631493836951e-02, 2.609800000000000000e+04
1.343076709659807126e-02, 2.612700000000000000e+04
1.343873787825777301e-02, 2.629900000000000000e+04
1.344670865991747649e-02, 2.660800000000000000e+04
1.345467944157717824e-02, 2.705100000000000000e+04
1.346265022323687999e-02, 2.761900000000000000e+04
1.347062100489658173e-02, 2.829900000000000000e+04
1.347859178655628348e-02, 2.907500000000000000e+04
1.348656256821598697e-02, 2.993100000000000000e+04
1.349453334987568871e-02, 3.085000000000000000e+04
1.350250413153539046e-02, 3.181100000000000000e+04
1.351047491319509221e-02, 3.279500000000000000e+04
1.351844569485479569e-02, 3.378100000000000000e+04
1.352641647651449744e-02, 3.474500000000000000e+04
1.353438725817419919e-02, 3.566900000000000000e+04
1.354235803983390093e-02, 3.653400000000000000e+04
1.355032882149360268e-02, 3.731900000000000000e+04
1.355829960315330616e-02, 3.801100000000000000e+04
1.356627038481300791e-02, 3.859200000000000000e+04
1.357424116647270966e-02, 3.904800000000000000e+04
1.358221194813241141e-02, 3.937200000000000000e+04
1.359018272979211316e-02, 3.955700000000000000e+04
1.359815351145181664e-02, 3.959600000000000000e+04
1.360612429311151839e-02, 3.948900000000000000e+04
1.361409507477122013e-02, 3.924000000000000000e+04
1.362206585643092188e-02, 3.885300000000000000e+04
1.363003663809062536e-02, 3.833800000000000000e+04
1.363800741975032711e-02, 3.770400000000000000e+04
1.364597820141002886e-02, 3.696600000000000000e+04
1.365394898306973061e-02, 3.613700000000000000e+04
1.366191976472943236e-02, 3.523800000000000000e+04
1.366989054638913584e-02, 3.428800000000000000e+04
1.367786132804883759e-02, 3.330600000000000000e+04
1.368583210970853933e-02, 3.231400000000000000e+04
1.369380289136824108e-02, 3.133100000000000000e+04
1.370177367302794283e-02, 3.038100000000000000e+04
1.370974445468764631e-02, 2.948400000000000000e+04
1.371771523634734806e-02, 2.865900000000000000e+04
1.372568601800704981e-02, 2.792300000000000000e+04
1.373365679966675156e-02, 2.728700000000000000e+04
1.374162758132645504e-02, 2.676900000000000000e+04
1.374959836298615679e-02, 2.637900000000000000e+04
1.375756914464585853e-02, 2.612400000000000000e+04
1.376553992630556028e-02, 2.601000000000000000e+04
1.377351070796526203e-02, 2.604300000000000000e+04
1.378148148962496551e-02, 2.622000000000000000e+04
1.378945227128466726e-02, 2.653300000000000000e+04
1.379742305294436901e-02, 2.698200000000000000e+04
1.380539383460407075e-02, 2.755700000000000000e+04
1.381336461626377250e-02, 2.824400000000000000e+04
1.382133539792347598e-02, 2.902600000000000000e+04
1.382930617958317773e-02, 2.988800000000000000e+04
1.383727696124287948e-02, 3.081100000000000000e+04
1.384524774290258123e-02, 3.177600000000000000e+04
1.385321852456228471e-02, 3.276300000000000000e+04
1.386118930622198646e-02, 3.375100000000000000e+04
1.386916008788168821e-02, 3.471700000000000000e+04
1.387713086954138995e-02, 3.564100000000000000e+04
1.388510165120109170e-02, 3.650400000000000000e+04
1.389307243286079518e-02, 3.728600000000000000e+04
1.390104321452049693e-02, 3.797200000000000000e+04
1.390901399618019868e-02, 3.854500000000000000e+04
1.391698477783990043e-02, 3.899400000000000000e+04
1.392495555949960218e-02, 3.930800000000000000e+04
1.393292634115930566e-02, 3.948100000000000000e+04
1.394089712281900741e-02, 3.951000000000000000e+04
1.394886790447870915e-02, 3.939200000000000000e+04
1.395683868613841090e-02, 3.913300000000000000e+04
1.396480946779811438e-02, 3.873800000000000000e+04
1.397278024945781613e-02, 3.821500000000000000e+04
1.398075103111751788e-02, 3.757500000000000000e+04
1.398872181277721963e-02, 3.683400000000000000e+04
1.399669259443692138e-02, 3.600600000000000000e+04
1.400466337609662486e-02, 3.511100000000000000e+04
1.401263415775632661e-02, 3.416700000000000000e+04
1.402060493941602835e-02, 3.319500000000000000e+04
1.402857572107573010e-02, 3.221300000000000000e+04
1.403654650273543185e-02, 3.124200000000000000e+04
1.404451728439513533e-02, 3.030500000000000000e+04
1.405248806605483708e-02, 2.942400000000000000e+04
1.406045884771453883e-02, 2.861600000000000000e+04
1.406842962937424057e-02, 2.789900000000000000e+04
1.407640041103394406e-02, 2.728500000000000000e+04
1.408437119269364581e-02, 2.679000000000000000e+04
1.409234197435334755e-02, 2.642300000000000000e+04
1.410031275601304930e-02, 2.619000000000000000e+04
1.410828353767275105e-02, 2.609900000000000000e+04
1.411625431933245453e-02, 2.615400000000000000e+04
1.412422510099215628e-02, 2.635000000000000000e+04
1.413219588265185803e-02, 2.668300000000000000e+04
1.414016666431155977e-02, 2.714800000000000000e+04
1.414813744597126152e-02, 2.773700000000000000e+04
1.415610822763096500e-02, 2.843400000000000000e+04
1.416407900929066675e-02, 2.922500000000000000e+04
1.417204979095036850e-02, 3.009300000000000000e+04
1.418002057261007025e-02, 3.101900000000000000e+04
1.418799135426977373e-02, 3.198600000000000000e+04
1.419596213592947548e-02, 3.297200000000000000e+04
1.420393291758917723e-02, 3.395600000000000000e+04
1.421190369924887897e-02, 3.491500000000000000e+04
1.421987448090858072e-02, 3.583000000000000000e+04
1.422784526256828420e-02, 3.668200000000000000e+04
1.423581604422798595e-02, 3.745100000000000000e+04
1.424378682588768770e-02, 3.812100000000000000e+04
1.425175760754738945e-02, 3.867700000000000000e+04
1.425972838920709120e-02, 3.910600000000000000e+04
1.426769917086679468e-02, 3.940100000000000000e+04
1.427566995252649643e-02, 3.955600000000000000e+04
1.428364073418619817e-02, 3.956500000000000000e+04
1.429161151584589992e-02, 3.943000000000000000e+04
1.429958229750560340e-02, 3.915400000000000000e+04
1.430755307916530515e-02, 3.874300000000000000e+04
1.431552386082500690e-02, 3.820500000000000000e+04
1.432349464248470865e-02, 3.755100000000000000e+04
1.433146542414441039e-02, 3.679400000000000000e+04
1.433943620580411388e-02, 3.595000000000000000e+04
1.434740698746381563e-02, 3.504100000000000000e+04
1.435537776912351737e-02, 3.408400000000000000e+04
1.436334855078321912e-02, 3.310100000000000000e+04
1.437131933244292087e-02, 3.211000000000000000e+04
1.437929011410262435e-02, 3.113200000000000000e+04
1.438726089576232610e-02, 3.018900000000000000e+04
1.439523167742202785e-02, 2.930300000000000000e+04
1.440320245908172959e-02, 2.849200000000000000e+04
1.441117324074143308e-02, 2.777200000000000000e+04
1.441914402240113482e-02, 2.715800000000000000e+04
1.442711480406083657e-02, 2.666400000000000000e+04
1.443508558572053832e-02, 2.630100000000000000e+04
1.444305636738024007e-02, 2.607400000000000000e+04
1.445102714903994355e-02, 2.599200000000000000e+04
1.445899793069964530e-02, 2.605600000000000000e+04
1.446696871235934705e-02, 2.626300000000000000e+04
1.447493949401904879e-02, 2.660500000000000000e+04
1.448291027567875054e-02, 2.708100000000000000e+04
1.449088105733845402e-02, 2.768000000000000000e+04
1.449885183899815577e-02, 2.838800000000000000e+04
1.450682262065785752e-02, 2.918800000000000000e+04
1.451479340231755927e-02, 3.006500000000000000e+04
1.452276418397726275e-02, 3.099900000000000000e+04
1.453073496563696450e-02, 3.197100000000000000e+04
1.453870574729666625e-02, 3.296100000000000000e+04
1.454667652895636799e-02, 3.394700000000000000e+04
1.455464731061606974e-02, 3.490700000000000000e+04
1.456261809227577322e-02, 3.582100000000000000e+04
1.457058887393547497e-02, 3.667000000000000000e+04
1.457855965559517672e-02, 3.743700000000000000e+04
1.458653043725487847e-02, 3.810600000000000000e+04
1.459450121891458022e-02, 3.866000000000000000e+04
1.460247200057428370e-02, 3.908800000000000000e+04
1.461044278223398545e-02, 3.938100000000000000e+04
1.461841356389368719e-02, 3.953300000000000000e+04
1.462638434555338894e-02, 3.953900000000000000e+04
1.463435512721309242e-02, 3.940000000000000000e+04
1.464232590887279417e-02, 3.911900000000000000e+04
1.465029669053249592e-02, 3.870300000000000000e+04
1.465826747219219767e-02, 3.816000000000000000e+04
1.466623825385189941e-02, 3.750100000000000000e+04
1.467420903551160290e-02, 3.674100000000000000e+04
1.468217981717130464e-02, 3.589400000000000000e+04
1.469015059883100639e-02, 3.498300000000000000e+04
1.469812138049070814e-02, 3.402900000000000000e+04
1.470609216215040989e-02, 3.305000000000000000e+04
1.471406294381011337e-02, 3.206700000000000000e+04
1.472203372546981512e-02, 3.109900000000000000e+04
1.473000450712951687e-02, 3.016800000000000000e+04
1.473797528878921861e-02, 2.929600000000000000e+04
1.474594607044892210e-02, 2.850000000000000000e+04
1.475391685210862384e-02, 2.779500000000000000e+04
1.476188763376832559e-02, 2.719500000000000000e+04
1.476985841542802734e-02, 2.671400000000000000e+04
1.477782919708772909e-02, 2.636100000000000000e+04
1.478579997874743257e-02, 2.614400000000000000e+04
1.479377076040713432e-02, 2.606900000000000000e+04
1.480174154206683607e-02, 2.614000000000000000e+04
1.480971232372653781e-02, 2.635200000000000000e+04
1.481768310538623956e-02, 2.670000000000000000e+04
1.482565388704594304e-02, 2.718100000000000000e+04
1.483362466870564479e-02, 2.778500000000000000e+04
1.484159545036534654e-02, 2.849500000000000000e+04
1.484956623202504829e-02, 2.929700000000000000e+04
1.485753701368475177e-02, 3.017400000000000000e+04
1.486550779534445352e-02, 3.110800000000000000e+04
1.487347857700415527e-02, 3.207800000000000000e+04
1.488144935866385701e-02, 3.306400000000000000e+04
1.488942014032355876e-02, 3.404500000000000000e+04
1.489739092198326224e-02, 3.500000000000000000e+04
1.490536170364296399e-02, 3.590800000000000000e+04
1.491333248530266574e-02, 3.674900000000000000e+04
1.492130326696236749e-02, 3.750600000000000000e+04
1.492927404862206923e-02, 3.816300000000000000e+04
1.493724483028177272e-02, 3.870400000000000000e+04
1.494521561194147447e-02, 3.911800000000000000e+04
1.495318639360117621e-02, 3.939600000000000000e+04
1.496115717526087796e-02, 3.953200000000000000e+04
1.496912795692058144e-02, 3.952200000000000000e+04
1.497709873858028319e-02, 3.936700000000000000e+04
1.498506952023998494e-02, 3.907200000000000000e+04
1.499304030189968669e-02, 3.864300000000000000e+04
1.500101108355938843e-02, 3.808800000000000000e+04
1.500898186521909192e-02, 3.741900000000000000e+04
1.501695264687879366e-02, 3.664900000000000000e+04
1.502492342853849541e-02, 3.579500000000000000e+04
1.503289421019819716e-02, 3.487800000000000000e+04
1.504086499185789891e-02, 3.391700000000000000e+04
1.504883577351760239e-02, 3.293200000000000000e+04
1.505680655517730414e-02, 3.194300000000000000e+04
1.506477733683700589e-02, 3.097100000000000000e+04
1.507274811849670763e-02, 3.003900000000000000e+04
1.508071890015641112e-02, 2.916600000000000000e+04
1.508868968181611286e-02, 2.837000000000000000e+04
1.509666046347581461e-02, 2.766700000000000000e+04
1.510463124513551636e-02, 2.707100000000000000e+04
1.511260202679521811e-02, 2.659700000000000000e+04
1.512057280845492159e-02, 2.625400000000000000e+04
1.512854359011462334e-02, 2.604800000000000000e+04
1.513651437177432509e-02, 2.598600000000000000e+04
1.514448515343402683e-02, 2.607100000000000000e+04
1.515245593509372858e-02, 2.629400000000000000e+04
1.516042671675343206e-02, 2.665100000000000000e+04
1.516839749841313381e-02, 2.714000000000000000e+04
1.517636828007283556e-02, 2.774900000000000000e+04
1.518433906173253731e-02, 2.846400000000000000e+04
1.519230984339224079e-02, 2.927000000000000000e+04
1.520028062505194254e-02, 3.015000000000000000e+04
1.520825140671164429e-02, 3.108500000000000000e+04
1.521622218837134603e-02, 3.205600000000000000e+04
1.522419297003104778e-02, 3.304300000000000000e+04
1.523216375169075126e-02, 3.402400000000000000e+04
1.524013453335045301e-02, 3.497500000000000000e+04
1.524810531501015476e-02, 3.588000000000000000e+04
1.525607609666985651e-02, 3.671600000000000000e+04
1.526404687832955825e-02, 3.746600000000000000e+04
1.527201765998926174e-02, 3.811500000000000000e+04
1.527998844164896348e-02, 3.864500000000000000e+04
1.528795922330866523e-02, 3.904800000000000000e+04
1.529593000496836698e-02, 3.931500000000000000e+04
1.530390078662807046e-02, 3.944000000000000000e+04
1.531187156828777221e-02, 3.941900000000000000e+04
1.531984234994747396e-02, 3.925400000000000000e+04
1.532781313160717571e-02, 3.895100000000000000e+04
1.533578391326687745e-02, 3.851300000000000000e+04
1.534375469492658094e-02, 3.795100000000000000e+04
1.535172547658628268e-02, 3.727600000000000000e+04
1.535969625824598443e-02, 3.650200000000000000e+04
1.536766703990568618e-02, 3.564500000000000000e+04
1.537563782156538793e-02, 3.472700000000000000e+04
1.538360860322509141e-02, 3.376700000000000000e+04
1.539157938488479316e-02, 3.278500000000000000e+04
1.539955016654449491e-02, 3.180000000000000000e+04
1.540752094820419665e-02, 3.083300000000000000e+04
1.541549172986390014e-02, 2.990800000000000000e+04
1.542346251152360188e-02, 2.904200000000000000e+04
1.543143329318330363e-02, 2.825700000000000000e+04
1.543940407484300538e-02, 2.756500000000000000e+04
1.544737485650270713e-02, 2.698300000000000000e+04
1.545534563816241061e-02, 2.652400000000000000e+04
1.546331641982211236e-02, 2.619600000000000000e+04
1.547128720148181411e-02, 2.600500000000000000e+04
1.547925798314151585e-02, 2.595600000000000000e+04
1.548722876480121760e-02, 2.605200000000000000e+04
1.549519954646092108e-02, 2.628700000000000000e+04
1.550317032812062283e-02, 2.665800000000000000e+04
1.551114110978032458e-02, 2.716100000000000000e+04
1.551911189144002633e-02, 2.778400000000000000e+04
1.552708267309972981e-02, 2.851100000000000000e+04
1.553505345475943156e-02, 2.932800000000000000e+04
1.554302423641913330e-02, 3.021700000000000000e+04
1.555099501807883505e-02, 3.116000000000000000e+04
1.555896579973853680e-02, 3.213800000000000000e+04
1.556693658139824028e-02, 3.312800000000000000e+04
1.557490736305794203e-02, 3.410900000000000000e+04
1.558287814471764378e-02, 3.505900000000000000e+04
1.559084892637734553e-02, 3.596000000000000000e+04
1.559881970803704727e-02, 3.678900000000000000e+04
1.560679048969675076e-02, 3.753000000000000000e+04
1.561476127135645250e-02, 3.816700000000000000e+04
1.562273205301615425e-02, 3.868500000000000000e+04
1.563070283467585600e-02, 3.907500000000000000e+04
1.563867361633555775e-02, 3.933000000000000000e+04
1.564664439799525950e-02, 3.944100000000000000e+04
1.565461517965496124e-02, 3.940800000000000000e+04
1.566258596131466646e-02, 3.923100000000000000e+04
1.567055674297436821e-02, 3.891400000000000000e+04
1.567852752463406996e-02, 3.846500000000000000e+04
1.568649830629377170e-02, 3.789200000000000000e+04
1.569446908795347345e-02, 3.720700000000000000e+04
1.570243986961317520e-02, 3.642500000000000000e+04
1.571041065127287695e-02, 3.556200000000000000e+04
1.571838143293257870e-02, 3.464000000000000000e+04
1.572635221459228044e-02, 3.367700000000000000e+04
1.573432299625198566e-02, 3.269400000000000000e+04
1.574229377791168741e-02, 3.170900000000000000e+04
1.575026455957138916e-02, 3.074500000000000000e+04
1.575823534123109090e-02, 2.982400000000000000e+04
1.576620612289079265e-02, 2.896500000000000000e+04
1.577417690455049440e-02, 2.818800000000000000e+04
1.578214768621019615e-02, 2.750700000000000000e+04
1.579011846786989789e-02, 2.693600000000000000e+04
1.579808924952959964e-02, 2.649200000000000000e+04
1.580606003118930486e-02, 2.617900000000000000e+04
1.581403081284900661e-02, 2.600500000000000000e+04
1.582200159450870836e-02, 2.597600000000000000e+04
1.582997237616841010e-02, 2.609300000000000000e+04
1.583794315782811185e-02, 2.634800000000000000e+04
1.584591393948781360e-02, 2.674000000000000000e+04
1.585388472114751535e-02, 2.726100000000000000e+04
1.586185550280721709e-02, 2.790100000000000000e+04
1.586982628446691884e-02, 2.864300000000000000e+04
1.587779706612662059e-02, 2.947300000000000000e+04
1.588576784778632581e-02, 3.037300000000000000e+04
1.589373862944602755e-02, 3.132300000000000000e+04
1.590170941110572930e-02, 3.230500000000000000e+04
1.590968019276543105e-02, 3.329600000000000000e+04
1.591765097442513280e-02, 3.427600000000000000e+04
1.592562175608483455e-02, 3.522400000000000000e+04
1.593359253774453629e-02, 3.612000000000000000e+04
1.594156331940423804e-02, 3.694400000000000000e+04
1.594953410106393979e-02, 3.768000000000000000e+04
1.595750488272364501e-02, 3.831200000000000000e+04
1.596547566438334675e-02, 3.882300000000000000e+04
1.597344644604304850e-02, 3.920500000000000000e+04
1.598141722770275025e-02, 3.945100000000000000e+04
1.598938800936245200e-02, 3.955500000000000000e+04
1.599735879102215375e-02, 3.951400000000000000e+04
1.600532957268185549e-02, 3.933100000000000000e+04
1.601330035434155724e-02, 3.901000000000000000e+04
1.602127113600125899e-02, 3.855600000000000000e+04
1.602924191766096421e-02, 3.797800000000000000e+04
1.603721269932066595e-02, 3.728900000000000000e+04
1.604518348098036770e-02, 3.650300000000000000e+04
1.605315426264006945e-02, 3.563700000000000000e+04
1.606112504429977120e-02, 3.471100000000000000e+04
1.606909582595947295e-02, 3.374500000000000000e+04
1.607706660761917469e-02, 3.276000000000000000e+04
1.608503738927887644e-02, 3.177400000000000000e+04
1.609300817093857819e-02, 3.081100000000000000e+04
1.610097895259827994e-02, 2.989200000000000000e+04
1.610894973425798515e-02, 2.903700000000000000e+04
1.611692051591768690e-02, 2.826600000000000000e+04
1.612489129757738865e-02, 2.759200000000000000e+04
1.613286207923709040e-02, 2.703000000000000000e+04
1.614083286089679214e-02, 2.659400000000000000e+04
1.614880364255649389e-02, 2.628900000000000000e+04
1.615677442421619564e-02, 2.612300000000000000e+04
1.616474520587589739e-02, 2.610200000000000000e+04
1.617271598753559914e-02, 2.622600000000000000e+04
1.618068676919530435e-02, 2.648900000000000000e+04
1.618865755085500610e-02, 2.688700000000000000e+04
1.619662833251470785e-02, 2.741400000000000000e+04
1.620459911417440960e-02, 2.805800000000000000e+04
1.621256989583411134e-02, 2.880400000000000000e+04
1.622054067749381309e-02, 2.963600000000000000e+04
1.622851145915351484e-02, 3.053500000000000000e+04
1.623648224081321659e-02, 3.148400000000000000e+04
1.624445302247291834e-02, 3.246300000000000000e+04
1.625242380413262355e-02, 3.345100000000000000e+04
1.626039458579232530e-02, 3.442600000000000000e+04
1.626836536745202705e-02, 3.536600000000000000e+04
1.627633614911172880e-02, 3.625300000000000000e+04
1.628430693077143054e-02, 3.706500000000000000e+04
1.629227771243113229e-02, 3.778800000000000000e+04
1.630024849409083404e-02, 3.840600000000000000e+04
1.630821927575053579e-02, 3.890100000000000000e+04
1.631619005741023753e-02, 3.926500000000000000e+04
1.632416083906993928e-02, 3.949200000000000000e+04
1.633213162072964450e-02, 3.957500000000000000e+04
1.634010240238934625e-02, 3.951300000000000000e+04
1.634807318404904800e-02, 3.930700000000000000e+04
1.635604396570874974e-02, 3.896400000000000000e+04
1.636401474736845149e-02, 3.848800000000000000e+04
1.637198552902815324e-02, 3.789200000000000000e+04
1.637995631068785499e-02, 3.719000000000000000e+04
1.638792709234755673e-02, 3.639400000000000000e+04
1.639589787400725848e-02, 3.552200000000000000e+04
1.640386865566696370e-02, 3.459400000000000000e+04
1.641183943732666545e-02, 3.362800000000000000e+04
1.641981021898636720e-02, 3.264600000000000000e+04
1.642778100064606894e-02, 3.166500000000000000e+04
1.643575178230577069e-02, 3.071000000000000000e+04
1.644372256396547244e-02, 2.980300000000000000e+04
1.645169334562517419e-02, 2.896200000000000000e+04
1.645966412728487593e-02, 2.820500000000000000e+04
1.646763490894457768e-02, 2.754600000000000000e+04
1.647560569060428290e-02, 2.699900000000000000e+04
1.648357647226398465e-02, 2.657700000000000000e+04
1.649154725392368639e-02, 2.628600000000000000e+04
1.649951803558338814e-02, 2.613500000000000000e+04
1.650748881724308989e-02, 2.612900000000000000e+04
1.651545959890279164e-02, 2.626700000000000000e+04
1.652343038056249339e-02, 2.654300000000000000e+04
1.653140116222219513e-02, 2.695400000000000000e+04
1.653937194388189688e-02, 2.749300000000000000e+04
1.654734272554159863e-02, 2.814600000000000000e+04
1.655531350720130385e-02, 2.890000000000000000e+04
1.656328428886100559e-02, 2.973700000000000000e+04
1.657125507052070734e-02, 3.064200000000000000e+04
1.657922585218040909e-02, 3.159300000000000000e+04
1.658719663384011084e-02, 3.257400000000000000e+04
1.659516741549981259e-02, 3.356100000000000000e+04
1.660313819715951433e-02, 3.453200000000000000e+04
1.661110897881921608e-02, 3.546600000000000000e+04
1.661907976047891783e-02, 3.634600000000000000e+04
1.662705054213862305e-02, 3.714900000000000000e+04
1.663502132379832479e-02, 3.786000000000000000e+04
1.664299210545802654e-02, 3.846400000000000000e+04
1.665096288711772829e-02, 3.894400000000000000e+04
1.665893366877743004e-02, 3.929400000000000000e+04
1.666690445043713178e-02, 3.950600000000000000e+04
1.667487523209683353e-02, 3.957500000000000000e+04
1.668284601375653528e-02, 3.949800000000000000e+04
1.669081679541623703e-02, 3.927900000000000000e+04
1.669878757707594225e-02, 3.892200000000000000e+04
1.670675835873564399e-02, 3.843400000000000000e+04
1.671472914039534574e-02, 3.782600000000000000e+04
1.672269992205504749e-02, 3.710900000000000000e+04
1.673067070371474924e-02, 3.629900000000000000e+04
1.673864148537445098e-02, 3.541400000000000000e+04
1.674661226703415273e-02, 3.447500000000000000e+04
1.675458304869385448e-02, 3.350000000000000000e+04
1.676255383035355623e-02, 3.251000000000000000e+04
1.677052461201325798e-02, 3.152300000000000000e+04
1.677849539367296319e-02, 3.056300000000000000e+04
1.678646617533266494e-02, 2.965200000000000000e+04
1.679443695699236669e-02, 2.880900000000000000e+04
1.680240773865206844e-02, 2.805000000000000000e+04
1.681037852031177018e-02, 2.739200000000000000e+04
1.681834930197147193e-02, 2.684800000000000000e+04
1.682632008363117368e-02, 2.643200000000000000e+04
1.683429086529087543e-02, 2.615000000000000000e+04
1.684226164695057718e-02, 2.600900000000000000e+04
1.685023242861028239e-02, 2.601500000000000000e+04
1.685820321026998414e-02, 2.616400000000000000e+04
1.686617399192968589e-02, 2.645200000000000000e+04
1.687414477358938764e-02, 2.687500000000000000e+04
1.688211555524908938e-02, 2.742600000000000000e+04
1.689008633690879113e-02, 2.809100000000000000e+04
1.689805711856849288e-02, 2.885500000000000000e+04
1.690602790022819463e-02, 2.970300000000000000e+04
1.691399868188789637e-02, 3.061600000000000000e+04
1.692196946354760159e-02, 3.157500000000000000e+04
1.692994024520730334e-02, 3.256100000000000000e+04
1.693791102686700509e-02, 3.355100000000000000e+04
1.694588180852670684e-02, 3.452300000000000000e+04
1.695385259018640858e-02, 3.545900000000000000e+04
1.696182337184611033e-02, 3.633800000000000000e+04
1.696979415350581208e-02, 3.714100000000000000e+04
1.697776493516551383e-02, 3.785200000000000000e+04
1.698573571682521557e-02, 3.845400000000000000e+04
1.699370649848491732e-02, 3.893400000000000000e+04
1.700167728014462254e-02, 3.928200000000000000e+04
1.700964806180432429e-02, 3.949200000000000000e+04
1.701761884346402603e-02, 3.955700000000000000e+04
1.702558962512372778e-02, 3.947500000000000000e+04
1.703356040678342953e-02, 3.925100000000000000e+04
1.704153118844313128e-02, 3.888800000000000000e+04
1.704950197010283303e-02, 3.839500000000000000e+04
1.705747275176253477e-02, 3.778100000000000000e+04
1.706544353342223652e-02, 3.706000000000000000e+04
1.707341431508194174e-02, 3.624600000000000000e+04
1.708138509674164349e-02, 3.535900000000000000e+04
1.708935587840134523e-02, 3.442200000000000000e+04
1.709732666006104698e-02, 3.345100000000000000e+04
1.710529744172074873e-02, 3.246800000000000000e+04
1.711326822338045048e-02, 3.149100000000000000e+04
1.712123900504015223e-02, 3.054300000000000000e+04
1.712920978669985397e-02, 2.964500000000000000e+04
1.713718056835955572e-02, 2.881500000000000000e+04
1.714515135001926094e-02, 2.807100000000000000e+04
1.715312213167896269e-02, 2.742900000000000000e+04
1.716109291333866443e-02, 2.690300000000000000e+04
1.716906369499836618e-02, 2.650300000000000000e+04
1.717703447665806793e-02, 2.623700000000000000e+04
1.718500525831776968e-02, 2.611000000000000000e+04
1.719297603997747143e-02, 2.612900000000000000e+04
1.720094682163717317e-02, 2.629100000000000000e+04
1.720891760329687492e-02, 2.659000000000000000e+04
1.721688838495657667e-02, 2.702300000000000000e+04
1.722485916661628189e-02, 2.758200000000000000e+04
1.723282994827598363e-02, 2.825500000000000000e+04
1.724080072993568538e-02, 2.902400000000000000e+04
1.724877151159538713e-02, 2.987500000000000000e+04
1.725674229325508888e-02, 3.078900000000000000e+04
1.726471307491479062e-02, 3.174700000000000000e+04
1.727268385657449237e-02, 3.273000000000000000e+04
1.728065463823419412e-02, 3.371700000000000000e+04
1.728862541989389587e-02, 3.468400000000000000e+04
1.729659620155360109e-02, 3.561200000000000000e+04
1.730456698321330283e-02, 3.648200000000000000e+04
1.731253776487300458e-02, 3.727300000000000000e+04
1.732050854653270633e-02, 3.797100000000000000e+04
1.732847932819240808e-02, 3.855800000000000000e+04
1.733645010985210982e-02, 3.902200000000000000e+04
1.734442089151181157e-02, 3.935700000000000000e+04
1.735239167317151332e-02, 3.955400000000000000e+04
1.736036245483121507e-02, 3.960700000000000000e+04
1.736833323649092028e-02, 3.951500000000000000e+04
1.737630401815062203e-02, 3.928100000000000000e+04
1.738427479981032378e-02, 3.891000000000000000e+04
1.739224558147002553e-02, 3.840800000000000000e+04
1.740021636312972728e-02, 3.778800000000000000e+04
1.740818714478942902e-02, 3.706000000000000000e+04
1.741615792644913077e-02, 3.624000000000000000e+04
1.742412870810883252e-02, 3.534800000000000000e+04
1.743209948976853427e-02, 3.440300000000000000e+04
1.744007027142823602e-02, 3.342500000000000000e+04
1.744804105308794123e-02, 3.243500000000000000e+04
1.745601183474764298e-02, 3.145200000000000000e+04
1.746398261640734473e-02, 3.050000000000000000e+04
1.747195339806704648e-02, 2.959800000000000000e+04
1.747992417972674822e-02, 2.876500000000000000e+04
1.748789496138644997e-02, 2.802000000000000000e+04
1.749586574304615172e-02, 2.737500000000000000e+04
1.750383652470585347e-02, 2.684700000000000000e+04
1.751180730636555521e-02, 2.644800000000000000e+04
1.751977808802526043e-02, 2.618200000000000000e+04
1.752774886968496218e-02, 2.605800000000000000e+04
