0.000000000000000000e+00, 1.322000000000000000e+04
1.586990777372525207e-05, 1.092200000000000000e+04
3.173981554745050414e-05, 9.487000000000000000e+03
4.760972332117575283e-05, 8.629000000000000000e+03
6.347963109490100829e-05, 8.124000000000000000e+03
7.934953886862625020e-05, 7.813000000000000000e+03
9.521944664235150566e-05, 7.592000000000000000e+03
1.110893544160767611e-04, 7.409000000000000000e+03
1.269592621898020166e-04, 7.256000000000000000e+03
1.428291699635272449e-04, 7.151000000000000000e+03
1.586990777372525004e-04, 7.132000000000000000e+03
1.745689855109777559e-04, 7.246000000000000000e+03
1.904388932847030113e-04, 7.531000000000000000e+03
2.063088010584282668e-04, 8.018000000000000000e+03
2.221787088321535222e-04, 8.723000000000000000e+03
2.380486166058787506e-04, 9.640000000000000000e+03
2.539185243796040332e-04, 1.074800000000000000e+04
2.697884321533292615e-04, 1.199800000000000000e+04
2.856583399270544899e-04, 1.332900000000000000e+04
3.015282477007797724e-04, 1.466600000000000000e+04
3.173981554745050008e-04, 1.593200000000000000e+04
3.332680632482302834e-04, 1.705200000000000000e+04
3.491379710219555117e-04, 1.795900000000000000e+04
3.650078787956807401e-04, 1.859700000000000000e+04
3.808777865694060226e-04, 1.893500000000000000e+04
3.967476943431312510e-04, 1.895900000000000000e+04
4.126176021168565335e-04, 1.868600000000000000e+04
4.284875098905817619e-04, 1.814800000000000000e+04
4.443574176643070445e-04, 1.740300000000000000e+04
4.602273254380322728e-04, 1.652400000000000000e+04
4.760972332117575012e-04, 1.559500000000000000e+04
4.919671409854827837e-04, 1.469700000000000000e+04
5.078370487592080663e-04, 1.391700000000000000e+04
5.237069565329332405e-04, 1.332100000000000000e+04
5.395768643066585230e-04, 1.296600000000000000e+04
5.554467720803838056e-04, 1.288400000000000000e+04
5.713166798541089797e-04, 1.308800000000000000e+04
5.871865876278342623e-04, 1.355900000000000000e+04
6.030564954015595449e-04, 1.426200000000000000e+04
6.189264031752848274e-04, 1.513600000000000000e+04
6.347963109490100016e-04, 1.611100000000000000e+04
6.506662187227352841e-04, 1.710400000000000000e+04
6.665361264964605667e-04, 1.803100000000000000e+04
6.824060342701857408e-04, 1.881100000000000000e+04
6.982759420439110234e-04, 1.938000000000000000e+04
7.141458498176363060e-04, 1.969000000000000000e+04
7.300157575913614801e-04, 1.971600000000000000e+04
7.458856653650867627e-04, 1.945600000000000000e+04
7.617555731388120453e-04, 1.893200000000000000e+04
7.776254809125373278e-04, 1.818800000000000000e+04
7.934953886862625020e-04, 1.728900000000000000e+04
8.093652964599877845e-04, 1.631300000000000000e+04
8.252352042337130671e-04, 1.533900000000000000e+04
8.411051120074382412e-04, 1.445400000000000000e+04
8.569750197811635238e-04, 1.373200000000000000e+04
8.728449275548888064e-04, 1.323300000000000000e+04
8.887148353286140889e-04, 1.299500000000000000e+04
9.045847431023392631e-04, 1.304400000000000000e+04
9.204546508760645456e-04, 1.337300000000000000e+04
9.363245586497898282e-04, 1.395900000000000000e+04
9.521944664235150024e-04, 1.474900000000000000e+04
9.680643741972402849e-04, 1.567600000000000000e+04
9.839342819709655675e-04, 1.666200000000000000e+04
9.998041897446908501e-04, 1.762000000000000000e+04
1.015674097518416133e-03, 1.846900000000000000e+04
1.031544005292141198e-03, 1.913700000000000000e+04
1.047413913065866481e-03, 1.956700000000000000e+04
1.063283820839591763e-03, 1.972300000000000000e+04
1.079153728613317046e-03, 1.959100000000000000e+04
1.095023636387042329e-03, 1.918300000000000000e+04
1.110893544160767611e-03, 1.853400000000000000e+04
1.126763451934492894e-03, 1.769800000000000000e+04
1.142633359708217959e-03, 1.674800000000000000e+04
1.158503267481943242e-03, 1.576400000000000000e+04
1.174373175255668525e-03, 1.483000000000000000e+04
1.190243083029393807e-03, 1.402700000000000000e+04
1.206112990803119090e-03, 1.341900000000000000e+04
1.221982898576844372e-03, 1.305900000000000000e+04
1.237852806350569655e-03, 1.297800000000000000e+04
1.253722714124294721e-03, 1.318500000000000000e+04
1.269592621898020003e-03, 1.366100000000000000e+04
1.285462529671745286e-03, 1.436800000000000000e+04
1.301332437445470568e-03, 1.524400000000000000e+04
1.317202345219195851e-03, 1.621500000000000000e+04
1.333072252992921133e-03, 1.720000000000000000e+04
1.348942160766646199e-03, 1.811300000000000000e+04
1.364812068540371482e-03, 1.887800000000000000e+04
1.380681976314096764e-03, 1.942800000000000000e+04
1.396551884087822047e-03, 1.971500000000000000e+04
1.412421791861547329e-03, 1.971700000000000000e+04
1.428291699635272612e-03, 1.943300000000000000e+04
1.444161607408997895e-03, 1.888900000000000000e+04
1.460031515182722960e-03, 1.812900000000000000e+04
1.475901422956448243e-03, 1.722000000000000000e+04
1.491771330730173525e-03, 1.624000000000000000e+04
1.507641238503898808e-03, 1.527100000000000000e+04
1.523511146277624091e-03, 1.440200000000000000e+04
1.539381054051349373e-03, 1.370200000000000000e+04
1.555250961825074656e-03, 1.322900000000000000e+04
1.571120869598799721e-03, 1.302200000000000000e+04
1.586990777372525004e-03, 1.309800000000000000e+04
1.602860685146250286e-03, 1.344900000000000000e+04
1.618730592919975569e-03, 1.405200000000000000e+04
1.634600500693700852e-03, 1.485300000000000000e+04
1.650470408467426134e-03, 1.578400000000000000e+04
1.666340316241151417e-03, 1.676900000000000000e+04
1.682210224014876482e-03, 1.772000000000000000e+04
1.698080131788601765e-03, 1.855700000000000000e+04
1.713950039562327048e-03, 1.921200000000000000e+04
1.729819947336052330e-03, 1.962600000000000000e+04
1.745689855109777613e-03, 1.976400000000000000e+04
1.761559762883502895e-03, 1.961400000000000000e+04
1.777429670657228178e-03, 1.919300000000000000e+04
1.793299578430953244e-03, 1.853500000000000000e+04
1.809169486204678526e-03, 1.769200000000000000e+04
1.825039393978403809e-03, 1.674100000000000000e+04
1.840909301752129091e-03, 1.576000000000000000e+04
1.856779209525854374e-03, 1.483300000000000000e+04
1.872649117299579656e-03, 1.404100000000000000e+04
1.888519025073304722e-03, 1.345100000000000000e+04
1.904388932847030005e-03, 1.311400000000000000e+04
1.920258840620755287e-03, 1.305700000000000000e+04
1.936128748394480570e-03, 1.328600000000000000e+04
1.951998656168205852e-03, 1.378100000000000000e+04
1.967868563941931135e-03, 1.450200000000000000e+04
1.983738471715656201e-03, 1.538400000000000000e+04
1.999608379489381700e-03, 1.635500000000000000e+04
2.015478287263106766e-03, 1.733200000000000000e+04
2.031348195036832265e-03, 1.823100000000000000e+04
2.047218102810557331e-03, 1.897600000000000000e+04
2.063088010584282397e-03, 1.950300000000000000e+04
2.078957918358007896e-03, 1.976600000000000000e+04
2.094827826131732962e-03, 1.974200000000000000e+04
2.110697733905458461e-03, 1.943300000000000000e+04
2.126567641679183527e-03, 1.886700000000000000e+04
2.142437549452909026e-03, 1.808900000000000000e+04
2.158307457226634092e-03, 1.716800000000000000e+04
2.174177365000359158e-03, 1.618300000000000000e+04
2.190047272774084657e-03, 1.521500000000000000e+04
2.205917180547809723e-03, 1.435000000000000000e+04
2.221787088321535222e-03, 1.366200000000000000e+04
2.237656996095260288e-03, 1.320800000000000000e+04
2.253526903868985787e-03, 1.302200000000000000e+04
2.269396811642710853e-03, 1.312500000000000000e+04
2.285266719416435919e-03, 1.350300000000000000e+04
2.301136627190161418e-03, 1.413100000000000000e+04
2.317006534963886484e-03, 1.495000000000000000e+04
2.332876442737611983e-03, 1.589200000000000000e+04
2.348746350511337049e-03, 1.687900000000000000e+04
2.364616258285062549e-03, 1.782600000000000000e+04
2.380486166058787614e-03, 1.865100000000000000e+04
2.396356073832512680e-03, 1.928600000000000000e+04
2.412225981606238179e-03, 1.967600000000000000e+04
2.428095889379963245e-03, 1.978900000000000000e+04
2.443965797153688745e-03, 1.961500000000000000e+04
2.459835704927413810e-03, 1.916800000000000000e+04
2.475705612701139310e-03, 1.848800000000000000e+04
2.491575520474864375e-03, 1.763300000000000000e+04
2.507445428248589441e-03, 1.667700000000000000e+04
2.523315336022314941e-03, 1.569800000000000000e+04
2.539185243796040006e-03, 1.478500000000000000e+04
2.555055151569765506e-03, 1.401400000000000000e+04
2.570925059343490571e-03, 1.344900000000000000e+04
2.586794967117215637e-03, 1.313600000000000000e+04
2.602664874890941137e-03, 1.310500000000000000e+04
2.618534782664666202e-03, 1.335700000000000000e+04
2.634404690438391702e-03, 1.387200000000000000e+04
2.650274598212116767e-03, 1.460700000000000000e+04
2.666144505985842267e-03, 1.549500000000000000e+04
2.682014413759567333e-03, 1.646000000000000000e+04
2.697884321533292398e-03, 1.742400000000000000e+04
2.713754229307017898e-03, 1.830200000000000000e+04
2.729624137080742963e-03, 1.902000000000000000e+04
2.745494044854468463e-03, 1.951500000000000000e+04
2.761363952628193529e-03, 1.974500000000000000e+04
2.777233860401919028e-03, 1.969000000000000000e+04
2.793103768175644094e-03, 1.935400000000000000e+04
2.808973675949369159e-03, 1.876600000000000000e+04
2.824843583723094659e-03, 1.797300000000000000e+04
2.840713491496819725e-03, 1.704500000000000000e+04
2.856583399270545224e-03, 1.606100000000000000e+04
2.872453307044270290e-03, 1.510000000000000000e+04
2.888323214817995789e-03, 1.424900000000000000e+04
2.904193122591720855e-03, 1.357800000000000000e+04
2.920063030365445920e-03, 1.314500000000000000e+04
2.935932938139171420e-03, 1.298400000000000000e+04
2.951802845912896486e-03, 1.311300000000000000e+04
2.967672753686621985e-03, 1.351500000000000000e+04
2.983542661460347051e-03, 1.416100000000000000e+04
2.999412569234072550e-03, 1.498900000000000000e+04
3.015282477007797616e-03, 1.593400000000000000e+04
3.031152384781522682e-03, 1.691600000000000000e+04
3.047022292555248181e-03, 1.784900000000000000e+04
3.062892200328973247e-03, 1.865400000000000000e+04
3.078762108102698746e-03, 1.926400000000000000e+04
3.094632015876423812e-03, 1.962500000000000000e+04
3.110501923650149311e-03, 1.970800000000000000e+04
3.126371831423874377e-03, 1.950400000000000000e+04
3.142241739197599443e-03, 1.903100000000000000e+04
3.158111646971324942e-03, 1.832900000000000000e+04
3.173981554745050008e-03, 1.745900000000000000e+04
3.189851462518775507e-03, 1.650000000000000000e+04
3.205721370292500573e-03, 1.552800000000000000e+04
3.221591278066226072e-03, 1.462800000000000000e+04
3.237461185839951138e-03, 1.387500000000000000e+04
3.253331093613676204e-03, 1.332900000000000000e+04
3.269201001387401703e-03, 1.304000000000000000e+04
3.285070909161126769e-03, 1.303300000000000000e+04
3.300940816934852268e-03, 1.330800000000000000e+04
3.316810724708577334e-03, 1.384700000000000000e+04
3.332680632482302834e-03, 1.460100000000000000e+04
3.348550540256027899e-03, 1.550600000000000000e+04
3.364420448029752965e-03, 1.648600000000000000e+04
3.380290355803478464e-03, 1.745900000000000000e+04
3.396160263577203530e-03, 1.834000000000000000e+04
3.412030171350929030e-03, 1.905500000000000000e+04
3.427900079124654095e-03, 1.954000000000000000e+04
3.443769986898379595e-03, 1.975700000000000000e+04
3.459639894672104660e-03, 1.968400000000000000e+04
3.475509802445829726e-03, 1.933100000000000000e+04
3.491379710219555225e-03, 1.872700000000000000e+04
3.507249617993280291e-03, 1.792100000000000000e+04
3.523119525767005791e-03, 1.698500000000000000e+04
3.538989433540730856e-03, 1.599900000000000000e+04
3.554859341314456356e-03, 1.504500000000000000e+04
3.570729249088181421e-03, 1.420500000000000000e+04
3.586599156861906487e-03, 1.354900000000000000e+04
3.602469064635631987e-03, 1.313300000000000000e+04
3.618338972409357052e-03, 1.299100000000000000e+04
3.634208880183082552e-03, 1.313900000000000000e+04
3.650078787956807617e-03, 1.356100000000000000e+04
3.665948695730532683e-03, 1.422500000000000000e+04
3.681818603504258183e-03, 1.507000000000000000e+04
3.697688511277983248e-03, 1.602700000000000000e+04
3.713558419051708748e-03, 1.701500000000000000e+04
3.729428326825433813e-03, 1.794800000000000000e+04
3.745298234599159313e-03, 1.874700000000000000e+04
3.761168142372884379e-03, 1.934200000000000000e+04
3.777038050146609444e-03, 1.968300000000000000e+04
3.792907957920334944e-03, 1.974200000000000000e+04
3.808777865694060009e-03, 1.951500000000000000e+04
3.824647773467785509e-03, 1.902000000000000000e+04
3.840517681241510575e-03, 1.829900000000000000e+04
3.856387589015236074e-03, 1.741300000000000000e+04
3.872257496788961140e-03, 1.644100000000000000e+04
3.888127404562686205e-03, 1.546200000000000000e+04
3.903997312336411705e-03, 1.456000000000000000e+04
3.919867220110137204e-03, 1.381400000000000000e+04
3.935737127883862270e-03, 1.328400000000000000e+04
3.951607035657587336e-03, 1.301200000000000000e+04
3.967476943431312401e-03, 1.302500000000000000e+04
3.983346851205038334e-03, 1.331900000000000000e+04
3.999216758978763400e-03, 1.387400000000000000e+04
4.015086666752488466e-03, 1.464100000000000000e+04
4.030956574526213532e-03, 1.555500000000000000e+04
4.046826482299938597e-03, 1.653800000000000000e+04
4.062696390073664530e-03, 1.750500000000000000e+04
4.078566297847389596e-03, 1.837200000000000000e+04
4.094436205621114662e-03, 1.906600000000000000e+04
4.110306113394839728e-03, 1.952800000000000000e+04
4.126176021168564793e-03, 1.972000000000000000e+04
4.142045928942290726e-03, 1.962800000000000000e+04
4.157915836716015792e-03, 1.926100000000000000e+04
4.173785744489740858e-03, 1.864600000000000000e+04
4.189655652263465924e-03, 1.783600000000000000e+04
4.205525560037190989e-03, 1.690000000000000000e+04
4.221395467810916922e-03, 1.591900000000000000e+04
4.237265375584641988e-03, 1.497500000000000000e+04
4.253135283358367054e-03, 1.415300000000000000e+04
4.269005191132092120e-03, 1.352200000000000000e+04
4.284875098905818053e-03, 1.313400000000000000e+04
4.300745006679543118e-03, 1.302200000000000000e+04
4.316614914453268184e-03, 1.319700000000000000e+04
4.332484822226993250e-03, 1.364200000000000000e+04
4.348354730000718316e-03, 1.432400000000000000e+04
4.364224637774444249e-03, 1.518100000000000000e+04
4.380094545548169314e-03, 1.614200000000000000e+04
4.395964453321894380e-03, 1.712700000000000000e+04
4.411834361095619446e-03, 1.805000000000000000e+04
4.427704268869344512e-03, 1.883300000000000000e+04
4.443574176643070445e-03, 1.941000000000000000e+04
4.459444084416795510e-03, 1.972900000000000000e+04
4.475313992190520576e-03, 1.976300000000000000e+04
4.491183899964245642e-03, 1.951100000000000000e+04
4.507053807737971575e-03, 1.899400000000000000e+04
4.522923715511696641e-03, 1.825500000000000000e+04
4.538793623285421706e-03, 1.735700000000000000e+04
4.554663531059146772e-03, 1.637900000000000000e+04
4.570533438832871838e-03, 1.540100000000000000e+04
4.586403346606597771e-03, 1.450900000000000000e+04
4.602273254380322837e-03, 1.377500000000000000e+04
4.618143162154047902e-03, 1.326300000000000000e+04
4.634013069927772968e-03, 1.301400000000000000e+04
4.649882977701498034e-03, 1.305400000000000000e+04
4.665752885475223967e-03, 1.337500000000000000e+04
4.681622793248949033e-03, 1.395300000000000000e+04
4.697492701022674098e-03, 1.473800000000000000e+04
4.713362608796399164e-03, 1.566100000000000000e+04
4.729232516570125097e-03, 1.664800000000000000e+04
4.745102424343850163e-03, 1.761100000000000000e+04
4.760972332117575229e-03, 1.846900000000000000e+04
4.776842239891300294e-03, 1.915100000000000000e+04
4.792712147665025360e-03, 1.959800000000000000e+04
4.808582055438751293e-03, 1.977200000000000000e+04
4.824451963212476359e-03, 1.965700000000000000e+04
4.840321870986201425e-03, 1.926400000000000000e+04
4.856191778759926490e-03, 1.862500000000000000e+04
4.872061686533651556e-03, 1.779400000000000000e+04
4.887931594307377489e-03, 1.684600000000000000e+04
4.903801502081102555e-03, 1.585900000000000000e+04
4.919671409854827621e-03, 1.491700000000000000e+04
4.935541317628552686e-03, 1.410300000000000000e+04
4.951411225402278619e-03, 1.348300000000000000e+04
4.967281133176003685e-03, 1.311200000000000000e+04
4.983151040949728751e-03, 1.302000000000000000e+04
4.999020948723453817e-03, 1.321500000000000000e+04
5.014890856497178882e-03, 1.368000000000000000e+04
5.030760764270904815e-03, 1.437800000000000000e+04
5.046630672044629881e-03, 1.524600000000000000e+04
5.062500579818354947e-03, 1.621300000000000000e+04
5.078370487592080013e-03, 1.719500000000000000e+04
5.094240395365805078e-03, 1.810800000000000000e+04
5.110110303139531011e-03, 1.887100000000000000e+04
5.125980210913256077e-03, 1.942300000000000000e+04
5.141850118686981143e-03, 1.971600000000000000e+04
5.157720026460706209e-03, 1.972500000000000000e+04
5.173589934234431274e-03, 1.944800000000000000e+04
5.189459842008157207e-03, 1.891100000000000000e+04
5.205329749781882273e-03, 1.815700000000000000e+04
5.221199657555607339e-03, 1.725300000000000000e+04
5.237069565329332405e-03, 1.628000000000000000e+04
5.252939473103058338e-03, 1.531500000000000000e+04
5.268809380876783403e-03, 1.444200000000000000e+04
5.284679288650508469e-03, 1.373600000000000000e+04
5.300549196424233535e-03, 1.325500000000000000e+04
5.316419104197958601e-03, 1.304000000000000000e+04
5.332289011971684534e-03, 1.311000000000000000e+04
5.348158919745409599e-03, 1.345700000000000000e+04
5.364028827519134665e-03, 1.405700000000000000e+04
5.379898735292859731e-03, 1.485700000000000000e+04
5.395768643066584797e-03, 1.578700000000000000e+04
5.411638550840310730e-03, 1.677200000000000000e+04
5.427508458614035795e-03, 1.772700000000000000e+04
5.443378366387760861e-03, 1.857100000000000000e+04
5.459248274161485927e-03, 1.923200000000000000e+04
5.475118181935211860e-03, 1.965000000000000000e+04
5.490988089708936926e-03, 1.979300000000000000e+04
5.506857997482661991e-03, 1.964500000000000000e+04
5.522727905256387057e-03, 1.922300000000000000e+04
5.538597813030112123e-03, 1.856000000000000000e+04
5.554467720803838056e-03, 1.771200000000000000e+04
5.570337628577563122e-03, 1.675400000000000000e+04
5.586207536351288187e-03, 1.576600000000000000e+04
5.602077444125013253e-03, 1.483200000000000000e+04
5.617947351898738319e-03, 1.403100000000000000e+04
5.633817259672464252e-03, 1.342800000000000000e+04
5.649687167446189318e-03, 1.307700000000000000e+04
5.665557075219914383e-03, 1.300700000000000000e+04
5.681426982993639449e-03, 1.322400000000000000e+04
5.697296890767365382e-03, 1.371000000000000000e+04
5.713166798541090448e-03, 1.442400000000000000e+04
5.729036706314815514e-03, 1.530300000000000000e+04
5.744906614088540579e-03, 1.627000000000000000e+04
5.760776521862265645e-03, 1.724400000000000000e+04
5.776646429635991578e-03, 1.814400000000000000e+04
5.792516337409716644e-03, 1.889200000000000000e+04
5.808386245183441710e-03, 1.942300000000000000e+04
5.824256152957166775e-03, 1.969300000000000000e+04
5.840126060730891841e-03, 1.967800000000000000e+04
5.855995968504617774e-03, 1.938100000000000000e+04
5.871865876278342840e-03, 1.882600000000000000e+04
5.887735784052067906e-03, 1.805900000000000000e+04
5.903605691825792971e-03, 1.714600000000000000e+04
5.919475599599518904e-03, 1.616700000000000000e+04
5.935345507373243970e-03, 1.520200000000000000e+04
5.951215415146969036e-03, 1.433500000000000000e+04
5.967085322920694102e-03, 1.364000000000000000e+04
5.982955230694419167e-03, 1.317500000000000000e+04
5.998825138468145100e-03, 1.297900000000000000e+04
6.014695046241870166e-03, 1.307300000000000000e+04
6.030564954015595232e-03, 1.344400000000000000e+04
6.046434861789320298e-03, 1.406500000000000000e+04
6.062304769563045363e-03, 1.488100000000000000e+04
6.078174677336771296e-03, 1.582300000000000000e+04
6.094044585110496362e-03, 1.681300000000000000e+04
6.109914492884221428e-03, 1.776400000000000000e+04
6.125784400657946493e-03, 1.859900000000000000e+04
6.141654308431672427e-03, 1.924600000000000000e+04
6.157524216205397492e-03, 1.964900000000000000e+04
6.173394123979122558e-03, 1.977400000000000000e+04
6.189264031752847624e-03, 1.960800000000000000e+04
6.205133939526572689e-03, 1.916800000000000000e+04
6.221003847300298623e-03, 1.849200000000000000e+04
6.236873755074023688e-03, 1.763500000000000000e+04
6.252743662847748754e-03, 1.667300000000000000e+04
6.268613570621473820e-03, 1.568700000000000000e+04
6.284483478395198885e-03, 1.476200000000000000e+04
6.300353386168924819e-03, 1.397700000000000000e+04
6.316223293942649884e-03, 1.339400000000000000e+04
6.332093201716374950e-03, 1.306400000000000000e+04
6.347963109490100016e-03, 1.301500000000000000e+04
6.363833017263825081e-03, 1.325200000000000000e+04
6.379702925037551015e-03, 1.375600000000000000e+04
6.395572832811276080e-03, 1.448500000000000000e+04
6.411442740585001146e-03, 1.537400000000000000e+04
6.427312648358726212e-03, 1.634900000000000000e+04
6.443182556132452145e-03, 1.732300000000000000e+04
6.459052463906177211e-03, 1.821300000000000000e+04
6.474922371679902276e-03, 1.894600000000000000e+04
6.490792279453627342e-03, 1.945900000000000000e+04
6.506662187227352408e-03, 1.970700000000000000e+04
6.522532095001078341e-03, 1.966800000000000000e+04
6.538402002774803407e-03, 1.934800000000000000e+04
6.554271910548528472e-03, 1.877400000000000000e+04
6.570141818322253538e-03, 1.799500000000000000e+04
6.586011726095978604e-03, 1.708100000000000000e+04
6.601881633869704537e-03, 1.610600000000000000e+04
6.617751541643429603e-03, 1.515300000000000000e+04
6.633621449417154668e-03, 1.430600000000000000e+04
6.649491357190879734e-03, 1.363700000000000000e+04
6.665361264964605667e-03, 1.320000000000000000e+04
6.681231172738330733e-03, 1.303200000000000000e+04
6.697101080512055798e-03, 1.315100000000000000e+04
6.712970988285780864e-03, 1.354400000000000000e+04
6.728840896059505930e-03, 1.418200000000000000e+04
6.744710803833231863e-03, 1.500800000000000000e+04
6.760580711606956929e-03, 1.595300000000000000e+04
6.776450619380681994e-03, 1.694000000000000000e+04
6.792320527154407060e-03, 1.788100000000000000e+04
6.808190434928132126e-03, 1.869700000000000000e+04
6.824060342701858059e-03, 1.931800000000000000e+04
6.839930250475583125e-03, 1.968900000000000000e+04
6.855800158249308190e-03, 1.978100000000000000e+04
6.871670066023033256e-03, 1.958500000000000000e+04
6.887539973796759189e-03, 1.911900000000000000e+04
6.903409881570484255e-03, 1.842000000000000000e+04
6.919279789344209321e-03, 1.754800000000000000e+04
6.935149697117934386e-03, 1.658000000000000000e+04
6.951019604891659452e-03, 1.559500000000000000e+04
6.966889512665385385e-03, 1.467700000000000000e+04
6.982759420439110451e-03, 1.390600000000000000e+04
6.998629328212835517e-03, 1.334500000000000000e+04
7.014499235986560582e-03, 1.303900000000000000e+04
7.030369143760285648e-03, 1.301500000000000000e+04
7.046239051534011581e-03, 1.327300000000000000e+04
7.062108959307736647e-03, 1.379700000000000000e+04
7.077978867081461713e-03, 1.453900000000000000e+04
7.093848774855186778e-03, 1.543700000000000000e+04
7.109718682628912712e-03, 1.641500000000000000e+04
7.125588590402637777e-03, 1.738900000000000000e+04
7.141458498176362843e-03, 1.827400000000000000e+04
7.157328405950087909e-03, 1.899300000000000000e+04
7.173198313723812974e-03, 1.948600000000000000e+04
7.189068221497538907e-03, 1.971300000000000000e+04
7.204938129271263973e-03, 1.965200000000000000e+04
7.220808037044989039e-03, 1.931100000000000000e+04
7.236677944818714105e-03, 1.871700000000000000e+04
7.252547852592439170e-03, 1.792100000000000000e+04
7.268417760366165103e-03, 1.699200000000000000e+04
7.284287668139890169e-03, 1.600900000000000000e+04
7.300157575913615235e-03, 1.505300000000000000e+04
7.316027483687340301e-03, 1.421100000000000000e+04
7.331897391461065366e-03, 1.355200000000000000e+04
7.347767299234791299e-03, 1.313300000000000000e+04
7.363637207008516365e-03, 1.298700000000000000e+04
7.379507114782241431e-03, 1.312900000000000000e+04
7.395377022555966497e-03, 1.354500000000000000e+04
7.411246930329692430e-03, 1.420300000000000000e+04
7.427116838103417495e-03, 1.504500000000000000e+04
7.442986745877142561e-03, 1.599900000000000000e+04
7.458856653650867627e-03, 1.698800000000000000e+04
7.474726561424592693e-03, 1.792500000000000000e+04
7.490596469198318626e-03, 1.873200000000000000e+04
7.506466376972043691e-03, 1.934000000000000000e+04
7.522336284745768757e-03, 1.969500000000000000e+04
7.538206192519493823e-03, 1.976800000000000000e+04
7.554076100293218889e-03, 1.955200000000000000e+04
7.569946008066944822e-03, 1.906700000000000000e+04
7.585815915840669887e-03, 1.835400000000000000e+04
7.601685823614394953e-03, 1.747300000000000000e+04
7.617555731388120019e-03, 1.650100000000000000e+04
7.633425639161845952e-03, 1.551900000000000000e+04
7.649295546935571018e-03, 1.461300000000000000e+04
7.665165454709296083e-03, 1.386300000000000000e+04
7.681035362483021149e-03, 1.332700000000000000e+04
7.696905270256746215e-03, 1.305100000000000000e+04
7.712775178030472148e-03, 1.305900000000000000e+04
7.728645085804197214e-03, 1.335000000000000000e+04
7.744514993577922279e-03, 1.390100000000000000e+04
7.760384901351647345e-03, 1.466400000000000000e+04
7.776254809125372411e-03, 1.557400000000000000e+04
7.792124716899098344e-03, 1.655600000000000000e+04
7.807994624672823410e-03, 1.752500000000000000e+04
7.823864532446548475e-03, 1.839800000000000000e+04
7.839734440220274408e-03, 1.910300000000000000e+04
7.855604347993998607e-03, 1.957900000000000000e+04
7.871474255767724540e-03, 1.978600000000000000e+04
7.887344163541448738e-03, 1.970500000000000000e+04
7.903214071315174671e-03, 1.934400000000000000e+04
7.919083979088900604e-03, 1.873100000000000000e+04
7.934953886862624803e-03, 1.791900000000000000e+04
7.950823794636350736e-03, 1.698000000000000000e+04
7.966693702410076669e-03, 1.599200000000000000e+04
7.982563610183800867e-03, 1.503900000000000000e+04
7.998433517957526800e-03, 1.420400000000000000e+04
8.014303425731250999e-03, 1.355500000000000000e+04
8.030173333504976932e-03, 1.314900000000000000e+04
8.046043241278702865e-03, 1.301900000000000000e+04
8.061913149052427063e-03, 1.317900000000000000e+04
8.077783056826152996e-03, 1.361100000000000000e+04
8.093652964599877195e-03, 1.428200000000000000e+04
8.109522872373603128e-03, 1.513200000000000000e+04
8.125392780147329061e-03, 1.609100000000000000e+04
8.141262687921053259e-03, 1.707600000000000000e+04
8.157132595694779192e-03, 1.800200000000000000e+04
8.173002503468503391e-03, 1.879300000000000000e+04
8.188872411242229324e-03, 1.938200000000000000e+04
8.204742319015955257e-03, 1.971600000000000000e+04
8.220612226789679455e-03, 1.976700000000000000e+04
8.236482134563405388e-03, 1.953000000000000000e+04
8.252352042337129587e-03, 1.902600000000000000e+04
8.268221950110855520e-03, 1.829700000000000000e+04
8.284091857884581453e-03, 1.740600000000000000e+04
8.299961765658305651e-03, 1.643500000000000000e+04
8.315831673432031584e-03, 1.546200000000000000e+04
8.331701581205755783e-03, 1.457200000000000000e+04
8.347571488979481716e-03, 1.383800000000000000e+04
8.363441396753207649e-03, 1.332000000000000000e+04
8.379311304526931847e-03, 1.306000000000000000e+04
8.395181212300657780e-03, 1.308500000000000000e+04
8.411051120074381979e-03, 1.339100000000000000e+04
8.426921027848107912e-03, 1.395600000000000000e+04
8.442790935621833845e-03, 1.472900000000000000e+04
8.458660843395558043e-03, 1.564400000000000000e+04
8.474530751169283976e-03, 1.662500000000000000e+04
8.490400658943009909e-03, 1.758300000000000000e+04
8.506270566716734108e-03, 1.843800000000000000e+04
8.522140474490460041e-03, 1.911900000000000000e+04
8.538010382264184239e-03, 1.956600000000000000e+04
8.553880290037910172e-03, 1.974500000000000000e+04
8.569750197811636105e-03, 1.963900000000000000e+04
8.585620105585360304e-03, 1.925800000000000000e+04
8.601490013359086237e-03, 1.863100000000000000e+04
8.617359921132810435e-03, 1.780900000000000000e+04
8.633229828906536368e-03, 1.686700000000000000e+04
8.649099736680262301e-03, 1.588300000000000000e+04
8.664969644453986500e-03, 1.494200000000000000e+04
8.680839552227712433e-03, 1.412700000000000000e+04
8.696709460001436631e-03, 1.350600000000000000e+04
8.712579367775162564e-03, 1.313000000000000000e+04
8.728449275548888497e-03, 1.303000000000000000e+04
8.744319183322612696e-03, 1.321700000000000000e+04
8.760189091096338629e-03, 1.367400000000000000e+04
8.776058998870062827e-03, 1.436400000000000000e+04
8.791928906643788760e-03, 1.522700000000000000e+04
8.807798814417514693e-03, 1.619100000000000000e+04
8.823668722191238892e-03, 1.717400000000000000e+04
8.839538629964964825e-03, 1.809200000000000000e+04
8.855408537738689023e-03, 1.886600000000000000e+04
8.871278445512414956e-03, 1.943300000000000000e+04
8.887148353286140889e-03, 1.974500000000000000e+04
8.903018261059865088e-03, 1.977200000000000000e+04
8.918888168833591021e-03, 1.951300000000000000e+04
8.934758076607316954e-03, 1.899000000000000000e+04
8.950627984381041152e-03, 1.824500000000000000e+04
8.966497892154767085e-03, 1.734400000000000000e+04
8.982367799928491284e-03, 1.636500000000000000e+04
8.998237707702217217e-03, 1.538900000000000000e+04
9.014107615475943150e-03, 1.450000000000000000e+04
9.029977523249667348e-03, 1.377400000000000000e+04
9.045847431023393281e-03, 1.327200000000000000e+04
9.061717338797117480e-03, 1.303500000000000000e+04
9.077587246570843413e-03, 1.308700000000000000e+04
9.093457154344569346e-03, 1.341800000000000000e+04
9.109327062118293544e-03, 1.400600000000000000e+04
9.125196969892019477e-03, 1.479700000000000000e+04
9.141066877665743676e-03, 1.572400000000000000e+04
9.156936785439469609e-03, 1.670900000000000000e+04
9.172806693213195542e-03, 1.766700000000000000e+04
9.188676600986919740e-03, 1.851500000000000000e+04
9.204546508760645673e-03, 1.918100000000000000e+04
9.220416416534369872e-03, 1.960700000000000000e+04
9.236286324308095805e-03, 1.976000000000000000e+04
9.252156232081821738e-03, 1.962400000000000000e+04
9.268026139855545936e-03, 1.921200000000000000e+04
9.283896047629271869e-03, 1.855900000000000000e+04
9.299765955402996068e-03, 1.771900000000000000e+04
9.315635863176722001e-03, 1.676700000000000000e+04
9.331505770950447934e-03, 1.578000000000000000e+04
9.347375678724172132e-03, 1.484300000000000000e+04
9.363245586497898065e-03, 1.403900000000000000e+04
9.379115494271622264e-03, 1.343300000000000000e+04
9.394985402045348197e-03, 1.307800000000000000e+04
9.410855309819074130e-03, 1.300200000000000000e+04
9.426725217592798328e-03, 1.321300000000000000e+04
9.442595125366524261e-03, 1.369300000000000000e+04
9.458465033140250194e-03, 1.440200000000000000e+04
9.474334940913974393e-03, 1.527900000000000000e+04
9.490204848687700326e-03, 1.624900000000000000e+04
9.506074756461424524e-03, 1.723200000000000000e+04
9.521944664235150457e-03, 1.814400000000000000e+04
9.537814572008876390e-03, 1.890700000000000000e+04
9.553684479782600589e-03, 1.945500000000000000e+04
9.569554387556326522e-03, 1.974200000000000000e+04
9.585424295330050720e-03, 1.974200000000000000e+04
9.601294203103776653e-03, 1.945600000000000000e+04
9.617164110877502586e-03, 1.890900000000000000e+04
9.633034018651226785e-03, 1.814700000000000000e+04
9.648903926424952718e-03, 1.723600000000000000e+04
9.664773834198676916e-03, 1.625400000000000000e+04
9.680643741972402849e-03, 1.528200000000000000e+04
9.696513649746128782e-03, 1.440700000000000000e+04
9.712383557519852981e-03, 1.369900000000000000e+04
9.728253465293578914e-03, 1.321800000000000000e+04
9.744123373067303112e-03, 1.300400000000000000e+04
9.759993280841029045e-03, 1.307800000000000000e+04
9.775863188614754978e-03, 1.342600000000000000e+04
9.791733096388479177e-03, 1.402600000000000000e+04
9.807603004162205110e-03, 1.482500000000000000e+04
9.823472911935929308e-03, 1.575400000000000000e+04
9.839342819709655241e-03, 1.673800000000000000e+04
9.855212727483381174e-03, 1.769000000000000000e+04
9.871082635257105373e-03, 1.852800000000000000e+04
9.886952543030831306e-03, 1.918200000000000000e+04
9.902822450804557239e-03, 1.959100000000000000e+04
9.918692358578281437e-03, 1.972500000000000000e+04
9.934562266352007370e-03, 1.956900000000000000e+04
9.950432174125731569e-03, 1.914100000000000000e+04
9.966302081899457502e-03, 1.847400000000000000e+04
9.982171989673183435e-03, 1.762500000000000000e+04
9.998041897446907633e-03, 1.667000000000000000e+04
1.001391180522063357e-02, 1.568800000000000000e+04
1.002978171299435776e-02, 1.476600000000000000e+04
1.004565162076808370e-02, 1.398400000000000000e+04
1.006152152854180963e-02, 1.340300000000000000e+04
1.007739143631553383e-02, 1.307400000000000000e+04
1.009326134408925976e-02, 1.302600000000000000e+04
1.010913125186298396e-02, 1.326200000000000000e+04
1.012500115963670989e-02, 1.376400000000000000e+04
1.014087106741043583e-02, 1.448900000000000000e+04
1.015674097518416003e-02, 1.537100000000000000e+04
1.017261088295788596e-02, 1.633800000000000000e+04
1.018848079073161016e-02, 1.731000000000000000e+04
1.020435069850533609e-02, 1.820300000000000000e+04
1.022022060627906202e-02, 1.893900000000000000e+04
1.023609051405278622e-02, 1.945700000000000000e+04
1.025196042182651215e-02, 1.971300000000000000e+04
1.026783032960023635e-02, 1.968400000000000000e+04
1.028370023737396229e-02, 1.937300000000000000e+04
1.029957014514768822e-02, 1.880600000000000000e+04
1.031544005292141242e-02, 1.803000000000000000e+04
1.033130996069513835e-02, 1.711100000000000000e+04
1.034717986846886255e-02, 1.613000000000000000e+04
1.036304977624258848e-02, 1.516500000000000000e+04
1.037891968401631441e-02, 1.430500000000000000e+04
1.039478959179003861e-02, 1.361800000000000000e+04
1.041065949956376455e-02, 1.316200000000000000e+04
1.042652940733749048e-02, 1.297300000000000000e+04
1.044239931511121468e-02, 1.307300000000000000e+04
1.045826922288494061e-02, 1.344900000000000000e+04
1.047413913065866481e-02, 1.407500000000000000e+04
1.049000903843239074e-02, 1.489500000000000000e+04
1.050587894620611668e-02, 1.583900000000000000e+04
1.052174885397984087e-02, 1.682800000000000000e+04
1.053761876175356681e-02, 1.777700000000000000e+04
1.055348866952729101e-02, 1.860600000000000000e+04
1.056935857730101694e-02, 1.924500000000000000e+04
1.058522848507474287e-02, 1.963700000000000000e+04
1.060109839284846707e-02, 1.975300000000000000e+04
1.061696830062219300e-02, 1.958200000000000000e+04
1.063283820839591720e-02, 1.913900000000000000e+04
1.064870811616964313e-02, 1.846100000000000000e+04
1.066457802394336907e-02, 1.760700000000000000e+04
1.068044793171709327e-02, 1.665500000000000000e+04
1.069631783949081920e-02, 1.568000000000000000e+04
1.071218774726454340e-02, 1.476800000000000000e+04
1.072805765503826933e-02, 1.400000000000000000e+04
1.074392756281199526e-02, 1.343700000000000000e+04
1.075979747058571946e-02, 1.312800000000000000e+04
1.077566737835944539e-02, 1.309900000000000000e+04
1.079153728613316959e-02, 1.335300000000000000e+04
1.080740719390689553e-02, 1.387000000000000000e+04
1.082327710168062146e-02, 1.460700000000000000e+04
1.083914700945434566e-02, 1.549800000000000000e+04
1.085501691722807159e-02, 1.646800000000000000e+04
1.087088682500179752e-02, 1.743200000000000000e+04
1.088675673277552172e-02, 1.831100000000000000e+04
1.090262664054924766e-02, 1.902900000000000000e+04
1.091849654832297185e-02, 1.952400000000000000e+04
1.093436645609669779e-02, 1.975300000000000000e+04
1.095023636387042372e-02, 1.969600000000000000e+04
1.096610627164414792e-02, 1.936000000000000000e+04
1.098197617941787385e-02, 1.877000000000000000e+04
1.099784608719159805e-02, 1.797600000000000000e+04
1.101371599496532398e-02, 1.704700000000000000e+04
1.102958590273904992e-02, 1.606200000000000000e+04
1.104545581051277411e-02, 1.510200000000000000e+04
1.106132571828650005e-02, 1.425000000000000000e+04
1.107719562606022425e-02, 1.357800000000000000e+04
1.109306553383395018e-02, 1.314300000000000000e+04
1.110893544160767611e-02, 1.298100000000000000e+04
1.112480534938140031e-02, 1.310900000000000000e+04
1.114067525715512624e-02, 1.351100000000000000e+04
1.115654516492885044e-02, 1.415900000000000000e+04
1.117241507270257637e-02, 1.499400000000000000e+04
1.118828498047630231e-02, 1.594600000000000000e+04
1.120415488825002651e-02, 1.693600000000000000e+04
1.122002479602375244e-02, 1.787600000000000000e+04
1.123589470379747664e-02, 1.868800000000000000e+04
1.125176461157120257e-02, 1.930100000000000000e+04
1.126763451934492850e-02, 1.966300000000000000e+04
1.128350442711865270e-02, 1.974500000000000000e+04
1.129937433489237864e-02, 1.954000000000000000e+04
1.131524424266610457e-02, 1.906500000000000000e+04
1.133111415043982877e-02, 1.836000000000000000e+04
1.134698405821355470e-02, 1.748500000000000000e+04
1.136285396598727890e-02, 1.651700000000000000e+04
1.137872387376100483e-02, 1.553500000000000000e+04
1.139459378153473076e-02, 1.462500000000000000e+04
1.141046368930845496e-02, 1.386500000000000000e+04
1.142633359708218090e-02, 1.331700000000000000e+04
1.144220350485590509e-02, 1.303000000000000000e+04
1.145807341262963103e-02, 1.302700000000000000e+04
1.147394332040335696e-02, 1.330700000000000000e+04
1.148981322817708116e-02, 1.384900000000000000e+04
1.150568313595080709e-02, 1.460700000000000000e+04
1.152155304372453129e-02, 1.551400000000000000e+04
1.153742295149825722e-02, 1.649600000000000000e+04
1.155329285927198316e-02, 1.746700000000000000e+04
1.156916276704570735e-02, 1.834200000000000000e+04
1.158503267481943329e-02, 1.905000000000000000e+04
1.160090258259315749e-02, 1.953000000000000000e+04
1.161677249036688342e-02, 1.974100000000000000e+04
1.163264239814060935e-02, 1.966500000000000000e+04
1.164851230591433355e-02, 1.930900000000000000e+04
1.166438221368805948e-02, 1.870300000000000000e+04
1.168025212146178368e-02, 1.789700000000000000e+04
1.169612202923550962e-02, 1.696100000000000000e+04
1.171199193700923555e-02, 1.597600000000000000e+04
1.172786184478295975e-02, 1.502300000000000000e+04
1.174373175255668568e-02, 1.418600000000000000e+04
1.175960166033040988e-02, 1.353200000000000000e+04
1.177547156810413581e-02, 1.311800000000000000e+04
1.179134147587786174e-02, 1.297700000000000000e+04
1.180721138365158594e-02, 1.312500000000000000e+04
1.182308129142531188e-02, 1.354800000000000000e+04
1.183895119919903781e-02, 1.421200000000000000e+04
1.185482110697276201e-02, 1.505900000000000000e+04
1.187069101474648794e-02, 1.601600000000000000e+04
1.188656092252021214e-02, 1.700500000000000000e+04
1.190243083029393807e-02, 1.793900000000000000e+04
1.191830073806766400e-02, 1.873900000000000000e+04
1.193417064584138820e-02, 1.933800000000000000e+04
1.195004055361511414e-02, 1.968700000000000000e+04
1.196591046138883833e-02, 1.975400000000000000e+04
1.198178036916256427e-02, 1.953400000000000000e+04
1.199765027693629020e-02, 1.904600000000000000e+04
1.201352018471001440e-02, 1.832900000000000000e+04
1.202939009248374033e-02, 1.744700000000000000e+04
1.204526000025746453e-02, 1.647600000000000000e+04
1.206112990803119046e-02, 1.549700000000000000e+04
1.207699981580491640e-02, 1.459500000000000000e+04
1.209286972357864060e-02, 1.384700000000000000e+04
1.210873963135236653e-02, 1.331500000000000000e+04
1.212460953912609073e-02, 1.304400000000000000e+04
1.214047944689981666e-02, 1.306000000000000000e+04
1.215634935467354259e-02, 1.335800000000000000e+04
1.217221926244726679e-02, 1.391700000000000000e+04
1.218808917022099272e-02, 1.468600000000000000e+04
1.220395907799471692e-02, 1.560000000000000000e+04
1.221982898576844286e-02, 1.658300000000000000e+04
1.223569889354216879e-02, 1.754900000000000000e+04
1.225156880131589299e-02, 1.841700000000000000e+04
1.226743870908961892e-02, 1.911400000000000000e+04
1.228330861686334485e-02, 1.958000000000000000e+04
1.229917852463706905e-02, 1.977600000000000000e+04
1.231504843241079498e-02, 1.968200000000000000e+04
1.233091834018451918e-02, 1.931400000000000000e+04
1.234678824795824512e-02, 1.869800000000000000e+04
1.236265815573197105e-02, 1.788600000000000000e+04
1.237852806350569525e-02, 1.695000000000000000e+04
1.239439797127942118e-02, 1.596700000000000000e+04
1.241026787905314538e-02, 1.502000000000000000e+04
1.242613778682687131e-02, 1.419500000000000000e+04
1.244200769460059725e-02, 1.355800000000000000e+04
1.245787760237432144e-02, 1.316600000000000000e+04
1.247374751014804738e-02, 1.304900000000000000e+04
1.248961741792177157e-02, 1.322100000000000000e+04
1.250548732569549751e-02, 1.366400000000000000e+04
1.252135723346922344e-02, 1.434300000000000000e+04
1.253722714124294764e-02, 1.519800000000000000e+04
1.255309704901667357e-02, 1.615700000000000000e+04
1.256896695679039777e-02, 1.713800000000000000e+04
1.258483686456412370e-02, 1.805500000000000000e+04
1.260070677233784964e-02, 1.883000000000000000e+04
1.261657668011157384e-02, 1.939800000000000000e+04
1.263244658788529977e-02, 1.971100000000000000e+04
1.264831649565902397e-02, 1.974500000000000000e+04
1.266418640343274990e-02, 1.949600000000000000e+04
1.268005631120647583e-02, 1.898500000000000000e+04
1.269592621898020003e-02, 1.825200000000000000e+04
1.271179612675392596e-02, 1.735900000000000000e+04
1.272766603452765016e-02, 1.638500000000000000e+04
1.274353594230137610e-02, 1.541000000000000000e+04
1.275940585007510203e-02, 1.452000000000000000e+04
1.277527575784882623e-02, 1.379400000000000000e+04
1.279114566562255216e-02, 1.328900000000000000e+04
1.280701557339627809e-02, 1.304700000000000000e+04
1.282288548117000229e-02, 1.309100000000000000e+04
1.283875538894372823e-02, 1.341500000000000000e+04
1.285462529671745242e-02, 1.399500000000000000e+04
1.287049520449117836e-02, 1.478000000000000000e+04
1.288636511226490429e-02, 1.570200000000000000e+04
1.290223502003862849e-02, 1.668700000000000000e+04
1.291810492781235442e-02, 1.764700000000000000e+04
1.293397483558607862e-02, 1.850300000000000000e+04
1.294984474335980455e-02, 1.918000000000000000e+04
1.296571465113353049e-02, 1.961900000000000000e+04
1.298158455890725468e-02, 1.978400000000000000e+04
1.299745446668098062e-02, 1.965900000000000000e+04
1.301332437445470482e-02, 1.925800000000000000e+04
1.302919428222843075e-02, 1.861300000000000000e+04
1.304506419000215668e-02, 1.777800000000000000e+04
1.306093409777588088e-02, 1.682600000000000000e+04
1.307680400554960681e-02, 1.583800000000000000e+04
1.309267391332333101e-02, 1.490000000000000000e+04
1.310854382109705694e-02, 1.409200000000000000e+04
1.312441372887078288e-02, 1.348000000000000000e+04
1.314028363664450708e-02, 1.311500000000000000e+04
1.315615354441823301e-02, 1.302800000000000000e+04
1.317202345219195721e-02, 1.322800000000000000e+04
1.318789335996568314e-02, 1.369700000000000000e+04
1.320376326773940907e-02, 1.439600000000000000e+04
1.321963317551313327e-02, 1.526600000000000000e+04
1.323550308328685921e-02, 1.623300000000000000e+04
1.325137299106058514e-02, 1.721500000000000000e+04
1.326724289883430934e-02, 1.812800000000000000e+04
1.328311280660803527e-02, 1.889300000000000000e+04
1.329898271438175947e-02, 1.944400000000000000e+04
1.331485262215548540e-02, 1.973600000000000000e+04
1.333072252992921133e-02, 1.974200000000000000e+04
1.334659243770293553e-02, 1.946500000000000000e+04
1.336246234547666147e-02, 1.892500000000000000e+04
1.337833225325038566e-02, 1.816900000000000000e+04
1.339420216102411160e-02, 1.726100000000000000e+04
1.341007206879783753e-02, 1.628100000000000000e+04
1.342594197657156173e-02, 1.530700000000000000e+04
1.344181188434528766e-02, 1.442600000000000000e+04
1.345768179211901186e-02, 1.371200000000000000e+04
1.347355169989273779e-02, 1.322300000000000000e+04
1.348942160766646373e-02, 1.299700000000000000e+04
1.350529151544018792e-02, 1.305900000000000000e+04
1.352116142321391386e-02, 1.339900000000000000e+04
1.353703133098763806e-02, 1.399500000000000000e+04
1.355290123876136399e-02, 1.479200000000000000e+04
1.356877114653508992e-02, 1.572300000000000000e+04
1.358464105430881412e-02, 1.671000000000000000e+04
1.360051096208254005e-02, 1.766600000000000000e+04
1.361638086985626425e-02, 1.851400000000000000e+04
1.363225077762999018e-02, 1.917900000000000000e+04
1.364812068540371612e-02, 1.960300000000000000e+04
1.366399059317744032e-02, 1.975200000000000000e+04
1.367986050095116625e-02, 1.961000000000000000e+04
1.369573040872489045e-02, 1.919200000000000000e+04
1.371160031649861638e-02, 1.853400000000000000e+04
1.372747022427234231e-02, 1.769000000000000000e+04
1.374334013204606651e-02, 1.673500000000000000e+04
1.375921003981979245e-02, 1.575000000000000000e+04
1.377507994759351838e-02, 1.481800000000000000e+04
1.379094985536724258e-02, 1.402100000000000000e+04
1.380681976314096851e-02, 1.342100000000000000e+04
1.382268967091469271e-02, 1.307100000000000000e+04
1.383855957868841864e-02, 1.300100000000000000e+04
1.385442948646214457e-02, 1.321800000000000000e+04
1.387029939423586877e-02, 1.370400000000000000e+04
1.388616930200959471e-02, 1.441800000000000000e+04
1.390203920978331890e-02, 1.529800000000000000e+04
1.391790911755704484e-02, 1.627000000000000000e+04
1.393377902533077077e-02, 1.725200000000000000e+04
1.394964893310449497e-02, 1.815900000000000000e+04
1.396551884087822090e-02, 1.891400000000000000e+04
1.398138874865194510e-02, 1.945200000000000000e+04
1.399725865642567103e-02, 1.972600000000000000e+04
1.401312856419939697e-02, 1.971300000000000000e+04
1.402899847197312116e-02, 1.941600000000000000e+04
1.404486837974684710e-02, 1.886100000000000000e+04
1.406073828752057130e-02, 1.809200000000000000e+04
1.407660819529429723e-02, 1.717700000000000000e+04
1.409247810306802316e-02, 1.619500000000000000e+04
1.410834801084174736e-02, 1.522900000000000000e+04
1.412421791861547329e-02, 1.436500000000000000e+04
1.414008782638919749e-02, 1.367500000000000000e+04
1.415595773416292343e-02, 1.321400000000000000e+04
1.417182764193664936e-02, 1.302000000000000000e+04
1.418769754971037356e-02, 1.311500000000000000e+04
1.420356745748409949e-02, 1.348600000000000000e+04
1.421943736525782542e-02, 1.410700000000000000e+04
1.423530727303154962e-02, 1.492100000000000000e+04
1.425117718080527555e-02, 1.586000000000000000e+04
1.426704708857899975e-02, 1.684800000000000000e+04
1.428291699635272569e-02, 1.779600000000000000e+04
1.429878690412645162e-02, 1.862600000000000000e+04
1.431465681190017582e-02, 1.926500000000000000e+04
1.433052671967390175e-02, 1.965800000000000000e+04
1.434639662744762595e-02, 1.977400000000000000e+04
1.436226653522135188e-02, 1.960100000000000000e+04
1.437813644299507781e-02, 1.915500000000000000e+04
1.439400635076880201e-02, 1.847400000000000000e+04
1.440987625854252795e-02, 1.761400000000000000e+04
1.442574616631625214e-02, 1.665200000000000000e+04
1.444161607408997808e-02, 1.566600000000000000e+04
1.445748598186370401e-02, 1.474000000000000000e+04
1.447335588963742821e-02, 1.395600000000000000e+04
1.448922579741115414e-02, 1.337700000000000000e+04
1.450509570518487834e-02, 1.305400000000000000e+04
1.452096561295860427e-02, 1.301400000000000000e+04
1.453683552073233021e-02, 1.325900000000000000e+04
1.455270542850605441e-02, 1.377000000000000000e+04
1.456857533627978034e-02, 1.450300000000000000e+04
1.458444524405350454e-02, 1.539600000000000000e+04
1.460031515182723047e-02, 1.637300000000000000e+04
1.461618505960095640e-02, 1.735000000000000000e+04
1.463205496737468060e-02, 1.824300000000000000e+04
1.464792487514840653e-02, 1.897500000000000000e+04
1.466379478292213073e-02, 1.948600000000000000e+04
1.467966469069585667e-02, 1.973200000000000000e+04
1.469553459846958260e-02, 1.969200000000000000e+04
1.471140450624330680e-02, 1.936900000000000000e+04
1.472727441401703273e-02, 1.879200000000000000e+04
1.474314432179075866e-02, 1.800700000000000000e+04
1.475901422956448286e-02, 1.708300000000000000e+04
1.477488413733820879e-02, 1.610000000000000000e+04
1.479075404511193299e-02, 1.513800000000000000e+04
1.480662395288565893e-02, 1.428200000000000000e+04
1.482249386065938486e-02, 1.360700000000000000e+04
1.483836376843310906e-02, 1.316700000000000000e+04
1.485423367620683499e-02, 1.299700000000000000e+04
1.487010358398055919e-02, 1.311600000000000000e+04
1.488597349175428512e-02, 1.351000000000000000e+04
1.490184339952801106e-02, 1.415000000000000000e+04
1.491771330730173525e-02, 1.497900000000000000e+04
1.493358321507546119e-02, 1.592700000000000000e+04
1.494945312284918539e-02, 1.691600000000000000e+04
1.496532303062291132e-02, 1.785900000000000000e+04
1.498119293839663725e-02, 1.867800000000000000e+04
1.499706284617036145e-02, 1.930300000000000000e+04
1.501293275394408738e-02, 1.968200000000000000e+04
1.502880266171781158e-02, 1.978300000000000000e+04
1.504467256949153751e-02, 1.959500000000000000e+04
1.506054247726526345e-02, 1.913700000000000000e+04
1.507641238503898765e-02, 1.844500000000000000e+04
1.509228229281271358e-02, 1.757700000000000000e+04
1.510815220058643778e-02, 1.661100000000000000e+04
1.512402210836016371e-02, 1.562800000000000000e+04
1.513989201613388964e-02, 1.471100000000000000e+04
1.515576192390761384e-02, 1.393900000000000000e+04
1.517163183168133977e-02, 1.337600000000000000e+04
1.518750173945506571e-02, 1.306900000000000000e+04
1.520337164722878991e-02, 1.304500000000000000e+04
1.521924155500251584e-02, 1.330100000000000000e+04
1.523511146277624004e-02, 1.382100000000000000e+04
1.525098137054996597e-02, 1.456000000000000000e+04
1.526685127832369190e-02, 1.545400000000000000e+04
1.528272118609741610e-02, 1.642900000000000000e+04
1.529859109387114204e-02, 1.739900000000000000e+04
1.531446100164486623e-02, 1.828300000000000000e+04
1.533033090941859217e-02, 1.900400000000000000e+04
1.534620081719231810e-02, 1.950300000000000000e+04
1.536207072496604230e-02, 1.973500000000000000e+04
1.537794063273976823e-02, 1.968000000000000000e+04
1.539381054051349243e-02, 1.934300000000000000e+04
1.540968044828721836e-02, 1.875200000000000000e+04
1.542555035606094430e-02, 1.795700000000000000e+04
1.544142026383466849e-02, 1.702800000000000000e+04
1.545729017160839443e-02, 1.604500000000000000e+04
1.547316007938211863e-02, 1.508800000000000000e+04
1.548902998715584456e-02, 1.424400000000000000e+04
1.550489989492957049e-02, 1.358100000000000000e+04
1.552076980270329469e-02, 1.315700000000000000e+04
1.553663971047702062e-02, 1.300800000000000000e+04
1.555250961825074482e-02, 1.314700000000000000e+04
1.556837952602447075e-02, 1.356000000000000000e+04
1.558424943379819669e-02, 1.421600000000000000e+04
1.560011934157192089e-02, 1.505600000000000000e+04
1.561598924934564682e-02, 1.600900000000000000e+04
1.563185915711937102e-02, 1.699600000000000000e+04
1.564772906489309695e-02, 1.792900000000000000e+04
1.566359897266682288e-02, 1.872900000000000000e+04
1.567946888044054882e-02, 1.932900000000000000e+04
1.569533878821427128e-02, 1.967700000000000000e+04
1.571120869598799721e-02, 1.974500000000000000e+04
1.572707860376172315e-02, 1.952600000000000000e+04
1.574294851153544908e-02, 1.903900000000000000e+04
1.575881841930917501e-02, 1.832400000000000000e+04
1.577468832708289748e-02, 1.744300000000000000e+04
1.579055823485662341e-02, 1.647200000000000000e+04
1.580642814263034934e-02, 1.549100000000000000e+04
1.582229805040407528e-02, 1.458700000000000000e+04
1.583816795817780121e-02, 1.383600000000000000e+04
1.585403786595152367e-02, 1.330100000000000000e+04
1.586990777372524961e-02, 1.302700000000000000e+04
1.588577768149897554e-02, 1.303800000000000000e+04
1.590164758927270147e-02, 1.333000000000000000e+04
1.591751749704642740e-02, 1.388400000000000000e+04
1.593338740482015334e-02, 1.464900000000000000e+04
1.594925731259387580e-02, 1.556200000000000000e+04
1.596512722036760173e-02, 1.654500000000000000e+04
1.598099712814132767e-02, 1.751500000000000000e+04
1.599686703591505360e-02, 1.839000000000000000e+04
1.601273694368877953e-02, 1.909600000000000000e+04
1.602860685146250200e-02, 1.957000000000000000e+04
1.604447675923622793e-02, 1.977800000000000000e+04
1.606034666700995386e-02, 1.969800000000000000e+04
1.607621657478367980e-02, 1.933900000000000000e+04
1.609208648255740573e-02, 1.872900000000000000e+04
1.610795639033112819e-02, 1.791800000000000000e+04
1.612382629810485413e-02, 1.698000000000000000e+04
1.613969620587858006e-02, 1.599400000000000000e+04
1.615556611365230599e-02, 1.504200000000000000e+04
1.617143602142603193e-02, 1.420800000000000000e+04
1.618730592919975439e-02, 1.356000000000000000e+04
1.620317583697348032e-02, 1.315300000000000000e+04
1.621904574474720626e-02, 1.302200000000000000e+04
1.623491565252093219e-02, 1.318000000000000000e+04
1.625078556029465812e-02, 1.361100000000000000e+04
1.626665546806838059e-02, 1.428200000000000000e+04
1.628252537584210652e-02, 1.513200000000000000e+04
1.629839528361583245e-02, 1.609000000000000000e+04
1.631426519138955838e-02, 1.707500000000000000e+04
1.633013509916328432e-02, 1.800100000000000000e+04
1.634600500693700678e-02, 1.879000000000000000e+04
1.636187491471073271e-02, 1.937300000000000000e+04
1.637774482248445865e-02, 1.970100000000000000e+04
1.639361473025818458e-02, 1.974500000000000000e+04
1.640948463803191051e-02, 1.950300000000000000e+04
1.642535454580563298e-02, 1.899600000000000000e+04
1.644122445357935891e-02, 1.826500000000000000e+04
1.645709436135308484e-02, 1.737300000000000000e+04
1.647296426912681078e-02, 1.639800000000000000e+04
1.648883417690053671e-02, 1.542000000000000000e+04
1.650470408467425917e-02, 1.452300000000000000e+04
1.652057399244798511e-02, 1.378600000000000000e+04
1.653644390022171104e-02, 1.326700000000000000e+04
1.655231380799543697e-02, 1.300800000000000000e+04
1.656818371576916291e-02, 1.303400000000000000e+04
1.658405362354288537e-02, 1.334100000000000000e+04
1.659992353131661130e-02, 1.390700000000000000e+04
1.661579343909033724e-02, 1.468200000000000000e+04
1.663166334686406317e-02, 1.560000000000000000e+04
1.664753325463778910e-02, 1.658400000000000000e+04
1.666340316241151157e-02, 1.754900000000000000e+04
1.667927307018523750e-02, 1.840900000000000000e+04
1.669514297795896343e-02, 1.909400000000000000e+04
1.671101288573268936e-02, 1.954300000000000000e+04
1.672688279350641530e-02, 1.972200000000000000e+04
1.674275270128013776e-02, 1.961200000000000000e+04
1.675862260905386369e-02, 1.922500000000000000e+04
1.677449251682758963e-02, 1.859300000000000000e+04
1.679036242460131556e-02, 1.776800000000000000e+04
1.680623233237504149e-02, 1.682400000000000000e+04
1.682210224014876396e-02, 1.584000000000000000e+04
1.683797214792248989e-02, 1.489900000000000000e+04
1.685384205569621582e-02, 1.408400000000000000e+04
1.686971196346994176e-02, 1.345900000000000000e+04
1.688558187124366769e-02, 1.307900000000000000e+04
1.690145177901739362e-02, 1.297400000000000000e+04
1.691732168679111609e-02, 1.315800000000000000e+04
1.693319159456484202e-02, 1.361400000000000000e+04
1.694906150233856795e-02, 1.430400000000000000e+04
1.696493141011229389e-02, 1.516900000000000000e+04
1.698080131788601982e-02, 1.613500000000000000e+04
1.699667122565974228e-02, 1.711800000000000000e+04
1.701254113343346822e-02, 1.803300000000000000e+04
1.702841104120719415e-02, 1.880500000000000000e+04
1.704428094898092008e-02, 1.936800000000000000e+04
1.706015085675464601e-02, 1.967300000000000000e+04
1.707602076452836848e-02, 1.969500000000000000e+04
1.709189067230209441e-02, 1.943100000000000000e+04
1.710776058007582034e-02, 1.890600000000000000e+04
1.712363048784954628e-02, 1.816100000000000000e+04
1.713950039562327221e-02, 1.726200000000000000e+04
1.715537030339699467e-02, 1.628700000000000000e+04
1.717124021117072061e-02, 1.531600000000000000e+04
1.718711011894444654e-02, 1.443300000000000000e+04
1.720298002671817247e-02, 1.371400000000000000e+04
1.721884993449189841e-02, 1.321700000000000000e+04
1.723471984226562087e-02, 1.298500000000000000e+04
1.725058975003934680e-02, 1.304100000000000000e+04
1.726645965781307274e-02, 1.337700000000000000e+04
1.728232956558679867e-02, 1.397000000000000000e+04
1.729819947336052460e-02, 1.476400000000000000e+04
1.731406938113424707e-02, 1.569400000000000000e+04
1.732993928890797300e-02, 1.668300000000000000e+04
1.734580919668169893e-02, 1.764500000000000000e+04
1.736167910445542487e-02, 1.849700000000000000e+04
1.737754901222915080e-02, 1.916800000000000000e+04
1.739341892000287326e-02, 1.959700000000000000e+04
1.740928882777659920e-02, 1.975200000000000000e+04
1.742515873555032513e-02, 1.961800000000000000e+04
1.744102864332405106e-02, 1.920800000000000000e+04
1.745689855109777699e-02, 1.855600000000000000e+04
1.747276845887149946e-02, 1.771600000000000000e+04
1.748863836664522539e-02, 1.676400000000000000e+04
1.750450827441895132e-02, 1.577800000000000000e+04
1.752037818219267726e-02, 1.484200000000000000e+04
1.753624808996640319e-02, 1.403800000000000000e+04
1.755211799774012565e-02, 1.343100000000000000e+04
1.756798790551385159e-02, 1.307400000000000000e+04
1.758385781328757752e-02, 1.299800000000000000e+04
1.759972772106130345e-02, 1.320900000000000000e+04
1.761559762883502939e-02, 1.368800000000000000e+04
1.763146753660875185e-02, 1.439600000000000000e+04
1.764733744438247778e-02, 1.526700000000000000e+04
1.766320735215620372e-02, 1.623100000000000000e+04
1.767907725992992965e-02, 1.720700000000000000e+04
1.769494716770365558e-02, 1.811200000000000000e+04
1.771081707547737805e-02, 1.887100000000000000e+04
1.772668698325110398e-02, 1.941800000000000000e+04
1.774255689102482991e-02, 1.970500000000000000e+04
1.775842679879855585e-02, 1.970800000000000000e+04
1.777429670657228178e-02, 1.943100000000000000e+04
1.779016661434600424e-02, 1.889400000000000000e+04
1.780603652211973018e-02, 1.814200000000000000e+04
1.782190642989345611e-02, 1.723900000000000000e+04
1.783777633766718204e-02, 1.626400000000000000e+04
1.785364624544090797e-02, 1.529700000000000000e+04
1.786951615321463391e-02, 1.442500000000000000e+04
1.788538606098835637e-02, 1.372200000000000000e+04
1.790125596876208230e-02, 1.324800000000000000e+04
1.791712587653580824e-02, 1.304100000000000000e+04
1.793299578430953417e-02, 1.312100000000000000e+04
1.794886569208326010e-02, 1.347900000000000000e+04
1.796473559985698257e-02, 1.408800000000000000e+04
1.798060550763070850e-02, 1.489400000000000000e+04
1.799647541540443443e-02, 1.582800000000000000e+04
1.801234532317816037e-02, 1.681300000000000000e+04
1.802821523095188630e-02, 1.776400000000000000e+04
1.804408513872560876e-02, 1.860100000000000000e+04
1.805995504649933470e-02, 1.925200000000000000e+04
1.807582495427306063e-02, 1.966000000000000000e+04
1.809169486204678656e-02, 1.979400000000000000e+04
1.810756476982051250e-02, 1.964100000000000000e+04
1.812343467759423496e-02, 1.921400000000000000e+04
1.813930458536796089e-02, 1.854800000000000000e+04
1.815517449314168683e-02, 1.769800000000000000e+04
1.817104440091541276e-02, 1.674000000000000000e+04
1.818691430868913869e-02, 1.575400000000000000e+04
1.820278421646286116e-02, 1.482500000000000000e+04
1.821865412423658709e-02, 1.403600000000000000e+04
1.823452403201031302e-02, 1.345100000000000000e+04
1.825039393978403895e-02, 1.311700000000000000e+04
1.826626384755776489e-02, 1.306300000000000000e+04
1.828213375533148735e-02, 1.329000000000000000e+04
1.829800366310521328e-02, 1.378100000000000000e+04
1.831387357087893922e-02, 1.449600000000000000e+04
1.832974347865266515e-02, 1.537300000000000000e+04
1.834561338642639108e-02, 1.634000000000000000e+04
1.836148329420011355e-02, 1.731400000000000000e+04
1.837735320197383948e-02, 1.821000000000000000e+04
1.839322310974756541e-02, 1.895200000000000000e+04
1.840909301752129135e-02, 1.947700000000000000e+04
1.842496292529501728e-02, 1.974200000000000000e+04
1.844083283306873974e-02, 1.972100000000000000e+04
1.845670274084246568e-02, 1.941600000000000000e+04
1.847257264861619161e-02, 1.885300000000000000e+04
1.848844255638991754e-02, 1.807800000000000000e+04
1.850431246416364348e-02, 1.716000000000000000e+04
1.852018237193736594e-02, 1.617800000000000000e+04
1.853605227971109187e-02, 1.521200000000000000e+04
1.855192218748481781e-02, 1.434800000000000000e+04
1.856779209525854374e-02, 1.365800000000000000e+04
1.858366200303226967e-02, 1.320100000000000000e+04
1.859953191080599214e-02, 1.301400000000000000e+04
1.861540181857971807e-02, 1.311700000000000000e+04
1.863127172635344400e-02, 1.349600000000000000e+04
1.864714163412716993e-02, 1.412400000000000000e+04
1.866301154190089587e-02, 1.494400000000000000e+04
1.867888144967461833e-02, 1.588700000000000000e+04
1.869475135744834426e-02, 1.687500000000000000e+04
1.871062126522207020e-02, 1.782000000000000000e+04
1.872649117299579613e-02, 1.864100000000000000e+04
1.874236108076952206e-02, 1.926900000000000000e+04
1.875823098854324453e-02, 1.965100000000000000e+04
1.877410089631697046e-02, 1.975500000000000000e+04
1.878997080409069639e-02, 1.957000000000000000e+04
1.880584071186442233e-02, 1.911500000000000000e+04
1.882171061963814826e-02, 1.842500000000000000e+04
1.883758052741187419e-02, 1.756100000000000000e+04
1.885345043518559666e-02, 1.659700000000000000e+04
1.886932034295932259e-02, 1.561200000000000000e+04
1.888519025073304852e-02, 1.469300000000000000e+04
1.890106015850677446e-02, 1.391900000000000000e+04
1.891693006628050039e-02, 1.335000000000000000e+04
1.893279997405422285e-02, 1.303500000000000000e+04
1.894866988182794879e-02, 1.300200000000000000e+04
1.896453978960167472e-02, 1.325400000000000000e+04
1.898040969737540065e-02, 1.377200000000000000e+04
1.899627960514912658e-02, 1.451100000000000000e+04
1.901214951292284905e-02, 1.540700000000000000e+04
1.902801942069657498e-02, 1.638500000000000000e+04
1.904388932847030091e-02, 1.735900000000000000e+04
1.905975923624402685e-02, 1.824500000000000000e+04
1.907562914401775278e-02, 1.897000000000000000e+04
1.909149905179147524e-02, 1.947200000000000000e+04
1.910736895956520118e-02, 1.970700000000000000e+04
1.912323886733892711e-02, 1.965600000000000000e+04
1.913910877511265304e-02, 1.932400000000000000e+04
1.915497868288637898e-02, 1.873900000000000000e+04
1.917084859066010144e-02, 1.794800000000000000e+04
1.918671849843382737e-02, 1.702200000000000000e+04
1.920258840620755331e-02, 1.604000000000000000e+04
1.921845831398127924e-02, 1.508400000000000000e+04
1.923432822175500517e-02, 1.423900000000000000e+04
1.925019812952872764e-02, 1.357600000000000000e+04
1.926606803730245357e-02, 1.315000000000000000e+04
1.928193794507617950e-02, 1.299500000000000000e+04
1.929780785284990544e-02, 1.312800000000000000e+04
1.931367776062363137e-02, 1.353400000000000000e+04
1.932954766839735383e-02, 1.418500000000000000e+04
1.934541757617107977e-02, 1.502100000000000000e+04
1.936128748394480570e-02, 1.597000000000000000e+04
1.937715739171853163e-02, 1.695300000000000000e+04
1.939302729949225756e-02, 1.788500000000000000e+04
1.940889720726598003e-02, 1.868900000000000000e+04
1.942476711503970596e-02, 1.930000000000000000e+04
1.944063702281343189e-02, 1.966300000000000000e+04
1.945650693058715783e-02, 1.974900000000000000e+04
1.947237683836088376e-02, 1.954700000000000000e+04
1.948824674613460622e-02, 1.907600000000000000e+04
1.950411665390833216e-02, 1.837400000000000000e+04
1.951998656168205809e-02, 1.750100000000000000e+04
1.953585646945578402e-02, 1.653400000000000000e+04
1.955172637722950996e-02, 1.555300000000000000e+04
1.956759628500323242e-02, 1.464300000000000000e+04
1.958346619277695835e-02, 1.388200000000000000e+04
1.959933610055068429e-02, 1.333300000000000000e+04
1.961520600832441022e-02, 1.304000000000000000e+04
1.963107591609813615e-02, 1.302900000000000000e+04
1.964694582387185862e-02, 1.330000000000000000e+04
1.966281573164558455e-02, 1.383500000000000000e+04
1.967868563941931048e-02, 1.458500000000000000e+04
1.969455554719303642e-02, 1.548800000000000000e+04
1.971042545496676235e-02, 1.646700000000000000e+04
1.972629536274048481e-02, 1.743800000000000000e+04
1.974216527051421075e-02, 1.831700000000000000e+04
1.975803517828793668e-02, 1.903300000000000000e+04
1.977390508606166261e-02, 1.952100000000000000e+04
1.978977499383538854e-02, 1.974100000000000000e+04
1.980564490160911448e-02, 1.967200000000000000e+04
1.982151480938283694e-02, 1.932100000000000000e+04
1.983738471715656287e-02, 1.871900000000000000e+04
1.985325462493028881e-02, 1.791500000000000000e+04
1.986912453270401474e-02, 1.698200000000000000e+04
1.988499444047774067e-02, 1.599700000000000000e+04
1.990086434825146314e-02, 1.504300000000000000e+04
1.991673425602518907e-02, 1.420600000000000000e+04
1.993260416379891500e-02, 1.355400000000000000e+04
1.994847407157264094e-02, 1.314400000000000000e+04
1.996434397934636687e-02, 1.300900000000000000e+04
1.998021388712008933e-02, 1.316100000000000000e+04
1.999608379489381527e-02, 1.358700000000000000e+04
2.001195370266754120e-02, 1.425300000000000000e+04
2.002782361044126713e-02, 1.510000000000000000e+04
2.004369351821499307e-02, 1.605700000000000000e+04
2.005956342598871553e-02, 1.704300000000000000e+04
2.007543333376244146e-02, 1.797500000000000000e+04
2.009130324153616740e-02, 1.877200000000000000e+04
2.010717314930989333e-02, 1.936800000000000000e+04
2.012304305708361926e-02, 1.971000000000000000e+04
2.013891296485734173e-02, 1.976800000000000000e+04
2.015478287263106766e-02, 1.953900000000000000e+04
2.017065278040479359e-02, 1.904200000000000000e+04
2.018652268817851952e-02, 1.831900000000000000e+04
2.020239259595224546e-02, 1.743100000000000000e+04
2.021826250372596792e-02, 1.645600000000000000e+04
2.023413241149969385e-02, 1.547600000000000000e+04
2.025000231927341979e-02, 1.457500000000000000e+04
2.026587222704714572e-02, 1.383300000000000000e+04
2.028174213482087165e-02, 1.330900000000000000e+04
2.029761204259459412e-02, 1.304500000000000000e+04
2.031348195036832005e-02, 1.306700000000000000e+04
2.032935185814204598e-02, 1.337000000000000000e+04
2.034522176591577192e-02, 1.393300000000000000e+04
2.036109167368949785e-02, 1.470400000000000000e+04
2.037696158146322031e-02, 1.561900000000000000e+04
2.039283148923694625e-02, 1.660200000000000000e+04
2.040870139701067218e-02, 1.756800000000000000e+04
2.042457130478439811e-02, 1.843500000000000000e+04
2.044044121255812405e-02, 1.913000000000000000e+04
2.045631112033184651e-02, 1.958800000000000000e+04
2.047218102810557244e-02, 1.977600000000000000e+04
2.048805093587929838e-02, 1.967400000000000000e+04
2.050392084365302431e-02, 1.929400000000000000e+04
2.051979075142675024e-02, 1.866700000000000000e+04
2.053566065920047271e-02, 1.784500000000000000e+04
2.055153056697419864e-02, 1.690000000000000000e+04
2.056740047474792457e-02, 1.591300000000000000e+04
2.058327038252165050e-02, 1.496900000000000000e+04
2.059914029029537644e-02, 1.414900000000000000e+04
2.061501019806909890e-02, 1.352000000000000000e+04
2.063088010584282483e-02, 1.313500000000000000e+04
2.064675001361655077e-02, 1.302500000000000000e+04
2.066261992139027670e-02, 1.320300000000000000e+04
2.067848982916400263e-02, 1.365200000000000000e+04
2.069435973693772510e-02, 1.433500000000000000e+04
2.071022964471145103e-02, 1.519400000000000000e+04
2.072609955248517696e-02, 1.615500000000000000e+04
2.074196946025890290e-02, 1.713900000000000000e+04
2.075783936803262883e-02, 1.806000000000000000e+04
2.077370927580635476e-02, 1.883800000000000000e+04
2.078957918358007723e-02, 1.940700000000000000e+04
2.080544909135380316e-02, 1.972000000000000000e+04
2.082131899912752909e-02, 1.975000000000000000e+04
2.083718890690125503e-02, 1.949800000000000000e+04
2.085305881467498096e-02, 1.898500000000000000e+04
2.086892872244870342e-02, 1.825100000000000000e+04
2.088479863022242936e-02, 1.735900000000000000e+04
2.090066853799615529e-02, 1.638600000000000000e+04
2.091653844576988122e-02, 1.541200000000000000e+04
2.093240835354360715e-02, 1.452300000000000000e+04
2.094827826131732962e-02, 1.379400000000000000e+04
2.096414816909105555e-02, 1.328400000000000000e+04
2.098001807686478148e-02, 1.303500000000000000e+04
2.099588798463850742e-02, 1.307300000000000000e+04
2.101175789241223335e-02, 1.339000000000000000e+04
2.102762780018595581e-02, 1.396500000000000000e+04
2.104349770795968175e-02, 1.474700000000000000e+04
2.105936761573340768e-02, 1.566800000000000000e+04
2.107523752350713361e-02, 1.665200000000000000e+04
2.109110743128085955e-02, 1.761200000000000000e+04
2.110697733905458201e-02, 1.846900000000000000e+04
2.112284724682830794e-02, 1.914900000000000000e+04
2.113871715460203388e-02, 1.959200000000000000e+04
2.115458706237575981e-02, 1.976100000000000000e+04
2.117045697014948574e-02, 1.963900000000000000e+04
2.118632687792320821e-02, 1.924100000000000000e+04
2.120219678569693414e-02, 1.859900000000000000e+04
2.121806669347066007e-02, 1.776500000000000000e+04
2.123393660124438601e-02, 1.681600000000000000e+04
2.124980650901811194e-02, 1.582900000000000000e+04
2.126567641679183440e-02, 1.489000000000000000e+04
2.128154632456556034e-02, 1.407800000000000000e+04
2.129741623233928627e-02, 1.346000000000000000e+04
2.131328614011301220e-02, 1.308900000000000000e+04
2.132915604788673813e-02, 1.299600000000000000e+04
2.134502595566046060e-02, 1.319200000000000000e+04
2.136089586343418653e-02, 1.365800000000000000e+04
2.137676577120791246e-02, 1.435700000000000000e+04
2.139263567898163840e-02, 1.522700000000000000e+04
2.140850558675536433e-02, 1.619500000000000000e+04
2.142437549452908679e-02, 1.717900000000000000e+04
2.144024540230281273e-02, 1.809500000000000000e+04
2.145611531007653866e-02, 1.886400000000000000e+04
2.147198521785026459e-02, 1.942000000000000000e+04
2.148785512562399053e-02, 1.971500000000000000e+04
2.150372503339771299e-02, 1.972500000000000000e+04
2.151959494117143892e-02, 1.944900000000000000e+04
2.153546484894516486e-02, 1.891200000000000000e+04
2.155133475671889079e-02, 1.815800000000000000e+04
2.156720466449261672e-02, 1.725100000000000000e+04
2.158307457226633919e-02, 1.627200000000000000e+04
2.159894448004006512e-02, 1.530000000000000000e+04
2.161481438781379105e-02, 1.442100000000000000e+04
2.163068429558751699e-02, 1.370700000000000000e+04
2.164655420336124292e-02, 1.322000000000000000e+04
2.166242411113496538e-02, 1.299700000000000000e+04
2.167829401890869132e-02, 1.306000000000000000e+04
2.169416392668241725e-02, 1.340000000000000000e+04
2.171003383445614318e-02, 1.399500000000000000e+04
2.172590374222986911e-02, 1.479000000000000000e+04
2.174177365000359505e-02, 1.572000000000000000e+04
2.175764355777731751e-02, 1.670600000000000000e+04
2.177351346555104344e-02, 1.766200000000000000e+04
2.178938337332476938e-02, 1.850500000000000000e+04
2.180525328109849531e-02, 1.916400000000000000e+04
2.182112318887222124e-02, 1.958200000000000000e+04
2.183699309664594371e-02, 1.972400000000000000e+04
2.185286300441966964e-02, 1.957900000000000000e+04
2.186873291219339557e-02, 1.915800000000000000e+04
2.188460281996712151e-02, 1.849900000000000000e+04
2.190047272774084744e-02, 1.765500000000000000e+04
2.191634263551456990e-02, 1.670300000000000000e+04
2.193221254328829584e-02, 1.572500000000000000e+04
2.194808245106202177e-02, 1.480200000000000000e+04
2.196395235883574770e-02, 1.401500000000000000e+04
2.197982226660947364e-02, 1.342600000000000000e+04
2.199569217438319610e-02, 1.308900000000000000e+04
2.201156208215692203e-02, 1.303100000000000000e+04
2.202743198993064797e-02, 1.325700000000000000e+04
2.204330189770437390e-02, 1.374900000000000000e+04
2.205917180547809983e-02, 1.446800000000000000e+04
2.207504171325182230e-02, 1.535000000000000000e+04
2.209091162102554823e-02, 1.632100000000000000e+04
2.210678152879927416e-02, 1.730000000000000000e+04
2.212265143657300009e-02, 1.819800000000000000e+04
2.213852134434672603e-02, 1.894300000000000000e+04
2.215439125212044849e-02, 1.947100000000000000e+04
2.217026115989417442e-02, 1.973800000000000000e+04
2.218613106766790036e-02, 1.971800000000000000e+04
2.220200097544162629e-02, 1.941500000000000000e+04
2.221787088321535222e-02, 1.885500000000000000e+04
2.223374079098907469e-02, 1.808300000000000000e+04
2.224961069876280062e-02, 1.716600000000000000e+04
2.226548060653652655e-02, 1.618300000000000000e+04
2.228135051431025249e-02, 1.521500000000000000e+04
2.229722042208397842e-02, 1.434900000000000000e+04
2.231309032985770088e-02, 1.365700000000000000e+04
2.232896023763142682e-02, 1.319700000000000000e+04
2.234483014540515275e-02, 1.300500000000000000e+04
2.236070005317887868e-02, 1.310100000000000000e+04
2.237656996095260462e-02, 1.347300000000000000e+04
2.239243986872632708e-02, 1.409600000000000000e+04
2.240830977650005301e-02, 1.491100000000000000e+04
2.242417968427377895e-02, 1.585200000000000000e+04
2.244004959204750488e-02, 1.684100000000000000e+04
2.245591949982123081e-02, 1.779100000000000000e+04
2.247178940759495328e-02, 1.862200000000000000e+04
2.248765931536867921e-02, 1.926400000000000000e+04
2.250352922314240514e-02, 1.966400000000000000e+04
2.251939913091613107e-02, 1.978700000000000000e+04
2.253526903868985701e-02, 1.962200000000000000e+04
2.255113894646357947e-02, 1.918300000000000000e+04
2.256700885423730540e-02, 1.850600000000000000e+04
2.258287876201103134e-02, 1.764900000000000000e+04
2.259874866978475727e-02, 1.668800000000000000e+04
2.261461857755848320e-02, 1.570200000000000000e+04
2.263048848533220914e-02, 1.477700000000000000e+04
2.264635839310593160e-02, 1.399100000000000000e+04
2.266222830087965753e-02, 1.340900000000000000e+04
2.267809820865338347e-02, 1.308200000000000000e+04
2.269396811642710940e-02, 1.303800000000000000e+04
2.270983802420083533e-02, 1.327900000000000000e+04
2.272570793197455780e-02, 1.378800000000000000e+04
2.274157783974828373e-02, 1.451800000000000000e+04
2.275744774752200966e-02, 1.540800000000000000e+04
2.277331765529573560e-02, 1.638400000000000000e+04
2.278918756306946153e-02, 1.736000000000000000e+04
2.280505747084318399e-02, 1.825400000000000000e+04
2.282092737861690993e-02, 1.898700000000000000e+04
2.283679728639063586e-02, 1.949700000000000000e+04
2.285266719416436179e-02, 1.974200000000000000e+04
2.286853710193808772e-02, 1.970000000000000000e+04
2.288440700971181019e-02, 1.937700000000000000e+04
2.290027691748553612e-02, 1.879800000000000000e+04
2.291614682525926205e-02, 1.801200000000000000e+04
2.293201673303298799e-02, 1.708700000000000000e+04
2.294788664080671392e-02, 1.610300000000000000e+04
2.296375654858043638e-02, 1.514000000000000000e+04
2.297962645635416232e-02, 1.428400000000000000e+04
2.299549636412788825e-02, 1.360600000000000000e+04
2.301136627190161418e-02, 1.316400000000000000e+04
2.302723617967534012e-02, 1.299400000000000000e+04
2.304310608744906258e-02, 1.311200000000000000e+04
2.305897599522278851e-02, 1.350600000000000000e+04
2.307484590299651445e-02, 1.414600000000000000e+04
2.309071581077024038e-02, 1.497600000000000000e+04
2.310658571854396631e-02, 1.592400000000000000e+04
2.312245562631768878e-02, 1.691300000000000000e+04
2.313832553409141471e-02, 1.785300000000000000e+04
2.315419544186514064e-02, 1.866500000000000000e+04
2.317006534963886658e-02, 1.928400000000000000e+04
2.318593525741259251e-02, 1.965400000000000000e+04
2.320180516518631497e-02, 1.974500000000000000e+04
2.321767507296004091e-02, 1.954800000000000000e+04
2.323354498073376684e-02, 1.908100000000000000e+04
2.324941488850749277e-02, 1.838400000000000000e+04
2.326528479628121870e-02, 1.751300000000000000e+04
2.328115470405494117e-02, 1.654700000000000000e+04
2.329702461182866710e-02, 1.556500000000000000e+04
2.331289451960239303e-02, 1.465200000000000000e+04
2.332876442737611897e-02, 1.388500000000000000e+04
2.334463433514984490e-02, 1.332600000000000000e+04
2.336050424292356736e-02, 1.302300000000000000e+04
2.337637415069729330e-02, 1.300500000000000000e+04
2.339224405847101923e-02, 1.326800000000000000e+04
2.340811396624474516e-02, 1.379300000000000000e+04
2.342398387401847110e-02, 1.453400000000000000e+04
2.343985378179219356e-02, 1.543000000000000000e+04
2.345572368956591949e-02, 1.640600000000000000e+04
2.347159359733964543e-02, 1.737800000000000000e+04
2.348746350511337136e-02, 1.826300000000000000e+04
2.350333341288709729e-02, 1.898600000000000000e+04
2.351920332066081976e-02, 1.948100000000000000e+04
2.353507322843454569e-02, 1.970900000000000000e+04
2.355094313620827162e-02, 1.964800000000000000e+04
2.356681304398199756e-02, 1.930700000000000000e+04
2.358268295175572349e-02, 1.871400000000000000e+04
2.359855285952944942e-02, 1.791700000000000000e+04
2.361442276730317189e-02, 1.698800000000000000e+04
2.363029267507689782e-02, 1.600500000000000000e+04
2.364616258285062375e-02, 1.505400000000000000e+04
2.366203249062434968e-02, 1.421800000000000000e+04
2.367790239839807562e-02, 1.356500000000000000e+04
2.369377230617179808e-02, 1.315000000000000000e+04
2.370964221394552401e-02, 1.300500000000000000e+04
2.372551212171924995e-02, 1.314400000000000000e+04
2.374138202949297588e-02, 1.355500000000000000e+04
2.375725193726670181e-02, 1.420700000000000000e+04
2.377312184504042428e-02, 1.504300000000000000e+04
2.378899175281415021e-02, 1.599400000000000000e+04
2.380486166058787614e-02, 1.697900000000000000e+04
2.382073156836160208e-02, 1.791300000000000000e+04
2.383660147613532801e-02, 1.871600000000000000e+04
2.385247138390905047e-02, 1.932300000000000000e+04
2.386834129168277641e-02, 1.967900000000000000e+04
2.388421119945650234e-02, 1.975500000000000000e+04
2.390008110723022827e-02, 1.954200000000000000e+04
2.391595101500395421e-02, 1.905900000000000000e+04
2.393182092277767667e-02, 1.834800000000000000e+04
2.394769083055140260e-02, 1.746900000000000000e+04
2.396356073832512854e-02, 1.650000000000000000e+04
2.397943064609885447e-02, 1.552500000000000000e+04
2.399530055387258040e-02, 1.462600000000000000e+04
2.401117046164630286e-02, 1.388000000000000000e+04
2.402704036942002880e-02, 1.334600000000000000e+04
2.404291027719375473e-02, 1.306700000000000000e+04
2.405878018496748066e-02, 1.307100000000000000e+04
2.407465009274120660e-02, 1.335600000000000000e+04
2.409052000051492906e-02, 1.390200000000000000e+04
2.410638990828865499e-02, 1.466100000000000000e+04
2.412225981606238093e-02, 1.556800000000000000e+04
2.413812972383610686e-02, 1.654700000000000000e+04
2.415399963160983279e-02, 1.751300000000000000e+04
2.416986953938355526e-02, 1.838500000000000000e+04
2.418573944715728119e-02, 1.908900000000000000e+04
2.420160935493100712e-02, 1.956300000000000000e+04
2.421747926270473306e-02, 1.976600000000000000e+04
2.423334917047845899e-02, 1.968000000000000000e+04
2.424921907825218145e-02, 1.931400000000000000e+04
2.426508898602590739e-02, 1.869800000000000000e+04
2.428095889379963332e-02, 1.788400000000000000e+04
2.429682880157335925e-02, 1.694400000000000000e+04
2.431269870934708519e-02, 1.595700000000000000e+04
2.432856861712080765e-02, 1.500600000000000000e+04
2.434443852489453358e-02, 1.417600000000000000e+04
2.436030843266825952e-02, 1.353500000000000000e+04
2.437617834044198545e-02, 1.313800000000000000e+04
2.439204824821571138e-02, 1.301500000000000000e+04
2.440791815598943384e-02, 1.318100000000000000e+04
2.442378806376315978e-02, 1.361800000000000000e+04
2.443965797153688571e-02, 1.429300000000000000e+04
2.445552787931061164e-02, 1.514600000000000000e+04
2.447139778708433758e-02, 1.610400000000000000e+04
2.448726769485806004e-02, 1.708500000000000000e+04
2.450313760263178597e-02, 1.800500000000000000e+04
2.451900751040551191e-02, 1.878700000000000000e+04
2.453487741817923784e-02, 1.936500000000000000e+04
2.455074732595296377e-02, 1.968800000000000000e+04
2.456661723372668971e-02, 1.972900000000000000e+04
2.458248714150041217e-02, 1.948500000000000000e+04
2.459835704927413810e-02, 1.897600000000000000e+04
2.461422695704786404e-02, 1.824400000000000000e+04
2.463009686482158997e-02, 1.735200000000000000e+04
2.464596677259531590e-02, 1.637800000000000000e+04
2.466183668036903837e-02, 1.540200000000000000e+04
2.467770658814276430e-02, 1.451200000000000000e+04
2.469357649591649023e-02, 1.378300000000000000e+04
2.470944640369021617e-02, 1.327300000000000000e+04
2.472531631146394210e-02, 1.302400000000000000e+04
2.474118621923766456e-02, 1.306200000000000000e+04
2.475705612701139050e-02, 1.338000000000000000e+04
2.477292603478511643e-02, 1.395400000000000000e+04
2.478879594255884236e-02, 1.473500000000000000e+04
2.480466585033256829e-02, 1.565200000000000000e+04
2.482053575810629076e-02, 1.663100000000000000e+04
2.483640566588001669e-02, 1.758700000000000000e+04
2.485227557365374262e-02, 1.844200000000000000e+04
2.486814548142746856e-02, 1.912000000000000000e+04
2.488401538920119449e-02, 1.956400000000000000e+04
2.489988529697491695e-02, 1.973600000000000000e+04
2.491575520474864289e-02, 1.962200000000000000e+04
2.493162511252236882e-02, 1.923100000000000000e+04
2.494749502029609475e-02, 1.859500000000000000e+04
2.496336492806982069e-02, 1.776800000000000000e+04
2.497923483584354315e-02, 1.682300000000000000e+04
2.499510474361726908e-02, 1.583800000000000000e+04
2.501097465139099502e-02, 1.489500000000000000e+04
2.502684455916472095e-02, 1.408000000000000000e+04
2.504271446693844688e-02, 1.345700000000000000e+04
2.505858437471216935e-02, 1.308200000000000000e+04
2.507445428248589528e-02, 1.298500000000000000e+04
2.509032419025962121e-02, 1.317500000000000000e+04
2.510619409803334715e-02, 1.363600000000000000e+04
2.512206400580707308e-02, 1.433000000000000000e+04
2.513793391358079554e-02, 1.519800000000000000e+04
2.515380382135452147e-02, 1.616500000000000000e+04
2.516967372912824741e-02, 1.715000000000000000e+04
2.518554363690197334e-02, 1.806800000000000000e+04
2.520141354467569927e-02, 1.883800000000000000e+04
2.521728345244942174e-02, 1.939900000000000000e+04
2.523315336022314767e-02, 1.970300000000000000e+04
2.524902326799687360e-02, 1.972100000000000000e+04
2.526489317577059954e-02, 1.945500000000000000e+04
2.528076308354432547e-02, 1.892600000000000000e+04
2.529663299131804793e-02, 1.817900000000000000e+04
2.531250289909177387e-02, 1.728000000000000000e+04
2.532837280686549980e-02, 1.630900000000000000e+04
2.534424271463922573e-02, 1.534300000000000000e+04
2.536011262241295167e-02, 1.446700000000000000e+04
2.537598253018667413e-02, 1.375200000000000000e+04
2.539185243796040006e-02, 1.325700000000000000e+04
2.540772234573412600e-02, 1.302500000000000000e+04
2.542359225350785193e-02, 1.308000000000000000e+04
2.543946216128157786e-02, 1.341400000000000000e+04
2.545533206905530033e-02, 1.400300000000000000e+04
2.547120197682902626e-02, 1.479500000000000000e+04
2.548707188460275219e-02, 1.572200000000000000e+04
2.550294179237647813e-02, 1.670700000000000000e+04
2.551881170015020406e-02, 1.766600000000000000e+04
2.553468160792392999e-02, 1.851600000000000000e+04
2.555055151569765245e-02, 1.918500000000000000e+04
2.556642142347137839e-02, 1.961700000000000000e+04
2.558229133124510432e-02, 1.977600000000000000e+04
2.559816123901883025e-02, 1.964700000000000000e+04
2.561403114679255619e-02, 1.924300000000000000e+04
2.562990105456627865e-02, 1.859500000000000000e+04
2.564577096234000458e-02, 1.775700000000000000e+04
2.566164087011373052e-02, 1.680600000000000000e+04
2.567751077788745645e-02, 1.582000000000000000e+04
2.569338068566118238e-02, 1.488300000000000000e+04
2.570925059343490485e-02, 1.407700000000000000e+04
2.572512050120863078e-02, 1.346700000000000000e+04
2.574099040898235671e-02, 1.310600000000000000e+04
2.575686031675608265e-02, 1.302600000000000000e+04
2.577273022452980858e-02, 1.323300000000000000e+04
2.578860013230353104e-02, 1.370900000000000000e+04
2.580447004007725698e-02, 1.441600000000000000e+04
2.582033994785098291e-02, 1.529000000000000000e+04
2.583620985562470884e-02, 1.625800000000000000e+04
2.585207976339843478e-02, 1.724000000000000000e+04
2.586794967117215724e-02, 1.814800000000000000e+04
2.588381957894588317e-02, 1.890600000000000000e+04
2.589968948671960911e-02, 1.944700000000000000e+04
2.591555939449333504e-02, 1.972800000000000000e+04
2.593142930226706097e-02, 1.972200000000000000e+04
2.594729921004078343e-02, 1.943300000000000000e+04
2.596316911781450937e-02, 1.888400000000000000e+04
2.597903902558823530e-02, 1.812000000000000000e+04
2.599490893336196123e-02, 1.720800000000000000e+04
2.601077884113568717e-02, 1.622900000000000000e+04
2.602664874890940963e-02, 1.526400000000000000e+04
2.604251865668313556e-02, 1.439800000000000000e+04
2.605838856445686150e-02, 1.370100000000000000e+04
2.607425847223058743e-02, 1.323100000000000000e+04
2.609012838000431336e-02, 1.302900000000000000e+04
2.610599828777803583e-02, 1.311500000000000000e+04
2.612186819555176176e-02, 1.347600000000000000e+04
2.613773810332548769e-02, 1.408800000000000000e+04
2.615360801109921363e-02, 1.489600000000000000e+04
2.616947791887293956e-02, 1.583200000000000000e+04
2.618534782664666202e-02, 1.681900000000000000e+04
2.620121773442038796e-02, 1.776800000000000000e+04
2.621708764219411389e-02, 1.859900000000000000e+04
2.623295754996783982e-02, 1.924300000000000000e+04
2.624882745774156576e-02, 1.964300000000000000e+04
2.626469736551528822e-02, 1.976900000000000000e+04
2.628056727328901415e-02, 1.961100000000000000e+04
2.629643718106274008e-02, 1.918100000000000000e+04
2.631230708883646602e-02, 1.851500000000000000e+04
2.632817699661019195e-02, 1.766600000000000000e+04
2.634404690438391441e-02, 1.671000000000000000e+04
2.635991681215764035e-02, 1.572600000000000000e+04
2.637578671993136628e-02, 1.480000000000000000e+04
2.639165662770509221e-02, 1.401100000000000000e+04
2.640752653547881815e-02, 1.342700000000000000e+04
2.642339644325254061e-02, 1.309600000000000000e+04
2.643926635102626654e-02, 1.304500000000000000e+04
2.645513625879999248e-02, 1.327800000000000000e+04
2.647100616657371841e-02, 1.377400000000000000e+04
2.648687607434744434e-02, 1.449100000000000000e+04
2.650274598212117028e-02, 1.537000000000000000e+04
2.651861588989489274e-02, 1.633500000000000000e+04
2.653448579766861867e-02, 1.730400000000000000e+04
2.655035570544234461e-02, 1.819300000000000000e+04
2.656622561321607054e-02, 1.892700000000000000e+04
2.658209552098979647e-02, 1.944500000000000000e+04
2.659796542876351894e-02, 1.970400000000000000e+04
2.661383533653724487e-02, 1.968000000000000000e+04
2.662970524431097080e-02, 1.937500000000000000e+04
2.664557515208469674e-02, 1.881400000000000000e+04
2.666144505985842267e-02, 1.804100000000000000e+04
2.667731496763214513e-02, 1.712600000000000000e+04
2.669318487540587106e-02, 1.614700000000000000e+04
2.670905478317959700e-02, 1.518600000000000000e+04
2.672492469095332293e-02, 1.432600000000000000e+04
2.674079459872704886e-02, 1.363900000000000000e+04
2.675666450650077133e-02, 1.318400000000000000e+04
2.677253441427449726e-02, 1.299800000000000000e+04
2.678840432204822319e-02, 1.310200000000000000e+04
2.680427422982194913e-02, 1.348200000000000000e+04
2.682014413759567506e-02, 1.411200000000000000e+04
2.683601404536939752e-02, 1.493300000000000000e+04
2.685188395314312346e-02, 1.587700000000000000e+04
2.686775386091684939e-02, 1.686600000000000000e+04
2.688362376869057532e-02, 1.781300000000000000e+04
2.689949367646430126e-02, 1.863700000000000000e+04
2.691536358423802372e-02, 1.927200000000000000e+04
2.693123349201174965e-02, 1.966200000000000000e+04
2.694710339978547559e-02, 1.977300000000000000e+04
2.696297330755920152e-02, 1.959600000000000000e+04
2.697884321533292745e-02, 1.914900000000000000e+04
2.699471312310664992e-02, 1.847000000000000000e+04
2.701058303088037585e-02, 1.761400000000000000e+04
2.702645293865410178e-02, 1.665600000000000000e+04
2.704232284642782771e-02, 1.567600000000000000e+04
2.705819275420155365e-02, 1.475900000000000000e+04
2.707406266197527611e-02, 1.398400000000000000e+04
2.708993256974900204e-02, 1.341400000000000000e+04
2.710580247752272798e-02, 1.309800000000000000e+04
2.712167238529645391e-02, 1.306100000000000000e+04
2.713754229307017984e-02, 1.330700000000000000e+04
2.715341220084390231e-02, 1.381900000000000000e+04
2.716928210861762824e-02, 1.455200000000000000e+04
2.718515201639135417e-02, 1.544300000000000000e+04
2.720102192416508011e-02, 1.641600000000000000e+04
2.721689183193880604e-02, 1.738800000000000000e+04
2.723276173971252850e-02, 1.827200000000000000e+04
2.724863164748625444e-02, 1.899300000000000000e+04
2.726450155525998037e-02, 1.949200000000000000e+04
2.728037146303370630e-02, 1.972500000000000000e+04
2.729624137080743224e-02, 1.967100000000000000e+04
2.731211127858115470e-02, 1.933600000000000000e+04
2.732798118635488063e-02, 1.874800000000000000e+04
2.734385109412860657e-02, 1.795600000000000000e+04
2.735972100190233250e-02, 1.703200000000000000e+04
2.737559090967605843e-02, 1.605500000000000000e+04
2.739146081744978090e-02, 1.510400000000000000e+04
2.740733072522350683e-02, 1.426300000000000000e+04
2.742320063299723276e-02, 1.360300000000000000e+04
2.743907054077095869e-02, 1.317900000000000000e+04
2.745494044854468463e-02, 1.302500000000000000e+04
2.747081035631841056e-02, 1.315900000000000000e+04
2.748668026409213302e-02, 1.356500000000000000e+04
2.750255017186585896e-02, 1.421400000000000000e+04
2.751842007963958489e-02, 1.504900000000000000e+04
2.753428998741331082e-02, 1.599900000000000000e+04
2.755015989518703676e-02, 1.698500000000000000e+04
2.756602980296075922e-02, 1.792300000000000000e+04
2.758189971073448515e-02, 1.873200000000000000e+04
2.759776961850821109e-02, 1.934400000000000000e+04
2.761363952628193702e-02, 1.970500000000000000e+04
2.762950943405566295e-02, 1.978400000000000000e+04
2.764537934182938542e-02, 1.957500000000000000e+04
2.766124924960311135e-02, 1.909600000000000000e+04
2.767711915737683728e-02, 1.838800000000000000e+04
2.769298906515056322e-02, 1.750900000000000000e+04
2.770885897292428915e-02, 1.653800000000000000e+04
2.772472888069801161e-02, 1.555400000000000000e+04
2.774059878847173755e-02, 1.464200000000000000e+04
2.775646869624546348e-02, 1.388000000000000000e+04
2.777233860401918941e-02, 1.332900000000000000e+04
2.778820851179291535e-02, 1.303700000000000000e+04
2.780407841956663781e-02, 1.303000000000000000e+04
2.781994832734036374e-02, 1.330800000000000000e+04
2.783581823511408967e-02, 1.384900000000000000e+04
2.785168814288781561e-02, 1.460500000000000000e+04
2.786755805066154154e-02, 1.550900000000000000e+04
2.788342795843526400e-02, 1.648500000000000000e+04
2.789929786620898994e-02, 1.745000000000000000e+04
2.791516777398271587e-02, 1.832300000000000000e+04
2.793103768175644180e-02, 1.902900000000000000e+04
2.794690758953016774e-02, 1.950500000000000000e+04
2.796277749730389020e-02, 1.971400000000000000e+04
2.797864740507761613e-02, 1.963700000000000000e+04
2.799451731285134207e-02, 1.928100000000000000e+04
2.801038722062506800e-02, 1.867500000000000000e+04
2.802625712839879393e-02, 1.786900000000000000e+04
2.804212703617251640e-02, 1.693500000000000000e+04
2.805799694394624233e-02, 1.595300000000000000e+04
2.807386685171996826e-02, 1.500800000000000000e+04
2.808973675949369420e-02, 1.418100000000000000e+04
2.810560666726742013e-02, 1.353800000000000000e+04
2.812147657504114259e-02, 1.313500000000000000e+04
2.813734648281486853e-02, 1.300700000000000000e+04
2.815321639058859446e-02, 1.316500000000000000e+04
2.816908629836232039e-02, 1.359500000000000000e+04
2.818495620613604632e-02, 1.426200000000000000e+04
2.820082611390976879e-02, 1.510500000000000000e+04
2.821669602168349472e-02, 1.605600000000000000e+04
2.823256592945722065e-02, 1.703600000000000000e+04
2.824843583723094659e-02, 1.796000000000000000e+04
2.826430574500467252e-02, 1.875200000000000000e+04
2.828017565277839498e-02, 1.934500000000000000e+04
2.829604556055212092e-02, 1.968600000000000000e+04
2.831191546832584685e-02, 1.974500000000000000e+04
2.832778537609957278e-02, 1.951600000000000000e+04
2.834365528387329872e-02, 1.902000000000000000e+04
2.835952519164702118e-02, 1.829900000000000000e+04
2.837539509942074711e-02, 1.741300000000000000e+04
2.839126500719447305e-02, 1.644100000000000000e+04
2.840713491496819898e-02, 1.546100000000000000e+04
2.842300482274192491e-02, 1.456200000000000000e+04
2.843887473051565085e-02, 1.381800000000000000e+04
2.845474463828937331e-02, 1.328800000000000000e+04
2.847061454606309924e-02, 1.301900000000000000e+04
2.848648445383682518e-02, 1.303500000000000000e+04
2.850235436161055111e-02, 1.333300000000000000e+04
2.851822426938427704e-02, 1.389300000000000000e+04
2.853409417715799951e-02, 1.466300000000000000e+04
2.854996408493172544e-02, 1.557800000000000000e+04
2.856583399270545137e-02, 1.656200000000000000e+04
2.858170390047917730e-02, 1.753000000000000000e+04
2.859757380825290324e-02, 1.839900000000000000e+04
2.861344371602662570e-02, 1.909700000000000000e+04
2.862931362380035163e-02, 1.956100000000000000e+04
2.864518353157407757e-02, 1.975700000000000000e+04
2.866105343934780350e-02, 1.966600000000000000e+04
2.867692334712152943e-02, 1.929600000000000000e+04
2.869279325489525190e-02, 1.867800000000000000e+04
2.870866316266897783e-02, 1.786200000000000000e+04
2.872453307044270376e-02, 1.692200000000000000e+04
2.874040297821642970e-02, 1.593800000000000000e+04
2.875627288599015563e-02, 1.499200000000000000e+04
2.877214279376387809e-02, 1.417100000000000000e+04
2.878801270153760403e-02, 1.354100000000000000e+04
2.880388260931132996e-02, 1.315500000000000000e+04
2.881975251708505589e-02, 1.304400000000000000e+04
2.883562242485878183e-02, 1.322100000000000000e+04
2.885149233263250429e-02, 1.366800000000000000e+04
2.886736224040623022e-02, 1.435000000000000000e+04
2.888323214817995616e-02, 1.520700000000000000e+04
2.889910205595368209e-02, 1.616800000000000000e+04
2.891497196372740802e-02, 1.715100000000000000e+04
2.893084187150113049e-02, 1.807100000000000000e+04
2.894671177927485642e-02, 1.884900000000000000e+04
2.896258168704858235e-02, 1.941900000000000000e+04
2.897845159482230828e-02, 1.973200000000000000e+04
2.899432150259603422e-02, 1.976000000000000000e+04
2.901019141036975668e-02, 1.950300000000000000e+04
2.902606131814348261e-02, 1.898200000000000000e+04
2.904193122591720855e-02, 1.824000000000000000e+04
2.905780113369093448e-02, 1.734000000000000000e+04
2.907367104146466041e-02, 1.636200000000000000e+04
2.908954094923838288e-02, 1.538400000000000000e+04
2.910541085701210881e-02, 1.449300000000000000e+04
2.912128076478583474e-02, 1.376300000000000000e+04
2.913715067255956068e-02, 1.325500000000000000e+04
2.915302058033328661e-02, 1.301200000000000000e+04
2.916889048810700907e-02, 1.305800000000000000e+04
2.918476039588073501e-02, 1.338400000000000000e+04
2.920063030365446094e-02, 1.396600000000000000e+04
2.921650021142818687e-02, 1.475400000000000000e+04
2.923237011920191281e-02, 1.567900000000000000e+04
2.924824002697563527e-02, 1.666600000000000000e+04
2.926410993474936120e-02, 1.762800000000000000e+04
2.927997984252308714e-02, 1.848100000000000000e+04
2.929584975029681307e-02, 1.915500000000000000e+04
2.931171965807053900e-02, 1.959000000000000000e+04
2.932758956584426147e-02, 1.975300000000000000e+04
2.934345947361798740e-02, 1.962700000000000000e+04
2.935932938139171333e-02, 1.922500000000000000e+04
2.937519928916543926e-02, 1.857900000000000000e+04
2.939106919693916520e-02, 1.774500000000000000e+04
2.940693910471289113e-02, 1.679500000000000000e+04
2.942280901248661359e-02, 1.580800000000000000e+04
2.943867892026033953e-02, 1.486900000000000000e+04
2.945454882803406546e-02, 1.406000000000000000e+04
2.947041873580779139e-02, 1.344800000000000000e+04
2.948628864358151733e-02, 1.308500000000000000e+04
2.950215855135523979e-02, 1.300000000000000000e+04
2.951802845912896572e-02, 1.320300000000000000e+04
2.953389836690269166e-02, 1.367400000000000000e+04
2.954976827467641759e-02, 1.437700000000000000e+04
2.956563818245014352e-02, 1.525000000000000000e+04
2.958150809022386599e-02, 1.621900000000000000e+04
2.959737799799759192e-02, 1.720300000000000000e+04
2.961324790577131785e-02, 1.811800000000000000e+04
2.962911781354504379e-02, 1.888600000000000000e+04
2.964498772131876972e-02, 1.944200000000000000e+04
2.966085762909249218e-02, 1.973700000000000000e+04
2.967672753686621812e-02, 1.974500000000000000e+04
2.969259744463994405e-02, 1.946800000000000000e+04
2.970846735241366998e-02, 1.893000000000000000e+04
2.972433726018739591e-02, 1.817300000000000000e+04
2.974020716796111838e-02, 1.726500000000000000e+04
2.975607707573484431e-02, 1.628400000000000000e+04
2.977194698350857024e-02, 1.531100000000000000e+04
2.978781689128229618e-02, 1.443400000000000000e+04
2.980368679905602211e-02, 1.372500000000000000e+04
2.981955670682974457e-02, 1.324400000000000000e+04
2.983542661460347051e-02, 1.302800000000000000e+04
2.985129652237719644e-02, 1.309900000000000000e+04
2.986716643015092237e-02, 1.344900000000000000e+04
2.988303633792464831e-02, 1.405200000000000000e+04
2.989890624569837077e-02, 1.485300000000000000e+04
2.991477615347209670e-02, 1.578500000000000000e+04
2.993064606124582264e-02, 1.677200000000000000e+04
2.994651596901954857e-02, 1.772700000000000000e+04
2.996238587679327450e-02, 1.856900000000000000e+04
2.997825578456699697e-02, 1.922800000000000000e+04
2.999412569234072290e-02, 1.964800000000000000e+04
3.000999560011444883e-02, 1.979300000000000000e+04
3.002586550788817477e-02, 1.964900000000000000e+04
3.004173541566190070e-02, 1.923000000000000000e+04
3.005760532343562316e-02, 1.856900000000000000e+04
3.007347523120934910e-02, 1.772200000000000000e+04
3.008934513898307503e-02, 1.676500000000000000e+04
3.010521504675680096e-02, 1.577900000000000000e+04
3.012108495453052689e-02, 1.485100000000000000e+04
3.013695486230424936e-02, 1.405800000000000000e+04
3.015282477007797529e-02, 1.346600000000000000e+04
3.016869467785170122e-02, 1.312200000000000000e+04
3.018456458562542716e-02, 1.305400000000000000e+04
3.020043449339915309e-02, 1.327000000000000000e+04
3.021630440117287555e-02, 1.375300000000000000e+04
3.023217430894660149e-02, 1.446200000000000000e+04
3.024804421672032742e-02, 1.533800000000000000e+04
3.026391412449405335e-02, 1.630500000000000000e+04
3.027978403226777929e-02, 1.728100000000000000e+04
3.029565394004150175e-02, 1.818200000000000000e+04
3.031152384781522768e-02, 1.893300000000000000e+04
3.032739375558895362e-02, 1.946800000000000000e+04
3.034326366336267955e-02, 1.974200000000000000e+04
3.035913357113640548e-02, 1.972900000000000000e+04
3.037500347891013142e-02, 1.943200000000000000e+04
3.039087338668385388e-02, 1.887500000000000000e+04
3.040674329445757981e-02, 1.810500000000000000e+04
3.042261320223130575e-02, 1.719000000000000000e+04
3.043848311000503168e-02, 1.621300000000000000e+04
3.045435301777875761e-02, 1.525100000000000000e+04
3.047022292555248008e-02, 1.439000000000000000e+04
3.048609283332620601e-02, 1.370000000000000000e+04
3.050196274109993194e-02, 1.323600000000000000e+04
3.051783264887365787e-02, 1.303700000000000000e+04
3.053370255664738381e-02, 1.312600000000000000e+04
3.054957246442110627e-02, 1.349100000000000000e+04
3.056544237219483220e-02, 1.410700000000000000e+04
3.058131227996855814e-02, 1.491700000000000000e+04
3.059718218774228407e-02, 1.585400000000000000e+04
3.061305209551601000e-02, 1.683900000000000000e+04
3.062892200328973247e-02, 1.778600000000000000e+04
3.064479191106345840e-02, 1.861600000000000000e+04
3.066066181883718433e-02, 1.925700000000000000e+04
3.067653172661091027e-02, 1.965300000000000000e+04
3.069240163438463620e-02, 1.977100000000000000e+04
3.070827154215835866e-02, 1.959900000000000000e+04
3.072414144993208460e-02, 1.915500000000000000e+04
3.074001135770581053e-02, 1.847400000000000000e+04
3.075588126547953646e-02, 1.761400000000000000e+04
3.077175117325326240e-02, 1.665100000000000000e+04
3.078762108102698486e-02, 1.566600000000000000e+04
3.080349098880071079e-02, 1.474300000000000000e+04
3.081936089657443673e-02, 1.396400000000000000e+04
3.083523080434816266e-02, 1.339100000000000000e+04
3.085110071212188859e-02, 1.307300000000000000e+04
3.086697061989561106e-02, 1.303600000000000000e+04
3.088284052766933699e-02, 1.328400000000000000e+04
3.089871043544306292e-02, 1.379700000000000000e+04
3.091458034321678885e-02, 1.453200000000000000e+04
3.093045025099051479e-02, 1.542400000000000000e+04
3.094632015876423725e-02, 1.640000000000000000e+04
3.096219006653796318e-02, 1.737700000000000000e+04
3.097805997431168912e-02, 1.827000000000000000e+04
3.099392988208541505e-02, 1.900500000000000000e+04
3.100979978985914098e-02, 1.952000000000000000e+04
3.102566969763286345e-02, 1.977200000000000000e+04
3.104153960540658938e-02, 1.973600000000000000e+04
3.105740951318031531e-02, 1.941700000000000000e+04
3.107327942095404125e-02, 1.884600000000000000e+04
3.108914932872776718e-02, 1.806800000000000000e+04
3.110501923650148964e-02, 1.715000000000000000e+04
3.112088914427521558e-02, 1.617200000000000000e+04
3.113675905204894151e-02, 1.521200000000000000e+04
3.115262895982266744e-02, 1.435700000000000000e+04
3.116849886759639338e-02, 1.367700000000000000e+04
3.118436877537011584e-02, 1.323000000000000000e+04
3.120023868314384177e-02, 1.305400000000000000e+04
3.121610859091756771e-02, 1.316800000000000000e+04
3.123197849869129364e-02, 1.355700000000000000e+04
3.124784840646501957e-02, 1.419200000000000000e+04
3.126371831423874204e-02, 1.501600000000000000e+04
3.127958822201246797e-02, 1.596000000000000000e+04
3.129545812978619390e-02, 1.694400000000000000e+04
3.131132803755991983e-02, 1.788300000000000000e+04
3.132719794533364577e-02, 1.869400000000000000e+04
3.134306785310737170e-02, 1.931000000000000000e+04
3.135893776088109763e-02, 1.967700000000000000e+04
3.137480766865482357e-02, 1.976500000000000000e+04
3.139067757642854256e-02, 1.956500000000000000e+04
3.140654748420226849e-02, 1.909600000000000000e+04
3.142241739197599443e-02, 1.839600000000000000e+04
3.143828729974972036e-02, 1.752300000000000000e+04
3.145415720752344629e-02, 1.655600000000000000e+04
3.147002711529717223e-02, 1.557100000000000000e+04
3.148589702307089816e-02, 1.465700000000000000e+04
3.150176693084462409e-02, 1.389000000000000000e+04
3.151763683861835003e-02, 1.333500000000000000e+04
3.153350674639207596e-02, 1.303800000000000000e+04
3.154937665416579495e-02, 1.302600000000000000e+04
3.156524656193952089e-02, 1.329700000000000000e+04
3.158111646971324682e-02, 1.382900000000000000e+04
3.159698637748697275e-02, 1.457400000000000000e+04
3.161285628526069869e-02, 1.547000000000000000e+04
3.162872619303442462e-02, 1.644400000000000000e+04
3.164459610080815055e-02, 1.741000000000000000e+04
3.166046600858187648e-02, 1.828500000000000000e+04
3.167633591635560242e-02, 1.899700000000000000e+04
3.169220582412932835e-02, 1.948400000000000000e+04
3.170807573190304735e-02, 1.970400000000000000e+04
3.172394563967677328e-02, 1.963800000000000000e+04
3.173981554745049921e-02, 1.929200000000000000e+04
3.175568545522422514e-02, 1.869600000000000000e+04
3.177155536299795108e-02, 1.789700000000000000e+04
3.178742527077167701e-02, 1.696700000000000000e+04
3.180329517854540294e-02, 1.598500000000000000e+04
3.181916508631912888e-02, 1.503200000000000000e+04
3.183503499409285481e-02, 1.419300000000000000e+04
3.185090490186658074e-02, 1.353400000000000000e+04
3.186677480964030668e-02, 1.311300000000000000e+04
3.188264471741402567e-02, 1.296600000000000000e+04
3.189851462518775160e-02, 1.310500000000000000e+04
3.191438453296147754e-02, 1.351500000000000000e+04
3.193025444073520347e-02, 1.416700000000000000e+04
3.194612434850892940e-02, 1.500300000000000000e+04
3.196199425628265534e-02, 1.595400000000000000e+04
3.197786416405638127e-02, 1.694000000000000000e+04
3.199373407183010720e-02, 1.787500000000000000e+04
3.200960397960383313e-02, 1.868100000000000000e+04
3.202547388737755907e-02, 1.928600000000000000e+04
3.204134379515127806e-02, 1.963900000000000000e+04
3.205721370292500400e-02, 1.971000000000000000e+04
3.207308361069872993e-02, 1.949400000000000000e+04
3.208895351847245586e-02, 1.901000000000000000e+04
3.210482342624618179e-02, 1.829900000000000000e+04
3.212069333401990773e-02, 1.742000000000000000e+04
3.213656324179363366e-02, 1.645200000000000000e+04
3.215243314956735959e-02, 1.547500000000000000e+04
3.216830305734108553e-02, 1.457200000000000000e+04
3.218417296511481146e-02, 1.382200000000000000e+04
3.220004287288853045e-02, 1.328600000000000000e+04
3.221591278066225639e-02, 1.301000000000000000e+04
3.223178268843598232e-02, 1.301500000000000000e+04
3.224765259620970825e-02, 1.330200000000000000e+04
3.226352250398343419e-02, 1.384900000000000000e+04
3.227939241175716012e-02, 1.461000000000000000e+04
3.229526231953088605e-02, 1.552000000000000000e+04
3.231113222730461199e-02, 1.650200000000000000e+04
3.232700213507833792e-02, 1.747100000000000000e+04
3.234287204285206385e-02, 1.834500000000000000e+04
3.235874195062578285e-02, 1.904600000000000000e+04
3.237461185839950878e-02, 1.951600000000000000e+04
3.239048176617323471e-02, 1.971700000000000000e+04
3.240635167394696065e-02, 1.963000000000000000e+04
3.242222158172068658e-02, 1.926400000000000000e+04
3.243809148949441251e-02, 1.864900000000000000e+04
3.245396139726813844e-02, 1.783700000000000000e+04
3.246983130504186438e-02, 1.690000000000000000e+04
3.248570121281559031e-02, 1.591500000000000000e+04
3.250157112058931624e-02, 1.496700000000000000e+04
3.251744102836303524e-02, 1.414000000000000000e+04
3.253331093613676117e-02, 1.350000000000000000e+04
3.254918084391048710e-02, 1.309900000000000000e+04
3.256505075168421304e-02, 1.297300000000000000e+04
3.258092065945793897e-02, 1.313400000000000000e+04
3.259679056723166490e-02, 1.356800000000000000e+04
3.261266047500539084e-02, 1.424200000000000000e+04
3.262853038277911677e-02, 1.509600000000000000e+04
3.264440029055284270e-02, 1.605600000000000000e+04
3.266027019832656864e-02, 1.704300000000000000e+04
3.267614010610028763e-02, 1.797300000000000000e+04
3.269201001387401356e-02, 1.876500000000000000e+04
3.270787992164773950e-02, 1.935400000000000000e+04
3.272374982942146543e-02, 1.968700000000000000e+04
3.273961973719519136e-02, 1.973500000000000000e+04
3.275548964496891730e-02, 1.949600000000000000e+04
3.277135955274264323e-02, 1.899000000000000000e+04
3.278722946051636916e-02, 1.826100000000000000e+04
3.280309936829009509e-02, 1.737000000000000000e+04
3.281896927606382103e-02, 1.639600000000000000e+04
3.283483918383754696e-02, 1.541900000000000000e+04
3.285070909161126596e-02, 1.452500000000000000e+04
3.286657899938499189e-02, 1.379300000000000000e+04
3.288244890715871782e-02, 1.328200000000000000e+04
3.289831881493244375e-02, 1.303200000000000000e+04
3.291418872270616969e-02, 1.306900000000000000e+04
3.293005863047989562e-02, 1.338500000000000000e+04
3.294592853825362155e-02, 1.396000000000000000e+04
3.296179844602734749e-02, 1.474000000000000000e+04
3.297766835380107342e-02, 1.566100000000000000e+04
3.299353826157479935e-02, 1.664100000000000000e+04
3.300940816934851835e-02, 1.759800000000000000e+04
3.302527807712224428e-02, 1.845200000000000000e+04
3.304114798489597021e-02, 1.913000000000000000e+04
3.305701789266969615e-02, 1.957300000000000000e+04
3.307288780044342208e-02, 1.974400000000000000e+04
3.308875770821714801e-02, 1.962800000000000000e+04
3.310462761599087395e-02, 1.923600000000000000e+04
3.312049752376459988e-02, 1.859900000000000000e+04
3.313636743153832581e-02, 1.777000000000000000e+04
3.315223733931205174e-02, 1.682400000000000000e+04
3.316810724708577074e-02, 1.583900000000000000e+04
3.318397715485949667e-02, 1.490100000000000000e+04
3.319984706263322261e-02, 1.409100000000000000e+04
3.321571697040694854e-02, 1.347500000000000000e+04
3.323158687818067447e-02, 1.310400000000000000e+04
3.324745678595440040e-02, 1.301100000000000000e+04
3.326332669372812634e-02, 1.320400000000000000e+04
3.327919660150185227e-02, 1.366600000000000000e+04
3.329506650927557820e-02, 1.436100000000000000e+04
3.331093641704930414e-02, 1.522800000000000000e+04
3.332680632482302313e-02, 1.619400000000000000e+04
3.334267623259674906e-02, 1.717800000000000000e+04
3.335854614037047500e-02, 1.809500000000000000e+04
3.337441604814420093e-02, 1.886600000000000000e+04
3.339028595591792686e-02, 1.942500000000000000e+04
3.340615586369165280e-02, 1.972600000000000000e+04
3.342202577146537873e-02, 1.974300000000000000e+04
3.343789567923910466e-02, 1.947400000000000000e+04
3.345376558701283060e-02, 1.894300000000000000e+04
3.346963549478655653e-02, 1.819300000000000000e+04
3.348550540256027552e-02, 1.728900000000000000e+04
3.350137531033400146e-02, 1.631000000000000000e+04
3.351724521810772739e-02, 1.533500000000000000e+04
3.353311512588145332e-02, 1.445000000000000000e+04
3.354898503365517926e-02, 1.373000000000000000e+04
3.356485494142890519e-02, 1.323600000000000000e+04
3.358072484920263112e-02, 1.300800000000000000e+04
3.359659475697635705e-02, 1.306800000000000000e+04
3.361246466475008299e-02, 1.340700000000000000e+04
3.362833457252380892e-02, 1.400100000000000000e+04
3.364420448029752791e-02, 1.479700000000000000e+04
3.366007438807125385e-02, 1.572700000000000000e+04
3.367594429584497978e-02, 1.671400000000000000e+04
3.369181420361870571e-02, 1.767300000000000000e+04
3.370768411139243165e-02, 1.852300000000000000e+04
3.372355401916615758e-02, 1.919400000000000000e+04
3.373942392693988351e-02, 1.962400000000000000e+04
3.375529383471360945e-02, 1.977800000000000000e+04
3.377116374248733538e-02, 1.964200000000000000e+04
3.378703365026106131e-02, 1.923000000000000000e+04
3.380290355803478725e-02, 1.857700000000000000e+04
3.381877346580850624e-02, 1.773500000000000000e+04
3.383464337358223217e-02, 1.678000000000000000e+04
3.385051328135595811e-02, 1.579300000000000000e+04
3.386638318912968404e-02, 1.485600000000000000e+04
3.388225309690340997e-02, 1.405200000000000000e+04
3.389812300467713591e-02, 1.344300000000000000e+04
3.391399291245086184e-02, 1.308400000000000000e+04
3.392986282022458777e-02, 1.300400000000000000e+04
3.394573272799831370e-02, 1.321100000000000000e+04
3.396160263577203964e-02, 1.368900000000000000e+04
3.397747254354575863e-02, 1.439700000000000000e+04
3.399334245131948457e-02, 1.527200000000000000e+04
3.400921235909321050e-02, 1.624200000000000000e+04
3.402508226686693643e-02, 1.722500000000000000e+04
3.404095217464066236e-02, 1.813500000000000000e+04
3.405682208241438830e-02, 1.889600000000000000e+04
3.407269199018811423e-02, 1.944200000000000000e+04
3.408856189796184016e-02, 1.973000000000000000e+04
3.410443180573556610e-02, 1.973400000000000000e+04
3.412030171350929203e-02, 1.945200000000000000e+04
3.413617162128301102e-02, 1.890900000000000000e+04
3.415204152905673696e-02, 1.815000000000000000e+04
3.416791143683046289e-02, 1.724100000000000000e+04
3.418378134460418882e-02, 1.626100000000000000e+04
3.419965125237791476e-02, 1.529100000000000000e+04
3.421552116015164069e-02, 1.441700000000000000e+04
3.423139106792536662e-02, 1.371100000000000000e+04
3.424726097569909256e-02, 1.323300000000000000e+04
3.426313088347281849e-02, 1.302200000000000000e+04
3.427900079124654442e-02, 1.309500000000000000e+04
3.429487069902026342e-02, 1.344600000000000000e+04
3.431074060679398935e-02, 1.404800000000000000e+04
3.432661051456771528e-02, 1.484900000000000000e+04
3.434248042234144122e-02, 1.578100000000000000e+04
3.435835033011516715e-02, 1.676600000000000000e+04
3.437422023788889308e-02, 1.771600000000000000e+04
3.439009014566261901e-02, 1.855200000000000000e+04
3.440596005343634495e-02, 1.920400000000000000e+04
3.442182996121007088e-02, 1.961500000000000000e+04
3.443769986898379681e-02, 1.975100000000000000e+04
3.445356977675751581e-02, 1.959700000000000000e+04
3.446943968453124174e-02, 1.917400000000000000e+04
3.448530959230496767e-02, 1.851300000000000000e+04
3.450117950007869361e-02, 1.767000000000000000e+04
3.451704940785241954e-02, 1.671900000000000000e+04
3.453291931562614547e-02, 1.573800000000000000e+04
3.454878922339987141e-02, 1.481400000000000000e+04
3.456465913117359734e-02, 1.402600000000000000e+04
3.458052903894732327e-02, 1.344000000000000000e+04
3.459639894672104921e-02, 1.310700000000000000e+04
3.461226885449476820e-02, 1.305600000000000000e+04
3.462813876226849413e-02, 1.328900000000000000e+04
3.464400867004222007e-02, 1.378900000000000000e+04
3.465987857781594600e-02, 1.451300000000000000e+04
3.467574848558967193e-02, 1.539800000000000000e+04
3.469161839336339787e-02, 1.637000000000000000e+04
3.470748830113712380e-02, 1.734500000000000000e+04
3.472335820891084973e-02, 1.824300000000000000e+04
3.473922811668457566e-02, 1.898500000000000000e+04
3.475509802445830160e-02, 1.950800000000000000e+04
3.477096793223202753e-02, 1.976800000000000000e+04
3.478683784000574652e-02, 1.973900000000000000e+04
3.480270774777947246e-02, 1.942600000000000000e+04
3.481857765555319839e-02, 1.885600000000000000e+04
3.483444756332692432e-02, 1.807600000000000000e+04
3.485031747110065026e-02, 1.715300000000000000e+04
3.486618737887437619e-02, 1.616700000000000000e+04
3.488205728664810212e-02, 1.520000000000000000e+04
3.489792719442182806e-02, 1.433800000000000000e+04
