0.000000000000000000e+00, 5.020500000000000000e+04
8.985784088211689767e-05, 6.045800000000000000e+04
1.797156817642337953e-04, 1.272000000000000000e+04
2.695735226463506795e-04, 2.936400000000000000e+04
3.594313635284675907e-04, 4.064500000000000000e+04
4.492892044105844477e-04, 4.348500000000000000e+04
5.391470452927013589e-04, 3.708700000000000000e+04
6.290048861748182701e-04, 2.327800000000000000e+04
7.188627270569351814e-04, 4.731000000000000000e+03
8.087205679390520926e-04, 5.051100000000000000e+04
8.985784088211688954e-04, 3.411400000000000000e+04
9.884362497032859150e-04, 2.377600000000000000e+04
1.078294090585402718e-03, 2.247000000000000000e+04
1.168151931467519521e-03, 2.969400000000000000e+04
1.258009772349636540e-03, 4.418700000000000000e+04
1.347867613231753343e-03, 6.291000000000000000e+04
1.437725454113870363e-03, 1.702900000000000000e+04
1.527583294995987166e-03, 3.311500000000000000e+04
1.617441135878104185e-03, 4.218700000000000000e+04
1.707298976760220988e-03, 4.280600000000000000e+04
1.797156817642337791e-03, 3.447600000000000000e+04
1.887014658524454810e-03, 1.907800000000000000e+04
1.976872499406571830e-03, 6.502200000000000000e+04
2.066730340288688416e-03, 4.575900000000000000e+04
2.156588181170805436e-03, 3.066000000000000000e+04
2.246446022052922455e-03, 2.255900000000000000e+04
2.336303862935039041e-03, 2.355500000000000000e+04
2.426161703817156061e-03, 3.345100000000000000e+04
2.516019544699273081e-03, 4.940200000000000000e+04
2.605877385581390100e-03, 3.025000000000000000e+03
2.695735226463506686e-03, 2.187400000000000000e+04
2.785593067345623706e-03, 3.641500000000000000e+04
2.875450908227740725e-03, 4.322400000000000000e+04
2.965308749109857311e-03, 4.143200000000000000e+04
3.055166589991974331e-03, 3.078200000000000000e+04
3.145024430874091351e-03, 1.370900000000000000e+04
3.234882271756208370e-03, 5.969100000000000000e+04
3.324740112638324956e-03, 4.123200000000000000e+04
3.414597953520441976e-03, 2.768000000000000000e+04
3.504455794402558996e-03, 2.202800000000000000e+04
3.594313635284675582e-03, 2.508100000000000000e+04
3.684171476166792601e-03, 3.684100000000000000e+04
3.774029317048909621e-03, 5.425900000000000000e+04
3.863887157931026207e-03, 8.350000000000000000e+03
3.953744998813143660e-03, 2.620300000000000000e+04
4.043602839695259812e-03, 3.905100000000000000e+04
4.133460680577376832e-03, 4.357300000000000000e+04
4.223318521459493852e-03, 3.932900000000000000e+04
4.313176362341610871e-03, 2.698800000000000000e+04
4.403034203223727891e-03, 8.960000000000000000e+03
4.492892044105844911e-03, 5.452000000000000000e+04
4.582749884987961930e-03, 3.707500000000000000e+04
4.672607725870078083e-03, 2.527200000000000000e+04
4.762465566752195102e-03, 2.202100000000000000e+04
4.852323407634312122e-03, 2.751400000000000000e+04
4.942181248516429141e-03, 4.093800000000000000e+04
5.032039089398546161e-03, 5.902500000000000000e+04
5.121896930280663181e-03, 1.329100000000000000e+04
5.211754771162780200e-03, 3.028600000000000000e+04
5.301612612044896353e-03, 4.103300000000000000e+04
5.391470452927013372e-03, 4.338300000000000000e+04
5.481328293809130392e-03, 3.675400000000000000e+04
5.571186134691247412e-03, 2.259400000000000000e+04
5.661043975573364431e-03, 3.945000000000000000e+03
5.750901816455481451e-03, 4.980900000000000000e+04
5.840759657337598471e-03, 3.347700000000000000e+04
5.930617498219714623e-03, 2.347600000000000000e+04
6.020475339101831642e-03, 2.275600000000000000e+04
6.110333179983948662e-03, 3.040600000000000000e+04
6.200191020866065682e-03, 4.537300000000000000e+04
6.290048861748182701e-03, 6.437800000000000000e+04
6.379906702630299721e-03, 1.842400000000000000e+04
6.469764543512416741e-03, 3.403900000000000000e+04
6.559622384394532893e-03, 4.253800000000000000e+04
6.649480225276649913e-03, 4.253700000000000000e+04
6.739338066158766932e-03, 3.357400000000000000e+04
6.829195907040883952e-03, 1.753900000000000000e+04
6.919053747923000972e-03, 6.366300000000000000e+04
7.008911588805117991e-03, 4.458400000000000000e+04
7.098769429687234143e-03, 2.985900000000000000e+04
7.188627270569351163e-03, 2.240500000000000000e+04
7.278485111451468183e-03, 2.381500000000000000e+04
7.368342952333585202e-03, 3.390700000000000000e+04
7.458200793215702222e-03, 5.024300000000000000e+04
7.548058634097819242e-03, 3.773000000000000000e+03
7.637916474979936261e-03, 2.252900000000000000e+04
7.727774315862052414e-03, 3.699400000000000000e+04
7.817632156744169433e-03, 4.330200000000000000e+04
7.907489997626287320e-03, 4.087900000000000000e+04
7.997347838508403473e-03, 3.003100000000000000e+04
8.087205679390519625e-03, 1.286300000000000000e+04
8.177063520272637512e-03, 5.852200000000000000e+04
8.266921361154753664e-03, 4.016800000000000000e+04
8.356779202036871551e-03, 2.705800000000000000e+04
8.446637042918987703e-03, 2.191200000000000000e+04
8.536494883801105590e-03, 2.566600000000000000e+04
8.626352724683221743e-03, 3.786100000000000000e+04
8.716210565565337895e-03, 5.517700000000000000e+04
8.806068406447455782e-03, 9.338000000000000000e+03
8.895926247329571934e-03, 2.717300000000000000e+04
8.985784088211689821e-03, 3.955500000000000000e+04
9.075641929093805974e-03, 4.354200000000000000e+04
9.165499769975923861e-03, 3.878000000000000000e+04
9.255357610858040013e-03, 2.584700000000000000e+04
9.345215451740156165e-03, 7.806000000000000000e+03
9.435073292622274052e-03, 5.362900000000000000e+04
9.524931133504390204e-03, 3.634400000000000000e+04
9.614788974386508091e-03, 2.477900000000000000e+04
9.704646815268624244e-03, 2.221700000000000000e+04
9.794504656150742131e-03, 2.816200000000000000e+04
9.884362497032858283e-03, 4.202100000000000000e+04
9.974220337914974435e-03, 6.047700000000000000e+04
1.006407817879709232e-02, 1.479900000000000000e+04
1.015393601967920847e-02, 3.133000000000000000e+04
1.024379386056132636e-02, 4.148300000000000000e+04
1.033365170144344251e-02, 4.325100000000000000e+04
1.042350954232556040e-02, 3.593600000000000000e+04
1.051336738320767655e-02, 2.115300000000000000e+04
1.060322522408979271e-02, 2.062000000000000000e+03
1.069308306497191059e-02, 4.814500000000000000e+04
1.078294090585402674e-02, 3.233400000000000000e+04
1.087279874673614463e-02, 2.311600000000000000e+04
1.096265658761826078e-02, 2.291600000000000000e+04
1.105251442850037867e-02, 3.123300000000000000e+04
1.114237226938249482e-02, 4.665100000000000000e+04
1.123223011026461098e-02, 6.538100000000000000e+04
1.132208795114672886e-02, 1.919400000000000000e+04
1.141194579202884501e-02, 3.471600000000000000e+04
1.150180363291096290e-02, 4.275100000000000000e+04
1.159166147379307905e-02, 4.213200000000000000e+04
1.168151931467519694e-02, 3.232800000000000000e+04
1.177137715555731309e-02, 1.626200000000000000e+04
1.186123499643942925e-02, 6.234400000000000000e+04
1.195109283732154713e-02, 4.341900000000000000e+04
1.204095067820366328e-02, 2.914300000000000000e+04
1.213080851908578117e-02, 2.218900000000000000e+04
1.222066635996789732e-02, 2.423300000000000000e+04
1.231052420085001521e-02, 3.492300000000000000e+04
1.240038204173213136e-02, 5.133600000000000000e+04
1.249023988261424752e-02, 5.279000000000000000e+03
1.258009772349636540e-02, 2.386300000000000000e+04
1.266995556437848156e-02, 3.778300000000000000e+04
1.275981340526059944e-02, 4.339400000000000000e+04
1.284967124614271559e-02, 4.048300000000000000e+04
1.293952908702483348e-02, 2.893300000000000000e+04
1.302938692790694963e-02, 1.137100000000000000e+04
1.311924476878906579e-02, 5.705300000000000000e+04
1.320910260967118367e-02, 3.910500000000000000e+04
1.329896045055329983e-02, 2.638100000000000000e+04
1.338881829143541771e-02, 2.194000000000000000e+04
1.347867613231753386e-02, 2.623700000000000000e+04
1.356853397319965175e-02, 3.881500000000000000e+04
1.365839181408176790e-02, 5.661600000000000000e+04
1.374824965496388406e-02, 1.091100000000000000e+04
1.383810749584600194e-02, 2.829900000000000000e+04
1.392796533672811810e-02, 4.010700000000000000e+04
1.401782317761023598e-02, 4.359600000000000000e+04
1.410768101849235213e-02, 3.804200000000000000e+04
1.419753885937446829e-02, 2.451100000000000000e+04
1.428739670025658617e-02, 5.980000000000000000e+03
1.437725454113870233e-02, 5.185600000000000000e+04
1.446711238202082021e-02, 3.503100000000000000e+04
1.455697022290293637e-02, 2.421100000000000000e+04
1.464682806378505425e-02, 2.231000000000000000e+04
1.473668590466717040e-02, 2.884600000000000000e+04
1.482654374554928656e-02, 4.323200000000000000e+04
1.491640158643140444e-02, 6.202300000000000000e+04
1.500625942731352060e-02, 1.609000000000000000e+04
1.509611726819563848e-02, 3.227400000000000000e+04
1.518597510907775464e-02, 4.191500000000000000e+04
1.527583294995987252e-02, 4.300500000000000000e+04
1.536569079084198867e-02, 3.485400000000000000e+04
1.545554863172410483e-02, 1.990800000000000000e+04
1.554540647260622271e-02, 7.950000000000000000e+02
1.563526431348833887e-02, 4.688500000000000000e+04
1.572512215437045502e-02, 3.148400000000000000e+04
1.581497999525257464e-02, 2.280800000000000000e+04
1.590483783613469079e-02, 2.318300000000000000e+04
1.599469567701680695e-02, 3.218800000000000000e+04
1.608455351789892310e-02, 4.816400000000000000e+04
1.617441135878103925e-02, 1.743000000000000000e+03
1.626426919966315887e-02, 2.053700000000000000e+04
1.635412704054527502e-02, 3.515400000000000000e+04
1.644398488142739118e-02, 4.265600000000000000e+04
1.653384272230950733e-02, 4.173900000000000000e+04
1.662370056319162695e-02, 3.181300000000000000e+04
1.671355840407374310e-02, 1.526500000000000000e+04
1.680341624495585925e-02, 6.102700000000000000e+04
1.689327408583797541e-02, 4.237200000000000000e+04
1.698313192672009156e-02, 2.839900000000000000e+04
1.707298976760221118e-02, 2.207000000000000000e+04
1.716284760848432733e-02, 2.470900000000000000e+04
1.725270544936644349e-02, 3.574900000000000000e+04
1.734256329024855964e-02, 5.274400000000000000e+04
1.743242113113067579e-02, 6.564000000000000000e+03
1.752227897201279541e-02, 2.456400000000000000e+04
1.761213681289491156e-02, 3.810300000000000000e+04
1.770199465377702772e-02, 4.342400000000000000e+04
1.779185249465914387e-02, 3.986300000000000000e+04
1.788171033554126349e-02, 2.788000000000000000e+04
1.797156817642337964e-02, 1.041500000000000000e+04
1.806142601730549579e-02, 5.609600000000000000e+04
1.815128385818761195e-02, 3.864100000000000000e+04
1.824114169906972810e-02, 2.634400000000000000e+04
1.833099953995184772e-02, 2.225600000000000000e+04
1.842085738083396387e-02, 2.687700000000000000e+04
1.851071522171608003e-02, 3.998400000000000000e+04
1.860057306259819618e-02, 5.814700000000000000e+04
1.869043090348031233e-02, 1.232600000000000000e+04
1.878028874436243195e-02, 2.932700000000000000e+04
1.887014658524454810e-02, 4.065200000000000000e+04
1.896000442612666426e-02, 4.349100000000000000e+04
1.904986226700878041e-02, 3.739000000000000000e+04
1.913972010789089656e-02, 2.381900000000000000e+04
1.922957794877301618e-02, 5.040000000000000000e+03
1.931943578965513234e-02, 5.114000000000000000e+04
1.940929363053724849e-02, 3.461900000000000000e+04
1.949915147141936464e-02, 2.401200000000000000e+04
1.958900931230148426e-02, 2.255700000000000000e+04
1.967886715318360041e-02, 2.972200000000000000e+04
1.976872499406571657e-02, 4.464400000000000000e+04
1.985858283494783272e-02, 6.340700000000000000e+04
1.994844067582994887e-02, 1.721000000000000000e+04
2.003829851671206849e-02, 3.265500000000000000e+04
2.012815635759418464e-02, 4.183000000000000000e+04
2.021801419847630080e-02, 4.264500000000000000e+04
2.030787203935841695e-02, 3.441800000000000000e+04
2.039772988024053310e-02, 1.907200000000000000e+04
2.048758772112265272e-02, 6.502200000000000000e+04
2.057744556200476888e-02, 4.574700000000000000e+04
2.066730340288688503e-02, 3.065200000000000000e+04
2.075716124376900118e-02, 2.255600000000000000e+04
2.084701908465112080e-02, 2.355400000000000000e+04
2.093687692553323695e-02, 3.342600000000000000e+04
2.102673476641535311e-02, 4.942200000000000000e+04
2.111659260729746926e-02, 2.893000000000000000e+03
2.120645044817958541e-02, 2.132300000000000000e+04
2.129630828906170503e-02, 3.605700000000000000e+04
2.138616612994382118e-02, 4.307200000000000000e+04
2.147602397082593734e-02, 4.137900000000000000e+04
2.156588181170805349e-02, 3.081900000000000000e+04
2.165573965259016964e-02, 1.425900000000000000e+04
2.174559749347228926e-02, 6.008600000000000000e+04
2.183545533435440542e-02, 4.143300000000000000e+04
2.192531317523652157e-02, 2.773700000000000000e+04
2.201517101611863772e-02, 2.203900000000000000e+04
2.210502885700075734e-02, 2.560900000000000000e+04
2.219488669788287349e-02, 3.728400000000000000e+04
2.228474453876498965e-02, 5.443700000000000000e+04
2.237460237964710580e-02, 8.432000000000000000e+03
2.246446022052922195e-02, 2.623700000000000000e+04
2.255431806141134157e-02, 3.906400000000000000e+04
2.264417590229345773e-02, 4.357700000000000000e+04
2.273403374317557388e-02, 3.930100000000000000e+04
2.282389158405769003e-02, 2.698900000000000000e+04
2.291374942493980618e-02, 8.971000000000000000e+03
2.300360726582192580e-02, 5.454800000000000000e+04
2.309346510670404196e-02, 3.707000000000000000e+04
2.318332294758615811e-02, 2.526400000000000000e+04
2.327318078846827426e-02, 2.201700000000000000e+04
2.336303862935039388e-02, 2.751300000000000000e+04
2.345289647023251003e-02, 4.127300000000000000e+04
2.354275431111462619e-02, 5.955800000000000000e+04
2.363261215199674234e-02, 1.358700000000000000e+04
2.372246999287885849e-02, 3.039400000000000000e+04
2.381232783376097811e-02, 4.108400000000000000e+04
2.390218567464309427e-02, 4.340300000000000000e+04
2.399204351552521042e-02, 3.676100000000000000e+04
2.408190135640732657e-02, 2.259600000000000000e+04
2.417175919728944272e-02, 3.913000000000000000e+03
2.426161703817156234e-02, 4.982800000000000000e+04
2.435147487905367850e-02, 3.349300000000000000e+04
2.444133271993579465e-02, 2.348400000000000000e+04
2.453119056081791080e-02, 2.275900000000000000e+04
2.462104840170003042e-02, 3.081000000000000000e+04
2.471090624258214657e-02, 4.588700000000000000e+04
2.480076408346426273e-02, 6.462500000000000000e+04
2.489062192434637888e-02, 1.798200000000000000e+04
2.498047976522849503e-02, 3.366200000000000000e+04
2.507033760611061465e-02, 4.236400000000000000e+04
2.516019544699273081e-02, 4.247300000000000000e+04
2.525005328787484696e-02, 3.355300000000000000e+04
2.533991112875696311e-02, 1.805500000000000000e+04
2.542976896963907926e-02, 6.410900000000000000e+04
2.551962681052119888e-02, 4.482500000000000000e+04
2.560948465140331504e-02, 2.993400000000000000e+04
2.569934249228543119e-02, 2.242100000000000000e+04
2.578920033316754734e-02, 2.427600000000000000e+04
2.587905817404966696e-02, 3.439800000000000000e+04
2.596891601493178311e-02, 5.060100000000000000e+04
2.605877385581389927e-02, 4.426000000000000000e+03
2.614863169669601542e-02, 2.293400000000000000e+04
2.623848953757813157e-02, 3.716400000000000000e+04
2.632834737846025119e-02, 4.336100000000000000e+04
2.641820521934236735e-02, 4.088300000000000000e+04
2.650806306022448350e-02, 3.003100000000000000e+04
2.659792090110659965e-02, 1.287500000000000000e+04
2.668777874198871580e-02, 5.855800000000000000e+04
2.677763658287083542e-02, 4.016600000000000000e+04
2.686749442375295158e-02, 2.704900000000000000e+04
2.695735226463506773e-02, 2.190700000000000000e+04
2.704721010551718388e-02, 2.566400000000000000e+04
2.713706794639930350e-02, 3.805200000000000000e+04
2.722692578728141966e-02, 5.573300000000000000e+04
2.731678362816353581e-02, 9.683000000000000000e+03
2.740664146904565196e-02, 2.729900000000000000e+04
2.749649930992776811e-02, 3.961500000000000000e+04
2.758635715080988773e-02, 4.356700000000000000e+04
2.767621499169200389e-02, 3.878900000000000000e+04
2.776607283257412004e-02, 2.585000000000000000e+04
2.785593067345623619e-02, 7.416000000000000000e+03
2.794578851433835234e-02, 5.311200000000000000e+04
2.803564635522047196e-02, 3.606800000000000000e+04
2.812550419610258812e-02, 2.520100000000000000e+04
2.821536203698470427e-02, 2.261900000000000000e+04
2.830521987786682042e-02, 2.838300000000000000e+04
2.839507771874893657e-02, 4.208800000000000000e+04
2.848493555963105620e-02, 6.049100000000000000e+04
2.857479340051317235e-02, 1.478700000000000000e+04
2.866465124139528850e-02, 3.133900000000000000e+04
2.875450908227740465e-02, 4.149100000000000000e+04
2.884436692315952427e-02, 4.325500000000000000e+04
2.893422476404164043e-02, 3.593800000000000000e+04
2.902408260492375658e-02, 2.160200000000000000e+04
2.911394044580587273e-02, 2.557000000000000000e+03
2.920379828668798888e-02, 4.842000000000000000e+04
2.929365612757010850e-02, 3.243400000000000000e+04
2.938351396845222466e-02, 2.313800000000000000e+04
2.947337180933434081e-02, 2.294500000000000000e+04
2.956322965021645696e-02, 3.122600000000000000e+04
2.965308749109857311e-02, 4.664800000000000000e+04
2.974294533198069274e-02, 6.539300000000000000e+04
2.983280317286280889e-02, 1.917200000000000000e+04
2.992266101374492504e-02, 3.470000000000000000e+04
3.001251885462704119e-02, 4.274500000000000000e+04
3.010237669550916081e-02, 4.212900000000000000e+04
3.019223453639127697e-02, 3.282100000000000000e+04
3.028209237727339312e-02, 1.673200000000000000e+04
3.037195021815550927e-02, 6.260200000000000000e+04
3.046180805903762542e-02, 4.350500000000000000e+04
3.055166589991974505e-02, 2.916100000000000000e+04
3.064152374080186120e-02, 2.219200000000000000e+04
3.073138158168397735e-02, 2.423300000000000000e+04
3.082123942256609350e-02, 3.496100000000000000e+04
3.091109726344820965e-02, 5.134500000000000000e+04
3.100095510433032928e-02, 5.258000000000000000e+03
3.109081294521244543e-02, 2.382300000000000000e+04
3.118067078609456158e-02, 3.778400000000000000e+04
3.127052862697667773e-02, 4.340100000000000000e+04
3.136038646785879735e-02, 3.997100000000000000e+04
3.145024430874091004e-02, 2.848200000000000000e+04
3.154010214962302966e-02, 1.135600000000000000e+04
3.162995999050514928e-02, 5.752900000000000000e+04
3.171981783138726196e-02, 3.942200000000000000e+04
3.180967567226938159e-02, 2.698400000000000000e+04
3.189953351315149427e-02, 2.247400000000000000e+04
3.198939135403361389e-02, 2.659400000000000000e+04
3.207924919491573351e-02, 3.946900000000000000e+04
3.216910703579784619e-02, 5.702700000000000000e+04
3.225896487667996582e-02, 1.106300000000000000e+04
3.234882271756207850e-02, 2.836800000000000000e+04
3.243868055844419812e-02, 4.012800000000000000e+04
3.252853839932631774e-02, 4.306500000000000000e+04
3.261839624020843043e-02, 3.762000000000000000e+04
3.270825408109055005e-02, 2.437300000000000000e+04
3.279811192197266273e-02, 5.898000000000000000e+03
3.288796976285478235e-02, 5.181400000000000000e+04
3.297782760373690197e-02, 3.502400000000000000e+04
3.306768544461901466e-02, 2.419600000000000000e+04
3.315754328550113428e-02, 2.233000000000000000e+04
3.324740112638325390e-02, 2.884000000000000000e+04
3.333725896726536658e-02, 4.322100000000000000e+04
3.342711680814748620e-02, 6.156300000000000000e+04
3.351697464902959889e-02, 1.559500000000000000e+04
3.360683248991171851e-02, 3.197000000000000000e+04
3.369669033079383813e-02, 4.126500000000000000e+04
3.378654817167595081e-02, 4.257700000000000000e+04
3.387640601255807044e-02, 3.507100000000000000e+04
3.396626385344018312e-02, 2.035600000000000000e+04
3.405612169432230274e-02, 1.060000000000000000e+03
3.414597953520442236e-02, 4.699100000000000000e+04
3.423583737608653504e-02, 3.150700000000000000e+04
3.432569521696865467e-02, 2.281100000000000000e+04
3.441555305785076735e-02, 2.318300000000000000e+04
3.450541089873288697e-02, 3.218800000000000000e+04
3.459526873961500659e-02, 4.766600000000000000e+04
3.468512658049711928e-02, 1.275000000000000000e+03
3.477498442137923890e-02, 2.049500000000000000e+04
3.486484226226135158e-02, 3.562600000000000000e+04
3.495470010314347120e-02, 4.297600000000000000e+04
3.504455794402559082e-02, 4.185600000000000000e+04
3.513441578490770351e-02, 3.187000000000000000e+04
3.522427362578982313e-02, 1.531100000000000000e+04
3.531413146667193581e-02, 6.103900000000000000e+04
3.540398930755405543e-02, 4.236400000000000000e+04
3.549384714843617505e-02, 2.841900000000000000e+04
3.558370498931828774e-02, 2.206000000000000000e+04
3.567356283020040736e-02, 2.470800000000000000e+04
3.576342067108252698e-02, 3.628000000000000000e+04
3.585327851196463966e-02, 5.317200000000000000e+04
3.594313635284675928e-02, 7.028000000000000000e+03
3.603299419372887197e-02, 2.518300000000000000e+04
3.612285203461099159e-02, 3.844700000000000000e+04
3.621270987549311121e-02, 4.307500000000000000e+04
3.630256771637522389e-02, 3.943500000000000000e+04
3.639242555725734352e-02, 2.763400000000000000e+04
3.648228339813945620e-02, 1.033100000000000000e+04
3.657214123902157582e-02, 5.607900000000000000e+04
3.666199907990369544e-02, 3.819400000000000000e+04
3.675185692078580812e-02, 2.584700000000000000e+04
3.684171476166792775e-02, 2.202500000000000000e+04
3.693157260255004043e-02, 2.678300000000000000e+04
3.702143044343216005e-02, 3.994100000000000000e+04
3.711128828431427967e-02, 5.810400000000000000e+04
3.720114612519639236e-02, 1.232700000000000000e+04
3.729100396607851198e-02, 2.933400000000000000e+04
3.738086180696062466e-02, 4.013500000000000000e+04
3.747071964784274428e-02, 4.304500000000000000e+04
3.756057748872486390e-02, 3.718000000000000000e+04
3.765043532960697659e-02, 2.374100000000000000e+04
3.774029317048909621e-02, 5.014000000000000000e+03
3.783015101137120889e-02, 5.064200000000000000e+04
3.792000885225332851e-02, 3.414500000000000000e+04
3.800986669313544813e-02, 2.386500000000000000e+04
3.809972453401756082e-02, 2.302800000000000000e+04
3.818958237489968044e-02, 3.007800000000000000e+04
3.827944021578179312e-02, 4.439500000000000000e+04
3.836929805666391274e-02, 6.295300000000000000e+04
3.845915589754603237e-02, 1.700700000000000000e+04
3.854901373842814505e-02, 3.311000000000000000e+04
3.863887157931026467e-02, 4.219600000000000000e+04
3.872872942019238429e-02, 4.278500000000000000e+04
3.881858726107449697e-02, 3.448400000000000000e+04
3.890844510195661660e-02, 1.910100000000000000e+04
3.899830294283872928e-02, 6.504400000000000000e+04
3.908816078372084890e-02, 4.574100000000000000e+04
3.917801862460296852e-02, 3.067600000000000000e+04
3.926787646548508121e-02, 2.255000000000000000e+04
3.935773430636720083e-02, 2.354300000000000000e+04
3.944759214724931351e-02, 3.295900000000000000e+04
3.953744998813143313e-02, 4.893100000000000000e+04
3.962730782901355275e-02, 2.766000000000000000e+03
3.971716566989566544e-02, 2.178700000000000000e+04
3.980702351077778506e-02, 3.639700000000000000e+04
3.989688135165989774e-02, 4.319800000000000000e+04
3.998673919254201736e-02, 4.144000000000000000e+04
4.007659703342413698e-02, 3.083300000000000000e+04
4.016645487430624967e-02, 1.426200000000000000e+04
4.025631271518836929e-02, 6.009900000000000000e+04
4.034617055607048197e-02, 4.144100000000000000e+04
4.043602839695260159e-02, 2.774000000000000000e+04
4.052588623783472122e-02, 2.204000000000000000e+04
4.061574407871683390e-02, 2.509300000000000000e+04
4.070560191959895352e-02, 3.683100000000000000e+04
4.079545976048106620e-02, 5.419200000000000000e+04
4.088531760136318582e-02, 8.354000000000000000e+03
4.097517544224530545e-02, 2.622100000000000000e+04
4.106503328312741813e-02, 3.904200000000000000e+04
4.115489112400953775e-02, 4.358600000000000000e+04
4.124474896489165737e-02, 3.926100000000000000e+04
4.133460680577377006e-02, 2.643900000000000000e+04
4.142446464665588968e-02, 8.573000000000000000e+03
4.151432248753800236e-02, 5.437100000000000000e+04
4.160418032842012198e-02, 3.700600000000000000e+04
4.169403816930224160e-02, 2.524400000000000000e+04
4.178389601018435429e-02, 2.254400000000000000e+04
4.187375385106647391e-02, 2.794600000000000000e+04
4.196361169194858659e-02, 4.119400000000000000e+04
4.205346953283070621e-02, 5.908700000000000000e+04
4.214332737371282583e-02, 1.329500000000000000e+04
4.223318521459493852e-02, 3.027300000000000000e+04
4.232304305547705814e-02, 4.104100000000000000e+04
4.241290089635917082e-02, 4.336000000000000000e+04
4.250275873724129044e-02, 3.675900000000000000e+04
4.259261657812341006e-02, 2.260500000000000000e+04
4.268247441900552275e-02, 3.484000000000000000e+03
4.277233225988764237e-02, 4.932900000000000000e+04
4.286219010076975505e-02, 3.326000000000000000e+04
4.295204794165187467e-02, 2.338700000000000000e+04
4.304190578253399430e-02, 2.271500000000000000e+04
4.313176362341610698e-02, 3.044000000000000000e+04
4.322162146429822660e-02, 4.535400000000000000e+04
4.331147930518033928e-02, 6.434400000000000000e+04
4.340133714606245890e-02, 1.840800000000000000e+04
4.349119498694457853e-02, 3.404600000000000000e+04
4.358105282782669121e-02, 4.251500000000000000e+04
4.367091066870881083e-02, 4.254400000000000000e+04
4.376076850959093045e-02, 3.358400000000000000e+04
4.385062635047304314e-02, 1.758500000000000000e+04
4.394048419135516276e-02, 6.363600000000000000e+04
4.403034203223727544e-02, 4.459100000000000000e+04
4.412019987311939506e-02, 2.984600000000000000e+04
4.421005771400151468e-02, 2.239100000000000000e+04
4.429991555488362737e-02, 2.382700000000000000e+04
4.438977339576574699e-02, 3.389600000000000000e+04
4.447963123664785967e-02, 5.032300000000000000e+04
4.456948907752997929e-02, 4.324000000000000000e+03
4.465934691841209891e-02, 2.291100000000000000e+04
4.474920475929421160e-02, 3.713400000000000000e+04
4.483906260017633122e-02, 4.336700000000000000e+04
4.492892044105844390e-02, 4.089200000000000000e+04
4.501877828194056352e-02, 2.951700000000000000e+04
4.510863612282268315e-02, 1.242700000000000000e+04
4.519849396370479583e-02, 5.834600000000000000e+04
4.528835180458691545e-02, 4.008700000000000000e+04
4.537820964546902813e-02, 2.702400000000000000e+04
4.546806748635114775e-02, 2.191700000000000000e+04
4.555792532723326738e-02, 2.565300000000000000e+04
4.564778316811538006e-02, 3.798800000000000000e+04
4.573764100899749968e-02, 5.572700000000000000e+04
4.582749884987961236e-02, 9.702000000000000000e+03
4.591735669076173199e-02, 2.731100000000000000e+04
4.600721453164385161e-02, 3.962000000000000000e+04
4.609707237252596429e-02, 4.354900000000000000e+04
4.618693021340808391e-02, 3.878500000000000000e+04
4.627678805429020353e-02, 2.586000000000000000e+04
4.636664589517231622e-02, 7.449000000000000000e+03
4.645650373605443584e-02, 5.310900000000000000e+04
4.654636157693654852e-02, 3.606000000000000000e+04
4.663621941781866814e-02, 2.467500000000000000e+04
4.672607725870078776e-02, 2.216900000000000000e+04
4.681593509958290045e-02, 2.820200000000000000e+04
4.690579294046502007e-02, 4.200700000000000000e+04
4.699565078134713275e-02, 6.045500000000000000e+04
4.708550862222925237e-02, 1.477400000000000000e+04
4.717536646311137200e-02, 3.133500000000000000e+04
4.726522430399348468e-02, 4.146200000000000000e+04
4.735508214487560430e-02, 4.325300000000000000e+04
4.744493998575771698e-02, 3.594800000000000000e+04
4.753479782663983660e-02, 2.122500000000000000e+04
4.762465566752195623e-02, 2.041000000000000000e+03
4.771451350840406891e-02, 4.814300000000000000e+04
4.780437134928618853e-02, 3.232400000000000000e+04
4.789422919016830121e-02, 2.310100000000000000e+04
4.798408703105042084e-02, 2.293400000000000000e+04
4.807394487193254046e-02, 3.122300000000000000e+04
4.816380271281465314e-02, 4.664700000000000000e+04
4.825366055369677276e-02, 6.541900000000000000e+04
4.834351839457888544e-02, 1.915300000000000000e+04
4.843337623546100507e-02, 3.465400000000000000e+04
4.852323407634312469e-02, 4.273900000000000000e+04
4.861309191722523737e-02, 4.213700000000000000e+04
4.870294975810735699e-02, 3.280600000000000000e+04
4.879280759898946968e-02, 1.674200000000000000e+04
4.888266543987158930e-02, 6.261100000000000000e+04
4.897252328075370892e-02, 4.350900000000000000e+04
4.906238112163582160e-02, 2.916300000000000000e+04
4.915223896251794122e-02, 2.221700000000000000e+04
4.924209680340006084e-02, 2.422600000000000000e+04
4.933195464428217353e-02, 3.495100000000000000e+04
4.942181248516429315e-02, 5.187100000000000000e+04
4.951167032604640583e-02, 5.694000000000000000e+03
4.960152816692852545e-02, 2.402600000000000000e+04
4.969138600781064508e-02, 3.785800000000000000e+04
4.978124384869275776e-02, 4.342500000000000000e+04
4.987110168957487738e-02, 4.048300000000000000e+04
4.996095953045699006e-02, 2.894700000000000000e+04
5.005081737133910968e-02, 1.152100000000000000e+04
5.014067521222122931e-02, 5.761400000000000000e+04
5.023053305310334199e-02, 3.946900000000000000e+04
5.032039089398546161e-02, 2.655500000000000000e+04
5.041024873486757429e-02, 2.198600000000000000e+04
5.050010657574969392e-02, 2.629700000000000000e+04
5.058996441663181354e-02, 3.881900000000000000e+04
5.067982225751392622e-02, 5.659600000000000000e+04
5.076968009839604584e-02, 1.087700000000000000e+04
5.085953793927815852e-02, 2.830100000000000000e+04
5.094939578016027815e-02, 4.010700000000000000e+04
5.103925362104239777e-02, 4.359200000000000000e+04
5.112911146192451045e-02, 3.805400000000000000e+04
5.121896930280663007e-02, 2.460300000000000000e+04
5.130882714368874276e-02, 5.968000000000000000e+03
5.139868498457086238e-02, 5.182800000000000000e+04
5.148854282545298200e-02, 3.502600000000000000e+04
5.157840066633509468e-02, 2.419600000000000000e+04
5.166825850721721430e-02, 2.242100000000000000e+04
5.175811634809933393e-02, 2.939800000000000000e+04
5.184797418898144661e-02, 4.360200000000000000e+04
5.193783202986356623e-02, 6.177200000000000000e+04
5.202768987074567891e-02, 1.563800000000000000e+04
5.211754771162779853e-02, 3.200400000000000000e+04
5.220740555250991816e-02, 4.181300000000000000e+04
5.229726339339203084e-02, 4.298200000000000000e+04
5.238712123427415046e-02, 3.495200000000000000e+04
5.247697907515626314e-02, 1.988200000000000000e+04
5.256683691603838277e-02, 7.720000000000000000e+02
5.265669475692050239e-02, 4.737700000000000000e+04
5.274655259780261507e-02, 3.192900000000000000e+04
5.283641043868473469e-02, 2.305100000000000000e+04
5.292626827956684737e-02, 2.325900000000000000e+04
5.301612612044896700e-02, 3.220400000000000000e+04
5.310598396133108662e-02, 4.813600000000000000e+04
5.319584180221319930e-02, 1.761000000000000000e+03
5.328569964309531892e-02, 2.073800000000000000e+04
5.337555748397743161e-02, 3.571800000000000000e+04
5.346541532485955123e-02, 4.300700000000000000e+04
5.355527316574167085e-02, 4.186600000000000000e+04
5.364513100662378353e-02, 3.187200000000000000e+04
5.373498884750590315e-02, 1.531900000000000000e+04
5.382484668838801584e-02, 6.158000000000000000e+04
5.391470452927013546e-02, 4.278900000000000000e+04
5.400456237015225508e-02, 2.861300000000000000e+04
5.409442021103436776e-02, 2.213100000000000000e+04
5.418427805191648738e-02, 2.473100000000000000e+04
5.427413589279860701e-02, 3.626200000000000000e+04
5.436399373368071969e-02, 5.319400000000000000e+04
5.445385157456283931e-02, 6.897000000000000000e+03
5.454370941544495199e-02, 2.463200000000000000e+04
5.463356725632707162e-02, 3.808900000000000000e+04
5.472342509720919124e-02, 4.339300000000000000e+04
5.481328293809130392e-02, 3.986500000000000000e+04
5.490314077897342354e-02, 2.781300000000000000e+04
5.499299861985553622e-02, 1.041100000000000000e+04
5.508285646073765585e-02, 5.612800000000000000e+04
5.517271430161977547e-02, 3.821600000000000000e+04
5.526257214250188815e-02, 2.585500000000000000e+04
5.535242998338400777e-02, 2.202900000000000000e+04
5.544228782426612046e-02, 2.679300000000000000e+04
5.553214566514824008e-02, 3.993100000000000000e+04
5.562200350603035970e-02, 5.806800000000000000e+04
5.571186134691247238e-02, 1.232700000000000000e+04
5.580171918779459200e-02, 2.934300000000000000e+04
5.589157702867670469e-02, 4.065100000000000000e+04
5.598143486955882431e-02, 4.350500000000000000e+04
5.607129271044094393e-02, 3.724400000000000000e+04
5.616115055132305661e-02, 2.326600000000000000e+04
5.625100839220517623e-02, 4.683000000000000000e+03
5.634086623308728892e-02, 5.091700000000000000e+04
5.643072407396940854e-02, 3.460200000000000000e+04
5.652058191485152816e-02, 2.405400000000000000e+04
5.661043975573364084e-02, 2.257100000000000000e+04
5.670029759661576046e-02, 2.971600000000000000e+04
5.679015543749787315e-02, 4.428400000000000000e+04
5.688001327837999277e-02, 6.288100000000000000e+04
5.696987111926211239e-02, 1.697000000000000000e+04
5.705972896014422507e-02, 3.257500000000000000e+04
5.714958680102634470e-02, 4.174000000000000000e+04
5.723944464190846432e-02, 4.236300000000000000e+04
5.732930248279057700e-02, 3.385100000000000000e+04
5.741916032367269662e-02, 1.873500000000000000e+04
5.750901816455480930e-02, 6.491000000000000000e+04
5.759887600543692893e-02, 4.568000000000000000e+04
5.768873384631904855e-02, 3.065100000000000000e+04
5.777859168720116123e-02, 2.254200000000000000e+04
5.786844952808328085e-02, 2.354100000000000000e+04
5.795830736896539354e-02, 3.336100000000000000e+04
5.804816520984751316e-02, 4.944500000000000000e+04
5.813802305072963278e-02, 3.013000000000000000e+03
5.822788089161174546e-02, 2.134500000000000000e+04
5.831773873249386508e-02, 3.602100000000000000e+04
5.840759657337597777e-02, 4.302300000000000000e+04
5.849745441425809739e-02, 4.137600000000000000e+04
5.858731225514021701e-02, 3.081300000000000000e+04
5.867717009602232969e-02, 1.372400000000000000e+04
5.876702793690444931e-02, 5.966000000000000000e+04
5.885688577778656200e-02, 4.123700000000000000e+04
5.894674361866868162e-02, 2.766500000000000000e+04
5.903660145955080124e-02, 2.201600000000000000e+04
5.912645930043291392e-02, 2.510300000000000000e+04
5.921631714131503355e-02, 3.682000000000000000e+04
5.930617498219714623e-02, 5.415600000000000000e+04
5.939603282307926585e-02, 8.349000000000000000e+03
5.948589066396138547e-02, 2.623000000000000000e+04
5.957574850484349815e-02, 3.904800000000000000e+04
5.966560634572561778e-02, 4.358800000000000000e+04
5.975546418660773740e-02, 3.927800000000000000e+04
5.984532202748985008e-02, 2.644500000000000000e+04
5.993517986837196970e-02, 8.563000000000000000e+03
6.002503770925408239e-02, 5.465900000000000000e+04
6.011489555013620201e-02, 3.754500000000000000e+04
6.020475339101832163e-02, 2.555400000000000000e+04
6.029461123190043431e-02, 2.214600000000000000e+04
6.038446907278255393e-02, 2.754400000000000000e+04
6.047432691366466662e-02, 4.105800000000000000e+04
6.056418475454678624e-02, 5.900900000000000000e+04
6.065404259542890586e-02, 1.325100000000000000e+04
6.074390043631101854e-02, 2.981000000000000000e+04
6.083375827719313816e-02, 4.053800000000000000e+04
6.092361611807525085e-02, 4.303900000000000000e+04
6.101347395895737047e-02, 3.610400000000000000e+04
6.110333179983949009e-02, 2.218100000000000000e+04
6.119318964072160277e-02, 3.325000000000000000e+03
6.128304748160372240e-02, 4.925700000000000000e+04
6.137290532248583508e-02, 3.323100000000000000e+04
6.146276316336795470e-02, 2.337700000000000000e+04
6.155262100425007432e-02, 2.271200000000000000e+04
6.164247884513218700e-02, 3.046800000000000000e+04
6.173233668601430663e-02, 4.534900000000000000e+04
6.182219452689641931e-02, 6.433400000000000000e+04
6.191205236777853893e-02, 1.839000000000000000e+04
6.200191020866065855e-02, 3.405300000000000000e+04
6.209176804954277124e-02, 4.252200000000000000e+04
6.218162589042489086e-02, 4.254700000000000000e+04
6.227148373130701048e-02, 3.358600000000000000e+04
6.236134157218912316e-02, 1.801500000000000000e+04
6.245119941307124278e-02, 6.414000000000000000e+04
6.254105725395335547e-02, 4.485100000000000000e+04
6.263091509483546815e-02, 2.994600000000000000e+04
6.272077293571759471e-02, 2.242500000000000000e+04
6.281063077659970739e-02, 2.386300000000000000e+04
6.290048861748182008e-02, 3.389200000000000000e+04
6.299034645836394664e-02, 5.030800000000000000e+04
6.308020429924605932e-02, 4.312000000000000000e+03
6.317006214012817200e-02, 2.292000000000000000e+04
6.325991998101029856e-02, 3.714100000000000000e+04
6.334977782189241124e-02, 4.337000000000000000e+04
6.343963566277452393e-02, 4.089300000000000000e+04
6.352949350365665049e-02, 3.001000000000000000e+04
6.361935134453876317e-02, 1.289700000000000000e+04
6.370920918542087585e-02, 5.860300000000000000e+04
6.379906702630298854e-02, 4.017300000000000000e+04
6.388892486718511510e-02, 2.704200000000000000e+04
6.397878270806722778e-02, 2.192000000000000000e+04
6.406864054894934046e-02, 2.565300000000000000e+04
6.415849838983146702e-02, 3.795500000000000000e+04
6.424835623071357971e-02, 5.517600000000000000e+04
6.433821407159569239e-02, 9.295000000000000000e+03
6.442807191247781895e-02, 2.710200000000000000e+04
6.451792975335993163e-02, 3.956000000000000000e+04
6.460778759424204432e-02, 4.353800000000000000e+04
6.469764543512415700e-02, 3.877300000000000000e+04
6.478750327600628356e-02, 2.587000000000000000e+04
6.487736111688839624e-02, 7.686000000000000000e+03
6.496721895777050892e-02, 5.366300000000000000e+04
6.505707679865263549e-02, 3.639400000000000000e+04
6.514693463953474817e-02, 2.481400000000000000e+04
6.523679248041686085e-02, 2.221700000000000000e+04
6.532665032129898741e-02, 2.824400000000000000e+04
6.541650816218110009e-02, 4.201200000000000000e+04
6.550636600306321278e-02, 6.044600000000000000e+04
6.559622384394532546e-02, 1.474600000000000000e+04
6.568608168482745202e-02, 3.134000000000000000e+04
6.577593952570956470e-02, 4.147100000000000000e+04
6.586579736659167739e-02, 4.325700000000000000e+04
6.595565520747380395e-02, 3.595000000000000000e+04
6.604551304835591663e-02, 2.153400000000000000e+04
6.613537088923802931e-02, 2.580000000000000000e+03
6.622522873012015587e-02, 4.844900000000000000e+04
6.631508657100226856e-02, 3.295500000000000000e+04
6.640494441188438124e-02, 2.360300000000000000e+04
6.649480225276650780e-02, 2.319800000000000000e+04
6.658466009364862048e-02, 3.130600000000000000e+04
6.667451793453073317e-02, 4.666500000000000000e+04
6.676437577541284585e-02, 3.570000000000000000e+02
6.685423361629497241e-02, 1.963700000000000000e+04
6.694409145717708509e-02, 3.489500000000000000e+04
6.703394929805919777e-02, 4.283100000000000000e+04
6.712380713894132434e-02, 4.216700000000000000e+04
6.721366497982343702e-02, 3.279200000000000000e+04
6.730352282070554970e-02, 1.675300000000000000e+04
6.739338066158767626e-02, 6.263500000000000000e+04
6.748323850246978894e-02, 4.351900000000000000e+04
6.757309634335190163e-02, 2.915400000000000000e+04
6.766295418423401431e-02, 2.221100000000000000e+04
6.775281202511614087e-02, 2.422300000000000000e+04
6.784266986599825355e-02, 3.495000000000000000e+04
6.793252770688036624e-02, 5.185800000000000000e+04
6.802238554776249280e-02, 5.704000000000000000e+03
6.811224338864460548e-02, 2.400400000000000000e+04
6.820210122952671816e-02, 3.786400000000000000e+04
6.829195907040884472e-02, 4.343700000000000000e+04
6.838181691129095741e-02, 4.047000000000000000e+04
6.847167475217307009e-02, 2.895800000000000000e+04
6.856153259305518277e-02, 1.150500000000000000e+04
6.865139043393730933e-02, 5.761600000000000000e+04
6.874124827481942202e-02, 3.948100000000000000e+04
6.883110611570153470e-02, 2.656200000000000000e+04
6.892096395658366126e-02, 2.198900000000000000e+04
6.901082179746577394e-02, 2.630800000000000000e+04
6.910067963834788662e-02, 3.882600000000000000e+04
6.919053747923001318e-02, 5.658500000000000000e+04
6.928039532011212587e-02, 1.084100000000000000e+04
6.937025316099423855e-02, 2.830300000000000000e+04
6.946011100187636511e-02, 4.011600000000000000e+04
6.954996884275847779e-02, 4.359700000000000000e+04
6.963982668364059048e-02, 3.805600000000000000e+04
6.972968452452270316e-02, 2.476600000000000000e+04
6.981954236540482972e-02, 6.526000000000000000e+03
6.990940020628694240e-02, 5.218400000000000000e+04
6.999925804716905509e-02, 3.560100000000000000e+04
7.008911588805118165e-02, 2.475400000000000000e+04
7.017897372893329433e-02, 2.263400000000000000e+04
7.026883156981540701e-02, 2.894800000000000000e+04
7.035868941069753357e-02, 4.324600000000000000e+04
7.044854725157964626e-02, 6.197800000000000000e+04
7.053840509246175894e-02, 1.610400000000000000e+04
7.062826293334387162e-02, 3.227000000000000000e+04
7.071812077422599818e-02, 4.192000000000000000e+04
7.080797861510811086e-02, 4.301900000000000000e+04
7.089783645599022355e-02, 3.499300000000000000e+04
7.098769429687235011e-02, 1.988200000000000000e+04
7.107755213775446279e-02, 7.630000000000000000e+02
7.116740997863657547e-02, 4.688100000000000000e+04
7.125726781951870203e-02, 3.145500000000000000e+04
7.134712566040081472e-02, 2.293100000000000000e+04
7.143698350128292740e-02, 2.373100000000000000e+04
7.152684134216505396e-02, 3.254900000000000000e+04
7.161669918304716664e-02, 4.826700000000000000e+04
7.170655702392927933e-02, 1.824000000000000000e+03
7.179641486481139201e-02, 2.074400000000000000e+04
7.188627270569351857e-02, 3.572300000000000000e+04
7.197613054657563125e-02, 4.302000000000000000e+04
7.206598838745774394e-02, 4.184700000000000000e+04
7.215584622833987050e-02, 3.188200000000000000e+04
7.224570406922198318e-02, 1.532900000000000000e+04
7.233556191010409586e-02, 6.106300000000000000e+04
7.242541975098622242e-02, 4.234600000000000000e+04
7.251527759186833511e-02, 2.840500000000000000e+04
7.260513543275044779e-02, 2.205400000000000000e+04
7.269499327363256047e-02, 2.470600000000000000e+04
7.278485111451468703e-02, 3.623800000000000000e+04
7.287470895539679971e-02, 5.320100000000000000e+04
7.296456679627891240e-02, 7.023000000000000000e+03
7.305442463716103896e-02, 2.519500000000000000e+04
7.314428247804315164e-02, 3.846100000000000000e+04
7.323414031892526432e-02, 4.355300000000000000e+04
7.332399815980739088e-02, 3.992200000000000000e+04
7.341385600068950357e-02, 2.782600000000000000e+04
7.350371384157161625e-02, 9.878000000000000000e+03
7.359357168245372893e-02, 5.570200000000000000e+04
7.368342952333585549e-02, 3.804900000000000000e+04
7.377328736421796818e-02, 2.577800000000000000e+04
7.386314520510008086e-02, 2.199600000000000000e+04
7.395300304598220742e-02, 2.678100000000000000e+04
7.404286088686432010e-02, 3.992700000000000000e+04
7.413271872774643279e-02, 5.789700000000000000e+04
7.422257656862855935e-02, 1.177000000000000000e+04
7.431243440951067203e-02, 2.899000000000000000e+04
7.440229225039278471e-02, 4.050100000000000000e+04
7.449215009127491127e-02, 4.345300000000000000e+04
7.458200793215702395e-02, 3.725400000000000000e+04
7.467186577303913664e-02, 2.326200000000000000e+04
7.476172361392124932e-02, 4.671000000000000000e+03
7.485158145480337588e-02, 5.051300000000000000e+04
7.494143929568548856e-02, 3.408300000000000000e+04
7.503129713656760125e-02, 2.378600000000000000e+04
7.512115497744972781e-02, 2.300400000000000000e+04
7.521101281833184049e-02, 3.010500000000000000e+04
7.530087065921395317e-02, 4.449600000000000000e+04
7.539072850009607973e-02, 6.294400000000000000e+04
7.548058634097819242e-02, 1.698200000000000000e+04
7.557044418186030510e-02, 3.308400000000000000e+04
7.566030202274241778e-02, 4.220000000000000000e+04
7.575015986362454434e-02, 4.276100000000000000e+04
7.584001770450665703e-02, 3.449000000000000000e+04
7.592987554538876971e-02, 1.911300000000000000e+04
7.601973338627089627e-02, 6.508500000000000000e+04
7.610959122715300895e-02, 4.572500000000000000e+04
7.619944906803512163e-02, 3.066000000000000000e+04
7.628930690891724820e-02, 2.254300000000000000e+04
7.637916474979936088e-02, 2.354000000000000000e+04
7.646902259068147356e-02, 3.300800000000000000e+04
7.655888043156358624e-02, 4.891700000000000000e+04
7.664873827244571280e-02, 2.733000000000000000e+03
7.673859611332782549e-02, 2.177200000000000000e+04
7.682845395420993817e-02, 3.640400000000000000e+04
7.691831179509206473e-02, 4.297400000000000000e+04
7.700816963597417741e-02, 4.089000000000000000e+04
7.709802747685629010e-02, 3.050100000000000000e+04
7.718788531773841666e-02, 1.362000000000000000e+04
7.727774315862052934e-02, 5.959500000000000000e+04
7.736760099950264202e-02, 4.123600000000000000e+04
7.745745884038476858e-02, 2.765300000000000000e+04
7.754731668126688127e-02, 2.200200000000000000e+04
7.763717452214899395e-02, 2.509600000000000000e+04
7.772703236303110663e-02, 3.681700000000000000e+04
7.781689020391323319e-02, 5.411800000000000000e+04
7.790674804479534588e-02, 7.797000000000000000e+03
7.799660588567745856e-02, 2.582600000000000000e+04
7.808646372655958512e-02, 3.886700000000000000e+04
7.817632156744169780e-02, 4.352300000000000000e+04
7.826617940832381048e-02, 3.926000000000000000e+04
7.835603724920593705e-02, 2.696600000000000000e+04
7.844589509008804973e-02, 9.001000000000000000e+03
7.853575293097016241e-02, 5.459800000000000000e+04
7.862561077185227509e-02, 3.707400000000000000e+04
7.871546861273440165e-02, 2.525800000000000000e+04
7.880532645361651434e-02, 2.203800000000000000e+04
7.889518429449862702e-02, 2.749200000000000000e+04
7.898504213538075358e-02, 4.106500000000000000e+04
7.907489997626286626e-02, 5.900100000000000000e+04
7.916475781714497895e-02, 1.323800000000000000e+04
7.925461565802710551e-02, 3.022700000000000000e+04
7.934447349890921819e-02, 4.104100000000000000e+04
7.943433133979133087e-02, 4.334300000000000000e+04
7.952418918067345743e-02, 3.675900000000000000e+04
7.961404702155557012e-02, 2.261700000000000000e+04
7.970390486243768280e-02, 3.541000000000000000e+03
7.979376270331979548e-02, 4.931800000000000000e+04
7.988362054420192204e-02, 3.324300000000000000e+04
7.997347838508403473e-02, 2.337800000000000000e+04
8.006333622596614741e-02, 2.271200000000000000e+04
8.015319406684827397e-02, 3.049800000000000000e+04
8.024305190773038665e-02, 4.534600000000000000e+04
8.033290974861249933e-02, 6.432400000000000000e+04
8.042276758949462589e-02, 1.838400000000000000e+04
8.051262543037673858e-02, 3.405100000000000000e+04
8.060248327125885126e-02, 4.243700000000000000e+04
8.069234111214096394e-02, 4.199000000000000000e+04
8.078219895302309050e-02, 3.320200000000000000e+04
8.087205679390520319e-02, 1.746200000000000000e+04
8.096191463478731587e-02, 6.356100000000000000e+04
8.105177247566944243e-02, 4.457000000000000000e+04
8.114163031655155511e-02, 2.983700000000000000e+04
8.123148815743366780e-02, 2.237600000000000000e+04
8.132134599831579436e-02, 2.384400000000000000e+04
8.141120383919790704e-02, 3.388600000000000000e+04
8.150106168008001972e-02, 5.030600000000000000e+04
8.159091952096213241e-02, 4.299000000000000000e+03
8.168077736184425897e-02, 2.292900000000000000e+04
8.177063520272637165e-02, 3.714900000000000000e+04
8.186049304360848433e-02, 4.337400000000000000e+04
8.195035088449061089e-02, 4.089500000000000000e+04
8.204020872537272357e-02, 2.999200000000000000e+04
8.213006656625483626e-02, 1.290500000000000000e+04
8.221992440713696282e-02, 5.861200000000000000e+04
8.230978224801907550e-02, 4.017700000000000000e+04
8.239964008890118818e-02, 2.704300000000000000e+04
8.248949792978331474e-02, 2.194400000000000000e+04
8.257935577066542743e-02, 2.564500000000000000e+04
8.266921361154754011e-02, 3.795700000000000000e+04
8.275907145242965279e-02, 5.517800000000000000e+04
8.284892929331177935e-02, 9.283000000000000000e+03
8.293878713419389204e-02, 2.709400000000000000e+04
8.302864497507600472e-02, 3.955700000000000000e+04
8.311850281595813128e-02, 4.353700000000000000e+04
8.320836065684024396e-02, 3.828200000000000000e+04
8.329821849772235665e-02, 2.539800000000000000e+04
8.338807633860448321e-02, 7.286000000000000000e+03
8.347793417948659589e-02, 5.301900000000000000e+04
8.356779202036870857e-02, 3.601300000000000000e+04
8.365764986125082125e-02, 2.465600000000000000e+04
8.374750770213294782e-02, 2.216200000000000000e+04
8.383736554301506050e-02, 2.825100000000000000e+04
8.392722338389717318e-02, 4.201000000000000000e+04
8.401708122477929974e-02, 6.043400000000000000e+04
8.410693906566141242e-02, 1.473900000000000000e+04
8.419679690654352511e-02, 3.133700000000000000e+04
8.428665474742565167e-02, 4.146900000000000000e+04
8.437651258830776435e-02, 4.324800000000000000e+04
8.446637042918987703e-02, 3.596000000000000000e+04
8.455622827007200359e-02, 2.151200000000000000e+04
8.464608611095411628e-02, 2.587000000000000000e+03
8.473594395183622896e-02, 4.846000000000000000e+04
8.482580179271834164e-02, 3.246700000000000000e+04
8.491565963360046820e-02, 2.313600000000000000e+04
8.500551747448258089e-02, 2.308800000000000000e+04
8.509537531536469357e-02, 3.177900000000000000e+04
8.518523315624682013e-02, 4.700800000000000000e+04
8.527509099712893281e-02, 4.870000000000000000e+02
8.536494883801104550e-02, 1.969900000000000000e+04
8.545480667889317206e-02, 3.492100000000000000e+04
8.554466451977528474e-02, 4.284000000000000000e+04
8.563452236065739742e-02, 4.217000000000000000e+04
8.572438020153951010e-02, 3.276700000000000000e+04
8.581423804242163667e-02, 1.675900000000000000e+04
8.590409588330374935e-02, 6.264500000000000000e+04
8.599395372418586203e-02, 4.352400000000000000e+04
8.608381156506798859e-02, 2.915600000000000000e+04
8.617366940595010127e-02, 2.224100000000000000e+04
8.626352724683221396e-02, 2.422000000000000000e+04
8.635338508771434052e-02, 3.494100000000000000e+04
8.644324292859645320e-02, 5.137000000000000000e+04
8.653310076947856588e-02, 5.225000000000000000e+03
8.662295861036067857e-02, 2.376800000000000000e+04
8.671281645124280513e-02, 3.777500000000000000e+04
8.680267429212491781e-02, 4.340700000000000000e+04
8.689253213300703049e-02, 4.006400000000000000e+04
8.698238997388915705e-02, 2.844000000000000000e+04
8.707224781477126974e-02, 1.119400000000000000e+04
8.716210565565338242e-02, 5.695700000000000000e+04
8.725196349653550898e-02, 3.904100000000000000e+04
8.734182133741762166e-02, 2.665100000000000000e+04
8.743167917829973435e-02, 2.246500000000000000e+04
8.752153701918186091e-02, 2.660200000000000000e+04
8.761139486006397359e-02, 3.895800000000000000e+04
8.770125270094608627e-02, 5.661800000000000000e+04
8.779111054182819895e-02, 1.084700000000000000e+04
8.788096838271032551e-02, 2.830400000000000000e+04
8.797082622359243820e-02, 4.011600000000000000e+04
8.806068406447455088e-02, 4.357900000000000000e+04
8.815054190535667744e-02, 3.806400000000000000e+04
8.824039974623879012e-02, 2.474800000000000000e+04
8.833025758712090281e-02, 6.529000000000000000e+03
8.842011542800302937e-02, 5.219500000000000000e+04
8.850997326888514205e-02, 3.520500000000000000e+04
8.859983110976725473e-02, 2.424300000000000000e+04
8.868968895064936742e-02, 2.237400000000000000e+04
8.877954679153149398e-02, 2.938500000000000000e+04
8.886940463241360666e-02, 4.363300000000000000e+04
8.895926247329571934e-02, 6.213200000000000000e+04
8.904912031417784590e-02, 1.617700000000000000e+04
8.913897815505995859e-02, 3.230100000000000000e+04
8.922883599594207127e-02, 4.143400000000000000e+04
8.931869383682419783e-02, 4.255500000000000000e+04
8.940855167770631051e-02, 3.495200000000000000e+04
8.949840951858842319e-02, 2.035300000000000000e+04
8.958826735947053588e-02, 1.083000000000000000e+03
8.967812520035266244e-02, 4.701900000000000000e+04
8.976798304123477512e-02, 3.150300000000000000e+04
8.985784088211688780e-02, 2.286200000000000000e+04
8.994769872299901436e-02, 2.317800000000000000e+04
9.003755656388112705e-02, 3.216700000000000000e+04
9.012741440476323973e-02, 4.771400000000000000e+04
9.021727224564536629e-02, 1.245000000000000000e+03
9.030713008652747897e-02, 2.044700000000000000e+04
9.039698792740959166e-02, 3.560900000000000000e+04
9.048684576829171822e-02, 4.298200000000000000e+04
9.057670360917383090e-02, 4.156900000000000000e+04
9.066656145005594358e-02, 3.133100000000000000e+04
9.075641929093805627e-02, 1.500700000000000000e+04
9.084627713182018283e-02, 6.093200000000000000e+04
9.093613497270229551e-02, 4.230100000000000000e+04
9.102599281358440819e-02, 2.852300000000000000e+04
9.111585065446653475e-02, 2.260900000000000000e+04
9.120570849534864744e-02, 2.507000000000000000e+04
9.129556633623076012e-02, 3.595000000000000000e+04
9.138542417711288668e-02, 5.275800000000000000e+04
9.147528201799499936e-02, 6.787000000000000000e+03
9.156513985887711204e-02, 2.510200000000000000e+04
9.165499769975922473e-02, 3.843000000000000000e+04
9.174485554064135129e-02, 4.351900000000000000e+04
9.183471338152346397e-02, 3.992600000000000000e+04
9.192457122240557665e-02, 2.783400000000000000e+04
9.201442906328770321e-02, 9.892000000000000000e+03
9.210428690416981590e-02, 5.569400000000000000e+04
9.219414474505192858e-02, 3.804200000000000000e+04
9.228400258593405514e-02, 2.577500000000000000e+04
9.237386042681616782e-02, 2.199500000000000000e+04
9.246371826769828051e-02, 2.679600000000000000e+04
9.255357610858040707e-02, 3.991800000000000000e+04
9.264343394946251975e-02, 5.802900000000000000e+04
9.273329179034463243e-02, 1.232500000000000000e+04
9.282314963122674512e-02, 2.935200000000000000e+04
9.291300747210887168e-02, 4.024800000000000000e+04
9.300286531299098436e-02, 4.299500000000000000e+04
9.309272315387309704e-02, 3.705000000000000000e+04
9.318258099475522360e-02, 2.371600000000000000e+04
9.327243883563733629e-02, 5.037000000000000000e+03
9.336229667651944897e-02, 5.068000000000000000e+04
9.345215451740157553e-02, 3.414400000000000000e+04
9.354201235828368821e-02, 2.380500000000000000e+04
9.363187019916580089e-02, 2.247700000000000000e+04
9.372172804004791358e-02, 2.967200000000000000e+04
9.381158588093004014e-02, 4.448700000000000000e+04
9.390144372181215282e-02, 6.342600000000000000e+04
9.399130156269426550e-02, 1.730300000000000000e+04
9.408115940357639206e-02, 3.322200000000000000e+04
9.417101724445850475e-02, 4.224900000000000000e+04
9.426087508534061743e-02, 4.274900000000000000e+04
9.435073292622274399e-02, 3.449400000000000000e+04
9.444059076710485667e-02, 1.912400000000000000e+04
9.453044860798696936e-02, 6.509100000000000000e+04
9.462030644886908204e-02, 4.572800000000000000e+04
9.471016428975120860e-02, 3.067200000000000000e+04
9.480002213063332128e-02, 2.254900000000000000e+04
9.488987997151543397e-02, 2.353000000000000000e+04
9.497973781239756053e-02, 3.327400000000000000e+04
9.506959565327967321e-02, 4.946000000000000000e+04
9.515945349416178589e-02, 3.050000000000000000e+03
9.524931133504391245e-02, 2.190200000000000000e+04
9.533916917592602513e-02, 3.644800000000000000e+04
9.542902701680813782e-02, 4.318800000000000000e+04
9.551888485769026438e-02, 4.144900000000000000e+04
9.560874269857237706e-02, 3.084500000000000000e+04
9.569860053945448974e-02, 1.378200000000000000e+04
9.578845838033660243e-02, 5.963600000000000000e+04
9.587831622121872899e-02, 4.124300000000000000e+04
9.596817406210084167e-02, 2.765300000000000000e+04
9.605803190298295435e-02, 2.200200000000000000e+04
9.614788974386508091e-02, 2.511900000000000000e+04
9.623774758474719360e-02, 3.681000000000000000e+04
9.632760542562930628e-02, 5.412800000000000000e+04
9.641746326651143284e-02, 8.339000000000000000e+03
9.650732110739354552e-02, 2.623900000000000000e+04
9.659717894827565821e-02, 3.902500000000000000e+04
9.668703678915777089e-02, 4.359600000000000000e+04
9.677689463003989745e-02, 3.929100000000000000e+04
9.686675247092201013e-02, 2.697800000000000000e+04
9.695661031180412281e-02, 9.005000000000000000e+03
9.704646815268624938e-02, 5.474600000000000000e+04
9.713632599356836206e-02, 3.763300000000000000e+04
9.722618383445047474e-02, 2.561800000000000000e+04
9.731604167533260130e-02, 2.219100000000000000e+04
9.740589951621471398e-02, 2.754600000000000000e+04
9.749575735709682667e-02, 4.113500000000000000e+04
9.758561519797893935e-02, 5.956100000000000000e+04
9.767547303886106591e-02, 1.363700000000000000e+04
9.776533087974317859e-02, 3.040300000000000000e+04
9.785518872062529128e-02, 4.110400000000000000e+04
9.794504656150741784e-02, 4.335500000000000000e+04
9.803490440238953052e-02, 3.675700000000000000e+04
9.812476224327164320e-02, 2.262800000000000000e+04
9.821462008415376976e-02, 3.778000000000000000e+03
9.830447792503588245e-02, 4.987300000000000000e+04
9.839433576591799513e-02, 3.357700000000000000e+04
9.848419360680012169e-02, 2.353100000000000000e+04
9.857405144768223437e-02, 2.275000000000000000e+04
9.866390928856434706e-02, 3.063000000000000000e+04
9.875376712944645974e-02, 4.590500000000000000e+04
9.884362497032858630e-02, 6.469200000000000000e+04
9.893348281121069898e-02, 1.854200000000000000e+04
9.902334065209281166e-02, 3.410700000000000000e+04
9.911319849297493823e-02, 4.251400000000000000e+04
9.920305633385705091e-02, 4.255000000000000000e+04
9.929291417473916359e-02, 3.359700000000000000e+04
9.938277201562129015e-02, 1.766200000000000000e+04
9.947262985650340283e-02, 6.361700000000000000e+04
9.956248769738551552e-02, 4.458000000000000000e+04
9.965234553826762820e-02, 2.983800000000000000e+04
9.974220337914975476e-02, 2.237600000000000000e+04
9.983206122003186744e-02, 2.387300000000000000e+04
9.992191906091398013e-02, 3.388100000000000000e+04
1.000117769017961067e-01, 5.029600000000000000e+04
1.001016347426782194e-01, 3.823000000000000000e+03
1.001914925835603321e-01, 2.244300000000000000e+04
1.002813504244424586e-01, 3.687900000000000000e+04
1.003712082653245713e-01, 4.328200000000000000e+04
1.004610661062066840e-01, 4.087500000000000000e+04
1.005509239470888105e-01, 2.998900000000000000e+04
1.006407817879709232e-01, 1.290500000000000000e+04
1.007306396288530359e-01, 5.863600000000000000e+04
1.008204974697351486e-01, 4.072500000000000000e+04
1.009103553106172751e-01, 2.745500000000000000e+04
1.010002131514993878e-01, 2.213000000000000000e+04
1.010900709923815005e-01, 2.571300000000000000e+04
1.011799288332636271e-01, 3.797900000000000000e+04
1.012697866741457398e-01, 5.570600000000000000e+04
1.013596445150278524e-01, 9.733000000000000000e+03
1.014495023559099790e-01, 2.730600000000000000e+04
1.015393601967920917e-01, 3.963500000000000000e+04
1.016292180376742044e-01, 4.356200000000000000e+04
1.017190758785563170e-01, 3.876500000000000000e+04
1.018089337194384436e-01, 2.588200000000000000e+04
1.018987915603205563e-01, 7.610000000000000000e+03
1.019886494012026690e-01, 5.366700000000000000e+04
1.020785072420847955e-01, 3.642600000000000000e+04
1.021683650829669082e-01, 2.485500000000000000e+04
1.022582229238490209e-01, 2.221700000000000000e+04
1.023480807647311475e-01, 2.827400000000000000e+04
1.024379386056132601e-01, 4.255500000000000000e+04
1.025277964464953728e-01, 6.085400000000000000e+04
1.026176542873774855e-01, 1.493000000000000000e+04
1.027075121282596121e-01, 3.140700000000000000e+04
1.027973699691417248e-01, 4.149100000000000000e+04
1.028872278100238374e-01, 4.325400000000000000e+04
1.029770856509059640e-01, 3.596100000000000000e+04
1.030669434917880767e-01, 2.132000000000000000e+04
1.031568013326701894e-01, 2.032000000000000000e+03
1.032466591735523159e-01, 4.811500000000000000e+04
1.033365170144344286e-01, 3.232200000000000000e+04
1.034263748553165413e-01, 2.308500000000000000e+04
1.035162326961986679e-01, 2.298200000000000000e+04
1.036060905370807805e-01, 3.121600000000000000e+04
1.036959483779628932e-01, 4.662600000000000000e+04
1.037858062188450059e-01, 6.549000000000000000e+04
1.038756640597271325e-01, 1.911500000000000000e+04
1.039655219006092451e-01, 3.460600000000000000e+04
1.040553797414913578e-01, 4.271500000000000000e+04
1.041452375823734844e-01, 4.214100000000000000e+04
1.042350954232555971e-01, 3.251800000000000000e+04
1.043249532641377098e-01, 1.620900000000000000e+04
1.044148111050198363e-01, 6.231700000000000000e+04
1.045046689459019490e-01, 4.340300000000000000e+04
1.045945267867840617e-01, 2.910000000000000000e+04
1.046843846276661744e-01, 2.221900000000000000e+04
1.047742424685483009e-01, 2.421200000000000000e+04
1.048641003094304136e-01, 3.493800000000000000e+04
1.049539581503125263e-01, 5.181800000000000000e+04
1.050438159911946528e-01, 5.719000000000000000e+03
1.051336738320767655e-01, 2.402000000000000000e+04
1.052235316729588782e-01, 3.787100000000000000e+04
1.053133895138410048e-01, 4.344000000000000000e+04
1.054032473547231175e-01, 4.044800000000000000e+04
1.054931051956052301e-01, 2.896600000000000000e+04
1.055829630364873428e-01, 1.147800000000000000e+04
1.056728208773694694e-01, 5.707700000000000000e+04
1.057626787182515821e-01, 3.906800000000000000e+04
1.058525365591336947e-01, 2.640300000000000000e+04
1.059423944000158213e-01, 2.191600000000000000e+04
1.060322522408979340e-01, 2.627600000000000000e+04
1.061221100817800467e-01, 3.883900000000000000e+04
1.062119679226621732e-01, 5.656200000000000000e+04
1.063018257635442859e-01, 1.070600000000000000e+04
1.063916836044263986e-01, 2.773700000000000000e+04
1.064815414453085252e-01, 3.974200000000000000e+04
1.065713992861906378e-01, 4.341900000000000000e+04
1.066612571270727505e-01, 3.800800000000000000e+04
1.067511149679548632e-01, 2.467600000000000000e+04
1.068409728088369898e-01, 5.969000000000000000e+03
1.069308306497191025e-01, 5.179700000000000000e+04
1.070206884906012151e-01, 3.502900000000000000e+04
1.071105463314833417e-01, 2.418000000000000000e+04
1.072004041723654544e-01, 2.235200000000000000e+04
1.072902620132475671e-01, 2.884400000000000000e+04
1.073801198541296936e-01, 4.319800000000000000e+04
1.074699776950118063e-01, 6.190200000000000000e+04
1.075598355358939190e-01, 1.610600000000000000e+04
1.076496933767760317e-01, 3.228700000000000000e+04
1.077395512176581582e-01, 4.191500000000000000e+04
1.078294090585402709e-01, 4.303200000000000000e+04
1.079192668994223836e-01, 3.508900000000000000e+04
1.080091247403045102e-01, 1.988400000000000000e+04
1.080989825811866228e-01, 7.340000000000000000e+02
1.081888404220687355e-01, 4.688500000000000000e+04
1.082786982629508621e-01, 3.144000000000000000e+04
1.083685561038329748e-01, 2.283500000000000000e+04
1.084584139447150875e-01, 2.316800000000000000e+04
1.085482717855972140e-01, 3.216400000000000000e+04
1.086381296264793267e-01, 4.804900000000000000e+04
1.087279874673614394e-01, 1.778000000000000000e+03
1.088178453082435521e-01, 2.074400000000000000e+04
1.089077031491256786e-01, 3.572700000000000000e+04
1.089975609900077913e-01, 4.302200000000000000e+04
1.090874188308899040e-01, 4.181800000000000000e+04
1.091772766717720305e-01, 3.188600000000000000e+04
1.092671345126541432e-01, 1.533800000000000000e+04
1.093569923535362559e-01, 6.108500000000000000e+04
1.094468501944183825e-01, 4.233900000000000000e+04
1.095367080353004952e-01, 2.842500000000000000e+04
1.096265658761826078e-01, 2.205000000000000000e+04
1.097164237170647205e-01, 2.469400000000000000e+04
1.098062815579468471e-01, 3.581000000000000000e+04
1.098961393988289598e-01, 5.269300000000000000e+04
1.099859972397110724e-01, 6.750000000000000000e+03
1.100758550805931990e-01, 2.455000000000000000e+04
1.101657129214753117e-01, 3.800400000000000000e+04
1.102555707623574244e-01, 4.332500000000000000e+04
1.103454286032395509e-01, 3.985500000000000000e+04
1.104352864441216636e-01, 2.781200000000000000e+04
1.105251442850037763e-01, 1.038200000000000000e+04
1.106150021258858890e-01, 5.615900000000000000e+04
1.107048599667680155e-01, 3.826800000000000000e+04
1.107947178076501282e-01, 2.586000000000000000e+04
1.108845756485322409e-01, 2.202300000000000000e+04
1.109744334894143675e-01, 2.680400000000000000e+04
1.110642913302964802e-01, 3.992100000000000000e+04
1.111541491711785928e-01, 5.800400000000000000e+04
1.112440070120607194e-01, 1.232300000000000000e+04
1.113338648529428321e-01, 2.936200000000000000e+04
1.114237226938249448e-01, 4.064000000000000000e+04
1.115135805347070713e-01, 4.351700000000000000e+04
1.116034383755891840e-01, 3.732600000000000000e+04
1.116932962164712967e-01, 2.328900000000000000e+04
1.117831540573534094e-01, 4.644000000000000000e+03
1.118730118982355359e-01, 5.052200000000000000e+04
1.119628697391176486e-01, 3.407000000000000000e+04
1.120527275799997613e-01, 2.377300000000000000e+04
1.121425854208818879e-01, 2.246500000000000000e+04
1.122324432617640005e-01, 2.966800000000000000e+04
1.123223011026461132e-01, 4.448500000000000000e+04
1.124121589435282398e-01, 6.342500000000000000e+04
1.125020167844103525e-01, 1.730300000000000000e+04
1.125918746252924652e-01, 3.322200000000000000e+04
1.126817324661745778e-01, 4.224900000000000000e+04
1.127715903070567044e-01, 4.274900000000000000e+04
1.128614481479388171e-01, 3.449400000000000000e+04
1.129513059888209298e-01, 1.912400000000000000e+04
1.130411638297030563e-01, 6.511700000000000000e+04
1.131310216705851690e-01, 4.572100000000000000e+04
1.132208795114672817e-01, 3.066300000000000000e+04
1.133107373523494082e-01, 2.254500000000000000e+04
1.134005951932315209e-01, 2.352800000000000000e+04
1.134904530341136336e-01, 3.324300000000000000e+04
1.135803108749957463e-01, 4.946300000000000000e+04
1.136701687158778729e-01, 3.060000000000000000e+03
1.137600265567599855e-01, 2.189200000000000000e+04
1.138498843976420982e-01, 3.646000000000000000e+04
1.139397422385242248e-01, 4.319700000000000000e+04
1.140296000794063375e-01, 4.145300000000000000e+04
1.141194579202884501e-01, 3.084700000000000000e+04
1.142093157611705767e-01, 1.419100000000000000e+04
1.142991736020526894e-01, 6.014700000000000000e+04
1.143890314429348021e-01, 4.151200000000000000e+04
1.144788892838169286e-01, 2.775800000000000000e+04
1.145687471246990413e-01, 2.203700000000000000e+04
1.146586049655811540e-01, 2.513000000000000000e+04
1.147484628064632667e-01, 3.681300000000000000e+04
1.148383206473453932e-01, 5.412900000000000000e+04
1.149281784882275059e-01, 8.330000000000000000e+03
1.150180363291096186e-01, 2.624900000000000000e+04
1.151078941699917452e-01, 3.903300000000000000e+04
1.151977520108738579e-01, 4.359900000000000000e+04
1.152876098517559705e-01, 3.929300000000000000e+04
1.153774676926380971e-01, 2.649900000000000000e+04
1.154673255335202098e-01, 8.526000000000000000e+03
1.155571833744023225e-01, 5.439100000000000000e+04
1.156470412152844351e-01, 3.698400000000000000e+04
1.157368990561665617e-01, 2.521800000000000000e+04
1.158267568970486744e-01, 2.202300000000000000e+04
1.159166147379307871e-01, 2.748700000000000000e+04
1.160064725788129136e-01, 4.111200000000000000e+04
1.160963304196950263e-01, 5.901600000000000000e+04
1.161861882605771390e-01, 1.320800000000000000e+04
1.162760461014592656e-01, 3.020700000000000000e+04
1.163659039423413782e-01, 4.103200000000000000e+04
1.164557617832234909e-01, 4.333200000000000000e+04
1.165456196241056175e-01, 3.624600000000000000e+04
1.166354774649877302e-01, 2.216400000000000000e+04
1.167253353058698429e-01, 3.356000000000000000e+03
1.168151931467519555e-01, 4.923500000000000000e+04
1.169050509876340821e-01, 3.320700000000000000e+04
1.169949088285161948e-01, 2.337900000000000000e+04
1.170847666693983075e-01, 2.269800000000000000e+04
1.171746245102804340e-01, 3.058800000000000000e+04
1.172644823511625467e-01, 4.589900000000000000e+04
1.173543401920446594e-01, 6.470100000000000000e+04
1.174441980329267859e-01, 1.852400000000000000e+04
1.175340558738088986e-01, 3.411700000000000000e+04
1.176239137146910113e-01, 4.252400000000000000e+04
1.177137715555731240e-01, 4.255500000000000000e+04
1.178036293964552506e-01, 3.359900000000000000e+04
1.178934872373373632e-01, 1.769100000000000000e+04
1.179833450782194759e-01, 6.361200000000000000e+04
1.180732029191016025e-01, 4.457000000000000000e+04
1.181630607599837152e-01, 2.983300000000000000e+04
1.182529186008658278e-01, 2.237400000000000000e+04
1.183427764417479544e-01, 2.402000000000000000e+04
1.184326342826300671e-01, 3.444000000000000000e+04
1.185224921235121798e-01, 5.065700000000000000e+04
1.186123499643942925e-01, 4.430000000000000000e+03
1.187022078052764190e-01, 2.299000000000000000e+04
1.187920656461585317e-01, 3.714500000000000000e+04
1.188819234870406444e-01, 4.338200000000000000e+04
1.189717813279227709e-01, 4.090800000000000000e+04
1.190616391688048836e-01, 2.994800000000000000e+04
1.191514970096869963e-01, 1.292200000000000000e+04
1.192413548505691229e-01, 5.864600000000000000e+04
1.193312126914512356e-01, 4.019200000000000000e+04
1.194210705323333482e-01, 2.703700000000000000e+04
1.195109283732154748e-01, 2.216700000000000000e+04
1.196007862140975875e-01, 2.619500000000000000e+04
1.196906440549797002e-01, 3.828900000000000000e+04
1.197805018958618128e-01, 5.535400000000000000e+04
1.198703597367439394e-01, 9.302000000000000000e+03
1.199602175776260521e-01, 2.708500000000000000e+04
1.200500754185081648e-01, 3.955000000000000000e+04
1.201399332593902913e-01, 4.353400000000000000e+04
1.202297911002724040e-01, 3.833700000000000000e+04
1.203196489411545167e-01, 2.537200000000000000e+04
1.204095067820366433e-01, 7.285000000000000000e+03
1.204993646229187559e-01, 5.300900000000000000e+04
1.205892224638008686e-01, 3.599800000000000000e+04
1.206790803046829813e-01, 2.467100000000000000e+04
1.207689381455651079e-01, 2.215200000000000000e+04
1.208587959864472205e-01, 2.825100000000000000e+04
1.209486538273293332e-01, 4.202200000000000000e+04
1.210385116682114598e-01, 6.041200000000000000e+04
1.211283695090935725e-01, 1.469500000000000000e+04
1.212182273499756852e-01, 3.133500000000000000e+04
1.213080851908578117e-01, 4.147700000000000000e+04
1.213979430317399244e-01, 4.278100000000000000e+04
1.214878008726220371e-01, 3.547800000000000000e+04
1.215776587135041636e-01, 2.110800000000000000e+04
1.216675165543862763e-01, 1.940000000000000000e+03
1.217573743952683890e-01, 4.807400000000000000e+04
1.218472322361505017e-01, 3.230700000000000000e+04
1.219370900770326283e-01, 2.308000000000000000e+04
1.220269479179147409e-01, 2.300400000000000000e+04
1.221168057587968536e-01, 3.176400000000000000e+04
1.222066635996789802e-01, 4.703800000000000000e+04
1.222965214405610929e-01, 4.810000000000000000e+02
1.223863792814432055e-01, 1.971400000000000000e+04
1.224762371223253321e-01, 3.492200000000000000e+04
1.225660949632074448e-01, 4.283900000000000000e+04
1.226559528040895575e-01, 4.218200000000000000e+04
1.227458106449716702e-01, 3.271500000000000000e+04
1.228356684858537967e-01, 1.676900000000000000e+04
1.229255263267359094e-01, 6.266600000000000000e+04
1.230153841676180221e-01, 4.354900000000000000e+04
1.231052420085001486e-01, 2.915100000000000000e+04
1.231950998493822613e-01, 2.231900000000000000e+04
1.232849576902643740e-01, 2.477400000000000000e+04
1.233748155311465006e-01, 3.532300000000000000e+04
1.234646733720286133e-01, 5.160000000000000000e+04
1.235545312129107259e-01, 5.260000000000000000e+03
1.236443890537928386e-01, 2.376100000000000000e+04
1.237342468946749652e-01, 3.776700000000000000e+04
1.238241047355570779e-01, 4.340400000000000000e+04
1.239139625764391905e-01, 4.014200000000000000e+04
1.240038204173213171e-01, 2.842100000000000000e+04
1.240936782582034298e-01, 1.116600000000000000e+04
1.241835360990855425e-01, 5.745200000000000000e+04
1.242733939399676690e-01, 3.949000000000000000e+04
1.243632517808497817e-01, 2.661500000000000000e+04
1.244531096217318944e-01, 2.199600000000000000e+04
1.245429674626140210e-01, 2.630300000000000000e+04
1.246328253034961336e-01, 3.886500000000000000e+04
1.247226831443782463e-01, 5.655600000000000000e+04
1.248125409852603590e-01, 1.078900000000000000e+04
1.249023988261424856e-01, 2.829100000000000000e+04
1.249922566670245982e-01, 4.012200000000000000e+04
1.250821145079067109e-01, 4.321700000000000000e+04
1.251719723487888236e-01, 3.754200000000000000e+04
1.252618301896709363e-01, 2.442100000000000000e+04
1.253516880305530767e-01, 5.868000000000000000e+03
1.254415458714351894e-01, 5.175100000000000000e+04
1.255314037123173021e-01, 3.501000000000000000e+04
1.256212615531994148e-01, 2.417400000000000000e+04
1.257111193940815275e-01, 2.235000000000000000e+04
1.258009772349636402e-01, 2.885700000000000000e+04
1.258908350758457806e-01, 4.318900000000000000e+04
1.259806929167278933e-01, 6.175400000000000000e+04
1.260705507576100060e-01, 1.554400000000000000e+04
1.261604085984921186e-01, 3.192300000000000000e+04
1.262502664393742313e-01, 4.176000000000000000e+04
1.263401242802563440e-01, 4.297700000000000000e+04
1.264299821211384567e-01, 3.512000000000000000e+04
1.265198399620205971e-01, 2.043300000000000000e+04
1.266096978029027098e-01, 1.132000000000000000e+03
1.266995556437848225e-01, 4.706200000000000000e+04
1.267894134846669352e-01, 3.150300000000000000e+04
1.268792713255490479e-01, 2.285600000000000000e+04
1.269691291664311605e-01, 2.318300000000000000e+04
1.270589870073133010e-01, 3.215500000000000000e+04
1.271488448481954137e-01, 4.779000000000000000e+04
1.272387026890775263e-01, 1.226000000000000000e+03
1.273285605299596390e-01, 2.041700000000000000e+04
1.274184183708417517e-01, 3.559300000000000000e+04
1.275082762117238644e-01, 4.297600000000000000e+04
1.275981340526059771e-01, 4.177500000000000000e+04
1.276879918934881175e-01, 3.188200000000000000e+04
1.277778497343702302e-01, 1.534800000000000000e+04
1.278677075752523429e-01, 6.150500000000000000e+04
1.279575654161344556e-01, 4.285100000000000000e+04
1.280474232570165682e-01, 2.869300000000000000e+04
1.281372810978986809e-01, 2.215500000000000000e+04
1.282271389387807936e-01, 2.472900000000000000e+04
1.283169967796629340e-01, 3.614800000000000000e+04
1.284068546205450467e-01, 5.323000000000000000e+04
1.284967124614271594e-01, 7.051000000000000000e+03
1.285865703023092721e-01, 2.520500000000000000e+04
1.286764281431913848e-01, 3.847800000000000000e+04
1.287662859840734975e-01, 4.350700000000000000e+04
1.288561438249556379e-01, 3.993500000000000000e+04
1.289460016658377506e-01, 2.784600000000000000e+04
1.290358595067198633e-01, 1.037900000000000000e+04
1.291257173476019759e-01, 5.617300000000000000e+04
1.292155751884840886e-01, 3.827800000000000000e+04
1.293054330293662013e-01, 2.586400000000000000e+04
1.293952908702483140e-01, 2.202500000000000000e+04
1.294851487111304544e-01, 2.682600000000000000e+04
1.295750065520125671e-01, 3.991300000000000000e+04
1.296648643928946798e-01, 5.798300000000000000e+04
1.297547222337767925e-01, 1.231200000000000000e+04
1.298445800746589052e-01, 2.937100000000000000e+04
1.299344379155410178e-01, 4.064600000000000000e+04
1.300242957564231583e-01, 4.352000000000000000e+04
1.301141535973052710e-01, 3.732700000000000000e+04
1.302040114381873837e-01, 2.380800000000000000e+04
1.302938692790694963e-01, 5.094000000000000000e+03
1.303837271199516090e-01, 5.073500000000000000e+04
1.304735849608337217e-01, 3.414900000000000000e+04
1.305634428017158344e-01, 2.379900000000000000e+04
1.306533006425979748e-01, 2.249000000000000000e+04
1.307431584834800875e-01, 2.966100000000000000e+04
1.308330163243622002e-01, 4.437300000000000000e+04
1.309228741652443129e-01, 6.286300000000000000e+04
1.310127320061264256e-01, 1.692600000000000000e+04
1.311025898470085382e-01, 3.305900000000000000e+04
1.311924476878906509e-01, 4.219100000000000000e+04
1.312823055287727914e-01, 4.271600000000000000e+04
1.313721633696549040e-01, 3.448200000000000000e+04
1.314620212105370167e-01, 1.913300000000000000e+04
1.315518790514191294e-01, 6.541100000000000000e+04
1.316417368923012421e-01, 4.626700000000000000e+04
1.317315947331833548e-01, 3.097700000000000000e+04
1.318214525740654952e-01, 2.267200000000000000e+04
1.319113104149476079e-01, 2.357200000000000000e+04
1.320011682558297206e-01, 3.322700000000000000e+04
1.320910260967118333e-01, 4.946900000000000000e+04
1.321808839375939459e-01, 3.071000000000000000e+03
1.322707417784760586e-01, 2.189800000000000000e+04
1.323605996193581713e-01, 3.646200000000000000e+04
1.324504574602403117e-01, 4.317200000000000000e+04
1.325403153011224244e-01, 4.145200000000000000e+04
1.326301731420045371e-01, 3.085700000000000000e+04
1.327200309828866498e-01, 1.417300000000000000e+04
1.328098888237687625e-01, 6.015700000000000000e+04
1.328997466646508752e-01, 4.152200000000000000e+04
1.329896045055330156e-01, 2.776300000000000000e+04
1.330794623464151283e-01, 2.203900000000000000e+04
1.331693201872972410e-01, 2.515900000000000000e+04
1.332591780281793536e-01, 3.680800000000000000e+04
1.333490358690614663e-01, 5.411900000000000000e+04
1.334388937099435790e-01, 8.311000000000000000e+03
1.335287515508256917e-01, 2.625600000000000000e+04
1.336186093917078321e-01, 3.904000000000000000e+04
1.337084672325899448e-01, 4.360200000000000000e+04
1.337983250734720575e-01, 3.929400000000000000e+04
1.338881829143541702e-01, 2.694400000000000000e+04
1.339780407552362829e-01, 9.023000000000000000e+03
1.340678985961183955e-01, 5.464500000000000000e+04
1.341577564370005082e-01, 3.708200000000000000e+04
1.342476142778826487e-01, 2.525000000000000000e+04
1.343374721187647614e-01, 2.205800000000000000e+04
1.344273299596468740e-01, 2.748300000000000000e+04
1.345171878005289867e-01, 4.110400000000000000e+04
1.346070456414110994e-01, 5.953300000000000000e+04
1.346969034822932121e-01, 1.365400000000000000e+04
1.347867613231753525e-01, 3.041700000000000000e+04
1.348766191640574652e-01, 4.111000000000000000e+04
1.349664770049395779e-01, 4.335700000000000000e+04
1.350563348458216906e-01, 3.674400000000000000e+04
1.351461926867038033e-01, 2.263800000000000000e+04
1.352360505275859159e-01, 3.615000000000000000e+03
1.353259083684680286e-01, 4.932100000000000000e+04
1.354157662093501691e-01, 3.322500000000000000e+04
1.355056240502322817e-01, 2.338200000000000000e+04
1.355954818911143944e-01, 2.269800000000000000e+04
1.356853397319965071e-01, 3.056800000000000000e+04
1.357751975728786198e-01, 4.589500000000000000e+04
1.358650554137607325e-01, 6.471100000000000000e+04
1.359549132546428729e-01, 1.853100000000000000e+04
1.360447710955249856e-01, 3.411900000000000000e+04
1.361346289364070983e-01, 4.252400000000000000e+04
1.362244867772892110e-01, 4.254600000000000000e+04
1.363143446181713236e-01, 3.360900000000000000e+04
1.364042024590534363e-01, 1.772900000000000000e+04
1.364940602999355490e-01, 6.361200000000000000e+04
1.365839181408176894e-01, 4.456100000000000000e+04
1.366737759816998021e-01, 3.029000000000000000e+04
1.367636338225819148e-01, 2.286000000000000000e+04
1.368534916634640275e-01, 2.414600000000000000e+04
1.369433495043461402e-01, 3.397400000000000000e+04
1.370332073452282529e-01, 5.031700000000000000e+04
1.371230651861103655e-01, 4.257000000000000000e+03
1.372129230269925060e-01, 2.294400000000000000e+04
1.373027808678746187e-01, 3.713700000000000000e+04
1.373926387087567313e-01, 4.338100000000000000e+04
1.374824965496388440e-01, 4.090800000000000000e+04
1.375723543905209567e-01, 2.967500000000000000e+04
1.376622122314030694e-01, 1.237600000000000000e+04
1.377520700722852098e-01, 5.832700000000000000e+04
1.378419279131673225e-01, 4.006200000000000000e+04
1.379317857540494352e-01, 2.699200000000000000e+04
1.380216435949315479e-01, 2.195400000000000000e+04
1.381115014358136606e-01, 2.563600000000000000e+04
1.382013592766957732e-01, 3.794500000000000000e+04
1.382912171175778859e-01, 5.566000000000000000e+04
1.383810749584600264e-01, 9.747000000000000000e+03
1.384709327993421391e-01, 2.732100000000000000e+04
1.385607906402242517e-01, 3.964200000000000000e+04
1.386506484811063644e-01, 4.356500000000000000e+04
1.387405063219884771e-01, 3.874400000000000000e+04
1.388303641628705898e-01, 2.589000000000000000e+04
1.389202220037527302e-01, 7.572000000000000000e+03
1.390100798446348429e-01, 5.312200000000000000e+04
1.390999376855169556e-01, 3.602400000000000000e+04
1.391897955263990683e-01, 2.467500000000000000e+04
1.392796533672811810e-01, 2.215200000000000000e+04
1.393695112081632936e-01, 2.825000000000000000e+04
1.394593690490454063e-01, 4.203500000000000000e+04
1.395492268899275468e-01, 6.040300000000000000e+04
1.396390847308096594e-01, 1.468700000000000000e+04
1.397289425716917721e-01, 3.133200000000000000e+04
1.398188004125738848e-01, 4.147500000000000000e+04
1.399086582534559975e-01, 4.323500000000000000e+04
1.399985160943381102e-01, 3.597000000000000000e+04
1.400883739352202506e-01, 2.138100000000000000e+04
1.401782317761023633e-01, 2.038000000000000000e+03
1.402680896169844760e-01, 4.809600000000000000e+04
1.403579474578665887e-01, 3.233600000000000000e+04
1.404478052987487013e-01, 2.307400000000000000e+04
1.405376631396308140e-01, 2.298500000000000000e+04
1.406275209805129267e-01, 3.174300000000000000e+04
1.407173788213950671e-01, 4.705600000000000000e+04
1.408072366622771798e-01, 4.670000000000000000e+02
1.408970945031592925e-01, 1.972500000000000000e+04
1.409869523440414052e-01, 3.493400000000000000e+04
1.410768101849235179e-01, 4.284500000000000000e+04
1.411666680258056306e-01, 4.218500000000000000e+04
1.412565258666877432e-01, 3.259000000000000000e+04
1.413463837075698837e-01, 1.621000000000000000e+04
1.414362415484519964e-01, 6.229700000000000000e+04
1.415260993893341090e-01, 4.339100000000000000e+04
1.416159572302162217e-01, 2.909500000000000000e+04
1.417058150710983344e-01, 2.224200000000000000e+04
1.417956729119804471e-01, 2.421400000000000000e+04
1.418855307528625875e-01, 3.492800000000000000e+04
1.419753885937447002e-01, 5.176200000000000000e+04
1.420652464346268129e-01, 5.731000000000000000e+03
1.421551042755089256e-01, 2.403800000000000000e+04
1.422449621163910383e-01, 3.736100000000000000e+04
1.423348199572731509e-01, 4.299300000000000000e+04
1.424246777981552636e-01, 4.000000000000000000e+04
1.425145356390374041e-01, 2.833800000000000000e+04
1.426043934799195168e-01, 1.112100000000000000e+04
1.426942513208016294e-01, 5.694700000000000000e+04
1.427841091616837421e-01, 3.900900000000000000e+04
1.428739670025658548e-01, 2.638000000000000000e+04
1.429638248434479675e-01, 2.190800000000000000e+04
1.430536826843301079e-01, 2.627300000000000000e+04
1.431435405252122206e-01, 3.887800000000000000e+04
1.432333983660943333e-01, 5.654500000000000000e+04
1.433232562069764460e-01, 1.077900000000000000e+04
1.434131140478585587e-01, 2.828700000000000000e+04
1.435029718887406713e-01, 4.012000000000000000e+04
1.435928297296227840e-01, 4.355800000000000000e+04
1.436826875705049245e-01, 3.807300000000000000e+04
1.437725454113870371e-01, 2.471600000000000000e+04
1.438624032522691498e-01, 5.995000000000000000e+03
1.439522610931512625e-01, 5.178000000000000000e+04
1.440421189340333752e-01, 3.504500000000000000e+04
1.441319767749154879e-01, 2.417100000000000000e+04
1.442218346157976006e-01, 2.234000000000000000e+04
1.443116924566797410e-01, 2.931000000000000000e+04
1.444015502975618537e-01, 4.367700000000000000e+04
1.444914081384439664e-01, 6.211100000000000000e+04
1.445812659793260790e-01, 1.619700000000000000e+04
1.446711238202081917e-01, 3.232700000000000000e+04
1.447609816610903044e-01, 4.193000000000000000e+04
1.448508395019724448e-01, 4.303700000000000000e+04
1.449406973428545575e-01, 3.512600000000000000e+04
1.450305551837366702e-01, 1.989400000000000000e+04
1.451204130246187829e-01, 7.130000000000000000e+02
1.452102708655008956e-01, 4.687100000000000000e+04
1.453001287063830083e-01, 3.143400000000000000e+04
1.453899865472651209e-01, 2.283400000000000000e+04
1.454798443881472614e-01, 2.317700000000000000e+04
1.455697022290293741e-01, 3.215300000000000000e+04
1.456595600699114867e-01, 4.798200000000000000e+04
1.457494179107935994e-01, 1.782000000000000000e+03
1.458392757516757121e-01, 2.076200000000000000e+04
1.459291335925578248e-01, 3.529400000000000000e+04
1.460189914334399652e-01, 4.252900000000000000e+04
1.461088492743220779e-01, 4.147200000000000000e+04
1.461987071152041906e-01, 3.123300000000000000e+04
1.462885649560863033e-01, 1.492500000000000000e+04
1.463784227969684160e-01, 6.093200000000000000e+04
1.464682806378505286e-01, 4.226900000000000000e+04
1.465581384787326413e-01, 2.839700000000000000e+04
1.466479963196147818e-01, 2.204000000000000000e+04
1.467378541604968945e-01, 2.469100000000000000e+04
1.468277120013790071e-01, 3.586400000000000000e+04
1.469175698422611198e-01, 5.268100000000000000e+04
1.470074276831432325e-01, 6.732000000000000000e+03
1.470972855240253452e-01, 2.458500000000000000e+04
1.471871433649074579e-01, 3.796100000000000000e+04
1.472770012057895983e-01, 4.326300000000000000e+04
1.473668590466717110e-01, 3.984400000000000000e+04
1.474567168875538237e-01, 2.781700000000000000e+04
1.475465747284359364e-01, 9.921000000000000000e+03
1.476364325693180490e-01, 5.567500000000000000e+04
1.477262904102001617e-01, 3.804900000000000000e+04
1.478161482510823022e-01, 2.577000000000000000e+04
1.479060060919644148e-01, 2.198200000000000000e+04
1.479958639328465275e-01, 2.715900000000000000e+04
1.480857217737286402e-01, 4.043700000000000000e+04
1.481755796146107529e-01, 5.827300000000000000e+04
1.482654374554928656e-01, 1.242800000000000000e+04
1.483552952963749783e-01, 2.941000000000000000e+04
1.484451531372571187e-01, 4.043600000000000000e+04
1.485350109781392314e-01, 4.297100000000000000e+04
1.486248688190213441e-01, 3.699200000000000000e+04
1.487147266599034567e-01, 2.365400000000000000e+04
1.488045845007855694e-01, 5.055000000000000000e+03
1.488944423416676821e-01, 5.084600000000000000e+04
1.489843001825498225e-01, 3.470700000000000000e+04
1.490741580234319352e-01, 2.417000000000000000e+04
1.491640158643140479e-01, 2.265000000000000000e+04
1.492538737051961606e-01, 2.971800000000000000e+04
1.493437315460782733e-01, 4.444500000000000000e+04
1.494335893869603860e-01, 6.342300000000000000e+04
1.495234472278424986e-01, 1.732400000000000000e+04
1.496133050687246391e-01, 3.320700000000000000e+04
1.497031629096067518e-01, 4.226000000000000000e+04
1.497930207504888644e-01, 4.274600000000000000e+04
1.498828785913709771e-01, 3.448300000000000000e+04
1.499727364322530898e-01, 1.914600000000000000e+04
1.500625942731352025e-01, 6.516100000000000000e+04
1.501524521140173152e-01, 4.572300000000000000e+04
1.502423099548994556e-01, 3.065500000000000000e+04
1.503321677957815683e-01, 2.254000000000000000e+04
1.504220256366636810e-01, 2.352700000000000000e+04
1.505118834775457937e-01, 3.308800000000000000e+04
1.506017413184279063e-01, 4.890600000000000000e+04
1.506915991593100190e-01, 2.702000000000000000e+03
1.507814570001921595e-01, 2.134300000000000000e+04
1.508713148410742722e-01, 3.589100000000000000e+04
1.509611726819563848e-01, 4.288100000000000000e+04
1.510510305228384975e-01, 4.133900000000000000e+04
1.511408883637206102e-01, 3.082000000000000000e+04
1.512307462046027229e-01, 1.410600000000000000e+04
1.513206040454848356e-01, 6.016500000000000000e+04
1.514104618863669760e-01, 4.154000000000000000e+04
1.515003197272490887e-01, 2.778300000000000000e+04
1.515901775681312014e-01, 2.203200000000000000e+04
1.516800354090133141e-01, 2.518300000000000000e+04
1.517698932498954267e-01, 3.680300000000000000e+04
1.518597510907775394e-01, 5.410800000000000000e+04
1.519496089316596799e-01, 8.305000000000000000e+03
1.520394667725417925e-01, 2.625400000000000000e+04
1.521293246134239052e-01, 3.896100000000000000e+04
1.522191824543060179e-01, 4.304500000000000000e+04
1.523090402951881306e-01, 3.890700000000000000e+04
1.523988981360702433e-01, 2.675100000000000000e+04
1.524887559769523560e-01, 8.970000000000000000e+03
1.525786138178344964e-01, 5.464400000000000000e+04
1.526684716587166091e-01, 3.762300000000000000e+04
1.527583294995987218e-01, 2.567300000000000000e+04
1.528481873404808344e-01, 2.225100000000000000e+04
1.529380451813629471e-01, 2.755300000000000000e+04
1.530279030222450598e-01, 4.112600000000000000e+04
1.531177608631271725e-01, 5.904200000000000000e+04
1.532076187040093129e-01, 1.318800000000000000e+04
1.532974765448914256e-01, 3.016100000000000000e+04
1.533873343857735383e-01, 4.102700000000000000e+04
1.534771922266556510e-01, 4.333900000000000000e+04
1.535670500675377637e-01, 3.672300000000000000e+04
1.536569079084198763e-01, 2.264700000000000000e+04
1.537467657493020168e-01, 3.624000000000000000e+03
1.538366235901841295e-01, 4.932600000000000000e+04
1.539264814310662421e-01, 3.322600000000000000e+04
1.540163392719483548e-01, 2.338200000000000000e+04
1.541061971128304675e-01, 2.269800000000000000e+04
1.541960549537125802e-01, 3.055500000000000000e+04
1.542859127945946929e-01, 4.535100000000000000e+04
1.543757706354768333e-01, 6.429100000000000000e+04
1.544656284763589460e-01, 1.807400000000000000e+04
1.545554863172410587e-01, 3.350300000000000000e+04
1.546453441581231714e-01, 4.218200000000000000e+04
1.547352019990052840e-01, 4.240800000000000000e+04
1.548250598398873967e-01, 3.356200000000000000e+04
1.549149176807695372e-01, 1.784700000000000000e+04
1.550047755216516498e-01, 6.416700000000000000e+04
1.550946333625337625e-01, 4.492600000000000000e+04
1.551844912034158752e-01, 3.000200000000000000e+04
1.552743490442979879e-01, 2.241800000000000000e+04
1.553642068851801006e-01, 2.393200000000000000e+04
1.554540647260622133e-01, 3.388500000000000000e+04
1.555439225669443537e-01, 5.027600000000000000e+04
1.556337804078264664e-01, 4.241000000000000000e+03
1.557236382487085791e-01, 2.293900000000000000e+04
1.558134960895906918e-01, 3.713500000000000000e+04
1.559033539304728044e-01, 4.337100000000000000e+04
1.559932117713549171e-01, 4.091800000000000000e+04
1.560830696122370576e-01, 2.971200000000000000e+04
1.561729274531191702e-01, 1.237600000000000000e+04
1.562627852940012829e-01, 5.831900000000000000e+04
1.563526431348833956e-01, 4.007300000000000000e+04
1.564425009757655083e-01, 2.698100000000000000e+04
1.565323588166476210e-01, 2.194500000000000000e+04
1.566222166575297337e-01, 2.563200000000000000e+04
1.567120744984118741e-01, 3.794400000000000000e+04
1.568019323392939868e-01, 5.525100000000000000e+04
1.568917901801760995e-01, 9.235000000000000000e+03
1.569816480210582121e-01, 2.703200000000000000e+04
1.570715058619403248e-01, 3.953300000000000000e+04
1.571613637028224375e-01, 4.354000000000000000e+04
1.572512215437045502e-01, 3.871400000000000000e+04
1.573410793845866906e-01, 2.589600000000000000e+04
1.574309372254688033e-01, 7.581000000000000000e+03
1.575207950663509160e-01, 5.364100000000000000e+04
1.576106529072330287e-01, 3.648100000000000000e+04
1.577005107481151414e-01, 2.508400000000000000e+04
1.577903685889972540e-01, 2.278800000000000000e+04
1.578802264298793945e-01, 2.862200000000000000e+04
1.579700842707615072e-01, 4.265000000000000000e+04
1.580599421116436198e-01, 6.094400000000000000e+04
1.581497999525257325e-01, 1.492100000000000000e+04
1.582396577934078452e-01, 3.142900000000000000e+04
1.583295156342899579e-01, 4.151800000000000000e+04
1.584193734751720706e-01, 4.325100000000000000e+04
1.585092313160542110e-01, 3.597600000000000000e+04
1.585990891569363237e-01, 2.139400000000000000e+04
1.586889469978184364e-01, 2.046000000000000000e+03
1.587788048387005491e-01, 4.808600000000000000e+04
1.588686626795826617e-01, 3.232900000000000000e+04
1.589585205204647744e-01, 2.307100000000000000e+04
1.590483783613469149e-01, 2.298300000000000000e+04
1.591382362022290275e-01, 3.122700000000000000e+04
1.592280940431111402e-01, 4.660300000000000000e+04
1.593179518839932529e-01, 8.200000000000000000e+01
1.594078097248753656e-01, 1.908800000000000000e+04
1.594976675657574783e-01, 3.455500000000000000e+04
1.595875254066395910e-01, 4.267000000000000000e+04
1.596773832475217314e-01, 4.213900000000000000e+04
1.597672410884038441e-01, 3.260800000000000000e+04
1.598570989292859568e-01, 1.621100000000000000e+04
1.599469567701680695e-01, 6.228700000000000000e+04
1.600368146110501821e-01, 4.340900000000000000e+04
1.601266724519322948e-01, 2.908500000000000000e+04
1.602165302928144075e-01, 2.223200000000000000e+04
1.603063881336965479e-01, 2.420900000000000000e+04
1.603962459745786606e-01, 3.492600000000000000e+04
1.604861038154607733e-01, 5.173200000000000000e+04
1.605759616563428860e-01, 5.735000000000000000e+03
1.606658194972249987e-01, 2.404700000000000000e+04
1.607556773381071114e-01, 3.787400000000000000e+04
1.608455351789892518e-01, 4.345500000000000000e+04
1.609353930198713645e-01, 4.039900000000000000e+04
1.610252508607534772e-01, 2.897700000000000000e+04
1.611151087016355898e-01, 1.149900000000000000e+04
1.612049665425177025e-01, 5.753700000000000000e+04
1.612948243833998152e-01, 3.956500000000000000e+04
1.613846822242819279e-01, 2.667600000000000000e+04
1.614745400651640683e-01, 2.201600000000000000e+04
1.615643979060461810e-01, 2.629800000000000000e+04
1.616542557469282937e-01, 3.923700000000000000e+04
1.617441135878104064e-01, 5.707300000000000000e+04
1.618339714286925191e-01, 1.106000000000000000e+04
1.619238292695746317e-01, 2.839400000000000000e+04
1.620136871104567722e-01, 4.016900000000000000e+04
1.621035449513388849e-01, 4.334800000000000000e+04
1.621934027922209975e-01, 3.752800000000000000e+04
1.622832606331031102e-01, 2.438500000000000000e+04
1.623731184739852229e-01, 5.873000000000000000e+03
1.624629763148673356e-01, 5.172300000000000000e+04
1.625528341557494483e-01, 3.502200000000000000e+04
1.626426919966315887e-01, 2.416300000000000000e+04
1.627325498375137014e-01, 2.233800000000000000e+04
1.628224076783958141e-01, 2.886900000000000000e+04
1.629122655192779268e-01, 4.317700000000000000e+04
1.630021233601600394e-01, 6.181800000000000000e+04
1.630919812010421521e-01, 1.554700000000000000e+04
1.631818390419242648e-01, 3.189000000000000000e+04
1.632716968828064052e-01, 4.171400000000000000e+04
1.633615547236885179e-01, 4.297600000000000000e+04
1.634514125645706306e-01, 3.511700000000000000e+04
1.635412704054527433e-01, 2.041900000000000000e+04
1.636311282463348560e-01, 1.154000000000000000e+03
1.637209860872169687e-01, 4.710700000000000000e+04
1.638108439280991091e-01, 3.150600000000000000e+04
1.639007017689812218e-01, 2.284800000000000000e+04
1.639905596098633345e-01, 2.365000000000000000e+04
1.640804174507454471e-01, 3.263700000000000000e+04
1.641702752916275598e-01, 4.819400000000000000e+04
1.642601331325096725e-01, 1.873000000000000000e+03
1.643499909733917852e-01, 2.080300000000000000e+04
1.644398488142739256e-01, 3.573300000000000000e+04
1.645297066551560383e-01, 4.304000000000000000e+04
1.646195644960381510e-01, 4.177800000000000000e+04
1.647094223369202637e-01, 3.188800000000000000e+04
1.647992801778023764e-01, 1.536100000000000000e+04
1.648891380186844891e-01, 6.143700000000000000e+04
1.649789958595666295e-01, 4.287400000000000000e+04
1.650688537004487422e-01, 2.872200000000000000e+04
1.651587115413308549e-01, 2.269000000000000000e+04
1.652485693822129675e-01, 2.518200000000000000e+04
1.653384272230950802e-01, 3.630200000000000000e+04
1.654282850639771929e-01, 5.331700000000000000e+04
1.655181429048593056e-01, 7.096000000000000000e+03
1.656080007457414460e-01, 2.520800000000000000e+04
1.656978585866235587e-01, 3.849300000000000000e+04
1.657877164275056714e-01, 4.343300000000000000e+04
1.658775742683877841e-01, 3.938200000000000000e+04
1.659674321092698968e-01, 2.746400000000000000e+04
1.660572899501520094e-01, 9.786000000000000000e+03
1.661471477910341221e-01, 5.561100000000000000e+04
1.662370056319162626e-01, 3.802200000000000000e+04
1.663268634727983752e-01, 2.576000000000000000e+04
1.664167213136804879e-01, 2.197900000000000000e+04
1.665065791545626006e-01, 2.683600000000000000e+04
1.665964369954447133e-01, 3.990100000000000000e+04
1.666862948363268260e-01, 5.797200000000000000e+04
1.667761526772089664e-01, 1.229400000000000000e+04
1.668660105180910791e-01, 2.937900000000000000e+04
1.669558683589731918e-01, 4.062300000000000000e+04
1.670457261998553045e-01, 4.352600000000000000e+04
1.671355840407374171e-01, 3.733800000000000000e+04
1.672254418816195298e-01, 2.378100000000000000e+04
1.673152997225016425e-01, 5.114000000000000000e+03
1.674051575633837829e-01, 5.078000000000000000e+04
1.674950154042658956e-01, 3.415700000000000000e+04
1.675848732451480083e-01, 2.379100000000000000e+04
1.676747310860301210e-01, 2.285200000000000000e+04
1.677645889269122337e-01, 3.018400000000000000e+04
1.678544467677943464e-01, 4.470000000000000000e+04
1.679443046086764868e-01, 6.352400000000000000e+04
1.680341624495585995e-01, 1.737000000000000000e+04
1.681240202904407122e-01, 3.322500000000000000e+04
1.682138781313228248e-01, 4.226600000000000000e+04
1.683037359722049375e-01, 4.274800000000000000e+04
1.683935938130870502e-01, 3.399300000000000000e+04
1.684834516539691629e-01, 1.867400000000000000e+04
1.685733094948513033e-01, 6.496000000000000000e+04
1.686631673357334160e-01, 4.563500000000000000e+04
1.687530251766155287e-01, 3.061600000000000000e+04
1.688428830174976414e-01, 2.254500000000000000e+04
1.689327408583797541e-01, 2.351300000000000000e+04
1.690225986992618668e-01, 3.314900000000000000e+04
1.691124565401440072e-01, 4.945800000000000000e+04
1.692023143810261199e-01, 3.089000000000000000e+03
1.692921722219082326e-01, 2.188600000000000000e+04
1.693820300627903452e-01, 3.647500000000000000e+04
1.694718879036724579e-01, 4.318300000000000000e+04
1.695617457445545706e-01, 4.144700000000000000e+04
1.696516035854366833e-01, 3.086900000000000000e+04
1.697414614263188237e-01, 1.387400000000000000e+04
1.698313192672009364e-01, 5.962300000000000000e+04
1.699211771080830491e-01, 4.121700000000000000e+04
1.700110349489651618e-01, 2.765000000000000000e+04
1.701008927898472745e-01, 2.198600000000000000e+04
1.701907506307293871e-01, 2.528700000000000000e+04
1.702806084716114998e-01, 3.735700000000000000e+04
1.703704663124936403e-01, 5.447800000000000000e+04
1.704603241533757529e-01, 8.444000000000000000e+03
1.705501819942578656e-01, 2.631800000000000000e+04
1.706400398351399783e-01, 3.904200000000000000e+04
1.707298976760220910e-01, 4.360900000000000000e+04
1.708197555169042037e-01, 3.930700000000000000e+04
1.709096133577863441e-01, 2.660000000000000000e+04
1.709994711986684568e-01, 8.500000000000000000e+03
1.710893290395505695e-01, 5.436400000000000000e+04
1.711791868804326822e-01, 3.697400000000000000e+04
1.712690447213147948e-01, 2.520100000000000000e+04
1.713589025621969075e-01, 2.206900000000000000e+04
1.714487604030790202e-01, 2.747300000000000000e+04
1.715386182439611606e-01, 4.109100000000000000e+04
1.716284760848432733e-01, 5.951300000000000000e+04
1.717183339257253860e-01, 1.366100000000000000e+04
1.718081917666074987e-01, 3.039500000000000000e+04
1.718980496074896114e-01, 4.111500000000000000e+04
1.719879074483717241e-01, 4.336800000000000000e+04
1.720777652892538645e-01, 3.633500000000000000e+04
1.721676231301359772e-01, 2.213400000000000000e+04
1.722574809710180899e-01, 3.369000000000000000e+03
1.723473388119002025e-01, 4.922400000000000000e+04
1.724371966527823152e-01, 3.318000000000000000e+04
1.725270544936644279e-01, 2.339100000000000000e+04
1.726169123345465406e-01, 2.268600000000000000e+04
1.727067701754286810e-01, 3.054300000000000000e+04
1.727966280163107937e-01, 4.536700000000000000e+04
1.728864858571929064e-01, 6.426900000000000000e+04
1.729763436980750191e-01, 1.829500000000000000e+04
1.730662015389571318e-01, 3.404700000000000000e+04
1.731560593798392444e-01, 4.251000000000000000e+04
1.732459172207213571e-01, 4.252700000000000000e+04
1.733357750616034976e-01, 3.361800000000000000e+04
1.734256329024856103e-01, 1.776600000000000000e+04
1.735154907433677229e-01, 6.361700000000000000e+04
1.736053485842498356e-01, 4.455300000000000000e+04
1.736952064251319483e-01, 2.984000000000000000e+04
1.737850642660140610e-01, 2.236100000000000000e+04
1.738749221068962014e-01, 2.392400000000000000e+04
1.739647799477783141e-01, 3.442200000000000000e+04
1.740546377886604268e-01, 5.069600000000000000e+04
1.741444956295425395e-01, 4.406000000000000000e+03
1.742343534704246522e-01, 2.301400000000000000e+04
1.743242113113067648e-01, 3.716700000000000000e+04
1.744140691521888775e-01, 4.338300000000000000e+04
1.745039269930710180e-01, 4.092200000000000000e+04
1.745937848339531306e-01, 2.974300000000000000e+04
1.746836426748352433e-01, 1.237400000000000000e+04
1.747735005157173560e-01, 5.830900000000000000e+04
1.748633583565994687e-01, 4.006700000000000000e+04
1.749532161974815814e-01, 2.697800000000000000e+04
1.750430740383637218e-01, 2.196900000000000000e+04
1.751329318792458345e-01, 2.563400000000000000e+04
1.752227897201279472e-01, 3.793400000000000000e+04
1.753126475610100599e-01, 5.563000000000000000e+04
1.754025054018921725e-01, 9.752000000000000000e+03
1.754923632427742852e-01, 2.730900000000000000e+04
1.755822210836563979e-01, 3.964200000000000000e+04
1.756720789245385383e-01, 4.357700000000000000e+04
1.757619367654206510e-01, 3.845900000000000000e+04
1.758517946063027637e-01, 2.535200000000000000e+04
1.759416524471848764e-01, 7.262000000000000000e+03
1.760315102880669891e-01, 5.300900000000000000e+04
1.761213681289491018e-01, 3.597100000000000000e+04
1.762112259698312144e-01, 2.468400000000000000e+04
1.763010838107133549e-01, 2.214200000000000000e+04
1.763909416515954676e-01, 2.823800000000000000e+04
1.764807994924775802e-01, 4.206700000000000000e+04
1.765706573333596929e-01, 6.038300000000000000e+04
1.766605151742418056e-01, 1.464100000000000000e+04
1.767503730151239183e-01, 3.132200000000000000e+04
1.768402308560060587e-01, 4.148300000000000000e+04
1.769300886968881714e-01, 4.321500000000000000e+04
1.770199465377702841e-01, 3.597900000000000000e+04
1.771098043786523968e-01, 2.140300000000000000e+04
1.771996622195345095e-01, 2.571000000000000000e+03
1.772895200604166221e-01, 4.853500000000000000e+04
1.773793779012987348e-01, 3.254000000000000000e+04
1.774692357421808753e-01, 2.314900000000000000e+04
1.775590935830629880e-01, 2.300900000000000000e+04
1.776489514239451006e-01, 3.125000000000000000e+04
1.777388092648272133e-01, 4.659600000000000000e+04
1.778286671057093260e-01, 2.150000000000000000e+02
1.779185249465914387e-01, 1.964300000000000000e+04
1.780083827874735791e-01, 3.491700000000000000e+04
1.780982406283556918e-01, 4.282500000000000000e+04
1.781880984692378045e-01, 4.219400000000000000e+04
1.782779563101199172e-01, 3.264500000000000000e+04
1.783678141510020299e-01, 1.622000000000000000e+04
1.784576719918841425e-01, 6.227800000000000000e+04
1.785475298327662552e-01, 4.340200000000000000e+04
1.786373876736483957e-01, 2.908200000000000000e+04
1.787272455145305083e-01, 2.223100000000000000e+04
1.788171033554126210e-01, 2.421800000000000000e+04
1.789069611962947337e-01, 3.491600000000000000e+04
1.789968190371768464e-01, 5.153300000000000000e+04
1.790866768780589591e-01, 5.176000000000000000e+03
1.791765347189410718e-01, 2.370100000000000000e+04
1.792663925598232122e-01, 3.772900000000000000e+04
1.793562504007053249e-01, 4.340400000000000000e+04
1.794461082415874376e-01, 4.035500000000000000e+04
1.795359660824695502e-01, 2.897200000000000000e+04
1.796258239233516629e-01, 1.150800000000000000e+04
1.797156817642337756e-01, 5.712900000000000000e+04
1.798055396051159160e-01, 3.905700000000000000e+04
1.798953974459980287e-01, 2.641000000000000000e+04
1.799852552868801414e-01, 2.191300000000000000e+04
1.800751131277622541e-01, 2.626300000000000000e+04
1.801649709686443668e-01, 3.892500000000000000e+04
1.802548288095264795e-01, 5.653000000000000000e+04
1.803446866504085921e-01, 1.075100000000000000e+04
1.804345444912907326e-01, 2.826900000000000000e+04
1.805244023321728453e-01, 4.012700000000000000e+04
1.806142601730549579e-01, 4.353400000000000000e+04
1.807041180139370706e-01, 3.807900000000000000e+04
1.807939758548191833e-01, 2.472700000000000000e+04
1.808838336957012960e-01, 6.465000000000000000e+03
1.809736915365834364e-01, 5.226800000000000000e+04
1.810635493774655491e-01, 3.528900000000000000e+04
1.811534072183476618e-01, 2.426400000000000000e+04
1.812432650592297745e-01, 2.237100000000000000e+04
1.813331229001118872e-01, 2.890300000000000000e+04
1.814229807409939998e-01, 4.317300000000000000e+04
1.815128385818761125e-01, 6.182900000000000000e+04
1.816026964227582530e-01, 1.608900000000000000e+04
1.816925542636403657e-01, 3.230300000000000000e+04
1.817824121045224783e-01, 4.190100000000000000e+04
1.818722699454045910e-01, 4.304400000000000000e+04
1.819621277862867037e-01, 3.513900000000000000e+04
1.820519856271688164e-01, 1.991900000000000000e+04
1.821418434680509291e-01, 6.950000000000000000e+02
1.822317013089330695e-01, 4.688600000000000000e+04
1.823215591498151822e-01, 3.142300000000000000e+04
1.824114169906972949e-01, 2.282100000000000000e+04
1.825012748315794076e-01, 2.318800000000000000e+04
1.825911326724615202e-01, 3.214200000000000000e+04
1.826809905133436329e-01, 4.792400000000000000e+04
1.827708483542257734e-01, 1.773000000000000000e+03
1.828607061951078860e-01, 2.078200000000000000e+04
1.829505640359899987e-01, 3.573000000000000000e+04
1.830404218768721114e-01, 4.304000000000000000e+04
1.831302797177542241e-01, 4.177000000000000000e+04
1.832201375586363368e-01, 3.135500000000000000e+04
1.833099953995184495e-01, 1.492800000000000000e+04
1.833998532404005899e-01, 6.094900000000000000e+04
1.834897110812827026e-01, 4.225800000000000000e+04
1.835795689221648153e-01, 2.838500000000000000e+04
1.836694267630469279e-01, 2.204600000000000000e+04
1.837592846039290406e-01, 2.467900000000000000e+04
1.838491424448111533e-01, 3.591500000000000000e+04
1.839390002856932937e-01, 5.267300000000000000e+04
1.840288581265754064e-01, 6.711000000000000000e+03
1.841187159674575191e-01, 2.504800000000000000e+04
1.842085738083396318e-01, 3.843800000000000000e+04
1.842984316492217445e-01, 4.347600000000000000e+04
1.843882894901038572e-01, 3.993200000000000000e+04
1.844781473309859698e-01, 2.785700000000000000e+04
1.845680051718681103e-01, 9.986000000000000000e+03
1.846578630127502230e-01, 5.566700000000000000e+04
1.847477208536323356e-01, 3.803200000000000000e+04
1.848375786945144483e-01, 2.576100000000000000e+04
1.849274365353965610e-01, 2.197900000000000000e+04
1.850172943762786737e-01, 2.686500000000000000e+04
1.851071522171608141e-01, 3.989600000000000000e+04
1.851970100580429268e-01, 5.796200000000000000e+04
1.852868678989250395e-01, 1.228900000000000000e+04
1.853767257398071522e-01, 2.937700000000000000e+04
1.854665835806892649e-01, 4.062300000000000000e+04
1.855564414215713775e-01, 4.352600000000000000e+04
1.856462992624534902e-01, 3.733800000000000000e+04
1.857361571033356307e-01, 2.335600000000000000e+04
1.858260149442177434e-01, 4.609000000000000000e+03
1.859158727850998560e-01, 5.051700000000000000e+04
1.860057306259819687e-01, 3.405600000000000000e+04
1.860955884668640814e-01, 2.375700000000000000e+04
1.861854463077461941e-01, 2.250000000000000000e+04
1.862753041486283068e-01, 2.964900000000000000e+04
1.863651619895104472e-01, 4.440500000000000000e+04
1.864550198303925599e-01, 6.288500000000000000e+04
1.865448776712746726e-01, 1.688300000000000000e+04
1.866347355121567853e-01, 3.300200000000000000e+04
1.867245933530388979e-01, 4.218400000000000000e+04
1.868144511939210106e-01, 4.272100000000000000e+04
1.869043090348031511e-01, 3.400200000000000000e+04
1.869941668756852637e-01, 1.866300000000000000e+04
1.870840247165673764e-01, 6.495100000000000000e+04
1.871738825574494891e-01, 4.563100000000000000e+04
1.872637403983316018e-01, 3.061500000000000000e+04
1.873535982392137145e-01, 2.254500000000000000e+04
1.874434560800958272e-01, 2.351300000000000000e+04
1.875333139209779676e-01, 3.312100000000000000e+04
1.876231717618600803e-01, 4.890800000000000000e+04
1.877130296027421930e-01, 2.679000000000000000e+03
1.878028874436243056e-01, 2.170200000000000000e+04
1.878927452845064183e-01, 3.640800000000000000e+04
1.879826031253885310e-01, 4.316200000000000000e+04
1.880724609662706714e-01, 4.144100000000000000e+04
1.881623188071527841e-01, 3.086700000000000000e+04
1.882521766480348968e-01, 1.390400000000000000e+04
1.883420344889170095e-01, 5.962100000000000000e+04
1.884318923297991222e-01, 4.120700000000000000e+04
1.885217501706812349e-01, 2.764400000000000000e+04
1.886116080115633475e-01, 2.198400000000000000e+04
1.887014658524454880e-01, 2.519500000000000000e+04
1.887913236933276007e-01, 3.679900000000000000e+04
1.888811815342097133e-01, 5.409600000000000000e+04
1.889710393750918260e-01, 8.278000000000000000e+03
1.890608972159739387e-01, 2.626000000000000000e+04
1.891507550568560514e-01, 3.902300000000000000e+04
1.892406128977381641e-01, 4.360300000000000000e+04
1.893304707386203045e-01, 3.930600000000000000e+04
1.894203285795024172e-01, 2.684400000000000000e+04
1.895101864203845299e-01, 9.049000000000000000e+03
1.896000442612666426e-01, 5.469200000000000000e+04
1.896899021021487552e-01, 3.759900000000000000e+04
1.897797599430308679e-01, 2.572000000000000000e+04
1.898696177839130084e-01, 2.231400000000000000e+04
1.899594756247951211e-01, 2.756400000000000000e+04
1.900493334656772337e-01, 4.112100000000000000e+04
1.901391913065593464e-01, 5.950200000000000000e+04
1.902290491474414591e-01, 1.367200000000000000e+04
1.903189069883235718e-01, 3.040400000000000000e+04
1.904087648292056845e-01, 4.111900000000000000e+04
1.904986226700878249e-01, 4.337000000000000000e+04
1.905884805109699376e-01, 3.636000000000000000e+04
1.906783383518520503e-01, 2.212700000000000000e+04
1.907681961927341630e-01, 3.360000000000000000e+03
1.908580540336162756e-01, 4.974300000000000000e+04
1.909479118744983883e-01, 3.362400000000000000e+04
1.910377697153805288e-01, 2.360000000000000000e+04
1.911276275562626414e-01, 2.276300000000000000e+04
1.912174853971447541e-01, 3.056800000000000000e+04
1.913073432380268668e-01, 4.585400000000000000e+04
1.913972010789089795e-01, 6.475100000000000000e+04
1.914870589197910922e-01, 1.841400000000000000e+04
1.915769167606732049e-01, 3.357800000000000000e+04
1.916667746015553453e-01, 4.216800000000000000e+04
1.917566324424374580e-01, 4.237600000000000000e+04
1.918464902833195707e-01, 3.356400000000000000e+04
1.919363481242016833e-01, 1.777000000000000000e+04
1.920262059650837960e-01, 6.361500000000000000e+04
1.921160638059659087e-01, 4.454100000000000000e+04
1.922059216468480214e-01, 2.983300000000000000e+04
1.922957794877301618e-01, 2.235800000000000000e+04
1.923856373286122745e-01, 2.392100000000000000e+04
1.924754951694943872e-01, 3.440300000000000000e+04
1.925653530103764999e-01, 5.071600000000000000e+04
1.926552108512586126e-01, 4.221000000000000000e+03
1.927450686921407252e-01, 2.246600000000000000e+04
1.928349265330228657e-01, 3.682700000000000000e+04
1.929247843739049784e-01, 4.324000000000000000e+04
1.930146422147870910e-01, 4.087200000000000000e+04
1.931045000556692037e-01, 2.982500000000000000e+04
1.931943578965513164e-01, 1.292800000000000000e+04
1.932842157374334291e-01, 5.868600000000000000e+04
1.933740735783155418e-01, 4.062800000000000000e+04
1.934639314191976822e-01, 2.755200000000000000e+04
1.935537892600797949e-01, 2.226800000000000000e+04
1.936436471009619076e-01, 2.628700000000000000e+04
1.937335049418440203e-01, 3.839600000000000000e+04
1.938233627827261329e-01, 5.580900000000000000e+04
1.939132206236082456e-01, 9.832000000000000000e+03
1.940030784644903861e-01, 2.734300000000000000e+04
1.940929363053724988e-01, 3.965400000000000000e+04
1.941827941462546114e-01, 4.358100000000000000e+04
1.942726519871367241e-01, 3.866700000000000000e+04
1.943625098280188368e-01, 2.590600000000000000e+04
1.944523676689009495e-01, 7.602000000000000000e+03
1.945422255097830622e-01, 5.360500000000000000e+04
1.946320833506652026e-01, 3.651300000000000000e+04
1.947219411915473153e-01, 2.494800000000000000e+04
1.948117990324294280e-01, 2.224200000000000000e+04
1.949016568733115407e-01, 2.827100000000000000e+04
1.949915147141936533e-01, 4.245600000000000000e+04
1.950813725550757660e-01, 6.090700000000000000e+04
1.951712303959578787e-01, 1.491200000000000000e+04
1.952610882368400191e-01, 3.089000000000000000e+04
1.953509460777221318e-01, 4.109800000000000000e+04
1.954408039186042445e-01, 4.303300000000000000e+04
1.955306617594863572e-01, 3.591200000000000000e+04
1.956205196003684699e-01, 2.138100000000000000e+04
1.957103774412505826e-01, 2.055000000000000000e+03
1.958002352821327230e-01, 4.807600000000000000e+04
1.958900931230148357e-01, 3.232100000000000000e+04
1.959799509638969484e-01, 2.306700000000000000e+04
1.960698088047790610e-01, 2.298200000000000000e+04
1.961596666456611737e-01, 3.168100000000000000e+04
1.962495244865432864e-01, 4.709300000000000000e+04
1.963393823274253991e-01, 4.100000000000000000e+02
1.964292401683075395e-01, 1.918600000000000000e+04
1.965190980091896522e-01, 3.455500000000000000e+04
1.966089558500717649e-01, 4.266100000000000000e+04
1.966988136909538776e-01, 4.213400000000000000e+04
1.967886715318359903e-01, 3.262900000000000000e+04
1.968785293727181029e-01, 1.675200000000000000e+04
1.969683872136002434e-01, 6.270700000000000000e+04
1.970582450544823561e-01, 4.386600000000000000e+04
1.971481028953644687e-01, 2.970200000000000000e+04
1.972379607362465814e-01, 2.257500000000000000e+04
1.973278185771286941e-01, 2.484300000000000000e+04
1.974176764180108068e-01, 3.543700000000000000e+04
1.975075342588929195e-01, 5.194200000000000000e+04
1.975973920997750599e-01, 5.826000000000000000e+03
