0.000000000000000000e+00, 1.546700000000000000e+04
1.591489298890990254e-05, 1.673300000000000000e+04
3.182978597781980509e-05, 1.809300000000000000e+04
4.774467896672970424e-05, 1.990000000000000000e+04
6.365957195563961017e-05, 2.211200000000000000e+04
7.957446494454951610e-05, 2.428500000000000000e+04
9.548935793345940848e-05, 2.606200000000000000e+04
1.114042509223693144e-04, 2.709300000000000000e+04
1.273191439112792203e-04, 2.729500000000000000e+04
1.432340369001891263e-04, 2.658300000000000000e+04
1.591489298890990322e-04, 2.500000000000000000e+04
1.750638228780089110e-04, 2.273600000000000000e+04
1.909787158669188170e-04, 1.990100000000000000e+04
2.068936088558287229e-04, 1.676600000000000000e+04
2.228085018447386288e-04, 1.356200000000000000e+04
2.387233948336485348e-04, 1.063500000000000000e+04
2.546382878225584407e-04, 8.203000000000000000e+03
2.705531808114683195e-04, 6.443000000000000000e+03
2.864680738003782525e-04, 5.577000000000000000e+03
3.023829667892881314e-04, 5.637000000000000000e+03
3.182978597781980644e-04, 6.537000000000000000e+03
3.342127527671079432e-04, 8.375000000000000000e+03
3.501276457560178221e-04, 1.085300000000000000e+04
3.660425387449277551e-04, 1.381800000000000000e+04
3.819574317338376339e-04, 1.692800000000000000e+04
3.978723247227475670e-04, 2.008200000000000000e+04
4.137872177116574458e-04, 2.281100000000000000e+04
4.297021107005673788e-04, 2.504100000000000000e+04
4.456170036894772576e-04, 2.649000000000000000e+04
4.615318966783871907e-04, 2.713900000000000000e+04
4.774467896672970695e-04, 2.693500000000000000e+04
4.933616826562069483e-04, 2.568000000000000000e+04
5.092765756451168814e-04, 2.369500000000000000e+04
5.251914686340268144e-04, 2.113600000000000000e+04
5.411063616229366390e-04, 1.810300000000000000e+04
5.570212546118465721e-04, 1.493000000000000000e+04
5.729361476007565051e-04, 1.185700000000000000e+04
5.888510405896663297e-04, 9.221000000000000000e+03
6.047659335785762627e-04, 7.153000000000000000e+03
6.206808265674861958e-04, 5.819000000000000000e+03
6.365957195563961288e-04, 5.485000000000000000e+03
6.525106125453059534e-04, 6.017000000000000000e+03
6.684255055342158865e-04, 7.456000000000000000e+03
6.843403985231258195e-04, 9.644000000000000000e+03
7.002552915120356441e-04, 1.231900000000000000e+04
7.161701845009455772e-04, 1.539000000000000000e+04
7.320850774898555102e-04, 1.857200000000000000e+04
7.479999704787654432e-04, 2.157100000000000000e+04
7.639148634676752678e-04, 2.414500000000000000e+04
7.798297564565852009e-04, 2.603700000000000000e+04
7.957446494454951339e-04, 2.706900000000000000e+04
8.116595424344049585e-04, 2.724800000000000000e+04
8.275744354233148916e-04, 2.648600000000000000e+04
8.434893284122248246e-04, 2.484800000000000000e+04
8.594042214011347576e-04, 2.248200000000000000e+04
8.753191143900445823e-04, 1.955200000000000000e+04
8.912340073789545153e-04, 1.640200000000000000e+04
9.071489003678644483e-04, 1.323300000000000000e+04
9.230637933567743814e-04, 1.039000000000000000e+04
9.389786863456842060e-04, 8.018000000000000000e+03
9.548935793345941390e-04, 6.313000000000000000e+03
9.708084723235040720e-04, 5.531000000000000000e+03
9.867233653124138967e-04, 5.691000000000000000e+03
1.002638258301323830e-03, 6.662000000000000000e+03
1.018553151290233763e-03, 8.541000000000000000e+03
1.034468044279143696e-03, 1.104500000000000000e+04
1.050382937268053629e-03, 1.401100000000000000e+04
1.066297830256963345e-03, 1.714600000000000000e+04
1.082212723245873278e-03, 2.031800000000000000e+04
1.098127616234783211e-03, 2.302700000000000000e+04
1.114042509223693144e-03, 2.528500000000000000e+04
1.129957402212603077e-03, 2.663800000000000000e+04
1.145872295201513010e-03, 2.713600000000000000e+04
1.161787188190422943e-03, 2.683300000000000000e+04
1.177702081179332659e-03, 2.558200000000000000e+04
1.193616974168242592e-03, 2.359300000000000000e+04
1.209531867157152525e-03, 2.101700000000000000e+04
1.225446760146062459e-03, 1.794400000000000000e+04
1.241361653134972392e-03, 1.475700000000000000e+04
1.257276546123882325e-03, 1.174300000000000000e+04
1.273191439112792258e-03, 9.180000000000000000e+03
1.289106332101701974e-03, 7.140000000000000000e+03
1.305021225090611907e-03, 5.861000000000000000e+03
1.320936118079521840e-03, 5.557000000000000000e+03
1.336851011068431773e-03, 6.111000000000000000e+03
1.352765904057341706e-03, 7.610000000000000000e+03
1.368680797046251639e-03, 9.880000000000000000e+03
1.384595690035161572e-03, 1.259700000000000000e+04
1.400510583024071288e-03, 1.562200000000000000e+04
1.416425476012981221e-03, 1.879500000000000000e+04
1.432340369001891154e-03, 2.173200000000000000e+04
1.448255261990801087e-03, 2.429300000000000000e+04
1.464170154979711020e-03, 2.613900000000000000e+04
1.480085047968620953e-03, 2.711400000000000000e+04
1.495999940957530886e-03, 2.720700000000000000e+04
1.511914833946440603e-03, 2.636500000000000000e+04
1.527829726935350536e-03, 2.469500000000000000e+04
1.543744619924260469e-03, 2.229400000000000000e+04
1.559659512913170402e-03, 1.935600000000000000e+04
1.575574405902080335e-03, 1.623500000000000000e+04
1.591489298890990268e-03, 1.312300000000000000e+04
1.607404191879900201e-03, 1.029700000000000000e+04
1.623319084868809917e-03, 7.941000000000000000e+03
1.639233977857719850e-03, 6.307000000000000000e+03
1.655148870846629783e-03, 5.666000000000000000e+03
1.671063763835539716e-03, 5.875000000000000000e+03
1.686978656824449649e-03, 6.906000000000000000e+03
1.702893549813359582e-03, 8.855000000000000000e+03
1.718808442802269515e-03, 1.141500000000000000e+04
1.734723335791179448e-03, 1.438000000000000000e+04
1.750638228780089165e-03, 1.745700000000000000e+04
1.766553121768999098e-03, 2.056900000000000000e+04
1.782468014757909031e-03, 2.325100000000000000e+04
1.798382907746818964e-03, 2.544900000000000000e+04
1.814297800735728897e-03, 2.679400000000000000e+04
1.830212693724638830e-03, 2.724500000000000000e+04
1.846127586713548763e-03, 2.677200000000000000e+04
1.862042479702458479e-03, 2.541100000000000000e+04
1.877957372691368412e-03, 2.332600000000000000e+04
1.893872265680278345e-03, 2.066900000000000000e+04
1.909787158669188278e-03, 1.755600000000000000e+04
1.925702051658098211e-03, 1.439500000000000000e+04
1.941616944647008144e-03, 1.138700000000000000e+04
1.957531837635917860e-03, 8.828000000000000000e+03
1.973446730624827793e-03, 6.858000000000000000e+03
1.989361623613737726e-03, 5.704000000000000000e+03
2.005276516602647659e-03, 5.531000000000000000e+03
2.021191409591557592e-03, 6.207000000000000000e+03
2.037106302580467525e-03, 7.866000000000000000e+03
2.053021195569377459e-03, 1.019100000000000000e+04
2.068936088558287392e-03, 1.295400000000000000e+04
2.084850981547197325e-03, 1.601300000000000000e+04
2.100765874536107258e-03, 1.919800000000000000e+04
2.116680767525017191e-03, 2.205600000000000000e+04
2.132595660513926690e-03, 2.453700000000000000e+04
2.148510553502836623e-03, 2.627100000000000000e+04
2.164425446491746556e-03, 2.716900000000000000e+04
2.180340339480656489e-03, 2.719100000000000000e+04
2.196255232469566422e-03, 2.625500000000000000e+04
2.212170125458476355e-03, 2.448500000000000000e+04
2.228085018447386288e-03, 2.208600000000000000e+04
2.243999911436296221e-03, 1.913300000000000000e+04
2.259914804425206154e-03, 1.597200000000000000e+04
2.275829697414116087e-03, 1.279000000000000000e+04
2.291744590403026020e-03, 9.973000000000000000e+03
2.307659483391935953e-03, 7.688000000000000000e+03
2.323574376380845886e-03, 6.115000000000000000e+03
2.339489269369755819e-03, 5.509000000000000000e+03
2.355404162358665319e-03, 5.779000000000000000e+03
2.371319055347575252e-03, 6.920000000000000000e+03
2.387233948336485185e-03, 8.947000000000000000e+03
2.403148841325395118e-03, 1.153500000000000000e+04
2.419063734314305051e-03, 1.458800000000000000e+04
2.434978627303214984e-03, 1.771600000000000000e+04
2.450893520292124917e-03, 2.080600000000000000e+04
2.466808413281034850e-03, 2.344400000000000000e+04
2.482723306269944783e-03, 2.559100000000000000e+04
2.498638199258854716e-03, 2.687500000000000000e+04
2.514553092247764649e-03, 2.727900000000000000e+04
2.530467985236674582e-03, 2.679600000000000000e+04
2.546382878225584515e-03, 2.539800000000000000e+04
2.562297771214494448e-03, 2.324500000000000000e+04
2.578212664203403948e-03, 2.051700000000000000e+04
2.594127557192313881e-03, 1.739600000000000000e+04
2.610042450181223814e-03, 1.418300000000000000e+04
2.625957343170133747e-03, 1.117100000000000000e+04
2.641872236159043680e-03, 8.642000000000000000e+03
2.657787129147953613e-03, 6.741000000000000000e+03
2.673702022136863546e-03, 5.656000000000000000e+03
2.689616915125773479e-03, 5.546000000000000000e+03
2.705531808114683412e-03, 6.277000000000000000e+03
2.721446701103593345e-03, 7.948000000000000000e+03
2.737361594092503278e-03, 1.027500000000000000e+04
2.753276487081413211e-03, 1.307300000000000000e+04
2.769191380070323144e-03, 1.616400000000000000e+04
2.785106273059233077e-03, 1.936600000000000000e+04
2.801021166048142576e-03, 2.222400000000000000e+04
2.816936059037052510e-03, 2.469600000000000000e+04
2.832850952025962443e-03, 2.637600000000000000e+04
2.848765845014872376e-03, 2.718700000000000000e+04
2.864680738003782309e-03, 2.714600000000000000e+04
2.880595630992692242e-03, 2.615000000000000000e+04
2.896510523981602175e-03, 2.431400000000000000e+04
2.912425416970512108e-03, 2.182000000000000000e+04
2.928340309959422041e-03, 1.886300000000000000e+04
2.944255202948331974e-03, 1.574500000000000000e+04
2.960170095937241907e-03, 1.259000000000000000e+04
2.976084988926151840e-03, 9.818000000000000000e+03
2.991999881915061773e-03, 7.562000000000000000e+03
3.007914774903971706e-03, 6.031000000000000000e+03
3.023829667892881205e-03, 5.496000000000000000e+03
3.039744560881791138e-03, 5.858000000000000000e+03
3.055659453870701071e-03, 7.066000000000000000e+03
3.071574346859611004e-03, 9.125000000000000000e+03
3.087489239848520937e-03, 1.173800000000000000e+04
3.103404132837430870e-03, 1.477900000000000000e+04
3.119319025826340804e-03, 1.794500000000000000e+04
3.135233918815250737e-03, 2.103400000000000000e+04
3.151148811804160670e-03, 2.365100000000000000e+04
3.167063704793070603e-03, 2.572300000000000000e+04
3.182978597781980536e-03, 2.693600000000000000e+04
3.198893490770890469e-03, 2.728600000000000000e+04
3.214808383759800402e-03, 2.672400000000000000e+04
3.230723276748710335e-03, 2.522700000000000000e+04
3.246638169737619834e-03, 2.295500000000000000e+04
3.262553062726529767e-03, 2.015000000000000000e+04
3.278467955715439700e-03, 1.704800000000000000e+04
3.294382848704349633e-03, 1.388800000000000000e+04
3.310297741693259566e-03, 1.093400000000000000e+04
3.326212634682169499e-03, 8.446000000000000000e+03
3.342127527671079432e-03, 6.606000000000000000e+03
3.358042420659989365e-03, 5.621000000000000000e+03
3.373957313648899298e-03, 5.584000000000000000e+03
3.389872206637809231e-03, 6.368000000000000000e+03
3.405787099626719164e-03, 8.102000000000000000e+03
3.421701992615629098e-03, 1.051900000000000000e+04
3.437616885604539031e-03, 1.341000000000000000e+04
3.453531778593448964e-03, 1.653000000000000000e+04
3.469446671582358897e-03, 1.970500000000000000e+04
3.485361564571268396e-03, 2.248100000000000000e+04
3.501276457560178329e-03, 2.488900000000000000e+04
3.517191350549088262e-03, 2.649400000000000000e+04
3.533106243537998195e-03, 2.722800000000000000e+04
3.549021136526908128e-03, 2.709000000000000000e+04
3.564936029515818061e-03, 2.600200000000000000e+04
3.580850922504727994e-03, 2.414200000000000000e+04
3.596765815493637927e-03, 2.162200000000000000e+04
3.612680708482547860e-03, 1.857700000000000000e+04
3.628595601471457793e-03, 1.543800000000000000e+04
3.644510494460367726e-03, 1.237600000000000000e+04
3.660425387449277659e-03, 9.665000000000000000e+03
3.676340280438187592e-03, 7.468000000000000000e+03
3.692255173427097525e-03, 5.987000000000000000e+03
3.708170066416007025e-03, 5.507000000000000000e+03
3.724084959404916958e-03, 5.919000000000000000e+03
3.739999852393826891e-03, 7.230000000000000000e+03
3.755914745382736824e-03, 9.396000000000000000e+03
3.771829638371646757e-03, 1.208800000000000000e+04
3.787744531360556690e-03, 1.513100000000000000e+04
3.803659424349466623e-03, 1.825700000000000000e+04
3.819574317338376556e-03, 2.123800000000000000e+04
3.835489210327286489e-03, 2.374000000000000000e+04
3.851404103316196422e-03, 2.573800000000000000e+04
3.867318996305106355e-03, 2.690200000000000000e+04
3.883233889294016288e-03, 2.721100000000000000e+04
3.899148782282926221e-03, 2.660800000000000000e+04
3.915063675271835721e-03, 2.507700000000000000e+04
3.930978568260745654e-03, 2.279900000000000000e+04
3.946893461249655587e-03, 1.995500000000000000e+04
3.962808354238565520e-03, 1.679800000000000000e+04
3.978723247227475453e-03, 1.361700000000000000e+04
3.994638140216385386e-03, 1.071700000000000000e+04
4.010553033205295319e-03, 8.299000000000000000e+03
4.026467926194205252e-03, 6.606000000000000000e+03
4.042382819183115185e-03, 5.713000000000000000e+03
4.058297712172025118e-03, 5.729000000000000000e+03
4.074212605160935051e-03, 6.565000000000000000e+03
4.090127498149844984e-03, 8.304000000000000000e+03
4.106042391138754917e-03, 1.072600000000000000e+04
4.121957284127664850e-03, 1.362800000000000000e+04
4.137872177116574783e-03, 1.673300000000000000e+04
4.153787070105484716e-03, 1.993800000000000000e+04
4.169701963094394649e-03, 2.270400000000000000e+04
4.185616856083304582e-03, 2.505500000000000000e+04
4.201531749072214515e-03, 2.657600000000000000e+04
4.217446642061124448e-03, 2.725200000000000000e+04
4.233361535050034381e-03, 2.705100000000000000e+04
4.249276428038944314e-03, 2.586900000000000000e+04
4.265191321027853380e-03, 2.391600000000000000e+04
4.281106214016763313e-03, 2.139600000000000000e+04
4.297021107005673246e-03, 1.835400000000000000e+04
4.312935999994583179e-03, 1.517400000000000000e+04
4.328850892983493112e-03, 1.206000000000000000e+04
4.344765785972403045e-03, 9.357000000000000000e+03
4.360680678961312978e-03, 7.233000000000000000e+03
4.376595571950222911e-03, 5.865000000000000000e+03
4.392510464939132844e-03, 5.502000000000000000e+03
4.408425357928042777e-03, 5.973000000000000000e+03
4.424340250916952710e-03, 7.353000000000000000e+03
4.440255143905862643e-03, 9.559000000000000000e+03
4.456170036894772576e-03, 1.224900000000000000e+04
4.472084929883682509e-03, 1.524900000000000000e+04
4.487999822872592443e-03, 1.838300000000000000e+04
4.503914715861502376e-03, 2.138900000000000000e+04
4.519829608850412309e-03, 2.399000000000000000e+04
4.535744501839322242e-03, 2.585300000000000000e+04
4.551659394828232175e-03, 2.690300000000000000e+04
4.567574287817142108e-03, 2.713200000000000000e+04
4.583489180806052041e-03, 2.643300000000000000e+04
4.599404073794961974e-03, 2.489400000000000000e+04
4.615318966783871907e-03, 2.260000000000000000e+04
4.631233859772781840e-03, 1.973500000000000000e+04
4.647148752761691773e-03, 1.660000000000000000e+04
4.663063645750601706e-03, 1.338800000000000000e+04
4.678978538739511639e-03, 1.049900000000000000e+04
4.694893431728421572e-03, 8.105000000000000000e+03
4.710808324717330638e-03, 6.381000000000000000e+03
4.726723217706240571e-03, 5.542000000000000000e+03
4.742638110695150504e-03, 5.656000000000000000e+03
4.758553003684060437e-03, 6.610000000000000000e+03
4.774467896672970370e-03, 8.488000000000000000e+03
4.790382789661880303e-03, 1.093400000000000000e+04
4.806297682650790236e-03, 1.384100000000000000e+04
4.822212575639700169e-03, 1.695000000000000000e+04
4.838127468628610102e-03, 2.013100000000000000e+04
4.854042361617520035e-03, 2.288800000000000000e+04
4.869957254606429968e-03, 2.520400000000000000e+04
4.885872147595339901e-03, 2.666000000000000000e+04
4.901787040584249834e-03, 2.724900000000000000e+04
4.917701933573159767e-03, 2.698800000000000000e+04
4.933616826562069700e-03, 2.575400000000000000e+04
4.949531719550979633e-03, 2.373600000000000000e+04
4.965446612539889566e-03, 2.111400000000000000e+04
4.981361505528799499e-03, 1.800000000000000000e+04
4.997276398517709432e-03, 1.480600000000000000e+04
5.013191291506619365e-03, 1.174900000000000000e+04
5.029106184495529298e-03, 9.128000000000000000e+03
5.045021077484439231e-03, 7.078000000000000000e+03
5.060935970473349164e-03, 5.788000000000000000e+03
5.076850863462259097e-03, 5.497000000000000000e+03
5.092765756451169031e-03, 6.066000000000000000e+03
5.108680649440078964e-03, 7.520000000000000000e+03
5.124595542428988897e-03, 9.742000000000000000e+03
5.140510435417898830e-03, 1.246700000000000000e+04
5.156425328406807895e-03, 1.555000000000000000e+04
5.172340221395717828e-03, 1.874800000000000000e+04
5.188255114384627761e-03, 2.170800000000000000e+04
5.204170007373537694e-03, 2.425300000000000000e+04
5.220084900362447627e-03, 2.609900000000000000e+04
5.235999793351357560e-03, 2.710200000000000000e+04
5.251914686340267494e-03, 2.724100000000000000e+04
5.267829579329177427e-03, 2.642400000000000000e+04
5.283744472318087360e-03, 2.474800000000000000e+04
5.299659365306997293e-03, 2.239200000000000000e+04
5.315574258295907226e-03, 1.952200000000000000e+04
5.331489151284817159e-03, 1.638300000000000000e+04
5.347404044273727092e-03, 1.318700000000000000e+04
5.363318937262637025e-03, 1.031800000000000000e+04
5.379233830251546958e-03, 7.945000000000000000e+03
5.395148723240456891e-03, 6.268000000000000000e+03
5.411063616229366824e-03, 5.532000000000000000e+03
5.426978509218276757e-03, 5.710000000000000000e+03
5.442893402207186690e-03, 6.720000000000000000e+03
5.458808295196096623e-03, 8.655000000000000000e+03
5.474723188185006556e-03, 1.118300000000000000e+04
5.490638081173916489e-03, 1.418500000000000000e+04
5.506552974162826422e-03, 1.731700000000000000e+04
5.522467867151736355e-03, 2.045300000000000000e+04
5.538382760140646288e-03, 2.313800000000000000e+04
5.554297653129556221e-03, 2.536700000000000000e+04
5.570212546118466154e-03, 2.675900000000000000e+04
5.586127439107376087e-03, 2.727700000000000000e+04
5.602042332096285153e-03, 2.691300000000000000e+04
5.617957225085195086e-03, 2.560100000000000000e+04
5.633872118074105019e-03, 2.355000000000000000e+04
5.649787011063014952e-03, 2.090000000000000000e+04
5.665701904051924885e-03, 1.779500000000000000e+04
5.681616797040834818e-03, 1.459200000000000000e+04
5.697531690029744751e-03, 1.152400000000000000e+04
5.713446583018654684e-03, 8.928000000000000000e+03
5.729361476007564617e-03, 6.939000000000000000e+03
5.745276368996474550e-03, 5.742000000000000000e+03
5.761191261985384483e-03, 5.511000000000000000e+03
5.777106154974294416e-03, 6.135000000000000000e+03
5.793021047963204349e-03, 7.694000000000000000e+03
5.808935940952114282e-03, 1.001300000000000000e+04
5.824850833941024215e-03, 1.282500000000000000e+04
5.840765726929934148e-03, 1.590300000000000000e+04
5.856680619918844082e-03, 1.906000000000000000e+04
5.872595512907754015e-03, 2.193700000000000000e+04
5.888510405896663948e-03, 2.445200000000000000e+04
5.904425298885573881e-03, 2.622600000000000000e+04
5.920340191874483814e-03, 2.714300000000000000e+04
5.936255084863393747e-03, 2.719800000000000000e+04
5.952169977852303680e-03, 2.632700000000000000e+04
5.968084870841213613e-03, 2.459500000000000000e+04
5.983999763830123546e-03, 2.216100000000000000e+04
5.999914656819033479e-03, 1.921600000000000000e+04
6.015829549807943412e-03, 1.613600000000000000e+04
6.031744442796853345e-03, 1.297800000000000000e+04
6.047659335785762411e-03, 1.014900000000000000e+04
6.063574228774672344e-03, 7.821000000000000000e+03
6.079489121763582277e-03, 6.183000000000000000e+03
6.095404014752492210e-03, 5.516000000000000000e+03
6.111318907741402143e-03, 5.770000000000000000e+03
6.127233800730312076e-03, 6.898000000000000000e+03
6.143148693719222009e-03, 8.955000000000000000e+03
6.159063586708131942e-03, 1.151900000000000000e+04
6.174978479697041875e-03, 1.449100000000000000e+04
6.190893372685951808e-03, 1.756900000000000000e+04
6.206808265674861741e-03, 2.058700000000000000e+04
6.222723158663771674e-03, 2.322500000000000000e+04
6.238638051652681607e-03, 2.541700000000000000e+04
6.254552944641591540e-03, 2.676600000000000000e+04
6.270467837630501473e-03, 2.725100000000000000e+04
6.286382730619411406e-03, 2.683600000000000000e+04
6.302297623608321339e-03, 2.544600000000000000e+04
6.318212516597231272e-03, 2.329000000000000000e+04
6.334127409586141205e-03, 2.054200000000000000e+04
6.350042302575051138e-03, 1.743400000000000000e+04
6.365957195563961071e-03, 1.427600000000000000e+04
6.381872088552871004e-03, 1.127600000000000000e+04
6.397786981541780937e-03, 8.721000000000000000e+03
6.413701874530690870e-03, 6.789000000000000000e+03
6.429616767519600803e-03, 5.682000000000000000e+03
6.445531660508510736e-03, 5.552000000000000000e+03
6.461446553497420670e-03, 6.222000000000000000e+03
6.477361446486330603e-03, 7.836000000000000000e+03
6.493276339475239668e-03, 1.018500000000000000e+04
6.509191232464149601e-03, 1.300500000000000000e+04
6.525106125453059534e-03, 1.612900000000000000e+04
6.541021018441969467e-03, 1.932000000000000000e+04
6.556935911430879400e-03, 2.215500000000000000e+04
6.572850804419789333e-03, 2.462000000000000000e+04
6.588765697408699266e-03, 2.633600000000000000e+04
6.604680590397609199e-03, 2.718800000000000000e+04
6.620595483386519133e-03, 2.716200000000000000e+04
6.636510376375429066e-03, 2.618200000000000000e+04
6.652425269364338999e-03, 2.441200000000000000e+04
6.668340162353248932e-03, 2.196800000000000000e+04
6.684255055342158865e-03, 1.897600000000000000e+04
6.700169948331068798e-03, 1.580800000000000000e+04
6.716084841319978731e-03, 1.262400000000000000e+04
6.731999734308888664e-03, 9.843000000000000000e+03
6.747914627297798597e-03, 7.599000000000000000e+03
6.763829520286708530e-03, 6.065000000000000000e+03
6.779744413275618463e-03, 5.485000000000000000e+03
6.795659306264528396e-03, 5.805000000000000000e+03
6.811574199253438329e-03, 7.004000000000000000e+03
6.827489092242348262e-03, 9.067000000000000000e+03
6.843403985231258195e-03, 1.161700000000000000e+04
6.859318878220168128e-03, 1.460700000000000000e+04
6.875233771209078061e-03, 1.774400000000000000e+04
6.891148664197987994e-03, 2.085200000000000000e+04
6.907063557186897927e-03, 2.342300000000000000e+04
6.922978450175807860e-03, 2.550700000000000000e+04
6.938893343164717793e-03, 2.678100000000000000e+04
6.954808236153626859e-03, 2.719200000000000000e+04
6.970723129142536792e-03, 2.672500000000000000e+04
6.986638022131446725e-03, 2.530200000000000000e+04
7.002552915120356658e-03, 2.311200000000000000e+04
7.018467808109266591e-03, 2.035600000000000000e+04
7.034382701098176524e-03, 1.729700000000000000e+04
7.050297594087086457e-03, 1.415600000000000000e+04
7.066212487075996390e-03, 1.116500000000000000e+04
7.082127380064906323e-03, 8.625000000000000000e+03
7.098042273053816256e-03, 6.711000000000000000e+03
7.113957166042726189e-03, 5.652000000000000000e+03
7.129872059031636122e-03, 5.580000000000000000e+03
7.145786952020546055e-03, 6.348000000000000000e+03
7.161701845009455988e-03, 8.096000000000000000e+03
7.177616737998365921e-03, 1.052000000000000000e+04
7.193531630987275854e-03, 1.334800000000000000e+04
7.209446523976185787e-03, 1.640800000000000000e+04
7.225361416965095721e-03, 1.958500000000000000e+04
7.241276309954005654e-03, 2.239000000000000000e+04
7.257191202942915587e-03, 2.481100000000000000e+04
7.273106095931825520e-03, 2.643800000000000000e+04
7.289020988920735453e-03, 2.721900000000000000e+04
7.304935881909645386e-03, 2.713100000000000000e+04
7.320850774898555319e-03, 2.607400000000000000e+04
7.336765667887465252e-03, 2.420000000000000000e+04
7.352680560876375185e-03, 2.172600000000000000e+04
7.368595453865285118e-03, 1.874500000000000000e+04
7.384510346854195051e-03, 1.558500000000000000e+04
7.400425239843104117e-03, 1.243100000000000000e+04
7.416340132832014050e-03, 9.741000000000000000e+03
7.432255025820923983e-03, 7.596000000000000000e+03
7.448169918809833916e-03, 6.102000000000000000e+03
7.464084811798743849e-03, 5.580000000000000000e+03
7.479999704787653782e-03, 5.928000000000000000e+03
7.495914597776563715e-03, 7.156000000000000000e+03
7.511829490765473648e-03, 9.257000000000000000e+03
7.527744383754383581e-03, 1.189100000000000000e+04
7.543659276743293514e-03, 1.489900000000000000e+04
7.559574169732203447e-03, 1.798500000000000000e+04
7.575489062721113380e-03, 2.103800000000000000e+04
7.591403955710023313e-03, 2.367100000000000000e+04
7.607318848698933246e-03, 2.574900000000000000e+04
7.623233741687843179e-03, 2.694800000000000000e+04
7.639148634676753112e-03, 2.726400000000000000e+04
7.655063527665663045e-03, 2.665700000000000000e+04
7.670978420654572978e-03, 2.514700000000000000e+04
7.686893313643482911e-03, 2.293500000000000000e+04
7.702808206632392844e-03, 2.013900000000000000e+04
7.718723099621302777e-03, 1.700700000000000000e+04
7.734637992610212710e-03, 1.380000000000000000e+04
7.750552885599122643e-03, 1.083900000000000000e+04
7.766467778588032576e-03, 8.368000000000000000e+03
7.782382671576942509e-03, 6.554000000000000000e+03
7.798297564565852442e-03, 5.606000000000000000e+03
7.814212457554762375e-03, 5.597000000000000000e+03
7.830127350543671441e-03, 6.432000000000000000e+03
7.846042243532582242e-03, 8.209000000000000000e+03
7.861957136521491307e-03, 1.062700000000000000e+04
7.877872029510402108e-03, 1.345900000000000000e+04
7.893786922499311173e-03, 1.654600000000000000e+04
7.909701815488221974e-03, 1.974200000000000000e+04
7.925616708477131039e-03, 2.253800000000000000e+04
7.941531601466041840e-03, 2.495300000000000000e+04
7.957446494454950905e-03, 2.652600000000000000e+04
7.973361387443861706e-03, 2.722600000000000000e+04
7.989276280432770772e-03, 2.703300000000000000e+04
8.005191173421681572e-03, 2.582700000000000000e+04
8.021106066410590638e-03, 2.390100000000000000e+04
8.037020959399501438e-03, 2.138000000000000000e+04
8.052935852388410504e-03, 1.835200000000000000e+04
8.068850745377319569e-03, 1.518300000000000000e+04
8.084765638366230370e-03, 1.208700000000000000e+04
8.100680531355139435e-03, 9.417000000000000000e+03
8.116595424344050236e-03, 7.310000000000000000e+03
8.132510317332959301e-03, 6.003000000000000000e+03
8.148425210321870102e-03, 5.617000000000000000e+03
8.164340103310779168e-03, 6.050000000000000000e+03
8.180254996299689968e-03, 7.367000000000000000e+03
8.196169889288599034e-03, 9.473000000000000000e+03
8.212084782277509834e-03, 1.210900000000000000e+04
8.227999675266418900e-03, 1.516600000000000000e+04
8.243914568255329700e-03, 1.833500000000000000e+04
8.259829461244238766e-03, 2.137300000000000000e+04
8.275744354233149566e-03, 2.396100000000000000e+04
8.291659247222058632e-03, 2.592300000000000000e+04
8.307574140210969432e-03, 2.701900000000000000e+04
8.323489033199878498e-03, 2.726800000000000000e+04
8.339403926188789298e-03, 2.658000000000000000e+04
8.355318819177698364e-03, 2.499800000000000000e+04
8.371233712166609164e-03, 2.268900000000000000e+04
8.387148605155518230e-03, 1.989400000000000000e+04
8.403063498144429030e-03, 1.678400000000000000e+04
8.418978391133338096e-03, 1.358500000000000000e+04
8.434893284122248897e-03, 1.066900000000000000e+04
8.450808177111157962e-03, 8.216000000000000000e+03
8.466723070100068763e-03, 6.441000000000000000e+03
8.482637963088977828e-03, 5.572000000000000000e+03
8.498552856077888629e-03, 5.659000000000000000e+03
8.514467749066797694e-03, 6.543000000000000000e+03
8.530382642055706760e-03, 8.366000000000000000e+03
8.546297535044617560e-03, 1.084200000000000000e+04
8.562212428033526626e-03, 1.377700000000000000e+04
8.578127321022437426e-03, 1.691300000000000000e+04
8.594042214011346492e-03, 2.008900000000000000e+04
8.609957107000257293e-03, 2.282200000000000000e+04
8.625871999989166358e-03, 2.513700000000000000e+04
8.641786892978077159e-03, 2.662700000000000000e+04
8.657701785966986224e-03, 2.725800000000000000e+04
8.673616678955897025e-03, 2.701500000000000000e+04
8.689531571944806090e-03, 2.579000000000000000e+04
8.705446464933716891e-03, 2.384700000000000000e+04
8.721361357922625956e-03, 2.127100000000000000e+04
8.737276250911536757e-03, 1.819600000000000000e+04
8.753191143900445823e-03, 1.500600000000000000e+04
8.769106036889356623e-03, 1.199400000000000000e+04
8.785020929878265689e-03, 9.370000000000000000e+03
8.800935822867176489e-03, 7.265000000000000000e+03
8.816850715856085555e-03, 5.907000000000000000e+03
8.832765608844996355e-03, 5.532000000000000000e+03
8.848680501833905421e-03, 6.032000000000000000e+03
8.864595394822816221e-03, 7.459000000000000000e+03
8.880510287811725287e-03, 9.689000000000000000e+03
8.896425180800636087e-03, 1.243300000000000000e+04
8.912340073789545153e-03, 1.551700000000000000e+04
8.928254966778455953e-03, 1.866700000000000000e+04
8.944169859767365019e-03, 2.161100000000000000e+04
8.960084752756274085e-03, 2.417100000000000000e+04
8.975999645745184885e-03, 2.605900000000000000e+04
8.991914538734093951e-03, 2.708500000000000000e+04
9.007829431723004751e-03, 2.723800000000000000e+04
9.023744324711913817e-03, 2.647700000000000000e+04
9.039659217700824617e-03, 2.485600000000000000e+04
9.055574110689733683e-03, 2.249300000000000000e+04
9.071489003678644483e-03, 1.959200000000000000e+04
9.087403896667553549e-03, 1.651000000000000000e+04
9.103318789656464349e-03, 1.336900000000000000e+04
9.119233682645373415e-03, 1.049700000000000000e+04
9.135148575634284215e-03, 8.094000000000000000e+03
9.151063468623193281e-03, 6.361000000000000000e+03
9.166978361612104081e-03, 5.550000000000000000e+03
9.182893254601013147e-03, 5.696000000000000000e+03
9.198808147589923948e-03, 6.690000000000000000e+03
9.214723040578833013e-03, 8.566000000000000000e+03
9.230637933567743814e-03, 1.103900000000000000e+04
9.246552826556652879e-03, 1.399500000000000000e+04
9.262467719545563680e-03, 1.711400000000000000e+04
9.278382612534472745e-03, 2.022400000000000000e+04
9.294297505523383546e-03, 2.288800000000000000e+04
9.310212398512292611e-03, 2.516800000000000000e+04
9.326127291501203412e-03, 2.662100000000000000e+04
9.342042184490112477e-03, 2.721900000000000000e+04
9.357957077479023278e-03, 2.693500000000000000e+04
9.373871970467932344e-03, 2.566100000000000000e+04
9.389786863456843144e-03, 2.360500000000000000e+04
9.405701756445752210e-03, 2.093900000000000000e+04
9.421616649434661275e-03, 1.782700000000000000e+04
9.437531542423572076e-03, 1.466100000000000000e+04
9.453446435412481141e-03, 1.162500000000000000e+04
9.469361328401391942e-03, 9.017000000000000000e+03
9.485276221390301007e-03, 6.994000000000000000e+03
9.501191114379211808e-03, 5.761000000000000000e+03
9.517106007368120874e-03, 5.513000000000000000e+03
9.533020900357031674e-03, 6.097000000000000000e+03
9.548935793345940740e-03, 7.591000000000000000e+03
9.564850686334851540e-03, 9.862000000000000000e+03
9.580765579323760606e-03, 1.262100000000000000e+04
9.596680472312671406e-03, 1.572200000000000000e+04
9.612595365301580472e-03, 1.892100000000000000e+04
9.628510258290491272e-03, 2.183200000000000000e+04
9.644425151279400338e-03, 2.435300000000000000e+04
9.660340044268311138e-03, 2.616400000000000000e+04
9.676254937257220204e-03, 2.713300000000000000e+04
9.692169830246131004e-03, 2.722100000000000000e+04
9.708084723235040070e-03, 2.635700000000000000e+04
9.723999616223950870e-03, 2.462100000000000000e+04
9.739914509212859936e-03, 2.216500000000000000e+04
9.755829402201770736e-03, 1.924200000000000000e+04
9.771744295190679802e-03, 1.612600000000000000e+04
9.787659188179590602e-03, 1.296600000000000000e+04
9.803574081168499668e-03, 1.014100000000000000e+04
9.819488974157410469e-03, 7.828000000000000000e+03
9.835403867146319534e-03, 6.203000000000000000e+03
9.851318760135228600e-03, 5.511000000000000000e+03
9.867233653124139400e-03, 5.723000000000000000e+03
9.883148546113048466e-03, 6.796000000000000000e+03
9.899063439101959266e-03, 8.770000000000000000e+03
9.914978332090868332e-03, 1.133800000000000000e+04
9.930893225079779132e-03, 1.436100000000000000e+04
9.946808118068688198e-03, 1.746500000000000000e+04
9.962723011057598999e-03, 2.057600000000000000e+04
9.978637904046508064e-03, 2.324900000000000000e+04
9.994552797035418865e-03, 2.545500000000000000e+04
1.001046769002432793e-02, 2.680200000000000000e+04
1.002638258301323873e-02, 2.727400000000000000e+04
1.004229747600214780e-02, 2.684800000000000000e+04
1.005821236899105860e-02, 2.541900000000000000e+04
1.007412726197996766e-02, 2.330000000000000000e+04
1.009004215496887846e-02, 2.064900000000000000e+04
1.010595704795778753e-02, 1.756700000000000000e+04
1.012187194094669833e-02, 1.438500000000000000e+04
1.013778683393560739e-02, 1.137000000000000000e+04
1.015370172692451819e-02, 8.814000000000000000e+03
1.016961661991342726e-02, 6.861000000000000000e+03
1.018553151290233806e-02, 5.700000000000000000e+03
1.020144640589124713e-02, 5.524000000000000000e+03
1.021736129888015793e-02, 6.190000000000000000e+03
1.023327619186906699e-02, 7.785000000000000000e+03
1.024919108485797779e-02, 1.006000000000000000e+04
1.026510597784688686e-02, 1.283600000000000000e+04
1.028102087083579766e-02, 1.593000000000000000e+04
1.029693576382470672e-02, 1.913100000000000000e+04
1.031285065681361579e-02, 2.202600000000000000e+04
1.032876554980252659e-02, 2.453000000000000000e+04
1.034468044279143566e-02, 2.627200000000000000e+04
1.036059533578034646e-02, 2.714200000000000000e+04
1.037651022876925552e-02, 2.707100000000000000e+04
1.039242512175816632e-02, 2.612400000000000000e+04
1.040834001474707539e-02, 2.438000000000000000e+04
1.042425490773598619e-02, 2.195900000000000000e+04
1.044016980072489525e-02, 1.897200000000000000e+04
1.045608469371380606e-02, 1.583500000000000000e+04
1.047199958670271512e-02, 1.269900000000000000e+04
1.048791447969162592e-02, 9.932000000000000000e+03
1.050382937268053499e-02, 7.661000000000000000e+03
1.051974426566944579e-02, 6.096000000000000000e+03
1.053565915865835485e-02, 5.497000000000000000e+03
1.055157405164726565e-02, 5.797000000000000000e+03
1.056748894463617472e-02, 6.925000000000000000e+03
1.058340383762508552e-02, 8.938000000000000000e+03
1.059931873061399459e-02, 1.152200000000000000e+04
1.061523362360290539e-02, 1.454100000000000000e+04
1.063114851659181445e-02, 1.759300000000000000e+04
1.064706340958072525e-02, 2.067400000000000000e+04
1.066297830256963432e-02, 2.334700000000000000e+04
1.067889319555854512e-02, 2.551700000000000000e+04
1.069480808854745418e-02, 2.683800000000000000e+04
1.071072298153636498e-02, 2.726500000000000000e+04
1.072663787452527405e-02, 2.679300000000000000e+04
1.074255276751418485e-02, 2.536100000000000000e+04
1.075846766050309392e-02, 2.323000000000000000e+04
1.077438255349200298e-02, 2.052800000000000000e+04
1.079029744648091378e-02, 1.741100000000000000e+04
1.080621233946982285e-02, 1.421500000000000000e+04
1.082212723245873365e-02, 1.118500000000000000e+04
1.083804212544764271e-02, 8.641000000000000000e+03
1.085395701843655351e-02, 6.735000000000000000e+03
1.086987191142546258e-02, 5.667000000000000000e+03
1.088578680441437338e-02, 5.553000000000000000e+03
1.090170169740328245e-02, 6.271000000000000000e+03
1.091761659039219325e-02, 7.939000000000000000e+03
1.093353148338110231e-02, 1.031700000000000000e+04
1.094944637637001311e-02, 1.309200000000000000e+04
1.096536126935892218e-02, 1.615000000000000000e+04
1.098127616234783298e-02, 1.934500000000000000e+04
1.099719105533674204e-02, 2.219300000000000000e+04
1.101310594832565284e-02, 2.468200000000000000e+04
1.102902084131456191e-02, 2.637500000000000000e+04
1.104493573430347271e-02, 2.718900000000000000e+04
1.106085062729238178e-02, 2.712700000000000000e+04
1.107676552028129258e-02, 2.613800000000000000e+04
1.109268041327020164e-02, 2.432000000000000000e+04
1.110859530625911244e-02, 2.183100000000000000e+04
1.112451019924802151e-02, 1.881600000000000000e+04
1.114042509223693231e-02, 1.563000000000000000e+04
1.115633998522584137e-02, 1.246700000000000000e+04
1.117225487821475217e-02, 9.726000000000000000e+03
1.118816977120366124e-02, 7.518000000000000000e+03
1.120408466419257031e-02, 6.007000000000000000e+03
1.121999955718148111e-02, 5.477000000000000000e+03
1.123591445017039017e-02, 5.845000000000000000e+03
1.125182934315930097e-02, 7.089000000000000000e+03
1.126774423614821004e-02, 9.150000000000000000e+03
1.128365912913712084e-02, 1.172900000000000000e+04
1.129957402212602990e-02, 1.476100000000000000e+04
1.131548891511494070e-02, 1.791400000000000000e+04
1.133140380810384977e-02, 2.101400000000000000e+04
1.134731870109276057e-02, 2.364900000000000000e+04
1.136323359408166964e-02, 2.572700000000000000e+04
1.137914848707058044e-02, 2.692900000000000000e+04
1.139506338005948950e-02, 2.727600000000000000e+04
1.141097827304840030e-02, 2.672800000000000000e+04
1.142689316603730937e-02, 2.523500000000000000e+04
1.144280805902622017e-02, 2.300000000000000000e+04
1.145872295201512923e-02, 2.018700000000000000e+04
1.147463784500404003e-02, 1.704300000000000000e+04
1.149055273799294910e-02, 1.387000000000000000e+04
1.150646763098185990e-02, 1.093000000000000000e+04
1.152238252397076897e-02, 8.512000000000000000e+03
1.153829741695967977e-02, 6.734000000000000000e+03
1.155421230994858883e-02, 5.737000000000000000e+03
1.157012720293749963e-02, 5.678000000000000000e+03
1.158604209592640870e-02, 6.493000000000000000e+03
1.160195698891531950e-02, 8.260000000000000000e+03
1.161787188190422856e-02, 1.064800000000000000e+04
1.163378677489313937e-02, 1.347700000000000000e+04
1.164970166788204843e-02, 1.655300000000000000e+04
1.166561656087095750e-02, 1.973300000000000000e+04
1.168153145385986830e-02, 2.250600000000000000e+04
1.169744634684877736e-02, 2.489900000000000000e+04
1.171336123983768816e-02, 2.644500000000000000e+04
1.172927613282659723e-02, 2.710200000000000000e+04
1.174519102581550803e-02, 2.696900000000000000e+04
1.176110591880441709e-02, 2.590300000000000000e+04
1.177702081179332790e-02, 2.405700000000000000e+04
1.179293570478223696e-02, 2.159400000000000000e+04
1.180885059777114776e-02, 1.857800000000000000e+04
1.182476549076005683e-02, 1.541200000000000000e+04
1.184068038374896763e-02, 1.231000000000000000e+04
1.185659527673787669e-02, 9.669000000000000000e+03
1.187251016972678749e-02, 7.501000000000000000e+03
1.188842506271569656e-02, 6.027000000000000000e+03
1.190433995570460736e-02, 5.545000000000000000e+03
1.192025484869351643e-02, 5.931000000000000000e+03
1.193616974168242723e-02, 7.230000000000000000e+03
1.195208463467133629e-02, 9.376000000000000000e+03
1.196799952766024709e-02, 1.204500000000000000e+04
1.198391442064915616e-02, 1.512900000000000000e+04
1.199982931363806696e-02, 1.827200000000000000e+04
1.201574420662697602e-02, 2.128400000000000000e+04
1.203165909961588682e-02, 2.383200000000000000e+04
1.204757399260479589e-02, 2.574800000000000000e+04
1.206348888559370669e-02, 2.687300000000000000e+04
1.207940377858261576e-02, 2.717100000000000000e+04
1.209531867157152482e-02, 2.655500000000000000e+04
1.211123356456043562e-02, 2.506100000000000000e+04
1.212714845754934469e-02, 2.280300000000000000e+04
1.214306335053825549e-02, 1.997300000000000000e+04
1.215897824352716455e-02, 1.683500000000000000e+04
1.217489313651607535e-02, 1.362300000000000000e+04
1.219080802950498442e-02, 1.070800000000000000e+04
1.220672292249389522e-02, 8.273000000000000000e+03
1.222263781548280429e-02, 6.508000000000000000e+03
1.223855270847171509e-02, 5.694000000000000000e+03
1.225446760146062415e-02, 5.756000000000000000e+03
1.227038249444953495e-02, 6.604000000000000000e+03
1.228629738743844402e-02, 8.387000000000000000e+03
1.230221228042735482e-02, 1.086600000000000000e+04
1.231812717341626388e-02, 1.375800000000000000e+04
1.233404206640517468e-02, 1.682400000000000000e+04
1.234995695939408375e-02, 1.997200000000000000e+04
1.236587185238299455e-02, 2.272800000000000000e+04
1.238178674537190362e-02, 2.507600000000000000e+04
1.239770163836081442e-02, 2.658600000000000000e+04
1.241361653134972348e-02, 2.724200000000000000e+04
1.242953142433863428e-02, 2.705400000000000000e+04
1.244544631732754335e-02, 2.587900000000000000e+04
1.246136121031645415e-02, 2.391900000000000000e+04
1.247727610330536321e-02, 2.134300000000000000e+04
1.249319099629427401e-02, 1.834400000000000000e+04
1.250910588928318308e-02, 1.519400000000000000e+04
1.252502078227209388e-02, 1.208300000000000000e+04
1.254093567526100295e-02, 9.388000000000000000e+03
1.255685056824991201e-02, 7.247000000000000000e+03
1.257276546123882281e-02, 5.867000000000000000e+03
1.258868035422773188e-02, 5.500000000000000000e+03
1.260459524721664268e-02, 5.997000000000000000e+03
1.262051014020555174e-02, 7.360000000000000000e+03
1.263642503319446254e-02, 9.551000000000000000e+03
1.265233992618337161e-02, 1.224100000000000000e+04
1.266825481917228241e-02, 1.531200000000000000e+04
1.268416971216119148e-02, 1.840100000000000000e+04
1.270008460515010228e-02, 2.136600000000000000e+04
1.271599949813901134e-02, 2.396100000000000000e+04
1.273191439112792214e-02, 2.591700000000000000e+04
1.274782928411683121e-02, 2.702200000000000000e+04
1.276374417710574201e-02, 2.724200000000000000e+04
1.277965907009465107e-02, 2.650800000000000000e+04
1.279557396308356187e-02, 2.489600000000000000e+04
1.281148885607247094e-02, 2.260600000000000000e+04
1.282740374906138174e-02, 1.975900000000000000e+04
1.284331864205029081e-02, 1.662300000000000000e+04
1.285923353503920161e-02, 1.342300000000000000e+04
1.287514842802811067e-02, 1.051700000000000000e+04
1.289106332101702147e-02, 8.106000000000000000e+03
1.290697821400593054e-02, 6.376000000000000000e+03
1.292289310699484134e-02, 5.557000000000000000e+03
1.293880799998375040e-02, 5.757000000000000000e+03
1.295472289297266121e-02, 6.742000000000000000e+03
1.297063778596157027e-02, 8.593000000000000000e+03
1.298655267895047934e-02, 1.105100000000000000e+04
1.300246757193939014e-02, 1.399900000000000000e+04
1.301838246492829920e-02, 1.709700000000000000e+04
1.303429735791721000e-02, 2.023400000000000000e+04
1.305021225090611907e-02, 2.294000000000000000e+04
1.306612714389502987e-02, 2.523100000000000000e+04
1.308204203688393893e-02, 2.668000000000000000e+04
1.309795692987284974e-02, 2.726200000000000000e+04
1.311387182286175880e-02, 2.697300000000000000e+04
1.312978671585066960e-02, 2.565600000000000000e+04
1.314570160883957867e-02, 2.360400000000000000e+04
1.316161650182848947e-02, 2.100700000000000000e+04
1.317753139481739853e-02, 1.795800000000000000e+04
1.319344628780630933e-02, 1.478500000000000000e+04
1.320936118079521840e-02, 1.172200000000000000e+04
1.322527607378412920e-02, 9.106000000000000000e+03
1.324119096677303827e-02, 7.070000000000000000e+03
1.325710585976194907e-02, 5.789000000000000000e+03
1.327302075275085813e-02, 5.491000000000000000e+03
1.328893564573976893e-02, 6.058000000000000000e+03
1.330485053872867800e-02, 7.544000000000000000e+03
1.332076543171758880e-02, 9.769000000000000000e+03
1.333668032470649786e-02, 1.245900000000000000e+04
1.335259521769540866e-02, 1.553100000000000000e+04
1.336851011068431773e-02, 1.871800000000000000e+04
1.338442500367322853e-02, 2.168600000000000000e+04
1.340033989666213760e-02, 2.425000000000000000e+04
1.341625478965104840e-02, 2.610300000000000000e+04
1.343216968263995746e-02, 2.709600000000000000e+04
1.344808457562886653e-02, 2.723000000000000000e+04
1.346399946861777733e-02, 2.642700000000000000e+04
1.347991436160668639e-02, 2.475700000000000000e+04
1.349582925459559719e-02, 2.236300000000000000e+04
1.351174414758450626e-02, 1.941600000000000000e+04
1.352765904057341706e-02, 1.625500000000000000e+04
1.354357393356232613e-02, 1.308800000000000000e+04
1.355948882655123693e-02, 1.026200000000000000e+04
1.357540371954014599e-02, 7.919000000000000000e+03
1.359131861252905679e-02, 6.248000000000000000e+03
1.360723350551796586e-02, 5.518000000000000000e+03
1.362314839850687666e-02, 5.717000000000000000e+03
1.363906329149578572e-02, 6.740000000000000000e+03
1.365497818448469652e-02, 8.650000000000000000e+03
1.367089307747360559e-02, 1.117000000000000000e+04
1.368680797046251639e-02, 1.415400000000000000e+04
1.370272286345142546e-02, 1.728600000000000000e+04
1.371863775644033626e-02, 2.045200000000000000e+04
1.373455264942924532e-02, 2.314800000000000000e+04
1.375046754241815612e-02, 2.537200000000000000e+04
1.376638243540706519e-02, 2.675500000000000000e+04
1.378229732839597599e-02, 2.728100000000000000e+04
1.379821222138488505e-02, 2.692000000000000000e+04
1.381412711437379585e-02, 2.558900000000000000e+04
1.383004200736270492e-02, 2.346700000000000000e+04
1.384595690035161572e-02, 2.076900000000000000e+04
1.386187179334052479e-02, 1.768300000000000000e+04
1.387778668632943559e-02, 1.452800000000000000e+04
1.389370157931834465e-02, 1.149600000000000000e+04
1.390961647230725372e-02, 8.904000000000000000e+03
1.392553136529616452e-02, 6.920000000000000000e+03
1.394144625828507358e-02, 5.737000000000000000e+03
1.395736115127398438e-02, 5.521000000000000000e+03
1.397327604426289345e-02, 6.132000000000000000e+03
1.398919093725180425e-02, 7.685000000000000000e+03
1.400510583024071332e-02, 9.988000000000000000e+03
1.402102072322962412e-02, 1.274400000000000000e+04
1.403693561621853318e-02, 1.576900000000000000e+04
1.405285050920744398e-02, 1.894200000000000000e+04
1.406876540219635305e-02, 2.185000000000000000e+04
1.408468029518526385e-02, 2.439400000000000000e+04
1.410059518817417291e-02, 2.620100000000000000e+04
1.411651008116308371e-02, 2.713500000000000000e+04
1.413242497415199278e-02, 2.718600000000000000e+04
1.414833986714090358e-02, 2.626600000000000000e+04
1.416425476012981265e-02, 2.446600000000000000e+04
1.418016965311872345e-02, 2.203900000000000000e+04
1.419608454610763251e-02, 1.911500000000000000e+04
1.421199943909654331e-02, 1.598700000000000000e+04
1.422791433208545238e-02, 1.281700000000000000e+04
1.424382922507436318e-02, 1.002500000000000000e+04
1.425974411806327224e-02, 7.745000000000000000e+03
1.427565901105218305e-02, 6.152000000000000000e+03
1.429157390404109211e-02, 5.495000000000000000e+03
1.430748879703000291e-02, 5.755000000000000000e+03
1.432340369001891198e-02, 6.878000000000000000e+03
1.433931858300782104e-02, 8.891000000000000000e+03
1.435523347599673184e-02, 1.150500000000000000e+04
1.437114836898564091e-02, 1.450900000000000000e+04
1.438706326197455171e-02, 1.760300000000000000e+04
1.440297815496346077e-02, 2.068600000000000000e+04
1.441889304795237157e-02, 2.324900000000000000e+04
1.443480794094128064e-02, 2.539500000000000000e+04
1.445072283393019144e-02, 2.673500000000000000e+04
1.446663772691910051e-02, 2.720900000000000000e+04
1.448255261990801131e-02, 2.681900000000000000e+04
1.449846751289692037e-02, 2.544500000000000000e+04
1.451438240588583117e-02, 2.330100000000000000e+04
1.453029729887474024e-02, 2.058900000000000000e+04
1.454621219186365104e-02, 1.744400000000000000e+04
1.456212708485256010e-02, 1.426300000000000000e+04
1.457804197784147091e-02, 1.126300000000000000e+04
1.459395687083037997e-02, 8.721000000000000000e+03
1.460987176381929077e-02, 6.783000000000000000e+03
1.462578665680819984e-02, 5.674000000000000000e+03
1.464170154979711064e-02, 5.545000000000000000e+03
1.465761644278601970e-02, 6.252000000000000000e+03
1.467353133577493050e-02, 7.953000000000000000e+03
1.468944622876383957e-02, 1.031400000000000000e+04
1.470536112175275037e-02, 1.310100000000000000e+04
1.472127601474165944e-02, 1.615600000000000000e+04
1.473719090773057024e-02, 1.923800000000000000e+04
1.475310580071947930e-02, 2.204100000000000000e+04
1.476902069370839010e-02, 2.453000000000000000e+04
1.478493558669729917e-02, 2.626500000000000000e+04
1.480085047968620823e-02, 2.715200000000000000e+04
1.481676537267511903e-02, 2.714900000000000000e+04
1.483268026566402810e-02, 2.617800000000000000e+04
1.484859515865293890e-02, 2.436800000000000000e+04
1.486451005164184797e-02, 2.194900000000000000e+04
1.488042494463075877e-02, 1.898800000000000000e+04
1.489633983761966783e-02, 1.582600000000000000e+04
1.491225473060857863e-02, 1.265400000000000000e+04
1.492816962359748770e-02, 9.862000000000000000e+03
1.494408451658639850e-02, 7.599000000000000000e+03
1.495999940957530756e-02, 6.060000000000000000e+03
1.497591430256421836e-02, 5.500000000000000000e+03
1.499182919555312743e-02, 5.908000000000000000e+03
1.500774408854203823e-02, 7.136000000000000000e+03
1.502365898153094730e-02, 9.171000000000000000e+03
1.503957387451985810e-02, 1.173700000000000000e+04
1.505548876750876716e-02, 1.476900000000000000e+04
1.507140366049767796e-02, 1.789000000000000000e+04
1.508731855348658703e-02, 2.095200000000000000e+04
1.510323344647549783e-02, 2.356700000000000000e+04
1.511914833946440689e-02, 2.567500000000000000e+04
1.513506323245331769e-02, 2.691500000000000000e+04
1.515097812544222676e-02, 2.727900000000000000e+04
1.516689301843113756e-02, 2.674900000000000000e+04
1.518280791142004663e-02, 2.531000000000000000e+04
1.519872280440895743e-02, 2.313100000000000000e+04
1.521463769739786649e-02, 2.037500000000000000e+04
1.523055259038677556e-02, 1.725000000000000000e+04
1.524646748337568636e-02, 1.404000000000000000e+04
1.526238237636459542e-02, 1.104500000000000000e+04
1.527829726935350622e-02, 8.537000000000000000e+03
1.529421216234241529e-02, 6.669000000000000000e+03
1.531012705533132609e-02, 5.629000000000000000e+03
1.532604194832023516e-02, 5.562000000000000000e+03
1.534195684130914596e-02, 6.335000000000000000e+03
1.535787173429805502e-02, 8.047000000000000000e+03
1.537378662728696582e-02, 1.040900000000000000e+04
1.538970152027587489e-02, 1.321700000000000000e+04
1.540561641326478569e-02, 1.630600000000000000e+04
1.542153130625369475e-02, 1.950700000000000000e+04
1.543744619924260555e-02, 2.234000000000000000e+04
1.545336109223151462e-02, 2.479400000000000000e+04
1.546927598522042542e-02, 2.643600000000000000e+04
1.548519087820933449e-02, 2.720400000000000000e+04
1.550110577119824529e-02, 2.704900000000000000e+04
1.551702066418715435e-02, 2.594200000000000000e+04
1.553293555717606515e-02, 2.408600000000000000e+04
1.554885045016497422e-02, 2.160900000000000000e+04
1.556476534315388502e-02, 1.865700000000000000e+04
1.558068023614279408e-02, 1.556900000000000000e+04
1.559659512913170488e-02, 1.244400000000000000e+04
1.561251002212061395e-02, 9.699000000000000000e+03
1.562842491510952475e-02, 7.546000000000000000e+03
1.564433980809843555e-02, 6.120000000000000000e+03
1.566025470108734288e-02, 5.619000000000000000e+03
1.567616959407625368e-02, 5.978000000000000000e+03
1.569208448706516448e-02, 7.262000000000000000e+03
1.570799938005407181e-02, 9.403000000000000000e+03
1.572391427304298261e-02, 1.201100000000000000e+04
1.573982916603189341e-02, 1.501600000000000000e+04
1.575574405902080422e-02, 1.814400000000000000e+04
1.577165895200971155e-02, 2.119300000000000000e+04
1.578757384499862235e-02, 2.378300000000000000e+04
1.580348873798753315e-02, 2.580900000000000000e+04
1.581940363097644395e-02, 2.697000000000000000e+04
1.583531852396535128e-02, 2.728300000000000000e+04
1.585123341695426208e-02, 2.667300000000000000e+04
1.586714830994317288e-02, 2.514300000000000000e+04
1.588306320293208368e-02, 2.290100000000000000e+04
1.589897809592099101e-02, 2.014200000000000000e+04
1.591489298890990181e-02, 1.702600000000000000e+04
1.593080788189881261e-02, 1.382500000000000000e+04
1.594672277488772341e-02, 1.086700000000000000e+04
1.596263766787663074e-02, 8.375000000000000000e+03
1.597855256086554154e-02, 6.551000000000000000e+03
1.599446745385445234e-02, 5.605000000000000000e+03
1.601038234684336314e-02, 5.612000000000000000e+03
1.602629723983227047e-02, 6.431000000000000000e+03
1.604221213282118128e-02, 8.200000000000000000e+03
1.605812702581009208e-02, 1.064000000000000000e+04
1.607404191879900288e-02, 1.354800000000000000e+04
1.608995681178791021e-02, 1.667500000000000000e+04
1.610587170477682101e-02, 1.985100000000000000e+04
1.612178659776573181e-02, 2.260900000000000000e+04
1.613770149075463914e-02, 2.494800000000000000e+04
1.615361638374354994e-02, 2.641800000000000000e+04
1.616953127673246074e-02, 2.710800000000000000e+04
1.618544616972137154e-02, 2.696700000000000000e+04
1.620136106271027887e-02, 2.584000000000000000e+04
1.621727595569918967e-02, 2.387800000000000000e+04
1.623319084868810047e-02, 2.134000000000000000e+04
1.624910574167701127e-02, 1.832600000000000000e+04
1.626502063466591860e-02, 1.518500000000000000e+04
1.628093552765482940e-02, 1.207700000000000000e+04
1.629685042064374020e-02, 9.401000000000000000e+03
1.631276531363265100e-02, 7.282000000000000000e+03
1.632868020662155834e-02, 5.891000000000000000e+03
1.634459509961046914e-02, 5.480000000000000000e+03
1.636050999259937994e-02, 5.940000000000000000e+03
1.637642488558829074e-02, 7.304000000000000000e+03
1.639233977857719807e-02, 9.497000000000000000e+03
1.640825467156610887e-02, 1.221500000000000000e+04
1.642416956455501967e-02, 1.527600000000000000e+04
1.644008445754393047e-02, 1.841000000000000000e+04
1.645599935053283780e-02, 2.140200000000000000e+04
1.647191424352174860e-02, 2.398500000000000000e+04
1.648782913651065940e-02, 2.594300000000000000e+04
1.650374402949957020e-02, 2.703300000000000000e+04
1.651965892248847753e-02, 2.725700000000000000e+04
1.653557381547738833e-02, 2.658000000000000000e+04
1.655148870846629913e-02, 2.500600000000000000e+04
1.656740360145520646e-02, 2.269000000000000000e+04
1.658331849444411726e-02, 1.982000000000000000e+04
1.659923338743302806e-02, 1.665700000000000000e+04
1.661514828042193886e-02, 1.347100000000000000e+04
1.663106317341084620e-02, 1.059100000000000000e+04
1.664697806639975700e-02, 8.184000000000000000e+03
1.666289295938866780e-02, 6.421000000000000000e+03
1.667880785237757860e-02, 5.556000000000000000e+03
1.669472274536648593e-02, 5.648000000000000000e+03
1.671063763835539673e-02, 6.570000000000000000e+03
1.672655253134430753e-02, 8.373000000000000000e+03
1.674246742433321833e-02, 1.083100000000000000e+04
1.675838231732212566e-02, 1.376100000000000000e+04
1.677429721031103646e-02, 1.687700000000000000e+04
1.679021210329994726e-02, 2.007800000000000000e+04
1.680612699628885806e-02, 2.282700000000000000e+04
1.682204188927776539e-02, 2.514500000000000000e+04
1.683795678226667619e-02, 2.662100000000000000e+04
1.685387167525558699e-02, 2.725700000000000000e+04
1.686978656824449779e-02, 2.702000000000000000e+04
1.688570146123340512e-02, 2.579600000000000000e+04
1.690161635422231592e-02, 2.380100000000000000e+04
1.691753124721122672e-02, 2.115300000000000000e+04
1.693344614020013753e-02, 1.807100000000000000e+04
1.694936103318904486e-02, 1.491500000000000000e+04
1.696527592617795566e-02, 1.185700000000000000e+04
1.698119081916686646e-02, 9.205000000000000000e+03
1.699710571215577726e-02, 7.131000000000000000e+03
1.701302060514468459e-02, 5.820000000000000000e+03
1.702893549813359539e-02, 5.502000000000000000e+03
1.704485039112250619e-02, 6.112000000000000000e+03
1.706076528411141352e-02, 7.580000000000000000e+03
1.707668017710032432e-02, 9.788000000000000000e+03
1.709259507008923512e-02, 1.246400000000000000e+04
1.710850996307814592e-02, 1.544300000000000000e+04
1.712442485606705325e-02, 1.855500000000000000e+04
1.714033974905596405e-02, 2.151900000000000000e+04
1.715625464204487485e-02, 2.410100000000000000e+04
1.717216953503378565e-02, 2.601800000000000000e+04
1.718808442802269298e-02, 2.707000000000000000e+04
1.720399932101160378e-02, 2.723400000000000000e+04
1.721991421400051459e-02, 2.644900000000000000e+04
1.723582910698942539e-02, 2.475200000000000000e+04
1.725174399997833272e-02, 2.236100000000000000e+04
1.726765889296724352e-02, 1.948800000000000000e+04
1.728357378595615432e-02, 1.638200000000000000e+04
1.729948867894506512e-02, 1.328800000000000000e+04
1.731540357193397245e-02, 1.049200000000000000e+04
1.733131846492288325e-02, 8.114000000000000000e+03
1.734723335791179405e-02, 6.388000000000000000e+03
1.736314825090070485e-02, 5.573000000000000000e+03
1.737906314388961218e-02, 5.702000000000000000e+03
1.739497803687852298e-02, 6.689000000000000000e+03
1.741089292986743378e-02, 8.599000000000000000e+03
1.742680782285634458e-02, 1.107100000000000000e+04
1.744272271584525191e-02, 1.398700000000000000e+04
1.745863760883416271e-02, 1.709300000000000000e+04
1.747455250182307351e-02, 2.026400000000000000e+04
1.749046739481198084e-02, 2.293100000000000000e+04
1.750638228780089165e-02, 2.515000000000000000e+04
1.752229718078980245e-02, 2.658500000000000000e+04
1.753821207377871325e-02, 2.717500000000000000e+04
1.755412696676762058e-02, 2.683000000000000000e+04
1.757004185975653138e-02, 2.551500000000000000e+04
1.758595675274544218e-02, 2.348500000000000000e+04
1.760187164573435298e-02, 2.088600000000000000e+04
1.761778653872326031e-02, 1.780700000000000000e+04
1.763370143171217111e-02, 1.463100000000000000e+04
1.764961632470108191e-02, 1.159800000000000000e+04
1.766553121768999271e-02, 9.006000000000000000e+03
1.768144611067890004e-02, 6.991000000000000000e+03
1.769736100366781084e-02, 5.753000000000000000e+03
1.771327589665672164e-02, 5.505000000000000000e+03
1.772919078964563244e-02, 6.111000000000000000e+03
1.774510568263453977e-02, 7.617000000000000000e+03
1.776102057562345057e-02, 9.858000000000000000e+03
1.777693546861236137e-02, 1.260500000000000000e+04
1.779285036160127217e-02, 1.569400000000000000e+04
1.780876525459017951e-02, 1.889200000000000000e+04
1.782468014757909031e-02, 2.182800000000000000e+04
1.784059504056800111e-02, 2.436000000000000000e+04
1.785650993355691191e-02, 2.616500000000000000e+04
1.787242482654581924e-02, 2.712800000000000000e+04
1.788833971953473004e-02, 2.722500000000000000e+04
1.790425461252364084e-02, 2.636400000000000000e+04
1.792016950551254817e-02, 2.465100000000000000e+04
1.793608439850145897e-02, 2.225900000000000000e+04
1.795199929149036977e-02, 1.937500000000000000e+04
1.796791418447928057e-02, 1.623700000000000000e+04
1.798382907746818790e-02, 1.304600000000000000e+04
1.799974397045709870e-02, 1.024000000000000000e+04
1.801565886344600950e-02, 7.981000000000000000e+03
1.803157375643492030e-02, 6.339000000000000000e+03
1.804748864942382763e-02, 5.614000000000000000e+03
1.806340354241273843e-02, 5.799000000000000000e+03
1.807931843540164923e-02, 6.826000000000000000e+03
1.809523332839056003e-02, 8.776000000000000000e+03
1.811114822137946737e-02, 1.131800000000000000e+04
1.812706311436837817e-02, 1.432600000000000000e+04
1.814297800735728897e-02, 1.746400000000000000e+04
1.815889290034619977e-02, 2.058900000000000000e+04
1.817480779333510710e-02, 2.325700000000000000e+04
1.819072268632401790e-02, 2.545200000000000000e+04
1.820663757931292870e-02, 2.680700000000000000e+04
1.822255247230183950e-02, 2.728100000000000000e+04
1.823846736529074683e-02, 2.687300000000000000e+04
1.825438225827965763e-02, 2.548400000000000000e+04
1.827029715126856843e-02, 2.330700000000000000e+04
1.828621204425747923e-02, 2.062700000000000000e+04
1.830212693724638656e-02, 1.755200000000000000e+04
1.831804183023529736e-02, 1.439200000000000000e+04
1.833395672322420816e-02, 1.136200000000000000e+04
1.834987161621311896e-02, 8.800000000000000000e+03
1.836578650920202629e-02, 6.851000000000000000e+03
1.838170140219093709e-02, 5.712000000000000000e+03
1.839761629517984790e-02, 5.524000000000000000e+03
1.841353118816875523e-02, 6.182000000000000000e+03
1.842944608115766603e-02, 7.783000000000000000e+03
1.844536097414657683e-02, 1.010600000000000000e+04
1.846127586713548763e-02, 1.284200000000000000e+04
1.847719076012439496e-02, 1.591100000000000000e+04
1.849310565311330576e-02, 1.910800000000000000e+04
1.850902054610221656e-02, 2.199200000000000000e+04
1.852493543909112736e-02, 2.451700000000000000e+04
1.854085033208003469e-02, 2.627300000000000000e+04
1.855676522506894549e-02, 2.715800000000000000e+04
1.857268011805785629e-02, 2.717000000000000000e+04
1.858859501104676709e-02, 2.625900000000000000e+04
1.860450990403567442e-02, 2.449300000000000000e+04
1.862042479702458522e-02, 2.203800000000000000e+04
1.863633969001349602e-02, 1.905400000000000000e+04
1.865225458300240682e-02, 1.586600000000000000e+04
1.866816947599131415e-02, 1.269900000000000000e+04
1.868408436898022495e-02, 9.926000000000000000e+03
1.869999926196913576e-02, 7.665000000000000000e+03
1.871591415495804656e-02, 6.092000000000000000e+03
1.873182904794695389e-02, 5.490000000000000000e+03
1.874774394093586469e-02, 5.792000000000000000e+03
1.876365883392477549e-02, 6.960000000000000000e+03
1.877957372691368629e-02, 8.948000000000000000e+03
1.879548861990259362e-02, 1.151000000000000000e+04
1.881140351289150442e-02, 1.452800000000000000e+04
1.882731840588041522e-02, 1.766600000000000000e+04
1.884323329886932255e-02, 2.080000000000000000e+04
1.885914819185823335e-02, 2.345900000000000000e+04
1.887506308484714415e-02, 2.559300000000000000e+04
1.889097797783605495e-02, 2.686600000000000000e+04
1.890689287082496228e-02, 2.728100000000000000e+04
1.892280776381387308e-02, 2.681000000000000000e+04
1.893872265680278388e-02, 2.537400000000000000e+04
1.895463754979169468e-02, 2.318900000000000000e+04
1.897055244278060201e-02, 2.051300000000000000e+04
1.898646733576951282e-02, 1.742700000000000000e+04
1.900238222875842362e-02, 1.423600000000000000e+04
1.901829712174733442e-02, 1.121900000000000000e+04
1.903421201473624175e-02, 8.658000000000000000e+03
1.905012690772515255e-02, 6.736000000000000000e+03
1.906604180071406335e-02, 5.663000000000000000e+03
1.908195669370297415e-02, 5.569000000000000000e+03
1.909787158669188148e-02, 6.376000000000000000e+03
1.911378647968079228e-02, 8.072000000000000000e+03
1.912970137266970308e-02, 1.042200000000000000e+04
1.914561626565861388e-02, 1.322200000000000000e+04
1.916153115864752121e-02, 1.631100000000000000e+04
1.917744605163643201e-02, 1.948800000000000000e+04
1.919336094462534281e-02, 2.229100000000000000e+04
1.920927583761425361e-02, 2.472700000000000000e+04
1.922519073060316094e-02, 2.640200000000000000e+04
1.924110562359207174e-02, 2.720800000000000000e+04
1.925702051658098254e-02, 2.714000000000000000e+04
1.927293540956988988e-02, 2.611300000000000000e+04
1.928885030255880068e-02, 2.430400000000000000e+04
1.930476519554771148e-02, 2.184100000000000000e+04
1.932068008853662228e-02, 1.883200000000000000e+04
1.933659498152552961e-02, 1.566100000000000000e+04
1.935250987451444041e-02, 1.248500000000000000e+04
1.936842476750335121e-02, 9.727000000000000000e+03
1.938433966049226201e-02, 7.512000000000000000e+03
1.940025455348116934e-02, 6.015000000000000000e+03
1.941616944647008014e-02, 5.486000000000000000e+03
1.943208433945899094e-02, 5.840000000000000000e+03
1.944799923244790174e-02, 7.081000000000000000e+03
1.946391412543680907e-02, 9.178000000000000000e+03
1.947982901842571987e-02, 1.182900000000000000e+04
1.949574391141463067e-02, 1.488900000000000000e+04
1.951165880440354147e-02, 1.801700000000000000e+04
1.952757369739244880e-02, 2.106500000000000000e+04
1.954348859038135960e-02, 2.367600000000000000e+04
1.955940348337027040e-02, 2.575100000000000000e+04
1.957531837635918120e-02, 2.694600000000000000e+04
1.959123326934808854e-02, 2.727300000000000000e+04
1.960714816233699934e-02, 2.671500000000000000e+04
1.962306305532591014e-02, 2.524000000000000000e+04
1.963897794831482094e-02, 2.301100000000000000e+04
1.965489284130372827e-02, 2.021900000000000000e+04
1.967080773429263907e-02, 1.707100000000000000e+04
1.968672262728154987e-02, 1.386900000000000000e+04
1.970263752027045720e-02, 1.092000000000000000e+04
1.971855241325936800e-02, 8.444000000000000000e+03
1.973446730624827880e-02, 6.666000000000000000e+03
1.975038219923718960e-02, 5.744000000000000000e+03
1.976629709222609693e-02, 5.711000000000000000e+03
1.978221198521500773e-02, 6.486000000000000000e+03
1.979812687820391853e-02, 8.231000000000000000e+03
1.981404177119282933e-02, 1.066500000000000000e+04
1.982995666418173666e-02, 1.350800000000000000e+04
1.984587155717064746e-02, 1.656500000000000000e+04
1.986178645015955826e-02, 1.973600000000000000e+04
1.987770134314846907e-02, 2.251800000000000000e+04
1.989361623613737640e-02, 2.491100000000000000e+04
1.990953112912628720e-02, 2.649400000000000000e+04
1.992544602211519800e-02, 2.722600000000000000e+04
1.994136091510410880e-02, 2.710300000000000000e+04
1.995727580809301613e-02, 2.600200000000000000e+04
1.997319070108192693e-02, 2.409500000000000000e+04
1.998910559407083773e-02, 2.153700000000000000e+04
2.000502048705974853e-02, 1.846400000000000000e+04
2.002093538004865586e-02, 1.531000000000000000e+04
2.003685027303756666e-02, 1.220800000000000000e+04
2.005276516602647746e-02, 9.510000000000000000e+03
2.006868005901538826e-02, 7.347000000000000000e+03
2.008459495200429559e-02, 5.917000000000000000e+03
2.010050984499320639e-02, 5.488000000000000000e+03
2.011642473798211719e-02, 5.917000000000000000e+03
2.013233963097102799e-02, 7.211000000000000000e+03
2.014825452395993532e-02, 9.357000000000000000e+03
2.016416941694884613e-02, 1.201700000000000000e+04
2.018008430993775693e-02, 1.505100000000000000e+04
2.019599920292666426e-02, 1.813700000000000000e+04
2.021191409591557506e-02, 2.116300000000000000e+04
2.022782898890448586e-02, 2.378300000000000000e+04
2.024374388189339666e-02, 2.581300000000000000e+04
2.025965877488230399e-02, 2.697800000000000000e+04
2.027557366787121479e-02, 2.725900000000000000e+04
2.029148856086012559e-02, 2.660300000000000000e+04
2.030740345384903639e-02, 2.503200000000000000e+04
2.032331834683794372e-02, 2.269200000000000000e+04
2.033923323982685452e-02, 1.986000000000000000e+04
2.035514813281576532e-02, 1.676200000000000000e+04
2.037106302580467612e-02, 1.359800000000000000e+04
2.038697791879358345e-02, 1.068400000000000000e+04
2.040289281178249425e-02, 8.251000000000000000e+03
2.041880770477140505e-02, 6.477000000000000000e+03
2.043472259776031585e-02, 5.580000000000000000e+03
2.045063749074922319e-02, 5.616000000000000000e+03
2.046655238373813399e-02, 6.493000000000000000e+03
2.048246727672704479e-02, 8.309000000000000000e+03
2.049838216971595559e-02, 1.078100000000000000e+04
2.051429706270486292e-02, 1.373100000000000000e+04
2.053021195569377372e-02, 1.682800000000000000e+04
2.054612684868268452e-02, 1.998400000000000000e+04
2.056204174167159532e-02, 2.272500000000000000e+04
2.057795663466050265e-02, 2.508100000000000000e+04
2.059387152764941345e-02, 2.659400000000000000e+04
2.060978642063832425e-02, 2.724400000000000000e+04
2.062570131362723158e-02, 2.703200000000000000e+04
2.064161620661614238e-02, 2.587700000000000000e+04
2.065753109960505318e-02, 2.392800000000000000e+04
2.067344599259396398e-02, 2.134600000000000000e+04
2.068936088558287131e-02, 1.827200000000000000e+04
2.070527577857178211e-02, 1.506900000000000000e+04
2.072119067156069291e-02, 1.196900000000000000e+04
2.073710556454960371e-02, 9.310000000000000000e+03
2.075302045753851105e-02, 7.215000000000000000e+03
2.076893535052742185e-02, 5.847000000000000000e+03
2.078485024351633265e-02, 5.484000000000000000e+03
2.080076513650524345e-02, 5.988000000000000000e+03
2.081668002949415078e-02, 7.400000000000000000e+03
2.083259492248306158e-02, 9.669000000000000000e+03
2.084850981547197238e-02, 1.236600000000000000e+04
2.086442470846088318e-02, 1.540600000000000000e+04
2.088033960144979051e-02, 1.854300000000000000e+04
2.089625449443870131e-02, 2.152900000000000000e+04
2.091216938742761211e-02, 2.409300000000000000e+04
2.092808428041652291e-02, 2.600300000000000000e+04
2.094399917340543024e-02, 2.705600000000000000e+04
2.095991406639434104e-02, 2.716000000000000000e+04
2.097582895938325184e-02, 2.638600000000000000e+04
2.099174385237216264e-02, 2.479600000000000000e+04
2.100765874536106997e-02, 2.249000000000000000e+04
2.102357363834998077e-02, 1.960100000000000000e+04
2.103948853133889157e-02, 1.647800000000000000e+04
2.105540342432779891e-02, 1.332100000000000000e+04
2.107131831731670971e-02, 1.047000000000000000e+04
2.108723321030562051e-02, 8.077000000000000000e+03
2.110314810329453131e-02, 6.355000000000000000e+03
2.111906299628343864e-02, 5.544000000000000000e+03
2.113497788927234944e-02, 5.677000000000000000e+03
2.115089278226126024e-02, 6.706000000000000000e+03
2.116680767525017104e-02, 8.610000000000000000e+03
2.118272256823907837e-02, 1.108000000000000000e+04
2.119863746122798917e-02, 1.399200000000000000e+04
2.121455235421689997e-02, 1.709800000000000000e+04
2.123046724720581077e-02, 2.025000000000000000e+04
2.124638214019471810e-02, 2.295700000000000000e+04
2.126229703318362890e-02, 2.523200000000000000e+04
2.127821192617253970e-02, 2.668000000000000000e+04
2.129412681916145050e-02, 2.726900000000000000e+04
2.131004171215035783e-02, 2.698000000000000000e+04
2.132595660513926863e-02, 2.571600000000000000e+04
2.134187149812817944e-02, 2.372300000000000000e+04
2.135778639111709024e-02, 2.113600000000000000e+04
2.137370128410599757e-02, 1.805300000000000000e+04
2.138961617709490837e-02, 1.486000000000000000e+04
2.140553107008381917e-02, 1.176600000000000000e+04
2.142144596307272997e-02, 9.119000000000000000e+03
2.143736085606163730e-02, 7.070000000000000000e+03
2.145327574905054810e-02, 5.799000000000000000e+03
2.146919064203945890e-02, 5.502000000000000000e+03
2.148510553502836970e-02, 6.055000000000000000e+03
2.150102042801727703e-02, 7.536000000000000000e+03
2.151693532100618783e-02, 9.797000000000000000e+03
2.153285021399509863e-02, 1.248800000000000000e+04
2.154876510698400596e-02, 1.552100000000000000e+04
2.156467999997291676e-02, 1.869700000000000000e+04
2.158059489296182756e-02, 2.165400000000000000e+04
2.159650978595073836e-02, 2.423300000000000000e+04
2.161242467893964569e-02, 2.610000000000000000e+04
2.162833957192855650e-02, 2.709800000000000000e+04
2.164425446491746730e-02, 2.721700000000000000e+04
2.166016935790637810e-02, 2.641000000000000000e+04
2.167608425089528543e-02, 2.476000000000000000e+04
2.169199914388419623e-02, 2.237300000000000000e+04
2.170791403687310703e-02, 1.945000000000000000e+04
2.172382892986201783e-02, 1.635300000000000000e+04
2.173974382285092516e-02, 1.322400000000000000e+04
2.175565871583983596e-02, 1.037500000000000000e+04
2.177157360882874676e-02, 8.000000000000000000e+03
2.178748850181765756e-02, 6.299000000000000000e+03
2.180340339480656489e-02, 5.539000000000000000e+03
2.181931828779547569e-02, 5.723000000000000000e+03
2.183523318078438649e-02, 6.763000000000000000e+03
2.185114807377329729e-02, 8.740000000000000000e+03
2.186706296676220462e-02, 1.130200000000000000e+04
2.188297785975111542e-02, 1.426500000000000000e+04
2.189889275274002622e-02, 1.734700000000000000e+04
2.191480764572893702e-02, 2.048000000000000000e+04
2.193072253871784436e-02, 2.317200000000000000e+04
2.194663743170675516e-02, 2.539000000000000000e+04
2.196255232469566596e-02, 2.676000000000000000e+04
2.197846721768457329e-02, 2.727100000000000000e+04
2.199438211067348409e-02, 2.692300000000000000e+04
2.201029700366239489e-02, 2.559800000000000000e+04
2.202621189665130569e-02, 2.349900000000000000e+04
2.204212678964021302e-02, 2.081600000000000000e+04
2.205804168262912382e-02, 1.768400000000000000e+04
2.207395657561803462e-02, 1.451100000000000000e+04
2.208987146860694542e-02, 1.148600000000000000e+04
2.210578636159585275e-02, 8.947000000000000000e+03
2.212170125458476355e-02, 7.043000000000000000e+03
2.213761614757367435e-02, 5.858000000000000000e+03
2.215353104056258515e-02, 5.617000000000000000e+03
2.216944593355149248e-02, 6.205000000000000000e+03
2.218536082654040328e-02, 7.713000000000000000e+03
2.220127571952931408e-02, 9.993000000000000000e+03
2.221719061251822488e-02, 1.276700000000000000e+04
2.223310550550713222e-02, 1.586400000000000000e+04
2.224902039849604302e-02, 1.907000000000000000e+04
2.226493529148495382e-02, 2.195600000000000000e+04
2.228085018447386462e-02, 2.445800000000000000e+04
2.229676507746277195e-02, 2.622900000000000000e+04
2.231267997045168275e-02, 2.715600000000000000e+04
2.232859486344059355e-02, 2.720200000000000000e+04
2.234450975642950435e-02, 2.629500000000000000e+04
2.236042464941841168e-02, 2.453200000000000000e+04
2.237633954240732248e-02, 2.204700000000000000e+04
2.239225443539623328e-02, 1.909400000000000000e+04
2.240816932838514061e-02, 1.597000000000000000e+04
2.242408422137405141e-02, 1.281700000000000000e+04
2.243999911436296221e-02, 1.001600000000000000e+04
2.245591400735187301e-02, 7.732000000000000000e+03
2.247182890034078034e-02, 6.145000000000000000e+03
2.248774379332969114e-02, 5.508000000000000000e+03
2.250365868631860194e-02, 5.754000000000000000e+03
2.251957357930751275e-02, 6.870000000000000000e+03
2.253548847229642008e-02, 8.876000000000000000e+03
2.255140336528533088e-02, 1.145500000000000000e+04
2.256731825827424168e-02, 1.449800000000000000e+04
2.258323315126315248e-02, 1.761600000000000000e+04
2.259914804425205981e-02, 2.071500000000000000e+04
2.261506293724097061e-02, 2.335300000000000000e+04
2.263097783022988141e-02, 2.541900000000000000e+04
2.264689272321879221e-02, 2.671000000000000000e+04
2.266280761620769954e-02, 2.717300000000000000e+04
2.267872250919661034e-02, 2.675200000000000000e+04
2.269463740218552114e-02, 2.530700000000000000e+04
2.271055229517443194e-02, 2.316500000000000000e+04
2.272646718816333927e-02, 2.049500000000000000e+04
2.274238208115225007e-02, 1.741800000000000000e+04
2.275829697414116087e-02, 1.423700000000000000e+04
2.277421186713007167e-02, 1.123600000000000000e+04
2.279012676011897900e-02, 8.704000000000000000e+03
2.280604165310788981e-02, 6.783000000000000000e+03
2.282195654609680061e-02, 5.668000000000000000e+03
2.283787143908570794e-02, 5.537000000000000000e+03
2.285378633207461874e-02, 6.242000000000000000e+03
2.286970122506352954e-02, 7.882000000000000000e+03
2.288561611805244034e-02, 1.018500000000000000e+04
2.290153101104134767e-02, 1.297900000000000000e+04
2.291744590403025847e-02, 1.607300000000000000e+04
2.293336079701916927e-02, 1.927100000000000000e+04
2.294927569000808007e-02, 2.203900000000000000e+04
2.296519058299698740e-02, 2.449200000000000000e+04
2.298110547598589820e-02, 2.622600000000000000e+04
2.299702036897480900e-02, 2.710400000000000000e+04
2.301293526196371980e-02, 2.712600000000000000e+04
2.302885015495262713e-02, 2.617500000000000000e+04
2.304476504794153793e-02, 2.437100000000000000e+04
2.306067994093044873e-02, 2.189800000000000000e+04
2.307659483391935953e-02, 1.896600000000000000e+04
2.309250972690826686e-02, 1.584200000000000000e+04
2.310842461989717767e-02, 1.267800000000000000e+04
2.312433951288608847e-02, 9.891000000000000000e+03
2.314025440587499927e-02, 7.618000000000000000e+03
2.315616929886390660e-02, 6.064000000000000000e+03
2.317208419185281740e-02, 5.498000000000000000e+03
2.318799908484172820e-02, 5.834000000000000000e+03
2.320391397783063900e-02, 7.008000000000000000e+03
2.321982887081954633e-02, 9.049000000000000000e+03
2.323574376380845713e-02, 1.165100000000000000e+04
2.325165865679736793e-02, 1.468500000000000000e+04
2.326757354978627873e-02, 1.785000000000000000e+04
2.328348844277518606e-02, 2.094700000000000000e+04
2.329940333576409686e-02, 2.357200000000000000e+04
2.331531822875300766e-02, 2.566800000000000000e+04
2.333123312174191499e-02, 2.682000000000000000e+04
2.334714801473082579e-02, 2.714600000000000000e+04
2.336306290771973659e-02, 2.664100000000000000e+04
2.337897780070864739e-02, 2.520700000000000000e+04
2.339489269369755473e-02, 2.298300000000000000e+04
2.341080758668646553e-02, 2.022200000000000000e+04
2.342672247967537633e-02, 1.713700000000000000e+04
2.344263737266428713e-02, 1.398500000000000000e+04
2.345855226565319446e-02, 1.101800000000000000e+04
2.347446715864210526e-02, 8.514000000000000000e+03
2.349038205163101606e-02, 6.651000000000000000e+03
2.350629694461992686e-02, 5.636000000000000000e+03
2.352221183760883419e-02, 5.643000000000000000e+03
2.353812673059774499e-02, 6.466000000000000000e+03
2.355404162358665579e-02, 8.159000000000000000e+03
2.356995651657556659e-02, 1.052100000000000000e+04
2.358587140956447392e-02, 1.336900000000000000e+04
2.360178630255338472e-02, 1.645900000000000000e+04
2.361770119554229552e-02, 1.962000000000000000e+04
2.363361608853120632e-02, 2.240200000000000000e+04
2.364953098152011365e-02, 2.482300000000000000e+04
2.366544587450902445e-02, 2.645700000000000000e+04
2.368136076749793525e-02, 2.721900000000000000e+04
2.369727566048684606e-02, 2.710900000000000000e+04
2.371319055347575339e-02, 2.606500000000000000e+04
2.372910544646466419e-02, 2.421600000000000000e+04
2.374502033945357499e-02, 2.170600000000000000e+04
2.376093523244248232e-02, 1.867100000000000000e+04
2.377685012543139312e-02, 1.555400000000000000e+04
2.379276501842030392e-02, 1.246900000000000000e+04
2.380867991140921472e-02, 9.735000000000000000e+03
2.382459480439812205e-02, 7.516000000000000000e+03
2.384050969738703285e-02, 6.076000000000000000e+03
2.385642459037594365e-02, 5.640000000000000000e+03
2.387233948336485445e-02, 6.018000000000000000e+03
2.388825437635376178e-02, 7.260000000000000000e+03
2.390416926934267258e-02, 9.382000000000000000e+03
2.392008416233158338e-02, 1.202900000000000000e+04
2.393599905532049418e-02, 1.504500000000000000e+04
2.395191394830940151e-02, 1.815800000000000000e+04
2.396782884129831231e-02, 2.119200000000000000e+04
2.398374373428722311e-02, 2.379200000000000000e+04
2.399965862727613392e-02, 2.582000000000000000e+04
2.401557352026504125e-02, 2.697300000000000000e+04
2.403148841325395205e-02, 2.727100000000000000e+04
2.404740330624286285e-02, 2.667500000000000000e+04
2.406331819923177365e-02, 2.515200000000000000e+04
2.407923309222068098e-02, 2.288600000000000000e+04
2.409514798520959178e-02, 2.004900000000000000e+04
2.411106287819850258e-02, 1.689700000000000000e+04
2.412697777118741338e-02, 1.371900000000000000e+04
2.414289266417632071e-02, 1.080300000000000000e+04
2.415880755716523151e-02, 8.346000000000000000e+03
2.417472245015414231e-02, 6.529000000000000000e+03
2.419063734314304964e-02, 5.590000000000000000e+03
2.420655223613196044e-02, 5.613000000000000000e+03
2.422246712912087124e-02, 6.492000000000000000e+03
2.423838202210978204e-02, 8.329000000000000000e+03
2.425429691509868937e-02, 1.075900000000000000e+04
2.427021180808760017e-02, 1.361900000000000000e+04
2.428612670107651098e-02, 1.669500000000000000e+04
2.430204159406542178e-02, 1.987600000000000000e+04
2.431795648705432911e-02, 2.263400000000000000e+04
2.433387138004323991e-02, 2.499800000000000000e+04
2.434978627303215071e-02, 2.654300000000000000e+04
2.436570116602106151e-02, 2.724500000000000000e+04
2.438161605900996884e-02, 2.707200000000000000e+04
2.439753095199887964e-02, 2.592000000000000000e+04
2.441344584498779044e-02, 2.396900000000000000e+04
2.442936073797670124e-02, 2.136400000000000000e+04
2.444527563096560857e-02, 1.831500000000000000e+04
2.446119052395451937e-02, 1.517400000000000000e+04
2.447710541694343017e-02, 1.208100000000000000e+04
2.449302030993234097e-02, 9.395000000000000000e+03
2.450893520292124830e-02, 7.271000000000000000e+03
2.452485009591015910e-02, 5.884000000000000000e+03
2.454076498889906990e-02, 5.493000000000000000e+03
2.455667988188798070e-02, 5.940000000000000000e+03
2.457259477487688804e-02, 7.296000000000000000e+03
2.458850966786579884e-02, 9.483000000000000000e+03
2.460442456085470964e-02, 1.215100000000000000e+04
2.462033945384362044e-02, 1.514700000000000000e+04
2.463625434683252777e-02, 1.828600000000000000e+04
2.465216923982143857e-02, 2.131000000000000000e+04
2.466808413281034937e-02, 2.392000000000000000e+04
2.468399902579925670e-02, 2.591300000000000000e+04
2.469991391878816750e-02, 2.702300000000000000e+04
2.471582881177707830e-02, 2.725100000000000000e+04
2.473174370476598910e-02, 2.654800000000000000e+04
2.474765859775489643e-02, 2.499900000000000000e+04
2.476357349074380723e-02, 2.270000000000000000e+04
2.477948838373271803e-02, 1.983900000000000000e+04
2.479540327672162883e-02, 1.669800000000000000e+04
2.481131816971053616e-02, 1.348200000000000000e+04
2.482723306269944696e-02, 1.058400000000000000e+04
2.484314795568835776e-02, 8.173000000000000000e+03
2.485906284867726856e-02, 6.426000000000000000e+03
2.487497774166617590e-02, 5.556000000000000000e+03
2.489089263465508670e-02, 5.641000000000000000e+03
2.490680752764399750e-02, 6.566000000000000000e+03
2.492272242063290830e-02, 8.415000000000000000e+03
2.493863731362181563e-02, 1.084100000000000000e+04
2.495455220661072643e-02, 1.374600000000000000e+04
2.497046709959963723e-02, 1.685700000000000000e+04
2.498638199258854803e-02, 2.004400000000000000e+04
2.500229688557745536e-02, 2.281400000000000000e+04
2.501821177856636616e-02, 2.514600000000000000e+04
2.503412667155527696e-02, 2.662600000000000000e+04
2.505004156454418776e-02, 2.724100000000000000e+04
2.506595645753309509e-02, 2.701600000000000000e+04
2.508187135052200589e-02, 2.580300000000000000e+04
2.509778624351091669e-02, 2.380900000000000000e+04
2.511370113649982402e-02, 2.120200000000000000e+04
2.512961602948873482e-02, 1.809100000000000000e+04
2.514553092247764562e-02, 1.490500000000000000e+04
2.516144581546655642e-02, 1.184000000000000000e+04
2.517736070845546376e-02, 9.206000000000000000e+03
2.519327560144437456e-02, 7.127000000000000000e+03
2.520919049443328536e-02, 5.811000000000000000e+03
2.522510538742219616e-02, 5.495000000000000000e+03
2.524102028041110349e-02, 6.039000000000000000e+03
2.525693517340001429e-02, 7.450000000000000000e+03
2.527285006638892509e-02, 9.665000000000000000e+03
2.528876495937783589e-02, 1.237800000000000000e+04
2.530467985236674322e-02, 1.545700000000000000e+04
2.532059474535565402e-02, 1.865600000000000000e+04
2.533650963834456482e-02, 2.162800000000000000e+04
2.535242453133347562e-02, 2.418100000000000000e+04
2.536833942432238295e-02, 2.605400000000000000e+04
2.538425431731129375e-02, 2.709000000000000000e+04
2.540016921030020455e-02, 2.725100000000000000e+04
2.541608410328911535e-02, 2.646100000000000000e+04
2.543199899627802268e-02, 2.480900000000000000e+04
2.544791388926693348e-02, 2.247700000000000000e+04
2.546382878225584429e-02, 1.961700000000000000e+04
2.547974367524475509e-02, 1.648000000000000000e+04
2.549565856823366242e-02, 1.328100000000000000e+04
2.551157346122257322e-02, 1.048100000000000000e+04
2.552748835421148402e-02, 8.149000000000000000e+03
2.554340324720039135e-02, 6.430000000000000000e+03
2.555931814018930215e-02, 5.620000000000000000e+03
2.557523303317821295e-02, 5.811000000000000000e+03
2.559114792616712375e-02, 6.835000000000000000e+03
2.560706281915603108e-02, 8.718000000000000000e+03
2.562297771214494188e-02, 1.118800000000000000e+04
2.563889260513385268e-02, 1.414600000000000000e+04
2.565480749812276348e-02, 1.724700000000000000e+04
2.567072239111167081e-02, 2.037400000000000000e+04
2.568663728410058161e-02, 2.306300000000000000e+04
2.570255217708949241e-02, 2.531900000000000000e+04
2.571846707007840321e-02, 2.672900000000000000e+04
2.573438196306731054e-02, 2.727100000000000000e+04
2.575029685605622135e-02, 2.693600000000000000e+04
2.576621174904513215e-02, 2.565800000000000000e+04
2.578212664203404295e-02, 2.362700000000000000e+04
2.579804153502295028e-02, 2.099100000000000000e+04
2.581395642801186108e-02, 1.789100000000000000e+04
2.582987132100077188e-02, 1.475400000000000000e+04
2.584578621398968268e-02, 1.175000000000000000e+04
2.586170110697859001e-02, 9.128000000000000000e+03
2.587761599996750081e-02, 7.078000000000000000e+03
2.589353089295641161e-02, 5.807000000000000000e+03
2.590944578594532241e-02, 5.527000000000000000e+03
2.592536067893422974e-02, 6.118000000000000000e+03
2.594127557192314054e-02, 7.642000000000000000e+03
2.595719046491205134e-02, 9.953000000000000000e+03
2.597310535790095867e-02, 1.273800000000000000e+04
2.598902025088986947e-02, 1.580300000000000000e+04
2.600493514387878027e-02, 1.895600000000000000e+04
2.602085003686769107e-02, 2.185200000000000000e+04
2.603676492985659841e-02, 2.438100000000000000e+04
2.605267982284550921e-02, 2.618300000000000000e+04
2.606859471583442001e-02, 2.712800000000000000e+04
2.608450960882333081e-02, 2.716800000000000000e+04
2.610042450181223814e-02, 2.623600000000000000e+04
2.611633939480114894e-02, 2.453100000000000000e+04
2.613225428779005974e-02, 2.215000000000000000e+04
2.614816918077897054e-02, 1.927000000000000000e+04
2.616408407376787787e-02, 1.621100000000000000e+04
2.617999896675678867e-02, 1.305600000000000000e+04
2.619591385974569947e-02, 1.021900000000000000e+04
2.621182875273461027e-02, 7.917000000000000000e+03
2.622774364572351760e-02, 6.347000000000000000e+03
2.624365853871242840e-02, 5.652000000000000000e+03
2.625957343170133920e-02, 5.845000000000000000e+03
2.627548832469025000e-02, 6.879000000000000000e+03
2.629140321767915733e-02, 8.791000000000000000e+03
2.630731811066806813e-02, 1.131300000000000000e+04
2.632323300365697893e-02, 1.430400000000000000e+04
2.633914789664588973e-02, 1.743000000000000000e+04
2.635506278963479707e-02, 2.058500000000000000e+04
2.637097768262370787e-02, 2.326700000000000000e+04
2.638689257561261867e-02, 2.545700000000000000e+04
2.640280746860152947e-02, 2.680400000000000000e+04
2.641872236159043680e-02, 2.728600000000000000e+04
2.643463725457934760e-02, 2.688000000000000000e+04
2.645055214756825840e-02, 2.550800000000000000e+04
2.646646704055716573e-02, 2.336400000000000000e+04
2.648238193354607653e-02, 2.063400000000000000e+04
2.649829682653498733e-02, 1.753300000000000000e+04
2.651421171952389813e-02, 1.437600000000000000e+04
2.653012661251280546e-02, 1.136600000000000000e+04
2.654604150550171626e-02, 8.794000000000000000e+03
2.656195639849062706e-02, 6.839000000000000000e+03
2.657787129147953786e-02, 5.702000000000000000e+03
2.659378618446844519e-02, 5.538000000000000000e+03
2.660970107745735599e-02, 6.183000000000000000e+03
2.662561597044626679e-02, 7.775000000000000000e+03
2.664153086343517760e-02, 1.010500000000000000e+04
2.665744575642408493e-02, 1.291500000000000000e+04
2.667336064941299573e-02, 1.603800000000000000e+04
2.668927554240190653e-02, 1.922300000000000000e+04
2.670519043539081733e-02, 2.207100000000000000e+04
2.672110532837972466e-02, 2.453900000000000000e+04
2.673702022136863546e-02, 2.617700000000000000e+04
2.675293511435754626e-02, 2.703600000000000000e+04
2.676885000734645706e-02, 2.707100000000000000e+04
2.678476490033536439e-02, 2.616700000000000000e+04
2.680067979332427519e-02, 2.445400000000000000e+04
2.681659468631318599e-02, 2.203200000000000000e+04
2.683250957930209679e-02, 1.905900000000000000e+04
2.684842447229100412e-02, 1.589800000000000000e+04
2.686433936527991492e-02, 1.270800000000000000e+04
2.688025425826882572e-02, 9.920000000000000000e+03
2.689616915125773305e-02, 7.659000000000000000e+03
2.691208404424664385e-02, 6.098000000000000000e+03
2.692799893723555466e-02, 5.487000000000000000e+03
2.694391383022446546e-02, 5.785000000000000000e+03
2.695982872321337279e-02, 6.955000000000000000e+03
2.697574361620228359e-02, 8.991000000000000000e+03
2.699165850919119439e-02, 1.152100000000000000e+04
2.700757340218010519e-02, 1.451300000000000000e+04
2.702348829516901252e-02, 1.764800000000000000e+04
2.703940318815792332e-02, 2.076600000000000000e+04
2.705531808114683412e-02, 2.344500000000000000e+04
2.707123297413574492e-02, 2.559400000000000000e+04
2.708714786712465225e-02, 2.687100000000000000e+04
2.710306276011356305e-02, 2.726700000000000000e+04
2.711897765310247385e-02, 2.680400000000000000e+04
2.713489254609138465e-02, 2.538000000000000000e+04
2.715080743908029198e-02, 2.319700000000000000e+04
2.716672233206920278e-02, 2.045500000000000000e+04
2.718263722505811358e-02, 1.730400000000000000e+04
2.719855211804702438e-02, 1.411600000000000000e+04
2.721446701103593172e-02, 1.113300000000000000e+04
2.723038190402484252e-02, 8.618000000000000000e+03
2.724629679701375332e-02, 6.714000000000000000e+03
2.726221169000266412e-02, 5.646000000000000000e+03
2.727812658299157145e-02, 5.557000000000000000e+03
2.729404147598048225e-02, 6.303000000000000000e+03
2.730995636896939305e-02, 7.945000000000000000e+03
2.732587126195830038e-02, 1.029700000000000000e+04
2.734178615494721118e-02, 1.313200000000000000e+04
2.735770104793612198e-02, 1.623200000000000000e+04
2.737361594092503278e-02, 1.944800000000000000e+04
2.738953083391394011e-02, 2.228300000000000000e+04
2.740544572690285091e-02, 2.473000000000000000e+04
2.742136061989176171e-02, 2.639100000000000000e+04
2.743727551288067251e-02, 2.720300000000000000e+04
2.745319040586957984e-02, 2.714600000000000000e+04
2.746910529885849064e-02, 2.612200000000000000e+04
2.748502019184740144e-02, 2.427000000000000000e+04
2.750093508483631224e-02, 2.173400000000000000e+04
2.751684997782521958e-02, 1.870400000000000000e+04
2.753276487081413038e-02, 1.556300000000000000e+04
2.754867976380304118e-02, 1.244100000000000000e+04
2.756459465679195198e-02, 9.701000000000000000e+03
2.758050954978085931e-02, 7.490000000000000000e+03
2.759642444276977011e-02, 5.998000000000000000e+03
2.761233933575868091e-02, 5.491000000000000000e+03
2.762825422874759171e-02, 5.925000000000000000e+03
2.764416912173649904e-02, 7.213000000000000000e+03
2.766008401472540984e-02, 9.290000000000000000e+03
2.767599890771432064e-02, 1.187700000000000000e+04
2.769191380070323144e-02, 1.483500000000000000e+04
2.770782869369213877e-02, 1.790600000000000000e+04
2.772374358668104957e-02, 2.096700000000000000e+04
2.773965847966996037e-02, 2.360400000000000000e+04
2.775557337265887117e-02, 2.570300000000000000e+04
2.777148826564777850e-02, 2.692700000000000000e+04
2.778740315863668930e-02, 2.726800000000000000e+04
2.780331805162560010e-02, 2.669400000000000000e+04
2.781923294461450744e-02, 2.521900000000000000e+04
2.783514783760341824e-02, 2.301600000000000000e+04
2.785106273059232904e-02, 2.023200000000000000e+04
2.786697762358123984e-02, 1.710200000000000000e+04
2.788289251657014717e-02, 1.389100000000000000e+04
2.789880740955905797e-02, 1.091900000000000000e+04
2.791472230254796877e-02, 8.436000000000000000e+03
2.793063719553687957e-02, 6.601000000000000000e+03
2.794655208852578690e-02, 5.614000000000000000e+03
2.796246698151469770e-02, 5.582000000000000000e+03
2.797838187450360850e-02, 6.393000000000000000e+03
2.799429676749251930e-02, 8.145000000000000000e+03
2.801021166048142663e-02, 1.059600000000000000e+04
2.802612655347033743e-02, 1.349700000000000000e+04
2.804204144645924823e-02, 1.657700000000000000e+04
2.805795633944815903e-02, 1.973700000000000000e+04
2.807387123243706636e-02, 2.251600000000000000e+04
2.808978612542597716e-02, 2.492000000000000000e+04
2.810570101841488797e-02, 2.650400000000000000e+04
2.812161591140379877e-02, 2.722400000000000000e+04
2.813753080439270610e-02, 2.704200000000000000e+04
2.815344569738161690e-02, 2.587300000000000000e+04
2.816936059037052770e-02, 2.397500000000000000e+04
2.818527548335943850e-02, 2.147200000000000000e+04
2.820119037634834583e-02, 1.844600000000000000e+04
2.821710526933725663e-02, 1.528200000000000000e+04
2.823302016232616743e-02, 1.218000000000000000e+04
2.824893505531507476e-02, 9.496000000000000000e+03
2.826484994830398556e-02, 7.346000000000000000e+03
2.828076484129289636e-02, 5.910000000000000000e+03
2.829667973428180716e-02, 5.480000000000000000e+03
2.831259462727071449e-02, 5.923000000000000000e+03
2.832850952025962529e-02, 7.279000000000000000e+03
2.834442441324853609e-02, 9.487000000000000000e+03
2.836033930623744689e-02, 1.213500000000000000e+04
2.837625419922635422e-02, 1.515800000000000000e+04
2.839216909221526502e-02, 1.825400000000000000e+04
2.840808398520417583e-02, 2.119100000000000000e+04
2.842399887819308663e-02, 2.376700000000000000e+04
2.843991377118199396e-02, 2.578800000000000000e+04
2.845582866417090476e-02, 2.694900000000000000e+04
2.847174355715981556e-02, 2.724700000000000000e+04
2.848765845014872636e-02, 2.660200000000000000e+04
2.850357334313763369e-02, 2.504700000000000000e+04
2.851948823612654449e-02, 2.276700000000000000e+04
2.853540312911545529e-02, 1.999000000000000000e+04
2.855131802210436609e-02, 1.688000000000000000e+04
2.856723291509327342e-02, 1.368100000000000000e+04
2.858314780808218422e-02, 1.074400000000000000e+04
2.859906270107109502e-02, 8.277000000000000000e+03
2.861497759406000582e-02, 6.486000000000000000e+03
2.863089248704891315e-02, 5.587000000000000000e+03
2.864680738003782395e-02, 5.641000000000000000e+03
2.866272227302673475e-02, 6.497000000000000000e+03
2.867863716601564208e-02, 8.300000000000000000e+03
2.869455205900455289e-02, 1.076100000000000000e+04
2.871046695199346369e-02, 1.368700000000000000e+04
2.872638184498237449e-02, 1.682000000000000000e+04
2.874229673797128182e-02, 1.999500000000000000e+04
2.875821163096019262e-02, 2.273700000000000000e+04
2.877412652394910342e-02, 2.507700000000000000e+04
2.879004141693801422e-02, 2.659800000000000000e+04
2.880595630992692155e-02, 2.725100000000000000e+04
2.882187120291583235e-02, 2.703400000000000000e+04
2.883778609590474315e-02, 2.584300000000000000e+04
2.885370098889365395e-02, 2.392300000000000000e+04
2.886961588188256128e-02, 2.135900000000000000e+04
2.888553077487147208e-02, 1.829000000000000000e+04
2.890144566786038288e-02, 1.510500000000000000e+04
2.891736056084929368e-02, 1.198200000000000000e+04
2.893327545383820101e-02, 9.306000000000000000e+03
2.894919034682711181e-02, 7.207000000000000000e+03
2.896510523981602261e-02, 5.854000000000000000e+03
2.898102013280493341e-02, 5.484000000000000000e+03
2.899693502579384075e-02, 5.982000000000000000e+03
2.901284991878275155e-02, 7.391000000000000000e+03
2.902876481177166235e-02, 9.612000000000000000e+03
2.904467970476057315e-02, 1.234900000000000000e+04
2.906059459774948048e-02, 1.542000000000000000e+04
2.907650949073839128e-02, 1.856200000000000000e+04
2.909242438372730208e-02, 2.152400000000000000e+04
2.910833927671620941e-02, 2.409500000000000000e+04
2.912425416970512021e-02, 2.601300000000000000e+04
2.914016906269403101e-02, 2.706600000000000000e+04
2.915608395568294181e-02, 2.724600000000000000e+04
2.917199884867184914e-02, 2.652000000000000000e+04
2.918791374166075994e-02, 2.491700000000000000e+04
2.920382863464967074e-02, 2.257200000000000000e+04
2.921974352763858154e-02, 1.968500000000000000e+04
2.923565842062748887e-02, 1.652000000000000000e+04
2.925157331361639967e-02, 1.332500000000000000e+04
2.926748820660531047e-02, 1.046200000000000000e+04
2.928340309959422127e-02, 8.081000000000000000e+03
2.929931799258312861e-02, 6.353000000000000000e+03
2.931523288557203941e-02, 5.537000000000000000e+03
2.933114777856095021e-02, 5.670000000000000000e+03
2.934706267154986101e-02, 6.639000000000000000e+03
2.936297756453876834e-02, 8.581000000000000000e+03
2.937889245752767914e-02, 1.109500000000000000e+04
2.939480735051658994e-02, 1.401600000000000000e+04
2.941072224350550074e-02, 1.709300000000000000e+04
2.942663713649440807e-02, 2.025200000000000000e+04
2.944255202948331887e-02, 2.297000000000000000e+04
2.945846692247222967e-02, 2.524500000000000000e+04
2.947438181546114047e-02, 2.667700000000000000e+04
2.949029670845004780e-02, 2.726900000000000000e+04
2.950621160143895860e-02, 2.698700000000000000e+04
2.952212649442786940e-02, 2.572200000000000000e+04
2.953804138741678020e-02, 2.368700000000000000e+04
2.955395628040568753e-02, 2.102700000000000000e+04
2.956987117339459833e-02, 1.792500000000000000e+04
2.958578606638350914e-02, 1.476200000000000000e+04
2.960170095937241647e-02, 1.171800000000000000e+04
2.961761585236132727e-02, 9.095000000000000000e+03
2.963353074535023807e-02, 7.049000000000000000e+03
2.964944563833914887e-02, 5.783000000000000000e+03
2.966536053132805620e-02, 5.507000000000000000e+03
2.968127542431696700e-02, 6.139000000000000000e+03
2.969719031730587780e-02, 7.668000000000000000e+03
2.971310521029478860e-02, 9.908000000000000000e+03
2.972902010328369593e-02, 1.261000000000000000e+04
2.974493499627260673e-02, 1.567900000000000000e+04
2.976084988926151753e-02, 1.884700000000000000e+04
2.977676478225042833e-02, 2.176200000000000000e+04
2.979267967523933566e-02, 2.428700000000000000e+04
2.980859456822824646e-02, 2.612900000000000000e+04
2.982450946121715726e-02, 2.711900000000000000e+04
2.984042435420606806e-02, 2.723100000000000000e+04
2.985633924719497539e-02, 2.639500000000000000e+04
2.987225414018388620e-02, 2.473800000000000000e+04
2.988816903317279700e-02, 2.238000000000000000e+04
2.990408392616170780e-02, 1.946600000000000000e+04
2.991999881915061513e-02, 1.631500000000000000e+04
2.993591371213952593e-02, 1.310900000000000000e+04
2.995182860512843673e-02, 1.025200000000000000e+04
2.996774349811734753e-02, 7.909000000000000000e+03
2.998365839110625486e-02, 6.252000000000000000e+03
2.999957328409516566e-02, 5.523000000000000000e+03
3.001548817708407646e-02, 5.707000000000000000e+03
3.003140307007298379e-02, 6.748000000000000000e+03
3.004731796306189459e-02, 8.699000000000000000e+03
3.006323285605080539e-02, 1.119700000000000000e+04
3.007914774903971619e-02, 1.413000000000000000e+04
3.009506264202862352e-02, 1.723800000000000000e+04
3.011097753501753432e-02, 2.039800000000000000e+04
3.012689242800644512e-02, 2.311800000000000000e+04
3.014280732099535592e-02, 2.537100000000000000e+04
3.015872221398426326e-02, 2.675700000000000000e+04
3.017463710697317406e-02, 2.726400000000000000e+04
3.019055199996208486e-02, 2.690200000000000000e+04
3.020646689295099566e-02, 2.559900000000000000e+04
3.022238178593990299e-02, 2.350900000000000000e+04
3.023829667892881379e-02, 2.084000000000000000e+04
3.025421157191772459e-02, 1.771800000000000000e+04
3.027012646490663539e-02, 1.451400000000000000e+04
3.028604135789554272e-02, 1.147600000000000000e+04
3.030195625088445352e-02, 8.898000000000000000e+03
3.031787114387336432e-02, 6.958000000000000000e+03
3.033378603686227512e-02, 5.854000000000000000e+03
3.034970092985118245e-02, 5.648000000000000000e+03
3.036561582284009325e-02, 6.252000000000000000e+03
3.038153071582900405e-02, 7.769000000000000000e+03
3.039744560881791485e-02, 1.000600000000000000e+04
3.041336050180682218e-02, 1.276000000000000000e+04
3.042927539479573298e-02, 1.584600000000000000e+04
3.044519028778464378e-02, 1.904500000000000000e+04
3.046110518077355112e-02, 2.195200000000000000e+04
3.047702007376246192e-02, 2.446300000000000000e+04
3.049293496675137272e-02, 2.622800000000000000e+04
3.050884985974028352e-02, 2.714200000000000000e+04
3.052476475272919085e-02, 2.720300000000000000e+04
3.054067964571810165e-02, 2.630300000000000000e+04
3.055659453870701245e-02, 2.455100000000000000e+04
3.057250943169592325e-02, 2.210200000000000000e+04
3.058842432468483058e-02, 1.910200000000000000e+04
3.060433921767374138e-02, 1.595400000000000000e+04
3.062025411066265218e-02, 1.280600000000000000e+04
3.063616900365156298e-02, 1.002000000000000000e+04
3.065208389664047031e-02, 7.725000000000000000e+03
3.066799878962938111e-02, 6.134000000000000000e+03
3.068391368261829191e-02, 5.503000000000000000e+03
3.069982857560720271e-02, 5.774000000000000000e+03
3.071574346859611004e-02, 6.871000000000000000e+03
3.073165836158502084e-02, 8.866000000000000000e+03
3.074757325457393164e-02, 1.143700000000000000e+04
3.076348814756284245e-02, 1.443900000000000000e+04
3.077940304055174978e-02, 1.748700000000000000e+04
3.079531793354066058e-02, 2.058700000000000000e+04
3.081123282652957138e-02, 2.327400000000000000e+04
3.082714771951848218e-02, 2.546700000000000000e+04
3.084306261250738951e-02, 2.681300000000000000e+04
3.085897750549630031e-02, 2.726600000000000000e+04
3.087489239848521111e-02, 2.682400000000000000e+04
3.089080729147411844e-02, 2.542500000000000000e+04
3.090672218446302924e-02, 2.331600000000000000e+04
3.092263707745194004e-02, 2.062100000000000000e+04
3.093855197044085084e-02, 1.750500000000000000e+04
3.095446686342975817e-02, 1.431900000000000000e+04
3.097038175641866897e-02, 1.138200000000000000e+04
3.098629664940757977e-02, 8.847000000000000000e+03
3.100221154239649057e-02, 6.889000000000000000e+03
3.101812643538539790e-02, 5.750000000000000000e+03
3.103404132837430870e-02, 5.575000000000000000e+03
3.104995622136321951e-02, 6.254000000000000000e+03
3.106587111435213031e-02, 7.887000000000000000e+03
3.108178600734103764e-02, 1.024200000000000000e+04
3.109770090032994844e-02, 1.310200000000000000e+04
3.111361579331885924e-02, 1.619500000000000000e+04
3.112953068630777004e-02, 1.936100000000000000e+04
3.114544557929667737e-02, 2.218300000000000000e+04
3.116136047228558817e-02, 2.465600000000000000e+04
3.117727536527449897e-02, 2.635500000000000000e+04
3.119319025826340977e-02, 2.718700000000000000e+04
3.120910515125231710e-02, 2.714700000000000000e+04
3.122502004424122790e-02, 2.619100000000000000e+04
3.124093493723013870e-02, 2.439000000000000000e+04
3.125684983021904950e-02, 2.191400000000000000e+04
3.127276472320796030e-02, 1.891100000000000000e+04
3.128867961619687110e-02, 1.572300000000000000e+04
3.130459450918577496e-02, 1.255900000000000000e+04
3.132050940217468576e-02, 9.806000000000000000e+03
3.133642429516359657e-02, 7.577000000000000000e+03
3.135233918815250737e-02, 6.043000000000000000e+03
3.136825408114141817e-02, 5.481000000000000000e+03
3.138416897413032897e-02, 5.822000000000000000e+03
3.140008386711923977e-02, 7.036000000000000000e+03
3.141599876010814363e-02, 9.062000000000000000e+03
3.143191365309705443e-02, 1.164000000000000000e+04
3.144782854608596523e-02, 1.466900000000000000e+04
3.146374343907487603e-02, 1.781700000000000000e+04
3.147965833206378683e-02, 2.083600000000000000e+04
3.149557322505269763e-02, 2.343400000000000000e+04
3.151148811804160843e-02, 2.555900000000000000e+04
3.152740301103051923e-02, 2.682900000000000000e+04
3.154331790401942309e-02, 2.723900000000000000e+04
3.155923279700833389e-02, 2.674000000000000000e+04
3.157514768999724469e-02, 2.527900000000000000e+04
3.159106258298615549e-02, 2.306900000000000000e+04
3.160697747597506629e-02, 2.035600000000000000e+04
3.162289236896397709e-02, 1.727900000000000000e+04
3.163880726195288789e-02, 1.409000000000000000e+04
3.165472215494179870e-02, 1.109600000000000000e+04
3.167063704793070256e-02, 8.557000000000000000e+03
3.168655194091961336e-02, 6.667000000000000000e+03
3.170246683390852416e-02, 5.640000000000000000e+03
3.171838172689743496e-02, 5.587000000000000000e+03
3.173429661988634576e-02, 6.418000000000000000e+03
3.175021151287525656e-02, 8.170000000000000000e+03
3.176612640586416736e-02, 1.055100000000000000e+04
3.178204129885307816e-02, 1.337100000000000000e+04
3.179795619184198202e-02, 1.645600000000000000e+04
3.181387108483089282e-02, 1.963500000000000000e+04
3.182978597781980362e-02, 2.241900000000000000e+04
3.184570087080871442e-02, 2.483000000000000000e+04
3.186161576379762522e-02, 2.645600000000000000e+04
3.187753065678653602e-02, 2.722500000000000000e+04
3.189344554977544682e-02, 2.711600000000000000e+04
3.190936044276435068e-02, 2.604300000000000000e+04
3.192527533575326149e-02, 2.412100000000000000e+04
3.194119022874217229e-02, 2.157500000000000000e+04
3.195710512173108309e-02, 1.856400000000000000e+04
3.197302001471999389e-02, 1.543200000000000000e+04
3.198893490770890469e-02, 1.230700000000000000e+04
3.200484980069781549e-02, 9.587000000000000000e+03
3.202076469368672629e-02, 7.413000000000000000e+03
3.203667958667563015e-02, 5.958000000000000000e+03
3.205259447966454095e-02, 5.479000000000000000e+03
3.206850937265345175e-02, 5.874000000000000000e+03
3.208442426564236255e-02, 7.160000000000000000e+03
3.210033915863127335e-02, 9.293000000000000000e+03
3.211625405162018415e-02, 1.190500000000000000e+04
3.213216894460909495e-02, 1.489900000000000000e+04
3.214808383759800575e-02, 1.804100000000000000e+04
3.216399873058690961e-02, 2.110700000000000000e+04
3.217991362357582041e-02, 2.374100000000000000e+04
3.219582851656473121e-02, 2.580000000000000000e+04
3.221174340955364201e-02, 2.696700000000000000e+04
3.222765830254255282e-02, 2.726200000000000000e+04
3.224357319553146362e-02, 2.665200000000000000e+04
3.225948808852037442e-02, 2.515100000000000000e+04
3.227540298150927828e-02, 2.289500000000000000e+04
3.229131787449818908e-02, 2.007500000000000000e+04
3.230723276748709988e-02, 1.697700000000000000e+04
3.232314766047601068e-02, 1.385300000000000000e+04
3.233906255346492148e-02, 1.092300000000000000e+04
3.235497744645383228e-02, 8.433000000000000000e+03
3.237089233944274308e-02, 6.588000000000000000e+03
3.238680723243165388e-02, 5.616000000000000000e+03
3.240272212542055774e-02, 5.621000000000000000e+03
3.241863701840946854e-02, 6.468000000000000000e+03
3.243455191139837934e-02, 8.236000000000000000e+03
3.245046680438729014e-02, 1.062800000000000000e+04
3.246638169737620094e-02, 1.351000000000000000e+04
3.248229659036511174e-02, 1.661600000000000000e+04
3.249821148335402254e-02, 1.981700000000000000e+04
3.251412637634293334e-02, 2.261200000000000000e+04
3.253004126933183721e-02, 2.499400000000000000e+04
3.254595616232074801e-02, 2.654100000000000000e+04
3.256187105530965881e-02, 2.719600000000000000e+04
3.257778594829856961e-02, 2.694300000000000000e+04
3.259370084128748041e-02, 2.579400000000000000e+04
3.260961573427639121e-02, 2.389400000000000000e+04
3.262553062726530201e-02, 2.138400000000000000e+04
3.264144552025421281e-02, 1.841500000000000000e+04
3.265736041324311667e-02, 1.527600000000000000e+04
3.267327530623202747e-02, 1.216000000000000000e+04
3.268919019922093827e-02, 9.450000000000000000e+03
3.270510509220984907e-02, 7.294000000000000000e+03
3.272101998519875987e-02, 5.892000000000000000e+03
3.273693487818767067e-02, 5.499000000000000000e+03
3.275284977117658147e-02, 5.966000000000000000e+03
3.276876466416548533e-02, 7.300000000000000000e+03
3.278467955715439613e-02, 9.474000000000000000e+03
3.280059445014330693e-02, 1.215200000000000000e+04
3.281650934313221774e-02, 1.522300000000000000e+04
3.283242423612112854e-02, 1.841100000000000000e+04
3.284833912911003934e-02, 2.142200000000000000e+04
3.286425402209895014e-02, 2.399500000000000000e+04
3.288016891508786094e-02, 2.594400000000000000e+04
3.289608380807676480e-02, 2.704500000000000000e+04
3.291199870106567560e-02, 2.726700000000000000e+04
3.292791359405458640e-02, 2.655400000000000000e+04
3.294382848704349720e-02, 2.496600000000000000e+04
3.295974338003240800e-02, 2.269500000000000000e+04
3.297565827302131880e-02, 1.985300000000000000e+04
3.299157316601022960e-02, 1.671700000000000000e+04
3.300748805899914040e-02, 1.351300000000000000e+04
3.302340295198804426e-02, 1.059300000000000000e+04
3.303931784497695506e-02, 8.170000000000000000e+03
3.305523273796586586e-02, 6.421000000000000000e+03
3.307114763095477666e-02, 5.571000000000000000e+03
3.308706252394368746e-02, 5.645000000000000000e+03
3.310297741693259826e-02, 6.559000000000000000e+03
3.311889230992150907e-02, 8.410000000000000000e+03
3.313480720291041293e-02, 1.089500000000000000e+04
3.315072209589932373e-02, 1.386600000000000000e+04
3.316663698888823453e-02, 1.697700000000000000e+04
3.318255188187714533e-02, 2.012900000000000000e+04
3.319846677486605613e-02, 2.285400000000000000e+04
3.321438166785496693e-02, 2.517400000000000000e+04
3.323029656084387773e-02, 2.664500000000000000e+04
3.324621145383278853e-02, 2.725300000000000000e+04
3.326212634682169239e-02, 2.699400000000000000e+04
3.327804123981060319e-02, 2.569400000000000000e+04
3.329395613279951399e-02, 2.367900000000000000e+04
3.330987102578842479e-02, 2.110200000000000000e+04
3.332578591877733559e-02, 1.805900000000000000e+04
3.334170081176624639e-02, 1.488200000000000000e+04
3.335761570475515719e-02, 1.181400000000000000e+04
3.337353059774406799e-02, 9.184000000000000000e+03
3.338944549073297186e-02, 7.126000000000000000e+03
3.340536038372188266e-02, 5.807000000000000000e+03
3.342127527671079346e-02, 5.487000000000000000e+03
3.343719016969970426e-02, 6.031000000000000000e+03
3.345310506268861506e-02, 7.486000000000000000e+03
3.346901995567752586e-02, 9.682000000000000000e+03
3.348493484866643666e-02, 1.236600000000000000e+04
3.350084974165534746e-02, 1.543900000000000000e+04
3.351676463464425132e-02, 1.862200000000000000e+04
3.353267952763316212e-02, 2.161200000000000000e+04
3.354859442062207292e-02, 2.418100000000000000e+04
3.356450931361098372e-02, 2.605900000000000000e+04
3.358042420659989452e-02, 2.707800000000000000e+04
3.359633909958880532e-02, 2.724400000000000000e+04
3.361225399257771612e-02, 2.646700000000000000e+04
3.362816888556661998e-02, 2.481700000000000000e+04
3.364408377855553078e-02, 2.244100000000000000e+04
3.365999867154444158e-02, 1.950400000000000000e+04
3.367591356453335238e-02, 1.635300000000000000e+04
3.369182845752226318e-02, 1.318500000000000000e+04
3.370774335051117399e-02, 1.034800000000000000e+04
3.372365824350008479e-02, 7.986000000000000000e+03
3.373957313648899559e-02, 6.291000000000000000e+03
3.375548802947789945e-02, 5.527000000000000000e+03
3.377140292246681025e-02, 5.699000000000000000e+03
3.378731781545572105e-02, 6.686000000000000000e+03
3.380323270844463185e-02, 8.577000000000000000e+03
3.381914760143354265e-02, 1.108700000000000000e+04
3.383506249442245345e-02, 1.405900000000000000e+04
3.385097738741136425e-02, 1.719500000000000000e+04
3.386689228040027505e-02, 2.036300000000000000e+04
3.388280717338917891e-02, 2.306700000000000000e+04
3.389872206637808971e-02, 2.531400000000000000e+04
3.391463695936700051e-02, 2.665300000000000000e+04
3.393055185235591131e-02, 2.713800000000000000e+04
3.394646674534482211e-02, 2.682000000000000000e+04
3.396238163833373291e-02, 2.555700000000000000e+04
3.397829653132264371e-02, 2.355500000000000000e+04
3.399421142431155451e-02, 2.097100000000000000e+04
3.401012631730045838e-02, 1.789400000000000000e+04
3.402604121028936918e-02, 1.470700000000000000e+04
3.404195610327827998e-02, 1.170000000000000000e+04
3.405787099626719078e-02, 9.143000000000000000e+03
3.407378588925610158e-02, 7.112000000000000000e+03
3.408970078224501238e-02, 5.850000000000000000e+03
3.410561567523392318e-02, 5.560000000000000000e+03
3.412153056822282704e-02, 6.126000000000000000e+03
3.413744546121173784e-02, 7.641000000000000000e+03
3.415336035420064864e-02, 9.919000000000000000e+03
3.416927524718955944e-02, 1.264300000000000000e+04
3.418519014017847024e-02, 1.567100000000000000e+04
3.420110503316738104e-02, 1.884600000000000000e+04
3.421701992615629184e-02, 2.177300000000000000e+04
3.423293481914520264e-02, 2.432800000000000000e+04
3.424884971213410650e-02, 2.616100000000000000e+04
3.426476460512301730e-02, 2.712200000000000000e+04
3.428067949811192811e-02, 2.720100000000000000e+04
3.429659439110083891e-02, 2.634500000000000000e+04
3.431250928408974971e-02, 2.466200000000000000e+04
3.432842417707866051e-02, 2.225400000000000000e+04
3.434433907006757131e-02, 1.930700000000000000e+04
3.436025396305648211e-02, 1.618600000000000000e+04
3.437616885604538597e-02, 1.307500000000000000e+04
3.439208374903429677e-02, 1.025500000000000000e+04
3.440799864202320757e-02, 7.909000000000000000e+03
3.442391353501211837e-02, 6.289000000000000000e+03
3.443982842800102917e-02, 5.663000000000000000e+03
3.445574332098993997e-02, 5.884000000000000000e+03
3.447165821397885077e-02, 6.931000000000000000e+03
3.448757310696775463e-02, 8.892000000000000000e+03
3.450348799995666543e-02, 1.145800000000000000e+04
3.451940289294557623e-02, 1.442800000000000000e+04
3.453531778593448703e-02, 1.750700000000000000e+04
3.455123267892339783e-02, 2.061400000000000000e+04
3.456714757191230863e-02, 2.329000000000000000e+04
3.458306246490121943e-02, 2.547600000000000000e+04
3.459897735789013024e-02, 2.680900000000000000e+04
3.461489225087903410e-02, 2.727800000000000000e+04
3.463080714386794490e-02, 2.688500000000000000e+04
3.464672203685685570e-02, 2.551700000000000000e+04
3.466263692984576650e-02, 2.338400000000000000e+04
3.467855182283467730e-02, 2.068100000000000000e+04
3.469446671582358810e-02, 1.753900000000000000e+04
3.471038160881249890e-02, 1.436200000000000000e+04
3.472629650180140970e-02, 1.135200000000000000e+04
3.474221139479031356e-02, 8.795000000000000000e+03
3.475812628777922436e-02, 6.835000000000000000e+03
3.477404118076813516e-02, 5.694000000000000000e+03
3.478995607375704596e-02, 5.536000000000000000e+03
3.480587096674595676e-02, 6.225000000000000000e+03
3.482178585973486756e-02, 7.898000000000000000e+03
3.483770075272377836e-02, 1.023100000000000000e+04
3.485361564571268916e-02, 1.300100000000000000e+04
3.486953053870159303e-02, 1.606100000000000000e+04
3.488544543169050383e-02, 1.924700000000000000e+04
3.490136032467941463e-02, 2.209700000000000000e+04
3.491727521766832543e-02, 2.457000000000000000e+04
3.493319011065723623e-02, 2.629100000000000000e+04
3.494910500364614703e-02, 2.717600000000000000e+04
3.496501989663505783e-02, 2.718300000000000000e+04
3.498093478962396169e-02, 2.623300000000000000e+04
3.499684968261287249e-02, 2.445100000000000000e+04
