0.000000000000000000e+00, 1.468400000000000000e+04
7.961676752026009725e-06, 2.095300000000000000e+04
1.592335350405201945e-05, 2.836600000000000000e+04
2.388503025607802748e-05, 3.538700000000000000e+04
3.184670700810403890e-05, 4.162100000000000000e+04
3.980838376013004693e-05, 4.635200000000000000e+04
4.777006051215605496e-05, 4.970300000000000000e+04
5.573173726418206977e-05, 5.200100000000000000e+04
6.369341401620807780e-05, 5.318600000000000000e+04
7.165509076823409261e-05, 5.373200000000000000e+04
7.961676752026009387e-05, 5.356900000000000000e+04
8.757844427228610867e-05, 5.273100000000000000e+04
9.554012102431210993e-05, 5.120100000000000000e+04
1.035017977763381247e-04, 4.908400000000000000e+04
1.114634745283641395e-04, 4.675300000000000000e+04
1.194251512803901408e-04, 4.396600000000000000e+04
1.273868280324161556e-04, 4.123500000000000000e+04
1.353485047844421704e-04, 3.822900000000000000e+04
1.433101815364681852e-04, 3.466900000000000000e+04
1.512718582884941729e-04, 3.154800000000000000e+04
1.592335350405201877e-04, 2.838200000000000000e+04
1.671952117925462025e-04, 2.509900000000000000e+04
1.751568885445722173e-04, 2.192900000000000000e+04
1.831185652965982322e-04, 1.920400000000000000e+04
1.910802420486242199e-04, 1.685800000000000000e+04
1.990419188006502347e-04, 1.465200000000000000e+04
2.070035955526762495e-04, 1.284400000000000000e+04
2.149652723047022643e-04, 1.146400000000000000e+04
2.229269490567282791e-04, 1.045600000000000000e+04
2.308886258087542939e-04, 1.007100000000000000e+04
2.388503025607802816e-04, 1.056700000000000000e+04
2.468119793128062964e-04, 1.106200000000000000e+04
2.547736560648323112e-04, 1.206200000000000000e+04
2.627353328168583260e-04, 1.331900000000000000e+04
2.706970095688843408e-04, 1.519400000000000000e+04
2.786586863209103556e-04, 1.751600000000000000e+04
2.866203630729363704e-04, 2.019700000000000000e+04
2.945820398249623310e-04, 2.293400000000000000e+04
3.025437165769883458e-04, 2.578700000000000000e+04
3.105053933290143607e-04, 2.879400000000000000e+04
3.184670700810403755e-04, 3.225200000000000000e+04
3.264287468330663903e-04, 3.536900000000000000e+04
3.343904235850924051e-04, 3.854800000000000000e+04
3.423521003371184199e-04, 4.207900000000000000e+04
3.503137770891444347e-04, 4.496300000000000000e+04
3.582754538411704495e-04, 4.749400000000000000e+04
3.662371305931964643e-04, 4.978800000000000000e+04
3.741988073452224791e-04, 5.203000000000000000e+04
3.821604840972484397e-04, 5.367700000000000000e+04
3.901221608492744545e-04, 5.474000000000000000e+04
3.980838376013004693e-04, 5.529500000000000000e+04
4.060455143533264841e-04, 5.537300000000000000e+04
4.140071911053524989e-04, 5.509700000000000000e+04
4.219688678573785138e-04, 5.450600000000000000e+04
4.299305446094045286e-04, 5.330900000000000000e+04
4.378922213614305434e-04, 5.150200000000000000e+04
4.458538981134565582e-04, 4.932600000000000000e+04
4.538155748654825730e-04, 4.704100000000000000e+04
4.617772516175085878e-04, 4.413900000000000000e+04
4.697389283695345484e-04, 4.133900000000000000e+04
4.777006051215605632e-04, 3.817700000000000000e+04
4.856622818735865780e-04, 3.451200000000000000e+04
4.936239586256125928e-04, 3.126100000000000000e+04
5.015856353776386618e-04, 2.803400000000000000e+04
5.095473121296646224e-04, 2.484500000000000000e+04
5.175089888816905830e-04, 2.164900000000000000e+04
5.254706656337166520e-04, 1.908200000000000000e+04
5.334323423857426126e-04, 1.671800000000000000e+04
5.413940191377686817e-04, 1.453200000000000000e+04
5.493556958897946423e-04, 1.275300000000000000e+04
5.573173726418207113e-04, 1.135800000000000000e+04
5.652790493938466719e-04, 1.036400000000000000e+04
5.732407261458727409e-04, 9.855000000000000000e+03
5.812024028978987015e-04, 1.029200000000000000e+04
5.891640796499246621e-04, 1.085900000000000000e+04
5.971257564019507311e-04, 1.193300000000000000e+04
6.050874331539766917e-04, 1.324100000000000000e+04
6.130491099060027607e-04, 1.524000000000000000e+04
6.210107866580287213e-04, 1.749900000000000000e+04
6.289724634100547903e-04, 2.020800000000000000e+04
6.369341401620807509e-04, 2.306900000000000000e+04
6.448958169141068199e-04, 2.597600000000000000e+04
6.528574936661327805e-04, 2.920800000000000000e+04
6.608191704181588496e-04, 3.259700000000000000e+04
6.687808471701848102e-04, 3.577300000000000000e+04
6.767425239222107708e-04, 3.893000000000000000e+04
6.847042006742368398e-04, 4.243900000000000000e+04
6.926658774262628004e-04, 4.531600000000000000e+04
7.006275541782888694e-04, 4.774400000000000000e+04
7.085892309303148300e-04, 5.007600000000000000e+04
7.165509076823408990e-04, 5.224100000000000000e+04
7.245125844343668596e-04, 5.383400000000000000e+04
7.324742611863929286e-04, 5.477900000000000000e+04
7.404359379384188892e-04, 5.525000000000000000e+04
7.483976146904449582e-04, 5.541200000000000000e+04
7.563592914424709188e-04, 5.507400000000000000e+04
7.643209681944968794e-04, 5.450800000000000000e+04
7.722826449465229484e-04, 5.311500000000000000e+04
7.802443216985489090e-04, 5.119200000000000000e+04
7.882059984505749781e-04, 4.899800000000000000e+04
7.961676752026009387e-04, 4.676200000000000000e+04
8.041293519546270077e-04, 4.383800000000000000e+04
8.120910287066529683e-04, 4.116100000000000000e+04
8.200527054586790373e-04, 3.805800000000000000e+04
8.280143822107049979e-04, 3.445600000000000000e+04
8.359760589627310669e-04, 3.122300000000000000e+04
8.439377357147570275e-04, 2.797000000000000000e+04
8.518994124667829881e-04, 2.477700000000000000e+04
8.598610892188090571e-04, 2.149000000000000000e+04
8.678227659708350177e-04, 1.900400000000000000e+04
8.757844427228610867e-04, 1.677000000000000000e+04
8.837461194748870473e-04, 1.473700000000000000e+04
8.917077962269131164e-04, 1.298200000000000000e+04
8.996694729789390770e-04, 1.160500000000000000e+04
9.076311497309651460e-04, 1.058100000000000000e+04
9.155928264829911066e-04, 1.014900000000000000e+04
9.235545032350171756e-04, 1.049100000000000000e+04
9.315161799870431362e-04, 1.109400000000000000e+04
9.394778567390690968e-04, 1.209600000000000000e+04
9.474395334910951658e-04, 1.331000000000000000e+04
9.554012102431211264e-04, 1.532200000000000000e+04
9.633628869951471954e-04, 1.773700000000000000e+04
9.713245637471731560e-04, 2.047700000000000000e+04
9.792862404991991166e-04, 2.343700000000000000e+04
9.872479172512251856e-04, 2.626000000000000000e+04
9.952095940032512546e-04, 2.958300000000000000e+04
1.003171270755277324e-03, 3.297300000000000000e+04
1.011132947507303176e-03, 3.620000000000000000e+04
1.019094624259329245e-03, 3.938200000000000000e+04
1.027056301011355314e-03, 4.271200000000000000e+04
1.035017977763381166e-03, 4.558200000000000000e+04
1.042979654515407235e-03, 4.783300000000000000e+04
1.050941331267433304e-03, 5.033300000000000000e+04
1.058903008019459373e-03, 5.244600000000000000e+04
1.066864684771485225e-03, 5.395000000000000000e+04
1.074826361523511294e-03, 5.450000000000000000e+04
1.082788038275537363e-03, 5.491900000000000000e+04
1.090749715027563432e-03, 5.509100000000000000e+04
1.098711391779589285e-03, 5.469100000000000000e+04
1.106673068531615354e-03, 5.412800000000000000e+04
1.114634745283641423e-03, 5.280100000000000000e+04
1.122596422035667275e-03, 5.084500000000000000e+04
1.130558098787693344e-03, 4.867900000000000000e+04
1.138519775539719413e-03, 4.663000000000000000e+04
1.146481452291745482e-03, 4.375100000000000000e+04
1.154443129043771334e-03, 4.086700000000000000e+04
1.162404805795797403e-03, 3.761600000000000000e+04
1.170366482547823472e-03, 3.405500000000000000e+04
1.178328159299849324e-03, 3.088800000000000000e+04
1.186289836051875393e-03, 2.764400000000000000e+04
1.194251512803901462e-03, 2.439000000000000000e+04
1.202213189555927531e-03, 2.113000000000000000e+04
1.210174866307953383e-03, 1.868100000000000000e+04
1.218136543059979452e-03, 1.631000000000000000e+04
1.226098219812005521e-03, 1.418500000000000000e+04
1.234059896564031590e-03, 1.248200000000000000e+04
1.242021573316057443e-03, 1.120100000000000000e+04
1.249983250068083512e-03, 1.027400000000000000e+04
1.257944926820109581e-03, 1.008100000000000000e+04
1.265906603572135433e-03, 1.034700000000000000e+04
1.273868280324161502e-03, 1.101700000000000000e+04
1.281829957076187571e-03, 1.210900000000000000e+04
1.289791633828213640e-03, 1.341600000000000000e+04
1.297753310580239492e-03, 1.550800000000000000e+04
1.305714987332265561e-03, 1.803300000000000000e+04
1.313676664084291630e-03, 2.069600000000000000e+04
1.321638340836317699e-03, 2.376800000000000000e+04
1.329600017588343551e-03, 2.637100000000000000e+04
1.337561694340369620e-03, 2.963500000000000000e+04
1.345523371092395689e-03, 3.307500000000000000e+04
1.353485047844421542e-03, 3.614000000000000000e+04
1.361446724596447611e-03, 3.947700000000000000e+04
1.369408401348473680e-03, 4.275800000000000000e+04
1.377370078100499749e-03, 4.570200000000000000e+04
1.385331754852525601e-03, 4.786400000000000000e+04
1.393293431604551670e-03, 5.054800000000000000e+04
1.401255108356577739e-03, 5.265000000000000000e+04
1.409216785108603808e-03, 5.401900000000000000e+04
1.417178461860629660e-03, 5.479100000000000000e+04
1.425140138612655729e-03, 5.527400000000000000e+04
1.433101815364681798e-03, 5.544400000000000000e+04
1.441063492116707650e-03, 5.488700000000000000e+04
1.449025168868733719e-03, 5.419300000000000000e+04
1.456986845620759788e-03, 5.288400000000000000e+04
1.464948522372785857e-03, 5.088600000000000000e+04
1.472910199124811709e-03, 4.869300000000000000e+04
1.480871875876837778e-03, 4.643700000000000000e+04
1.488833552628863847e-03, 4.347800000000000000e+04
1.496795229380889916e-03, 4.053100000000000000e+04
1.504756906132915769e-03, 3.724100000000000000e+04
1.512718582884941838e-03, 3.375500000000000000e+04
1.520680259636967907e-03, 3.055500000000000000e+04
1.528641936388993759e-03, 2.727500000000000000e+04
1.536603613141019828e-03, 2.396500000000000000e+04
1.544565289893045897e-03, 2.092500000000000000e+04
1.552526966645071966e-03, 1.845800000000000000e+04
1.560488643397097818e-03, 1.610000000000000000e+04
1.568450320149123887e-03, 1.400800000000000000e+04
1.576411996901149956e-03, 1.234200000000000000e+04
1.584373673653176025e-03, 1.109100000000000000e+04
1.592335350405201877e-03, 1.015600000000000000e+04
1.600297027157227946e-03, 1.007200000000000000e+04
1.608258703909254015e-03, 1.033900000000000000e+04
1.616220380661279868e-03, 1.110600000000000000e+04
1.624182057413305937e-03, 1.221500000000000000e+04
1.632143734165332006e-03, 1.365500000000000000e+04
1.640105410917358075e-03, 1.578200000000000000e+04
1.648067087669383927e-03, 1.834000000000000000e+04
1.656028764421409996e-03, 2.115300000000000000e+04
1.663990441173436065e-03, 2.421500000000000000e+04
1.671952117925462134e-03, 2.701800000000000000e+04
1.679913794677487986e-03, 3.027100000000000000e+04
1.687875471429514055e-03, 3.360700000000000000e+04
1.695837148181540124e-03, 3.661700000000000000e+04
1.703798824933565976e-03, 3.989900000000000000e+04
1.711760501685592045e-03, 4.315900000000000000e+04
1.719722178437618114e-03, 4.605000000000000000e+04
1.727683855189644183e-03, 4.816200000000000000e+04
1.735645531941670035e-03, 5.080000000000000000e+04
1.743607208693696104e-03, 5.280700000000000000e+04
1.751568885445722173e-03, 5.403600000000000000e+04
1.759530562197748242e-03, 5.480100000000000000e+04
1.767492238949774095e-03, 5.529200000000000000e+04
1.775453915701800164e-03, 5.544500000000000000e+04
1.783415592453826233e-03, 5.491200000000000000e+04
1.791377269205852085e-03, 5.418200000000000000e+04
1.799338945957878154e-03, 5.279000000000000000e+04
1.807300622709904223e-03, 5.072100000000000000e+04
1.815262299461930292e-03, 4.851100000000000000e+04
1.823223976213956144e-03, 4.612400000000000000e+04
1.831185652965982213e-03, 4.311900000000000000e+04
1.839147329718008282e-03, 4.027100000000000000e+04
1.847109006470034351e-03, 3.713500000000000000e+04
1.855070683222060203e-03, 3.374600000000000000e+04
1.863032359974086272e-03, 3.054900000000000000e+04
1.870994036726112341e-03, 2.730000000000000000e+04
1.878955713478138194e-03, 2.387100000000000000e+04
1.886917390230164263e-03, 2.089900000000000000e+04
1.894879066982190332e-03, 1.834600000000000000e+04
1.902840743734216401e-03, 1.595600000000000000e+04
1.910802420486242253e-03, 1.384000000000000000e+04
1.918764097238268322e-03, 1.218700000000000000e+04
1.926725773990294391e-03, 1.096200000000000000e+04
1.934687450742320460e-03, 1.008500000000000000e+04
1.942649127494346312e-03, 1.015900000000000000e+04
1.950610804246372381e-03, 1.035100000000000000e+04
1.958572480998398233e-03, 1.117200000000000000e+04
1.966534157750424519e-03, 1.228100000000000000e+04
1.974495834502450371e-03, 1.376100000000000000e+04
1.982457511254476223e-03, 1.586900000000000000e+04
1.990419188006502509e-03, 1.840400000000000000e+04
1.998380864758528361e-03, 2.115200000000000000e+04
2.006342541510554647e-03, 2.408400000000000000e+04
2.014304218262580499e-03, 2.703600000000000000e+04
2.022265895014606352e-03, 3.042800000000000000e+04
2.030227571766632638e-03, 3.371700000000000000e+04
2.038189248518658490e-03, 3.686200000000000000e+04
2.046150925270684342e-03, 4.017000000000000000e+04
2.054112602022710628e-03, 4.347700000000000000e+04
2.062074278774736480e-03, 4.615800000000000000e+04
2.070035955526762332e-03, 4.829800000000000000e+04
2.077997632278788618e-03, 5.088000000000000000e+04
2.085959309030814470e-03, 5.284000000000000000e+04
2.093920985782840756e-03, 5.405500000000000000e+04
2.101882662534866608e-03, 5.486700000000000000e+04
2.109844339286892460e-03, 5.537400000000000000e+04
2.117806016038918746e-03, 5.537400000000000000e+04
2.125767692790944598e-03, 5.488700000000000000e+04
2.133729369542970451e-03, 5.407100000000000000e+04
2.141691046294996736e-03, 5.255300000000000000e+04
2.149652723047022589e-03, 5.058700000000000000e+04
2.157614399799048441e-03, 4.838600000000000000e+04
2.165576076551074727e-03, 4.578500000000000000e+04
2.173537753303100579e-03, 4.258700000000000000e+04
2.181499430055126865e-03, 3.976100000000000000e+04
2.189461106807152717e-03, 3.648500000000000000e+04
2.197422783559178569e-03, 3.317400000000000000e+04
2.205384460311204855e-03, 2.996700000000000000e+04
2.213346137063230707e-03, 2.679100000000000000e+04
2.221307813815256559e-03, 2.347400000000000000e+04
2.229269490567282845e-03, 2.049300000000000000e+04
2.237231167319308697e-03, 1.795100000000000000e+04
2.245192844071334549e-03, 1.561300000000000000e+04
2.253154520823360835e-03, 1.359400000000000000e+04
2.261116197575386687e-03, 1.200700000000000000e+04
2.269077874327412973e-03, 1.082600000000000000e+04
2.277039551079438826e-03, 9.979000000000000000e+03
2.285001227831464678e-03, 1.019100000000000000e+04
2.292962904583490964e-03, 1.036500000000000000e+04
2.300924581335516816e-03, 1.118100000000000000e+04
2.308886258087542668e-03, 1.228600000000000000e+04
2.316847934839568954e-03, 1.389500000000000000e+04
2.324809611591594806e-03, 1.612300000000000000e+04
2.332771288343620658e-03, 1.874500000000000000e+04
2.340732965095646944e-03, 2.153500000000000000e+04
2.348694641847672796e-03, 2.428400000000000000e+04
2.356656318599698648e-03, 2.736700000000000000e+04
2.364617995351724934e-03, 3.092100000000000000e+04
2.372579672103750786e-03, 3.414800000000000000e+04
2.380541348855777072e-03, 3.722700000000000000e+04
2.388503025607802924e-03, 4.040800000000000000e+04
2.396464702359828777e-03, 4.374700000000000000e+04
2.404426379111855062e-03, 4.628100000000000000e+04
2.412388055863880915e-03, 4.846300000000000000e+04
2.420349732615906767e-03, 5.091900000000000000e+04
2.428311409367933053e-03, 5.262500000000000000e+04
2.436273086119958905e-03, 5.378800000000000000e+04
2.444234762871984757e-03, 5.458800000000000000e+04
2.452196439624011043e-03, 5.514900000000000000e+04
2.460158116376036895e-03, 5.507000000000000000e+04
2.468119793128063181e-03, 5.473600000000000000e+04
2.476081469880089033e-03, 5.377900000000000000e+04
2.484043146632114885e-03, 5.229400000000000000e+04
2.492004823384141171e-03, 5.045900000000000000e+04
2.499966500136167023e-03, 4.831100000000000000e+04
2.507928176888192875e-03, 4.575900000000000000e+04
2.515889853640219161e-03, 4.257300000000000000e+04
2.523851530392245014e-03, 3.978900000000000000e+04
2.531813207144270866e-03, 3.635400000000000000e+04
2.539774883896297152e-03, 3.305800000000000000e+04
2.547736560648323004e-03, 2.974900000000000000e+04
2.555698237400349290e-03, 2.679700000000000000e+04
2.563659914152375142e-03, 2.359800000000000000e+04
2.571621590904400994e-03, 2.060700000000000000e+04
2.579583267656427280e-03, 1.799900000000000000e+04
2.587544944408453132e-03, 1.560900000000000000e+04
2.595506621160478984e-03, 1.356100000000000000e+04
2.603468297912505270e-03, 1.195900000000000000e+04
2.611429974664531122e-03, 1.077100000000000000e+04
2.619391651416556974e-03, 9.936000000000000000e+03
2.627353328168583260e-03, 1.017800000000000000e+04
2.635315004920609112e-03, 1.046700000000000000e+04
2.643276681672635398e-03, 1.137000000000000000e+04
2.651238358424661250e-03, 1.248500000000000000e+04
2.659200035176687103e-03, 1.405200000000000000e+04
2.667161711928713388e-03, 1.644400000000000000e+04
2.675123388680739241e-03, 1.899800000000000000e+04
2.683085065432765093e-03, 2.196500000000000000e+04
2.691046742184791379e-03, 2.471600000000000000e+04
2.699008418936817231e-03, 2.775700000000000000e+04
2.706970095688843083e-03, 3.118400000000000000e+04
2.714931772440869369e-03, 3.440900000000000000e+04
2.722893449192895221e-03, 3.751000000000000000e+04
2.730855125944921507e-03, 4.064500000000000000e+04
2.738816802696947359e-03, 4.403800000000000000e+04
2.746778479448973211e-03, 4.649200000000000000e+04
2.754740156200999497e-03, 4.871000000000000000e+04
2.762701832953025349e-03, 5.119300000000000000e+04
2.770663509705051201e-03, 5.305400000000000000e+04
2.778625186457077487e-03, 5.421900000000000000e+04
2.786586863209103340e-03, 5.496600000000000000e+04
2.794548539961129192e-03, 5.546700000000000000e+04
2.802510216713155478e-03, 5.519700000000000000e+04
2.810471893465181330e-03, 5.462300000000000000e+04
2.818433570217207616e-03, 5.342800000000000000e+04
2.826395246969233468e-03, 5.195900000000000000e+04
2.834356923721259320e-03, 4.999700000000000000e+04
2.842318600473285606e-03, 4.782700000000000000e+04
2.850280277225311458e-03, 4.522900000000000000e+04
2.858241953977337310e-03, 4.217000000000000000e+04
2.866203630729363596e-03, 3.944100000000000000e+04
2.874165307481389448e-03, 3.582900000000000000e+04
2.882126984233415300e-03, 3.255100000000000000e+04
2.890088660985441586e-03, 2.927000000000000000e+04
2.898050337737467438e-03, 2.612500000000000000e+04
2.906012014489493724e-03, 2.300100000000000000e+04
2.913973691241519576e-03, 2.001600000000000000e+04
2.921935367993545429e-03, 1.747300000000000000e+04
2.929897044745571714e-03, 1.516500000000000000e+04
2.937858721497597567e-03, 1.319200000000000000e+04
2.945820398249623419e-03, 1.164900000000000000e+04
2.953782075001649705e-03, 1.052300000000000000e+04
2.961743751753675557e-03, 9.881000000000000000e+03
2.969705428505701409e-03, 1.014800000000000000e+04
2.977667105257727695e-03, 1.056700000000000000e+04
2.985628782009753547e-03, 1.151800000000000000e+04
2.993590458761779833e-03, 1.263400000000000000e+04
3.001552135513805685e-03, 1.420600000000000000e+04
3.009513812265831537e-03, 1.656000000000000000e+04
3.017475489017857823e-03, 1.904200000000000000e+04
3.025437165769883675e-03, 2.188300000000000000e+04
3.033398842521909528e-03, 2.467100000000000000e+04
3.041360519273935813e-03, 2.781300000000000000e+04
3.049322196025961666e-03, 3.124900000000000000e+04
3.057283872777987518e-03, 3.451400000000000000e+04
3.065245549530013804e-03, 3.772600000000000000e+04
3.073207226282039656e-03, 4.094800000000000000e+04
3.081168903034065942e-03, 4.432900000000000000e+04
3.089130579786091794e-03, 4.668400000000000000e+04
3.097092256538117646e-03, 4.889700000000000000e+04
3.105053933290143932e-03, 5.131800000000000000e+04
3.113015610042169784e-03, 5.313400000000000000e+04
3.120977286794195636e-03, 5.428300000000000000e+04
3.128938963546221922e-03, 5.503200000000000000e+04
3.136900640298247774e-03, 5.555300000000000000e+04
3.144862317050273626e-03, 5.522600000000000000e+04
3.152823993802299912e-03, 5.476300000000000000e+04
3.160785670554325764e-03, 5.362700000000000000e+04
3.168747347306352050e-03, 5.216700000000000000e+04
3.176709024058377902e-03, 5.009600000000000000e+04
3.184670700810403755e-03, 4.772600000000000000e+04
3.192632377562430041e-03, 4.499600000000000000e+04
3.200594054314455893e-03, 4.221000000000000000e+04
3.208555731066481745e-03, 3.944000000000000000e+04
3.216517407818508031e-03, 3.588300000000000000e+04
3.224479084570533883e-03, 3.254200000000000000e+04
3.232440761322559735e-03, 2.931200000000000000e+04
3.240402438074586021e-03, 2.598700000000000000e+04
3.248364114826611873e-03, 2.290100000000000000e+04
3.256325791578638159e-03, 1.983800000000000000e+04
3.264287468330664011e-03, 1.762100000000000000e+04
3.272249145082689863e-03, 1.537800000000000000e+04
3.280210821834716149e-03, 1.341400000000000000e+04
3.288172498586742001e-03, 1.186000000000000000e+04
3.296134175338767854e-03, 1.070000000000000000e+04
3.304095852090794139e-03, 1.009700000000000000e+04
3.312057528842819992e-03, 1.024600000000000000e+04
3.320019205594845844e-03, 1.072500000000000000e+04
3.327980882346872130e-03, 1.160700000000000000e+04
3.335942559098897982e-03, 1.268400000000000000e+04
3.343904235850924268e-03, 1.437900000000000000e+04
3.351865912602950120e-03, 1.680100000000000000e+04
3.359827589354975972e-03, 1.927900000000000000e+04
3.367789266107002258e-03, 2.214000000000000000e+04
3.375750942859028110e-03, 2.506500000000000000e+04
3.383712619611053962e-03, 2.819500000000000000e+04
3.391674296363080248e-03, 3.169800000000000000e+04
3.399635973115106100e-03, 3.489300000000000000e+04
3.407597649867131952e-03, 3.803200000000000000e+04
3.415559326619158238e-03, 4.127700000000000000e+04
3.423521003371184090e-03, 4.448500000000000000e+04
3.431482680123210376e-03, 4.687500000000000000e+04
3.439444356875236228e-03, 4.910900000000000000e+04
3.447406033627262081e-03, 5.147800000000000000e+04
3.455367710379288367e-03, 5.328800000000000000e+04
3.463329387131314219e-03, 5.442200000000000000e+04
3.471291063883340071e-03, 5.515500000000000000e+04
3.479252740635366357e-03, 5.549800000000000000e+04
3.487214417387392209e-03, 5.518900000000000000e+04
3.495176094139418061e-03, 5.463500000000000000e+04
3.503137770891444347e-03, 5.349000000000000000e+04
3.511099447643470199e-03, 5.194200000000000000e+04
3.519061124395496485e-03, 4.994200000000000000e+04
3.527022801147522337e-03, 4.761400000000000000e+04
3.534984477899548189e-03, 4.485500000000000000e+04
3.542946154651574475e-03, 4.199300000000000000e+04
3.550907831403600327e-03, 3.904000000000000000e+04
3.558869508155626180e-03, 3.549600000000000000e+04
3.566831184907652465e-03, 3.215600000000000000e+04
3.574792861659678318e-03, 2.899600000000000000e+04
3.582754538411704170e-03, 2.559200000000000000e+04
3.590716215163730456e-03, 2.250900000000000000e+04
3.598677891915756308e-03, 1.950400000000000000e+04
3.606639568667782594e-03, 1.715800000000000000e+04
3.614601245419808446e-03, 1.489800000000000000e+04
3.622562922171834298e-03, 1.301700000000000000e+04
3.630524598923860584e-03, 1.156900000000000000e+04
3.638486275675886436e-03, 1.050600000000000000e+04
3.646447952427912288e-03, 1.005000000000000000e+04
3.654409629179938574e-03, 1.042000000000000000e+04
3.662371305931964426e-03, 1.100300000000000000e+04
3.670332982683990278e-03, 1.196400000000000000e+04
3.678294659436016564e-03, 1.302600000000000000e+04
3.686256336188042416e-03, 1.476700000000000000e+04
3.694218012940068702e-03, 1.712200000000000000e+04
3.702179689692094555e-03, 1.965200000000000000e+04
3.710141366444120407e-03, 2.241600000000000000e+04
3.718103043196146693e-03, 2.528100000000000000e+04
3.726064719948172545e-03, 2.828200000000000000e+04
3.734026396700198397e-03, 3.177000000000000000e+04
3.741988073452224683e-03, 3.485000000000000000e+04
3.749949750204250535e-03, 3.803900000000000000e+04
3.757911426956276387e-03, 4.144600000000000000e+04
3.765873103708302673e-03, 4.455300000000000000e+04
3.773834780460328525e-03, 4.702900000000000000e+04
3.781796457212354811e-03, 4.932700000000000000e+04
3.789758133964380663e-03, 5.167200000000000000e+04
3.797719810716406515e-03, 5.340400000000000000e+04
3.805681487468432801e-03, 5.450900000000000000e+04
3.813643164220458653e-03, 5.523700000000000000e+04
3.821604840972484506e-03, 5.541300000000000000e+04
3.829566517724510791e-03, 5.518400000000000000e+04
3.837528194476536644e-03, 5.455400000000000000e+04
3.845489871228562496e-03, 5.347200000000000000e+04
3.853451547980588782e-03, 5.185700000000000000e+04
3.861413224732614634e-03, 4.972500000000000000e+04
3.869374901484640920e-03, 4.736800000000000000e+04
3.877336578236666772e-03, 4.453300000000000000e+04
3.885298254988692624e-03, 4.169200000000000000e+04
3.893259931740718910e-03, 3.865300000000000000e+04
3.901221608492744762e-03, 3.510500000000000000e+04
3.909183285244770614e-03, 3.175600000000000000e+04
3.917144961996796466e-03, 2.858200000000000000e+04
3.925106638748823186e-03, 2.530000000000000000e+04
3.933068315500849038e-03, 2.221700000000000000e+04
3.941029992252874890e-03, 1.938800000000000000e+04
3.948991669004900743e-03, 1.704100000000000000e+04
3.956953345756926595e-03, 1.480200000000000000e+04
3.964915022508952447e-03, 1.295300000000000000e+04
3.972876699260979166e-03, 1.148500000000000000e+04
3.980838376013005019e-03, 1.043500000000000000e+04
3.988800052765030871e-03, 9.899000000000000000e+03
3.996761729517056723e-03, 1.015800000000000000e+04
4.004723406269082575e-03, 1.066800000000000000e+04
4.012685083021109295e-03, 1.170600000000000000e+04
4.020646759773135147e-03, 1.296500000000000000e+04
4.028608436525160999e-03, 1.485100000000000000e+04
4.036570113277186851e-03, 1.710400000000000000e+04
4.044531790029212703e-03, 1.969300000000000000e+04
4.052493466781238556e-03, 2.256200000000000000e+04
4.060455143533265275e-03, 2.560200000000000000e+04
4.068416820285291127e-03, 2.861500000000000000e+04
4.076378497037316979e-03, 3.213800000000000000e+04
4.084340173789342832e-03, 3.520000000000000000e+04
4.092301850541368684e-03, 3.837600000000000000e+04
4.100263527293395403e-03, 4.163300000000000000e+04
4.108225204045421255e-03, 4.451400000000000000e+04
4.116186880797447108e-03, 4.699900000000000000e+04
4.124148557549472960e-03, 4.930100000000000000e+04
4.132110234301498812e-03, 5.163300000000000000e+04
4.140071911053524664e-03, 5.337000000000000000e+04
4.148033587805551384e-03, 5.450100000000000000e+04
4.155995264557577236e-03, 5.521200000000000000e+04
4.163956941309603088e-03, 5.536100000000000000e+04
4.171918618061628940e-03, 5.520000000000000000e+04
4.179880294813654792e-03, 5.454900000000000000e+04
4.187841971565681512e-03, 5.337900000000000000e+04
4.195803648317707364e-03, 5.162600000000000000e+04
4.203765325069733216e-03, 4.946600000000000000e+04
4.211727001821759069e-03, 4.715900000000000000e+04
4.219688678573784921e-03, 4.428800000000000000e+04
4.227650355325810773e-03, 4.154600000000000000e+04
4.235612032077837492e-03, 3.857100000000000000e+04
4.243573708829863345e-03, 3.497000000000000000e+04
4.251535385581889197e-03, 3.178600000000000000e+04
4.259497062333915049e-03, 2.856000000000000000e+04
4.267458739085940901e-03, 2.528100000000000000e+04
4.275420415837967621e-03, 2.206800000000000000e+04
4.283382092589993473e-03, 1.934900000000000000e+04
4.291343769342019325e-03, 1.695000000000000000e+04
4.299305446094045177e-03, 1.466600000000000000e+04
4.307267122846071029e-03, 1.282600000000000000e+04
4.315228799598096882e-03, 1.143800000000000000e+04
4.323190476350123601e-03, 1.043100000000000000e+04
4.331152153102149453e-03, 9.899000000000000000e+03
4.339113829854175305e-03, 1.027400000000000000e+04
4.347075506606201158e-03, 1.077500000000000000e+04
4.355037183358227010e-03, 1.178400000000000000e+04
4.362998860110253729e-03, 1.304500000000000000e+04
4.370960536862279582e-03, 1.496400000000000000e+04
4.378922213614305434e-03, 1.733800000000000000e+04
4.386883890366331286e-03, 2.006600000000000000e+04
4.394845567118357138e-03, 2.294900000000000000e+04
4.402807243870382990e-03, 2.590600000000000000e+04
4.410768920622409710e-03, 2.899900000000000000e+04
4.418730597374435562e-03, 3.243100000000000000e+04
4.426692274126461414e-03, 3.562900000000000000e+04
4.434653950878487266e-03, 3.879700000000000000e+04
4.442615627630513118e-03, 4.228500000000000000e+04
4.450577304382539838e-03, 4.512100000000000000e+04
4.458538981134565690e-03, 4.759300000000000000e+04
4.466500657886591542e-03, 4.984900000000000000e+04
4.474462334638617395e-03, 5.205800000000000000e+04
4.482424011390643247e-03, 5.369000000000000000e+04
4.490385688142669099e-03, 5.447800000000000000e+04
4.498347364894695818e-03, 5.495600000000000000e+04
4.506309041646721671e-03, 5.505900000000000000e+04
4.514270718398747523e-03, 5.484100000000000000e+04
4.522232395150773375e-03, 5.431100000000000000e+04
4.530194071902799227e-03, 5.304900000000000000e+04
4.538155748654825947e-03, 5.123900000000000000e+04
4.546117425406851799e-03, 4.909400000000000000e+04
4.554079102158877651e-03, 4.699300000000000000e+04
4.562040778910903503e-03, 4.416600000000000000e+04
4.570002455662929355e-03, 4.139000000000000000e+04
4.577964132414955208e-03, 3.822800000000000000e+04
4.585925809166981927e-03, 3.455500000000000000e+04
4.593887485919007779e-03, 3.137000000000000000e+04
4.601849162671033631e-03, 2.813800000000000000e+04
4.609810839423059484e-03, 2.493500000000000000e+04
4.617772516175085336e-03, 2.164700000000000000e+04
4.625734192927112055e-03, 1.904700000000000000e+04
4.633695869679137908e-03, 1.667600000000000000e+04
4.641657546431163760e-03, 1.449400000000000000e+04
4.649619223183189612e-03, 1.272300000000000000e+04
4.657580899935215464e-03, 1.137900000000000000e+04
4.665542576687241316e-03, 1.040100000000000000e+04
4.673504253439268036e-03, 9.919000000000000000e+03
4.681465930191293888e-03, 1.029900000000000000e+04
4.689427606943319740e-03, 1.083200000000000000e+04
4.697389283695345592e-03, 1.189700000000000000e+04
4.705350960447371444e-03, 1.320800000000000000e+04
4.713312637199397297e-03, 1.521400000000000000e+04
4.721274313951424016e-03, 1.758000000000000000e+04
4.729235990703449868e-03, 2.035900000000000000e+04
4.737197667455475721e-03, 2.324500000000000000e+04
4.745159344207501573e-03, 2.622800000000000000e+04
4.753121020959527425e-03, 2.950700000000000000e+04
4.761082697711554144e-03, 3.286600000000000000e+04
4.769044374463579997e-03, 3.598900000000000000e+04
4.777006051215605849e-03, 3.909300000000000000e+04
4.784967727967631701e-03, 4.249600000000000000e+04
4.792929404719657553e-03, 4.534100000000000000e+04
4.800891081471683405e-03, 4.770700000000000000e+04
4.808852758223710125e-03, 5.010700000000000000e+04
4.816814434975735977e-03, 5.229100000000000000e+04
4.824776111727761829e-03, 5.388400000000000000e+04
4.832737788479787681e-03, 5.482100000000000000e+04
4.840699465231813534e-03, 5.528200000000000000e+04
4.848661141983840253e-03, 5.539300000000000000e+04
4.856622818735866105e-03, 5.499900000000000000e+04
4.864584495487891957e-03, 5.442300000000000000e+04
4.872546172239917810e-03, 5.308300000000000000e+04
4.880507848991943662e-03, 5.122400000000000000e+04
4.888469525743969514e-03, 4.904800000000000000e+04
4.896431202495996234e-03, 4.681100000000000000e+04
4.904392879248022086e-03, 4.387900000000000000e+04
4.912354556000047938e-03, 4.105900000000000000e+04
4.920316232752073790e-03, 3.783700000000000000e+04
4.928277909504099642e-03, 3.423600000000000000e+04
4.936239586256126362e-03, 3.098700000000000000e+04
4.944201263008152214e-03, 2.769500000000000000e+04
4.952162939760178066e-03, 2.453100000000000000e+04
4.960124616512203918e-03, 2.129300000000000000e+04
4.968086293264229771e-03, 1.885600000000000000e+04
4.976047970016255623e-03, 1.649100000000000000e+04
4.984009646768282342e-03, 1.434000000000000000e+04
4.991971323520308194e-03, 1.260500000000000000e+04
4.999933000272334047e-03, 1.129400000000000000e+04
5.007894677024359899e-03, 1.030300000000000000e+04
5.015856353776385751e-03, 9.928000000000000000e+03
5.023818030528412470e-03, 1.032400000000000000e+04
5.031779707280438323e-03, 1.097400000000000000e+04
5.039741384032464175e-03, 1.206500000000000000e+04
5.047703060784490027e-03, 1.334300000000000000e+04
5.055664737536515879e-03, 1.539900000000000000e+04
5.063626414288541731e-03, 1.787100000000000000e+04
5.071588091040568451e-03, 2.076600000000000000e+04
5.079549767792594303e-03, 2.373700000000000000e+04
5.087511444544620155e-03, 2.651800000000000000e+04
5.095473121296646007e-03, 2.978400000000000000e+04
5.103434798048671860e-03, 3.312200000000000000e+04
5.111396474800698579e-03, 3.620200000000000000e+04
5.119358151552724431e-03, 3.939400000000000000e+04
5.127319828304750284e-03, 4.269100000000000000e+04
5.135281505056776136e-03, 4.563000000000000000e+04
5.143243181808801988e-03, 4.789800000000000000e+04
5.151204858560827840e-03, 5.039500000000000000e+04
5.159166535312854560e-03, 5.249600000000000000e+04
5.167128212064880412e-03, 5.398900000000000000e+04
5.175089888816906264e-03, 5.477500000000000000e+04
5.183051565568932116e-03, 5.525200000000000000e+04
5.191013242320957968e-03, 5.540400000000000000e+04
5.198974919072984688e-03, 5.498500000000000000e+04
5.206936595825010540e-03, 5.436900000000000000e+04
5.214898272577036392e-03, 5.298500000000000000e+04
5.222859949329062244e-03, 5.098000000000000000e+04
5.230821626081088097e-03, 4.877400000000000000e+04
5.238783302833113949e-03, 4.656600000000000000e+04
5.246744979585140668e-03, 4.362200000000000000e+04
5.254706656337166520e-03, 4.069300000000000000e+04
5.262668333089192373e-03, 3.734300000000000000e+04
5.270630009841218225e-03, 3.377100000000000000e+04
5.278591686593244077e-03, 3.064400000000000000e+04
5.286553363345270797e-03, 2.745300000000000000e+04
5.294515040097296649e-03, 2.424800000000000000e+04
5.302476716849322501e-03, 2.111500000000000000e+04
5.310438393601348353e-03, 1.867000000000000000e+04
5.318400070353374205e-03, 1.629800000000000000e+04
5.326361747105400057e-03, 1.413800000000000000e+04
5.334323423857426777e-03, 1.243000000000000000e+04
5.342285100609452629e-03, 1.115500000000000000e+04
5.350246777361478481e-03, 1.023700000000000000e+04
5.358208454113504333e-03, 1.005300000000000000e+04
5.366170130865530186e-03, 1.036900000000000000e+04
5.374131807617556905e-03, 1.108800000000000000e+04
5.382093484369582757e-03, 1.218500000000000000e+04
5.390055161121608610e-03, 1.343300000000000000e+04
5.398016837873634462e-03, 1.547100000000000000e+04
5.405978514625660314e-03, 1.798300000000000000e+04
5.413940191377686166e-03, 2.064800000000000000e+04
5.421901868129712886e-03, 2.372900000000000000e+04
5.429863544881738738e-03, 2.652800000000000000e+04
5.437825221633764590e-03, 2.985000000000000000e+04
5.445786898385790442e-03, 3.329300000000000000e+04
5.453748575137816294e-03, 3.638400000000000000e+04
5.461710251889843014e-03, 3.973900000000000000e+04
5.469671928641868866e-03, 4.298500000000000000e+04
5.477633605393894718e-03, 4.588100000000000000e+04
5.485595282145920570e-03, 4.799700000000000000e+04
5.493556958897946423e-03, 5.062800000000000000e+04
5.501518635649972275e-03, 5.268100000000000000e+04
5.509480312401998994e-03, 5.398500000000000000e+04
5.517441989154024846e-03, 5.481200000000000000e+04
5.525403665906050699e-03, 5.531200000000000000e+04
5.533365342658076551e-03, 5.548200000000000000e+04
5.541327019410102403e-03, 5.491900000000000000e+04
5.549288696162129123e-03, 5.421800000000000000e+04
5.557250372914154975e-03, 5.285600000000000000e+04
5.565212049666180827e-03, 5.078500000000000000e+04
5.573173726418206679e-03, 4.858000000000000000e+04
5.581135403170232531e-03, 4.634500000000000000e+04
5.589097079922258383e-03, 4.351400000000000000e+04
5.597058756674285103e-03, 4.060800000000000000e+04
5.605020433426310955e-03, 3.732000000000000000e+04
5.612982110178336807e-03, 3.382300000000000000e+04
5.620943786930362659e-03, 3.066400000000000000e+04
5.628905463682388512e-03, 2.741600000000000000e+04
5.636867140434415231e-03, 2.404700000000000000e+04
5.644828817186441083e-03, 2.101400000000000000e+04
5.652790493938466936e-03, 1.845800000000000000e+04
5.660752170690492788e-03, 1.606700000000000000e+04
5.668713847442518640e-03, 1.396800000000000000e+04
5.676675524194544492e-03, 1.230600000000000000e+04
5.684637200946571212e-03, 1.106200000000000000e+04
5.692598877698597064e-03, 1.016700000000000000e+04
5.700560554450622916e-03, 1.013900000000000000e+04
5.708522231202648768e-03, 1.037600000000000000e+04
5.716483907954674620e-03, 1.139200000000000000e+04
5.724445584706701340e-03, 1.256000000000000000e+04
5.732407261458727192e-03, 1.396700000000000000e+04
5.740368938210753044e-03, 1.603300000000000000e+04
5.748330614962778896e-03, 1.847000000000000000e+04
5.756292291714804749e-03, 2.112300000000000000e+04
5.764253968466830601e-03, 2.410900000000000000e+04
5.772215645218857320e-03, 2.695700000000000000e+04
5.780177321970883172e-03, 3.033700000000000000e+04
5.788138998722909025e-03, 3.372800000000000000e+04
5.796100675474934877e-03, 3.673800000000000000e+04
5.804062352226960729e-03, 4.000200000000000000e+04
5.812024028978987449e-03, 4.323900000000000000e+04
5.819985705731013301e-03, 4.601700000000000000e+04
5.827947382483039153e-03, 4.813500000000000000e+04
5.835909059235065005e-03, 5.076300000000000000e+04
5.843870735987090857e-03, 5.282900000000000000e+04
5.851832412739116709e-03, 5.407600000000000000e+04
5.859794089491143429e-03, 5.484100000000000000e+04
5.867755766243169281e-03, 5.532600000000000000e+04
5.875717442995195133e-03, 5.542500000000000000e+04
5.883679119747220986e-03, 5.487100000000000000e+04
5.891640796499246838e-03, 5.411200000000000000e+04
5.899602473251273557e-03, 5.268500000000000000e+04
5.907564150003299409e-03, 5.072600000000000000e+04
5.915525826755325262e-03, 4.856100000000000000e+04
5.923487503507351114e-03, 4.618300000000000000e+04
5.931449180259376966e-03, 4.317100000000000000e+04
5.939410857011402818e-03, 4.028100000000000000e+04
5.947372533763429538e-03, 3.696100000000000000e+04
5.955334210515455390e-03, 3.354300000000000000e+04
5.963295887267481242e-03, 3.032400000000000000e+04
5.971257564019507094e-03, 2.730000000000000000e+04
5.979219240771532946e-03, 2.399200000000000000e+04
5.987180917523559666e-03, 2.104700000000000000e+04
5.995142594275585518e-03, 1.847900000000000000e+04
6.003104271027611370e-03, 1.606300000000000000e+04
6.011065947779637222e-03, 1.394900000000000000e+04
6.019027624531663075e-03, 1.227800000000000000e+04
6.026989301283688927e-03, 1.103000000000000000e+04
6.034950978035715646e-03, 1.013100000000000000e+04
6.042912654787741498e-03, 1.015900000000000000e+04
6.050874331539767351e-03, 1.033400000000000000e+04
6.058836008291793203e-03, 1.115100000000000000e+04
6.066797685043819055e-03, 1.226200000000000000e+04
6.074759361795845775e-03, 1.383500000000000000e+04
6.082721038547871627e-03, 1.599300000000000000e+04
6.090682715299897479e-03, 1.857600000000000000e+04
6.098644392051923331e-03, 2.121700000000000000e+04
6.106606068803949183e-03, 2.403100000000000000e+04
6.114567745555975035e-03, 2.694900000000000000e+04
6.122529422308001755e-03, 3.034200000000000000e+04
6.130491099060027607e-03, 3.364500000000000000e+04
6.138452775812053459e-03, 3.675700000000000000e+04
6.146414452564079312e-03, 4.003400000000000000e+04
6.154376129316105164e-03, 4.339100000000000000e+04
6.162337806068131883e-03, 4.611800000000000000e+04
6.170299482820157735e-03, 4.831100000000000000e+04
6.178261159572183588e-03, 5.091000000000000000e+04
6.186222836324209440e-03, 5.287100000000000000e+04
6.194184513076235292e-03, 5.408300000000000000e+04
6.202146189828261144e-03, 5.484500000000000000e+04
6.210107866580287864e-03, 5.534200000000000000e+04
6.218069543332313716e-03, 5.529700000000000000e+04
6.226031220084339568e-03, 5.485100000000000000e+04
6.233992896836365420e-03, 5.409400000000000000e+04
6.241954573588391272e-03, 5.259400000000000000e+04
6.249916250340417992e-03, 5.062800000000000000e+04
6.257877927092443844e-03, 4.842100000000000000e+04
6.265839603844469696e-03, 4.591700000000000000e+04
6.273801280596495548e-03, 4.275800000000000000e+04
6.281762957348521401e-03, 3.993700000000000000e+04
6.289724634100547253e-03, 3.659100000000000000e+04
6.297686310852573972e-03, 3.313600000000000000e+04
6.305647987604599825e-03, 2.988100000000000000e+04
6.313609664356625677e-03, 2.670200000000000000e+04
6.321571341108651529e-03, 2.339700000000000000e+04
6.329533017860677381e-03, 2.048000000000000000e+04
6.337494694612704101e-03, 1.794800000000000000e+04
6.345456371364729953e-03, 1.560800000000000000e+04
6.353418048116755805e-03, 1.358500000000000000e+04
6.361379724868781657e-03, 1.197000000000000000e+04
6.369341401620807509e-03, 1.078500000000000000e+04
6.377303078372833361e-03, 9.943000000000000000e+03
6.385264755124860081e-03, 1.016200000000000000e+04
6.393226431876885933e-03, 1.039000000000000000e+04
6.401188108628911785e-03, 1.126700000000000000e+04
6.409149785380937638e-03, 1.238200000000000000e+04
6.417111462132963490e-03, 1.398000000000000000e+04
6.425073138884990209e-03, 1.641400000000000000e+04
6.433034815637016061e-03, 1.907100000000000000e+04
6.440996492389041914e-03, 2.182400000000000000e+04
6.448958169141067766e-03, 2.451300000000000000e+04
6.456919845893093618e-03, 2.748100000000000000e+04
6.464881522645119470e-03, 3.092600000000000000e+04
6.472843199397146190e-03, 3.412100000000000000e+04
6.480804876149172042e-03, 3.722000000000000000e+04
6.488766552901197894e-03, 4.017500000000000000e+04
6.496728229653223746e-03, 4.345500000000000000e+04
6.504689906405249598e-03, 4.601400000000000000e+04
6.512651583157276318e-03, 4.824700000000000000e+04
6.520613259909302170e-03, 5.083100000000000000e+04
6.528574936661328022e-03, 5.279000000000000000e+04
6.536536613413353874e-03, 5.402300000000000000e+04
6.544498290165379727e-03, 5.481700000000000000e+04
6.552459966917405579e-03, 5.538000000000000000e+04
6.560421643669432298e-03, 5.526500000000000000e+04
6.568383320421458151e-03, 5.488700000000000000e+04
6.576344997173484003e-03, 5.389000000000000000e+04
6.584306673925509855e-03, 5.237300000000000000e+04
6.592268350677535707e-03, 5.039300000000000000e+04
6.600230027429562427e-03, 4.820100000000000000e+04
6.608191704181588279e-03, 4.560600000000000000e+04
6.616153380933614131e-03, 4.257100000000000000e+04
6.624115057685639983e-03, 3.986700000000000000e+04
6.632076734437665835e-03, 3.644900000000000000e+04
6.640038411189691687e-03, 3.314400000000000000e+04
6.648000087941718407e-03, 2.981900000000000000e+04
6.655961764693744259e-03, 2.660500000000000000e+04
6.663923441445770111e-03, 2.334900000000000000e+04
6.671885118197795964e-03, 2.033700000000000000e+04
6.679846794949821816e-03, 1.774800000000000000e+04
6.687808471701848535e-03, 1.537600000000000000e+04
6.695770148453874387e-03, 1.337100000000000000e+04
6.703731825205900240e-03, 1.181400000000000000e+04
6.711693501957926092e-03, 1.066500000000000000e+04
6.719655178709951944e-03, 9.893000000000000000e+03
6.727616855461977796e-03, 1.018400000000000000e+04
6.735578532214004516e-03, 1.052400000000000000e+04
6.743540208966030368e-03, 1.138600000000000000e+04
6.751501885718056220e-03, 1.245000000000000000e+04
6.759463562470082072e-03, 1.400300000000000000e+04
6.767425239222107924e-03, 1.639800000000000000e+04
6.775386915974134644e-03, 1.896000000000000000e+04
6.783348592726160496e-03, 2.178800000000000000e+04
6.791310269478186348e-03, 2.451300000000000000e+04
6.799271946230212200e-03, 2.760900000000000000e+04
6.807233622982238053e-03, 3.113100000000000000e+04
6.815195299734263905e-03, 3.446600000000000000e+04
6.823156976486290624e-03, 3.759800000000000000e+04
6.831118653238316477e-03, 4.073000000000000000e+04
6.839080329990342329e-03, 4.411000000000000000e+04
6.847042006742368181e-03, 4.650000000000000000e+04
6.855003683494394033e-03, 4.870400000000000000e+04
6.862965360246420753e-03, 5.117200000000000000e+04
6.870927036998446605e-03, 5.302900000000000000e+04
6.878888713750472457e-03, 5.424200000000000000e+04
6.886850390502498309e-03, 5.500300000000000000e+04
6.894812067254524161e-03, 5.550300000000000000e+04
6.902773744006550014e-03, 5.522700000000000000e+04
6.910735420758576733e-03, 5.482900000000000000e+04
6.918697097510602585e-03, 5.370600000000000000e+04
6.926658774262628437e-03, 5.223500000000000000e+04
6.934620451014654290e-03, 5.015300000000000000e+04
6.942582127766680142e-03, 4.775400000000000000e+04
6.950543804518706861e-03, 4.508400000000000000e+04
6.958505481270732713e-03, 4.202200000000000000e+04
6.966467158022758566e-03, 3.931400000000000000e+04
6.974428834774784418e-03, 3.580500000000000000e+04
6.982390511526810270e-03, 3.258400000000000000e+04
6.990352188278836122e-03, 2.932200000000000000e+04
6.998313865030862842e-03, 2.613000000000000000e+04
7.006275541782888694e-03, 2.293700000000000000e+04
7.014237218534914546e-03, 1.993800000000000000e+04
7.022198895286940398e-03, 1.740100000000000000e+04
7.030160572038966250e-03, 1.510700000000000000e+04
7.038122248790992970e-03, 1.316400000000000000e+04
7.046083925543018822e-03, 1.165300000000000000e+04
7.054045602295044674e-03, 1.053700000000000000e+04
7.062007279047070527e-03, 9.954000000000000000e+03
7.069968955799096379e-03, 1.045800000000000000e+04
7.077930632551122231e-03, 1.091400000000000000e+04
7.085892309303148950e-03, 1.182500000000000000e+04
7.093853986055174803e-03, 1.287700000000000000e+04
7.101815662807200655e-03, 1.445000000000000000e+04
7.109777339559226507e-03, 1.682900000000000000e+04
7.117739016311252359e-03, 1.926600000000000000e+04
7.125700693063279079e-03, 2.208000000000000000e+04
7.133662369815304931e-03, 2.500300000000000000e+04
7.141624046567330783e-03, 2.814100000000000000e+04
7.149585723319356635e-03, 3.152500000000000000e+04
7.157547400071382487e-03, 3.472700000000000000e+04
7.165509076823408340e-03, 3.783600000000000000e+04
7.173470753575435059e-03, 4.099900000000000000e+04
7.181432430327460911e-03, 4.432100000000000000e+04
7.189394107079486763e-03, 4.668300000000000000e+04
7.197355783831512616e-03, 4.868700000000000000e+04
7.205317460583538468e-03, 5.100300000000000000e+04
7.213279137335565187e-03, 5.282900000000000000e+04
7.221240814087591040e-03, 5.403100000000000000e+04
7.229202490839616892e-03, 5.483800000000000000e+04
7.237164167591642744e-03, 5.535100000000000000e+04
7.245125844343668596e-03, 5.505900000000000000e+04
7.253087521095694448e-03, 5.460400000000000000e+04
7.261049197847721168e-03, 5.332700000000000000e+04
7.269010874599747020e-03, 5.179300000000000000e+04
7.276972551351772872e-03, 4.975300000000000000e+04
7.284934228103798724e-03, 4.744800000000000000e+04
7.292895904855824576e-03, 4.478600000000000000e+04
7.300857581607851296e-03, 4.192800000000000000e+04
7.308819258359877148e-03, 3.910600000000000000e+04
7.316780935111903000e-03, 3.558900000000000000e+04
7.324742611863928853e-03, 3.242800000000000000e+04
7.332704288615954705e-03, 2.936300000000000000e+04
7.340665965367980557e-03, 2.609000000000000000e+04
7.348627642120007276e-03, 2.300700000000000000e+04
7.356589318872033129e-03, 1.992800000000000000e+04
7.364550995624058981e-03, 1.746000000000000000e+04
7.372512672376084833e-03, 1.512900000000000000e+04
7.380474349128110685e-03, 1.317800000000000000e+04
7.388436025880137405e-03, 1.161000000000000000e+04
7.396397702632163257e-03, 1.048300000000000000e+04
7.404359379384189109e-03, 9.927000000000000000e+03
7.412321056136214961e-03, 1.011900000000000000e+04
7.420282732888240813e-03, 1.063400000000000000e+04
7.428244409640266666e-03, 1.161900000000000000e+04
7.436206086392293385e-03, 1.273000000000000000e+04
7.444167763144319237e-03, 1.446900000000000000e+04
7.452129439896345089e-03, 1.683600000000000000e+04
7.460091116648370942e-03, 1.922600000000000000e+04
7.468052793400396794e-03, 2.206300000000000000e+04
7.476014470152423513e-03, 2.499100000000000000e+04
7.483976146904449366e-03, 2.813400000000000000e+04
7.491937823656475218e-03, 3.156800000000000000e+04
7.499899500408501070e-03, 3.472300000000000000e+04
7.507861177160526922e-03, 3.790100000000000000e+04
7.515822853912552774e-03, 4.123100000000000000e+04
7.523784530664579494e-03, 4.451600000000000000e+04
7.531746207416605346e-03, 4.692900000000000000e+04
7.539707884168631198e-03, 4.916200000000000000e+04
7.547669560920657050e-03, 5.152300000000000000e+04
7.555631237672682902e-03, 5.328400000000000000e+04
7.563592914424709622e-03, 5.440600000000000000e+04
7.571554591176735474e-03, 5.514400000000000000e+04
7.579516267928761326e-03, 5.549600000000000000e+04
7.587477944680787179e-03, 5.521900000000000000e+04
7.595439621432813031e-03, 5.467200000000000000e+04
7.603401298184838883e-03, 5.352300000000000000e+04
7.611362974936865602e-03, 5.196900000000000000e+04
7.619324651688891455e-03, 4.985500000000000000e+04
7.627286328440917307e-03, 4.747400000000000000e+04
7.635248005192943159e-03, 4.468100000000000000e+04
7.643209681944969011e-03, 4.189200000000000000e+04
7.651171358696995731e-03, 3.908700000000000000e+04
7.659133035449021583e-03, 3.558900000000000000e+04
7.667094712201047435e-03, 3.225200000000000000e+04
7.675056388953073287e-03, 2.907800000000000000e+04
7.683018065705099139e-03, 2.570200000000000000e+04
7.690979742457124992e-03, 2.261700000000000000e+04
7.698941419209151711e-03, 1.962400000000000000e+04
7.706903095961177563e-03, 1.724900000000000000e+04
7.714864772713203415e-03, 1.490600000000000000e+04
7.722826449465229268e-03, 1.299400000000000000e+04
7.730788126217255120e-03, 1.153800000000000000e+04
7.738749802969281839e-03, 1.047700000000000000e+04
7.746711479721307692e-03, 9.938000000000000000e+03
7.754673156473333544e-03, 1.012100000000000000e+04
7.762634833225359396e-03, 1.067800000000000000e+04
7.770596509977385248e-03, 1.169300000000000000e+04
7.778558186729411100e-03, 1.305100000000000000e+04
7.786519863481437820e-03, 1.490800000000000000e+04
7.794481540233463672e-03, 1.728400000000000000e+04
7.802443216985489524e-03, 1.979600000000000000e+04
7.810404893737515376e-03, 2.260600000000000000e+04
7.818366570489541229e-03, 2.558900000000000000e+04
7.826328247241567948e-03, 2.856400000000000000e+04
7.834289923993592933e-03, 3.204800000000000000e+04
7.842251600745619652e-03, 3.515800000000000000e+04
7.850213277497646372e-03, 3.832700000000000000e+04
7.858174954249671357e-03, 4.168200000000000000e+04
7.866136631001698076e-03, 4.473300000000000000e+04
7.874098307753723061e-03, 4.716100000000000000e+04
7.882059984505749781e-03, 4.939500000000000000e+04
7.890021661257774765e-03, 5.169900000000000000e+04
7.897983338009801485e-03, 5.341300000000000000e+04
7.905945014761828205e-03, 5.427900000000000000e+04
7.913906691513853189e-03, 5.490200000000000000e+04
7.921868368265879909e-03, 5.509200000000000000e+04
7.929830045017904894e-03, 5.491800000000000000e+04
7.937791721769931613e-03, 5.435000000000000000e+04
7.945753398521958333e-03, 5.325400000000000000e+04
7.953715075273983318e-03, 5.162500000000000000e+04
7.961676752026010037e-03, 4.951900000000000000e+04
7.969638428778035022e-03, 4.730100000000000000e+04
7.977600105530061741e-03, 4.455400000000000000e+04
7.985561782282088461e-03, 4.174100000000000000e+04
7.993523459034113446e-03, 3.870500000000000000e+04
8.001485135786140165e-03, 3.515000000000000000e+04
8.009446812538165150e-03, 3.190400000000000000e+04
8.017408489290191870e-03, 2.870800000000000000e+04
8.025370166042218589e-03, 2.540500000000000000e+04
8.033331842794243574e-03, 2.221500000000000000e+04
8.041293519546270294e-03, 1.934700000000000000e+04
8.049255196298295278e-03, 1.699200000000000000e+04
8.057216873050321998e-03, 1.475800000000000000e+04
8.065178549802346983e-03, 1.291800000000000000e+04
8.073140226554373702e-03, 1.151000000000000000e+04
8.081101903306400422e-03, 1.048100000000000000e+04
8.089063580058425407e-03, 9.942000000000000000e+03
8.097025256810452126e-03, 1.017300000000000000e+04
8.104986933562477111e-03, 1.064300000000000000e+04
8.112948610314503831e-03, 1.167000000000000000e+04
8.120910287066530550e-03, 1.293100000000000000e+04
8.128871963818555535e-03, 1.482300000000000000e+04
8.136833640570582254e-03, 1.721500000000000000e+04
8.144795317322607239e-03, 1.988300000000000000e+04
8.152756994074633959e-03, 2.276000000000000000e+04
8.160718670826660678e-03, 2.582500000000000000e+04
8.168680347578685663e-03, 2.890500000000000000e+04
8.176642024330712383e-03, 3.240800000000000000e+04
8.184603701082737368e-03, 3.542000000000000000e+04
8.192565377834764087e-03, 3.854300000000000000e+04
8.200527054586790807e-03, 4.198400000000000000e+04
8.208488731338815791e-03, 4.490100000000000000e+04
8.216450408090842511e-03, 4.737900000000000000e+04
8.224412084842867496e-03, 4.963000000000000000e+04
8.232373761594894215e-03, 5.191700000000000000e+04
8.240335438346919200e-03, 5.359400000000000000e+04
8.248297115098945920e-03, 5.466800000000000000e+04
8.256258791850972639e-03, 5.533200000000000000e+04
8.264220468602997624e-03, 5.539400000000000000e+04
8.272182145355024344e-03, 5.518000000000000000e+04
8.280143822107049328e-03, 5.452200000000000000e+04
8.288105498859076048e-03, 5.334700000000000000e+04
8.296067175611102767e-03, 5.166300000000000000e+04
8.304028852363127752e-03, 4.952200000000000000e+04
8.311990529115154472e-03, 4.721300000000000000e+04
8.319952205867179457e-03, 4.433300000000000000e+04
8.327913882619206176e-03, 4.151200000000000000e+04
8.335875559371232896e-03, 3.839200000000000000e+04
8.343837236123257881e-03, 3.473000000000000000e+04
8.351798912875284600e-03, 3.156800000000000000e+04
8.359760589627309585e-03, 2.828500000000000000e+04
8.367722266379336304e-03, 2.502900000000000000e+04
8.375683943131363024e-03, 2.186400000000000000e+04
8.383645619883388009e-03, 1.919400000000000000e+04
8.391607296635414728e-03, 1.683700000000000000e+04
8.399568973387439713e-03, 1.463300000000000000e+04
8.407530650139466433e-03, 1.282900000000000000e+04
8.415492326891491418e-03, 1.145500000000000000e+04
8.423454003643518137e-03, 1.040600000000000000e+04
8.431415680395544857e-03, 9.862000000000000000e+03
8.439377357147569841e-03, 1.023800000000000000e+04
8.447339033899596561e-03, 1.074600000000000000e+04
8.455300710651621546e-03, 1.180800000000000000e+04
8.463262387403648265e-03, 1.313900000000000000e+04
8.471224064155674985e-03, 1.509800000000000000e+04
8.479185740907699970e-03, 1.746100000000000000e+04
8.487147417659726689e-03, 2.035700000000000000e+04
8.495109094411751674e-03, 2.326100000000000000e+04
8.503070771163778394e-03, 2.617800000000000000e+04
8.511032447915805113e-03, 2.921300000000000000e+04
8.518994124667830098e-03, 3.259100000000000000e+04
8.526955801419856817e-03, 3.567200000000000000e+04
8.534917478171881802e-03, 3.879700000000000000e+04
8.542879154923908522e-03, 4.228000000000000000e+04
8.550840831675935241e-03, 4.516300000000000000e+04
8.558802508427960226e-03, 4.765900000000000000e+04
8.566764185179986946e-03, 4.991300000000000000e+04
8.574725861932011930e-03, 5.211100000000000000e+04
8.582687538684038650e-03, 5.373100000000000000e+04
8.590649215436063635e-03, 5.476600000000000000e+04
8.598610892188090354e-03, 5.527500000000000000e+04
8.606572568940117074e-03, 5.536800000000000000e+04
8.614534245692142059e-03, 5.486700000000000000e+04
8.622495922444168778e-03, 5.418400000000000000e+04
8.630457599196193763e-03, 5.288600000000000000e+04
8.638419275948220483e-03, 5.108800000000000000e+04
8.646380952700247202e-03, 4.897100000000000000e+04
8.654342629452272187e-03, 4.676300000000000000e+04
8.662304306204298907e-03, 4.390300000000000000e+04
8.670265982956323891e-03, 4.115400000000000000e+04
8.678227659708350611e-03, 3.814900000000000000e+04
8.686189336460377330e-03, 3.460400000000000000e+04
8.694151013212402315e-03, 3.145700000000000000e+04
8.702112689964429035e-03, 2.822600000000000000e+04
8.710074366716454020e-03, 2.500900000000000000e+04
8.718036043468480739e-03, 2.173500000000000000e+04
8.725997720220507459e-03, 1.916500000000000000e+04
8.733959396972532443e-03, 1.675600000000000000e+04
8.741921073724559163e-03, 1.469800000000000000e+04
8.749882750476584148e-03, 1.307200000000000000e+04
8.757844427228610867e-03, 1.172600000000000000e+04
8.765806103980635852e-03, 1.069400000000000000e+04
8.773767780732662572e-03, 1.014500000000000000e+04
8.781729457484689291e-03, 1.051600000000000000e+04
8.789691134236714276e-03, 1.105400000000000000e+04
8.797652810988740996e-03, 1.208800000000000000e+04
8.805614487740765980e-03, 1.344200000000000000e+04
8.813576164492792700e-03, 1.557700000000000000e+04
8.821537841244819420e-03, 1.793400000000000000e+04
8.829499517996844404e-03, 2.065300000000000000e+04
8.837461194748871124e-03, 2.347200000000000000e+04
8.845422871500896109e-03, 2.628400000000000000e+04
8.853384548252922828e-03, 2.950500000000000000e+04
8.861346225004949548e-03, 3.283200000000000000e+04
8.869307901756974533e-03, 3.598800000000000000e+04
8.877269578509001252e-03, 3.917100000000000000e+04
8.885231255261026237e-03, 4.259000000000000000e+04
8.893192932013052956e-03, 4.542700000000000000e+04
8.901154608765079676e-03, 4.777600000000000000e+04
8.909116285517104661e-03, 5.015900000000000000e+04
8.917077962269131380e-03, 5.230400000000000000e+04
8.925039639021156365e-03, 5.388300000000000000e+04
8.933001315773183085e-03, 5.482200000000000000e+04
8.940962992525208070e-03, 5.531000000000000000e+04
8.948924669277234789e-03, 5.542600000000000000e+04
8.956886346029261509e-03, 5.502900000000000000e+04
8.964848022781286493e-03, 5.444700000000000000e+04
8.972809699533313213e-03, 5.304600000000000000e+04
8.980771376285338198e-03, 5.109700000000000000e+04
8.988733053037364917e-03, 4.890300000000000000e+04
8.996694729789391637e-03, 4.663800000000000000e+04
9.004656406541416622e-03, 4.357400000000000000e+04
9.012618083293443341e-03, 4.075400000000000000e+04
9.020579760045468326e-03, 3.757900000000000000e+04
9.028541436797495046e-03, 3.403600000000000000e+04
9.036503113549521765e-03, 3.087100000000000000e+04
9.044464790301546750e-03, 2.767900000000000000e+04
9.052426467053573469e-03, 2.452800000000000000e+04
9.060388143805598454e-03, 2.126800000000000000e+04
9.068349820557625174e-03, 1.879600000000000000e+04
9.076311497309651893e-03, 1.642800000000000000e+04
9.084273174061676878e-03, 1.428700000000000000e+04
9.092234850813703598e-03, 1.256300000000000000e+04
9.100196527565728583e-03, 1.126200000000000000e+04
9.108158204317755302e-03, 1.032000000000000000e+04
9.116119881069780287e-03, 1.001300000000000000e+04
9.124081557821807006e-03, 1.037700000000000000e+04
9.132043234573833726e-03, 1.096200000000000000e+04
9.140004911325858711e-03, 1.203100000000000000e+04
9.147966588077885430e-03, 1.330700000000000000e+04
9.155928264829910415e-03, 1.536800000000000000e+04
9.163889941581937135e-03, 1.784700000000000000e+04
9.171851618333963854e-03, 2.054700000000000000e+04
9.179813295085988839e-03, 2.356200000000000000e+04
9.187774971838015559e-03, 2.635800000000000000e+04
9.195736648590040543e-03, 2.951200000000000000e+04
9.203698325342067263e-03, 3.282600000000000000e+04
9.211660002094093982e-03, 3.594300000000000000e+04
9.219621678846118967e-03, 3.918900000000000000e+04
9.227583355598145687e-03, 4.253800000000000000e+04
9.235545032350170672e-03, 4.548400000000000000e+04
9.243506709102197391e-03, 4.773700000000000000e+04
9.251468385854224111e-03, 5.033100000000000000e+04
9.259430062606249096e-03, 5.245600000000000000e+04
9.267391739358275815e-03, 5.398900000000000000e+04
9.275353416110300800e-03, 5.479000000000000000e+04
9.283315092862327519e-03, 5.527100000000000000e+04
9.291276769614352504e-03, 5.542000000000000000e+04
9.299238446366379224e-03, 5.492500000000000000e+04
9.307200123118405943e-03, 5.427500000000000000e+04
9.315161799870430928e-03, 5.290300000000000000e+04
9.323123476622457648e-03, 5.074900000000000000e+04
9.331085153374482632e-03, 4.844900000000000000e+04
9.339046830126509352e-03, 4.625700000000000000e+04
9.347008506878536072e-03, 4.336700000000000000e+04
9.354970183630561056e-03, 4.049800000000000000e+04
9.362931860382587776e-03, 3.729100000000000000e+04
9.370893537134612761e-03, 3.380600000000000000e+04
9.378855213886639480e-03, 3.070200000000000000e+04
9.386816890638666200e-03, 2.743200000000000000e+04
9.394778567390691185e-03, 2.416600000000000000e+04
9.402740244142717904e-03, 2.102400000000000000e+04
9.410701920894742889e-03, 1.859000000000000000e+04
9.418663597646769609e-03, 1.623400000000000000e+04
9.426625274398794593e-03, 1.412500000000000000e+04
9.434586951150821313e-03, 1.243700000000000000e+04
9.442548627902848032e-03, 1.116700000000000000e+04
9.450510304654873017e-03, 1.024800000000000000e+04
9.458471981406899737e-03, 1.002600000000000000e+04
9.466433658158924722e-03, 1.033300000000000000e+04
9.474395334910951441e-03, 1.105300000000000000e+04
9.482357011662978161e-03, 1.215700000000000000e+04
9.490318688415003145e-03, 1.349900000000000000e+04
9.498280365167029865e-03, 1.560300000000000000e+04
9.506242041919054850e-03, 1.812400000000000000e+04
9.514203718671081569e-03, 2.089300000000000000e+04
9.522165395423108289e-03, 2.404200000000000000e+04
9.530127072175133274e-03, 2.681700000000000000e+04
9.538088748927159993e-03, 3.008500000000000000e+04
9.546050425679184978e-03, 3.347100000000000000e+04
9.554012102431211698e-03, 3.645700000000000000e+04
9.561973779183238417e-03, 3.975100000000000000e+04
9.569935455935263402e-03, 4.297500000000000000e+04
9.577897132687290122e-03, 4.589300000000000000e+04
9.585858809439315106e-03, 4.804900000000000000e+04
9.593820486191341826e-03, 5.068600000000000000e+04
9.601782162943366811e-03, 5.273200000000000000e+04
9.609743839695393530e-03, 5.402600000000000000e+04
9.617705516447420250e-03, 5.479100000000000000e+04
9.625667193199445235e-03, 5.527500000000000000e+04
9.633628869951471954e-03, 5.543900000000000000e+04
9.641590546703496939e-03, 5.487000000000000000e+04
9.649552223455523658e-03, 5.423600000000000000e+04
9.657513900207550378e-03, 5.289700000000000000e+04
9.665475576959575363e-03, 5.082700000000000000e+04
9.673437253711602082e-03, 4.861600000000000000e+04
9.681398930463627067e-03, 4.631200000000000000e+04
9.689360607215653787e-03, 4.335400000000000000e+04
9.697322283967680506e-03, 4.043100000000000000e+04
9.705283960719705491e-03, 3.713600000000000000e+04
9.713245637471732211e-03, 3.385400000000000000e+04
9.721207314223757195e-03, 3.076800000000000000e+04
9.729168990975783915e-03, 2.753100000000000000e+04
9.737130667727810635e-03, 2.414800000000000000e+04
9.745092344479835619e-03, 2.109400000000000000e+04
9.753054021231862339e-03, 1.855400000000000000e+04
9.761015697983887324e-03, 1.614800000000000000e+04
9.768977374735914043e-03, 1.403000000000000000e+04
9.776939051487939028e-03, 1.231700000000000000e+04
9.784900728239965748e-03, 1.105300000000000000e+04
9.792862404991992467e-03, 1.015200000000000000e+04
9.800824081744017452e-03, 1.012500000000000000e+04
9.808785758496044171e-03, 1.036400000000000000e+04
9.816747435248069156e-03, 1.114600000000000000e+04
9.824709112000095876e-03, 1.225100000000000000e+04
9.832670788752122595e-03, 1.373300000000000000e+04
9.840632465504147580e-03, 1.602600000000000000e+04
9.848594142256174300e-03, 1.858600000000000000e+04
9.856555819008199285e-03, 2.126500000000000000e+04
9.864517495760226004e-03, 2.423900000000000000e+04
9.872479172512252724e-03, 2.706200000000000000e+04
9.880440849264277708e-03, 3.033100000000000000e+04
9.888402526016304428e-03, 3.364300000000000000e+04
9.896364202768329413e-03, 3.667900000000000000e+04
9.904325879520356132e-03, 3.976700000000000000e+04
9.912287556272382852e-03, 4.293100000000000000e+04
9.920249233024407837e-03, 4.573100000000000000e+04
9.928210909776434556e-03, 4.790200000000000000e+04
9.936172586528459541e-03, 5.058600000000000000e+04
9.944134263280486261e-03, 5.263800000000000000e+04
9.952095940032511245e-03, 5.391300000000000000e+04
9.960057616784537965e-03, 5.471700000000000000e+04
9.968019293536564684e-03, 5.528100000000000000e+04
9.975980970288589669e-03, 5.541600000000000000e+04
9.983942647040616389e-03, 5.487700000000000000e+04
9.991904323792641374e-03, 5.412200000000000000e+04
9.999866000544668093e-03, 5.269500000000000000e+04
1.000782767729669481e-02, 5.066100000000000000e+04
1.001578935404871980e-02, 4.845800000000000000e+04
1.002375103080074652e-02, 4.603600000000000000e+04
1.003171270755277150e-02, 4.313100000000000000e+04
1.003967438430479822e-02, 4.034200000000000000e+04
1.004763606105682494e-02, 3.704900000000000000e+04
1.005559773780884993e-02, 3.362700000000000000e+04
1.006355941456087665e-02, 3.039300000000000000e+04
1.007152109131290163e-02, 2.715100000000000000e+04
1.007948276806492835e-02, 2.373300000000000000e+04
1.008744444481695507e-02, 2.078600000000000000e+04
1.009540612156898005e-02, 1.845100000000000000e+04
1.010336779832100677e-02, 1.619400000000000000e+04
1.011132947507303176e-02, 1.411800000000000000e+04
1.011929115182505848e-02, 1.243400000000000000e+04
1.012725282857708346e-02, 1.115600000000000000e+04
1.013521450532911018e-02, 1.022700000000000000e+04
1.014317618208113690e-02, 1.029900000000000000e+04
1.015113785883316189e-02, 1.044600000000000000e+04
1.015909953558518861e-02, 1.141300000000000000e+04
1.016706121233721359e-02, 1.263100000000000000e+04
1.017502288908924031e-02, 1.418600000000000000e+04
1.018298456584126703e-02, 1.628200000000000000e+04
1.019094624259329201e-02, 1.879700000000000000e+04
1.019890791934531873e-02, 2.149300000000000000e+04
1.020686959609734372e-02, 2.429000000000000000e+04
1.021483127284937044e-02, 2.722400000000000000e+04
1.022279294960139716e-02, 3.052100000000000000e+04
1.023075462635342214e-02, 3.363100000000000000e+04
1.023871630310544886e-02, 3.667500000000000000e+04
1.024667797985747385e-02, 3.994000000000000000e+04
1.025463965660950057e-02, 4.330700000000000000e+04
1.026260133336152729e-02, 4.599600000000000000e+04
1.027056301011355227e-02, 4.820300000000000000e+04
1.027852468686557899e-02, 5.081000000000000000e+04
1.028648636361760398e-02, 5.274100000000000000e+04
1.029444804036963070e-02, 5.374100000000000000e+04
1.030240971712165568e-02, 5.448000000000000000e+04
1.031037139387368240e-02, 5.502600000000000000e+04
1.031833307062570912e-02, 5.504800000000000000e+04
1.032629474737773410e-02, 5.466500000000000000e+04
1.033425642412976082e-02, 5.386300000000000000e+04
1.034221810088178581e-02, 5.237500000000000000e+04
1.035017977763381253e-02, 5.045400000000000000e+04
1.035814145438583925e-02, 4.807400000000000000e+04
1.036610313113786423e-02, 4.556100000000000000e+04
1.037406480788989095e-02, 4.245500000000000000e+04
1.038202648464191594e-02, 3.970000000000000000e+04
1.038998816139394266e-02, 3.641600000000000000e+04
1.039794983814596938e-02, 3.312600000000000000e+04
1.040591151489799436e-02, 2.989100000000000000e+04
1.041387319165002108e-02, 2.671200000000000000e+04
1.042183486840204606e-02, 2.333400000000000000e+04
1.042979654515407278e-02, 2.040000000000000000e+04
1.043775822190609950e-02, 1.787400000000000000e+04
1.044571989865812449e-02, 1.554800000000000000e+04
1.045368157541015121e-02, 1.354000000000000000e+04
1.046164325216217619e-02, 1.196300000000000000e+04
1.046960492891420291e-02, 1.079000000000000000e+04
1.047756660566622790e-02, 9.948000000000000000e+03
1.048552828241825462e-02, 1.045200000000000000e+04
1.049348995917028134e-02, 1.073800000000000000e+04
1.050145163592230632e-02, 1.158300000000000000e+04
1.050941331267433304e-02, 1.263600000000000000e+04
1.051737498942635803e-02, 1.417100000000000000e+04
1.052533666617838475e-02, 1.639200000000000000e+04
1.053329834293041146e-02, 1.895500000000000000e+04
1.054126001968243645e-02, 2.172000000000000000e+04
1.054922169643446317e-02, 2.426900000000000000e+04
1.055718337318648815e-02, 2.722400000000000000e+04
1.056514504993851487e-02, 3.070500000000000000e+04
1.057310672669054159e-02, 3.394800000000000000e+04
1.058106840344256658e-02, 3.709100000000000000e+04
1.058903008019459330e-02, 4.031300000000000000e+04
1.059699175694661828e-02, 4.371800000000000000e+04
1.060495343369864500e-02, 4.624600000000000000e+04
1.061291511045067172e-02, 4.850600000000000000e+04
1.062087678720269671e-02, 5.105900000000000000e+04
1.062883846395472343e-02, 5.297100000000000000e+04
1.063680014070674841e-02, 5.415900000000000000e+04
1.064476181745877513e-02, 5.491400000000000000e+04
1.065272349421080011e-02, 5.541400000000000000e+04
1.066068517096282683e-02, 5.523000000000000000e+04
1.066864684771485355e-02, 5.485900000000000000e+04
1.067660852446687854e-02, 5.390300000000000000e+04
1.068457020121890526e-02, 5.241800000000000000e+04
1.069253187797093024e-02, 5.044200000000000000e+04
1.070049355472295696e-02, 4.824400000000000000e+04
1.070845523147498368e-02, 4.564000000000000000e+04
1.071641690822700867e-02, 4.246000000000000000e+04
1.072437858497903539e-02, 3.969800000000000000e+04
1.073234026173106037e-02, 3.620300000000000000e+04
1.074030193848308709e-02, 3.309000000000000000e+04
1.074826361523511381e-02, 2.990400000000000000e+04
1.075622529198713880e-02, 2.672800000000000000e+04
1.076418696873916551e-02, 2.346700000000000000e+04
1.077214864549119050e-02, 2.043400000000000000e+04
1.078011032224321722e-02, 1.782200000000000000e+04
1.078807199899524394e-02, 1.545200000000000000e+04
1.079603367574726892e-02, 1.343300000000000000e+04
1.080399535249929564e-02, 1.185700000000000000e+04
1.081195702925132063e-02, 1.066900000000000000e+04
1.081991870600334735e-02, 9.881000000000000000e+03
1.082788038275537233e-02, 1.016900000000000000e+04
1.083584205950739905e-02, 1.051000000000000000e+04
1.084380373625942577e-02, 1.143100000000000000e+04
1.085176541301145076e-02, 1.254700000000000000e+04
1.085972708976347748e-02, 1.411900000000000000e+04
1.086768876651550246e-02, 1.648200000000000000e+04
1.087565044326752918e-02, 1.893500000000000000e+04
1.088361212001955590e-02, 2.172600000000000000e+04
1.089157379677158088e-02, 2.444800000000000000e+04
1.089953547352360760e-02, 2.755300000000000000e+04
1.090749715027563259e-02, 3.102800000000000000e+04
1.091545882702765931e-02, 3.432600000000000000e+04
1.092342050377968603e-02, 3.748500000000000000e+04
1.093138218053171101e-02, 4.065700000000000000e+04
1.093934385728373773e-02, 4.412500000000000000e+04
1.094730553403576272e-02, 4.654500000000000000e+04
1.095526721078778944e-02, 4.875300000000000000e+04
1.096322888753981616e-02, 5.121400000000000000e+04
1.097119056429184114e-02, 5.306300000000000000e+04
1.097915224104386786e-02, 5.422600000000000000e+04
1.098711391779589285e-02, 5.497700000000000000e+04
1.099507559454791956e-02, 5.548400000000000000e+04
1.100303727129994455e-02, 5.524600000000000000e+04
1.101099894805197127e-02, 5.485800000000000000e+04
1.101896062480399799e-02, 5.373400000000000000e+04
1.102692230155602297e-02, 5.225900000000000000e+04
1.103488397830804969e-02, 5.021800000000000000e+04
1.104284565506007468e-02, 4.794000000000000000e+04
1.105080733181210140e-02, 4.525800000000000000e+04
1.105876900856412812e-02, 4.221200000000000000e+04
1.106673068531615310e-02, 3.960800000000000000e+04
1.107469236206817982e-02, 3.609100000000000000e+04
1.108265403882020481e-02, 3.282200000000000000e+04
1.109061571557223153e-02, 2.950500000000000000e+04
1.109857739232425825e-02, 2.626400000000000000e+04
1.110653906907628323e-02, 2.310700000000000000e+04
1.111450074582830995e-02, 2.005600000000000000e+04
1.112246242258033493e-02, 1.746800000000000000e+04
1.113042409933236165e-02, 1.511800000000000000e+04
1.113838577608438837e-02, 1.315200000000000000e+04
1.114634745283641336e-02, 1.163500000000000000e+04
1.115430912958844008e-02, 1.052000000000000000e+04
1.116227080634046506e-02, 9.924000000000000000e+03
1.117023248309249178e-02, 1.016100000000000000e+04
1.117819415984451677e-02, 1.060900000000000000e+04
1.118615583659654349e-02, 1.156700000000000000e+04
1.119411751334857021e-02, 1.259800000000000000e+04
1.120207919010059519e-02, 1.420600000000000000e+04
1.121004086685262191e-02, 1.663600000000000000e+04
1.121800254360464690e-02, 1.912200000000000000e+04
1.122596422035667361e-02, 2.197700000000000000e+04
1.123392589710870033e-02, 2.481200000000000000e+04
1.124188757386072532e-02, 2.796500000000000000e+04
1.124984925061275204e-02, 3.137700000000000000e+04
1.125781092736477702e-02, 3.443200000000000000e+04
1.126577260411680374e-02, 3.750800000000000000e+04
1.127373428086883046e-02, 4.071000000000000000e+04
1.128169595762085545e-02, 4.409200000000000000e+04
1.128965763437288217e-02, 4.651200000000000000e+04
1.129761931112490715e-02, 4.879300000000000000e+04
1.130558098787693387e-02, 5.124600000000000000e+04
1.131354266462896059e-02, 5.308300000000000000e+04
1.132150434138098558e-02, 5.429100000000000000e+04
1.132946601813301229e-02, 5.505900000000000000e+04
1.133742769488503728e-02, 5.552400000000000000e+04
1.134538937163706400e-02, 5.518700000000000000e+04
1.135335104838908898e-02, 5.469600000000000000e+04
1.136131272514111570e-02, 5.356100000000000000e+04
1.136927440189314242e-02, 5.209100000000000000e+04
1.137723607864516741e-02, 5.001000000000000000e+04
1.138519775539719413e-02, 4.773100000000000000e+04
1.139315943214921911e-02, 4.507700000000000000e+04
1.140112110890124583e-02, 4.217600000000000000e+04
1.140908278565327255e-02, 3.929900000000000000e+04
1.141704446240529754e-02, 3.573200000000000000e+04
1.142500613915732426e-02, 3.237400000000000000e+04
1.143296781590934924e-02, 2.918800000000000000e+04
1.144092949266137596e-02, 2.583900000000000000e+04
1.144889116941340268e-02, 2.273400000000000000e+04
1.145685284616542766e-02, 1.967100000000000000e+04
1.146481452291745438e-02, 1.724900000000000000e+04
1.147277619966947937e-02, 1.496900000000000000e+04
1.148073787642150609e-02, 1.306100000000000000e+04
1.148869955317353281e-02, 1.158800000000000000e+04
1.149666122992555779e-02, 1.050400000000000000e+04
1.150462290667758451e-02, 9.958000000000000000e+03
1.151258458342960950e-02, 1.012900000000000000e+04
1.152054626018163622e-02, 1.060200000000000000e+04
1.152850793693366120e-02, 1.157700000000000000e+04
1.153646961368568792e-02, 1.269100000000000000e+04
1.154443129043771464e-02, 1.443700000000000000e+04
1.155239296718973963e-02, 1.686000000000000000e+04
1.156035464394176634e-02, 1.936300000000000000e+04
1.156831632069379133e-02, 2.222800000000000000e+04
1.157627799744581805e-02, 2.519700000000000000e+04
1.158423967419784477e-02, 2.843100000000000000e+04
1.159220135094986975e-02, 3.185100000000000000e+04
1.160016302770189647e-02, 3.495600000000000000e+04
1.160812470445392146e-02, 3.808000000000000000e+04
1.161608638120594818e-02, 4.136200000000000000e+04
1.162404805795797490e-02, 4.452400000000000000e+04
1.163200973470999988e-02, 4.693600000000000000e+04
1.163997141146202660e-02, 4.917900000000000000e+04
1.164793308821405159e-02, 5.157100000000000000e+04
1.165589476496607831e-02, 5.333600000000000000e+04
1.166385644171810503e-02, 5.445100000000000000e+04
1.167181811847013001e-02, 5.517900000000000000e+04
1.167977979522215673e-02, 5.546400000000000000e+04
1.168774147197418171e-02, 5.518200000000000000e+04
1.169570314872620843e-02, 5.460200000000000000e+04
1.170366482547823342e-02, 5.345500000000000000e+04
1.171162650223026014e-02, 5.168900000000000000e+04
1.171958817898228686e-02, 4.952300000000000000e+04
1.172754985573431184e-02, 4.717500000000000000e+04
1.173551153248633856e-02, 4.444000000000000000e+04
1.174347320923836355e-02, 4.165000000000000000e+04
1.175143488599039027e-02, 3.872700000000000000e+04
1.175939656274241699e-02, 3.524700000000000000e+04
1.176735823949444197e-02, 3.197900000000000000e+04
1.177531991624646869e-02, 2.875200000000000000e+04
1.178328159299849368e-02, 2.540800000000000000e+04
1.179124326975052039e-02, 2.238100000000000000e+04
1.179920494650254711e-02, 1.944600000000000000e+04
1.180716662325457210e-02, 1.712000000000000000e+04
1.181512830000659882e-02, 1.487100000000000000e+04
1.182308997675862380e-02, 1.300100000000000000e+04
1.183105165351065052e-02, 1.156400000000000000e+04
1.183901333026267724e-02, 1.045400000000000000e+04
1.184697500701470223e-02, 9.900000000000000000e+03
1.185493668376672895e-02, 1.008500000000000000e+04
1.186289836051875393e-02, 1.064800000000000000e+04
1.187086003727078065e-02, 1.166900000000000000e+04
1.187882171402280564e-02, 1.282800000000000000e+04
1.188678339077483236e-02, 1.466100000000000000e+04
1.189474506752685908e-02, 1.706200000000000000e+04
1.190270674427888406e-02, 1.979000000000000000e+04
1.191066842103091078e-02, 2.270800000000000000e+04
1.191863009778293576e-02, 2.571400000000000000e+04
1.192659177453496248e-02, 2.867700000000000000e+04
1.193455345128698920e-02, 3.213900000000000000e+04
1.194251512803901419e-02, 3.514100000000000000e+04
1.195047680479104091e-02, 3.827700000000000000e+04
1.195843848154306589e-02, 4.167400000000000000e+04
1.196640015829509261e-02, 4.475300000000000000e+04
1.197436183504711933e-02, 4.721500000000000000e+04
1.198232351179914432e-02, 4.945300000000000000e+04
1.199028518855117104e-02, 5.175000000000000000e+04
1.199824686530319602e-02, 5.345300000000000000e+04
1.200620854205522274e-02, 5.454600000000000000e+04
1.201417021880724946e-02, 5.527000000000000000e+04
1.202213189555927444e-02, 5.539400000000000000e+04
1.203009357231130116e-02, 5.518900000000000000e+04
1.203805524906332615e-02, 5.460300000000000000e+04
1.204601692581535287e-02, 5.346100000000000000e+04
1.205397860256737785e-02, 5.178200000000000000e+04
1.206194027931940457e-02, 4.963400000000000000e+04
1.206990195607143129e-02, 4.729200000000000000e+04
1.207786363282345628e-02, 4.444400000000000000e+04
1.208582530957548300e-02, 4.161300000000000000e+04
1.209378698632750798e-02, 3.865400000000000000e+04
1.210174866307953470e-02, 3.522800000000000000e+04
1.210971033983156142e-02, 3.201700000000000000e+04
1.211767201658358641e-02, 2.881500000000000000e+04
1.212563369333561313e-02, 2.549400000000000000e+04
1.213359537008763811e-02, 2.232100000000000000e+04
1.214155704683966483e-02, 1.948900000000000000e+04
1.214951872359169155e-02, 1.709200000000000000e+04
1.215748040034371653e-02, 1.482900000000000000e+04
1.216544207709574325e-02, 1.292000000000000000e+04
1.217340375384776824e-02, 1.148700000000000000e+04
1.218136543059979496e-02, 1.045200000000000000e+04
1.218932710735182168e-02, 9.915000000000000000e+03
1.219728878410384666e-02, 1.021100000000000000e+04
1.220525046085587338e-02, 1.069900000000000000e+04
1.221321213760789837e-02, 1.174100000000000000e+04
1.222117381435992509e-02, 1.305400000000000000e+04
1.222913549111195007e-02, 1.513200000000000000e+04
1.223709716786397679e-02, 1.754400000000000000e+04
1.224505884461600351e-02, 2.016700000000000000e+04
1.225302052136802849e-02, 2.298300000000000000e+04
1.226098219812005521e-02, 2.593100000000000000e+04
1.226894387487208020e-02, 2.889700000000000000e+04
1.227690555162410692e-02, 3.234400000000000000e+04
1.228486722837613364e-02, 3.539400000000000000e+04
1.229282890512815862e-02, 3.861200000000000000e+04
1.230079058188018534e-02, 4.207700000000000000e+04
1.230875225863221033e-02, 4.498800000000000000e+04
1.231671393538423705e-02, 4.745100000000000000e+04
1.232467561213626377e-02, 4.968400000000000000e+04
1.233263728888828875e-02, 5.192600000000000000e+04
1.234059896564031547e-02, 5.358700000000000000e+04
1.234856064239234046e-02, 5.466200000000000000e+04
1.235652231914436718e-02, 5.535700000000000000e+04
1.236448399589639389e-02, 5.542700000000000000e+04
1.237244567264841888e-02, 5.521000000000000000e+04
1.238040734940044560e-02, 5.454700000000000000e+04
1.238836902615247058e-02, 5.333400000000000000e+04
1.239633070290449730e-02, 5.154300000000000000e+04
1.240429237965652229e-02, 4.937500000000000000e+04
1.241225405640854901e-02, 4.708300000000000000e+04
1.242021573316057573e-02, 4.403700000000000000e+04
1.242817740991260071e-02, 4.120200000000000000e+04
1.243613908666462743e-02, 3.812500000000000000e+04
1.244410076341665242e-02, 3.452100000000000000e+04
1.245206244016867914e-02, 3.141300000000000000e+04
1.246002411692070586e-02, 2.824400000000000000e+04
1.246798579367273084e-02, 2.504000000000000000e+04
1.247594747042475756e-02, 2.184900000000000000e+04
1.248390914717678254e-02, 1.943600000000000000e+04
1.249187082392880926e-02, 1.715400000000000000e+04
1.249983250068083598e-02, 1.492700000000000000e+04
1.250779417743286097e-02, 1.306900000000000000e+04
1.251575585418488769e-02, 1.163700000000000000e+04
1.252371753093691267e-02, 1.058500000000000000e+04
1.253167920768893939e-02, 1.000800000000000000e+04
1.253964088444096438e-02, 1.038400000000000000e+04
1.254760256119299110e-02, 1.079200000000000000e+04
1.255556423794501782e-02, 1.181100000000000000e+04
1.256352591469704280e-02, 1.312600000000000000e+04
1.257148759144906952e-02, 1.508100000000000000e+04
1.257944926820109451e-02, 1.744600000000000000e+04
1.258741094495312123e-02, 2.019200000000000000e+04
1.259537262170514794e-02, 2.306600000000000000e+04
1.260333429845717293e-02, 2.599100000000000000e+04
1.261129597520919965e-02, 2.918500000000000000e+04
1.261925765196122463e-02, 3.266400000000000000e+04
1.262721932871325135e-02, 3.577100000000000000e+04
1.263518100546527807e-02, 3.889000000000000000e+04
1.264314268221730306e-02, 4.235600000000000000e+04
1.265110435896932978e-02, 4.517700000000000000e+04
1.265906603572135476e-02, 4.763200000000000000e+04
1.266702771247338148e-02, 4.992400000000000000e+04
1.267498938922540820e-02, 5.211900000000000000e+04
1.268295106597743319e-02, 5.376700000000000000e+04
1.269091274272945991e-02, 5.480700000000000000e+04
1.269887441948148489e-02, 5.531100000000000000e+04
1.270683609623351161e-02, 5.539600000000000000e+04
1.271479777298553659e-02, 5.507500000000000000e+04
1.272275944973756331e-02, 5.450100000000000000e+04
1.273072112648959003e-02, 5.313900000000000000e+04
1.273868280324161502e-02, 5.118500000000000000e+04
1.274664447999364174e-02, 4.887500000000000000e+04
1.275460615674566672e-02, 4.661200000000000000e+04
1.276256783349769344e-02, 4.375500000000000000e+04
1.277052951024972016e-02, 4.103100000000000000e+04
1.277849118700174515e-02, 3.790600000000000000e+04
1.278645286375377187e-02, 3.430900000000000000e+04
1.279441454050579685e-02, 3.113700000000000000e+04
1.280237621725782357e-02, 2.793500000000000000e+04
1.281033789400985029e-02, 2.470900000000000000e+04
1.281829957076187528e-02, 2.147900000000000000e+04
1.282626124751390199e-02, 1.896400000000000000e+04
1.283422292426592698e-02, 1.660700000000000000e+04
1.284218460101795370e-02, 1.444100000000000000e+04
1.285014627776998042e-02, 1.268500000000000000e+04
1.285810795452200540e-02, 1.135300000000000000e+04
1.286606963127403212e-02, 1.038500000000000000e+04
1.287403130802605711e-02, 9.866000000000000000e+03
1.288199298477808383e-02, 1.029200000000000000e+04
1.288995466153010881e-02, 1.088400000000000000e+04
1.289791633828213553e-02, 1.196600000000000000e+04
1.290587801503416225e-02, 1.326700000000000000e+04
1.291383969178618724e-02, 1.528900000000000000e+04
1.292180136853821396e-02, 1.767500000000000000e+04
1.292976304529023894e-02, 2.044000000000000000e+04
1.293772472204226566e-02, 2.347900000000000000e+04
1.294568639879429238e-02, 2.638300000000000000e+04
1.295364807554631736e-02, 2.962200000000000000e+04
1.296160975229834408e-02, 3.293700000000000000e+04
1.296957142905036907e-02, 3.605600000000000000e+04
1.297753310580239579e-02, 3.917500000000000000e+04
1.298549478255442251e-02, 4.254400000000000000e+04
1.299345645930644749e-02, 4.541300000000000000e+04
1.300141813605847421e-02, 4.751700000000000000e+04
1.300937981281049920e-02, 4.983200000000000000e+04
1.301734148956252592e-02, 5.200400000000000000e+04
1.302530316631455264e-02, 5.364000000000000000e+04
1.303326484306657762e-02, 5.457700000000000000e+04
1.304122651981860434e-02, 5.510400000000000000e+04
1.304918819657062933e-02, 5.527700000000000000e+04
1.305714987332265604e-02, 5.488500000000000000e+04
1.306511155007468103e-02, 5.440600000000000000e+04
1.307307322682670775e-02, 5.304900000000000000e+04
1.308103490357873447e-02, 5.111600000000000000e+04
1.308899658033075945e-02, 4.892500000000000000e+04
1.309695825708278617e-02, 4.670400000000000000e+04
1.310491993383481116e-02, 4.377200000000000000e+04
1.311288161058683788e-02, 4.092400000000000000e+04
1.312084328733886460e-02, 3.769200000000000000e+04
1.312880496409088958e-02, 3.402700000000000000e+04
1.313676664084291630e-02, 3.079300000000000000e+04
1.314472831759494129e-02, 2.758800000000000000e+04
1.315268999434696801e-02, 2.444600000000000000e+04
1.316065167109899472e-02, 2.123400000000000000e+04
1.316861334785101971e-02, 1.881000000000000000e+04
1.317657502460304643e-02, 1.644000000000000000e+04
1.318453670135507141e-02, 1.429600000000000000e+04
1.319249837810709813e-02, 1.253100000000000000e+04
1.320046005485912485e-02, 1.122100000000000000e+04
1.320842173161114984e-02, 1.028100000000000000e+04
1.321638340836317656e-02, 9.981000000000000000e+03
1.322434508511520154e-02, 1.035300000000000000e+04
1.323230676186722826e-02, 1.102500000000000000e+04
1.324026843861925325e-02, 1.211700000000000000e+04
1.324823011537127997e-02, 1.339700000000000000e+04
1.325619179212330669e-02, 1.561700000000000000e+04
1.326415346887533167e-02, 1.817300000000000000e+04
1.327211514562735839e-02, 2.085100000000000000e+04
1.328007682237938337e-02, 2.381000000000000000e+04
1.328803849913141009e-02, 2.654600000000000000e+04
1.329600017588343681e-02, 2.981500000000000000e+04
1.330396185263546180e-02, 3.319600000000000000e+04
1.331192352938748852e-02, 3.624000000000000000e+04
1.331988520613951350e-02, 3.949500000000000000e+04
1.332784688289154022e-02, 4.283600000000000000e+04
1.333580855964356694e-02, 4.573200000000000000e+04
1.334377023639559193e-02, 4.792800000000000000e+04
1.335173191314761865e-02, 5.047100000000000000e+04
1.335969358989964363e-02, 5.255500000000000000e+04
1.336765526665167035e-02, 5.398900000000000000e+04
1.337561694340369707e-02, 5.476200000000000000e+04
1.338357862015572206e-02, 5.514500000000000000e+04
1.339154029690774877e-02, 5.510400000000000000e+04
1.339950197365977376e-02, 5.459000000000000000e+04
1.340746365041180048e-02, 5.398500000000000000e+04
1.341542532716382546e-02, 5.267500000000000000e+04
1.342338700391585218e-02, 5.071200000000000000e+04
1.343134868066787890e-02, 4.856100000000000000e+04
1.343931035741990389e-02, 4.638000000000000000e+04
1.344727203417193061e-02, 4.349600000000000000e+04
1.345523371092395559e-02, 4.073300000000000000e+04
1.346319538767598231e-02, 3.752800000000000000e+04
1.347115706442800903e-02, 3.400600000000000000e+04
1.347911874118003402e-02, 3.085800000000000000e+04
1.348708041793206074e-02, 2.760600000000000000e+04
1.349504209468408572e-02, 2.430400000000000000e+04
1.350300377143611244e-02, 2.117200000000000000e+04
1.351096544818813916e-02, 1.867500000000000000e+04
1.351892712494016414e-02, 1.624300000000000000e+04
1.352688880169219086e-02, 1.410500000000000000e+04
1.353485047844421585e-02, 1.241000000000000000e+04
1.354281215519624257e-02, 1.114100000000000000e+04
1.355077383194826929e-02, 1.022700000000000000e+04
1.355873550870029427e-02, 1.009400000000000000e+04
1.356669718545232099e-02, 1.038000000000000000e+04
1.357465886220434598e-02, 1.111800000000000000e+04
1.358262053895637270e-02, 1.214400000000000000e+04
1.359058221570839768e-02, 1.346000000000000000e+04
1.359854389246042440e-02, 1.556000000000000000e+04
1.360650556921245112e-02, 1.808600000000000000e+04
1.361446724596447611e-02, 2.075900000000000000e+04
1.362242892271650282e-02, 2.383900000000000000e+04
1.363039059946852781e-02, 2.665500000000000000e+04
1.363835227622055453e-02, 2.996900000000000000e+04
1.364631395297258125e-02, 3.350500000000000000e+04
1.365427562972460623e-02, 3.654000000000000000e+04
1.366223730647663295e-02, 3.983900000000000000e+04
1.367019898322865794e-02, 4.305100000000000000e+04
1.367816065998068466e-02, 4.592100000000000000e+04
1.368612233673271138e-02, 4.802400000000000000e+04
1.369408401348473636e-02, 5.067400000000000000e+04
1.370204569023676308e-02, 5.271400000000000000e+04
1.371000736698878807e-02, 5.373500000000000000e+04
1.371796904374081479e-02, 5.444600000000000000e+04
1.372593072049284151e-02, 5.496500000000000000e+04
1.373389239724486649e-02, 5.519000000000000000e+04
1.374185407399689321e-02, 5.468200000000000000e+04
1.374981575074891819e-02, 5.402000000000000000e+04
1.375777742750094491e-02, 5.269800000000000000e+04
1.376573910425296990e-02, 5.065800000000000000e+04
1.377370078100499662e-02, 4.828300000000000000e+04
1.378166245775702334e-02, 4.595300000000000000e+04
1.378962413450904832e-02, 4.304100000000000000e+04
1.379758581126107504e-02, 4.018500000000000000e+04
1.380554748801310003e-02, 3.695200000000000000e+04
1.381350916476512675e-02, 3.354500000000000000e+04
1.382147084151715347e-02, 3.041800000000000000e+04
1.382943251826917845e-02, 2.721700000000000000e+04
1.383739419502120517e-02, 2.381400000000000000e+04
1.384535587177323016e-02, 2.080500000000000000e+04
1.385331754852525687e-02, 1.832700000000000000e+04
1.386127922527728359e-02, 1.597900000000000000e+04
1.386924090202930858e-02, 1.390800000000000000e+04
1.387720257878133530e-02, 1.226300000000000000e+04
1.388516425553336028e-02, 1.103100000000000000e+04
1.389312593228538700e-02, 1.014300000000000000e+04
1.390108760903741372e-02, 1.011500000000000000e+04
1.390904928578943871e-02, 1.032600000000000000e+04
1.391701096254146543e-02, 1.110400000000000000e+04
1.392497263929349041e-02, 1.221400000000000000e+04
1.393293431604551713e-02, 1.370400000000000000e+04
1.394089599279754212e-02, 1.584600000000000000e+04
1.394885766954956884e-02, 1.836100000000000000e+04
1.395681934630159556e-02, 2.108700000000000000e+04
1.396478102305362054e-02, 2.402000000000000000e+04
1.397274269980564726e-02, 2.677800000000000000e+04
1.398070437655767224e-02, 3.006800000000000000e+04
1.398866605330969896e-02, 3.342900000000000000e+04
1.399662773006172568e-02, 3.651600000000000000e+04
1.400458940681375067e-02, 3.983500000000000000e+04
1.401255108356577739e-02, 4.315900000000000000e+04
1.402051276031780237e-02, 4.593800000000000000e+04
1.402847443706982909e-02, 4.810900000000000000e+04
1.403643611382185581e-02, 5.080400000000000000e+04
1.404439779057388080e-02, 5.282700000000000000e+04
1.405235946732590752e-02, 5.406100000000000000e+04
1.406032114407793250e-02, 5.482700000000000000e+04
1.406828282082995922e-02, 5.531900000000000000e+04
1.407624449758198594e-02, 5.537100000000000000e+04
1.408420617433401092e-02, 5.485600000000000000e+04
1.409216785108603764e-02, 5.408200000000000000e+04
1.410012952783806263e-02, 5.272800000000000000e+04
1.410809120459008935e-02, 5.071500000000000000e+04
1.411605288134211433e-02, 4.851100000000000000e+04
1.412401455809414105e-02, 4.608100000000000000e+04
1.413197623484616777e-02, 4.302200000000000000e+04
1.413993791159819276e-02, 4.015700000000000000e+04
1.414789958835021948e-02, 3.683400000000000000e+04
1.415586126510224446e-02, 3.349100000000000000e+04
1.416382294185427118e-02, 3.045600000000000000e+04
1.417178461860629790e-02, 2.727600000000000000e+04
1.417974629535832289e-02, 2.386200000000000000e+04
1.418770797211034961e-02, 2.089500000000000000e+04
1.419566964886237459e-02, 1.831700000000000000e+04
1.420363132561440131e-02, 1.591500000000000000e+04
1.421159300236642803e-02, 1.382800000000000000e+04
1.421955467911845301e-02, 1.218200000000000000e+04
1.422751635587047973e-02, 1.092800000000000000e+04
1.423547803262250472e-02, 1.004300000000000000e+04
1.424343970937453144e-02, 1.016000000000000000e+04
1.425140138612655816e-02, 1.034500000000000000e+04
1.425936306287858314e-02, 1.118600000000000000e+04
1.426732473963060986e-02, 1.229800000000000000e+04
1.427528641638263485e-02, 1.389500000000000000e+04
1.428324809313466157e-02, 1.605900000000000000e+04
1.429120976988668655e-02, 1.852200000000000000e+04
1.429917144663871327e-02, 2.124300000000000000e+04
1.430713312339073999e-02, 2.408700000000000000e+04
1.431509480014276497e-02, 2.707100000000000000e+04
1.432305647689479169e-02, 3.052500000000000000e+04
1.433101815364681668e-02, 3.378800000000000000e+04
1.433897983039884340e-02, 3.690400000000000000e+04
1.434694150715087012e-02, 4.015300000000000000e+04
1.435490318390289510e-02, 4.356100000000000000e+04
1.436286486065492182e-02, 4.622400000000000000e+04
1.437082653740694681e-02, 4.838700000000000000e+04
1.437878821415897353e-02, 5.094800000000000000e+04
1.438674989091100025e-02, 5.288700000000000000e+04
1.439471156766302523e-02, 5.409100000000000000e+04
1.440267324441505195e-02, 5.485300000000000000e+04
1.441063492116707694e-02, 5.535400000000000000e+04
1.441859659791910366e-02, 5.505900000000000000e+04
1.442655827467113037e-02, 5.452700000000000000e+04
1.443451995142315536e-02, 5.369100000000000000e+04
1.444248162817518208e-02, 5.221800000000000000e+04
1.445044330492720706e-02, 5.032800000000000000e+04
1.445840498167923378e-02, 4.818500000000000000e+04
1.446636665843125877e-02, 4.569800000000000000e+04
1.447432833518328549e-02, 4.255500000000000000e+04
1.448229001193531221e-02, 3.992200000000000000e+04
1.449025168868733719e-02, 3.667700000000000000e+04
1.449821336543936391e-02, 3.336100000000000000e+04
1.450617504219138890e-02, 3.008000000000000000e+04
1.451413671894341562e-02, 2.685400000000000000e+04
1.452209839569544234e-02, 2.352500000000000000e+04
1.453006007244746732e-02, 2.053800000000000000e+04
1.453802174919949404e-02, 1.795600000000000000e+04
1.454598342595151902e-02, 1.559000000000000000e+04
1.455394510270354574e-02, 1.353300000000000000e+04
1.456190677945557246e-02, 1.193900000000000000e+04
1.456986845620759745e-02, 1.076300000000000000e+04
1.457783013295962417e-02, 9.925000000000000000e+03
1.458579180971164915e-02, 1.018200000000000000e+04
1.459375348646367587e-02, 1.044500000000000000e+04
1.460171516321570259e-02, 1.133500000000000000e+04
1.460967683996772758e-02, 1.238700000000000000e+04
1.461763851671975430e-02, 1.392500000000000000e+04
1.462560019347177928e-02, 1.618500000000000000e+04
1.463356187022380600e-02, 1.879400000000000000e+04
1.464152354697583099e-02, 2.160200000000000000e+04
1.464948522372785771e-02, 2.433200000000000000e+04
1.465744690047988442e-02, 2.738700000000000000e+04
1.466540857723190941e-02, 3.088600000000000000e+04
1.467337025398393613e-02, 3.418400000000000000e+04
1.468133193073596111e-02, 3.735000000000000000e+04
1.468929360748798783e-02, 4.053900000000000000e+04
1.469725528424001455e-02, 4.389700000000000000e+04
1.470521696099203954e-02, 4.637900000000000000e+04
1.471317863774406626e-02, 4.856400000000000000e+04
1.472114031449609124e-02, 5.106900000000000000e+04
1.472910199124811796e-02, 5.295900000000000000e+04
1.473706366800014468e-02, 5.400700000000000000e+04
1.474502534475216967e-02, 5.459300000000000000e+04
1.475298702150419639e-02, 5.508100000000000000e+04
1.476094869825622137e-02, 5.494500000000000000e+04
1.476891037500824809e-02, 5.463600000000000000e+04
1.477687205176027481e-02, 5.364000000000000000e+04
1.478483372851229979e-02, 5.218900000000000000e+04
1.479279540526432651e-02, 5.022900000000000000e+04
1.480075708201635150e-02, 4.812900000000000000e+04
1.480871875876837822e-02, 4.564200000000000000e+04
1.481668043552040320e-02, 4.250400000000000000e+04
1.482464211227242992e-02, 3.975100000000000000e+04
1.483260378902445664e-02, 3.625100000000000000e+04
1.484056546577648163e-02, 3.297300000000000000e+04
1.484852714252850835e-02, 2.964400000000000000e+04
1.485648881928053333e-02, 2.645000000000000000e+04
1.486445049603256005e-02, 2.329900000000000000e+04
1.487241217278458677e-02, 2.051300000000000000e+04
1.488037384953661176e-02, 1.797900000000000000e+04
1.488833552628863847e-02, 1.561300000000000000e+04
1.489629720304066346e-02, 1.356900000000000000e+04
1.490425887979269018e-02, 1.196400000000000000e+04
1.491222055654471690e-02, 1.077000000000000000e+04
1.492018223329674188e-02, 1.000700000000000000e+04
1.492814391004876860e-02, 1.025700000000000000e+04
1.493610558680079359e-02, 1.052700000000000000e+04
1.494406726355282031e-02, 1.142000000000000000e+04
1.495202894030484703e-02, 1.252700000000000000e+04
1.495999061705687201e-02, 1.409900000000000000e+04
1.496795229380889873e-02, 1.652300000000000000e+04
1.497591397056092372e-02, 1.905300000000000000e+04
1.498387564731295044e-02, 2.188400000000000000e+04
1.499183732406497542e-02, 2.462400000000000000e+04
1.499979900081700214e-02, 2.784600000000000000e+04
1.500776067756902886e-02, 3.131700000000000000e+04
1.501572235432105384e-02, 3.456900000000000000e+04
1.502368403107308056e-02, 3.767300000000000000e+04
1.503164570782510555e-02, 4.079600000000000000e+04
1.503960738457713227e-02, 4.417400000000000000e+04
1.504756906132915899e-02, 4.654200000000000000e+04
1.505553073808118397e-02, 4.876100000000000000e+04
1.506349241483321069e-02, 5.126000000000000000e+04
1.507145409158523568e-02, 5.311500000000000000e+04
1.507941576833726240e-02, 5.427200000000000000e+04
1.508737744508928912e-02, 5.501400000000000000e+04
1.509533912184131410e-02, 5.551100000000000000e+04
1.510330079859334082e-02, 5.519800000000000000e+04
1.511126247534536580e-02, 5.476900000000000000e+04
1.511922415209739252e-02, 5.364400000000000000e+04
1.512718582884941924e-02, 5.200100000000000000e+04
1.513514750560144423e-02, 4.988600000000000000e+04
1.514310918235347095e-02, 4.763300000000000000e+04
1.515107085910549593e-02, 4.500800000000000000e+04
1.515903253585752265e-02, 4.202200000000000000e+04
1.516699421260954764e-02, 3.928500000000000000e+04
1.517495588936157436e-02, 3.575600000000000000e+04
1.518291756611360108e-02, 3.250000000000000000e+04
1.519087924286562606e-02, 2.918000000000000000e+04
1.519884091961765278e-02, 2.596300000000000000e+04
1.520680259636967777e-02, 2.286100000000000000e+04
1.521476427312170449e-02, 1.986900000000000000e+04
1.522272594987373120e-02, 1.736400000000000000e+04
1.523068762662575619e-02, 1.507300000000000000e+04
1.523864930337778291e-02, 1.313700000000000000e+04
1.524661098012980789e-02, 1.163300000000000000e+04
1.525457265688183461e-02, 1.049200000000000000e+04
1.526253433363386133e-02, 9.879000000000000000e+03
1.527049601038588632e-02, 1.011800000000000000e+04
1.527845768713791304e-02, 1.057200000000000000e+04
1.528641936388993802e-02, 1.153900000000000000e+04
1.529438104064196474e-02, 1.265800000000000000e+04
1.530234271739399146e-02, 1.433100000000000000e+04
1.531030439414601645e-02, 1.676000000000000000e+04
1.531826607089804317e-02, 1.937900000000000000e+04
1.532622774765006815e-02, 2.229200000000000000e+04
1.533418942440209487e-02, 2.510000000000000000e+04
1.534215110115411985e-02, 2.819700000000000000e+04
1.535011277790614657e-02, 3.155200000000000000e+04
1.535807445465817329e-02, 3.472500000000000000e+04
1.536603613141019828e-02, 3.785200000000000000e+04
1.537399780816222500e-02, 4.107100000000000000e+04
1.538195948491424998e-02, 4.441200000000000000e+04
1.538992116166627670e-02, 4.680000000000000000e+04
1.539788283841830342e-02, 4.902300000000000000e+04
1.540584451517032841e-02, 5.141900000000000000e+04
1.541380619192235513e-02, 5.320900000000000000e+04
1.542176786867438011e-02, 5.434300000000000000e+04
1.542972954542640683e-02, 5.508200000000000000e+04
1.543769122217843355e-02, 5.549300000000000000e+04
1.544565289893045854e-02, 5.516500000000000000e+04
1.545361457568248525e-02, 5.472900000000000000e+04
1.546157625243451024e-02, 5.360900000000000000e+04
1.546953792918653696e-02, 5.213700000000000000e+04
1.547749960593856368e-02, 5.004800000000000000e+04
1.548546128269058866e-02, 4.765300000000000000e+04
1.549342295944261538e-02, 4.489600000000000000e+04
1.550138463619464037e-02, 4.201500000000000000e+04
1.550934631294666709e-02, 3.910800000000000000e+04
1.551730798969869207e-02, 3.544700000000000000e+04
1.552526966645071879e-02, 3.209900000000000000e+04
1.553323134320274551e-02, 2.896000000000000000e+04
1.554119301995477050e-02, 2.566400000000000000e+04
1.554915469670679722e-02, 2.265100000000000000e+04
1.555711637345882220e-02, 1.964100000000000000e+04
1.556507805021084892e-02, 1.726700000000000000e+04
1.557303972696287564e-02, 1.498800000000000000e+04
1.558100140371490062e-02, 1.302300000000000000e+04
1.558896308046692734e-02, 1.153500000000000000e+04
1.559692475721895233e-02, 1.045400000000000000e+04
1.560488643397097905e-02, 9.917000000000000000e+03
1.561284811072300577e-02, 1.009700000000000000e+04
1.562080978747503075e-02, 1.064700000000000000e+04
1.562877146422705574e-02, 1.164500000000000000e+04
1.563673314097908246e-02, 1.275500000000000000e+04
1.564469481773110918e-02, 1.473000000000000000e+04
1.565265649448313590e-02, 1.719100000000000000e+04
1.566061817123516262e-02, 1.965600000000000000e+04
1.566857984798718587e-02, 2.246100000000000000e+04
1.567654152473921259e-02, 2.537100000000000000e+04
1.568450320149123930e-02, 2.841900000000000000e+04
1.569246487824326602e-02, 3.182800000000000000e+04
1.570042655499529274e-02, 3.490400000000000000e+04
1.570838823174731599e-02, 3.814100000000000000e+04
1.571634990849934271e-02, 4.145400000000000000e+04
1.572431158525136943e-02, 4.461300000000000000e+04
1.573227326200339615e-02, 4.701000000000000000e+04
1.574023493875541940e-02, 4.923600000000000000e+04
1.574819661550744612e-02, 5.157500000000000000e+04
1.575615829225947284e-02, 5.332000000000000000e+04
1.576411996901149956e-02, 5.443700000000000000e+04
1.577208164576352628e-02, 5.520100000000000000e+04
1.578004332251554953e-02, 5.549600000000000000e+04
1.578800499926757625e-02, 5.521300000000000000e+04
1.579596667601960297e-02, 5.462700000000000000e+04
1.580392835277162969e-02, 5.347500000000000000e+04
1.581189002952365641e-02, 5.187900000000000000e+04
1.581985170627567966e-02, 4.975700000000000000e+04
1.582781338302770638e-02, 4.739300000000000000e+04
1.583577505977973310e-02, 4.471500000000000000e+04
1.584373673653175982e-02, 4.193000000000000000e+04
1.585169841328378654e-02, 3.896500000000000000e+04
1.585966009003580979e-02, 3.543200000000000000e+04
1.586762176678783651e-02, 3.211600000000000000e+04
1.587558344353986323e-02, 2.893400000000000000e+04
1.588354512029188995e-02, 2.558600000000000000e+04
1.589150679704391667e-02, 2.248200000000000000e+04
1.589946847379593992e-02, 1.973000000000000000e+04
1.590743015054796664e-02, 1.748000000000000000e+04
1.591539182729999335e-02, 1.520200000000000000e+04
1.592335350405202007e-02, 1.327100000000000000e+04
1.593131518080404679e-02, 1.176800000000000000e+04
1.593927685755607004e-02, 1.065800000000000000e+04
1.594723853430809676e-02, 1.006900000000000000e+04
1.595520021106012348e-02, 1.024100000000000000e+04
1.596316188781215020e-02, 1.090000000000000000e+04
1.597112356456417692e-02, 1.204300000000000000e+04
1.597908524131620017e-02, 1.318700000000000000e+04
1.598704691806822689e-02, 1.495900000000000000e+04
1.599500859482025361e-02, 1.729100000000000000e+04
1.600297027157228033e-02, 1.983200000000000000e+04
1.601093194832430705e-02, 2.265400000000000000e+04
1.601889362507633030e-02, 2.565600000000000000e+04
1.602685530182835702e-02, 2.868400000000000000e+04
1.603481697858038374e-02, 3.224600000000000000e+04
1.604277865533241046e-02, 3.526700000000000000e+04
1.605074033208443718e-02, 3.839100000000000000e+04
1.605870200883646043e-02, 4.176600000000000000e+04
1.606666368558848715e-02, 4.477000000000000000e+04
1.607462536234051387e-02, 4.721700000000000000e+04
1.608258703909254059e-02, 4.946100000000000000e+04
1.609054871584456384e-02, 5.175200000000000000e+04
1.609851039259659056e-02, 5.348800000000000000e+04
1.610647206934861728e-02, 5.458700000000000000e+04
1.611443374610064400e-02, 5.530700000000000000e+04
1.612239542285267072e-02, 5.542400000000000000e+04
1.613035709960469397e-02, 5.521100000000000000e+04
1.613831877635672069e-02, 5.455100000000000000e+04
1.614628045310874740e-02, 5.339400000000000000e+04
1.615424212986077412e-02, 5.161800000000000000e+04
1.616220380661280084e-02, 4.931400000000000000e+04
1.617016548336482409e-02, 4.696500000000000000e+04
1.617812716011685081e-02, 4.416600000000000000e+04
1.618608883686887753e-02, 4.139700000000000000e+04
1.619405051362090425e-02, 3.838900000000000000e+04
1.620201219037293097e-02, 3.485600000000000000e+04
1.620997386712495422e-02, 3.168800000000000000e+04
1.621793554387698094e-02, 2.851800000000000000e+04
1.622589722062900766e-02, 2.517900000000000000e+04
1.623385889738103438e-02, 2.204900000000000000e+04
1.624182057413306110e-02, 1.927500000000000000e+04
1.624978225088508435e-02, 1.693300000000000000e+04
1.625774392763711107e-02, 1.471500000000000000e+04
1.626570560438913779e-02, 1.289000000000000000e+04
1.627366728114116451e-02, 1.149500000000000000e+04
1.628162895789319123e-02, 1.047500000000000000e+04
1.628959063464521448e-02, 9.892000000000000000e+03
1.629755231139724120e-02, 1.017500000000000000e+04
1.630551398814926792e-02, 1.066400000000000000e+04
1.631347566490129464e-02, 1.171100000000000000e+04
1.632143734165332136e-02, 1.301500000000000000e+04
1.632939901840534461e-02, 1.493000000000000000e+04
1.633736069515737133e-02, 1.731100000000000000e+04
1.634532237190939805e-02, 2.000400000000000000e+04
1.635328404866142477e-02, 2.270400000000000000e+04
1.636124572541345149e-02, 2.565300000000000000e+04
1.636920740216547474e-02, 2.866400000000000000e+04
1.637716907891750145e-02, 3.216300000000000000e+04
1.638513075566952817e-02, 3.526100000000000000e+04
1.639309243242155489e-02, 3.844500000000000000e+04
1.640105410917358161e-02, 4.196700000000000000e+04
1.640901578592560486e-02, 4.488000000000000000e+04
1.641697746267763158e-02, 4.743100000000000000e+04
1.642493913942965830e-02, 4.970000000000000000e+04
1.643290081618168502e-02, 5.195200000000000000e+04
1.644086249293370827e-02, 5.361200000000000000e+04
1.644882416968573499e-02, 5.468400000000000000e+04
1.645678584643776171e-02, 5.530500000000000000e+04
1.646474752318978843e-02, 5.537100000000000000e+04
1.647270919994181515e-02, 5.513700000000000000e+04
1.648067087669383840e-02, 5.454900000000000000e+04
1.648863255344586512e-02, 5.337000000000000000e+04
1.649659423019789184e-02, 5.158500000000000000e+04
1.650455590694991856e-02, 4.941300000000000000e+04
1.651251758370194528e-02, 4.711300000000000000e+04
1.652047926045396853e-02, 4.422400000000000000e+04
1.652844093720599525e-02, 4.141700000000000000e+04
1.653640261395802197e-02, 3.827800000000000000e+04
1.654436429071004869e-02, 3.453300000000000000e+04
1.655232596746207541e-02, 3.134200000000000000e+04
1.656028764421409866e-02, 2.815300000000000000e+04
1.656824932096612538e-02, 2.495600000000000000e+04
1.657621099771815210e-02, 2.178200000000000000e+04
1.658417267447017882e-02, 1.916200000000000000e+04
1.659213435122220553e-02, 1.679800000000000000e+04
1.660009602797422879e-02, 1.459800000000000000e+04
1.660805770472625550e-02, 1.275700000000000000e+04
1.661601938147828222e-02, 1.138100000000000000e+04
1.662398105823030894e-02, 1.038900000000000000e+04
1.663194273498233566e-02, 9.865000000000000000e+03
1.663990441173435891e-02, 1.028200000000000000e+04
1.664786608848638563e-02, 1.081800000000000000e+04
1.665582776523841235e-02, 1.188300000000000000e+04
1.666378944199043907e-02, 1.320000000000000000e+04
1.667175111874246579e-02, 1.528600000000000000e+04
1.667971279549448904e-02, 1.775900000000000000e+04
1.668767447224651576e-02, 2.049600000000000000e+04
1.669563614899854248e-02, 2.332000000000000000e+04
1.670359782575056920e-02, 2.618600000000000000e+04
1.671155950250259592e-02, 2.928000000000000000e+04
1.671952117925461917e-02, 3.264000000000000000e+04
1.672748285600664589e-02, 3.575300000000000000e+04
1.673544453275867261e-02, 3.873300000000000000e+04
1.674340620951069933e-02, 4.206700000000000000e+04
1.675136788626272605e-02, 4.488600000000000000e+04
1.675932956301474930e-02, 4.738500000000000000e+04
1.676729123976677602e-02, 4.973200000000000000e+04
1.677525291651880274e-02, 5.197700000000000000e+04
1.678321459327082946e-02, 5.363800000000000000e+04
1.679117627002285271e-02, 5.467800000000000000e+04
1.679913794677487943e-02, 5.524800000000000000e+04
1.680709962352690615e-02, 5.537900000000000000e+04
1.681506130027893287e-02, 5.507700000000000000e+04
1.682302297703095958e-02, 5.451000000000000000e+04
1.683098465378298284e-02, 5.314900000000000000e+04
1.683894633053500955e-02, 5.126200000000000000e+04
1.684690800728703627e-02, 4.907700000000000000e+04
1.685486968403906299e-02, 4.682900000000000000e+04
1.686283136079108971e-02, 4.397600000000000000e+04
1.687079303754311296e-02, 4.132000000000000000e+04
1.687875471429513968e-02, 3.817500000000000000e+04
1.688671639104716640e-02, 3.452800000000000000e+04
1.689467806779919312e-02, 3.130400000000000000e+04
1.690263974455121984e-02, 2.805700000000000000e+04
1.691060142130324309e-02, 2.486300000000000000e+04
1.691856309805526981e-02, 2.158100000000000000e+04
1.692652477480729653e-02, 1.906700000000000000e+04
1.693448645155932325e-02, 1.662400000000000000e+04
1.694244812831134997e-02, 1.442400000000000000e+04
1.695040980506337322e-02, 1.265700000000000000e+04
1.695837148181539994e-02, 1.132600000000000000e+04
1.696633315856742666e-02, 1.036200000000000000e+04
1.697429483531945338e-02, 9.932000000000000000e+03
1.698225651207148010e-02, 1.035300000000000000e+04
1.699021818882350335e-02, 1.096900000000000000e+04
1.699817986557553007e-02, 1.196000000000000000e+04
1.700614154232755679e-02, 1.322900000000000000e+04
1.701410321907958351e-02, 1.524600000000000000e+04
1.702206489583161023e-02, 1.763600000000000000e+04
1.703002657258363348e-02, 2.040900000000000000e+04
1.703798824933566020e-02, 2.332900000000000000e+04
1.704594992608768692e-02, 2.617900000000000000e+04
1.705391160283971363e-02, 2.948600000000000000e+04
1.706187327959174035e-02, 3.293900000000000000e+04
1.706983495634376360e-02, 3.612000000000000000e+04
1.707779663309579032e-02, 3.925100000000000000e+04
1.708575830984781704e-02, 4.261400000000000000e+04
1.709371998659984376e-02, 4.546900000000000000e+04
1.710168166335187048e-02, 4.777400000000000000e+04
1.710964334010389373e-02, 5.022300000000000000e+04
1.711760501685592045e-02, 5.235800000000000000e+04
1.712556669360794717e-02, 5.392800000000000000e+04
1.713352837035997389e-02, 5.482400000000000000e+04
1.714149004711199714e-02, 5.529700000000000000e+04
1.714945172386402386e-02, 5.542000000000000000e+04
1.715741340061605058e-02, 5.498800000000000000e+04
1.716537507736807730e-02, 5.438200000000000000e+04
1.717333675412010402e-02, 5.299100000000000000e+04
1.718129843087212727e-02, 5.101800000000000000e+04
1.718926010762415399e-02, 4.867800000000000000e+04
1.719722178437618071e-02, 4.638900000000000000e+04
1.720518346112820743e-02, 4.348100000000000000e+04
1.721314513788023415e-02, 4.068800000000000000e+04
1.722110681463225740e-02, 3.751200000000000000e+04
1.722906849138428412e-02, 3.398800000000000000e+04
1.723703016813631084e-02, 3.083400000000000000e+04
1.724499184488833756e-02, 2.762900000000000000e+04
1.725295352164036428e-02, 2.440000000000000000e+04
1.726091519839238753e-02, 2.115800000000000000e+04
1.726887687514441425e-02, 1.873500000000000000e+04
1.727683855189644097e-02, 1.637700000000000000e+04
1.728480022864846768e-02, 1.424600000000000000e+04
1.729276190540049440e-02, 1.253300000000000000e+04
1.730072358215251765e-02, 1.124000000000000000e+04
1.730868525890454437e-02, 1.030400000000000000e+04
1.731664693565657109e-02, 1.021600000000000000e+04
1.732460861240859781e-02, 1.069800000000000000e+04
1.733257028916062453e-02, 1.135600000000000000e+04
1.734053196591264778e-02, 1.239100000000000000e+04
1.734849364266467450e-02, 1.360800000000000000e+04
1.735645531941670122e-02, 1.562100000000000000e+04
1.736441699616872794e-02, 1.807900000000000000e+04
1.737237867292075466e-02, 2.071200000000000000e+04
1.738034034967277791e-02, 2.380300000000000000e+04
1.738830202642480463e-02, 2.665400000000000000e+04
1.739626370317683135e-02, 2.994800000000000000e+04
1.740422537992885807e-02, 3.331800000000000000e+04
1.741218705668088479e-02, 3.633900000000000000e+04
1.742014873343290804e-02, 3.957000000000000000e+04
1.742811041018493476e-02, 4.281500000000000000e+04
1.743607208693696148e-02, 4.572000000000000000e+04
1.744403376368898820e-02, 4.793600000000000000e+04
1.745199544044101492e-02, 5.051000000000000000e+04
1.745995711719303817e-02, 5.260000000000000000e+04
1.746791879394506489e-02, 5.402900000000000000e+04
1.747588047069709161e-02, 5.479400000000000000e+04
1.748384214744911833e-02, 5.527000000000000000e+04
1.749180382420114158e-02, 5.542800000000000000e+04
1.749976550095316830e-02, 5.490100000000000000e+04
1.750772717770519502e-02, 5.418300000000000000e+04
