0.000000000000000000e+00, 1.569100000000000000e+04
7.956069693249445283e-06, 1.731300000000000000e+04
1.591213938649889057e-05, 1.855100000000000000e+04
2.386820907974833924e-05, 1.918400000000000000e+04
3.182427877299778113e-05, 1.920400000000000000e+04
3.978034846624722642e-05, 1.869400000000000000e+04
4.773641815949667848e-05, 1.777100000000000000e+04
5.569248785274612376e-05, 1.658900000000000000e+04
6.364855754599556227e-05, 1.530200000000000000e+04
7.160462723924501433e-05, 1.403900000000000000e+04
7.956069693249445283e-05, 1.294200000000000000e+04
8.751676662574390489e-05, 1.212600000000000000e+04
9.547283631899335695e-05, 1.164300000000000000e+04
1.034289060122427955e-04, 1.152100000000000000e+04
1.113849757054922475e-04, 1.175500000000000000e+04
1.193410453987416860e-04, 1.238400000000000000e+04
1.272971150919911245e-04, 1.343900000000000000e+04
1.352531847852405766e-04, 1.490500000000000000e+04
1.432092544784900287e-04, 1.674500000000000000e+04
1.511653241717394807e-04, 1.889400000000000000e+04
1.591213938649889057e-04, 2.132700000000000000e+04
1.670774635582383577e-04, 2.400900000000000000e+04
1.750335332514878098e-04, 2.683400000000000000e+04
1.829896029447372618e-04, 2.975100000000000000e+04
1.909456726379867139e-04, 3.276200000000000000e+04
1.989017423312361389e-04, 3.579400000000000000e+04
2.068578120244855909e-04, 3.873300000000000000e+04
2.148138817177350430e-04, 4.156000000000000000e+04
2.227699514109844950e-04, 4.424600000000000000e+04
2.307260211042339200e-04, 4.670100000000000000e+04
2.386820907974833721e-04, 4.884100000000000000e+04
2.466381604907328241e-04, 5.062600000000000000e+04
2.545942301839822491e-04, 5.202100000000000000e+04
2.625502998772317282e-04, 5.299800000000000000e+04
2.705063695704811532e-04, 5.355800000000000000e+04
2.784624392637306324e-04, 5.367200000000000000e+04
2.864185089569800573e-04, 5.331600000000000000e+04
2.943745786502294823e-04, 5.250200000000000000e+04
3.023306483434789614e-04, 5.128500000000000000e+04
3.102867180367283864e-04, 4.967500000000000000e+04
3.182427877299778113e-04, 4.772600000000000000e+04
3.261988574232272905e-04, 4.545700000000000000e+04
3.341549271164767155e-04, 4.288100000000000000e+04
3.421109968097261946e-04, 4.008700000000000000e+04
3.500670665029756196e-04, 3.714300000000000000e+04
3.580231361962250445e-04, 3.409500000000000000e+04
3.659792058894745237e-04, 3.099500000000000000e+04
3.739352755827239486e-04, 2.794100000000000000e+04
3.818913452759734278e-04, 2.500900000000000000e+04
3.898474149692228528e-04, 2.224800000000000000e+04
3.978034846624722777e-04, 1.971200000000000000e+04
4.057595543557217569e-04, 1.745100000000000000e+04
4.137156240489711818e-04, 1.550200000000000000e+04
4.216716937422206068e-04, 1.393800000000000000e+04
4.296277634354700860e-04, 1.280600000000000000e+04
4.375838331287195109e-04, 1.210700000000000000e+04
4.455399028219689901e-04, 1.183900000000000000e+04
4.534959725152184150e-04, 1.198800000000000000e+04
4.614520422084678400e-04, 1.258800000000000000e+04
4.694081119017173192e-04, 1.364400000000000000e+04
4.773641815949667441e-04, 1.512700000000000000e+04
4.853202512882162233e-04, 1.698700000000000000e+04
4.932763209814656482e-04, 1.915800000000000000e+04
5.012323906747151274e-04, 2.162600000000000000e+04
5.091884603679644981e-04, 2.434400000000000000e+04
5.171445300612139773e-04, 2.721400000000000000e+04
5.251005997544634565e-04, 3.018800000000000000e+04
5.330566694477128272e-04, 3.324800000000000000e+04
5.410127391409623064e-04, 3.630000000000000000e+04
5.489688088342117855e-04, 3.923200000000000000e+04
5.569248785274612647e-04, 4.203600000000000000e+04
5.648809482207106355e-04, 4.468600000000000000e+04
5.728370179139601146e-04, 4.709400000000000000e+04
5.807930876072095938e-04, 4.917800000000000000e+04
5.887491573004589645e-04, 5.089900000000000000e+04
5.967052269937084437e-04, 5.222600000000000000e+04
6.046612966869579229e-04, 5.313900000000000000e+04
6.126173663802072936e-04, 5.363700000000000000e+04
6.205734360734567728e-04, 5.369300000000000000e+04
6.285295057667062519e-04, 5.329400000000000000e+04
6.364855754599556227e-04, 5.245600000000000000e+04
6.444416451532051018e-04, 5.121200000000000000e+04
6.523977148464545810e-04, 4.955800000000000000e+04
6.603537845397040602e-04, 4.756000000000000000e+04
6.683098542329534309e-04, 4.523800000000000000e+04
6.762659239262029101e-04, 4.262000000000000000e+04
6.842219936194523892e-04, 3.979600000000000000e+04
6.921780633127017600e-04, 3.682500000000000000e+04
7.001341330059512391e-04, 3.375400000000000000e+04
7.080902026992007183e-04, 3.064900000000000000e+04
7.160462723924500891e-04, 2.761300000000000000e+04
7.240023420856995682e-04, 2.470900000000000000e+04
7.319584117789490474e-04, 2.198100000000000000e+04
7.399144814721984181e-04, 1.948100000000000000e+04
7.478705511654478973e-04, 1.725500000000000000e+04
7.558266208586973765e-04, 1.533600000000000000e+04
7.637826905519468556e-04, 1.380200000000000000e+04
7.717387602451962264e-04, 1.270200000000000000e+04
7.796948299384457055e-04, 1.204600000000000000e+04
7.876508996316951847e-04, 1.182500000000000000e+04
7.956069693249445554e-04, 1.202500000000000000e+04
8.035630390181940346e-04, 1.267600000000000000e+04
8.115191087114435138e-04, 1.377800000000000000e+04
8.194751784046928845e-04, 1.528100000000000000e+04
8.274312480979423637e-04, 1.713900000000000000e+04
8.353873177911918428e-04, 1.929600000000000000e+04
8.433433874844412136e-04, 2.174200000000000000e+04
8.512994571776906928e-04, 2.443400000000000000e+04
8.592555268709401719e-04, 2.728800000000000000e+04
8.672115965641896511e-04, 3.026400000000000000e+04
8.751676662574390218e-04, 3.333700000000000000e+04
8.831237359506885010e-04, 3.640500000000000000e+04
8.910798056439379802e-04, 3.935600000000000000e+04
8.990358753371873509e-04, 4.218200000000000000e+04
9.069919450304368301e-04, 4.484000000000000000e+04
9.149480147236863092e-04, 4.723800000000000000e+04
9.229040844169356800e-04, 4.930000000000000000e+04
9.308601541101851591e-04, 5.099300000000000000e+04
9.388162238034346383e-04, 5.228800000000000000e+04
9.467722934966841175e-04, 5.314900000000000000e+04
9.547283631899334882e-04, 5.356800000000000000e+04
9.626844328831829674e-04, 5.353900000000000000e+04
9.706405025764324465e-04, 5.305600000000000000e+04
9.785965722696819257e-04, 5.214700000000000000e+04
9.865526419629312965e-04, 5.084800000000000000e+04
9.945087116561806672e-04, 4.916100000000000000e+04
1.002464781349430255e-03, 4.714800000000000000e+04
1.010420851042679626e-03, 4.481100000000000000e+04
1.018376920735928996e-03, 4.217900000000000000e+04
1.026332990429178584e-03, 3.934900000000000000e+04
1.034289060122427955e-03, 3.639100000000000000e+04
1.042245129815677325e-03, 3.334900000000000000e+04
1.050201199508926913e-03, 3.028300000000000000e+04
1.058157269202176284e-03, 2.728800000000000000e+04
1.066113338895425654e-03, 2.442300000000000000e+04
1.074069408588675242e-03, 2.172800000000000000e+04
1.082025478281924613e-03, 1.925400000000000000e+04
1.089981547975173983e-03, 1.705400000000000000e+04
1.097937617668423571e-03, 1.516800000000000000e+04
1.105893687361672942e-03, 1.368000000000000000e+04
1.113849757054922529e-03, 1.262600000000000000e+04
1.121805826748171900e-03, 1.201600000000000000e+04
1.129761896441421271e-03, 1.183700000000000000e+04
1.137717966134670858e-03, 1.207400000000000000e+04
1.145674035827920229e-03, 1.274900000000000000e+04
1.153630105521169600e-03, 1.386500000000000000e+04
1.161586175214419188e-03, 1.539500000000000000e+04
1.169542244907668558e-03, 1.729300000000000000e+04
1.177498314600917929e-03, 1.949600000000000000e+04
1.185454384294167517e-03, 2.198600000000000000e+04
1.193410453987416887e-03, 2.471100000000000000e+04
1.201366523680666258e-03, 2.758800000000000000e+04
1.209322593373915846e-03, 3.058700000000000000e+04
1.217278663067165216e-03, 3.367800000000000000e+04
1.225234732760414587e-03, 3.674300000000000000e+04
1.233190802453664175e-03, 3.967300000000000000e+04
1.241146872146913546e-03, 4.247200000000000000e+04
1.249102941840162916e-03, 4.509600000000000000e+04
1.257059011533412504e-03, 4.745300000000000000e+04
1.265015081226661875e-03, 4.947300000000000000e+04
1.272971150919911245e-03, 5.113200000000000000e+04
1.280927220613160833e-03, 5.239900000000000000e+04
1.288883290306410204e-03, 5.325300000000000000e+04
1.296839359999659791e-03, 5.368800000000000000e+04
1.304795429692909162e-03, 5.367300000000000000e+04
1.312751499386158533e-03, 5.318900000000000000e+04
1.320707569079408120e-03, 5.226100000000000000e+04
1.328663638772657491e-03, 5.091900000000000000e+04
1.336619708465906862e-03, 4.915900000000000000e+04
1.344575778159156449e-03, 4.706200000000000000e+04
1.352531847852405820e-03, 4.465300000000000000e+04
1.360487917545655191e-03, 4.198200000000000000e+04
1.368443987238904778e-03, 3.913700000000000000e+04
1.376400056932154149e-03, 3.617400000000000000e+04
1.384356126625403520e-03, 3.312900000000000000e+04
1.392312196318653108e-03, 3.006300000000000000e+04
1.400268266011902478e-03, 2.706700000000000000e+04
1.408224335705151849e-03, 2.419900000000000000e+04
1.416180405398401437e-03, 2.151000000000000000e+04
1.424136475091650807e-03, 1.905600000000000000e+04
1.432092544784900178e-03, 1.688300000000000000e+04
1.440048614478149766e-03, 1.503200000000000000e+04
1.448004684171399136e-03, 1.358500000000000000e+04
1.455960753864648507e-03, 1.257000000000000000e+04
1.463916823557898095e-03, 1.199100000000000000e+04
1.471872893251147466e-03, 1.183200000000000000e+04
1.479828962944396836e-03, 1.209100000000000000e+04
1.487785032637646424e-03, 1.280600000000000000e+04
1.495741102330895795e-03, 1.397100000000000000e+04
1.503697172024145382e-03, 1.555400000000000000e+04
1.511653241717394753e-03, 1.749600000000000000e+04
1.519609311410644124e-03, 1.973500000000000000e+04
1.527565381103893711e-03, 2.226600000000000000e+04
1.535521450797143082e-03, 2.503000000000000000e+04
1.543477520490392453e-03, 2.793300000000000000e+04
1.551433590183642040e-03, 3.093800000000000000e+04
1.559389659876891411e-03, 3.401500000000000000e+04
1.567345729570140782e-03, 3.705000000000000000e+04
1.575301799263390369e-03, 3.995000000000000000e+04
1.583257868956639740e-03, 4.272200000000000000e+04
1.591213938649889111e-03, 4.532200000000000000e+04
1.599170008343138698e-03, 4.765500000000000000e+04
1.607126078036388069e-03, 4.964900000000000000e+04
1.615082147729637440e-03, 5.127400000000000000e+04
1.623038217422887028e-03, 5.249700000000000000e+04
1.630994287116136398e-03, 5.330700000000000000e+04
1.638950356809385769e-03, 5.369500000000000000e+04
1.646906426502635357e-03, 5.363300000000000000e+04
1.654862496195884727e-03, 5.311200000000000000e+04
1.662818565889134098e-03, 5.216700000000000000e+04
1.670774635582383686e-03, 5.082200000000000000e+04
1.678730705275633056e-03, 4.908100000000000000e+04
1.686686774968882427e-03, 4.700900000000000000e+04
1.694642844662132015e-03, 4.461000000000000000e+04
1.702598914355381386e-03, 4.193600000000000000e+04
1.710554984048630973e-03, 3.907600000000000000e+04
1.718511053741880344e-03, 3.608500000000000000e+04
1.726467123435129715e-03, 3.300100000000000000e+04
1.734423193128379302e-03, 2.990100000000000000e+04
1.742379262821628673e-03, 2.688700000000000000e+04
1.750335332514878044e-03, 2.401600000000000000e+04
1.758291402208127631e-03, 2.133400000000000000e+04
1.766247471901377002e-03, 1.889500000000000000e+04
1.774203541594626373e-03, 1.674300000000000000e+04
1.782159611287875960e-03, 1.491300000000000000e+04
1.790115680981125331e-03, 1.348900000000000000e+04
1.798071750674374702e-03, 1.249700000000000000e+04
1.806027820367624289e-03, 1.195000000000000000e+04
1.813983890060873660e-03, 1.183200000000000000e+04
1.821939959754123031e-03, 1.214000000000000000e+04
1.829896029447372618e-03, 1.290500000000000000e+04
1.837852099140621989e-03, 1.411700000000000000e+04
1.845808168833871360e-03, 1.574900000000000000e+04
1.853764238527120948e-03, 1.774700000000000000e+04
1.861720308220370318e-03, 2.003900000000000000e+04
1.869676377913619689e-03, 2.260000000000000000e+04
1.877632447606869277e-03, 2.536100000000000000e+04
1.885588517300118647e-03, 2.824700000000000000e+04
1.893544586993368235e-03, 3.123500000000000000e+04
1.901500656686617606e-03, 3.429400000000000000e+04
1.909456726379866976e-03, 3.730700000000000000e+04
1.917412796073116564e-03, 4.019400000000000000e+04
1.925368865766365935e-03, 4.295900000000000000e+04
1.933324935459615306e-03, 4.554100000000000000e+04
1.941281005152864893e-03, 4.784500000000000000e+04
1.949237074846114264e-03, 4.980400000000000000e+04
1.957193144539363851e-03, 5.139000000000000000e+04
1.965149214232613222e-03, 5.257300000000000000e+04
1.973105283925862593e-03, 5.334700000000000000e+04
1.981061353619111964e-03, 5.370600000000000000e+04
1.989017423312361334e-03, 5.362300000000000000e+04
1.996973493005611139e-03, 5.307600000000000000e+04
2.004929562698860510e-03, 5.209200000000000000e+04
2.012885632392109880e-03, 5.069500000000000000e+04
2.020841702085359251e-03, 4.890400000000000000e+04
2.028797771778608622e-03, 4.678900000000000000e+04
2.036753841471857993e-03, 4.434900000000000000e+04
2.044709911165107797e-03, 4.163700000000000000e+04
2.052665980858357168e-03, 3.874300000000000000e+04
2.060622050551606538e-03, 3.573100000000000000e+04
2.068578120244855909e-03, 3.265000000000000000e+04
2.076534189938105280e-03, 2.957200000000000000e+04
2.084490259631354651e-03, 2.659000000000000000e+04
2.092446329324604455e-03, 2.375200000000000000e+04
2.100402399017853826e-03, 2.110200000000000000e+04
2.108358468711103197e-03, 1.869200000000000000e+04
2.116314538404352567e-03, 1.656300000000000000e+04
2.124270608097601938e-03, 1.476300000000000000e+04
2.132226677790851309e-03, 1.337900000000000000e+04
2.140182747484101113e-03, 1.243100000000000000e+04
2.148138817177350484e-03, 1.193000000000000000e+04
2.156094886870599855e-03, 1.185300000000000000e+04
2.164050956563849226e-03, 1.220300000000000000e+04
2.172007026257098596e-03, 1.299800000000000000e+04
2.179963095950347967e-03, 1.422200000000000000e+04
2.187919165643597771e-03, 1.584800000000000000e+04
2.195875235336847142e-03, 1.782100000000000000e+04
2.203831305030096513e-03, 2.009000000000000000e+04
2.211787374723345884e-03, 2.264400000000000000e+04
2.219743444416595254e-03, 2.541000000000000000e+04
2.227699514109845059e-03, 2.831500000000000000e+04
2.235655583803094430e-03, 3.133900000000000000e+04
2.243611653496343800e-03, 3.443700000000000000e+04
2.251567723189593171e-03, 3.747800000000000000e+04
2.259523792882842542e-03, 4.037900000000000000e+04
2.267479862576091913e-03, 4.314400000000000000e+04
2.275435932269341717e-03, 4.571300000000000000e+04
2.283392001962591088e-03, 4.799200000000000000e+04
2.291348071655840458e-03, 4.992200000000000000e+04
2.299304141349089829e-03, 5.148300000000000000e+04
2.307260211042339200e-03, 5.264400000000000000e+04
2.315216280735588571e-03, 5.339800000000000000e+04
2.323172350428838375e-03, 5.372500000000000000e+04
2.331128420122087746e-03, 5.359600000000000000e+04
2.339084489815337117e-03, 5.299900000000000000e+04
2.347040559508586487e-03, 5.196900000000000000e+04
2.354996629201835858e-03, 5.052800000000000000e+04
2.362952698895085229e-03, 4.868900000000000000e+04
2.370908768588335033e-03, 4.651800000000000000e+04
2.378864838281584404e-03, 4.402900000000000000e+04
2.386820907974833775e-03, 4.129900000000000000e+04
2.394776977668083146e-03, 3.841000000000000000e+04
2.402733047361332516e-03, 3.541500000000000000e+04
2.410689117054582321e-03, 3.235300000000000000e+04
2.418645186747831691e-03, 2.929800000000000000e+04
2.426601256441081062e-03, 2.633400000000000000e+04
2.434557326134330433e-03, 2.350800000000000000e+04
2.442513395827579804e-03, 2.087100000000000000e+04
2.450469465520829174e-03, 1.848100000000000000e+04
2.458425535214078979e-03, 1.638300000000000000e+04
2.466381604907328350e-03, 1.462300000000000000e+04
2.474337674600577720e-03, 1.328400000000000000e+04
2.482293744293827091e-03, 1.238100000000000000e+04
2.490249813987076462e-03, 1.192000000000000000e+04
2.498205883680325833e-03, 1.186800000000000000e+04
2.506161953373575637e-03, 1.223700000000000000e+04
2.514118023066825008e-03, 1.306200000000000000e+04
2.522074092760074378e-03, 1.433000000000000000e+04
2.530030162453323749e-03, 1.600600000000000000e+04
2.537986232146573120e-03, 1.802200000000000000e+04
2.545942301839822491e-03, 2.033100000000000000e+04
2.553898371533072295e-03, 2.292000000000000000e+04
2.561854441226321666e-03, 2.572000000000000000e+04
2.569810510919571037e-03, 2.865300000000000000e+04
2.577766580612820407e-03, 3.168800000000000000e+04
2.585722650306069778e-03, 3.477500000000000000e+04
2.593678719999319583e-03, 3.778600000000000000e+04
2.601634789692568953e-03, 4.065900000000000000e+04
2.609590859385818324e-03, 4.339600000000000000e+04
2.617546929079067695e-03, 4.593400000000000000e+04
2.625502998772317065e-03, 4.818400000000000000e+04
2.633459068465566436e-03, 5.008900000000000000e+04
2.641415138158816241e-03, 5.161900000000000000e+04
2.649371207852065611e-03, 5.273900000000000000e+04
2.657327277545314982e-03, 5.344900000000000000e+04
2.665283347238564353e-03, 5.372800000000000000e+04
2.673239416931813724e-03, 5.354900000000000000e+04
2.681195486625063094e-03, 5.290300000000000000e+04
2.689151556318312899e-03, 5.181000000000000000e+04
2.697107626011562270e-03, 5.029500000000000000e+04
2.705063695704811640e-03, 4.840900000000000000e+04
2.713019765398061011e-03, 4.622200000000000000e+04
2.720975835091310382e-03, 4.373500000000000000e+04
2.728931904784559753e-03, 4.101700000000000000e+04
2.736887974477809557e-03, 3.814100000000000000e+04
2.744844044171058928e-03, 3.515200000000000000e+04
2.752800113864308298e-03, 3.208900000000000000e+04
2.760756183557557669e-03, 2.903100000000000000e+04
2.768712253250807040e-03, 2.607100000000000000e+04
2.776668322944056411e-03, 2.326000000000000000e+04
2.784624392637306215e-03, 2.064800000000000000e+04
2.792580462330555586e-03, 1.828900000000000000e+04
2.800536532023804957e-03, 1.622200000000000000e+04
2.808492601717054327e-03, 1.450300000000000000e+04
2.816448671410303698e-03, 1.323500000000000000e+04
2.824404741103553503e-03, 1.242200000000000000e+04
2.832360810796802873e-03, 1.204900000000000000e+04
2.840316880490052244e-03, 1.207600000000000000e+04
2.848272950183301615e-03, 1.251200000000000000e+04
2.856229019876550985e-03, 1.338800000000000000e+04
2.864185089569800356e-03, 1.468800000000000000e+04
2.872141159263050161e-03, 1.638100000000000000e+04
2.880097228956299531e-03, 1.841700000000000000e+04
2.888053298649548902e-03, 2.075000000000000000e+04
2.896009368342798273e-03, 2.335200000000000000e+04
2.903965438036047644e-03, 2.613700000000000000e+04
2.911921507729297014e-03, 2.904000000000000000e+04
2.919877577422546819e-03, 3.204400000000000000e+04
2.927833647115796190e-03, 3.509600000000000000e+04
2.935789716809045560e-03, 3.807100000000000000e+04
2.943745786502294931e-03, 4.091800000000000000e+04
2.951701856195544302e-03, 4.363800000000000000e+04
2.959657925888793673e-03, 4.615600000000000000e+04
2.967613995582043477e-03, 4.837700000000000000e+04
2.975570065275292848e-03, 5.024500000000000000e+04
2.983526134968542218e-03, 5.173400000000000000e+04
2.991482204661791589e-03, 5.281200000000000000e+04
2.999438274355040960e-03, 5.348100000000000000e+04
3.007394344048290764e-03, 5.370000000000000000e+04
3.015350413741540135e-03, 5.343900000000000000e+04
3.023306483434789506e-03, 5.271400000000000000e+04
3.031262553128038877e-03, 5.158000000000000000e+04
3.039218622821288247e-03, 5.005600000000000000e+04
3.047174692514537618e-03, 4.817800000000000000e+04
3.055130762207787423e-03, 4.599800000000000000e+04
3.063086831901036793e-03, 4.351100000000000000e+04
3.071042901594286164e-03, 4.078400000000000000e+04
3.078998971287535535e-03, 3.788700000000000000e+04
3.086955040980784905e-03, 3.487600000000000000e+04
3.094911110674034276e-03, 3.180400000000000000e+04
3.102867180367284081e-03, 2.875600000000000000e+04
3.110823250060533451e-03, 2.581700000000000000e+04
3.118779319753782822e-03, 2.303000000000000000e+04
3.126735389447032193e-03, 2.044400000000000000e+04
3.134691459140281564e-03, 1.811100000000000000e+04
3.142647528833530934e-03, 1.606800000000000000e+04
3.150603598526780739e-03, 1.436900000000000000e+04
3.158559668220030110e-03, 1.309500000000000000e+04
3.166515737913279480e-03, 1.225700000000000000e+04
3.174471807606528851e-03, 1.186500000000000000e+04
3.182427877299778222e-03, 1.189200000000000000e+04
3.190383946993028026e-03, 1.235600000000000000e+04
3.198340016686277397e-03, 1.328500000000000000e+04
3.206296086379526768e-03, 1.466800000000000000e+04
3.214252156072776138e-03, 1.645200000000000000e+04
3.222208225766025509e-03, 1.855400000000000000e+04
3.230164295459274880e-03, 2.092500000000000000e+04
3.238120365152524684e-03, 2.354700000000000000e+04
3.246076434845774055e-03, 2.634000000000000000e+04
3.254032504539023426e-03, 2.925000000000000000e+04
3.261988574232272797e-03, 3.226800000000000000e+04
3.269944643925522167e-03, 3.533300000000000000e+04
3.277900713618771538e-03, 3.831600000000000000e+04
3.285856783312021343e-03, 4.116500000000000000e+04
3.293812853005270713e-03, 4.387200000000000000e+04
3.301768922698520084e-03, 4.636200000000000000e+04
3.309724992391769455e-03, 4.854600000000000000e+04
3.317681062085018825e-03, 5.037700000000000000e+04
3.325637131778268196e-03, 5.182900000000000000e+04
3.333593201471518001e-03, 5.287900000000000000e+04
3.341549271164767371e-03, 5.352600000000000000e+04
3.349505340858016742e-03, 5.374100000000000000e+04
3.357461410551266113e-03, 5.349500000000000000e+04
3.365417480244515484e-03, 5.278500000000000000e+04
3.373373549937764854e-03, 5.165400000000000000e+04
3.381329619631014659e-03, 5.010900000000000000e+04
3.389285689324264030e-03, 4.819700000000000000e+04
3.397241759017513400e-03, 4.595400000000000000e+04
3.405197828710762771e-03, 4.339300000000000000e+04
3.413153898404012142e-03, 4.060800000000000000e+04
3.421109968097261946e-03, 3.768000000000000000e+04
3.429066037790511317e-03, 3.465400000000000000e+04
3.437022107483760688e-03, 3.157900000000000000e+04
3.444978177177010058e-03, 2.853700000000000000e+04
3.452934246870259429e-03, 2.560700000000000000e+04
3.460890316563508800e-03, 2.282600000000000000e+04
3.468846386256758604e-03, 2.024600000000000000e+04
3.476802455950007975e-03, 1.792500000000000000e+04
3.484758525643257346e-03, 1.590300000000000000e+04
3.492714595336506717e-03, 1.424200000000000000e+04
3.500670665029756087e-03, 1.301100000000000000e+04
3.508626734723005458e-03, 1.221800000000000000e+04
3.516582804416255262e-03, 1.186700000000000000e+04
3.524538874109504633e-03, 1.192100000000000000e+04
3.532494943802754004e-03, 1.240400000000000000e+04
3.540451013496003375e-03, 1.334100000000000000e+04
3.548407083189252745e-03, 1.471300000000000000e+04
3.556363152882502116e-03, 1.647800000000000000e+04
3.564319222575751921e-03, 1.856900000000000000e+04
3.572275292269001291e-03, 2.094900000000000000e+04
3.580231361962250662e-03, 2.359400000000000000e+04
3.588187431655500033e-03, 2.642400000000000000e+04
3.596143501348749404e-03, 2.938200000000000000e+04
3.604099571041999208e-03, 3.244400000000000000e+04
3.612055640735248579e-03, 3.552900000000000000e+04
3.620011710428497950e-03, 3.851300000000000000e+04
3.627967780121747320e-03, 4.135900000000000000e+04
3.635923849814996691e-03, 4.405700000000000000e+04
3.643879919508246062e-03, 4.653000000000000000e+04
3.651835989201495866e-03, 4.869300000000000000e+04
3.659792058894745237e-03, 5.050600000000000000e+04
3.667748128587994608e-03, 5.193700000000000000e+04
3.675704198281243978e-03, 5.295600000000000000e+04
3.683660267974493349e-03, 5.356300000000000000e+04
3.691616337667742720e-03, 5.373200000000000000e+04
3.699572407360992524e-03, 5.343700000000000000e+04
3.707528477054241895e-03, 5.268300000000000000e+04
3.715484546747491266e-03, 5.152000000000000000e+04
3.723440616440740637e-03, 4.996400000000000000e+04
3.731396686133990007e-03, 4.806100000000000000e+04
3.739352755827239378e-03, 4.584000000000000000e+04
3.747308825520489182e-03, 4.330400000000000000e+04
3.755264895213738553e-03, 4.053800000000000000e+04
3.763220964906987924e-03, 3.761300000000000000e+04
3.771177034600237295e-03, 3.457700000000000000e+04
3.779133104293486665e-03, 3.148000000000000000e+04
3.787089173986736470e-03, 2.841200000000000000e+04
3.795045243679985841e-03, 2.545800000000000000e+04
3.803001313373235211e-03, 2.266700000000000000e+04
3.810957383066484582e-03, 2.009100000000000000e+04
3.818913452759733953e-03, 1.778500000000000000e+04
3.826869522452983324e-03, 1.578500000000000000e+04
3.834825592146233128e-03, 1.415400000000000000e+04
3.842781661839482499e-03, 1.297100000000000000e+04
3.850737731532731870e-03, 1.225600000000000000e+04
3.858693801225981240e-03, 1.198900000000000000e+04
3.866649870919230611e-03, 1.212700000000000000e+04
3.874605940612479982e-03, 1.268600000000000000e+04
3.882562010305729786e-03, 1.368100000000000000e+04
3.890518079998979157e-03, 1.509000000000000000e+04
3.898474149692228528e-03, 1.687300000000000000e+04
3.906430219385478332e-03, 1.895900000000000000e+04
3.914386289078727703e-03, 2.130400000000000000e+04
3.922342358771977074e-03, 2.389600000000000000e+04
3.930298428465226444e-03, 2.666400000000000000e+04
3.938254498158475815e-03, 2.956600000000000000e+04
3.946210567851725186e-03, 3.258800000000000000e+04
3.954166637544974557e-03, 3.564400000000000000e+04
3.962122707238223927e-03, 3.860900000000000000e+04
3.970078776931473298e-03, 4.145500000000000000e+04
3.978034846624722669e-03, 4.416200000000000000e+04
3.985990916317972040e-03, 4.663900000000000000e+04
3.993946986011222278e-03, 4.879800000000000000e+04
4.001903055704471648e-03, 5.059300000000000000e+04
4.009859125397721019e-03, 5.199700000000000000e+04
4.017815195090970390e-03, 5.298400000000000000e+04
4.025771264784219761e-03, 5.355700000000000000e+04
4.033727334477469131e-03, 5.369200000000000000e+04
4.041683404170718502e-03, 5.337500000000000000e+04
4.049639473863967873e-03, 5.260900000000000000e+04
4.057595543557217244e-03, 5.143100000000000000e+04
4.065551613250466614e-03, 4.983700000000000000e+04
4.073507682943715985e-03, 4.788800000000000000e+04
4.081463752636965356e-03, 4.561700000000000000e+04
4.089419822330215594e-03, 4.303900000000000000e+04
4.097375892023464965e-03, 4.024300000000000000e+04
4.105331961716714335e-03, 3.729200000000000000e+04
4.113288031409963706e-03, 3.423300000000000000e+04
4.121244101103213077e-03, 3.112800000000000000e+04
4.129200170796462448e-03, 2.807600000000000000e+04
4.137156240489711818e-03, 2.515000000000000000e+04
4.145112310182961189e-03, 2.239200000000000000e+04
4.153068379876210560e-03, 1.985300000000000000e+04
4.161024449569459931e-03, 1.758200000000000000e+04
4.168980519262709301e-03, 1.561200000000000000e+04
4.176936588955958672e-03, 1.401300000000000000e+04
4.184892658649208910e-03, 1.284500000000000000e+04
4.192848728342458281e-03, 1.211800000000000000e+04
4.200804798035707652e-03, 1.183200000000000000e+04
4.208760867728957022e-03, 1.196500000000000000e+04
4.216716937422206393e-03, 1.254400000000000000e+04
4.224673007115455764e-03, 1.357700000000000000e+04
4.232629076808705135e-03, 1.502100000000000000e+04
4.240585146501954505e-03, 1.682800000000000000e+04
4.248541216195203876e-03, 1.894000000000000000e+04
4.256497285888453247e-03, 2.134100000000000000e+04
4.264453355581702618e-03, 2.400200000000000000e+04
4.272409425274952856e-03, 2.683400000000000000e+04
4.280365494968202227e-03, 2.979100000000000000e+04
4.288321564661451597e-03, 3.285400000000000000e+04
4.296277634354700968e-03, 3.593000000000000000e+04
4.304233704047950339e-03, 3.890400000000000000e+04
4.312189773741199710e-03, 4.175000000000000000e+04
4.320145843434449080e-03, 4.443900000000000000e+04
4.328101913127698451e-03, 4.688400000000000000e+04
4.336057982820947822e-03, 4.900100000000000000e+04
4.344014052514197193e-03, 5.075300000000000000e+04
4.351970122207446563e-03, 5.211300000000000000e+04
4.359926191900695934e-03, 5.304300000000000000e+04
4.367882261593946172e-03, 5.353200000000000000e+04
4.375838331287195543e-03, 5.357300000000000000e+04
4.383794400980444914e-03, 5.316100000000000000e+04
4.391750470673694284e-03, 5.231500000000000000e+04
4.399706540366943655e-03, 5.107800000000000000e+04
4.407662610060193026e-03, 4.944700000000000000e+04
4.415618679753442397e-03, 4.748200000000000000e+04
4.423574749446691767e-03, 4.520900000000000000e+04
4.431530819139941138e-03, 4.266400000000000000e+04
4.439486888833190509e-03, 3.992600000000000000e+04
4.447442958526439880e-03, 3.704300000000000000e+04
4.455399028219690118e-03, 3.404800000000000000e+04
4.463355097912939488e-03, 3.099100000000000000e+04
4.471311167606188859e-03, 2.797200000000000000e+04
4.479267237299438230e-03, 2.506300000000000000e+04
4.487223306992687601e-03, 2.231100000000000000e+04
4.495179376685936971e-03, 1.976900000000000000e+04
4.503135446379186342e-03, 1.749500000000000000e+04
4.511091516072435713e-03, 1.553200000000000000e+04
4.519047585765685084e-03, 1.395500000000000000e+04
4.527003655458934454e-03, 1.281500000000000000e+04
4.534959725152183825e-03, 1.212100000000000000e+04
4.542915794845433196e-03, 1.186700000000000000e+04
4.550871864538683434e-03, 1.203000000000000000e+04
4.558827934231932805e-03, 1.263000000000000000e+04
4.566784003925182175e-03, 1.367300000000000000e+04
4.574740073618431546e-03, 1.513800000000000000e+04
4.582696143311680917e-03, 1.698100000000000000e+04
4.590652213004930288e-03, 1.913600000000000000e+04
4.598608282698179658e-03, 2.158200000000000000e+04
4.606564352391429029e-03, 2.427500000000000000e+04
4.614520422084678400e-03, 2.713100000000000000e+04
4.622476491777927771e-03, 3.011200000000000000e+04
4.630432561471177141e-03, 3.319300000000000000e+04
4.638388631164427379e-03, 3.627100000000000000e+04
4.646344700857676750e-03, 3.922500000000000000e+04
4.654300770550926121e-03, 4.204500000000000000e+04
4.662256840244175492e-03, 4.470100000000000000e+04
4.670212909937424862e-03, 4.710500000000000000e+04
4.678168979630674233e-03, 4.918100000000000000e+04
4.686125049323923604e-03, 5.089800000000000000e+04
4.694081119017172975e-03, 5.222800000000000000e+04
4.702037188710422345e-03, 5.314600000000000000e+04
4.709993258403671716e-03, 5.364900000000000000e+04
4.717949328096921087e-03, 5.370700000000000000e+04
4.725905397790170458e-03, 5.329500000000000000e+04
4.733861467483420696e-03, 5.243300000000000000e+04
4.741817537176670067e-03, 5.115700000000000000e+04
4.749773606869919437e-03, 4.945800000000000000e+04
4.757729676563168808e-03, 4.741000000000000000e+04
4.765685746256418179e-03, 4.505000000000000000e+04
4.773641815949667550e-03, 4.241300000000000000e+04
4.781597885642916920e-03, 3.959100000000000000e+04
4.789553955336166291e-03, 3.664300000000000000e+04
4.797510025029415662e-03, 3.360800000000000000e+04
4.805466094722665032e-03, 3.054100000000000000e+04
4.813422164415914403e-03, 2.756000000000000000e+04
4.821378234109164641e-03, 2.473200000000000000e+04
4.829334303802414012e-03, 2.207600000000000000e+04
4.837290373495663383e-03, 1.962800000000000000e+04
4.845246443188912754e-03, 1.743100000000000000e+04
4.853202512882162124e-03, 1.552500000000000000e+04
4.861158582575411495e-03, 1.399500000000000000e+04
4.869114652268660866e-03, 1.288800000000000000e+04
4.877070721961910237e-03, 1.223700000000000000e+04
4.885026791655159607e-03, 1.204400000000000000e+04
4.892982861348408978e-03, 1.227500000000000000e+04
4.900938931041658349e-03, 1.294400000000000000e+04
4.908895000734907720e-03, 1.404800000000000000e+04
4.916851070428157958e-03, 1.555600000000000000e+04
4.924807140121407328e-03, 1.742200000000000000e+04
4.932763209814656699e-03, 1.958200000000000000e+04
4.940719279507906070e-03, 2.201400000000000000e+04
4.948675349201155441e-03, 2.465900000000000000e+04
4.956631418894404811e-03, 2.744600000000000000e+04
4.964587488587654182e-03, 3.035700000000000000e+04
4.972543558280903553e-03, 3.337600000000000000e+04
4.980499627974152924e-03, 3.640300000000000000e+04
4.988455697667402294e-03, 3.932300000000000000e+04
4.996411767360651665e-03, 4.212900000000000000e+04
5.004367837053901903e-03, 4.478200000000000000e+04
5.012323906747151274e-03, 4.718700000000000000e+04
5.020279976440400645e-03, 4.926100000000000000e+04
5.028236046133650015e-03, 5.096600000000000000e+04
5.036192115826899386e-03, 5.227200000000000000e+04
5.044148185520148757e-03, 5.316000000000000000e+04
5.052104255213398128e-03, 5.362800000000000000e+04
5.060060324906647498e-03, 5.364900000000000000e+04
5.068016394599896869e-03, 5.320400000000000000e+04
5.075972464293146240e-03, 5.232800000000000000e+04
5.083928533986395611e-03, 5.105000000000000000e+04
5.091884603679644981e-03, 4.936900000000000000e+04
5.099840673372895219e-03, 4.734900000000000000e+04
5.107796743066144590e-03, 4.500200000000000000e+04
5.115752812759393961e-03, 4.236600000000000000e+04
5.123708882452643332e-03, 3.953100000000000000e+04
5.131664952145892702e-03, 3.655800000000000000e+04
5.139621021839142073e-03, 3.348600000000000000e+04
5.147577091532391444e-03, 3.038100000000000000e+04
5.155533161225640815e-03, 2.734900000000000000e+04
5.163489230918890185e-03, 2.445300000000000000e+04
5.171445300612139556e-03, 2.173800000000000000e+04
5.179401370305388927e-03, 1.925800000000000000e+04
5.187357439998639165e-03, 1.705800000000000000e+04
5.195313509691888536e-03, 1.517400000000000000e+04
5.203269579385137907e-03, 1.368300000000000000e+04
5.211225649078387277e-03, 1.262200000000000000e+04
5.219181718771636648e-03, 1.200600000000000000e+04
5.227137788464886019e-03, 1.182300000000000000e+04
5.235093858158135390e-03, 1.206200000000000000e+04
5.243049927851384760e-03, 1.275500000000000000e+04
5.251005997544634131e-03, 1.390000000000000000e+04
5.258962067237883502e-03, 1.545800000000000000e+04
5.266918136931132872e-03, 1.735800000000000000e+04
5.274874206624382243e-03, 1.954000000000000000e+04
5.282830276317632481e-03, 2.200200000000000000e+04
5.290786346010881852e-03, 2.470100000000000000e+04
5.298742415704131223e-03, 2.755800000000000000e+04
5.306698485397380594e-03, 3.053800000000000000e+04
5.314654555090629964e-03, 3.361200000000000000e+04
5.322610624783879335e-03, 3.666800000000000000e+04
5.330566694477128706e-03, 3.960400000000000000e+04
5.338522764170378077e-03, 4.241800000000000000e+04
5.346478833863627447e-03, 4.506100000000000000e+04
5.354434903556876818e-03, 4.743500000000000000e+04
5.362390973250126189e-03, 4.946800000000000000e+04
5.370347042943375560e-03, 5.112800000000000000e+04
5.378303112636625798e-03, 5.238700000000000000e+04
5.386259182329875168e-03, 5.323100000000000000e+04
5.394215252023124539e-03, 5.366300000000000000e+04
5.402171321716373910e-03, 5.365600000000000000e+04
5.410127391409623281e-03, 5.318400000000000000e+04
5.418083461102872651e-03, 5.226700000000000000e+04
5.426039530796122022e-03, 5.093700000000000000e+04
5.433995600489371393e-03, 4.920400000000000000e+04
5.441951670182620764e-03, 4.713800000000000000e+04
5.449907739875870134e-03, 4.475100000000000000e+04
5.457863809569119505e-03, 4.210400000000000000e+04
5.465819879262369743e-03, 3.929400000000000000e+04
5.473775948955619114e-03, 3.636300000000000000e+04
5.481732018648868485e-03, 3.333800000000000000e+04
5.489688088342117855e-03, 3.027600000000000000e+04
5.497644158035367226e-03, 2.727600000000000000e+04
5.505600227728616597e-03, 2.439800000000000000e+04
5.513556297421865968e-03, 2.169000000000000000e+04
5.521512367115115338e-03, 1.921000000000000000e+04
5.529468436808364709e-03, 1.700600000000000000e+04
5.537424506501614080e-03, 1.512200000000000000e+04
5.545380576194863451e-03, 1.364700000000000000e+04
5.553336645888112821e-03, 1.261100000000000000e+04
5.561292715581363059e-03, 1.202500000000000000e+04
5.569248785274612430e-03, 1.187200000000000000e+04
5.577204854967861801e-03, 1.214400000000000000e+04
5.585160924661111172e-03, 1.288500000000000000e+04
5.593116994354360542e-03, 1.409500000000000000e+04
5.601073064047609913e-03, 1.572300000000000000e+04
5.609029133740859284e-03, 1.769600000000000000e+04
5.616985203434108655e-03, 1.994700000000000000e+04
5.624941273127358025e-03, 2.246200000000000000e+04
5.632897342820607396e-03, 2.518800000000000000e+04
5.640853412513856767e-03, 2.804900000000000000e+04
5.648809482207107005e-03, 3.102100000000000000e+04
5.656765551900356376e-03, 3.408100000000000000e+04
5.664721621593605747e-03, 3.711300000000000000e+04
5.672677691286855117e-03, 4.001300000000000000e+04
5.680633760980104488e-03, 4.278500000000000000e+04
5.688589830673353859e-03, 4.537700000000000000e+04
5.696545900366603229e-03, 4.769600000000000000e+04
5.704501970059852600e-03, 4.967500000000000000e+04
5.712458039753101971e-03, 5.128700000000000000e+04
5.720414109446351342e-03, 5.250700000000000000e+04
5.728370179139600712e-03, 5.332000000000000000e+04
5.736326248832850083e-03, 5.371300000000000000e+04
5.744282318526100321e-03, 5.365500000000000000e+04
5.752238388219349692e-03, 5.312700000000000000e+04
5.760194457912599063e-03, 5.216000000000000000e+04
5.768150527605848434e-03, 5.078300000000000000e+04
5.776106597299097804e-03, 4.901500000000000000e+04
5.784062666992347175e-03, 4.694400000000000000e+04
5.792018736685596546e-03, 4.456900000000000000e+04
5.799974806378845917e-03, 4.192600000000000000e+04
5.807930876072095287e-03, 3.909100000000000000e+04
5.815886945765344658e-03, 3.612000000000000000e+04
5.823843015458594029e-03, 3.305600000000000000e+04
5.831799085151844267e-03, 2.997100000000000000e+04
5.839755154845093638e-03, 2.697000000000000000e+04
5.847711224538343008e-03, 2.413500000000000000e+04
5.855667294231592379e-03, 2.150300000000000000e+04
5.863623363924841750e-03, 1.910600000000000000e+04
5.871579433618091121e-03, 1.697700000000000000e+04
5.879535503311340491e-03, 1.515400000000000000e+04
5.887491573004589862e-03, 1.372800000000000000e+04
5.895447642697839233e-03, 1.272500000000000000e+04
5.903403712391088604e-03, 1.216100000000000000e+04
5.911359782084337974e-03, 1.201100000000000000e+04
5.919315851777587345e-03, 1.227900000000000000e+04
5.927271921470837583e-03, 1.300400000000000000e+04
5.935227991164086954e-03, 1.418100000000000000e+04
5.943184060857336325e-03, 1.577700000000000000e+04
5.951140130550585695e-03, 1.773100000000000000e+04
5.959096200243835066e-03, 1.998300000000000000e+04
5.967052269937084437e-03, 2.252200000000000000e+04
5.975008339630333808e-03, 2.528900000000000000e+04
5.982964409323583178e-03, 2.819900000000000000e+04
5.990920479016832549e-03, 3.121600000000000000e+04
5.998876548710081920e-03, 3.430000000000000000e+04
6.006832618403331291e-03, 3.732900000000000000e+04
6.014788688096581529e-03, 4.022000000000000000e+04
6.022744757789830899e-03, 4.298100000000000000e+04
6.030700827483080270e-03, 4.555500000000000000e+04
6.038656897176329641e-03, 4.785600000000000000e+04
6.046612966869579012e-03, 4.981600000000000000e+04
6.054569036562828382e-03, 5.140600000000000000e+04
6.062525106256077753e-03, 5.259200000000000000e+04
6.070481175949327124e-03, 5.336600000000000000e+04
6.078437245642576495e-03, 5.371400000000000000e+04
6.086393315335825865e-03, 5.360900000000000000e+04
6.094349385029075236e-03, 5.303600000000000000e+04
6.102305454722324607e-03, 5.204100000000000000e+04
6.110261524415574845e-03, 5.065400000000000000e+04
6.118217594108824216e-03, 4.888400000000000000e+04
6.126173663802073587e-03, 4.679000000000000000e+04
6.134129733495322957e-03, 4.437000000000000000e+04
6.142085803188572328e-03, 4.168200000000000000e+04
6.150041872881821699e-03, 3.881100000000000000e+04
6.157997942575071069e-03, 3.581300000000000000e+04
6.165954012268320440e-03, 3.272800000000000000e+04
6.173910081961569811e-03, 2.963300000000000000e+04
6.181866151654819182e-03, 2.662700000000000000e+04
6.189822221348068552e-03, 2.376700000000000000e+04
6.197778291041318791e-03, 2.110200000000000000e+04
6.205734360734568161e-03, 1.868400000000000000e+04
6.213690430427817532e-03, 1.655800000000000000e+04
6.221646500121066903e-03, 1.476600000000000000e+04
6.229602569814316274e-03, 1.339000000000000000e+04
6.237558639507565644e-03, 1.244100000000000000e+04
6.245514709200815015e-03, 1.193300000000000000e+04
6.253470778894064386e-03, 1.184800000000000000e+04
6.261426848587313757e-03, 1.219100000000000000e+04
6.269382918280563127e-03, 1.299600000000000000e+04
6.277338987973812498e-03, 1.424600000000000000e+04
6.285295057667061869e-03, 1.590300000000000000e+04
6.293251127360312107e-03, 1.790900000000000000e+04
6.301207197053561478e-03, 2.022000000000000000e+04
6.309163266746810848e-03, 2.281200000000000000e+04
6.317119336440060219e-03, 2.560200000000000000e+04
6.325075406133309590e-03, 2.851400000000000000e+04
6.333031475826558961e-03, 3.152400000000000000e+04
6.340987545519808331e-03, 3.459200000000000000e+04
6.348943615213057702e-03, 3.759800000000000000e+04
6.356899684906307073e-03, 4.047000000000000000e+04
6.364855754599556444e-03, 4.321800000000000000e+04
6.372811824292805814e-03, 4.577800000000000000e+04
6.380767893986056052e-03, 4.805200000000000000e+04
6.388723963679305423e-03, 4.997700000000000000e+04
6.396680033372554794e-03, 5.152800000000000000e+04
6.404636103065804165e-03, 5.267200000000000000e+04
6.412592172759053535e-03, 5.340500000000000000e+04
6.420548242452302906e-03, 5.371300000000000000e+04
6.428504312145552277e-03, 5.358000000000000000e+04
6.436460381838801648e-03, 5.299100000000000000e+04
6.444416451532051018e-03, 5.197300000000000000e+04
6.452372521225300389e-03, 5.054200000000000000e+04
6.460328590918549760e-03, 4.872300000000000000e+04
6.468284660611799131e-03, 4.658100000000000000e+04
6.476240730305049369e-03, 4.411600000000000000e+04
6.484196799998298739e-03, 4.140400000000000000e+04
6.492152869691548110e-03, 3.854800000000000000e+04
6.500108939384797481e-03, 3.559000000000000000e+04
6.508065009078046852e-03, 3.255700000000000000e+04
6.516021078771296222e-03, 2.951500000000000000e+04
6.523977148464545593e-03, 2.655000000000000000e+04
6.531933218157794964e-03, 2.371500000000000000e+04
6.539889287851044335e-03, 2.106300000000000000e+04
6.547845357544293705e-03, 1.865300000000000000e+04
6.555801427237543076e-03, 1.652700000000000000e+04
6.563757496930792447e-03, 1.473500000000000000e+04
6.571713566624042685e-03, 1.336500000000000000e+04
6.579669636317292056e-03, 1.243500000000000000e+04
6.587625706010541426e-03, 1.195500000000000000e+04
6.595581775703790797e-03, 1.190300000000000000e+04
6.603537845397040168e-03, 1.228400000000000000e+04
6.611493915090289539e-03, 1.312600000000000000e+04
6.619449984783538909e-03, 1.439300000000000000e+04
6.627406054476788280e-03, 1.605000000000000000e+04
6.635362124170037651e-03, 1.804200000000000000e+04
6.643318193863287022e-03, 2.032800000000000000e+04
6.651274263556536392e-03, 2.289700000000000000e+04
6.659230333249786631e-03, 2.567100000000000000e+04
6.667186402943036001e-03, 2.858400000000000000e+04
6.675142472636285372e-03, 3.160900000000000000e+04
6.683098542329534743e-03, 3.470000000000000000e+04
6.691054612022784114e-03, 3.773000000000000000e+04
6.699010681716033484e-03, 4.062500000000000000e+04
6.706966751409282855e-03, 4.338200000000000000e+04
6.714922821102532226e-03, 4.593400000000000000e+04
6.722878890795781597e-03, 4.818800000000000000e+04
6.730834960489030967e-03, 5.008700000000000000e+04
6.738791030182280338e-03, 5.160900000000000000e+04
6.746747099875529709e-03, 5.269900000000000000e+04
6.754703169568779947e-03, 5.335400000000000000e+04
6.762659239262029318e-03, 5.357500000000000000e+04
6.770615308955278688e-03, 5.335700000000000000e+04
6.778571378648528059e-03, 5.269500000000000000e+04
6.786527448341777430e-03, 5.162700000000000000e+04
6.794483518035026801e-03, 5.016200000000000000e+04
6.802439587728276171e-03, 4.832900000000000000e+04
6.810395657421525542e-03, 4.619600000000000000e+04
6.818351727114774913e-03, 4.376900000000000000e+04
6.826307796808024284e-03, 4.110400000000000000e+04
6.834263866501273654e-03, 3.826600000000000000e+04
6.842219936194523892e-03, 3.529700000000000000e+04
6.850176005887773263e-03, 3.224300000000000000e+04
6.858132075581022634e-03, 2.918800000000000000e+04
6.866088145274272005e-03, 2.622200000000000000e+04
6.874044214967521375e-03, 2.339200000000000000e+04
6.882000284660770746e-03, 2.075300000000000000e+04
6.889956354354020117e-03, 1.836500000000000000e+04
6.897912424047269488e-03, 1.627300000000000000e+04
6.905868493740518858e-03, 1.453100000000000000e+04
6.913824563433768229e-03, 1.321800000000000000e+04
6.921780633127017600e-03, 1.234500000000000000e+04
6.929736702820266971e-03, 1.191900000000000000e+04
6.937692772513517209e-03, 1.190900000000000000e+04
6.945648842206766579e-03, 1.231900000000000000e+04
6.953604911900015950e-03, 1.318200000000000000e+04
6.961560981593265321e-03, 1.448200000000000000e+04
6.969517051286514692e-03, 1.618600000000000000e+04
6.977473120979764062e-03, 1.822600000000000000e+04
6.985429190673013433e-03, 2.055800000000000000e+04
6.993385260366262804e-03, 2.316400000000000000e+04
7.001341330059512175e-03, 2.595000000000000000e+04
7.009297399752761545e-03, 2.883500000000000000e+04
7.017253469446010916e-03, 3.181700000000000000e+04
7.025209539139261154e-03, 3.485500000000000000e+04
7.033165608832510525e-03, 3.783100000000000000e+04
7.041121678525759896e-03, 4.069000000000000000e+04
7.049077748219009266e-03, 4.342800000000000000e+04
7.057033817912258637e-03, 4.596600000000000000e+04
7.064989887605508008e-03, 4.821000000000000000e+04
7.072945957298757379e-03, 5.010800000000000000e+04
7.080902026992006749e-03, 5.162900000000000000e+04
7.088858096685256120e-03, 5.273700000000000000e+04
7.096814166378505491e-03, 5.343100000000000000e+04
7.104770236071754862e-03, 5.368500000000000000e+04
7.112726305765004232e-03, 5.347700000000000000e+04
7.120682375458254471e-03, 5.280200000000000000e+04
7.128638445151503841e-03, 5.170800000000000000e+04
7.136594514844753212e-03, 5.021900000000000000e+04
7.144550584538002583e-03, 4.836900000000000000e+04
7.152506654231251954e-03, 4.620200000000000000e+04
7.160462723924501324e-03, 4.371300000000000000e+04
7.168418793617750695e-03, 4.097800000000000000e+04
7.176374863311000066e-03, 3.807600000000000000e+04
7.184330933004249437e-03, 3.505500000000000000e+04
7.192287002697498807e-03, 3.196900000000000000e+04
7.200243072390748178e-03, 2.893100000000000000e+04
7.208199142083998416e-03, 2.602100000000000000e+04
7.216155211777247787e-03, 2.326300000000000000e+04
7.224111281470497158e-03, 2.069100000000000000e+04
7.232067351163746528e-03, 1.835700000000000000e+04
7.240023420856995899e-03, 1.630200000000000000e+04
7.247979490550245270e-03, 1.458900000000000000e+04
7.255935560243494641e-03, 1.329500000000000000e+04
7.263891629936744011e-03, 1.243000000000000000e+04
7.271847699629993382e-03, 1.200200000000000000e+04
7.279803769323242753e-03, 1.199300000000000000e+04
7.287759839016492124e-03, 1.242600000000000000e+04
7.295715908709741494e-03, 1.332400000000000000e+04
7.303671978402991732e-03, 1.466300000000000000e+04
7.311628048096241103e-03, 1.640100000000000000e+04
7.319584117789490474e-03, 1.846800000000000000e+04
7.327540187482739845e-03, 2.080500000000000000e+04
7.335496257175989215e-03, 2.338900000000000000e+04
7.343452326869238586e-03, 2.615200000000000000e+04
7.351408396562487957e-03, 2.904700000000000000e+04
7.359364466255737328e-03, 3.206200000000000000e+04
7.367320535948986698e-03, 3.513000000000000000e+04
7.375276605642236069e-03, 3.812200000000000000e+04
7.383232675335485440e-03, 4.099000000000000000e+04
7.391188745028735678e-03, 4.372300000000000000e+04
7.399144814721985049e-03, 4.624600000000000000e+04
7.407100884415234419e-03, 4.846400000000000000e+04
7.415056954108483790e-03, 5.032300000000000000e+04
7.423013023801733161e-03, 5.179600000000000000e+04
7.430969093494982532e-03, 5.285200000000000000e+04
7.438925163188231902e-03, 5.349500000000000000e+04
7.446881232881481273e-03, 5.369900000000000000e+04
7.454837302574730644e-03, 5.344900000000000000e+04
7.462793372267980015e-03, 5.275000000000000000e+04
7.470749441961229385e-03, 5.163700000000000000e+04
7.478705511654478756e-03, 5.011000000000000000e+04
7.486661581347728994e-03, 4.821400000000000000e+04
7.494617651040978365e-03, 4.599600000000000000e+04
7.502573720734227736e-03, 4.346200000000000000e+04
7.510529790427477106e-03, 4.069600000000000000e+04
7.518485860120726477e-03, 3.776600000000000000e+04
7.526441929813975848e-03, 3.471900000000000000e+04
7.534397999507225219e-03, 3.161700000000000000e+04
7.542354069200474589e-03, 2.854900000000000000e+04
7.550310138893723960e-03, 2.560000000000000000e+04
7.558266208586973331e-03, 2.281200000000000000e+04
7.566222278280222702e-03, 2.023500000000000000e+04
7.574178347973472940e-03, 1.792000000000000000e+04
7.582134417666722311e-03, 1.590000000000000000e+04
7.590090487359971681e-03, 1.423500000000000000e+04
7.598046557053221052e-03, 1.299900000000000000e+04
7.606002626746470423e-03, 1.220200000000000000e+04
7.613958696439719794e-03, 1.185000000000000000e+04
7.621914766132969164e-03, 1.191600000000000000e+04
7.629870835826218535e-03, 1.242300000000000000e+04
7.637826905519467906e-03, 1.338800000000000000e+04
7.645782975212717276e-03, 1.479200000000000000e+04
7.653739044905966647e-03, 1.660300000000000000e+04
7.661695114599216018e-03, 1.873700000000000000e+04
7.669651184292466256e-03, 2.114400000000000000e+04
7.677607253985715627e-03, 2.379800000000000000e+04
7.685563323678964998e-03, 2.661300000000000000e+04
7.693519393372214368e-03, 2.953900000000000000e+04
7.701475463065463739e-03, 3.256500000000000000e+04
7.709431532758713110e-03, 3.562000000000000000e+04
7.717387602451962481e-03, 3.858500000000000000e+04
7.725343672145211851e-03, 4.142400000000000000e+04
7.733299741838461222e-03, 4.411800000000000000e+04
7.741255811531710593e-03, 4.658700000000000000e+04
7.749211881224959964e-03, 4.874300000000000000e+04
7.757167950918209334e-03, 5.054100000000000000e+04
7.765124020611459572e-03, 5.195400000000000000e+04
7.773080090304708943e-03, 5.295600000000000000e+04
7.781036159997958314e-03, 5.355800000000000000e+04
7.788992229691207685e-03, 5.373100000000000000e+04
7.796948299384457055e-03, 5.344400000000000000e+04
7.804904369077706426e-03, 5.269800000000000000e+04
7.812860438770956664e-03, 5.153200000000000000e+04
7.820816508464206035e-03, 4.995200000000000000e+04
7.828772578157455406e-03, 4.801300000000000000e+04
7.836728647850704776e-03, 4.576000000000000000e+04
7.844684717543954147e-03, 4.322200000000000000e+04
7.852640787237203518e-03, 4.048200000000000000e+04
7.860596856930452889e-03, 3.759500000000000000e+04
7.868552926623702259e-03, 3.459200000000000000e+04
7.876508996316951630e-03, 3.152200000000000000e+04
7.884465066010201001e-03, 2.847800000000000000e+04
7.892421135703450372e-03, 2.553800000000000000e+04
7.900377205396699742e-03, 2.275000000000000000e+04
7.908333275089949113e-03, 2.016600000000000000e+04
7.916289344783198484e-03, 1.784200000000000000e+04
7.924245414476447855e-03, 1.582400000000000000e+04
7.932201484169697225e-03, 1.417800000000000000e+04
7.940157553862946596e-03, 1.296800000000000000e+04
7.948113623556195967e-03, 1.220300000000000000e+04
7.956069693249445338e-03, 1.188100000000000000e+04
7.964025762942694708e-03, 1.197800000000000000e+04
7.971981832635944079e-03, 1.250700000000000000e+04
7.979937902329193450e-03, 1.348200000000000000e+04
7.987893972022444555e-03, 1.488300000000000000e+04
7.995850041715693926e-03, 1.667100000000000000e+04
8.003806111408943297e-03, 1.878100000000000000e+04
8.011762181102192668e-03, 2.118100000000000000e+04
8.019718250795442038e-03, 2.384200000000000000e+04
8.027674320488691409e-03, 2.667600000000000000e+04
8.035630390181940780e-03, 2.963800000000000000e+04
8.043586459875190151e-03, 3.270900000000000000e+04
8.051542529568439521e-03, 3.579600000000000000e+04
8.059498599261688892e-03, 3.877300000000000000e+04
8.067454668954938263e-03, 4.161400000000000000e+04
8.075410738648187634e-03, 4.430000000000000000e+04
8.083366808341437004e-03, 4.675000000000000000e+04
8.091322878034686375e-03, 4.887900000000000000e+04
8.099278947727935746e-03, 5.065400000000000000e+04
8.107235017421185116e-03, 5.204700000000000000e+04
8.115191087114434487e-03, 5.302900000000000000e+04
8.123147156807683858e-03, 5.359900000000000000e+04
8.131103226500933229e-03, 5.372800000000000000e+04
8.139059296194182599e-03, 5.339000000000000000e+04
8.147015365887431970e-03, 5.259500000000000000e+04
8.154971435580681341e-03, 5.138500000000000000e+04
8.162927505273930712e-03, 4.974900000000000000e+04
8.170883574967181817e-03, 4.775000000000000000e+04
8.178839644660431188e-03, 4.543900000000000000e+04
8.186795714353680559e-03, 4.283900000000000000e+04
8.194751784046929929e-03, 4.004100000000000000e+04
8.202707853740179300e-03, 3.711000000000000000e+04
8.210663923433428671e-03, 3.408600000000000000e+04
8.218619993126678042e-03, 3.101700000000000000e+04
8.226576062819927412e-03, 2.799600000000000000e+04
8.234532132513176783e-03, 2.508700000000000000e+04
8.242488202206426154e-03, 2.233500000000000000e+04
8.250444271899675525e-03, 1.979900000000000000e+04
8.258400341592924895e-03, 1.753100000000000000e+04
8.266356411286174266e-03, 1.557100000000000000e+04
8.274312480979423637e-03, 1.398800000000000000e+04
8.282268550672673008e-03, 1.283800000000000000e+04
8.290224620365922378e-03, 1.214100000000000000e+04
8.298180690059171749e-03, 1.190900000000000000e+04
8.306136759752421120e-03, 1.210000000000000000e+04
8.314092829445670491e-03, 1.272500000000000000e+04
8.322048899138919861e-03, 1.378300000000000000e+04
8.330004968832169232e-03, 1.524600000000000000e+04
8.337961038525418603e-03, 1.707300000000000000e+04
8.345917108218667974e-03, 1.919900000000000000e+04
8.353873177911917344e-03, 2.159900000000000000e+04
8.361829247605168450e-03, 2.422100000000000000e+04
8.369785317298417820e-03, 2.699300000000000000e+04
8.377741386991667191e-03, 2.988600000000000000e+04
8.385697456684916562e-03, 3.289600000000000000e+04
8.393653526378165933e-03, 3.593100000000000000e+04
8.401609596071415303e-03, 3.887200000000000000e+04
8.409565665764664674e-03, 4.169800000000000000e+04
8.417521735457914045e-03, 4.438000000000000000e+04
8.425477805151163416e-03, 4.683000000000000000e+04
8.433433874844412786e-03, 4.896000000000000000e+04
8.441389944537662157e-03, 5.072500000000000000e+04
8.449346014230911528e-03, 5.209500000000000000e+04
8.457302083924160899e-03, 5.304800000000000000e+04
8.465258153617410269e-03, 5.358400000000000000e+04
8.473214223310659640e-03, 5.367700000000000000e+04
8.481170293003909011e-03, 5.330300000000000000e+04
8.489126362697158382e-03, 5.249100000000000000e+04
8.497082432390407752e-03, 5.127700000000000000e+04
8.505038502083657123e-03, 4.965600000000000000e+04
8.512994571776906494e-03, 4.768600000000000000e+04
8.520950641470155865e-03, 4.539100000000000000e+04
8.528906711163405235e-03, 4.279300000000000000e+04
8.536862780856654606e-03, 3.998400000000000000e+04
8.544818850549905712e-03, 3.703100000000000000e+04
8.552774920243155082e-03, 3.397100000000000000e+04
8.560730989936404453e-03, 3.086300000000000000e+04
8.568687059629653824e-03, 2.781400000000000000e+04
8.576643129322903195e-03, 2.489400000000000000e+04
8.584599199016152565e-03, 2.214800000000000000e+04
8.592555268709401936e-03, 1.962700000000000000e+04
8.600511338402651307e-03, 1.738200000000000000e+04
8.608467408095900678e-03, 1.544600000000000000e+04
8.616423477789150048e-03, 1.388800000000000000e+04
8.624379547482399419e-03, 1.275900000000000000e+04
8.632335617175648790e-03, 1.207300000000000000e+04
8.640291686868898161e-03, 1.182400000000000000e+04
8.648247756562147531e-03, 1.199500000000000000e+04
8.656203826255396902e-03, 1.261700000000000000e+04
8.664159895948646273e-03, 1.369200000000000000e+04
8.672115965641895644e-03, 1.518900000000000000e+04
8.680072035335145014e-03, 1.704100000000000000e+04
8.688028105028394385e-03, 1.918100000000000000e+04
8.695984174721643756e-03, 2.160000000000000000e+04
8.703940244414893126e-03, 2.426800000000000000e+04
8.711896314108142497e-03, 2.710300000000000000e+04
8.719852383801391868e-03, 3.006400000000000000e+04
8.727808453494642973e-03, 3.312900000000000000e+04
8.735764523187892344e-03, 3.619600000000000000e+04
8.743720592881141715e-03, 3.915300000000000000e+04
8.751676662574391086e-03, 4.198800000000000000e+04
8.759632732267640456e-03, 4.466300000000000000e+04
8.767588801960889827e-03, 4.708500000000000000e+04
8.775544871654139198e-03, 4.917400000000000000e+04
8.783500941347388569e-03, 5.089400000000000000e+04
8.791457011040637939e-03, 5.221800000000000000e+04
8.799413080733887310e-03, 5.312500000000000000e+04
8.807369150427136681e-03, 5.362400000000000000e+04
8.815325220120386052e-03, 5.368800000000000000e+04
8.823281289813635422e-03, 5.328800000000000000e+04
8.831237359506884793e-03, 5.243700000000000000e+04
8.839193429200134164e-03, 5.117300000000000000e+04
8.847149498893383535e-03, 4.949800000000000000e+04
8.855105568586632905e-03, 4.748200000000000000e+04
8.863061638279882276e-03, 4.514500000000000000e+04
8.871017707973131647e-03, 4.253000000000000000e+04
8.878973777666381018e-03, 3.974200000000000000e+04
8.886929847359630388e-03, 3.682900000000000000e+04
8.894885917052879759e-03, 3.381500000000000000e+04
8.902841986746129130e-03, 3.075200000000000000e+04
8.910798056439380235e-03, 2.773800000000000000e+04
8.918754126132629606e-03, 2.483700000000000000e+04
8.926710195825878977e-03, 2.209900000000000000e+04
8.934666265519128348e-03, 1.958000000000000000e+04
8.942622335212377718e-03, 1.733000000000000000e+04
8.950578404905627089e-03, 1.539200000000000000e+04
8.958534474598876460e-03, 1.384900000000000000e+04
8.966490544292125831e-03, 1.274400000000000000e+04
8.974446613985375201e-03, 1.208700000000000000e+04
8.982402683678624572e-03, 1.186800000000000000e+04
8.990358753371873943e-03, 1.207200000000000000e+04
8.998314823065123313e-03, 1.272200000000000000e+04
9.006270892758372684e-03, 1.380900000000000000e+04
9.014226962451622055e-03, 1.530800000000000000e+04
9.022183032144871426e-03, 1.717800000000000000e+04
9.030139101838120796e-03, 1.935400000000000000e+04
9.038095171531370167e-03, 2.182200000000000000e+04
9.046051241224619538e-03, 2.453100000000000000e+04
9.054007310917868909e-03, 2.739600000000000000e+04
9.061963380611118279e-03, 3.038300000000000000e+04
9.069919450304367650e-03, 3.346800000000000000e+04
9.077875519997617021e-03, 3.654100000000000000e+04
9.085831589690866392e-03, 3.948500000000000000e+04
9.093787659384117497e-03, 4.229600000000000000e+04
9.101743729077366868e-03, 4.493600000000000000e+04
9.109699798770616239e-03, 4.731500000000000000e+04
9.117655868463865609e-03, 4.935800000000000000e+04
9.125611938157114980e-03, 5.103600000000000000e+04
9.133568007850364351e-03, 5.232600000000000000e+04
9.141524077543613722e-03, 5.320600000000000000e+04
9.149480147236863092e-03, 5.367000000000000000e+04
9.157436216930112463e-03, 5.368800000000000000e+04
9.165392286623361834e-03, 5.323500000000000000e+04
9.173348356316611205e-03, 5.233400000000000000e+04
9.181304426009860575e-03, 5.102300000000000000e+04
9.189260495703109946e-03, 4.931000000000000000e+04
9.197216565396359317e-03, 4.728600000000000000e+04
9.205172635089608688e-03, 4.495900000000000000e+04
9.213128704782858058e-03, 4.235200000000000000e+04
9.221084774476107429e-03, 3.954400000000000000e+04
9.229040844169356800e-03, 3.659200000000000000e+04
9.236996913862606171e-03, 3.353900000000000000e+04
9.244952983555855541e-03, 3.044900000000000000e+04
9.252909053249104912e-03, 2.742800000000000000e+04
9.260865122942354283e-03, 2.456500000000000000e+04
9.268821192635603654e-03, 2.189900000000000000e+04
9.276777262328854759e-03, 1.946300000000000000e+04
9.284733332022104130e-03, 1.729100000000000000e+04
9.292689401715353500e-03, 1.541500000000000000e+04
9.300645471408602871e-03, 1.392300000000000000e+04
9.308601541101852242e-03, 1.285300000000000000e+04
9.316557610795101613e-03, 1.222100000000000000e+04
9.324513680488350983e-03, 1.200800000000000000e+04
9.332469750181600354e-03, 1.220700000000000000e+04
9.340425819874849725e-03, 1.286000000000000000e+04
9.348381889568099096e-03, 1.396900000000000000e+04
9.356337959261348466e-03, 1.550200000000000000e+04
9.364294028954597837e-03, 1.740500000000000000e+04
9.372250098647847208e-03, 1.961200000000000000e+04
9.380206168341096579e-03, 2.210600000000000000e+04
9.388162238034345949e-03, 2.481100000000000000e+04
9.396118307727595320e-03, 2.763900000000000000e+04
9.404074377420844691e-03, 3.057700000000000000e+04
9.412030447114094062e-03, 3.361000000000000000e+04
9.419986516807343432e-03, 3.663500000000000000e+04
9.427942586500592803e-03, 3.954700000000000000e+04
9.435898656193842174e-03, 4.234700000000000000e+04
9.443854725887091545e-03, 4.498200000000000000e+04
9.451810795580340915e-03, 4.736000000000000000e+04
9.459766865273592021e-03, 4.940500000000000000e+04
9.467722934966841392e-03, 5.108100000000000000e+04
9.475679004660090762e-03, 5.235500000000000000e+04
9.483635074353340133e-03, 5.321200000000000000e+04
9.491591144046589504e-03, 5.364300000000000000e+04
9.499547213739838875e-03, 5.362300000000000000e+04
9.507503283433088245e-03, 5.313100000000000000e+04
9.515459353126337616e-03, 5.217900000000000000e+04
9.523415422819586987e-03, 5.080000000000000000e+04
9.531371492512836358e-03, 4.902400000000000000e+04
9.539327562206085728e-03, 4.693200000000000000e+04
9.547283631899335099e-03, 4.453700000000000000e+04
9.555239701592584470e-03, 4.188300000000000000e+04
9.563195771285833841e-03, 3.905100000000000000e+04
9.571151840979083211e-03, 3.609500000000000000e+04
9.579107910672332582e-03, 3.305000000000000000e+04
9.587063980365581953e-03, 2.997800000000000000e+04
9.595020050058831323e-03, 2.698100000000000000e+04
9.602976119752080694e-03, 2.411900000000000000e+04
9.610932189445330065e-03, 2.143900000000000000e+04
9.618888259138579436e-03, 1.899500000000000000e+04
9.626844328831828806e-03, 1.683400000000000000e+04
9.634800398525078177e-03, 1.499400000000000000e+04
9.642756468218329283e-03, 1.355900000000000000e+04
9.650712537911578653e-03, 1.254700000000000000e+04
9.658668607604828024e-03, 1.197400000000000000e+04
9.666624677298077395e-03, 1.182700000000000000e+04
9.674580746991326766e-03, 1.210300000000000000e+04
9.682536816684576136e-03, 1.283700000000000000e+04
9.690492886377825507e-03, 1.402000000000000000e+04
9.698448956071074878e-03, 1.561800000000000000e+04
9.706405025764324249e-03, 1.756100000000000000e+04
9.714361095457573619e-03, 1.977600000000000000e+04
9.722317165150822990e-03, 2.226100000000000000e+04
9.730273234844072361e-03, 2.497000000000000000e+04
9.738229304537321732e-03, 2.783100000000000000e+04
9.746185374230571102e-03, 3.081600000000000000e+04
9.754141443923820473e-03, 3.389100000000000000e+04
9.762097513617069844e-03, 3.693600000000000000e+04
9.770053583310319215e-03, 3.985500000000000000e+04
9.778009653003568585e-03, 4.265500000000000000e+04
9.785965722696817956e-03, 4.527900000000000000e+04
9.793921792390067327e-03, 4.762800000000000000e+04
9.801877862083316698e-03, 4.963100000000000000e+04
9.809833931776566068e-03, 5.125900000000000000e+04
9.817790001469815439e-03, 5.248100000000000000e+04
9.825746071163066545e-03, 5.328900000000000000e+04
9.833702140856315915e-03, 5.367300000000000000e+04
9.841658210549565286e-03, 5.361700000000000000e+04
9.849614280242814657e-03, 5.310200000000000000e+04
9.857570349936064028e-03, 5.215100000000000000e+04
9.865526419629313398e-03, 5.078800000000000000e+04
9.873482489322562769e-03, 4.902600000000000000e+04
9.881438559015812140e-03, 4.693400000000000000e+04
9.889394628709061510e-03, 4.451800000000000000e+04
9.897350698402310881e-03, 4.183800000000000000e+04
9.905306768095560252e-03, 3.900000000000000000e+04
9.913262837788809623e-03, 3.605800000000000000e+04
9.921218907482058993e-03, 3.303400000000000000e+04
9.929174977175308364e-03, 2.998600000000000000e+04
9.937131046868557735e-03, 2.700600000000000000e+04
9.945087116561807106e-03, 2.414700000000000000e+04
9.953043186255056476e-03, 2.146200000000000000e+04
9.960999255948305847e-03, 1.901100000000000000e+04
9.968955325641555218e-03, 1.683800000000000000e+04
9.976911395334804589e-03, 1.498800000000000000e+04
9.984867465028053959e-03, 1.355000000000000000e+04
9.992823534721303330e-03, 1.255000000000000000e+04
1.000077960441455270e-02, 1.200100000000000000e+04
1.000873567410780381e-02, 1.188300000000000000e+04
1.001669174380105318e-02, 1.219400000000000000e+04
1.002464781349430255e-02, 1.296800000000000000e+04
1.003260388318755192e-02, 1.420600000000000000e+04
1.004055995288080129e-02, 1.586900000000000000e+04
1.004851602257405066e-02, 1.787600000000000000e+04
1.005647209226730003e-02, 2.016100000000000000e+04
1.006442816196054940e-02, 2.270900000000000000e+04
1.007238423165379877e-02, 2.545600000000000000e+04
1.008034030134704814e-02, 2.833100000000000000e+04
1.008829637104029751e-02, 3.131500000000000000e+04
1.009625244073354688e-02, 3.437900000000000000e+04
1.010420851042679626e-02, 3.740100000000000000e+04
1.011216458012004563e-02, 4.028700000000000000e+04
1.012012064981329500e-02, 4.304400000000000000e+04
1.012807671950654437e-02, 4.561400000000000000e+04
1.013603278919979374e-02, 4.790100000000000000e+04
1.014398885889304311e-02, 4.984500000000000000e+04
1.015194492858629248e-02, 5.141800000000000000e+04
1.015990099827954185e-02, 5.259500000000000000e+04
1.016785706797279122e-02, 5.336900000000000000e+04
1.017581313766604059e-02, 5.372200000000000000e+04
1.018376920735928996e-02, 5.362200000000000000e+04
1.019172527705254107e-02, 5.305400000000000000e+04
1.019968134674579044e-02, 5.205100000000000000e+04
1.020763741643903981e-02, 5.063600000000000000e+04
1.021559348613228918e-02, 4.883100000000000000e+04
1.022354955582553855e-02, 4.671800000000000000e+04
1.023150562551878792e-02, 4.430900000000000000e+04
1.023946169521203729e-02, 4.164900000000000000e+04
1.024741776490528666e-02, 3.880900000000000000e+04
1.025537383459853603e-02, 3.583500000000000000e+04
1.026332990429178540e-02, 3.277200000000000000e+04
1.027128597398503478e-02, 2.969400000000000000e+04
1.027924204367828415e-02, 2.670000000000000000e+04
1.028719811337153352e-02, 2.383900000000000000e+04
1.029515418306478289e-02, 2.116000000000000000e+04
1.030311025275803226e-02, 1.872600000000000000e+04
1.031106632245128163e-02, 1.658300000000000000e+04
1.031902239214453100e-02, 1.477800000000000000e+04
1.032697846183778037e-02, 1.339600000000000000e+04
1.033493453153102974e-02, 1.245300000000000000e+04
1.034289060122427911e-02, 1.195700000000000000e+04
1.035084667091752848e-02, 1.188400000000000000e+04
1.035880274061077785e-02, 1.222500000000000000e+04
1.036675881030402722e-02, 1.301700000000000000e+04
1.037471487999727833e-02, 1.425100000000000000e+04
1.038267094969052770e-02, 1.589600000000000000e+04
1.039062701938377707e-02, 1.788700000000000000e+04
1.039858308907702644e-02, 2.017400000000000000e+04
1.040653915877027581e-02, 2.274200000000000000e+04
1.041449522846352518e-02, 2.550700000000000000e+04
1.042245129815677455e-02, 2.837900000000000000e+04
1.043040736785002393e-02, 3.134400000000000000e+04
1.043836343754327330e-02, 3.438100000000000000e+04
1.044631950723652267e-02, 3.737400000000000000e+04
1.045427557692977204e-02, 4.025000000000000000e+04
1.046223164662302141e-02, 4.301100000000000000e+04
1.047018771631627078e-02, 4.558700000000000000e+04
1.047814378600952015e-02, 4.788100000000000000e+04
1.048609985570276952e-02, 4.983500000000000000e+04
1.049405592539601889e-02, 5.141800000000000000e+04
1.050201199508926826e-02, 5.259200000000000000e+04
1.050996806478251763e-02, 5.335000000000000000e+04
1.051792413447576700e-02, 5.367500000000000000e+04
1.052588020416901637e-02, 5.354100000000000000e+04
1.053383627386226574e-02, 5.293700000000000000e+04
1.054179234355551512e-02, 5.190400000000000000e+04
1.054974841324876449e-02, 5.047700000000000000e+04
1.055770448294201559e-02, 4.867900000000000000e+04
1.056566055263526496e-02, 4.656200000000000000e+04
1.057361662232851433e-02, 4.412000000000000000e+04
1.058157269202176370e-02, 4.141800000000000000e+04
1.058952876171501307e-02, 3.853800000000000000e+04
1.059748483140826245e-02, 3.553300000000000000e+04
1.060544090110151182e-02, 3.244900000000000000e+04
1.061339697079476119e-02, 2.936200000000000000e+04
1.062135304048801056e-02, 2.636700000000000000e+04
1.062930911018125993e-02, 2.351900000000000000e+04
1.063726517987450930e-02, 2.087000000000000000e+04
1.064522124956775867e-02, 1.847500000000000000e+04
1.065317731926100804e-02, 1.637500000000000000e+04
1.066113338895425741e-02, 1.461800000000000000e+04
1.066908945864750678e-02, 1.328400000000000000e+04
1.067704552834075615e-02, 1.238000000000000000e+04
1.068500159803400552e-02, 1.191300000000000000e+04
1.069295766772725489e-02, 1.186500000000000000e+04
1.070091373742050427e-02, 1.224900000000000000e+04
1.070886980711375364e-02, 1.309400000000000000e+04
1.071682587680700301e-02, 1.438100000000000000e+04
1.072478194650025238e-02, 1.607400000000000000e+04
1.073273801619350175e-02, 1.810300000000000000e+04
1.074069408588675112e-02, 2.043300000000000000e+04
1.074865015558000222e-02, 2.304600000000000000e+04
1.075660622527325160e-02, 2.585400000000000000e+04
1.076456229496650097e-02, 2.878200000000000000e+04
1.077251836465975034e-02, 3.180700000000000000e+04
1.078047443435299971e-02, 3.488000000000000000e+04
1.078843050404624908e-02, 3.787700000000000000e+04
1.079638657373949845e-02, 4.073800000000000000e+04
1.080434264343274782e-02, 4.344300000000000000e+04
1.081229871312599719e-02, 4.591800000000000000e+04
1.082025478281924656e-02, 4.809500000000000000e+04
1.082821085251249593e-02, 4.993800000000000000e+04
1.083616692220574530e-02, 5.142900000000000000e+04
1.084412299189899467e-02, 5.253200000000000000e+04
1.085207906159224404e-02, 5.324200000000000000e+04
1.086003513128549341e-02, 5.353000000000000000e+04
1.086799120097874279e-02, 5.337300000000000000e+04
1.087594727067199216e-02, 5.276700000000000000e+04
1.088390334036524153e-02, 5.174000000000000000e+04
1.089185941005849090e-02, 5.029900000000000000e+04
1.089981547975174027e-02, 4.847300000000000000e+04
1.090777154944498964e-02, 4.632000000000000000e+04
1.091572761913823901e-02, 4.384200000000000000e+04
1.092368368883148838e-02, 4.111600000000000000e+04
1.093163975852473949e-02, 3.821500000000000000e+04
1.093959582821798886e-02, 3.518800000000000000e+04
1.094755189791123823e-02, 3.209300000000000000e+04
1.095550796760448760e-02, 2.901700000000000000e+04
1.096346403729773697e-02, 2.604800000000000000e+04
1.097142010699098634e-02, 2.323300000000000000e+04
1.097937617668423571e-02, 2.062000000000000000e+04
1.098733224637748508e-02, 1.826200000000000000e+04
1.099528831607073445e-02, 1.619400000000000000e+04
1.100324438576398382e-02, 1.446700000000000000e+04
1.101120045545723319e-02, 1.316300000000000000e+04
1.101915652515048256e-02, 1.229700000000000000e+04
1.102711259484373194e-02, 1.187700000000000000e+04
1.103506866453698131e-02, 1.187800000000000000e+04
1.104302473423023068e-02, 1.231300000000000000e+04
1.105098080392348005e-02, 1.320800000000000000e+04
1.105893687361672942e-02, 1.452900000000000000e+04
1.106689294330997879e-02, 1.622900000000000000e+04
1.107484901300322816e-02, 1.825000000000000000e+04
1.108280508269647753e-02, 2.056000000000000000e+04
1.109076115238972690e-02, 2.314800000000000000e+04
1.109871722208297627e-02, 2.593400000000000000e+04
1.110667329177622564e-02, 2.885500000000000000e+04
1.111462936146947675e-02, 3.188900000000000000e+04
1.112258543116272612e-02, 3.496100000000000000e+04
1.113054150085597549e-02, 3.792500000000000000e+04
1.113849757054922486e-02, 4.074200000000000000e+04
1.114645364024247423e-02, 4.343200000000000000e+04
1.115440970993572360e-02, 4.593100000000000000e+04
1.116236577962897297e-02, 4.814700000000000000e+04
1.117032184932222234e-02, 5.002500000000000000e+04
1.117827791901547171e-02, 5.153300000000000000e+04
1.118623398870872108e-02, 5.263800000000000000e+04
1.119419005840197046e-02, 5.334300000000000000e+04
1.120214612809521983e-02, 5.361700000000000000e+04
1.121010219778846920e-02, 5.342900000000000000e+04
1.121805826748171857e-02, 5.277300000000000000e+04
1.122601433717496794e-02, 5.168700000000000000e+04
1.123397040686821731e-02, 5.018200000000000000e+04
1.124192647656146668e-02, 4.830400000000000000e+04
1.124988254625471605e-02, 4.610400000000000000e+04
1.125783861594796542e-02, 4.357500000000000000e+04
1.126579468564121479e-02, 4.080300000000000000e+04
1.127375075533446416e-02, 3.787700000000000000e+04
1.128170682502771353e-02, 3.484800000000000000e+04
1.128966289472096290e-02, 3.176800000000000000e+04
1.129761896441421401e-02, 2.871700000000000000e+04
1.130557503410746338e-02, 2.577600000000000000e+04
1.131353110380071275e-02, 2.298800000000000000e+04
1.132148717349396212e-02, 2.039800000000000000e+04
1.132944324318721149e-02, 1.806000000000000000e+04
1.133739931288046086e-02, 1.601700000000000000e+04
1.134535538257371023e-02, 1.432900000000000000e+04
1.135331145226695961e-02, 1.306900000000000000e+04
1.136126752196020898e-02, 1.224800000000000000e+04
1.136922359165345835e-02, 1.187100000000000000e+04
1.137717966134670772e-02, 1.191200000000000000e+04
1.138513573103995709e-02, 1.237800000000000000e+04
1.139309180073320646e-02, 1.328900000000000000e+04
1.140104787042645583e-02, 1.462900000000000000e+04
1.140900394011970520e-02, 1.636300000000000000e+04
1.141696000981295457e-02, 1.842800000000000000e+04
1.142491607950620394e-02, 2.078400000000000000e+04
1.143287214919945331e-02, 2.341100000000000000e+04
1.144082821889270268e-02, 2.622300000000000000e+04
1.144878428858595205e-02, 2.916700000000000000e+04
1.145674035827920142e-02, 3.222400000000000000e+04
1.146469642797245080e-02, 3.531800000000000000e+04
1.147265249766570017e-02, 3.831800000000000000e+04
1.148060856735895127e-02, 4.117900000000000000e+04
1.148856463705220064e-02, 4.389400000000000000e+04
1.149652070674545001e-02, 4.638600000000000000e+04
1.150447677643869938e-02, 4.857000000000000000e+04
1.151243284613194875e-02, 5.040100000000000000e+04
1.152038891582519813e-02, 5.185600000000000000e+04
1.152834498551844750e-02, 5.290300000000000000e+04
1.153630105521169687e-02, 5.353900000000000000e+04
1.154425712490494624e-02, 5.373800000000000000e+04
1.155221319459819561e-02, 5.347400000000000000e+04
1.156016926429144498e-02, 5.274800000000000000e+04
1.156812533398469435e-02, 5.160200000000000000e+04
1.157608140367794372e-02, 5.005200000000000000e+04
1.158403747337119309e-02, 4.816000000000000000e+04
1.159199354306444246e-02, 4.596400000000000000e+04
1.159994961275769183e-02, 4.345700000000000000e+04
1.160790568245094120e-02, 4.071300000000000000e+04
1.161586175214419057e-02, 3.780600000000000000e+04
1.162381782183743995e-02, 3.478100000000000000e+04
1.163177389153068932e-02, 3.169200000000000000e+04
1.163972996122393869e-02, 2.862900000000000000e+04
1.164768603091718806e-02, 2.567000000000000000e+04
1.165564210061043743e-02, 2.286300000000000000e+04
1.166359817030368853e-02, 2.026500000000000000e+04
1.167155423999693790e-02, 1.793200000000000000e+04
1.167951030969018728e-02, 1.590500000000000000e+04
1.168746637938343665e-02, 1.424400000000000000e+04
1.169542244907668602e-02, 1.301600000000000000e+04
1.170337851876993539e-02, 1.222800000000000000e+04
1.171133458846318476e-02, 1.187400000000000000e+04
1.171929065815643413e-02, 1.193000000000000000e+04
1.172724672784968350e-02, 1.242300000000000000e+04
1.173520279754293287e-02, 1.337600000000000000e+04
1.174315886723618224e-02, 1.476500000000000000e+04
1.175111493692943161e-02, 1.654400000000000000e+04
1.175907100662268098e-02, 1.864700000000000000e+04
1.176702707631593035e-02, 2.103300000000000000e+04
1.177498314600917972e-02, 2.365500000000000000e+04
1.178293921570242909e-02, 2.643400000000000000e+04
1.179089528539567847e-02, 2.933400000000000000e+04
1.179885135508892784e-02, 3.234900000000000000e+04
1.180680742478217721e-02, 3.540700000000000000e+04
1.181476349447542658e-02, 3.838100000000000000e+04
1.182271956416867595e-02, 4.123500000000000000e+04
1.183067563386192532e-02, 4.395300000000000000e+04
1.183863170355517469e-02, 4.645200000000000000e+04
1.184658777324842580e-02, 4.863900000000000000e+04
1.185454384294167517e-02, 5.046600000000000000e+04
1.186249991263492454e-02, 5.190300000000000000e+04
1.187045598232817391e-02, 5.292300000000000000e+04
1.187841205202142328e-02, 5.352700000000000000e+04
1.188636812171467265e-02, 5.369100000000000000e+04
1.189432419140792202e-02, 5.339000000000000000e+04
1.190228026110117139e-02, 5.264400000000000000e+04
1.191023633079442076e-02, 5.149400000000000000e+04
1.191819240048767013e-02, 4.993400000000000000e+04
1.192614847018091950e-02, 4.801400000000000000e+04
1.193410453987416887e-02, 4.577100000000000000e+04
1.194206060956741824e-02, 4.321500000000000000e+04
1.195001667926066762e-02, 4.043400000000000000e+04
1.195797274895391699e-02, 3.750000000000000000e+04
1.196592881864716636e-02, 3.445300000000000000e+04
1.197388488834041573e-02, 3.134800000000000000e+04
1.198184095803366510e-02, 2.828400000000000000e+04
1.198979702772691447e-02, 2.534100000000000000e+04
1.199775309742016384e-02, 2.256400000000000000e+04
1.200570916711341321e-02, 2.000400000000000000e+04
1.201366523680666258e-02, 1.771300000000000000e+04
1.202162130649991195e-02, 1.572800000000000000e+04
1.202957737619316306e-02, 1.413600000000000000e+04
1.203753344588641243e-02, 1.300300000000000000e+04
1.204548951557966180e-02, 1.231100000000000000e+04
1.205344558527291117e-02, 1.204200000000000000e+04
1.206140165496616054e-02, 1.216900000000000000e+04
1.206935772465940991e-02, 1.271800000000000000e+04
1.207731379435265928e-02, 1.370800000000000000e+04
1.208526986404590865e-02, 1.511700000000000000e+04
1.209322593373915802e-02, 1.689000000000000000e+04
1.210118200343240739e-02, 1.895800000000000000e+04
1.210913807312565676e-02, 2.130600000000000000e+04
1.211709414281890614e-02, 2.391800000000000000e+04
1.212505021251215551e-02, 2.671200000000000000e+04
1.213300628220540488e-02, 2.963900000000000000e+04
1.214096235189865425e-02, 3.268000000000000000e+04
1.214891842159190362e-02, 3.574700000000000000e+04
1.215687449128515299e-02, 3.871800000000000000e+04
1.216483056097840236e-02, 4.156700000000000000e+04
1.217278663067165173e-02, 4.426800000000000000e+04
1.218074270036490110e-02, 4.673300000000000000e+04
1.218869877005815047e-02, 4.887500000000000000e+04
1.219665483975139984e-02, 5.065400000000000000e+04
1.220461090944464921e-02, 5.204000000000000000e+04
1.221256697913790032e-02, 5.301200000000000000e+04
1.222052304883114969e-02, 5.357500000000000000e+04
1.222847911852439906e-02, 5.370900000000000000e+04
1.223643518821764843e-02, 5.338200000000000000e+04
1.224439125791089780e-02, 5.259800000000000000e+04
1.225234732760414717e-02, 5.139800000000000000e+04
1.226030339729739654e-02, 4.978400000000000000e+04
1.226825946699064591e-02, 4.781800000000000000e+04
1.227621553668389529e-02, 4.553200000000000000e+04
1.228417160637714466e-02, 4.295200000000000000e+04
1.229212767607039403e-02, 4.018700000000000000e+04
1.230008374576364340e-02, 3.729100000000000000e+04
1.230803981545689277e-02, 3.429100000000000000e+04
1.231599588515014214e-02, 3.123000000000000000e+04
1.232395195484339151e-02, 2.820200000000000000e+04
1.233190802453664088e-02, 2.528100000000000000e+04
1.233986409422989025e-02, 2.251300000000000000e+04
1.234782016392313962e-02, 1.995700000000000000e+04
1.235577623361638899e-02, 1.766200000000000000e+04
1.236373230330963836e-02, 1.567200000000000000e+04
1.237168837300288773e-02, 1.406100000000000000e+04
1.237964444269613710e-02, 1.288700000000000000e+04
1.238760051238938648e-02, 1.216000000000000000e+04
1.239555658208263758e-02, 1.187500000000000000e+04
1.240351265177588695e-02, 1.201100000000000000e+04
1.241146872146913632e-02, 1.259100000000000000e+04
1.241942479116238569e-02, 1.361100000000000000e+04
1.242738086085563506e-02, 1.504800000000000000e+04
1.243533693054888443e-02, 1.686400000000000000e+04
1.244329300024213381e-02, 1.899500000000000000e+04
1.245124906993538318e-02, 2.141800000000000000e+04
1.245920513962863255e-02, 2.409600000000000000e+04
1.246716120932188192e-02, 2.694000000000000000e+04
1.247511727901513129e-02, 2.989800000000000000e+04
1.248307334870838066e-02, 3.292700000000000000e+04
1.249102941840163003e-02, 3.594400000000000000e+04
1.249898548809487940e-02, 3.885300000000000000e+04
1.250694155778812877e-02, 4.164800000000000000e+04
1.251489762748137814e-02, 4.430700000000000000e+04
1.252285369717462751e-02, 4.674000000000000000e+04
1.253080976686787688e-02, 4.885900000000000000e+04
1.253876583656112625e-02, 5.062300000000000000e+04
1.254672190625437563e-02, 5.200500000000000000e+04
1.255467797594762500e-02, 5.297700000000000000e+04
1.256263404564087437e-02, 5.353400000000000000e+04
1.257059011533412374e-02, 5.364500000000000000e+04
1.257854618502737484e-02, 5.328300000000000000e+04
1.258650225472062421e-02, 5.246200000000000000e+04
1.259445832441387358e-02, 5.122600000000000000e+04
1.260241439410712296e-02, 4.957900000000000000e+04
1.261037046380037233e-02, 4.760500000000000000e+04
1.261832653349362170e-02, 4.533300000000000000e+04
1.262628260318687107e-02, 4.276700000000000000e+04
1.263423867288012044e-02, 3.998800000000000000e+04
1.264219474257336981e-02, 3.705700000000000000e+04
1.265015081226661918e-02, 3.401800000000000000e+04
1.265810688195986855e-02, 3.092800000000000000e+04
1.266606295165311792e-02, 2.788900000000000000e+04
1.267401902134636729e-02, 2.496800000000000000e+04
1.268197509103961666e-02, 2.220900000000000000e+04
1.268993116073286603e-02, 1.967000000000000000e+04
1.269788723042611540e-02, 1.740600000000000000e+04
1.270584330011936477e-02, 1.545800000000000000e+04
1.271379936981261415e-02, 1.389900000000000000e+04
1.272175543950586352e-02, 1.277800000000000000e+04
1.272971150919911289e-02, 1.210200000000000000e+04
1.273766757889236226e-02, 1.185500000000000000e+04
1.274562364858561163e-02, 1.201600000000000000e+04
1.275357971827886100e-02, 1.262300000000000000e+04
1.276153578797211210e-02, 1.368500000000000000e+04
1.276949185766536148e-02, 1.517400000000000000e+04
1.277744792735861085e-02, 1.704000000000000000e+04
1.278540399705186022e-02, 1.921400000000000000e+04
1.279336006674510959e-02, 2.167400000000000000e+04
1.280131613643835896e-02, 2.438200000000000000e+04
1.280927220613160833e-02, 2.725600000000000000e+04
1.281722827582485770e-02, 3.024600000000000000e+04
1.282518434551810707e-02, 3.332400000000000000e+04
1.283314041521135644e-02, 3.638900000000000000e+04
1.284109648490460581e-02, 3.932700000000000000e+04
1.284905255459785518e-02, 4.213400000000000000e+04
1.285700862429110455e-02, 4.477700000000000000e+04
1.286496469398435392e-02, 4.715800000000000000e+04
1.287292076367760330e-02, 4.917600000000000000e+04
1.288087683337085267e-02, 5.081900000000000000e+04
1.288883290306410204e-02, 5.207800000000000000e+04
1.289678897275735141e-02, 5.294700000000000000e+04
1.290474504245060078e-02, 5.342300000000000000e+04
1.291270111214385015e-02, 5.347300000000000000e+04
1.292065718183709952e-02, 5.306800000000000000e+04
1.292861325153034889e-02, 5.222400000000000000e+04
1.293656932122359826e-02, 5.099100000000000000e+04
1.294452539091684763e-02, 4.936100000000000000e+04
1.295248146061009874e-02, 4.739100000000000000e+04
1.296043753030334811e-02, 4.509300000000000000e+04
1.296839359999659748e-02, 4.249400000000000000e+04
1.297634966968984685e-02, 3.968600000000000000e+04
1.298430573938309622e-02, 3.673300000000000000e+04
1.299226180907634559e-02, 3.368800000000000000e+04
1.300021787876959496e-02, 3.063600000000000000e+04
1.300817394846284433e-02, 2.766400000000000000e+04
1.301613001815609370e-02, 2.481600000000000000e+04
1.302408608784934307e-02, 2.212300000000000000e+04
1.303204215754259244e-02, 1.963700000000000000e+04
1.303999822723584182e-02, 1.741000000000000000e+04
1.304795429692909119e-02, 1.548600000000000000e+04
1.305591036662234056e-02, 1.394900000000000000e+04
1.306386643631558993e-02, 1.283600000000000000e+04
1.307182250600883930e-02, 1.216200000000000000e+04
1.307977857570208867e-02, 1.192200000000000000e+04
1.308773464539533804e-02, 1.210700000000000000e+04
1.309569071508858741e-02, 1.274900000000000000e+04
1.310364678478183678e-02, 1.385000000000000000e+04
1.311160285447508615e-02, 1.537300000000000000e+04
1.311955892416833552e-02, 1.726900000000000000e+04
1.312751499386158489e-02, 1.948100000000000000e+04
1.313547106355483600e-02, 2.198600000000000000e+04
1.314342713324808537e-02, 2.472300000000000000e+04
1.315138320294133474e-02, 2.759800000000000000e+04
1.315933927263458411e-02, 3.057700000000000000e+04
1.316729534232783348e-02, 3.363600000000000000e+04
1.317525141202108285e-02, 3.667400000000000000e+04
1.318320748171433222e-02, 3.958400000000000000e+04
1.319116355140758159e-02, 4.237500000000000000e+04
1.319911962110083097e-02, 4.500400000000000000e+04
1.320707569079408034e-02, 4.737700000000000000e+04
1.321503176048732971e-02, 4.941500000000000000e+04
1.322298783018057908e-02, 5.108600000000000000e+04
1.323094389987382845e-02, 5.236000000000000000e+04
1.323889996956707782e-02, 5.322000000000000000e+04
1.324685603926032719e-02, 5.366300000000000000e+04
1.325481210895357656e-02, 5.367200000000000000e+04
1.326276817864682593e-02, 5.322400000000000000e+04
1.327072424834007530e-02, 5.233500000000000000e+04
1.327868031803332467e-02, 5.103400000000000000e+04
1.328663638772657404e-02, 4.932800000000000000e+04
1.329459245741982341e-02, 4.728500000000000000e+04
1.330254852711307278e-02, 4.491800000000000000e+04
1.331050459680632216e-02, 4.226900000000000000e+04
1.331846066649957326e-02, 3.941900000000000000e+04
1.332641673619282263e-02, 3.642900000000000000e+04
1.333437280588607200e-02, 3.335100000000000000e+04
1.334232887557932137e-02, 3.025300000000000000e+04
1.335028494527257074e-02, 2.723500000000000000e+04
1.335824101496582011e-02, 2.435500000000000000e+04
1.336619708465906949e-02, 2.165500000000000000e+04
1.337415315435231886e-02, 1.918800000000000000e+04
1.338210922404556823e-02, 1.700000000000000000e+04
1.339006529373881760e-02, 1.512300000000000000e+04
1.339802136343206697e-02, 1.364300000000000000e+04
1.340597743312531634e-02, 1.259700000000000000e+04
1.341393350281856571e-02, 1.199700000000000000e+04
1.342188957251181508e-02, 1.182800000000000000e+04
1.342984564220506445e-02, 1.208200000000000000e+04
1.343780171189831382e-02, 1.279100000000000000e+04
1.344575778159156319e-02, 1.394100000000000000e+04
1.345371385128481256e-02, 1.548800000000000000e+04
1.346166992097806193e-02, 1.738600000000000000e+04
1.346962599067131131e-02, 1.958100000000000000e+04
1.347758206036456068e-02, 2.206400000000000000e+04
1.348553813005781005e-02, 2.478400000000000000e+04
1.349349419975105942e-02, 2.765600000000000000e+04
1.350145026944431052e-02, 3.064700000000000000e+04
1.350940633913755989e-02, 3.372900000000000000e+04
1.351736240883080926e-02, 3.679300000000000000e+04
1.352531847852405864e-02, 3.972800000000000000e+04
1.353327454821730801e-02, 4.253400000000000000e+04
1.354123061791055738e-02, 4.516200000000000000e+04
1.354918668760380675e-02, 4.751800000000000000e+04
1.355714275729705612e-02, 4.953200000000000000e+04
1.356509882699030549e-02, 5.117500000000000000e+04
1.357305489668355486e-02, 5.240600000000000000e+04
1.358101096637680423e-02, 5.319400000000000000e+04
1.358896703607005360e-02, 5.355200000000000000e+04
1.359692310576330297e-02, 5.347400000000000000e+04
1.360487917545655234e-02, 5.294800000000000000e+04
1.361283524514980171e-02, 5.200200000000000000e+04
1.362079131484305108e-02, 5.066300000000000000e+04
1.362874738453630045e-02, 4.893700000000000000e+04
1.363670345422954983e-02, 4.688200000000000000e+04
1.364465952392279920e-02, 4.449600000000000000e+04
1.365261559361604857e-02, 4.183100000000000000e+04
1.366057166330929794e-02, 3.898400000000000000e+04
1.366852773300254731e-02, 3.601700000000000000e+04
1.367648380269579668e-02, 3.297200000000000000e+04
1.368443987238904778e-02, 2.991300000000000000e+04
1.369239594208229716e-02, 2.693400000000000000e+04
1.370035201177554653e-02, 2.408400000000000000e+04
1.370830808146879590e-02, 2.140900000000000000e+04
1.371626415116204527e-02, 1.896400000000000000e+04
1.372422022085529464e-02, 1.680100000000000000e+04
1.373217629054854401e-02, 1.496100000000000000e+04
1.374013236024179338e-02, 1.352900000000000000e+04
1.374808842993504275e-02, 1.253000000000000000e+04
1.375604449962829212e-02, 1.197600000000000000e+04
1.376400056932154149e-02, 1.184700000000000000e+04
1.377195663901479086e-02, 1.212800000000000000e+04
1.377991270870804023e-02, 1.285300000000000000e+04
1.378786877840128960e-02, 1.402300000000000000e+04
1.379582484809453898e-02, 1.560800000000000000e+04
1.380378091778778835e-02, 1.755200000000000000e+04
1.381173698748103772e-02, 1.979500000000000000e+04
1.381969305717428709e-02, 2.232300000000000000e+04
1.382764912686753646e-02, 2.507200000000000000e+04
1.383560519656078583e-02, 2.797000000000000000e+04
1.384356126625403520e-02, 3.098600000000000000e+04
1.385151733594728457e-02, 3.408000000000000000e+04
1.385947340564053394e-02, 3.712800000000000000e+04
1.386742947533378505e-02, 4.003700000000000000e+04
1.387538554502703442e-02, 4.281400000000000000e+04
1.388334161472028379e-02, 4.540700000000000000e+04
1.389129768441353316e-02, 4.772400000000000000e+04
1.389925375410678253e-02, 4.970500000000000000e+04
1.390720982380003190e-02, 5.131900000000000000e+04
1.391516589349328127e-02, 5.253300000000000000e+04
1.392312196318653064e-02, 5.333400000000000000e+04
1.393107803287978001e-02, 5.371000000000000000e+04
1.393903410257302938e-02, 5.363600000000000000e+04
1.394699017226627875e-02, 5.309200000000000000e+04
1.395494624195952812e-02, 5.211200000000000000e+04
1.396290231165277750e-02, 5.073600000000000000e+04
1.397085838134602687e-02, 4.898400000000000000e+04
1.397881445103927624e-02, 4.691500000000000000e+04
1.398677052073252561e-02, 4.452300000000000000e+04
1.399472659042577498e-02, 4.185700000000000000e+04
1.400268266011902435e-02, 3.900100000000000000e+04
1.401063872981227372e-02, 3.601400000000000000e+04
1.401859479950552309e-02, 3.294000000000000000e+04
1.402655086919877246e-02, 2.985000000000000000e+04
1.403450693889202183e-02, 2.683800000000000000e+04
1.404246300858527120e-02, 2.396300000000000000e+04
1.405041907827852231e-02, 2.127600000000000000e+04
1.405837514797177168e-02, 1.883500000000000000e+04
1.406633121766502105e-02, 1.668300000000000000e+04
1.407428728735827042e-02, 1.486400000000000000e+04
1.408224335705151979e-02, 1.346200000000000000e+04
1.409019942674476916e-02, 1.248900000000000000e+04
1.409815549643801853e-02, 1.195500000000000000e+04
1.410611156613126790e-02, 1.184300000000000000e+04
1.411406763582451727e-02, 1.215600000000000000e+04
1.412202370551776665e-02, 1.292900000000000000e+04
1.412997977521101602e-02, 1.415100000000000000e+04
1.413793584490426539e-02, 1.578400000000000000e+04
1.414589191459751476e-02, 1.776500000000000000e+04
1.415384798429076413e-02, 2.002800000000000000e+04
1.416180405398401350e-02, 2.254500000000000000e+04
1.416976012367726287e-02, 2.526300000000000000e+04
1.417771619337051224e-02, 2.812200000000000000e+04
1.418567226306376161e-02, 3.110300000000000000e+04
1.419362833275701098e-02, 3.417100000000000000e+04
1.420158440245026035e-02, 3.720000000000000000e+04
1.420954047214350972e-02, 4.010400000000000000e+04
1.421749654183675909e-02, 4.288500000000000000e+04
1.422545261153000846e-02, 4.548600000000000000e+04
1.423340868122325957e-02, 4.780800000000000000e+04
1.424136475091650894e-02, 4.978200000000000000e+04
1.424932082060975831e-02, 5.137900000000000000e+04
1.425727689030300768e-02, 5.256700000000000000e+04
1.426523295999625705e-02, 5.334000000000000000e+04
1.427318902968950642e-02, 5.368300000000000000e+04
1.428114509938275579e-02, 5.357600000000000000e+04
1.428910116907600517e-02, 5.301500000000000000e+04
1.429705723876925454e-02, 5.202800000000000000e+04
1.430501330846250391e-02, 5.063100000000000000e+04
1.431296937815575328e-02, 4.884100000000000000e+04
1.432092544784900265e-02, 4.672500000000000000e+04
1.432888151754225202e-02, 4.428300000000000000e+04
1.433683758723550139e-02, 4.158000000000000000e+04
1.434479365692875076e-02, 3.870800000000000000e+04
1.435274972662200013e-02, 3.574300000000000000e+04
1.436070579631524950e-02, 3.271700000000000000e+04
1.436866186600849887e-02, 2.968500000000000000e+04
1.437661793570174824e-02, 2.672800000000000000e+04
1.438457400539499761e-02, 2.389500000000000000e+04
1.439253007508824699e-02, 2.123800000000000000e+04
1.440048614478149636e-02, 1.881400000000000000e+04
1.440844221447474573e-02, 1.667400000000000000e+04
1.441639828416799683e-02, 1.486100000000000000e+04
1.442435435386124620e-02, 1.346300000000000000e+04
1.443231042355449557e-02, 1.250000000000000000e+04
1.444026649324774494e-02, 1.198700000000000000e+04
1.444822256294099432e-02, 1.190300000000000000e+04
1.445617863263424369e-02, 1.225200000000000000e+04
1.446413470232749306e-02, 1.306400000000000000e+04
1.447209077202074243e-02, 1.432000000000000000e+04
1.448004684171399180e-02, 1.596700000000000000e+04
1.448800291140724117e-02, 1.793900000000000000e+04
1.449595898110049054e-02, 2.019700000000000000e+04
1.450391505079373991e-02, 2.273800000000000000e+04
1.451187112048698928e-02, 2.549100000000000000e+04
1.451982719018023865e-02, 2.838900000000000000e+04
1.452778325987348802e-02, 3.140300000000000000e+04
1.453573932956673739e-02, 3.448800000000000000e+04
1.454369539925998676e-02, 3.752200000000000000e+04
1.455165146895323613e-02, 4.042600000000000000e+04
1.455960753864648551e-02, 4.319700000000000000e+04
1.456756360833973488e-02, 4.577100000000000000e+04
1.457551967803298425e-02, 4.804900000000000000e+04
1.458347574772623362e-02, 4.997600000000000000e+04
1.459143181741948299e-02, 5.152500000000000000e+04
1.459938788711273409e-02, 5.266400000000000000e+04
1.460734395680598346e-02, 5.339800000000000000e+04
1.461530002649923284e-02, 5.371200000000000000e+04
1.462325609619248221e-02, 5.357500000000000000e+04
1.463121216588573158e-02, 5.297200000000000000e+04
1.463916823557898095e-02, 5.193600000000000000e+04
1.464712430527223032e-02, 5.048600000000000000e+04
1.465508037496547969e-02, 4.865100000000000000e+04
1.466303644465872906e-02, 4.649600000000000000e+04
1.467099251435197843e-02, 4.403900000000000000e+04
1.467894858404522780e-02, 4.135600000000000000e+04
1.468690465373847717e-02, 3.851000000000000000e+04
1.469486072343172654e-02, 3.554000000000000000e+04
1.470281679312497591e-02, 3.248500000000000000e+04
1.471077286281822528e-02, 2.942100000000000000e+04
1.471872893251147466e-02, 2.644300000000000000e+04
1.472668500220472403e-02, 2.360300000000000000e+04
1.473464107189797340e-02, 2.094900000000000000e+04
1.474259714159122277e-02, 1.853800000000000000e+04
1.475055321128447214e-02, 1.642000000000000000e+04
1.475850928097772151e-02, 1.464600000000000000e+04
1.476646535067097088e-02, 1.329900000000000000e+04
1.477442142036422025e-02, 1.239300000000000000e+04
1.478237749005747136e-02, 1.193600000000000000e+04
1.479033355975072073e-02, 1.190300000000000000e+04
1.479828962944397010e-02, 1.229400000000000000e+04
1.480624569913721947e-02, 1.313000000000000000e+04
1.481420176883046884e-02, 1.440100000000000000e+04
1.482215783852371821e-02, 1.607500000000000000e+04
1.483011390821696758e-02, 1.809000000000000000e+04
1.483806997791021695e-02, 2.040000000000000000e+04
1.484602604760346632e-02, 2.298800000000000000e+04
1.485398211729671569e-02, 2.577600000000000000e+04
1.486193818698996506e-02, 2.870000000000000000e+04
1.486989425668321443e-02, 3.174100000000000000e+04
1.487785032637646380e-02, 3.483800000000000000e+04
1.488580639606971318e-02, 3.786000000000000000e+04
1.489376246576296255e-02, 4.074100000000000000e+04
1.490171853545621192e-02, 4.348200000000000000e+04
1.490967460514946129e-02, 4.601600000000000000e+04
1.491763067484271066e-02, 4.825200000000000000e+04
1.492558674453596003e-02, 5.013900000000000000e+04
1.493354281422920940e-02, 5.165600000000000000e+04
1.494149888392245877e-02, 5.276600000000000000e+04
1.494945495361570814e-02, 5.346800000000000000e+04
1.495741102330895751e-02, 5.373600000000000000e+04
1.496536709300220862e-02, 5.354600000000000000e+04
1.497332316269545799e-02, 5.289000000000000000e+04
1.498127923238870736e-02, 5.180800000000000000e+04
1.498923530208195673e-02, 5.031900000000000000e+04
1.499719137177520610e-02, 4.847500000000000000e+04
1.500514744146845547e-02, 4.632800000000000000e+04
1.501310351116170484e-02, 4.386600000000000000e+04
1.502105958085495421e-02, 4.115500000000000000e+04
1.502901565054820358e-02, 3.826900000000000000e+04
1.503697172024145295e-02, 3.526000000000000000e+04
1.504492778993470233e-02, 3.217600000000000000e+04
1.505288385962795170e-02, 2.910300000000000000e+04
1.506083992932120107e-02, 2.612400000000000000e+04
1.506879599901445044e-02, 2.329000000000000000e+04
1.507675206870769981e-02, 2.065500000000000000e+04
1.508470813840094918e-02, 1.827800000000000000e+04
1.509266420809419855e-02, 1.620000000000000000e+04
1.510062027778744792e-02, 1.447500000000000000e+04
1.510857634748069729e-02, 1.317900000000000000e+04
1.511653241717394666e-02, 1.232200000000000000e+04
1.512448848686719603e-02, 1.190200000000000000e+04
1.513244455656044540e-02, 1.189400000000000000e+04
1.514040062625369477e-02, 1.231500000000000000e+04
1.514835669594694588e-02, 1.319800000000000000e+04
1.515631276564019525e-02, 1.452000000000000000e+04
1.516426883533344462e-02, 1.624400000000000000e+04
1.517222490502669399e-02, 1.830000000000000000e+04
1.518018097471994336e-02, 2.064300000000000000e+04
1.518813704441319273e-02, 2.323300000000000000e+04
1.519609311410644210e-02, 2.599100000000000000e+04
1.520404918379969147e-02, 2.887300000000000000e+04
1.521200525349294085e-02, 3.187200000000000000e+04
1.521996132318619022e-02, 3.493200000000000000e+04
1.522791739287943959e-02, 3.792600000000000000e+04
1.523587346257268896e-02, 4.079700000000000000e+04
1.524382953226593833e-02, 4.354000000000000000e+04
1.525178560195918770e-02, 4.608000000000000000e+04
1.525974167165243707e-02, 4.832100000000000000e+04
1.526769774134568644e-02, 5.020500000000000000e+04
1.527565381103893581e-02, 5.170600000000000000e+04
1.528360988073218518e-02, 5.279100000000000000e+04
1.529156595042543455e-02, 5.346100000000000000e+04
1.529952202011868392e-02, 5.369500000000000000e+04
1.530747808981193329e-02, 5.346700000000000000e+04
1.531543415950518267e-02, 5.278800000000000000e+04
1.532339022919843204e-02, 5.170000000000000000e+04
1.533134629889168141e-02, 5.020400000000000000e+04
1.533930236858493251e-02, 4.833500000000000000e+04
1.534725843827818188e-02, 4.614400000000000000e+04
1.535521450797143125e-02, 4.363200000000000000e+04
1.536317057766468062e-02, 4.088000000000000000e+04
1.537112664735793000e-02, 3.796700000000000000e+04
1.537908271705117937e-02, 3.493500000000000000e+04
1.538703878674442874e-02, 3.183400000000000000e+04
1.539499485643767811e-02, 2.875600000000000000e+04
1.540295092613092748e-02, 2.579100000000000000e+04
1.541090699582417685e-02, 2.298500000000000000e+04
1.541886306551742622e-02, 2.038800000000000000e+04
1.542681913521067559e-02, 1.805300000000000000e+04
1.543477520490392496e-02, 1.601600000000000000e+04
1.544273127459717433e-02, 1.435500000000000000e+04
1.545068734429042370e-02, 1.315000000000000000e+04
1.545864341398367307e-02, 1.239000000000000000e+04
1.546659948367692244e-02, 1.205800000000000000e+04
1.547455555337017181e-02, 1.212300000000000000e+04
1.548251162306342119e-02, 1.260300000000000000e+04
1.549046769275667056e-02, 1.352500000000000000e+04
1.549842376244991993e-02, 1.487200000000000000e+04
1.550637983214316930e-02, 1.661100000000000000e+04
1.551433590183641867e-02, 1.869100000000000000e+04
1.552229197152966977e-02, 2.106100000000000000e+04
1.553024804122291914e-02, 2.369100000000000000e+04
1.553820411091616852e-02, 2.649100000000000000e+04
1.554616018060941789e-02, 2.940400000000000000e+04
1.555411625030266726e-02, 3.241900000000000000e+04
1.556207231999591663e-02, 3.546700000000000000e+04
1.557002838968916600e-02, 3.843000000000000000e+04
1.557798445938241537e-02, 4.126800000000000000e+04
1.558594052907566474e-02, 4.397000000000000000e+04
1.559389659876891411e-02, 4.645400000000000000e+04
1.560185266846216348e-02, 4.863000000000000000e+04
1.560980873815541285e-02, 5.045000000000000000e+04
1.561776480784866222e-02, 5.188800000000000000e+04
1.562572087754191333e-02, 5.291400000000000000e+04
1.563367694723516096e-02, 5.353400000000000000e+04
1.564163301692841207e-02, 5.373100000000000000e+04
1.564958908662165971e-02, 5.347300000000000000e+04
1.565754515631491081e-02, 5.275600000000000000e+04
1.566550122600815845e-02, 5.161900000000000000e+04
1.567345729570140955e-02, 5.006500000000000000e+04
1.568141336539465719e-02, 4.814800000000000000e+04
1.568936943508790829e-02, 4.591200000000000000e+04
1.569732550478115593e-02, 4.337100000000000000e+04
1.570528157447440704e-02, 4.062900000000000000e+04
1.571323764416765467e-02, 3.775200000000000000e+04
1.572119371386090578e-02, 3.476500000000000000e+04
1.572914978355415341e-02, 3.171000000000000000e+04
1.573710585324740452e-02, 2.867000000000000000e+04
1.574506192294065215e-02, 2.572900000000000000e+04
1.575301799263390326e-02, 2.293400000000000000e+04
1.576097406232715090e-02, 2.034100000000000000e+04
1.576893013202040200e-02, 1.800200000000000000e+04
1.577688620171364964e-02, 1.596100000000000000e+04
1.578484227140690074e-02, 1.428400000000000000e+04
1.579279834110015185e-02, 1.304200000000000000e+04
1.580075441079339948e-02, 1.224400000000000000e+04
1.580871048048665059e-02, 1.189200000000000000e+04
1.581666655017989823e-02, 1.196100000000000000e+04
1.582462261987314933e-02, 1.247700000000000000e+04
1.583257868956639697e-02, 1.347300000000000000e+04
1.584053475925964807e-02, 1.491200000000000000e+04
1.584849082895289571e-02, 1.673300000000000000e+04
1.585644689864614681e-02, 1.885800000000000000e+04
1.586440296833939445e-02, 2.125100000000000000e+04
1.587235903803264556e-02, 2.389000000000000000e+04
1.588031510772589319e-02, 2.669400000000000000e+04
1.588827117741914430e-02, 2.961000000000000000e+04
1.589622724711239193e-02, 3.260200000000000000e+04
1.590418331680564304e-02, 3.560000000000000000e+04
1.591213938649889068e-02, 3.850300000000000000e+04
1.592009545619214178e-02, 4.129300000000000000e+04
1.592805152588538942e-02, 4.396100000000000000e+04
1.593600759557864052e-02, 4.642100000000000000e+04
1.594396366527188816e-02, 4.858100000000000000e+04
1.595191973496513926e-02, 5.039400000000000000e+04
1.595987580465838690e-02, 5.183200000000000000e+04
1.596783187435163801e-02, 5.286300000000000000e+04
1.597578794404488911e-02, 5.348400000000000000e+04
1.598374401373813675e-02, 5.366400000000000000e+04
1.599170008343138785e-02, 5.337400000000000000e+04
1.599965615312463549e-02, 5.262100000000000000e+04
1.600761222281788659e-02, 5.144900000000000000e+04
1.601556829251113423e-02, 4.986200000000000000e+04
1.602352436220438534e-02, 4.793400000000000000e+04
1.603148043189763297e-02, 4.570900000000000000e+04
1.603943650159088408e-02, 4.318400000000000000e+04
1.604739257128413171e-02, 4.043400000000000000e+04
1.605534864097738282e-02, 3.752400000000000000e+04
1.606330471067063045e-02, 3.449800000000000000e+04
1.607126078036388156e-02, 3.141000000000000000e+04
1.607921685005712920e-02, 2.835700000000000000e+04
1.608717291975038030e-02, 2.541600000000000000e+04
1.609512898944362794e-02, 2.262800000000000000e+04
1.610308505913687904e-02, 2.005000000000000000e+04
1.611104112883012668e-02, 1.774100000000000000e+04
1.611899719852337778e-02, 1.574000000000000000e+04
1.612695326821662542e-02, 1.411400000000000000e+04
1.613490933790987653e-02, 1.292400000000000000e+04
1.614286540760312416e-02, 1.217800000000000000e+04
1.615082147729637527e-02, 1.186700000000000000e+04
1.615877754698962637e-02, 1.196300000000000000e+04
1.616673361668287401e-02, 1.249800000000000000e+04
1.617468968637612511e-02, 1.349000000000000000e+04
1.618264575606937275e-02, 1.491500000000000000e+04
1.619060182576262386e-02, 1.672600000000000000e+04
1.619855789545587149e-02, 1.885500000000000000e+04
1.620651396514912260e-02, 2.127200000000000000e+04
1.621447003484237023e-02, 2.393100000000000000e+04
1.622242610453562134e-02, 2.673100000000000000e+04
1.623038217422886897e-02, 2.963700000000000000e+04
1.623833824392212008e-02, 3.265000000000000000e+04
1.624629431361536772e-02, 3.569300000000000000e+04
1.625425038330861882e-02, 3.864600000000000000e+04
1.626220645300186646e-02, 4.148400000000000000e+04
1.627016252269511756e-02, 4.418000000000000000e+04
1.627811859238836520e-02, 4.664800000000000000e+04
1.628607466208161630e-02, 4.880300000000000000e+04
1.629403073177486394e-02, 5.059900000000000000e+04
1.630198680146811505e-02, 5.200200000000000000e+04
1.630994287116136268e-02, 5.298800000000000000e+04
1.631789894085461379e-02, 5.355600000000000000e+04
1.632585501054786142e-02, 5.368000000000000000e+04
1.633381108024111253e-02, 5.333600000000000000e+04
1.634176714993436363e-02, 5.253700000000000000e+04
1.634972321962761127e-02, 5.134100000000000000e+04
1.635767928932086238e-02, 4.974700000000000000e+04
1.636563535901411001e-02, 4.780500000000000000e+04
1.637359142870736112e-02, 4.554000000000000000e+04
1.638154749840060875e-02, 4.296600000000000000e+04
1.638950356809385986e-02, 4.017300000000000000e+04
1.639745963778710749e-02, 3.723000000000000000e+04
1.640541570748035860e-02, 3.418100000000000000e+04
1.641337177717360624e-02, 3.107600000000000000e+04
1.642132784686685734e-02, 2.801900000000000000e+04
1.642928391656010498e-02, 2.508600000000000000e+04
1.643723998625335608e-02, 2.232200000000000000e+04
1.644519605594660372e-02, 1.978200000000000000e+04
1.645315212563985482e-02, 1.751500000000000000e+04
1.646110819533310246e-02, 1.555800000000000000e+04
1.646906426502635357e-02, 1.398200000000000000e+04
1.647702033471960120e-02, 1.283200000000000000e+04
1.648497640441285231e-02, 1.211600000000000000e+04
1.649293247410609994e-02, 1.183600000000000000e+04
1.650088854379935105e-02, 1.197400000000000000e+04
1.650884461349259869e-02, 1.256200000000000000e+04
1.651680068318584979e-02, 1.360700000000000000e+04
1.652475675287909743e-02, 1.507800000000000000e+04
1.653271282257234853e-02, 1.692800000000000000e+04
1.654066889226559964e-02, 1.910000000000000000e+04
1.654862496195884727e-02, 2.156500000000000000e+04
1.655658103165209838e-02, 2.427600000000000000e+04
1.656453710134534602e-02, 2.713600000000000000e+04
1.657249317103859712e-02, 3.010100000000000000e+04
1.658044924073184476e-02, 3.315300000000000000e+04
1.658840531042509586e-02, 3.620300000000000000e+04
1.659636138011834350e-02, 3.913700000000000000e+04
1.660431744981159460e-02, 4.194700000000000000e+04
1.661227351950484224e-02, 4.460700000000000000e+04
1.662022958919809335e-02, 4.702600000000000000e+04
1.662818565889134098e-02, 4.912000000000000000e+04
1.663614172858459209e-02, 5.085000000000000000e+04
1.664409779827783972e-02, 5.218800000000000000e+04
1.665205386797109083e-02, 5.311200000000000000e+04
1.666000993766433846e-02, 5.362300000000000000e+04
1.666796600735758957e-02, 5.370100000000000000e+04
1.667592207705083721e-02, 5.332400000000000000e+04
1.668387814674408831e-02, 5.250100000000000000e+04
1.669183421643733595e-02, 5.126500000000000000e+04
1.669979028613058705e-02, 4.961800000000000000e+04
1.670774635582383469e-02, 4.762500000000000000e+04
1.671570242551708579e-02, 4.530900000000000000e+04
1.672365849521033690e-02, 4.269800000000000000e+04
1.673161456490358454e-02, 3.990000000000000000e+04
1.673957063459683564e-02, 3.698800000000000000e+04
1.674752670429008328e-02, 3.398600000000000000e+04
1.675548277398333438e-02, 3.093500000000000000e+04
1.676343884367658202e-02, 2.792500000000000000e+04
1.677139491336983312e-02, 2.502400000000000000e+04
1.677935098306308076e-02, 2.227800000000000000e+04
1.678730705275633187e-02, 1.974800000000000000e+04
1.679526312244957950e-02, 1.748500000000000000e+04
1.680321919214283061e-02, 1.552600000000000000e+04
1.681117526183607824e-02, 1.395200000000000000e+04
1.681913133152932935e-02, 1.281500000000000000e+04
1.682708740122257698e-02, 1.212500000000000000e+04
1.683504347091582809e-02, 1.187500000000000000e+04
1.684299954060907573e-02, 1.204900000000000000e+04
1.685095561030232683e-02, 1.267600000000000000e+04
1.685891167999557447e-02, 1.374800000000000000e+04
1.686686774968882557e-02, 1.522700000000000000e+04
1.687482381938207321e-02, 1.707000000000000000e+04
1.688277988907532431e-02, 1.921900000000000000e+04
1.689073595876857195e-02, 2.166000000000000000e+04
1.689869202846182306e-02, 2.435100000000000000e+04
1.690664809815507416e-02, 2.720400000000000000e+04
1.691460416784832180e-02, 3.017700000000000000e+04
1.692256023754157290e-02, 3.323400000000000000e+04
1.693051630723482054e-02, 3.625400000000000000e+04
1.693847237692807164e-02, 3.914500000000000000e+04
1.694642844662131928e-02, 4.191700000000000000e+04
1.695438451631457039e-02, 4.454600000000000000e+04
1.696234058600781802e-02, 4.694200000000000000e+04
1.697029665570106913e-02, 4.902300000000000000e+04
1.697825272539431676e-02, 5.074700000000000000e+04
1.698620879508756787e-02, 5.207500000000000000e+04
1.699416486478081550e-02, 5.296000000000000000e+04
1.700212093447406661e-02, 5.341300000000000000e+04
1.701007700416731425e-02, 5.342900000000000000e+04
1.701803307386056535e-02, 5.299200000000000000e+04
1.702598914355381299e-02, 5.212500000000000000e+04
1.703394521324706409e-02, 5.086100000000000000e+04
1.704190128294031173e-02, 4.920100000000000000e+04
1.704985735263356283e-02, 4.721200000000000000e+04
1.705781342232681047e-02, 4.492700000000000000e+04
1.706576949202006158e-02, 4.236800000000000000e+04
1.707372556171330921e-02, 3.960800000000000000e+04
1.708168163140656032e-02, 3.669800000000000000e+04
1.708963770109981142e-02, 3.367900000000000000e+04
1.709759377079305906e-02, 3.061000000000000000e+04
1.710554984048631016e-02, 2.759500000000000000e+04
1.711350591017955780e-02, 2.469600000000000000e+04
1.712146197987280891e-02, 2.196100000000000000e+04
1.712941804956605654e-02, 1.944800000000000000e+04
1.713737411925930765e-02, 1.721400000000000000e+04
1.714533018895255528e-02, 1.529700000000000000e+04
1.715328625864580639e-02, 1.377900000000000000e+04
1.716124232833905403e-02, 1.269800000000000000e+04
1.716919839803230513e-02, 1.206400000000000000e+04
1.717715446772555277e-02, 1.186300000000000000e+04
1.718511053741880387e-02, 1.207100000000000000e+04
1.719306660711205151e-02, 1.272100000000000000e+04
1.720102267680530261e-02, 1.382000000000000000e+04
1.720897874649855025e-02, 1.534000000000000000e+04
1.721693481619180136e-02, 1.723200000000000000e+04
1.722489088588504899e-02, 1.942800000000000000e+04
1.723284695557830010e-02, 2.191200000000000000e+04
1.724080302527154773e-02, 2.462900000000000000e+04
1.724875909496479884e-02, 2.747200000000000000e+04
1.725671516465804647e-02, 3.040700000000000000e+04
1.726467123435129758e-02, 3.343100000000000000e+04
1.727262730404454869e-02, 3.645000000000000000e+04
1.728058337373779632e-02, 3.936100000000000000e+04
1.728853944343104743e-02, 4.216300000000000000e+04
1.729649551312429506e-02, 4.480700000000000000e+04
1.730445158281754617e-02, 4.719900000000000000e+04
1.731240765251079380e-02, 4.926300000000000000e+04
1.732036372220404491e-02, 5.096500000000000000e+04
1.732831979189729255e-02, 5.227000000000000000e+04
1.733627586159054365e-02, 5.315800000000000000e+04
1.734423193128379129e-02, 5.362200000000000000e+04
1.735218800097704239e-02, 5.363500000000000000e+04
1.736014407067029003e-02, 5.317500000000000000e+04
1.736810014036354113e-02, 5.226900000000000000e+04
1.737605621005678877e-02, 5.096600000000000000e+04
1.738401227975003988e-02, 4.927600000000000000e+04
1.739196834944328751e-02, 4.725800000000000000e+04
1.739992441913653862e-02, 4.491600000000000000e+04
1.740788048882978625e-02, 4.228500000000000000e+04
1.741583655852303736e-02, 3.945300000000000000e+04
1.742379262821628499e-02, 3.648300000000000000e+04
1.743174869790953610e-02, 3.341800000000000000e+04
1.743970476760278374e-02, 3.031900000000000000e+04
1.744766083729603484e-02, 2.728800000000000000e+04
1.745561690698928595e-02, 2.438900000000000000e+04
1.746357297668253358e-02, 2.167200000000000000e+04
1.747152904637578469e-02, 1.919300000000000000e+04
1.747948511606903232e-02, 1.699700000000000000e+04
1.748744118576228343e-02, 1.512300000000000000e+04
1.749539725545553107e-02, 1.365400000000000000e+04
