0.000000000000000000e+00, 2.258800000000000000e+04
2.226703302066090459e-05, 1.079400000000000000e+04
4.453406604132180917e-05, 7.900000000000000000e+02
6.680109906198271037e-05, 6.040000000000000000e+04
8.906813208264361835e-05, 5.724200000000000000e+04
1.113351651033045263e-04, 5.671700000000000000e+04
1.336021981239654207e-04, 5.773700000000000000e+04
1.558692311446263287e-04, 6.094700000000000000e+04
1.781362641652872367e-04, 3.510000000000000000e+02
2.004032971859481447e-04, 5.614000000000000000e+03
2.226703302066090526e-04, 1.105400000000000000e+04
2.449373632272699606e-04, 1.682400000000000000e+04
2.672043962479308415e-04, 2.328600000000000000e+04
2.894714292685917766e-04, 2.793200000000000000e+04
3.117384622892526574e-04, 3.225500000000000000e+04
3.340054953099135925e-04, 3.709900000000000000e+04
3.562725283305744734e-04, 4.073500000000000000e+04
3.785395613512354085e-04, 4.301600000000000000e+04
4.008065943718962893e-04, 4.448700000000000000e+04
4.230736273925572244e-04, 4.547700000000000000e+04
4.453406604132181053e-04, 4.484900000000000000e+04
4.676076934338790404e-04, 4.411600000000000000e+04
4.898747264545399212e-04, 4.195900000000000000e+04
5.121417594752008563e-04, 3.903600000000000000e+04
5.344087924958616830e-04, 3.495600000000000000e+04
5.566758255165226181e-04, 3.039200000000000000e+04
5.789428585371835531e-04, 2.501700000000000000e+04
6.012098915578444882e-04, 1.891600000000000000e+04
6.234769245785053149e-04, 1.333000000000000000e+04
6.457439575991662500e-04, 6.394000000000000000e+03
6.680109906198271850e-04, 1.350000000000000000e+02
6.902780236404881201e-04, 5.913500000000000000e+04
7.125450566611489468e-04, 5.267000000000000000e+04
7.348120896818098819e-04, 4.633800000000000000e+04
7.570791227024708170e-04, 4.021200000000000000e+04
7.793461557231317520e-04, 3.507400000000000000e+04
8.016131887437925787e-04, 3.039100000000000000e+04
8.238802217644535138e-04, 2.638100000000000000e+04
8.461472547851144489e-04, 2.328100000000000000e+04
8.684142878057752755e-04, 2.102500000000000000e+04
8.906813208264362106e-04, 1.982600000000000000e+04
9.129483538470971457e-04, 2.030200000000000000e+04
9.352153868677580808e-04, 2.120000000000000000e+04
9.574824198884189074e-04, 2.312100000000000000e+04
9.797494529090798425e-04, 2.534700000000000000e+04
1.002016485929740778e-03, 2.856700000000000000e+04
1.024283518950401713e-03, 3.327100000000000000e+04
1.046550551971062648e-03, 3.818500000000000000e+04
1.068817584991723366e-03, 4.388200000000000000e+04
1.091084618012384301e-03, 4.956100000000000000e+04
1.113351651033045236e-03, 5.587800000000000000e+04
1.135618684053706171e-03, 6.271500000000000000e+04
1.157885717074367106e-03, 3.630000000000000000e+03
1.180152750095028041e-03, 1.009100000000000000e+04
1.202419783115688976e-03, 1.658500000000000000e+04
1.224686816136349912e-03, 2.327000000000000000e+04
1.246953849157010630e-03, 2.798500000000000000e+04
1.269220882177671565e-03, 3.242200000000000000e+04
1.291487915198332500e-03, 3.722500000000000000e+04
1.313754948218993435e-03, 4.082000000000000000e+04
1.336021981239654370e-03, 4.310300000000000000e+04
1.358289014260315305e-03, 4.459500000000000000e+04
1.380556047280976240e-03, 4.557200000000000000e+04
1.402823080301636959e-03, 4.490500000000000000e+04
1.425090113322297894e-03, 4.391600000000000000e+04
1.447357146342958829e-03, 4.163300000000000000e+04
1.469624179363619764e-03, 3.868200000000000000e+04
1.491891212384280699e-03, 3.451000000000000000e+04
1.514158245404941634e-03, 2.973000000000000000e+04
1.536425278425602569e-03, 2.422600000000000000e+04
1.558692311446263504e-03, 1.819300000000000000e+04
1.580959344466924222e-03, 1.237500000000000000e+04
1.603226377487585157e-03, 5.324000000000000000e+03
1.625493410508246092e-03, 6.426900000000000000e+04
1.647760443528907028e-03, 5.801700000000000000e+04
1.670027476549567963e-03, 5.142000000000000000e+04
1.692294509570228898e-03, 4.537800000000000000e+04
1.714561542590889833e-03, 3.933900000000000000e+04
1.736828575611550551e-03, 3.445800000000000000e+04
1.759095608632211486e-03, 2.985400000000000000e+04
1.781362641652872421e-03, 2.603500000000000000e+04
1.803629674673533356e-03, 2.310100000000000000e+04
1.825896707694194291e-03, 2.095000000000000000e+04
1.848163740714855226e-03, 1.987300000000000000e+04
1.870430773735516162e-03, 2.022700000000000000e+04
1.892697806756176880e-03, 2.131800000000000000e+04
1.914964839776837815e-03, 2.321300000000000000e+04
1.937231872797498750e-03, 2.535600000000000000e+04
1.959498905818159685e-03, 2.882000000000000000e+04
1.981765938838820403e-03, 3.366500000000000000e+04
2.004032971859481555e-03, 3.867800000000000000e+04
2.026300004880142273e-03, 4.441900000000000000e+04
2.048567037900803425e-03, 5.036600000000000000e+04
2.070834070921464144e-03, 5.656600000000000000e+04
2.093101103942125295e-03, 6.310500000000000000e+04
2.115368136962786014e-03, 3.651000000000000000e+03
2.137635169983446732e-03, 9.966000000000000000e+03
2.159902203004107884e-03, 1.665700000000000000e+04
2.182169236024768602e-03, 2.311000000000000000e+04
2.204436269045429754e-03, 2.804500000000000000e+04
2.226703302066090472e-03, 3.261700000000000000e+04
2.248970335086751624e-03, 3.738900000000000000e+04
2.271237368107412342e-03, 4.102400000000000000e+04
2.293504401128073494e-03, 4.331200000000000000e+04
2.315771434148734213e-03, 4.479700000000000000e+04
2.338038467169394931e-03, 4.538000000000000000e+04
2.360305500190056083e-03, 4.482400000000000000e+04
2.382572533210716801e-03, 4.366700000000000000e+04
2.404839566231377953e-03, 4.137500000000000000e+04
2.427106599252038671e-03, 3.819400000000000000e+04
2.449373632272699823e-03, 3.416700000000000000e+04
2.471640665293360541e-03, 2.953400000000000000e+04
2.493907698314021260e-03, 2.397600000000000000e+04
2.516174731334682411e-03, 1.826300000000000000e+04
2.538441764355343130e-03, 1.229200000000000000e+04
2.560708797376004282e-03, 5.226000000000000000e+03
2.582975830396665000e-03, 6.414700000000000000e+04
2.605242863417326152e-03, 5.780200000000000000e+04
2.627509896437986870e-03, 5.100200000000000000e+04
2.649776929458647588e-03, 4.481200000000000000e+04
2.672043962479308740e-03, 3.888600000000000000e+04
2.694310995499969458e-03, 3.421500000000000000e+04
2.716578028520630610e-03, 2.971200000000000000e+04
2.738845061541291329e-03, 2.597700000000000000e+04
2.761112094561952481e-03, 2.310800000000000000e+04
2.783379127582613199e-03, 2.100300000000000000e+04
2.805646160603273917e-03, 1.991700000000000000e+04
2.827913193623935069e-03, 2.018200000000000000e+04
2.850180226644595787e-03, 2.126800000000000000e+04
2.872447259665256939e-03, 2.330100000000000000e+04
2.894714292685917657e-03, 2.562000000000000000e+04
2.916981325706578809e-03, 2.929400000000000000e+04
2.939248358727239527e-03, 3.410200000000000000e+04
2.961515391747900246e-03, 3.931200000000000000e+04
2.983782424768561398e-03, 4.505800000000000000e+04
3.006049457789222116e-03, 5.138900000000000000e+04
3.028316490809883268e-03, 5.743900000000000000e+04
3.050583523830543986e-03, 6.439400000000000000e+04
3.072850556851205138e-03, 4.856000000000000000e+03
3.095117589871865856e-03, 1.110800000000000000e+04
3.117384622892527008e-03, 1.788100000000000000e+04
3.139651655913187726e-03, 2.391600000000000000e+04
3.161918688933848445e-03, 2.883400000000000000e+04
3.184185721954509597e-03, 3.338900000000000000e+04
3.206452754975170315e-03, 3.800700000000000000e+04
3.228719787995831467e-03, 4.141700000000000000e+04
3.250986821016492185e-03, 4.359600000000000000e+04
3.273253854037153337e-03, 4.503500000000000000e+04
3.295520887057814055e-03, 4.527500000000000000e+04
3.317787920078474773e-03, 4.485800000000000000e+04
3.340054953099135925e-03, 4.354500000000000000e+04
3.362321986119796643e-03, 4.136900000000000000e+04
3.384589019140457795e-03, 3.805500000000000000e+04
3.406856052161118514e-03, 3.377000000000000000e+04
3.429123085181779666e-03, 2.908400000000000000e+04
3.451390118202440384e-03, 2.338200000000000000e+04
3.473657151223101102e-03, 1.771400000000000000e+04
3.495924184243762254e-03, 1.158000000000000000e+04
3.518191217264422972e-03, 4.418000000000000000e+03
3.540458250285084124e-03, 6.394400000000000000e+04
3.562725283305744842e-03, 5.771800000000000000e+04
3.584992316326405994e-03, 5.112600000000000000e+04
3.607259349347066713e-03, 4.477800000000000000e+04
3.629526382367727431e-03, 3.909100000000000000e+04
3.651793415388388583e-03, 3.427100000000000000e+04
3.674060448409049301e-03, 2.972200000000000000e+04
3.696327481429710453e-03, 2.598500000000000000e+04
3.718594514450371171e-03, 2.303000000000000000e+04
3.740861547471032323e-03, 2.091900000000000000e+04
3.763128580491693041e-03, 1.982800000000000000e+04
3.785395613512353759e-03, 2.041400000000000000e+04
3.807662646533014911e-03, 2.138900000000000000e+04
3.829929679553675630e-03, 2.347300000000000000e+04
3.852196712574336782e-03, 2.606900000000000000e+04
3.874463745594997500e-03, 2.988800000000000000e+04
3.896730778615658652e-03, 3.493500000000000000e+04
3.918997811636319370e-03, 4.038100000000000000e+04
3.941264844656980522e-03, 4.607800000000000000e+04
3.963531877677640806e-03, 5.197900000000000000e+04
3.985798910698301958e-03, 5.789600000000000000e+04
4.008065943718963110e-03, 6.476700000000000000e+04
4.030332976739624262e-03, 5.312000000000000000e+03
4.052600009760284547e-03, 1.158700000000000000e+04
4.074867042780945699e-03, 1.856100000000000000e+04
4.097134075801606851e-03, 2.447200000000000000e+04
4.119401108822267135e-03, 2.942500000000000000e+04
4.141668141842928287e-03, 3.389300000000000000e+04
4.163935174863589439e-03, 3.836700000000000000e+04
4.186202207884250591e-03, 4.167700000000000000e+04
4.208469240904910876e-03, 4.381700000000000000e+04
4.230736273925572027e-03, 4.506200000000000000e+04
4.253003306946233179e-03, 4.529300000000000000e+04
4.275270339966893464e-03, 4.491000000000000000e+04
4.297537372987554616e-03, 4.359600000000000000e+04
4.319804406008215768e-03, 4.117100000000000000e+04
4.342071439028876920e-03, 3.758200000000000000e+04
4.364338472049537204e-03, 3.323900000000000000e+04
4.386605505070198356e-03, 2.864800000000000000e+04
4.408872538090859508e-03, 2.287800000000000000e+04
4.431139571111520660e-03, 1.715900000000000000e+04
4.453406604132180945e-03, 1.072400000000000000e+04
4.475673637152842096e-03, 3.412000000000000000e+03
4.497940670173503248e-03, 6.271000000000000000e+04
4.520207703194163533e-03, 5.638100000000000000e+04
4.542474736214824685e-03, 4.999300000000000000e+04
4.564741769235485837e-03, 4.363300000000000000e+04
4.587008802256146989e-03, 3.838000000000000000e+04
4.609275835276807273e-03, 3.363600000000000000e+04
4.631542868297468425e-03, 2.913400000000000000e+04
4.653809901318129577e-03, 2.551400000000000000e+04
4.676076934338789862e-03, 2.278300000000000000e+04
4.698343967359451014e-03, 2.080400000000000000e+04
4.720611000380112166e-03, 1.975400000000000000e+04
4.742878033400773317e-03, 2.058300000000000000e+04
4.765145066421433602e-03, 2.165000000000000000e+04
4.787412099442094754e-03, 2.365500000000000000e+04
4.809679132462755906e-03, 2.619500000000000000e+04
4.831946165483416190e-03, 3.008200000000000000e+04
4.854213198504077342e-03, 3.481400000000000000e+04
4.876480231524738494e-03, 4.032100000000000000e+04
4.898747264545399646e-03, 4.608400000000000000e+04
4.921014297566059931e-03, 5.194700000000000000e+04
4.943281330586721083e-03, 5.824800000000000000e+04
4.965548363607382235e-03, 6.496600000000000000e+04
4.987815396628042519e-03, 5.298000000000000000e+03
5.010082429648703671e-03, 1.152100000000000000e+04
5.032349462669364823e-03, 1.856100000000000000e+04
5.054616495690025975e-03, 2.434000000000000000e+04
5.076883528710686259e-03, 2.937300000000000000e+04
5.099150561731347411e-03, 3.405800000000000000e+04
5.121417594752008563e-03, 3.852500000000000000e+04
5.143684627772668848e-03, 4.182100000000000000e+04
5.165951660793330000e-03, 4.398900000000000000e+04
5.188218693813991152e-03, 4.504400000000000000e+04
5.210485726834652304e-03, 4.523700000000000000e+04
5.232752759855312588e-03, 4.460600000000000000e+04
5.255019792875973740e-03, 4.346400000000000000e+04
5.277286825896634892e-03, 4.074200000000000000e+04
5.299553858917295177e-03, 3.697000000000000000e+04
5.321820891937956328e-03, 3.260400000000000000e+04
5.344087924958617480e-03, 2.837700000000000000e+04
5.366354957979278632e-03, 2.266500000000000000e+04
5.388621990999938917e-03, 1.710800000000000000e+04
5.410889024020600069e-03, 1.072700000000000000e+04
5.433156057041261221e-03, 3.415000000000000000e+03
5.455423090061921505e-03, 6.251200000000000000e+04
5.477690123082582657e-03, 5.603600000000000000e+04
5.499957156103243809e-03, 4.966800000000000000e+04
5.522224189123904961e-03, 4.305800000000000000e+04
5.544491222144565246e-03, 3.795900000000000000e+04
5.566758255165226398e-03, 3.321400000000000000e+04
5.589025288185887549e-03, 2.887200000000000000e+04
5.611292321206547834e-03, 2.535600000000000000e+04
5.633559354227208986e-03, 2.269300000000000000e+04
5.655826387247870138e-03, 2.075900000000000000e+04
5.678093420268531290e-03, 1.989000000000000000e+04
5.700360453289191574e-03, 2.062900000000000000e+04
5.722627486309852726e-03, 2.175400000000000000e+04
5.744894519330513878e-03, 2.389600000000000000e+04
5.767161552351174163e-03, 2.649700000000000000e+04
5.789428585371835315e-03, 3.054800000000000000e+04
5.811695618392496467e-03, 3.532500000000000000e+04
5.833962651413157618e-03, 4.086100000000000000e+04
5.856229684433817903e-03, 4.669000000000000000e+04
5.878496717454479055e-03, 5.259700000000000000e+04
5.900763750475140207e-03, 5.925200000000000000e+04
5.923030783495800491e-03, 4.100000000000000000e+02
5.945297816516461643e-03, 6.660000000000000000e+03
5.967564849537122795e-03, 1.288900000000000000e+04
5.989831882557783947e-03, 1.961300000000000000e+04
6.012098915578444232e-03, 2.533500000000000000e+04
6.034365948599105384e-03, 2.996100000000000000e+04
6.056632981619766536e-03, 3.487300000000000000e+04
6.078900014640426820e-03, 3.920200000000000000e+04
6.101167047661087972e-03, 4.235400000000000000e+04
6.123434080681749124e-03, 4.408900000000000000e+04
6.145701113702410276e-03, 4.501900000000000000e+04
6.167968146723070560e-03, 4.526500000000000000e+04
6.190235179743731712e-03, 4.440600000000000000e+04
6.212502212764392864e-03, 4.320200000000000000e+04
6.234769245785054016e-03, 4.053400000000000000e+04
6.257036278805714301e-03, 3.675400000000000000e+04
6.279303311826375453e-03, 3.239200000000000000e+04
6.301570344847036605e-03, 2.794700000000000000e+04
6.323837377867696889e-03, 2.207000000000000000e+04
6.346104410888358041e-03, 1.635900000000000000e+04
6.368371443909019193e-03, 9.882000000000000000e+03
6.390638476929680345e-03, 2.726000000000000000e+03
6.412905509950340630e-03, 6.207600000000000000e+04
6.435172542971001781e-03, 5.590400000000000000e+04
6.457439575991662933e-03, 4.959300000000000000e+04
6.479706609012323218e-03, 4.305000000000000000e+04
6.501973642032984370e-03, 3.806700000000000000e+04
6.524240675053645522e-03, 3.320800000000000000e+04
6.546507708074306674e-03, 2.882400000000000000e+04
6.568774741094966958e-03, 2.530000000000000000e+04
6.591041774115628110e-03, 2.264200000000000000e+04
6.613308807136289262e-03, 2.064200000000000000e+04
6.635575840156949547e-03, 1.998600000000000000e+04
6.657842873177610699e-03, 2.070400000000000000e+04
6.680109906198271850e-03, 2.204100000000000000e+04
6.702376939218933002e-03, 2.422200000000000000e+04
6.724643972239593287e-03, 2.678400000000000000e+04
6.746911005260254439e-03, 3.092500000000000000e+04
6.769178038280915591e-03, 3.581500000000000000e+04
6.791445071301575875e-03, 4.098400000000000000e+04
6.813712104322237027e-03, 4.694700000000000000e+04
6.835979137342898179e-03, 5.254100000000000000e+04
6.858246170363559331e-03, 5.920900000000000000e+04
6.880513203384219616e-03, 5.500000000000000000e+02
6.902780236404880768e-03, 6.728000000000000000e+03
6.925047269425541920e-03, 1.330400000000000000e+04
6.947314302446202204e-03, 1.988300000000000000e+04
6.969581335466863356e-03, 2.582900000000000000e+04
6.991848368487524508e-03, 3.029200000000000000e+04
7.014115401508185660e-03, 3.540900000000000000e+04
7.036382434528845944e-03, 3.958800000000000000e+04
7.058649467549507096e-03, 4.245800000000000000e+04
7.080916500570168248e-03, 4.400200000000000000e+04
7.103183533590828533e-03, 4.496800000000000000e+04
7.125450566611489685e-03, 4.529400000000000000e+04
7.147717599632150837e-03, 4.377100000000000000e+04
7.169984632652811989e-03, 4.235000000000000000e+04
7.192251665673472273e-03, 3.966500000000000000e+04
7.214518698694133425e-03, 3.574000000000000000e+04
7.236785731714794577e-03, 3.146100000000000000e+04
7.259052764735454862e-03, 2.712700000000000000e+04
7.281319797756116013e-03, 2.132100000000000000e+04
7.303586830776777165e-03, 1.550300000000000000e+04
7.325853863797438317e-03, 9.362000000000000000e+03
7.348120896818098602e-03, 2.496000000000000000e+03
7.370387929838759754e-03, 6.179700000000000000e+04
7.392654962859420906e-03, 5.530300000000000000e+04
7.414921995880081190e-03, 4.868800000000000000e+04
7.437189028900742342e-03, 4.240700000000000000e+04
7.459456061921403494e-03, 3.739700000000000000e+04
7.481723094942064646e-03, 3.258900000000000000e+04
7.503990127962724931e-03, 2.824700000000000000e+04
7.526257160983386083e-03, 2.482500000000000000e+04
7.548524194004047234e-03, 2.227600000000000000e+04
7.570791227024707519e-03, 2.044400000000000000e+04
7.593058260045368671e-03, 2.017800000000000000e+04
7.615325293066029823e-03, 2.075200000000000000e+04
7.637592326086690975e-03, 2.223000000000000000e+04
7.659859359107351259e-03, 2.442800000000000000e+04
7.682126392128012411e-03, 2.699600000000000000e+04
7.704393425148673563e-03, 3.110300000000000000e+04
7.726660458169333848e-03, 3.612400000000000000e+04
7.748927491189995000e-03, 4.146700000000000000e+04
7.771194524210656152e-03, 4.763300000000000000e+04
7.793461557231317303e-03, 5.327400000000000000e+04
7.815728590251978455e-03, 5.991100000000000000e+04
7.837995623272638740e-03, 1.224000000000000000e+03
7.860262656293299025e-03, 6.949000000000000000e+03
7.882529689313961044e-03, 1.340300000000000000e+04
7.904796722334621328e-03, 1.989100000000000000e+04
7.927063755355281613e-03, 2.575900000000000000e+04
7.949330788375943632e-03, 3.009700000000000000e+04
7.971597821396603917e-03, 3.551100000000000000e+04
7.993864854417265936e-03, 3.967900000000000000e+04
8.016131887437926221e-03, 4.228100000000000000e+04
8.038398920458586505e-03, 4.398300000000000000e+04
8.060665953479248524e-03, 4.502500000000000000e+04
8.082932986499908809e-03, 4.537800000000000000e+04
8.105200019520569094e-03, 4.424300000000000000e+04
8.127467052541231113e-03, 4.281000000000000000e+04
8.149734085561891397e-03, 4.007800000000000000e+04
8.172001118582551682e-03, 3.593200000000000000e+04
8.194268151603213701e-03, 3.152500000000000000e+04
8.216535184623873986e-03, 2.705500000000000000e+04
8.238802217644534270e-03, 2.131300000000000000e+04
8.261069250665196290e-03, 1.551000000000000000e+04
8.283336283685856574e-03, 8.905000000000000000e+03
8.305603316706518593e-03, 1.956000000000000000e+03
8.327870349727178878e-03, 6.112500000000000000e+04
8.350137382747839163e-03, 5.463800000000000000e+04
8.372404415768501182e-03, 4.783900000000000000e+04
8.394671448789161466e-03, 4.176000000000000000e+04
8.416938481809821751e-03, 3.670800000000000000e+04
8.439205514830483770e-03, 3.196900000000000000e+04
8.461472547851144055e-03, 2.781000000000000000e+04
8.483739580871804339e-03, 2.451400000000000000e+04
8.506006613892466359e-03, 2.205000000000000000e+04
8.528273646913126643e-03, 2.027600000000000000e+04
8.550540679933786928e-03, 2.031900000000000000e+04
8.572807712954448947e-03, 2.074300000000000000e+04
8.595074745975109232e-03, 2.221100000000000000e+04
8.617341778995771251e-03, 2.440000000000000000e+04
8.639608812016431535e-03, 2.737100000000000000e+04
8.661875845037091820e-03, 3.165800000000000000e+04
8.684142878057753839e-03, 3.669500000000000000e+04
8.706409911078414124e-03, 4.215300000000000000e+04
8.728676944099074408e-03, 4.812500000000000000e+04
8.750943977119736428e-03, 5.395300000000000000e+04
8.773211010140396712e-03, 6.019900000000000000e+04
8.795478043161056997e-03, 1.254000000000000000e+03
8.817745076181719016e-03, 7.392000000000000000e+03
8.840012109202379301e-03, 1.403200000000000000e+04
8.862279142223041320e-03, 2.069700000000000000e+04
8.884546175243701605e-03, 2.627400000000000000e+04
8.906813208264361889e-03, 3.063300000000000000e+04
8.929080241285023908e-03, 3.592000000000000000e+04
8.951347274305684193e-03, 4.006000000000000000e+04
8.973614307326344477e-03, 4.257300000000000000e+04
8.995881340347006497e-03, 4.412300000000000000e+04
9.018148373367666781e-03, 4.511200000000000000e+04
9.040415406388327066e-03, 4.521700000000000000e+04
9.062682439408989085e-03, 4.418600000000000000e+04
9.084949472429649370e-03, 4.263600000000000000e+04
9.107216505450309654e-03, 3.967900000000000000e+04
9.129483538470971674e-03, 3.584400000000000000e+04
9.151750571491631958e-03, 3.151400000000000000e+04
9.174017604512293977e-03, 2.667700000000000000e+04
9.196284637532954262e-03, 2.056000000000000000e+04
9.218551670553614547e-03, 1.482100000000000000e+04
9.240818703574276566e-03, 8.167000000000000000e+03
9.263085736594936850e-03, 1.378000000000000000e+03
9.285352769615597135e-03, 6.043400000000000000e+04
9.307619802636259154e-03, 5.384000000000000000e+04
9.329886835656919439e-03, 4.703800000000000000e+04
9.352153868677579723e-03, 4.122200000000000000e+04
9.374420901698241743e-03, 3.619600000000000000e+04
9.396687934718902027e-03, 3.151000000000000000e+04
9.418954967739562312e-03, 2.742800000000000000e+04
9.441222000760224331e-03, 2.420600000000000000e+04
9.463489033780884616e-03, 2.180300000000000000e+04
9.485756066801546635e-03, 2.002000000000000000e+04
9.508023099822206919e-03, 2.025800000000000000e+04
9.530290132842867204e-03, 2.064100000000000000e+04
9.552557165863529223e-03, 2.233400000000000000e+04
9.574824198884189508e-03, 2.456800000000000000e+04
9.597091231904849792e-03, 2.777000000000000000e+04
9.619358264925511812e-03, 3.213600000000000000e+04
9.641625297946172096e-03, 3.735200000000000000e+04
9.663892330966832381e-03, 4.309400000000000000e+04
9.686159363987494400e-03, 4.889100000000000000e+04
9.708426397008154685e-03, 5.478500000000000000e+04
9.730693430028814969e-03, 6.156500000000000000e+04
9.752960463049476988e-03, 2.429000000000000000e+03
9.775227496070137273e-03, 8.553000000000000000e+03
9.797494529090799292e-03, 1.496900000000000000e+04
9.819761562111459577e-03, 2.164000000000000000e+04
9.842028595132119861e-03, 2.693600000000000000e+04
9.864295628152781881e-03, 3.130400000000000000e+04
9.886562661173442165e-03, 3.643200000000000000e+04
9.908829694194102450e-03, 4.030000000000000000e+04
9.931096727214764469e-03, 4.269400000000000000e+04
9.953363760235424754e-03, 4.420700000000000000e+04
9.975630793256085038e-03, 4.519900000000000000e+04
9.997897826276747058e-03, 4.501100000000000000e+04
1.002016485929740734e-02, 4.417900000000000000e+04
1.004243189231806763e-02, 4.256400000000000000e+04
1.006469892533872965e-02, 3.952500000000000000e+04
1.008696595835938993e-02, 3.561300000000000000e+04
1.010923299138005195e-02, 3.120200000000000000e+04
1.013150002440071223e-02, 2.612500000000000000e+04
1.015376705742137252e-02, 1.976000000000000000e+04
1.017603409044203454e-02, 1.415700000000000000e+04
1.019830112346269482e-02, 7.572000000000000000e+03
1.022056815648335511e-02, 1.220000000000000000e+03
1.024283518950401713e-02, 6.029100000000000000e+04
1.026510222252467741e-02, 5.385400000000000000e+04
1.028736925554533770e-02, 4.717800000000000000e+04
1.030963628856599971e-02, 4.117700000000000000e+04
1.033190332158666000e-02, 3.598900000000000000e+04
1.035417035460732028e-02, 3.123500000000000000e+04
1.037643738762798230e-02, 2.715400000000000000e+04
1.039870442064864259e-02, 2.390800000000000000e+04
1.042097145366930461e-02, 2.153100000000000000e+04
1.044323848668996489e-02, 1.984400000000000000e+04
1.046550551971062518e-02, 2.035500000000000000e+04
1.048777255273128720e-02, 2.088300000000000000e+04
1.051003958575194748e-02, 2.266400000000000000e+04
1.053230661877260776e-02, 2.489200000000000000e+04
1.055457365179326978e-02, 2.803500000000000000e+04
1.057684068481393007e-02, 3.239600000000000000e+04
1.059910771783459035e-02, 3.755300000000000000e+04
1.062137475085525237e-02, 4.315100000000000000e+04
1.064364178387591266e-02, 4.861200000000000000e+04
1.066590881689657468e-02, 5.473300000000000000e+04
1.068817584991723496e-02, 6.174000000000000000e+04
1.071044288293789525e-02, 2.712000000000000000e+03
1.073270991595855726e-02, 8.993000000000000000e+03
1.075497694897921755e-02, 1.551600000000000000e+04
1.077724398199987783e-02, 2.228900000000000000e+04
1.079951101502053985e-02, 2.726900000000000000e+04
1.082177804804120014e-02, 3.163700000000000000e+04
1.084404508106186042e-02, 3.663900000000000000e+04
1.086631211408252244e-02, 4.041100000000000000e+04
1.088857914710318273e-02, 4.277600000000000000e+04
1.091084618012384301e-02, 4.429300000000000000e+04
1.093311321314450503e-02, 4.537200000000000000e+04
1.095538024616516531e-02, 4.502000000000000000e+04
1.097764727918582733e-02, 4.426800000000000000e+04
1.099991431220648762e-02, 4.214300000000000000e+04
1.102218134522714790e-02, 3.913200000000000000e+04
1.104444837824780992e-02, 3.512500000000000000e+04
1.106671541126847021e-02, 3.071200000000000000e+04
1.108898244428913049e-02, 2.546000000000000000e+04
1.111124947730979251e-02, 1.883400000000000000e+04
1.113351651033045280e-02, 1.329900000000000000e+04
1.115578354335111308e-02, 6.393000000000000000e+03
1.117805057637177510e-02, 6.549800000000000000e+04
1.120031760939243538e-02, 5.895500000000000000e+04
1.122258464241309567e-02, 5.266100000000000000e+04
1.124485167543375769e-02, 4.631000000000000000e+04
1.126711870845441797e-02, 4.033000000000000000e+04
1.128938574147507999e-02, 3.572600000000000000e+04
1.131165277449574028e-02, 3.125000000000000000e+04
1.133391980751640056e-02, 2.725300000000000000e+04
1.135618684053706258e-02, 2.405700000000000000e+04
1.137845387355772286e-02, 2.165400000000000000e+04
1.140072090657838315e-02, 2.010600000000000000e+04
1.142298793959904517e-02, 2.058200000000000000e+04
1.144525497261970545e-02, 2.126800000000000000e+04
1.146752200564036574e-02, 2.343100000000000000e+04
1.148978903866102776e-02, 2.581300000000000000e+04
1.151205607168168804e-02, 2.890000000000000000e+04
1.153432310470234833e-02, 3.361600000000000000e+04
1.155659013772301034e-02, 3.854000000000000000e+04
1.157885717074367063e-02, 4.408300000000000000e+04
1.160112420376433265e-02, 4.947200000000000000e+04
1.162339123678499293e-02, 5.562500000000000000e+04
1.164565826980565322e-02, 6.220900000000000000e+04
1.166792530282631524e-02, 2.959000000000000000e+03
1.169019233584697552e-02, 9.189000000000000000e+03
1.171245936886763581e-02, 1.553900000000000000e+04
1.173472640188829783e-02, 2.241400000000000000e+04
1.175699343490895811e-02, 2.725700000000000000e+04
1.177926046792961839e-02, 3.177800000000000000e+04
1.180152750095028041e-02, 3.674900000000000000e+04
1.182379453397094070e-02, 4.057400000000000000e+04
1.184606156699160098e-02, 4.295000000000000000e+04
1.186832860001226300e-02, 4.446500000000000000e+04
1.189059563303292329e-02, 4.547500000000000000e+04
1.191286266605358531e-02, 4.485500000000000000e+04
1.193512969907424559e-02, 4.400100000000000000e+04
1.195739673209490588e-02, 4.175300000000000000e+04
1.197966376511556789e-02, 3.884900000000000000e+04
1.200193079813622818e-02, 3.462700000000000000e+04
1.202419783115688846e-02, 2.976200000000000000e+04
1.204646486417755048e-02, 2.437600000000000000e+04
1.206873189719821077e-02, 1.837200000000000000e+04
1.209099893021887105e-02, 1.290600000000000000e+04
1.211326596323953307e-02, 5.872000000000000000e+03
1.213553299626019336e-02, 6.492100000000000000e+04
1.215780002928085364e-02, 5.846800000000000000e+04
1.218006706230151566e-02, 5.200900000000000000e+04
1.220233409532217594e-02, 4.569700000000000000e+04
1.222460112834283796e-02, 3.967800000000000000e+04
1.224686816136349825e-02, 3.466300000000000000e+04
1.226913519438415853e-02, 3.008900000000000000e+04
1.229140222740482055e-02, 2.622900000000000000e+04
1.231366926042548084e-02, 2.323400000000000000e+04
1.233593629344614112e-02, 2.102500000000000000e+04
1.235820332646680314e-02, 1.989500000000000000e+04
1.238047035948746342e-02, 2.025500000000000000e+04
1.240273739250812371e-02, 2.111800000000000000e+04
1.242500442552878573e-02, 2.304000000000000000e+04
1.244727145854944601e-02, 2.527800000000000000e+04
1.246953849157010803e-02, 2.863200000000000000e+04
1.249180552459076832e-02, 3.349600000000000000e+04
1.251407255761142860e-02, 3.844000000000000000e+04
1.253633959063209062e-02, 4.414700000000000000e+04
1.255860662365275091e-02, 5.012800000000000000e+04
1.258087365667341119e-02, 5.646600000000000000e+04
1.260314068969407321e-02, 6.321800000000000000e+04
1.262540772271473349e-02, 4.024000000000000000e+03
1.264767475573539378e-02, 1.026100000000000000e+04
1.266994178875605580e-02, 1.667700000000000000e+04
1.269220882177671608e-02, 2.321800000000000000e+04
1.271447585479737637e-02, 2.798400000000000000e+04
1.273674288781803839e-02, 3.252100000000000000e+04
1.275900992083869867e-02, 3.734400000000000000e+04
1.278127695385936069e-02, 4.092800000000000000e+04
1.280354398688002097e-02, 4.319100000000000000e+04
1.282581101990068126e-02, 4.466100000000000000e+04
1.284807805292134328e-02, 4.547400000000000000e+04
1.287034508594200356e-02, 4.481200000000000000e+04
1.289261211896266385e-02, 4.377000000000000000e+04
1.291487915198332587e-02, 4.165400000000000000e+04
1.293714618500398615e-02, 3.876000000000000000e+04
1.295941321802464644e-02, 3.459600000000000000e+04
1.298168025104530846e-02, 2.980600000000000000e+04
1.300394728406596874e-02, 2.428700000000000000e+04
1.302621431708662902e-02, 1.851900000000000000e+04
1.304848135010729104e-02, 1.269800000000000000e+04
1.307074838312795133e-02, 5.608000000000000000e+03
1.309301541614861335e-02, 6.481800000000000000e+04
1.311528244916927363e-02, 5.865500000000000000e+04
1.313754948218993392e-02, 5.199100000000000000e+04
1.315981651521059594e-02, 4.583500000000000000e+04
1.318208354823125622e-02, 3.968300000000000000e+04
1.320435058125191650e-02, 3.482500000000000000e+04
1.322661761427257852e-02, 3.018000000000000000e+04
1.324888464729323881e-02, 2.630500000000000000e+04
1.327115168031389909e-02, 2.319900000000000000e+04
1.329341871333456111e-02, 2.097000000000000000e+04
1.331568574635522140e-02, 1.986100000000000000e+04
1.333795277937588168e-02, 2.020500000000000000e+04
1.336021981239654370e-02, 2.129700000000000000e+04
1.338248684541720399e-02, 2.328900000000000000e+04
1.340475387843786600e-02, 2.550900000000000000e+04
1.342702091145852629e-02, 2.905000000000000000e+04
1.344928794447918657e-02, 3.377700000000000000e+04
1.347155497749984859e-02, 3.860700000000000000e+04
1.349382201052050888e-02, 4.429200000000000000e+04
1.351608904354116916e-02, 5.023800000000000000e+04
1.353835607656183118e-02, 5.645800000000000000e+04
1.356062310958249147e-02, 6.338200000000000000e+04
1.358289014260315175e-02, 4.079000000000000000e+03
1.360515717562381377e-02, 1.043900000000000000e+04
1.362742420864447405e-02, 1.716900000000000000e+04
1.364969124166513434e-02, 2.363100000000000000e+04
1.367195827468579636e-02, 2.848700000000000000e+04
1.369422530770645664e-02, 3.296100000000000000e+04
1.371649234072711866e-02, 3.764300000000000000e+04
1.373875937374777895e-02, 4.113000000000000000e+04
1.376102640676843923e-02, 4.335900000000000000e+04
1.378329343978910125e-02, 4.482700000000000000e+04
1.380556047280976154e-02, 4.523600000000000000e+04
1.382782750583042182e-02, 4.422800000000000000e+04
1.385009453885108384e-02, 4.300000000000000000e+04
1.387236157187174412e-02, 4.078600000000000000e+04
1.389462860489240441e-02, 3.772600000000000000e+04
1.391689563791306643e-02, 3.360700000000000000e+04
1.393916267093372671e-02, 2.898400000000000000e+04
1.396142970395438700e-02, 2.344500000000000000e+04
1.398369673697504902e-02, 1.779000000000000000e+04
1.400596376999570930e-02, 1.162700000000000000e+04
1.402823080301637132e-02, 4.596000000000000000e+03
1.405049783603703160e-02, 6.362800000000000000e+04
1.407276486905769189e-02, 5.740500000000000000e+04
1.409503190207835391e-02, 5.083400000000000000e+04
1.411729893509901419e-02, 4.472300000000000000e+04
1.413956596811967448e-02, 3.894100000000000000e+04
1.416183300114033650e-02, 3.424400000000000000e+04
1.418410003416099678e-02, 2.962700000000000000e+04
1.420636706718165707e-02, 2.586400000000000000e+04
1.422863410020231908e-02, 2.300100000000000000e+04
1.425090113322297937e-02, 2.091700000000000000e+04
1.427316816624364139e-02, 1.985000000000000000e+04
1.429543519926430167e-02, 2.028000000000000000e+04
1.431770223228496196e-02, 2.136100000000000000e+04
1.433996926530562398e-02, 2.341100000000000000e+04
1.436223629832628426e-02, 2.558400000000000000e+04
1.438450333134694455e-02, 2.921000000000000000e+04
1.440677036436760657e-02, 3.401300000000000000e+04
1.442903739738826685e-02, 3.923600000000000000e+04
1.445130443040892713e-02, 4.499900000000000000e+04
1.447357146342958915e-02, 5.109500000000000000e+04
1.449583849645024944e-02, 5.710300000000000000e+04
1.451810552947090972e-02, 6.415100000000000000e+04
1.454037256249157174e-02, 4.260000000000000000e+03
1.456263959551223203e-02, 1.047700000000000000e+04
1.458490662853289405e-02, 1.733600000000000000e+04
1.460717366155355433e-02, 2.348700000000000000e+04
1.462944069457421462e-02, 2.851600000000000000e+04
1.465170772759487663e-02, 3.311100000000000000e+04
1.467397476061553692e-02, 3.777600000000000000e+04
1.469624179363619720e-02, 4.124100000000000000e+04
1.471850882665685922e-02, 4.353800000000000000e+04
1.474077585967751951e-02, 4.503000000000000000e+04
1.476304289269817979e-02, 4.528900000000000000e+04
1.478530992571884181e-02, 4.487700000000000000e+04
1.480757695873950210e-02, 4.356300000000000000e+04
1.482984399176016238e-02, 4.125200000000000000e+04
1.485211102478082440e-02, 3.782400000000000000e+04
1.487437805780148468e-02, 3.352600000000000000e+04
1.489664509082214670e-02, 2.906300000000000000e+04
1.491891212384280699e-02, 2.349700000000000000e+04
1.494117915686346727e-02, 1.785900000000000000e+04
1.496344618988412929e-02, 1.171500000000000000e+04
1.498571322290478958e-02, 4.527000000000000000e+03
1.500798025592544986e-02, 6.362700000000000000e+04
1.503024728894611188e-02, 5.721100000000000000e+04
1.505251432196677217e-02, 5.064200000000000000e+04
1.507478135498743245e-02, 4.467300000000000000e+04
1.509704838800809447e-02, 3.933100000000000000e+04
1.511931542102875475e-02, 3.459800000000000000e+04
1.514158245404941504e-02, 3.003000000000000000e+04
1.516384948707007706e-02, 2.623800000000000000e+04
1.518611652009073734e-02, 2.332400000000000000e+04
1.520838355311139936e-02, 2.118600000000000000e+04
1.523065058613205965e-02, 2.003600000000000000e+04
1.525291761915271993e-02, 2.052800000000000000e+04
1.527518465217338195e-02, 2.139800000000000000e+04
1.529745168519404223e-02, 2.344200000000000000e+04
1.531971871821470252e-02, 2.602800000000000000e+04
1.534198575123536454e-02, 2.985000000000000000e+04
1.536425278425602482e-02, 3.461000000000000000e+04
1.538651981727668511e-02, 3.999800000000000000e+04
1.540878685029734713e-02, 4.574800000000000000e+04
1.543105388331800741e-02, 5.185200000000000000e+04
1.545332091633866770e-02, 5.803300000000000000e+04
1.547558794935932971e-02, 6.497900000000000000e+04
1.549785498237999000e-02, 5.518000000000000000e+03
1.552012201540065202e-02, 1.175800000000000000e+04
1.554238904842131230e-02, 1.869300000000000000e+04
1.556465608144197259e-02, 2.443200000000000000e+04
1.558692311446263461e-02, 2.941000000000000000e+04
1.560919014748329489e-02, 3.391100000000000000e+04
1.563145718050395691e-02, 3.844500000000000000e+04
1.565372421352461546e-02, 4.176400000000000000e+04
1.567599124654527748e-02, 4.389400000000000000e+04
1.569825827956593950e-02, 4.512300000000000000e+04
1.572052531258659805e-02, 4.524200000000000000e+04
1.574279234560726007e-02, 4.476300000000000000e+04
1.576505937862792209e-02, 4.349500000000000000e+04
1.578732641164858064e-02, 4.098700000000000000e+04
1.580959344466924266e-02, 3.697900000000000000e+04
1.583186047768990468e-02, 3.257800000000000000e+04
1.585412751071056323e-02, 2.806900000000000000e+04
1.587639454373122525e-02, 2.242000000000000000e+04
1.589866157675188726e-02, 1.693100000000000000e+04
1.592092860977254928e-02, 1.075600000000000000e+04
1.594319564279320783e-02, 3.495000000000000000e+03
1.596546267581386985e-02, 6.277200000000000000e+04
1.598772970883453187e-02, 5.685200000000000000e+04
1.600999674185519042e-02, 5.056500000000000000e+04
1.603226377487585244e-02, 4.415200000000000000e+04
1.605453080789651446e-02, 3.879800000000000000e+04
1.607679784091717301e-02, 3.395200000000000000e+04
1.609906487393783503e-02, 2.945400000000000000e+04
1.612133190695849705e-02, 2.578700000000000000e+04
1.614359893997915560e-02, 2.299900000000000000e+04
1.616586597299981762e-02, 2.087800000000000000e+04
1.618813300602047964e-02, 1.976400000000000000e+04
1.621040003904113819e-02, 2.056800000000000000e+04
1.623266707206180021e-02, 2.162900000000000000e+04
1.625493410508246223e-02, 2.375600000000000000e+04
1.627720113810312078e-02, 2.639000000000000000e+04
1.629946817112378279e-02, 3.034800000000000000e+04
1.632173520414444481e-02, 3.505400000000000000e+04
1.634400223716510336e-02, 4.032600000000000000e+04
1.636626927018576538e-02, 4.595300000000000000e+04
1.638853630320642740e-02, 5.178500000000000000e+04
1.641080333622708595e-02, 5.810100000000000000e+04
1.643307036924774797e-02, 6.494000000000000000e+04
1.645533740226840999e-02, 5.727000000000000000e+03
1.647760443528906854e-02, 1.206100000000000000e+04
1.649987146830973056e-02, 1.904600000000000000e+04
1.652213850133039258e-02, 2.486300000000000000e+04
1.654440553435105460e-02, 2.984100000000000000e+04
1.656667256737171315e-02, 3.443200000000000000e+04
1.658893960039237517e-02, 3.880500000000000000e+04
1.661120663341303719e-02, 4.202400000000000000e+04
1.663347366643369574e-02, 4.402200000000000000e+04
1.665574069945435776e-02, 4.498600000000000000e+04
1.667800773247501978e-02, 4.519900000000000000e+04
1.670027476549567833e-02, 4.410500000000000000e+04
1.672254179851634034e-02, 4.279400000000000000e+04
1.674480883153700236e-02, 4.011600000000000000e+04
1.676707586455766091e-02, 3.645800000000000000e+04
1.678934289757832293e-02, 3.221400000000000000e+04
1.681160993059898495e-02, 2.782800000000000000e+04
1.683387696361964350e-02, 2.208900000000000000e+04
1.685614399664030552e-02, 1.657800000000000000e+04
1.687841102966096754e-02, 1.055300000000000000e+04
1.690067806268162609e-02, 3.497000000000000000e+03
1.692294509570228811e-02, 6.267500000000000000e+04
1.694521212872295013e-02, 5.620300000000000000e+04
1.696747916174360868e-02, 4.981000000000000000e+04
1.698974619476427070e-02, 4.322900000000000000e+04
1.701201322778493272e-02, 3.818600000000000000e+04
1.703428026080559127e-02, 3.336600000000000000e+04
1.705654729382625329e-02, 2.929600000000000000e+04
1.707881432684691531e-02, 2.605800000000000000e+04
1.710108135986757386e-02, 2.338600000000000000e+04
1.712334839288823587e-02, 2.134000000000000000e+04
1.714561542590889789e-02, 2.033900000000000000e+04
1.716788245892955991e-02, 2.105600000000000000e+04
1.719014949195021846e-02, 2.218700000000000000e+04
1.721241652497088048e-02, 2.426700000000000000e+04
1.723468355799154250e-02, 2.698000000000000000e+04
1.725695059101220105e-02, 3.127700000000000000e+04
1.727921762403286307e-02, 3.603000000000000000e+04
1.730148465705352509e-02, 4.144700000000000000e+04
1.732375169007418364e-02, 4.714000000000000000e+04
1.734601872309484566e-02, 5.271200000000000000e+04
1.736828575611550768e-02, 5.922400000000000000e+04
1.739055278913616623e-02, 3.510000000000000000e+02
1.741281982215682825e-02, 6.665000000000000000e+03
1.743508685517749027e-02, 1.304600000000000000e+04
1.745735388819814882e-02, 1.980200000000000000e+04
1.747962092121881084e-02, 2.550600000000000000e+04
1.750188795423947286e-02, 3.009800000000000000e+04
1.752415498726013141e-02, 3.497600000000000000e+04
1.754642202028079342e-02, 3.922800000000000000e+04
1.756868905330145544e-02, 4.232200000000000000e+04
1.759095608632211399e-02, 4.397700000000000000e+04
1.761322311934277601e-02, 4.504100000000000000e+04
1.763549015236343803e-02, 4.533200000000000000e+04
1.765775718538409658e-02, 4.448000000000000000e+04
1.768002421840475860e-02, 4.326600000000000000e+04
1.770229125142542062e-02, 4.047700000000000000e+04
1.772455828444608264e-02, 3.652300000000000000e+04
1.774682531746674119e-02, 3.212400000000000000e+04
1.776909235048740321e-02, 2.771600000000000000e+04
1.779135938350806523e-02, 2.149700000000000000e+04
1.781362641652872378e-02, 1.575200000000000000e+04
1.783589344954938580e-02, 9.358000000000000000e+03
1.785816048257004782e-02, 2.313000000000000000e+03
1.788042751559070637e-02, 6.156200000000000000e+04
1.790269454861136839e-02, 5.517600000000000000e+04
1.792496158163203041e-02, 4.882500000000000000e+04
1.794722861465268895e-02, 4.243800000000000000e+04
1.796949564767335097e-02, 3.747400000000000000e+04
1.799176268069401299e-02, 3.270300000000000000e+04
1.801402971371467154e-02, 2.843000000000000000e+04
1.803629674673533356e-02, 2.500800000000000000e+04
1.805856377975599558e-02, 2.243400000000000000e+04
1.808083081277665413e-02, 2.057200000000000000e+04
1.810309784579731615e-02, 2.008000000000000000e+04
1.812536487881797817e-02, 2.075700000000000000e+04
1.814763191183863672e-02, 2.198400000000000000e+04
1.816989894485929874e-02, 2.413500000000000000e+04
1.819216597787996076e-02, 2.669900000000000000e+04
1.821443301090061931e-02, 3.085400000000000000e+04
1.823670004392128133e-02, 3.587800000000000000e+04
1.825896707694194335e-02, 4.122700000000000000e+04
1.828123410996260190e-02, 4.733400000000000000e+04
1.830350114298326392e-02, 5.290600000000000000e+04
1.832576817600392594e-02, 5.918900000000000000e+04
1.834803520902458795e-02, 3.560000000000000000e+02
1.837030224204524650e-02, 6.501000000000000000e+03
1.839256927506590852e-02, 1.310100000000000000e+04
1.841483630808657054e-02, 1.972000000000000000e+04
1.843710334110722909e-02, 2.563600000000000000e+04
1.845937037412789111e-02, 3.004100000000000000e+04
1.848163740714855313e-02, 3.532700000000000000e+04
1.850390444016921168e-02, 3.953800000000000000e+04
1.852617147318987370e-02, 4.247800000000000000e+04
1.854843850621053572e-02, 4.404400000000000000e+04
1.857070553923119427e-02, 4.501200000000000000e+04
1.859297257225185629e-02, 4.533200000000000000e+04
1.861523960527251831e-02, 4.427800000000000000e+04
1.863750663829317686e-02, 4.293200000000000000e+04
1.865977367131383888e-02, 4.020300000000000000e+04
1.868204070433450090e-02, 3.582600000000000000e+04
1.870430773735515945e-02, 3.123200000000000000e+04
1.872657477037582147e-02, 2.681900000000000000e+04
1.874884180339648349e-02, 2.103200000000000000e+04
1.877110883641714204e-02, 1.526600000000000000e+04
1.879337586943780405e-02, 8.826000000000000000e+03
1.881564290245846607e-02, 1.902000000000000000e+03
1.883790993547912462e-02, 6.123900000000000000e+04
1.886017696849978664e-02, 5.470400000000000000e+04
1.888244400152044866e-02, 4.810000000000000000e+04
1.890471103454110721e-02, 4.191500000000000000e+04
1.892697806756176923e-02, 3.701700000000000000e+04
1.894924510058243125e-02, 3.230900000000000000e+04
1.897151213360309327e-02, 2.811500000000000000e+04
1.899377916662375182e-02, 2.476600000000000000e+04
1.901604619964441384e-02, 2.224900000000000000e+04
1.903831323266507586e-02, 2.043100000000000000e+04
1.906058026568573441e-02, 2.010200000000000000e+04
1.908284729870639643e-02, 2.066500000000000000e+04
1.910511433172705845e-02, 2.215200000000000000e+04
1.912738136474771700e-02, 2.436600000000000000e+04
1.914964839776837902e-02, 2.715200000000000000e+04
1.917191543078904103e-02, 3.138600000000000000e+04
1.919418246380969958e-02, 3.639100000000000000e+04
1.921644949683036160e-02, 4.164100000000000000e+04
1.923871652985102362e-02, 4.754300000000000000e+04
1.926098356287168217e-02, 5.310100000000000000e+04
1.928325059589234419e-02, 5.973500000000000000e+04
1.930551762891300621e-02, 1.075000000000000000e+03
1.932778466193366476e-02, 7.180000000000000000e+03
1.935005169495432678e-02, 1.387300000000000000e+04
1.937231872797498880e-02, 2.042000000000000000e+04
1.939458576099564735e-02, 2.626900000000000000e+04
1.941685279401630937e-02, 3.058600000000000000e+04
1.943911982703697139e-02, 3.591600000000000000e+04
1.946138686005762994e-02, 3.999000000000000000e+04
1.948365389307829196e-02, 4.250800000000000000e+04
1.950592092609895398e-02, 4.404500000000000000e+04
1.952818795911961600e-02, 4.502400000000000000e+04
1.955045499214027455e-02, 4.531300000000000000e+04
1.957272202516093657e-02, 4.418100000000000000e+04
1.959498905818159858e-02, 4.287000000000000000e+04
1.961725609120225713e-02, 4.017300000000000000e+04
1.963952312422291915e-02, 3.602500000000000000e+04
1.966179015724358117e-02, 3.160300000000000000e+04
1.968405719026423972e-02, 2.690600000000000000e+04
1.970632422328490174e-02, 2.095400000000000000e+04
1.972859125630556376e-02, 1.515000000000000000e+04
1.975085828932622231e-02, 8.573000000000000000e+03
1.977312532234688433e-02, 2.043000000000000000e+03
1.979539235536754635e-02, 6.135000000000000000e+04
1.981765938838820490e-02, 5.487900000000000000e+04
1.983992642140886692e-02, 4.804800000000000000e+04
1.986219345442952894e-02, 4.203200000000000000e+04
1.988446048745018749e-02, 3.692900000000000000e+04
1.990672752047084951e-02, 3.212500000000000000e+04
1.992899455349151153e-02, 2.791400000000000000e+04
1.995126158651217008e-02, 2.451800000000000000e+04
1.997352861953283210e-02, 2.201700000000000000e+04
1.999579565255349412e-02, 2.023400000000000000e+04
2.001806268557415266e-02, 2.028100000000000000e+04
2.004032971859481468e-02, 2.071300000000000000e+04
2.006259675161547670e-02, 2.231700000000000000e+04
2.008486378463613525e-02, 2.453300000000000000e+04
2.010713081765679727e-02, 2.758600000000000000e+04
2.012939785067745929e-02, 3.169300000000000000e+04
2.015166488369812131e-02, 3.660000000000000000e+04
2.017393191671877986e-02, 4.202500000000000000e+04
2.019619894973944188e-02, 4.800500000000000000e+04
2.021846598276010390e-02, 5.385400000000000000e+04
2.024073301578076245e-02, 6.056700000000000000e+04
2.026300004880142447e-02, 1.686000000000000000e+03
2.028526708182208649e-02, 7.860000000000000000e+03
2.030753411484274504e-02, 1.454000000000000000e+04
2.032980114786340706e-02, 2.120200000000000000e+04
2.035206818088406908e-02, 2.669800000000000000e+04
2.037433521390472763e-02, 3.096100000000000000e+04
2.039660224692538965e-02, 3.616200000000000000e+04
2.041886927994605166e-02, 4.011400000000000000e+04
2.044113631296671021e-02, 4.255500000000000000e+04
2.046340334598737223e-02, 4.409000000000000000e+04
2.048567037900803425e-02, 4.474400000000000000e+04
2.050793741202869280e-02, 4.455900000000000000e+04
2.053020444504935482e-02, 4.352500000000000000e+04
2.055247147807001684e-02, 4.207700000000000000e+04
2.057473851109067539e-02, 3.924500000000000000e+04
2.059700554411133741e-02, 3.538200000000000000e+04
2.061927257713199943e-02, 3.107500000000000000e+04
2.064153961015265798e-02, 2.622900000000000000e+04
2.066380664317332000e-02, 1.997000000000000000e+04
2.068607367619398202e-02, 1.413500000000000000e+04
2.070834070921464057e-02, 7.553000000000000000e+03
2.073060774223530259e-02, 8.880000000000000000e+02
2.075287477525596461e-02, 6.006500000000000000e+04
2.077514180827662663e-02, 5.372300000000000000e+04
2.079740884129728518e-02, 4.703600000000000000e+04
2.081967587431794720e-02, 4.121700000000000000e+04
2.084194290733860921e-02, 3.614900000000000000e+04
2.086420994035926776e-02, 3.138800000000000000e+04
2.088647697337992978e-02, 2.729800000000000000e+04
2.090874400640059180e-02, 2.409400000000000000e+04
2.093101103942125035e-02, 2.171500000000000000e+04
2.095327807244191237e-02, 2.001000000000000000e+04
2.097554510546257439e-02, 2.035100000000000000e+04
2.099781213848323294e-02, 2.074700000000000000e+04
2.102007917150389496e-02, 2.239700000000000000e+04
2.104234620452455698e-02, 2.450600000000000000e+04
2.106461323754521553e-02, 2.767100000000000000e+04
2.108688027056587755e-02, 3.204000000000000000e+04
2.110914730358653957e-02, 3.727100000000000000e+04
2.113141433660719812e-02, 4.283100000000000000e+04
2.115368136962786014e-02, 4.841800000000000000e+04
2.117594840264852216e-02, 5.442400000000000000e+04
2.119821543566918071e-02, 6.115700000000000000e+04
2.122048246868984273e-02, 1.826000000000000000e+03
2.124274950171050474e-02, 7.973000000000000000e+03
2.126501653473116329e-02, 1.448900000000000000e+04
2.128728356775182531e-02, 2.127200000000000000e+04
2.130955060077248733e-02, 2.655900000000000000e+04
2.133181763379314935e-02, 3.100200000000000000e+04
2.135408466681380790e-02, 3.617900000000000000e+04
2.137635169983446992e-02, 3.997600000000000000e+04
2.139861873285513194e-02, 4.197900000000000000e+04
2.142088576587579049e-02, 4.346100000000000000e+04
2.144315279889645251e-02, 4.455900000000000000e+04
2.146541983191711453e-02, 4.451000000000000000e+04
2.148768686493777308e-02, 4.380700000000000000e+04
2.150995389795843510e-02, 4.207500000000000000e+04
2.153222093097909712e-02, 3.909700000000000000e+04
2.155448796399975567e-02, 3.524500000000000000e+04
2.157675499702041769e-02, 3.050400000000000000e+04
2.159902203004107971e-02, 2.541500000000000000e+04
2.162128906306173826e-02, 1.915800000000000000e+04
2.164355609608240028e-02, 1.368800000000000000e+04
2.166582312910306229e-02, 7.048000000000000000e+03
2.168809016212372084e-02, 5.160000000000000000e+02
2.171035719514438286e-02, 5.954900000000000000e+04
2.173262422816504488e-02, 5.320200000000000000e+04
2.175489126118570343e-02, 4.652200000000000000e+04
2.177715829420636545e-02, 4.062300000000000000e+04
2.179942532722702747e-02, 3.555800000000000000e+04
2.182169236024768602e-02, 3.091700000000000000e+04
2.184395939326834804e-02, 2.692700000000000000e+04
2.186622642628901006e-02, 2.379800000000000000e+04
2.188849345930966861e-02, 2.147500000000000000e+04
2.191076049233033063e-02, 1.984200000000000000e+04
2.193302752535099265e-02, 2.032000000000000000e+04
2.195529455837165467e-02, 2.080400000000000000e+04
2.197756159139231322e-02, 2.258100000000000000e+04
2.199982862441297524e-02, 2.482100000000000000e+04
2.202209565743363726e-02, 2.797900000000000000e+04
2.204436269045429581e-02, 3.267400000000000000e+04
2.206662972347495782e-02, 3.784000000000000000e+04
2.208889675649561984e-02, 4.346200000000000000e+04
2.211116378951627839e-02, 4.915700000000000000e+04
2.213343082253694041e-02, 5.532700000000000000e+04
2.215569785555760243e-02, 6.226000000000000000e+04
2.217796488857826098e-02, 3.123000000000000000e+03
2.220023192159892300e-02, 9.300000000000000000e+03
2.222249895461958502e-02, 1.559500000000000000e+04
2.224476598764024357e-02, 2.234500000000000000e+04
2.226703302066090559e-02, 2.724000000000000000e+04
2.228930005368156761e-02, 3.172700000000000000e+04
2.231156708670222616e-02, 3.675800000000000000e+04
2.233383411972288818e-02, 4.052200000000000000e+04
2.235610115274355020e-02, 4.286700000000000000e+04
2.237836818576420875e-02, 4.436200000000000000e+04
2.240063521878487077e-02, 4.535700000000000000e+04
2.242290225180553279e-02, 4.489800000000000000e+04
2.244516928482619134e-02, 4.414800000000000000e+04
2.246743631784685336e-02, 4.214800000000000000e+04
2.248970335086751537e-02, 3.920500000000000000e+04
2.251197038388817392e-02, 3.521200000000000000e+04
2.253423741690883594e-02, 3.079100000000000000e+04
2.255650444992949796e-02, 2.552300000000000000e+04
2.257877148295015998e-02, 1.921700000000000000e+04
2.260103851597081853e-02, 1.370200000000000000e+04
2.262330554899148055e-02, 6.623000000000000000e+03
2.264557258201214257e-02, 1.300000000000000000e+01
2.266783961503280112e-02, 5.882500000000000000e+04
2.269010664805346314e-02, 5.248500000000000000e+04
2.271237368107412516e-02, 4.614500000000000000e+04
2.273464071409478371e-02, 4.019400000000000000e+04
2.275690774711544573e-02, 3.508800000000000000e+04
2.277917478013610775e-02, 3.046400000000000000e+04
2.280144181315676630e-02, 2.652800000000000000e+04
2.282370884617742832e-02, 2.346000000000000000e+04
2.284597587919809034e-02, 2.114800000000000000e+04
2.286824291221874889e-02, 1.971100000000000000e+04
2.289050994523941090e-02, 2.029000000000000000e+04
2.291277697826007292e-02, 2.105900000000000000e+04
2.293504401128073147e-02, 2.293800000000000000e+04
2.295731104430139349e-02, 2.517400000000000000e+04
2.297957807732205551e-02, 2.836900000000000000e+04
2.300184511034271406e-02, 3.333200000000000000e+04
2.302411214336337608e-02, 3.867500000000000000e+04
2.304637917638403810e-02, 4.435100000000000000e+04
2.306864620940469665e-02, 4.974600000000000000e+04
2.309091324242535867e-02, 5.585800000000000000e+04
2.311318027544602069e-02, 6.264100000000000000e+04
2.313544730846668271e-02, 3.581000000000000000e+03
2.315771434148734126e-02, 9.827000000000000000e+03
2.317998137450800328e-02, 1.613400000000000000e+04
2.320224840752866530e-02, 2.301000000000000000e+04
2.322451544054932385e-02, 2.776000000000000000e+04
2.324678247356998587e-02, 3.216800000000000000e+04
2.326904950659064789e-02, 3.703700000000000000e+04
2.329131653961130644e-02, 4.068900000000000000e+04
2.331358357263196845e-02, 4.299300000000000000e+04
2.333585060565263047e-02, 4.448600000000000000e+04
2.335811763867328902e-02, 4.546500000000000000e+04
2.338038467169395104e-02, 4.429900000000000000e+04
2.340265170471461306e-02, 4.333300000000000000e+04
2.342491873773527161e-02, 4.114800000000000000e+04
2.344718577075593363e-02, 3.836200000000000000e+04
2.346945280377659565e-02, 3.438100000000000000e+04
2.349171983679725420e-02, 2.982800000000000000e+04
2.351398686981791622e-02, 2.450200000000000000e+04
2.353625390283857824e-02, 1.862300000000000000e+04
2.355852093585923679e-02, 1.277100000000000000e+04
2.358078796887989881e-02, 5.617000000000000000e+03
2.360305500190056083e-02, 6.466200000000000000e+04
2.362532203492121938e-02, 5.824800000000000000e+04
2.364758906794188140e-02, 5.183800000000000000e+04
2.366985610096254342e-02, 4.571200000000000000e+04
2.369212313398320197e-02, 3.968600000000000000e+04
2.371439016700386399e-02, 3.473100000000000000e+04
2.373665720002452600e-02, 3.004200000000000000e+04
2.375892423304518802e-02, 2.613400000000000000e+04
2.378119126606584657e-02, 2.313700000000000000e+04
2.380345829908650859e-02, 2.094200000000000000e+04
2.382572533210717061e-02, 1.983100000000000000e+04
2.384799236512782916e-02, 2.027300000000000000e+04
2.387025939814849118e-02, 2.124200000000000000e+04
2.389252643116915320e-02, 2.318900000000000000e+04
2.391479346418981175e-02, 2.525800000000000000e+04
2.393706049721047377e-02, 2.855200000000000000e+04
2.395932753023113579e-02, 3.340700000000000000e+04
2.398159456325179434e-02, 3.836200000000000000e+04
2.400386159627245636e-02, 4.408500000000000000e+04
2.402612862929311838e-02, 4.985500000000000000e+04
2.404839566231377693e-02, 5.615900000000000000e+04
2.407066269533443895e-02, 6.297900000000000000e+04
2.409292972835510097e-02, 4.004000000000000000e+03
2.411519676137575952e-02, 1.037900000000000000e+04
2.413746379439642153e-02, 1.682700000000000000e+04
2.415973082741708355e-02, 2.335700000000000000e+04
2.418199786043774210e-02, 2.809600000000000000e+04
2.420426489345840412e-02, 3.254600000000000000e+04
2.422653192647906614e-02, 3.731700000000000000e+04
2.424879895949972469e-02, 4.088500000000000000e+04
2.427106599252038671e-02, 4.275500000000000000e+04
2.429333302554104873e-02, 4.397800000000000000e+04
2.431560005856170728e-02, 4.480800000000000000e+04
2.433786709158236930e-02, 4.425700000000000000e+04
2.436013412460303132e-02, 4.334300000000000000e+04
2.438240115762369334e-02, 4.118000000000000000e+04
2.440466819064435189e-02, 3.827200000000000000e+04
2.442693522366501391e-02, 3.415400000000000000e+04
2.444920225668567593e-02, 2.963500000000000000e+04
2.447146928970633448e-02, 2.431300000000000000e+04
2.449373632272699650e-02, 1.861300000000000000e+04
2.451600335574765852e-02, 1.280200000000000000e+04
2.453827038876831707e-02, 5.699000000000000000e+03
2.456053742178897908e-02, 6.452300000000000000e+04
2.458280445480964110e-02, 5.819300000000000000e+04
2.460507148783029965e-02, 5.146900000000000000e+04
2.462733852085096167e-02, 4.535500000000000000e+04
2.464960555387162369e-02, 3.918300000000000000e+04
2.467187258689228224e-02, 3.439700000000000000e+04
2.469413961991294426e-02, 2.984500000000000000e+04
2.471640665293360628e-02, 2.605600000000000000e+04
2.473867368595426483e-02, 2.313900000000000000e+04
2.476094071897492685e-02, 2.099700000000000000e+04
2.478320775199558887e-02, 1.991000000000000000e+04
2.480547478501624742e-02, 2.021400000000000000e+04
2.482774181803690944e-02, 2.122700000000000000e+04
2.485000885105757146e-02, 2.320200000000000000e+04
2.487227588407823001e-02, 2.542900000000000000e+04
2.489454291709889203e-02, 2.898500000000000000e+04
2.491680995011955405e-02, 3.382200000000000000e+04
2.493907698314021607e-02, 3.890000000000000000e+04
2.496134401616087461e-02, 4.463900000000000000e+04
2.498361104918153663e-02, 5.066000000000000000e+04
2.500587808220219865e-02, 5.705200000000000000e+04
2.502814511522285720e-02, 6.394600000000000000e+04
2.505041214824351922e-02, 4.543000000000000000e+03
2.507267918126418124e-02, 1.079400000000000000e+04
2.509494621428483979e-02, 1.742800000000000000e+04
2.511721324730550181e-02, 2.365100000000000000e+04
2.513948028032616383e-02, 2.850600000000000000e+04
2.516174731334682238e-02, 3.299700000000000000e+04
2.518401434636748440e-02, 3.774000000000000000e+04
2.520628137938814642e-02, 4.123300000000000000e+04
2.522854841240880497e-02, 4.344800000000000000e+04
2.525081544542946699e-02, 4.489700000000000000e+04
2.527308247845012901e-02, 4.535200000000000000e+04
2.529534951147078756e-02, 4.483700000000000000e+04
2.531761654449144958e-02, 4.362300000000000000e+04
2.533988357751211160e-02, 4.132300000000000000e+04
2.536215061053277015e-02, 3.829400000000000000e+04
2.538441764355343216e-02, 3.409700000000000000e+04
2.540668467657409418e-02, 2.936800000000000000e+04
2.542895170959475273e-02, 2.373100000000000000e+04
2.545121874261541475e-02, 1.802700000000000000e+04
2.547348577563607677e-02, 1.200200000000000000e+04
2.549575280865673532e-02, 4.940000000000000000e+03
2.551801984167739734e-02, 6.393600000000000000e+04
2.554028687469805936e-02, 5.741700000000000000e+04
2.556255390771872138e-02, 5.073600000000000000e+04
2.558482094073937993e-02, 4.460000000000000000e+04
2.560708797376004195e-02, 3.882900000000000000e+04
2.562935500678070397e-02, 3.415300000000000000e+04
2.565162203980136252e-02, 2.966500000000000000e+04
2.567388907282202454e-02, 2.594900000000000000e+04
2.569615610584268656e-02, 2.309800000000000000e+04
2.571842313886334511e-02, 2.090100000000000000e+04
2.574069017188400713e-02, 1.979600000000000000e+04
2.576295720490466915e-02, 2.022000000000000000e+04
2.578522423792532769e-02, 2.130800000000000000e+04
2.580749127094598971e-02, 2.337000000000000000e+04
2.582975830396665173e-02, 2.577500000000000000e+04
2.585202533698731028e-02, 2.949800000000000000e+04
2.587429237000797230e-02, 3.428500000000000000e+04
2.589655940302863432e-02, 3.927600000000000000e+04
2.591882643604929287e-02, 4.487600000000000000e+04
2.594109346906995489e-02, 5.093300000000000000e+04
2.596336050209061691e-02, 5.695200000000000000e+04
2.598562753511127546e-02, 6.402800000000000000e+04
2.600789456813193748e-02, 4.609000000000000000e+03
2.603016160115259950e-02, 1.097600000000000000e+04
2.605242863417325805e-02, 1.790300000000000000e+04
2.607469566719392007e-02, 2.401100000000000000e+04
2.609696270021458209e-02, 2.899600000000000000e+04
2.611922973323524064e-02, 3.350000000000000000e+04
2.614149676625590266e-02, 3.807000000000000000e+04
2.616376379927656468e-02, 4.145500000000000000e+04
2.618603083229722669e-02, 4.363100000000000000e+04
2.620829786531788524e-02, 4.504600000000000000e+04
2.623056489833854726e-02, 4.522500000000000000e+04
2.625283193135920928e-02, 4.486000000000000000e+04
2.627509896437986783e-02, 4.363700000000000000e+04
2.629736599740052985e-02, 4.134700000000000000e+04
2.631963303042119187e-02, 3.791200000000000000e+04
2.634190006344185042e-02, 3.359800000000000000e+04
2.636416709646251244e-02, 2.894300000000000000e+04
2.638643412948317446e-02, 2.321800000000000000e+04
2.640870116250383301e-02, 1.757300000000000000e+04
2.643096819552449503e-02, 1.159400000000000000e+04
2.645323522854515705e-02, 4.665000000000000000e+03
2.647550226156581560e-02, 6.383800000000000000e+04
2.649776929458647762e-02, 5.741600000000000000e+04
2.652003632760713964e-02, 5.081200000000000000e+04
2.654230336062779819e-02, 4.441900000000000000e+04
2.656457039364846021e-02, 3.886200000000000000e+04
2.658683742666912223e-02, 3.405900000000000000e+04
2.660910445968978078e-02, 2.945700000000000000e+04
2.663137149271044279e-02, 2.574300000000000000e+04
2.665363852573110481e-02, 2.293400000000000000e+04
2.667590555875176336e-02, 2.089600000000000000e+04
2.669817259177242538e-02, 1.982700000000000000e+04
2.672043962479308740e-02, 2.049700000000000000e+04
2.674270665781374942e-02, 2.146800000000000000e+04
2.676497369083440797e-02, 2.356400000000000000e+04
2.678724072385506999e-02, 2.608700000000000000e+04
2.680950775687573201e-02, 2.977600000000000000e+04
2.683177478989639056e-02, 3.449900000000000000e+04
2.685404182291705258e-02, 3.989100000000000000e+04
2.687630885593771460e-02, 4.565900000000000000e+04
2.689857588895837315e-02, 5.163300000000000000e+04
2.692084292197903517e-02, 5.773700000000000000e+04
2.694310995499969719e-02, 6.466100000000000000e+04
2.696537698802035574e-02, 5.337000000000000000e+03
2.698764402104101776e-02, 1.180600000000000000e+04
2.700991105406167977e-02, 1.881700000000000000e+04
2.703217808708233832e-02, 2.456400000000000000e+04
2.705444512010300034e-02, 2.952400000000000000e+04
2.707671215312366236e-02, 3.400100000000000000e+04
2.709897918614432091e-02, 3.845100000000000000e+04
2.712124621916498293e-02, 4.174400000000000000e+04
2.714351325218564495e-02, 4.388000000000000000e+04
2.716578028520630350e-02, 4.517100000000000000e+04
2.718804731822696552e-02, 4.530500000000000000e+04
2.721031435124762754e-02, 4.482200000000000000e+04
2.723258138426828609e-02, 4.354300000000000000e+04
2.725484841728894811e-02, 4.102300000000000000e+04
2.727711545030961013e-02, 3.737100000000000000e+04
2.729938248333026868e-02, 3.302200000000000000e+04
2.732164951635093070e-02, 2.846700000000000000e+04
2.734391654937159272e-02, 2.298400000000000000e+04
2.736618358239225474e-02, 1.747900000000000000e+04
2.738845061541291329e-02, 1.121200000000000000e+04
2.741071764843357531e-02, 3.847000000000000000e+03
2.743298468145423732e-02, 6.303000000000000000e+04
2.745525171447489587e-02, 5.656200000000000000e+04
2.747751874749555789e-02, 5.010300000000000000e+04
2.749978578051621991e-02, 4.361600000000000000e+04
2.752205281353687846e-02, 3.829700000000000000e+04
2.754431984655754048e-02, 3.348900000000000000e+04
2.756658687957820250e-02, 2.907700000000000000e+04
2.758885391259886105e-02, 2.550100000000000000e+04
2.761112094561952307e-02, 2.279100000000000000e+04
2.763338797864018509e-02, 2.082100000000000000e+04
2.765565501166084364e-02, 1.979400000000000000e+04
2.767792204468150566e-02, 2.065200000000000000e+04
2.770018907770216768e-02, 2.158400000000000000e+04
2.772245611072282623e-02, 2.367100000000000000e+04
2.774472314374348825e-02, 2.630400000000000000e+04
2.776699017676415027e-02, 3.027500000000000000e+04
2.778925720978480882e-02, 3.499700000000000000e+04
2.781152424280547084e-02, 4.054500000000000000e+04
2.783379127582613285e-02, 4.629400000000000000e+04
2.785605830884679140e-02, 5.209400000000000000e+04
2.787832534186745342e-02, 5.814900000000000000e+04
2.790059237488811544e-02, 6.477800000000000000e+04
2.792285940790877399e-02, 5.513000000000000000e+03
2.794512644092943601e-02, 1.186200000000000000e+04
2.796739347395009803e-02, 1.888400000000000000e+04
2.798966050697076005e-02, 2.465500000000000000e+04
2.801192753999141860e-02, 2.958500000000000000e+04
2.803419457301208062e-02, 3.433400000000000000e+04
2.805646160603274264e-02, 3.873900000000000000e+04
2.807872863905340119e-02, 4.203800000000000000e+04
2.810099567207406321e-02, 4.406400000000000000e+04
2.812326270509472523e-02, 4.503100000000000000e+04
2.814552973811538378e-02, 4.523800000000000000e+04
2.816779677113604580e-02, 4.452700000000000000e+04
2.819006380415670782e-02, 4.339600000000000000e+04
2.821233083717736637e-02, 4.062400000000000000e+04
2.823459787019802839e-02, 3.699500000000000000e+04
2.825686490321869040e-02, 3.273900000000000000e+04
2.827913193623934895e-02, 2.826600000000000000e+04
2.830139896926001097e-02, 2.242600000000000000e+04
2.832366600228067299e-02, 1.682600000000000000e+04
2.834593303530133154e-02, 1.041000000000000000e+04
2.836820006832199356e-02, 3.156000000000000000e+03
2.839046710134265558e-02, 6.224300000000000000e+04
2.841273413436331413e-02, 5.608700000000000000e+04
2.843500116738397615e-02, 5.001600000000000000e+04
2.845726820040463817e-02, 4.352100000000000000e+04
2.847953523342529672e-02, 3.846200000000000000e+04
2.850180226644595874e-02, 3.359400000000000000e+04
2.852406929946662076e-02, 2.914800000000000000e+04
2.854633633248728278e-02, 2.555100000000000000e+04
2.856860336550794133e-02, 2.282900000000000000e+04
2.859087039852860335e-02, 2.085200000000000000e+04
2.861313743154926537e-02, 1.987200000000000000e+04
2.863540446456992392e-02, 2.067000000000000000e+04
2.865767149759058594e-02, 2.189000000000000000e+04
2.867993853061124795e-02, 2.405000000000000000e+04
2.870220556363190650e-02, 2.662200000000000000e+04
2.872447259665256852e-02, 3.069900000000000000e+04
2.874673962967323054e-02, 3.554000000000000000e+04
2.876900666269388909e-02, 4.101300000000000000e+04
2.879127369571455111e-02, 4.654900000000000000e+04
2.881354072873521313e-02, 5.215500000000000000e+04
2.883580776175587168e-02, 5.876700000000000000e+04
2.885807479477653370e-02, 3.000000000000000000e+00
2.888034182779719572e-02, 6.348000000000000000e+03
2.890260886081785427e-02, 1.275200000000000000e+04
2.892487589383851629e-02, 1.950100000000000000e+04
2.894714292685917831e-02, 2.533400000000000000e+04
2.896940995987983686e-02, 3.007700000000000000e+04
2.899167699290049888e-02, 3.501400000000000000e+04
2.901394402592116090e-02, 3.928100000000000000e+04
2.903621105894181945e-02, 4.237200000000000000e+04
2.905847809196248147e-02, 4.401800000000000000e+04
2.908074512498314348e-02, 4.496900000000000000e+04
2.910301215800380203e-02, 4.525000000000000000e+04
2.912527919102446405e-02, 4.433200000000000000e+04
2.914754622404512607e-02, 4.327200000000000000e+04
2.916981325706578809e-02, 4.053800000000000000e+04
2.919208029008644664e-02, 3.659400000000000000e+04
2.921434732310710866e-02, 3.218800000000000000e+04
2.923661435612777068e-02, 2.776800000000000000e+04
2.925888138914842923e-02, 2.188400000000000000e+04
2.928114842216909125e-02, 1.608400000000000000e+04
2.930341545518975327e-02, 9.587000000000000000e+03
2.932568248821041182e-02, 2.893000000000000000e+03
2.934794952123107384e-02, 6.217800000000000000e+04
2.937021655425173586e-02, 5.571000000000000000e+04
2.939248358727239441e-02, 4.924400000000000000e+04
2.941475062029305643e-02, 4.275000000000000000e+04
2.943701765331371845e-02, 3.778200000000000000e+04
2.945928468633437700e-02, 3.295100000000000000e+04
2.948155171935503902e-02, 2.861600000000000000e+04
2.950381875237570103e-02, 2.506800000000000000e+04
2.952608578539635958e-02, 2.243800000000000000e+04
2.954835281841702160e-02, 2.055500000000000000e+04
2.957061985143768362e-02, 2.005900000000000000e+04
2.959288688445834217e-02, 2.073700000000000000e+04
2.961515391747900419e-02, 2.212400000000000000e+04
2.963742095049966621e-02, 2.431000000000000000e+04
2.965968798352032476e-02, 2.691000000000000000e+04
2.968195501654098678e-02, 3.086100000000000000e+04
2.970422204956164880e-02, 3.578600000000000000e+04
2.972648908258230735e-02, 4.111200000000000000e+04
2.974875611560296937e-02, 4.723000000000000000e+04
2.977102314862363139e-02, 5.282100000000000000e+04
2.979329018164429341e-02, 5.947700000000000000e+04
2.981555721466495196e-02, 8.350000000000000000e+02
2.983782424768561398e-02, 6.936000000000000000e+03
2.986009128070627600e-02, 1.366900000000000000e+04
2.988235831372693455e-02, 2.024800000000000000e+04
2.990462534674759656e-02, 2.606600000000000000e+04
2.992689237976825858e-02, 3.036800000000000000e+04
2.994915941278891713e-02, 3.556500000000000000e+04
2.997142644580957915e-02, 3.970700000000000000e+04
2.999369347883024117e-02, 4.243000000000000000e+04
3.001596051185089972e-02, 4.398000000000000000e+04
3.003822754487156174e-02, 4.505200000000000000e+04
3.006049457789222376e-02, 4.540400000000000000e+04
3.008276161091288231e-02, 4.435000000000000000e+04
3.010502864393354433e-02, 4.299300000000000000e+04
3.012729567695420635e-02, 4.025100000000000000e+04
3.014956270997486490e-02, 3.614900000000000000e+04
3.017182974299552692e-02, 3.173800000000000000e+04
3.019409677601618894e-02, 2.723400000000000000e+04
3.021636380903684749e-02, 2.152600000000000000e+04
3.023863084205750951e-02, 1.584900000000000000e+04
3.026089787507817153e-02, 9.350000000000000000e+03
3.028316490809883008e-02, 2.322000000000000000e+03
3.030543194111949210e-02, 6.155500000000000000e+04
3.032769897414015411e-02, 5.504700000000000000e+04
3.034996600716081613e-02, 4.836800000000000000e+04
3.037223304018147468e-02, 4.219900000000000000e+04
3.039450007320213670e-02, 3.717800000000000000e+04
3.041676710622279872e-02, 3.232300000000000000e+04
3.043903413924345727e-02, 2.807300000000000000e+04
3.046130117226411929e-02, 2.471000000000000000e+04
3.048356820528478131e-02, 2.219800000000000000e+04
3.050583523830543986e-02, 2.038900000000000000e+04
3.052810227132610188e-02, 2.023100000000000000e+04
3.055036930434676390e-02, 2.075500000000000000e+04
3.057263633736742245e-02, 2.227300000000000000e+04
3.059490337038808447e-02, 2.433700000000000000e+04
3.061717040340874649e-02, 2.707300000000000000e+04
3.063943743642940504e-02, 3.130000000000000000e+04
3.066170446945006706e-02, 3.631700000000000000e+04
3.068397150247072908e-02, 4.170500000000000000e+04
3.070623853549138763e-02, 4.783600000000000000e+04
3.072850556851204964e-02, 5.353800000000000000e+04
3.075077260153271166e-02, 6.003600000000000000e+04
3.077303963455337021e-02, 9.860000000000000000e+02
3.079530666757403223e-02, 6.963000000000000000e+03
3.081757370059469425e-02, 1.364400000000000000e+04
3.083984073361535280e-02, 2.022100000000000000e+04
3.086210776663601482e-02, 2.602000000000000000e+04
3.088437479965667684e-02, 3.033600000000000000e+04
3.090664183267733539e-02, 3.571600000000000000e+04
3.092890886569799741e-02, 3.991600000000000000e+04
3.095117589871865943e-02, 4.250300000000000000e+04
3.097344293173932145e-02, 4.406600000000000000e+04
3.099570996475998000e-02, 4.505100000000000000e+04
3.101797699778064202e-02, 4.533800000000000000e+04
3.104024403080130404e-02, 4.420200000000000000e+04
3.106251106382196259e-02, 4.272900000000000000e+04
3.108477809684262461e-02, 3.995500000000000000e+04
3.110704512986328663e-02, 3.583600000000000000e+04
3.112931216288394518e-02, 3.163300000000000000e+04
3.115157919590460719e-02, 2.701200000000000000e+04
3.117384622892526921e-02, 2.107100000000000000e+04
3.119611326194592776e-02, 1.525200000000000000e+04
3.121838029496658978e-02, 8.622000000000000000e+03
3.124064732798725180e-02, 1.732000000000000000e+03
3.126291436100791382e-02, 6.086800000000000000e+04
3.128518139402857584e-02, 5.440300000000000000e+04
3.130744842704923092e-02, 4.748800000000000000e+04
3.132971546006989294e-02, 4.152900000000000000e+04
3.135198249309055496e-02, 3.652700000000000000e+04
3.137424952611121698e-02, 3.182200000000000000e+04
3.139651655913187900e-02, 2.769400000000000000e+04
3.141878359215254102e-02, 2.442400000000000000e+04
3.144105062517319610e-02, 2.197900000000000000e+04
3.146331765819385812e-02, 2.021900000000000000e+04
3.148558469121452014e-02, 2.079800000000000000e+04
3.150785172423518216e-02, 2.139200000000000000e+04
3.153011875725584418e-02, 2.295000000000000000e+04
3.155238579027650619e-02, 2.504900000000000000e+04
3.157465282329716127e-02, 2.798000000000000000e+04
3.159691985631782329e-02, 3.216300000000000000e+04
3.161918688933848531e-02, 3.715400000000000000e+04
3.164145392235914733e-02, 4.256800000000000000e+04
3.166372095537980935e-02, 4.864800000000000000e+04
3.168598798840047137e-02, 5.454400000000000000e+04
3.170825502142112645e-02, 6.116600000000000000e+04
3.173052205444178847e-02, 2.157000000000000000e+03
3.175278908746245049e-02, 8.211000000000000000e+03
3.177505612048311251e-02, 1.467800000000000000e+04
3.179732315350377453e-02, 2.125900000000000000e+04
3.181959018652443655e-02, 2.663300000000000000e+04
3.184185721954509857e-02, 3.102800000000000000e+04
3.186412425256575365e-02, 3.626700000000000000e+04
3.188639128558641567e-02, 4.021600000000000000e+04
3.190865831860707769e-02, 4.264100000000000000e+04
3.193092535162773971e-02, 4.415600000000000000e+04
3.195319238464840172e-02, 4.513700000000000000e+04
3.197545941766906374e-02, 4.513700000000000000e+04
3.199772645068971882e-02, 4.417400000000000000e+04
3.201999348371038084e-02, 4.268000000000000000e+04
3.204226051673104286e-02, 3.979200000000000000e+04
3.206452754975170488e-02, 3.582300000000000000e+04
3.208679458277236690e-02, 3.140800000000000000e+04
3.210906161579302892e-02, 2.647000000000000000e+04
3.213132864881368400e-02, 2.023400000000000000e+04
3.215359568183434602e-02, 1.454700000000000000e+04
3.217586271485500804e-02, 7.894000000000000000e+03
3.219812974787567006e-02, 1.058000000000000000e+03
3.222039678089633208e-02, 6.000800000000000000e+04
3.224266381391699410e-02, 5.359200000000000000e+04
3.226493084693764918e-02, 4.689800000000000000e+04
3.228719787995831120e-02, 4.109900000000000000e+04
3.230946491297897322e-02, 3.605600000000000000e+04
3.233173194599963524e-02, 3.137200000000000000e+04
3.235399897902029726e-02, 2.730700000000000000e+04
3.237626601204095927e-02, 2.410500000000000000e+04
3.239853304506161435e-02, 2.166600000000000000e+04
3.242080007808227637e-02, 1.994700000000000000e+04
3.244306711110293839e-02, 2.029300000000000000e+04
3.246533414412360041e-02, 2.069900000000000000e+04
3.248760117714426243e-02, 2.242400000000000000e+04
3.250986821016492445e-02, 2.465700000000000000e+04
3.253213524318558647e-02, 2.787100000000000000e+04
3.255440227620624155e-02, 3.231300000000000000e+04
3.257666930922690357e-02, 3.788200000000000000e+04
3.259893634224756559e-02, 4.347000000000000000e+04
3.262120337526822761e-02, 4.896600000000000000e+04
3.264347040828888963e-02, 5.485300000000000000e+04
3.266573744130955165e-02, 6.169800000000000000e+04
3.268800447433020673e-02, 2.542000000000000000e+03
3.271027150735086875e-02, 8.706000000000000000e+03
3.273253854037153077e-02, 1.510400000000000000e+04
3.275480557339219279e-02, 2.190100000000000000e+04
3.277707260641285480e-02, 2.709500000000000000e+04
3.279933963943351682e-02, 3.142000000000000000e+04
3.282160667245417190e-02, 3.648800000000000000e+04
3.284387370547483392e-02, 4.031900000000000000e+04
3.286614073849549594e-02, 4.270400000000000000e+04
3.288840777151615796e-02, 4.422000000000000000e+04
3.291067480453681998e-02, 4.522300000000000000e+04
3.293294183755748200e-02, 4.452100000000000000e+04
3.295520887057813708e-02, 4.352800000000000000e+04
3.297747590359879910e-02, 4.173400000000000000e+04
3.299974293661946112e-02, 3.878700000000000000e+04
3.302200996964012314e-02, 3.499400000000000000e+04
3.304427700266078516e-02, 3.071400000000000000e+04
3.306654403568144718e-02, 2.567300000000000000e+04
3.308881106870210920e-02, 1.937400000000000000e+04
3.311107810172276428e-02, 1.361700000000000000e+04
3.313334513474342630e-02, 6.819000000000000000e+03
3.315561216776408832e-02, 2.650000000000000000e+02
3.317787920078475034e-02, 5.932900000000000000e+04
3.320014623380541235e-02, 5.302800000000000000e+04
3.322241326682607437e-02, 4.656200000000000000e+04
3.324468029984672945e-02, 4.065500000000000000e+04
3.326694733286739147e-02, 3.555200000000000000e+04
3.328921436588805349e-02, 3.088500000000000000e+04
3.331148139890871551e-02, 2.683600000000000000e+04
3.333374843192937753e-02, 2.370000000000000000e+04
3.335601546495003955e-02, 2.139000000000000000e+04
3.337828249797069463e-02, 1.977500000000000000e+04
3.340054953099135665e-02, 2.034800000000000000e+04
3.342281656401201867e-02, 2.096000000000000000e+04
3.344508359703268069e-02, 2.277300000000000000e+04
3.346735063005334271e-02, 2.481700000000000000e+04
3.348961766307400473e-02, 2.790400000000000000e+04
3.351188469609465981e-02, 3.258500000000000000e+04
3.353415172911532183e-02, 3.775900000000000000e+04
3.355641876213598385e-02, 4.339700000000000000e+04
3.357868579515664587e-02, 4.883700000000000000e+04
3.360095282817730789e-02, 5.499000000000000000e+04
3.362321986119796990e-02, 6.195200000000000000e+04
3.364548689421863192e-02, 3.065000000000000000e+03
3.366775392723928700e-02, 9.406000000000000000e+03
3.369002096025994902e-02, 1.574500000000000000e+04
3.371228799328061104e-02, 2.248700000000000000e+04
3.373455502630127306e-02, 2.735700000000000000e+04
3.375682205932193508e-02, 3.174300000000000000e+04
3.377908909234259710e-02, 3.671200000000000000e+04
3.380135612536325218e-02, 4.045800000000000000e+04
3.382362315838391420e-02, 4.251300000000000000e+04
3.384589019140457622e-02, 4.369500000000000000e+04
3.386815722442523824e-02, 4.468000000000000000e+04
3.389042425744590026e-02, 4.432300000000000000e+04
3.391269129046656228e-02, 4.370000000000000000e+04
3.393495832348721736e-02, 4.162700000000000000e+04
3.395722535650787938e-02, 3.875600000000000000e+04
3.397949238952854140e-02, 3.479800000000000000e+04
3.400175942254920342e-02, 3.039200000000000000e+04
3.402402645556986543e-02, 2.485100000000000000e+04
3.404629348859052745e-02, 1.855000000000000000e+04
3.406856052161118253e-02, 1.314100000000000000e+04
3.409082755463184455e-02, 6.189000000000000000e+03
3.411309458765250657e-02, 6.531900000000000000e+04
3.413536162067316859e-02, 5.877800000000000000e+04
3.415762865369383061e-02, 5.245800000000000000e+04
3.417989568671449263e-02, 4.616600000000000000e+04
3.420216271973514771e-02, 4.007700000000000000e+04
3.422442975275580973e-02, 3.493800000000000000e+04
3.424669678577647175e-02, 3.032500000000000000e+04
3.426896381879713377e-02, 2.641600000000000000e+04
3.429123085181779579e-02, 2.337500000000000000e+04
3.431349788483845781e-02, 2.112800000000000000e+04
3.433576491785911983e-02, 1.983300000000000000e+04
3.435803195087977491e-02, 2.035200000000000000e+04
3.438029898390043693e-02, 2.101800000000000000e+04
3.440256601692109895e-02, 2.286500000000000000e+04
3.442483304994176097e-02, 2.510100000000000000e+04
3.444710008296242298e-02, 2.830700000000000000e+04
3.446936711598308500e-02, 3.319100000000000000e+04
3.449163414900374008e-02, 3.820800000000000000e+04
3.451390118202440210e-02, 4.389000000000000000e+04
3.453616821504506412e-02, 4.944700000000000000e+04
3.455843524806572614e-02, 5.592000000000000000e+04
3.458070228108638816e-02, 6.282500000000000000e+04
3.460296931410705018e-02, 3.780000000000000000e+03
3.462523634712770526e-02, 1.000100000000000000e+04
3.464750338014836728e-02, 1.627100000000000000e+04
3.466977041316902930e-02, 2.298400000000000000e+04
3.469203744618969132e-02, 2.769700000000000000e+04
3.471430447921035334e-02, 3.214600000000000000e+04
3.473657151223101536e-02, 3.710100000000000000e+04
3.475883854525167044e-02, 4.077500000000000000e+04
3.478110557827233246e-02, 4.307400000000000000e+04
3.480337261129299448e-02, 4.455200000000000000e+04
3.482563964431365650e-02, 4.551500000000000000e+04
3.484790667733431851e-02, 4.484200000000000000e+04
3.487017371035498053e-02, 4.392000000000000000e+04
3.489244074337564255e-02, 4.166000000000000000e+04
3.491470777639629763e-02, 3.893400000000000000e+04
3.493697480941695965e-02, 3.488600000000000000e+04
3.495924184243762167e-02, 3.022900000000000000e+04
3.498150887545828369e-02, 2.480200000000000000e+04
3.500377590847894571e-02, 1.883900000000000000e+04
3.502604294149960773e-02, 1.316200000000000000e+04
3.504830997452026281e-02, 6.027000000000000000e+03
3.507057700754092483e-02, 6.490500000000000000e+04
3.509284404056158685e-02, 5.829100000000000000e+04
3.511511107358224887e-02, 5.174900000000000000e+04
3.513737810660291089e-02, 4.559000000000000000e+04
3.515964513962357291e-02, 3.957100000000000000e+04
3.518191217264422799e-02, 3.463700000000000000e+04
3.520417920566489001e-02, 3.006200000000000000e+04
3.522644623868555203e-02, 2.621200000000000000e+04
3.524871327170621405e-02, 2.322900000000000000e+04
3.527098030472687606e-02, 2.093700000000000000e+04
3.529324733774753808e-02, 1.978000000000000000e+04
3.531551437076819316e-02, 2.021300000000000000e+04
3.533778140378885518e-02, 2.118800000000000000e+04
3.536004843680951720e-02, 2.314600000000000000e+04
3.538231546983017922e-02, 2.538100000000000000e+04
3.540458250285084124e-02, 2.879700000000000000e+04
3.542684953587150326e-02, 3.364500000000000000e+04
3.544911656889216528e-02, 3.881100000000000000e+04
3.547138360191282036e-02, 4.470200000000000000e+04
3.549365063493348238e-02, 5.043700000000000000e+04
3.551591766795414440e-02, 5.663700000000000000e+04
3.553818470097480642e-02, 6.334400000000000000e+04
3.556045173399546844e-02, 4.074000000000000000e+03
3.558271876701613046e-02, 1.033300000000000000e+04
3.560498580003678554e-02, 1.684600000000000000e+04
3.562725283305744756e-02, 2.341700000000000000e+04
3.564951986607810958e-02, 2.822500000000000000e+04
3.567178689909877159e-02, 3.268000000000000000e+04
3.569405393211943361e-02, 3.743100000000000000e+04
3.571632096514009563e-02, 4.097500000000000000e+04
3.573858799816075071e-02, 4.322600000000000000e+04
3.576085503118141273e-02, 4.469800000000000000e+04
3.578312206420207475e-02, 4.539800000000000000e+04
3.580538909722273677e-02, 4.479400000000000000e+04
3.582765613024339879e-02, 4.385800000000000000e+04
3.584992316326406081e-02, 4.160600000000000000e+04
3.587219019628471589e-02, 3.859900000000000000e+04
3.589445722930537791e-02, 3.439400000000000000e+04
3.591672426232603993e-02, 2.959800000000000000e+04
3.593899129534670195e-02, 2.404300000000000000e+04
3.596125832836736397e-02, 1.832600000000000000e+04
3.598352536138802599e-02, 1.244200000000000000e+04
3.600579239440868107e-02, 5.149000000000000000e+03
3.602805942742934309e-02, 6.399000000000000000e+04
3.605032646045000511e-02, 5.775000000000000000e+04
3.607259349347066713e-02, 5.112800000000000000e+04
3.609486052649132914e-02, 4.510400000000000000e+04
3.611712755951199116e-02, 3.913300000000000000e+04
3.613939459253265318e-02, 3.443700000000000000e+04
3.616166162555330826e-02, 2.989600000000000000e+04
3.618392865857397028e-02, 2.599600000000000000e+04
3.620619569159463230e-02, 2.304800000000000000e+04
3.622846272461529432e-02, 2.090900000000000000e+04
3.625072975763595634e-02, 1.983700000000000000e+04
3.627299679065661836e-02, 2.019000000000000000e+04
3.629526382367727344e-02, 2.131800000000000000e+04
3.631753085669793546e-02, 2.333400000000000000e+04
3.633979788971859748e-02, 2.558400000000000000e+04
3.636206492273925950e-02, 2.898200000000000000e+04
3.638433195575992152e-02, 3.372500000000000000e+04
3.640659898878058354e-02, 3.878400000000000000e+04
3.642886602180123862e-02, 4.453400000000000000e+04
3.645113305482190064e-02, 5.057600000000000000e+04
3.647340008784256266e-02, 5.669100000000000000e+04
3.649566712086322468e-02, 6.368700000000000000e+04
3.651793415388388669e-02, 4.297000000000000000e+03
3.654020118690454871e-02, 1.081500000000000000e+04
3.656246821992520379e-02, 1.754300000000000000e+04
3.658473525294586581e-02, 2.378200000000000000e+04
3.660700228596652783e-02, 2.862300000000000000e+04
3.662926931898718985e-02, 3.309000000000000000e+04
3.665153635200785187e-02, 3.773700000000000000e+04
3.667380338502851389e-02, 4.119700000000000000e+04
3.669607041804917591e-02, 4.341700000000000000e+04
3.671833745106983099e-02, 4.436600000000000000e+04
3.674060448409049301e-02, 4.465700000000000000e+04
3.676287151711115503e-02, 4.419100000000000000e+04
3.678513855013181705e-02, 4.309600000000000000e+04
3.680740558315247907e-02, 4.092300000000000000e+04
3.682967261617314109e-02, 3.776500000000000000e+04
3.685193964919379617e-02, 3.359300000000000000e+04
3.687420668221445819e-02, 2.896300000000000000e+04
3.689647371523512021e-02, 2.361300000000000000e+04
3.691874074825578222e-02, 1.808600000000000000e+04
3.694100778127644424e-02, 1.211700000000000000e+04
3.696327481429710626e-02, 5.057000000000000000e+03
3.698554184731776134e-02, 6.403600000000000000e+04
3.700780888033842336e-02, 5.765600000000000000e+04
3.703007591335908538e-02, 5.100400000000000000e+04
3.705234294637974740e-02, 4.474400000000000000e+04
3.707460997940040942e-02, 3.888300000000000000e+04
3.709687701242107144e-02, 3.410400000000000000e+04
3.711914404544172652e-02, 2.958600000000000000e+04
3.714141107846238854e-02, 2.587200000000000000e+04
3.716367811148305056e-02, 2.303300000000000000e+04
3.718594514450371258e-02, 2.095800000000000000e+04
3.720821217752437460e-02, 1.988200000000000000e+04
3.723047921054503662e-02, 2.038500000000000000e+04
3.725274624356569864e-02, 2.171200000000000000e+04
3.727501327658635372e-02, 2.404100000000000000e+04
3.729728030960701574e-02, 2.643900000000000000e+04
3.731954734262767776e-02, 3.005500000000000000e+04
3.734181437564833977e-02, 3.471600000000000000e+04
3.736408140866900179e-02, 3.987000000000000000e+04
3.738634844168966381e-02, 4.552300000000000000e+04
3.740861547471031889e-02, 5.151100000000000000e+04
3.743088250773098091e-02, 5.756500000000000000e+04
3.745314954075164293e-02, 6.469600000000000000e+04
3.747541657377230495e-02, 5.192000000000000000e+03
3.749768360679296697e-02, 1.143700000000000000e+04
3.751995063981362899e-02, 1.824700000000000000e+04
3.754221767283428407e-02, 2.415900000000000000e+04
3.756448470585494609e-02, 2.907900000000000000e+04
3.758675173887560811e-02, 3.356700000000000000e+04
3.760901877189627013e-02, 3.811000000000000000e+04
3.763128580491693215e-02, 4.154700000000000000e+04
3.765355283793759417e-02, 4.372800000000000000e+04
3.767581987095824925e-02, 4.513000000000000000e+04
3.769808690397891127e-02, 4.529000000000000000e+04
3.772035393699957329e-02, 4.487700000000000000e+04
3.774262097002023530e-02, 4.354000000000000000e+04
3.776488800304089732e-02, 4.119000000000000000e+04
3.778715503606155934e-02, 3.771800000000000000e+04
3.780942206908221442e-02, 3.362700000000000000e+04
3.783168910210287644e-02, 2.904800000000000000e+04
3.785395613512353846e-02, 2.333500000000000000e+04
3.787622316814420048e-02, 1.767600000000000000e+04
3.789849020116486250e-02, 1.147500000000000000e+04
3.792075723418552452e-02, 4.200000000000000000e+03
3.794302426720618654e-02, 6.337500000000000000e+04
3.796529130022684162e-02, 5.695500000000000000e+04
3.798755833324750364e-02, 5.027700000000000000e+04
3.800982536626816566e-02, 4.394000000000000000e+04
3.803209239928882768e-02, 3.847900000000000000e+04
3.805435943230948970e-02, 3.377100000000000000e+04
3.807662646533015172e-02, 2.934600000000000000e+04
3.809889349835080680e-02, 2.571700000000000000e+04
3.812116053137146882e-02, 2.294800000000000000e+04
3.814342756439213084e-02, 2.092600000000000000e+04
3.816569459741279285e-02, 1.976600000000000000e+04
3.818796163043345487e-02, 2.041200000000000000e+04
3.821022866345411689e-02, 2.138700000000000000e+04
3.823249569647477197e-02, 2.349700000000000000e+04
3.825476272949543399e-02, 2.615100000000000000e+04
3.827702976251609601e-02, 3.002800000000000000e+04
3.829929679553675803e-02, 3.477400000000000000e+04
3.832156382855742005e-02, 4.021400000000000000e+04
3.834383086157808207e-02, 4.562500000000000000e+04
3.836609789459873715e-02, 5.147400000000000000e+04
3.838836492761939917e-02, 5.755700000000000000e+04
3.841063196064006119e-02, 6.450200000000000000e+04
3.843289899366072321e-02, 5.210000000000000000e+03
3.845516602668138523e-02, 1.157200000000000000e+04
3.847743305970204725e-02, 1.863300000000000000e+04
3.849970009272270927e-02, 2.439800000000000000e+04
3.852196712574336435e-02, 2.951600000000000000e+04
3.854423415876402637e-02, 3.405100000000000000e+04
3.856650119178468838e-02, 3.851500000000000000e+04
3.858876822480535040e-02, 4.180300000000000000e+04
3.861103525782601242e-02, 4.392800000000000000e+04
3.863330229084667444e-02, 4.504200000000000000e+04
3.865556932386732952e-02, 4.520100000000000000e+04
3.867783635688799154e-02, 4.465100000000000000e+04
3.870010338990865356e-02, 4.355100000000000000e+04
3.872237042292931558e-02, 4.109600000000000000e+04
3.874463745594997760e-02, 3.745600000000000000e+04
3.876690448897063962e-02, 3.309800000000000000e+04
3.878917152199129470e-02, 2.852800000000000000e+04
3.881143855501195672e-02, 2.272600000000000000e+04
3.883370558803261874e-02, 1.713100000000000000e+04
3.885597262105328076e-02, 1.080900000000000000e+04
3.887823965407394278e-02, 3.304000000000000000e+03
3.890050668709460480e-02, 6.246200000000000000e+04
3.892277372011525988e-02, 5.607400000000000000e+04
3.894504075313592190e-02, 4.972000000000000000e+04
3.896730778615658392e-02, 4.333200000000000000e+04
3.898957481917724593e-02, 3.819400000000000000e+04
3.901184185219790795e-02, 3.346000000000000000e+04
3.903410888521856997e-02, 2.908100000000000000e+04
3.905637591823923199e-02, 2.579600000000000000e+04
3.907864295125988707e-02, 2.342900000000000000e+04
3.910090998428054909e-02, 2.148500000000000000e+04
3.912317701730121111e-02, 2.036300000000000000e+04
3.914544405032187313e-02, 2.109800000000000000e+04
3.916771108334253515e-02, 2.210000000000000000e+04
3.918997811636319717e-02, 2.413900000000000000e+04
3.921224514938385225e-02, 2.667300000000000000e+04
3.923451218240451427e-02, 3.076300000000000000e+04
3.925677921542517629e-02, 3.571000000000000000e+04
3.927904624844583831e-02, 4.122800000000000000e+04
3.930131328146650033e-02, 4.686000000000000000e+04
3.932358031448716235e-02, 5.252800000000000000e+04
3.934584734750781743e-02, 5.884800000000000000e+04
3.936811438052847945e-02, 6.550600000000000000e+04
3.939038141354914146e-02, 6.229000000000000000e+03
3.941264844656980348e-02, 1.247500000000000000e+04
3.943491547959046550e-02, 1.949500000000000000e+04
3.945718251261112752e-02, 2.516900000000000000e+04
3.947944954563178260e-02, 2.998400000000000000e+04
3.950171657865244462e-02, 3.462800000000000000e+04
3.952398361167310664e-02, 3.894800000000000000e+04
3.954625064469376866e-02, 4.213100000000000000e+04
3.956851767771443068e-02, 4.402000000000000000e+04
3.959078471073509270e-02, 4.486800000000000000e+04
3.961305174375574778e-02, 4.463000000000000000e+04
3.963531877677640980e-02, 4.385200000000000000e+04
3.965758580979707182e-02, 4.280200000000000000e+04
3.967985284281773384e-02, 4.015200000000000000e+04
3.970211987583839586e-02, 3.644100000000000000e+04
3.972438690885905788e-02, 3.216500000000000000e+04
3.974665394187971990e-02, 2.778100000000000000e+04
3.976892097490037498e-02, 2.193500000000000000e+04
3.979118800792103700e-02, 1.614400000000000000e+04
3.981345504094169901e-02, 9.765000000000000000e+03
3.983572207396236103e-02, 2.626000000000000000e+03
3.985798910698302305e-02, 6.183800000000000000e+04
3.988025614000368507e-02, 5.547800000000000000e+04
3.990252317302434015e-02, 4.921700000000000000e+04
3.992479020604500217e-02, 4.274200000000000000e+04
3.994705723906566419e-02, 3.784300000000000000e+04
3.996932427208632621e-02, 3.300500000000000000e+04
3.999159130510698823e-02, 2.866200000000000000e+04
4.001385833812765025e-02, 2.517900000000000000e+04
4.003612537114830533e-02, 2.255700000000000000e+04
4.005839240416896735e-02, 2.065900000000000000e+04
4.008065943718962937e-02, 1.993100000000000000e+04
4.010292647021029139e-02, 2.072000000000000000e+04
4.012519350323095341e-02, 2.200700000000000000e+04
4.014746053625161543e-02, 2.400700000000000000e+04
4.016972756927227051e-02, 2.652800000000000000e+04
4.019199460229293253e-02, 3.060000000000000000e+04
4.021426163531359455e-02, 3.545500000000000000e+04
4.023652866833425656e-02, 4.094700000000000000e+04
4.025879570135491858e-02, 4.687200000000000000e+04
4.028106273437558060e-02, 5.252100000000000000e+04
4.030332976739624262e-02, 5.916700000000000000e+04
4.032559680041689770e-02, 5.700000000000000000e+02
4.034786383343755972e-02, 6.899000000000000000e+03
4.037013086645822174e-02, 1.321100000000000000e+04
4.039239789947888376e-02, 1.985500000000000000e+04
4.041466493249954578e-02, 2.559400000000000000e+04
4.043693196552020780e-02, 3.010000000000000000e+04
4.045919899854086288e-02, 3.510700000000000000e+04
4.048146603156152490e-02, 3.933900000000000000e+04
4.050373306458218692e-02, 4.241500000000000000e+04
4.052600009760284894e-02, 4.410200000000000000e+04
4.054826713062351096e-02, 4.505500000000000000e+04
4.057053416364417298e-02, 4.532300000000000000e+04
4.059280119666482806e-02, 4.438900000000000000e+04
4.061506822968549008e-02, 4.312800000000000000e+04
4.063733526270615209e-02, 4.036200000000000000e+04
4.065960229572681411e-02, 3.636300000000000000e+04
4.068186932874747613e-02, 3.172500000000000000e+04
4.070413636176813815e-02, 2.712900000000000000e+04
4.072640339478879323e-02, 2.128200000000000000e+04
4.074867042780945525e-02, 1.558900000000000000e+04
4.077093746083011727e-02, 9.209000000000000000e+03
4.079320449385077929e-02, 2.208000000000000000e+03
4.081547152687144131e-02, 6.151200000000000000e+04
4.083773855989210333e-02, 5.510300000000000000e+04
4.086000559291276535e-02, 4.897400000000000000e+04
4.088227262593342043e-02, 4.288900000000000000e+04
4.090453965895408245e-02, 3.805000000000000000e+04
4.092680669197474447e-02, 3.322300000000000000e+04
4.094907372499540649e-02, 2.884700000000000000e+04
4.097134075801606851e-02, 2.532100000000000000e+04
4.099360779103673053e-02, 2.265800000000000000e+04
4.101587482405738561e-02, 2.072700000000000000e+04
4.103814185707804763e-02, 2.017400000000000000e+04
4.106040889009870964e-02, 2.074800000000000000e+04
4.108267592311937166e-02, 2.209400000000000000e+04
4.110494295614003368e-02, 2.427100000000000000e+04
4.112720998916069570e-02, 2.687300000000000000e+04
4.114947702218135078e-02, 3.104700000000000000e+04
4.117174405520201280e-02, 3.608900000000000000e+04
4.119401108822267482e-02, 4.140800000000000000e+04
4.121627812124333684e-02, 4.771000000000000000e+04
4.123854515426399886e-02, 5.342200000000000000e+04
4.126081218728466088e-02, 6.002800000000000000e+04
4.128307922030531596e-02, 1.282000000000000000e+03
4.130534625332597798e-02, 7.275000000000000000e+03
4.132761328634664000e-02, 1.381600000000000000e+04
4.134988031936730202e-02, 2.026600000000000000e+04
4.137214735238796404e-02, 2.607000000000000000e+04
4.139441438540862606e-02, 3.043400000000000000e+04
4.141668141842928114e-02, 3.568100000000000000e+04
4.143894845144994316e-02, 3.982300000000000000e+04
4.146121548447060517e-02, 4.252700000000000000e+04
4.148348251749126719e-02, 4.405600000000000000e+04
4.150574955051192921e-02, 4.501400000000000000e+04
4.152801658353259123e-02, 4.535100000000000000e+04
4.155028361655325325e-02, 4.423600000000000000e+04
4.157255064957390833e-02, 4.272600000000000000e+04
4.159481768259457035e-02, 3.961800000000000000e+04
4.161708471561523237e-02, 3.548300000000000000e+04
4.163935174863589439e-02, 3.116400000000000000e+04
4.166161878165655641e-02, 2.678300000000000000e+04
4.168388581467721843e-02, 2.100000000000000000e+04
4.170615284769787351e-02, 1.522100000000000000e+04
4.172841988071853553e-02, 8.730000000000000000e+03
4.175068691373919755e-02, 1.825000000000000000e+03
4.177295394675985957e-02, 6.155400000000000000e+04
4.179522097978052159e-02, 5.522700000000000000e+04
4.181748801280118361e-02, 4.858600000000000000e+04
4.183975504582183869e-02, 4.239600000000000000e+04
4.186202207884250071e-02, 3.733700000000000000e+04
4.188428911186316272e-02, 3.250800000000000000e+04
4.190655614488382474e-02, 2.823600000000000000e+04
4.192882317790448676e-02, 2.483600000000000000e+04
4.195109021092514878e-02, 2.222200000000000000e+04
4.197335724394580386e-02, 2.037300000000000000e+04
4.199562427696646588e-02, 2.020200000000000000e+04
4.201789130998712790e-02, 2.072600000000000000e+04
4.204015834300778992e-02, 2.224900000000000000e+04
4.206242537602845194e-02, 2.445800000000000000e+04
4.208469240904911396e-02, 2.733000000000000000e+04
4.210695944206977598e-02, 3.157800000000000000e+04
4.212922647509043106e-02, 3.635700000000000000e+04
4.215149350811109308e-02, 4.159600000000000000e+04
4.217376054113175510e-02, 4.769100000000000000e+04
4.219602757415241712e-02, 5.340200000000000000e+04
4.221829460717307914e-02, 6.004600000000000000e+04
4.224056164019374116e-02, 1.310000000000000000e+03
4.226282867321439624e-02, 7.434000000000000000e+03
4.228509570623505825e-02, 1.407700000000000000e+04
4.230736273925572027e-02, 2.075000000000000000e+04
4.232962977227638229e-02, 2.650000000000000000e+04
4.235189680529704431e-02, 3.072400000000000000e+04
4.237416383831770633e-02, 3.600900000000000000e+04
4.239643087133836141e-02, 4.003500000000000000e+04
4.241869790435902343e-02, 4.250500000000000000e+04
4.244096493737968545e-02, 4.404300000000000000e+04
4.246323197040034747e-02, 4.503200000000000000e+04
4.248549900342100949e-02, 4.488500000000000000e+04
4.250776603644167151e-02, 4.353900000000000000e+04
4.253003306946232659e-02, 4.209400000000000000e+04
4.255230010248298861e-02, 3.942900000000000000e+04
4.257456713550365063e-02, 3.543300000000000000e+04
4.259683416852431265e-02, 3.113800000000000000e+04
4.261910120154497467e-02, 2.646500000000000000e+04
4.264136823456563669e-02, 2.052900000000000000e+04
4.266363526758629870e-02, 1.463500000000000000e+04
4.268590230060695379e-02, 7.960000000000000000e+03
4.270816933362761580e-02, 1.157000000000000000e+03
4.273043636664827782e-02, 6.041500000000000000e+04
4.275270339966893984e-02, 5.406500000000000000e+04
4.277497043268960186e-02, 4.734500000000000000e+04
4.279723746571026388e-02, 4.151600000000000000e+04
4.281950449873091896e-02, 3.649400000000000000e+04
4.284177153175158098e-02, 3.177500000000000000e+04
4.286403856477224300e-02, 2.758700000000000000e+04
4.288630559779290502e-02, 2.431200000000000000e+04
4.290857263081356704e-02, 2.188300000000000000e+04
4.293083966383422906e-02, 2.014300000000000000e+04
4.295310669685488414e-02, 2.030100000000000000e+04
4.297537372987554616e-02, 2.069200000000000000e+04
4.299764076289620818e-02, 2.233600000000000000e+04
4.301990779591687020e-02, 2.488000000000000000e+04
4.304217482893753222e-02, 2.819200000000000000e+04
4.306444186195819424e-02, 3.248200000000000000e+04
4.308670889497884932e-02, 3.746200000000000000e+04
4.310897592799951134e-02, 4.282300000000000000e+04
4.313124296102017335e-02, 4.855600000000000000e+04
4.315350999404083537e-02, 5.435100000000000000e+04
4.317577702706149739e-02, 6.105200000000000000e+04
4.319804406008215941e-02, 2.144000000000000000e+03
4.322031109310281449e-02, 8.362000000000000000e+03
4.324257812612347651e-02, 1.486600000000000000e+04
4.326484515914413853e-02, 2.143100000000000000e+04
4.328711219216480055e-02, 2.677200000000000000e+04
4.330937922518546257e-02, 3.104600000000000000e+04
4.333164625820612459e-02, 3.620900000000000000e+04
4.335391329122678661e-02, 4.013200000000000000e+04
4.337618032424744169e-02, 4.256500000000000000e+04
4.339844735726810371e-02, 4.419100000000000000e+04
4.342071439028876573e-02, 4.520700000000000000e+04
4.344298142330942775e-02, 4.520900000000000000e+04
4.346524845633008977e-02, 4.423500000000000000e+04
4.348751548935075179e-02, 4.260500000000000000e+04
4.350978252237140687e-02, 3.956900000000000000e+04
4.353204955539206888e-02, 3.563700000000000000e+04
4.355431658841273090e-02, 3.123600000000000000e+04
4.357658362143339292e-02, 2.590900000000000000e+04
4.359885065445405494e-02, 1.961900000000000000e+04
4.362111768747471696e-02, 1.400800000000000000e+04
4.364338472049537204e-02, 7.468000000000000000e+03
4.366565175351603406e-02, 8.460000000000000000e+02
4.368791878653669608e-02, 5.996100000000000000e+04
4.371018581955735810e-02, 5.360300000000000000e+04
4.373245285257802012e-02, 4.696300000000000000e+04
4.375471988559868214e-02, 4.099600000000000000e+04
4.377698691861933722e-02, 3.590900000000000000e+04
4.379925395163999924e-02, 3.123200000000000000e+04
4.382152098466066126e-02, 2.719100000000000000e+04
4.384378801768132328e-02, 2.401600000000000000e+04
4.386605505070198530e-02, 2.165400000000000000e+04
4.388832208372264732e-02, 1.996000000000000000e+04
4.391058911674330933e-02, 2.038300000000000000e+04
4.393285614976396442e-02, 2.066800000000000000e+04
4.395512318278462643e-02, 2.235300000000000000e+04
4.397739021580528845e-02, 2.458300000000000000e+04
4.399965724882595047e-02, 2.780800000000000000e+04
4.402192428184661249e-02, 3.226300000000000000e+04
4.404419131486727451e-02, 3.750400000000000000e+04
4.406645834788792959e-02, 4.308200000000000000e+04
4.408872538090859161e-02, 4.857500000000000000e+04
4.411099241392925363e-02, 5.487900000000000000e+04
4.413325944694991565e-02, 6.187200000000000000e+04
4.415552647997057767e-02, 2.743000000000000000e+03
4.417779351299123969e-02, 8.885000000000000000e+03
4.420006054601189477e-02, 1.524700000000000000e+04
4.422232757903255679e-02, 2.193000000000000000e+04
4.424459461205321881e-02, 2.700400000000000000e+04
4.426686164507388083e-02, 3.137400000000000000e+04
4.428912867809454285e-02, 3.654500000000000000e+04
4.431139571111520487e-02, 4.040500000000000000e+04
4.433366274413585995e-02, 4.278600000000000000e+04
4.435592977715652196e-02, 4.428900000000000000e+04
4.437819681017718398e-02, 4.527500000000000000e+04
4.440046384319784600e-02, 4.498700000000000000e+04
4.442273087621850802e-02, 4.421000000000000000e+04
4.444499790923917004e-02, 4.221400000000000000e+04
4.446726494225983206e-02, 3.936100000000000000e+04
4.448953197528048714e-02, 3.551400000000000000e+04
4.451179900830114916e-02, 3.113200000000000000e+04
4.453406604132181118e-02, 2.598800000000000000e+04
4.455633307434247320e-02, 1.960200000000000000e+04
4.457860010736313522e-02, 1.403000000000000000e+04
4.460086714038379724e-02, 7.160000000000000000e+03
4.462313417340445232e-02, 5.700000000000000000e+02
4.464540120642511434e-02, 5.979100000000000000e+04
4.466766823944577636e-02, 5.368100000000000000e+04
4.468993527246643838e-02, 4.718200000000000000e+04
4.471220230548710040e-02, 4.116500000000000000e+04
4.473446933850776241e-02, 3.594300000000000000e+04
4.475673637152841750e-02, 3.117000000000000000e+04
4.477900340454907951e-02, 2.708500000000000000e+04
4.480127043756974153e-02, 2.389100000000000000e+04
4.482353747059040355e-02, 2.152200000000000000e+04
4.484580450361106557e-02, 1.981100000000000000e+04
4.486807153663172759e-02, 2.034400000000000000e+04
4.489033856965238267e-02, 2.094100000000000000e+04
4.491260560267304469e-02, 2.275200000000000000e+04
4.493487263569370671e-02, 2.498400000000000000e+04
4.495713966871436873e-02, 2.811500000000000000e+04
4.497940670173503075e-02, 3.289600000000000000e+04
4.500167373475569277e-02, 3.815200000000000000e+04
4.502394076777634785e-02, 4.400900000000000000e+04
4.504620780079700987e-02, 4.943300000000000000e+04
4.506847483381767189e-02, 5.548700000000000000e+04
4.509074186683833391e-02, 6.233500000000000000e+04
4.511300889985899593e-02, 3.252000000000000000e+03
4.513527593287965795e-02, 9.459000000000000000e+03
4.515754296590031996e-02, 1.573500000000000000e+04
4.517980999892097504e-02, 2.252700000000000000e+04
4.520207703194163706e-02, 2.748100000000000000e+04
4.522434406496229908e-02, 3.187900000000000000e+04
4.524661109798296110e-02, 3.683100000000000000e+04
4.526887813100362312e-02, 4.055100000000000000e+04
4.529114516402428514e-02, 4.288300000000000000e+04
4.531341219704494022e-02, 4.438200000000000000e+04
4.533567923006560224e-02, 4.538700000000000000e+04
4.535794626308626426e-02, 4.485100000000000000e+04
4.538021329610692628e-02, 4.422500000000000000e+04
4.540248032912758830e-02, 4.206800000000000000e+04
4.542474736214825032e-02, 3.909900000000000000e+04
4.544701439516890540e-02, 3.505000000000000000e+04
4.546928142818956742e-02, 3.057200000000000000e+04
4.549154846121022944e-02, 2.525400000000000000e+04
4.551381549423089146e-02, 1.904100000000000000e+04
4.553608252725155348e-02, 1.357300000000000000e+04
4.555834956027221549e-02, 6.826000000000000000e+03
4.558061659329287058e-02, 3.950000000000000000e+02
4.560288362631353259e-02, 5.928400000000000000e+04
4.562515065933419461e-02, 5.284700000000000000e+04
4.564741769235485663e-02, 4.645100000000000000e+04
4.566968472537551865e-02, 4.035700000000000000e+04
4.569195175839618067e-02, 3.517500000000000000e+04
4.571421879141684269e-02, 3.048900000000000000e+04
4.573648582443749777e-02, 2.708800000000000000e+04
4.575875285745815979e-02, 2.412800000000000000e+04
4.578101989047882181e-02, 2.179300000000000000e+04
4.580328692349948383e-02, 2.036100000000000000e+04
4.582555395652014585e-02, 2.074800000000000000e+04
4.584782098954080787e-02, 2.146100000000000000e+04
4.587008802256146295e-02, 2.326600000000000000e+04
4.589235505558212497e-02, 2.542600000000000000e+04
4.591462208860278699e-02, 2.897300000000000000e+04
4.593688912162344901e-02, 3.392800000000000000e+04
4.595915615464411103e-02, 3.885500000000000000e+04
4.598142318766477304e-02, 4.440300000000000000e+04
4.600369022068542812e-02, 4.983100000000000000e+04
4.602595725370609014e-02, 5.598400000000000000e+04
4.604822428672675216e-02, 6.275200000000000000e+04
4.607049131974741418e-02, 3.668000000000000000e+03
4.609275835276807620e-02, 1.010900000000000000e+04
4.611502538578873822e-02, 1.645500000000000000e+04
4.613729241880939330e-02, 2.316700000000000000e+04
4.615955945183005532e-02, 2.785100000000000000e+04
4.618182648485071734e-02, 3.226500000000000000e+04
4.620409351787137936e-02, 3.710200000000000000e+04
4.622636055089204138e-02, 4.073000000000000000e+04
4.624862758391270340e-02, 4.302900000000000000e+04
4.627089461693336542e-02, 4.452600000000000000e+04
4.629316164995402050e-02, 4.556900000000000000e+04
4.631542868297468252e-02, 4.491600000000000000e+04
4.633769571599534454e-02, 4.398900000000000000e+04
4.635996274901600656e-02, 4.171700000000000000e+04
4.638222978203666857e-02, 3.879800000000000000e+04
4.640449681505733059e-02, 3.465500000000000000e+04
4.642676384807798567e-02, 2.991500000000000000e+04
4.644903088109864769e-02, 2.433400000000000000e+04
4.647129791411930971e-02, 1.822500000000000000e+04
4.649356494713997173e-02, 1.259200000000000000e+04
4.651583198016063375e-02, 5.561000000000000000e+03
4.653809901318129577e-02, 6.455100000000000000e+04
4.656036604620195085e-02, 5.822500000000000000e+04
4.658263307922261287e-02, 5.168500000000000000e+04
4.660490011224327489e-02, 4.560000000000000000e+04
4.662716714526393691e-02, 3.953600000000000000e+04
4.664943417828459893e-02, 3.451900000000000000e+04
4.667170121130526095e-02, 2.993200000000000000e+04
4.669396824432591603e-02, 2.609800000000000000e+04
4.671623527734657805e-02, 2.313900000000000000e+04
4.673850231036724007e-02, 2.096300000000000000e+04
4.676076934338790209e-02, 1.987900000000000000e+04
4.678303637640856411e-02, 2.027000000000000000e+04
4.680530340942922612e-02, 2.120000000000000000e+04
4.682757044244988121e-02, 2.308700000000000000e+04
4.684983747547054322e-02, 2.530500000000000000e+04
4.687210450849120524e-02, 2.872800000000000000e+04
4.689437154151186726e-02, 3.358800000000000000e+04
4.691663857453252928e-02, 3.855400000000000000e+04
4.693890560755319130e-02, 4.427800000000000000e+04
4.696117264057385332e-02, 5.013000000000000000e+04
4.698343967359450840e-02, 5.617700000000000000e+04
4.700570670661517042e-02, 6.273100000000000000e+04
4.702797373963583244e-02, 3.501000000000000000e+03
4.705024077265649446e-02, 9.864000000000000000e+03
4.707250780567715648e-02, 1.648900000000000000e+04
4.709477483869781850e-02, 2.303900000000000000e+04
4.711704187171847358e-02, 2.792900000000000000e+04
4.713930890473913560e-02, 3.248100000000000000e+04
4.716157593775979762e-02, 3.728300000000000000e+04
4.718384297078045964e-02, 4.094700000000000000e+04
4.720611000380112166e-02, 4.324600000000000000e+04
4.722837703682178367e-02, 4.473300000000000000e+04
4.725064406984243875e-02, 4.543200000000000000e+04
4.727291110286310077e-02, 4.482300000000000000e+04
4.729517813588376279e-02, 4.372200000000000000e+04
4.731744516890442481e-02, 4.143600000000000000e+04
4.733971220192508683e-02, 3.846500000000000000e+04
4.736197923494574885e-02, 3.443200000000000000e+04
4.738424626796640393e-02, 2.969300000000000000e+04
4.740651330098706595e-02, 2.414400000000000000e+04
4.742878033400772797e-02, 1.841300000000000000e+04
4.745104736702838999e-02, 1.251100000000000000e+04
4.747331440004905201e-02, 5.429000000000000000e+03
4.749558143306971403e-02, 6.429200000000000000e+04
4.751784846609037605e-02, 5.797700000000000000e+04
4.754011549911103113e-02, 5.111100000000000000e+04
4.756238253213169315e-02, 4.500100000000000000e+04
4.758464956515235517e-02, 3.901400000000000000e+04
4.760691659817301719e-02, 3.433100000000000000e+04
4.762918363119367920e-02, 2.981100000000000000e+04
4.765145066421434122e-02, 2.604700000000000000e+04
4.767371769723499630e-02, 2.314800000000000000e+04
4.769598473025565832e-02, 2.102000000000000000e+04
4.771825176327632034e-02, 1.982800000000000000e+04
4.774051879629698236e-02, 2.013900000000000000e+04
4.776278582931764438e-02, 2.125900000000000000e+04
4.778505286233830640e-02, 2.328100000000000000e+04
4.780731989535896148e-02, 2.554200000000000000e+04
4.782958692837962350e-02, 2.915400000000000000e+04
4.785185396140028552e-02, 3.397200000000000000e+04
4.787412099442094754e-02, 3.911300000000000000e+04
4.789638802744160956e-02, 4.455500000000000000e+04
4.791865506046227158e-02, 5.044500000000000000e+04
4.794092209348292666e-02, 5.652500000000000000e+04
4.796318912650358868e-02, 6.353400000000000000e+04
4.798545615952425070e-02, 4.173000000000000000e+03
4.800772319254491272e-02, 1.055300000000000000e+04
4.802999022556557474e-02, 1.736700000000000000e+04
4.805225725858623675e-02, 2.357900000000000000e+04
4.807452429160689877e-02, 2.860000000000000000e+04
4.809679132462755385e-02, 3.313600000000000000e+04
4.811905835764821587e-02, 3.780100000000000000e+04
4.814132539066887789e-02, 4.125800000000000000e+04
4.816359242368953991e-02, 4.346700000000000000e+04
4.818585945671020193e-02, 4.492500000000000000e+04
4.820812648973086395e-02, 4.528100000000000000e+04
4.823039352275151903e-02, 4.482400000000000000e+04
4.825266055577218105e-02, 4.366300000000000000e+04
4.827492758879284307e-02, 4.142800000000000000e+04
4.829719462181350509e-02, 3.816900000000000000e+04
4.831946165483416711e-02, 3.389600000000000000e+04
4.834172868785482913e-02, 2.918200000000000000e+04
4.836399572087548421e-02, 2.351500000000000000e+04
4.838626275389614623e-02, 1.783500000000000000e+04
4.840852978691680825e-02, 1.176100000000000000e+04
4.843079681993747027e-02, 5.009000000000000000e+03
4.845306385295813228e-02, 6.422200000000000000e+04
4.847533088597879430e-02, 5.789800000000000000e+04
4.849759791899944938e-02, 5.122900000000000000e+04
4.851986495202011140e-02, 4.492700000000000000e+04
4.854213198504077342e-02, 3.914100000000000000e+04
4.856439901806143544e-02, 3.434300000000000000e+04
4.858666605108209746e-02, 2.978600000000000000e+04
4.860893308410275948e-02, 2.592800000000000000e+04
4.863120011712341456e-02, 2.302800000000000000e+04
4.865346715014407658e-02, 2.093100000000000000e+04
4.867573418316473860e-02, 1.985100000000000000e+04
4.869800121618540062e-02, 2.035800000000000000e+04
4.872026824920606264e-02, 2.136800000000000000e+04
4.874253528222672466e-02, 2.343400000000000000e+04
4.876480231524738668e-02, 2.594600000000000000e+04
4.878706934826804176e-02, 2.982000000000000000e+04
4.880933638128870378e-02, 3.487300000000000000e+04
4.883160341430936580e-02, 4.014500000000000000e+04
4.885387044733002782e-02, 4.579900000000000000e+04
4.887613748035068983e-02, 5.174300000000000000e+04
4.889840451337135185e-02, 5.763400000000000000e+04
4.892067154639200693e-02, 6.456800000000000000e+04
4.894293857941266895e-02, 5.070000000000000000e+03
4.896520561243333097e-02, 1.135700000000000000e+04
