0.000000000000000000e+00, 3.519600000000000000e+04
3.989822680400783389e-06, 1.762200000000000000e+04
7.979645360801566778e-06, 5.714900000000000000e+04
1.196946804120234932e-05, 4.070600000000000000e+04
1.595929072160313356e-05, 2.479100000000000000e+04
1.994911340200391779e-05, 3.063400000000000000e+04
2.393893608240469864e-05, 5.790900000000000000e+04
2.792875876280548288e-05, 3.583600000000000000e+04
3.191858144320626711e-05, 2.444600000000000000e+04
3.590840412360705135e-05, 1.928400000000000000e+04
3.989822680400783558e-05, 1.722900000000000000e+04
4.388804948440861982e-05, 1.660200000000000000e+04
4.787787216480939728e-05, 1.729700000000000000e+04
5.186769484521018152e-05, 1.861900000000000000e+04
5.585751752561096575e-05, 2.032300000000000000e+04
5.984734020601174999e-05, 2.213800000000000000e+04
6.383716288641253422e-05, 2.363200000000000000e+04
6.782698556681331168e-05, 2.516500000000000000e+04
7.181680824721410270e-05, 2.664200000000000000e+04
7.580663092761488015e-05, 2.829700000000000000e+04
7.979645360801567117e-05, 2.996500000000000000e+04
8.378627628841644863e-05, 3.126300000000000000e+04
8.777609896881723964e-05, 3.284100000000000000e+04
9.176592164921801710e-05, 3.439700000000000000e+04
9.575574432961879456e-05, 3.649400000000000000e+04
9.974556701001958557e-05, 3.873700000000000000e+04
1.037353896904203630e-04, 4.062400000000000000e+04
1.077252123708211540e-04, 4.192800000000000000e+04
1.117150350512219315e-04, 4.267200000000000000e+04
1.157048577316227225e-04, 4.383400000000000000e+04
1.196946804120235000e-04, 4.542900000000000000e+04
1.236845030924242910e-04, 4.737800000000000000e+04
1.276743257728250684e-04, 4.962200000000000000e+04
1.316641484532258459e-04, 5.129700000000000000e+04
1.356539711336266234e-04, 5.211500000000000000e+04
1.396437938140274279e-04, 5.241400000000000000e+04
1.436336164944282054e-04, 5.294600000000000000e+04
1.476234391748289828e-04, 5.337900000000000000e+04
1.516132618552297603e-04, 5.509900000000000000e+04
1.556030845356305378e-04, 5.654600000000000000e+04
1.595929072160313423e-04, 5.726300000000000000e+04
1.635827298964321198e-04, 5.750000000000000000e+04
1.675725525768328973e-04, 5.742400000000000000e+04
1.715623752572336747e-04, 5.690400000000000000e+04
1.755521979376344793e-04, 5.687500000000000000e+04
1.795420206180352567e-04, 5.650100000000000000e+04
1.835318432984360342e-04, 5.653400000000000000e+04
1.875216659788368117e-04, 5.625600000000000000e+04
1.915114886592375891e-04, 5.570200000000000000e+04
1.955013113396383937e-04, 5.487500000000000000e+04
1.994911340200391711e-04, 5.407900000000000000e+04
2.034809567004399486e-04, 5.346100000000000000e+04
2.074707793808407261e-04, 5.279700000000000000e+04
2.114606020612415035e-04, 5.148500000000000000e+04
2.154504247416423081e-04, 5.007200000000000000e+04
2.194402474220430855e-04, 4.870100000000000000e+04
2.234300701024438630e-04, 4.683400000000000000e+04
2.274198927828446405e-04, 4.539200000000000000e+04
2.314097154632454450e-04, 4.376500000000000000e+04
2.353995381436462225e-04, 4.259200000000000000e+04
2.393893608240469999e-04, 4.140200000000000000e+04
2.433791835044477774e-04, 3.987400000000000000e+04
2.473690061848485820e-04, 3.764900000000000000e+04
2.513588288652493594e-04, 3.567700000000000000e+04
2.553486515456501369e-04, 3.447600000000000000e+04
2.593384742260509144e-04, 3.297100000000000000e+04
2.633282969064516918e-04, 3.087800000000000000e+04
2.673181195868524693e-04, 2.836000000000000000e+04
2.713079422672532467e-04, 2.609600000000000000e+04
2.752977649476540242e-04, 2.488900000000000000e+04
2.792875876280548559e-04, 2.355100000000000000e+04
2.832774103084556333e-04, 2.217100000000000000e+04
2.872672329888564108e-04, 2.059200000000000000e+04
2.912570556692571882e-04, 1.895900000000000000e+04
2.952468783496579657e-04, 1.725900000000000000e+04
2.992367010300587432e-04, 1.575100000000000000e+04
3.032265237104595206e-04, 1.421400000000000000e+04
3.072163463908602981e-04, 1.306700000000000000e+04
3.112061690712610755e-04, 1.263400000000000000e+04
3.151959917516619072e-04, 1.182500000000000000e+04
3.191858144320626847e-04, 1.125300000000000000e+04
3.231756371124634621e-04, 1.008000000000000000e+04
3.271654597928642396e-04, 9.565000000000000000e+03
3.311552824732650170e-04, 8.775000000000000000e+03
3.351451051536657945e-04, 8.697000000000000000e+03
3.391349278340665720e-04, 8.254000000000000000e+03
3.431247505144673494e-04, 8.407000000000000000e+03
3.471145731948681269e-04, 8.102000000000000000e+03
3.511043958752689586e-04, 8.331000000000000000e+03
3.550942185556697360e-04, 8.372000000000000000e+03
3.590840412360705135e-04, 9.290000000000000000e+03
3.630738639164712909e-04, 1.061700000000000000e+04
3.670636865968720684e-04, 1.132600000000000000e+04
3.710535092772728459e-04, 1.167800000000000000e+04
3.750433319576736233e-04, 1.242200000000000000e+04
3.790331546380744008e-04, 1.350300000000000000e+04
3.830229773184751782e-04, 1.453000000000000000e+04
3.870127999988760099e-04, 1.530300000000000000e+04
3.910026226792767874e-04, 1.641800000000000000e+04
3.949924453596775648e-04, 1.792300000000000000e+04
3.989822680400783423e-04, 1.992300000000000000e+04
4.029720907204791197e-04, 2.197300000000000000e+04
4.069619134008798972e-04, 2.360800000000000000e+04
4.109517360812806747e-04, 2.523300000000000000e+04
4.149415587616814521e-04, 2.682400000000000000e+04
4.189313814420822296e-04, 2.852800000000000000e+04
4.229212041224830070e-04, 3.029300000000000000e+04
4.269110268028838387e-04, 3.150900000000000000e+04
4.309008494832846162e-04, 3.311100000000000000e+04
4.348906721636853936e-04, 3.454600000000000000e+04
4.388804948440861711e-04, 3.637300000000000000e+04
4.428703175244869485e-04, 3.849800000000000000e+04
4.468601402048877260e-04, 4.039500000000000000e+04
4.508499628852885035e-04, 4.175500000000000000e+04
4.548397855656892809e-04, 4.301400000000000000e+04
4.588296082460900584e-04, 4.459700000000000000e+04
4.628194309264908901e-04, 4.635800000000000000e+04
4.668092536068916675e-04, 4.816700000000000000e+04
4.707990762872924450e-04, 5.023600000000000000e+04
4.747888989676932224e-04, 5.167600000000000000e+04
4.787787216480939999e-04, 5.233400000000000000e+04
4.827685443284947774e-04, 5.250300000000000000e+04
4.867583670088955548e-04, 5.302800000000000000e+04
4.907481896892963323e-04, 5.359200000000000000e+04
4.947380123696971639e-04, 5.552600000000000000e+04
4.987278350500978872e-04, 5.666000000000000000e+04
5.027176577304987189e-04, 5.746100000000000000e+04
5.067074804108994421e-04, 5.758000000000000000e+04
5.106973030913002738e-04, 5.752500000000000000e+04
5.146871257717009970e-04, 5.694000000000000000e+04
5.186769484521018287e-04, 5.679800000000000000e+04
5.226667711325026604e-04, 5.641500000000000000e+04
5.266565938129033836e-04, 5.634800000000000000e+04
5.306464164933042153e-04, 5.612600000000000000e+04
5.346362391737049385e-04, 5.555500000000000000e+04
5.386260618541057702e-04, 5.468400000000000000e+04
5.426158845345064935e-04, 5.389200000000000000e+04
5.466057072149073251e-04, 5.332900000000000000e+04
5.505955298953080484e-04, 5.261200000000000000e+04
5.545853525757088801e-04, 5.118300000000000000e+04
5.585751752561097117e-04, 4.983600000000000000e+04
5.625649979365104350e-04, 4.841900000000000000e+04
5.665548206169112666e-04, 4.628900000000000000e+04
5.705446432973119899e-04, 4.463100000000000000e+04
5.745344659777128216e-04, 4.288600000000000000e+04
5.785242886581135448e-04, 4.187400000000000000e+04
5.825141113385143765e-04, 4.071000000000000000e+04
5.865039340189150997e-04, 3.888000000000000000e+04
5.904937566993159314e-04, 3.682500000000000000e+04
5.944835793797167631e-04, 3.503600000000000000e+04
5.984734020601174863e-04, 3.399600000000000000e+04
6.024632247405183180e-04, 3.249200000000000000e+04
6.064530474209190412e-04, 3.034700000000000000e+04
6.104428701013198729e-04, 2.786800000000000000e+04
6.144326927817205962e-04, 2.579200000000000000e+04
6.184225154621214278e-04, 2.463800000000000000e+04
6.224123381425221511e-04, 2.332400000000000000e+04
6.264021608229229827e-04, 2.189900000000000000e+04
6.303919835033238144e-04, 2.037400000000000000e+04
6.343818061837245377e-04, 1.911100000000000000e+04
6.383716288641253693e-04, 1.768100000000000000e+04
6.423614515445260926e-04, 1.622800000000000000e+04
6.463512742249269243e-04, 1.458200000000000000e+04
6.503410969053276475e-04, 1.341400000000000000e+04
6.543309195857284792e-04, 1.294500000000000000e+04
6.583207422661292024e-04, 1.191300000000000000e+04
6.623105649465300341e-04, 1.125000000000000000e+04
6.663003876269308658e-04, 9.980000000000000000e+03
6.702902103073315890e-04, 9.518000000000000000e+03
6.742800329877324207e-04, 8.701000000000000000e+03
6.782698556681331439e-04, 8.693000000000000000e+03
6.822596783485339756e-04, 8.217000000000000000e+03
6.862495010289346989e-04, 8.428000000000000000e+03
6.902393237093355305e-04, 8.079000000000000000e+03
6.942291463897362538e-04, 8.359000000000000000e+03
6.982189690701370854e-04, 8.353000000000000000e+03
7.022087917505379171e-04, 9.370000000000000000e+03
7.061986144309386404e-04, 1.058300000000000000e+04
7.101884371113394720e-04, 1.129400000000000000e+04
7.141782597917401953e-04, 1.182600000000000000e+04
7.181680824721410270e-04, 1.274600000000000000e+04
7.221579051525417502e-04, 1.384700000000000000e+04
7.261477278329425819e-04, 1.479900000000000000e+04
7.301375505133433051e-04, 1.553000000000000000e+04
7.341273731937441368e-04, 1.673300000000000000e+04
7.381171958741449685e-04, 1.827600000000000000e+04
7.421070185545456917e-04, 2.031000000000000000e+04
7.460968412349465234e-04, 2.231100000000000000e+04
7.500866639153472466e-04, 2.392600000000000000e+04
7.540764865957480783e-04, 2.550200000000000000e+04
7.580663092761488015e-04, 2.712700000000000000e+04
7.620561319565496332e-04, 2.881900000000000000e+04
7.660459546369503565e-04, 3.082600000000000000e+04
7.700357773173511881e-04, 3.222500000000000000e+04
7.740255999977520198e-04, 3.379200000000000000e+04
7.780154226781527431e-04, 3.536600000000000000e+04
7.820052453585535747e-04, 3.744000000000000000e+04
7.859950680389542980e-04, 3.953700000000000000e+04
7.899848907193551296e-04, 4.117200000000000000e+04
7.939747133997558529e-04, 4.226300000000000000e+04
7.979645360801566846e-04, 4.345900000000000000e+04
8.019543587605574078e-04, 4.498400000000000000e+04
8.059441814409582395e-04, 4.677900000000000000e+04
8.099340041213589627e-04, 4.859000000000000000e+04
8.139238268017597944e-04, 5.054200000000000000e+04
8.179136494821606261e-04, 5.183100000000000000e+04
8.219034721625613493e-04, 5.241600000000000000e+04
8.258932948429621810e-04, 5.258900000000000000e+04
8.298831175233629042e-04, 5.289400000000000000e+04
8.338729402037637359e-04, 5.314000000000000000e+04
8.378627628841644592e-04, 5.499700000000000000e+04
8.418525855645652908e-04, 5.606400000000000000e+04
8.458424082449660141e-04, 5.705000000000000000e+04
8.498322309253668458e-04, 5.711500000000000000e+04
8.538220536057676774e-04, 5.717300000000000000e+04
8.578118762861684007e-04, 5.672200000000000000e+04
8.618016989665692323e-04, 5.659600000000000000e+04
8.657915216469699556e-04, 5.640800000000000000e+04
8.697813443273707873e-04, 5.624000000000000000e+04
8.737711670077715105e-04, 5.602300000000000000e+04
8.777609896881723422e-04, 5.543000000000000000e+04
8.817508123685730654e-04, 5.456000000000000000e+04
8.857406350489738971e-04, 5.375100000000000000e+04
8.897304577293747288e-04, 5.320500000000000000e+04
8.937202804097754520e-04, 5.242600000000000000e+04
8.977101030901762837e-04, 5.106800000000000000e+04
9.016999257705770069e-04, 4.985100000000000000e+04
9.056897484509778386e-04, 4.841900000000000000e+04
9.096795711313785619e-04, 4.642000000000000000e+04
9.136693938117793935e-04, 4.508400000000000000e+04
9.176592164921801168e-04, 4.337300000000000000e+04
9.216490391725809484e-04, 4.221000000000000000e+04
9.256388618529817801e-04, 4.082700000000000000e+04
9.296286845333825034e-04, 3.864400000000000000e+04
9.336185072137833350e-04, 3.659000000000000000e+04
9.376083298941840583e-04, 3.488900000000000000e+04
9.415981525745848900e-04, 3.376900000000000000e+04
9.455879752549856132e-04, 3.215500000000000000e+04
9.495777979353864449e-04, 2.990300000000000000e+04
9.535676206157871681e-04, 2.741600000000000000e+04
9.575574432961879998e-04, 2.557600000000000000e+04
9.615472659765888315e-04, 2.431500000000000000e+04
9.655370886569895547e-04, 2.284700000000000000e+04
9.695269113373903864e-04, 2.136300000000000000e+04
9.735167340177911096e-04, 1.985400000000000000e+04
9.775065566981918329e-04, 1.819100000000000000e+04
9.814963793785926646e-04, 1.657000000000000000e+04
9.854862020589934962e-04, 1.529300000000000000e+04
9.894760247393943279e-04, 1.387500000000000000e+04
9.934658474197949427e-04, 1.298200000000000000e+04
9.974556701001957744e-04, 1.264700000000000000e+04
1.001445492780596606e-03, 1.169200000000000000e+04
1.005435315460997438e-03, 1.100300000000000000e+04
1.009425138141398269e-03, 9.830000000000000000e+03
1.013414960821798884e-03, 9.380000000000000000e+03
1.017404783502199716e-03, 8.659000000000000000e+03
1.021394606182600548e-03, 8.637000000000000000e+03
1.025384428863001379e-03, 8.228000000000000000e+03
1.029374251543401994e-03, 8.403000000000000000e+03
1.033364074223802826e-03, 7.996000000000000000e+03
1.037353896904203657e-03, 8.228000000000000000e+03
1.041343719584604489e-03, 8.441000000000000000e+03
1.045333542265005321e-03, 9.731000000000000000e+03
1.049323364945405936e-03, 1.078000000000000000e+04
1.053313187625806767e-03, 1.140400000000000000e+04
1.057303010306207599e-03, 1.197600000000000000e+04
1.061292832986608431e-03, 1.294500000000000000e+04
1.065282655667009045e-03, 1.402900000000000000e+04
1.069272478347409877e-03, 1.492700000000000000e+04
1.073262301027810709e-03, 1.572000000000000000e+04
1.077252123708211540e-03, 1.701300000000000000e+04
1.081241946388612372e-03, 1.865000000000000000e+04
1.085231769069012987e-03, 2.068500000000000000e+04
1.089221591749413819e-03, 2.262400000000000000e+04
1.093211414429814650e-03, 2.420400000000000000e+04
1.097201237110215482e-03, 2.551200000000000000e+04
1.101191059790616097e-03, 2.700100000000000000e+04
1.105180882471016928e-03, 2.868500000000000000e+04
1.109170705151417760e-03, 3.049400000000000000e+04
1.113160527831818592e-03, 3.188900000000000000e+04
1.117150350512219423e-03, 3.347700000000000000e+04
1.121140173192620038e-03, 3.531600000000000000e+04
1.125129995873020870e-03, 3.761100000000000000e+04
1.129119818553421702e-03, 3.974300000000000000e+04
1.133109641233822533e-03, 4.133200000000000000e+04
1.137099463914223148e-03, 4.240200000000000000e+04
1.141089286594623980e-03, 4.369700000000000000e+04
1.145079109275024811e-03, 4.525000000000000000e+04
1.149068931955425643e-03, 4.710600000000000000e+04
1.153058754635826475e-03, 4.901800000000000000e+04
1.157048577316227090e-03, 5.082800000000000000e+04
1.161038399996627921e-03, 5.207000000000000000e+04
1.165028222677028753e-03, 5.264800000000000000e+04
1.169018045357429585e-03, 5.285700000000000000e+04
1.173007868037830199e-03, 5.324100000000000000e+04
1.176997690718231031e-03, 5.414200000000000000e+04
1.180987513398631863e-03, 5.612500000000000000e+04
1.184977336079032694e-03, 5.687000000000000000e+04
1.188967158759433526e-03, 5.759600000000000000e+04
1.192956981439834141e-03, 5.738400000000000000e+04
1.196946804120234973e-03, 5.722900000000000000e+04
1.200936626800635804e-03, 5.681900000000000000e+04
1.204926449481036636e-03, 5.653400000000000000e+04
1.208916272161437251e-03, 5.647300000000000000e+04
1.212906094841838082e-03, 5.619200000000000000e+04
1.216895917522238914e-03, 5.590900000000000000e+04
1.220885740202639746e-03, 5.527500000000000000e+04
1.224875562883040577e-03, 5.447500000000000000e+04
1.228865385563441192e-03, 5.380200000000000000e+04
1.232855208243842024e-03, 5.330000000000000000e+04
1.236845030924242856e-03, 5.241500000000000000e+04
1.240834853604643687e-03, 5.085500000000000000e+04
1.244824676285044302e-03, 4.947000000000000000e+04
1.248814498965445134e-03, 4.792800000000000000e+04
1.252804321645845965e-03, 4.601300000000000000e+04
1.256794144326246797e-03, 4.469900000000000000e+04
1.260783967006647629e-03, 4.313100000000000000e+04
1.264773789687048244e-03, 4.193300000000000000e+04
1.268763612367449075e-03, 4.051600000000000000e+04
1.272753435047849907e-03, 3.819100000000000000e+04
1.276743257728250739e-03, 3.619200000000000000e+04
1.280733080408651354e-03, 3.471400000000000000e+04
1.284722903089052185e-03, 3.349500000000000000e+04
1.288712725769453017e-03, 3.206100000000000000e+04
1.292702548449853849e-03, 3.001600000000000000e+04
1.296692371130254680e-03, 2.759500000000000000e+04
1.300682193810655295e-03, 2.583900000000000000e+04
1.304672016491056127e-03, 2.449200000000000000e+04
1.308661839171456958e-03, 2.308700000000000000e+04
1.312651661851857790e-03, 2.151500000000000000e+04
1.316641484532258405e-03, 1.991000000000000000e+04
1.320631307212659237e-03, 1.810000000000000000e+04
1.324621129893060068e-03, 1.639500000000000000e+04
1.328610952573460900e-03, 1.508200000000000000e+04
1.332600775253861732e-03, 1.372800000000000000e+04
1.336590597934262346e-03, 1.293300000000000000e+04
1.340580420614663178e-03, 1.248400000000000000e+04
1.344570243295064010e-03, 1.159800000000000000e+04
1.348560065975464841e-03, 1.075900000000000000e+04
1.352549888655865456e-03, 9.617000000000000000e+03
1.356539711336266288e-03, 9.115000000000000000e+03
1.360529534016667120e-03, 8.535000000000000000e+03
1.364519356697067951e-03, 8.494000000000000000e+03
1.368509179377468783e-03, 8.209000000000000000e+03
1.372499002057869398e-03, 8.334000000000000000e+03
1.376488824738270229e-03, 8.134000000000000000e+03
1.380478647418671061e-03, 8.313000000000000000e+03
1.384468470099071893e-03, 8.677000000000000000e+03
1.388458292779472508e-03, 1.009900000000000000e+04
1.392448115459873339e-03, 1.097200000000000000e+04
1.396437938140274171e-03, 1.150100000000000000e+04
1.400427760820675003e-03, 1.213300000000000000e+04
1.404417583501075834e-03, 1.314800000000000000e+04
1.408407406181476449e-03, 1.421000000000000000e+04
1.412397228861877281e-03, 1.505700000000000000e+04
1.416387051542278112e-03, 1.584200000000000000e+04
1.420376874222678944e-03, 1.701900000000000000e+04
1.424366696903079559e-03, 1.868300000000000000e+04
1.428356519583480391e-03, 2.074300000000000000e+04
1.432346342263881222e-03, 2.267600000000000000e+04
1.436336164944282054e-03, 2.440000000000000000e+04
1.440325987624682886e-03, 2.598000000000000000e+04
1.444315810305083500e-03, 2.767900000000000000e+04
1.448305632985484332e-03, 2.934100000000000000e+04
1.452295455665885164e-03, 3.093600000000000000e+04
1.456285278346285995e-03, 3.237200000000000000e+04
1.460275101026686610e-03, 3.385300000000000000e+04
1.464264923707087442e-03, 3.578000000000000000e+04
1.468254746387488274e-03, 3.806800000000000000e+04
1.472244569067889105e-03, 4.008800000000000000e+04
1.476234391748289937e-03, 4.157900000000000000e+04
1.480224214428690552e-03, 4.263200000000000000e+04
1.484214037109091383e-03, 4.414000000000000000e+04
1.488203859789492215e-03, 4.577900000000000000e+04
1.492193682469893047e-03, 4.761200000000000000e+04
1.496183505150293662e-03, 4.951700000000000000e+04
1.500173327830694493e-03, 5.115900000000000000e+04
1.504163150511095325e-03, 5.209300000000000000e+04
1.508152973191496157e-03, 5.249900000000000000e+04
1.512142795871896988e-03, 5.283000000000000000e+04
1.516132618552297603e-03, 5.318900000000000000e+04
1.520122441232698435e-03, 5.441600000000000000e+04
1.524112263913099266e-03, 5.630300000000000000e+04
1.528102086593500098e-03, 5.697800000000000000e+04
1.532091909273900713e-03, 5.758400000000000000e+04
1.536081731954301545e-03, 5.738900000000000000e+04
1.540071554634702376e-03, 5.709700000000000000e+04
1.544061377315103208e-03, 5.683900000000000000e+04
1.548051199995504040e-03, 5.644200000000000000e+04
1.552041022675904654e-03, 5.654400000000000000e+04
1.556030845356305486e-03, 5.630400000000000000e+04
1.560020668036706318e-03, 5.595600000000000000e+04
1.564010490717107149e-03, 5.525300000000000000e+04
1.568000313397507764e-03, 5.440800000000000000e+04
1.571990136077908596e-03, 5.364600000000000000e+04
1.575979958758309428e-03, 5.305000000000000000e+04
1.579969781438710259e-03, 5.200900000000000000e+04
1.583959604119111091e-03, 5.049600000000000000e+04
1.587949426799511706e-03, 4.913700000000000000e+04
1.591939249479912537e-03, 4.751200000000000000e+04
1.595929072160313369e-03, 4.575500000000000000e+04
1.599918894840714201e-03, 4.435300000000000000e+04
1.603908717521114816e-03, 4.295700000000000000e+04
1.607898540201515647e-03, 4.168200000000000000e+04
1.611888362881916479e-03, 4.017000000000000000e+04
1.615878185562317311e-03, 3.752700000000000000e+04
1.619868008242717925e-03, 3.537000000000000000e+04
1.623857830923118757e-03, 3.407300000000000000e+04
1.627847653603519589e-03, 3.291800000000000000e+04
1.631837476283920420e-03, 3.127300000000000000e+04
1.635827298964321252e-03, 2.895800000000000000e+04
1.639817121644721867e-03, 2.661100000000000000e+04
1.643806944325122699e-03, 2.521900000000000000e+04
1.647796767005523530e-03, 2.394000000000000000e+04
1.651786589685924362e-03, 2.263400000000000000e+04
1.655776412366324977e-03, 2.110000000000000000e+04
1.659766235046725808e-03, 1.955500000000000000e+04
1.663756057727126640e-03, 1.778000000000000000e+04
1.667745880407527472e-03, 1.612500000000000000e+04
1.671735703087928303e-03, 1.476000000000000000e+04
1.675725525768328918e-03, 1.354300000000000000e+04
1.679715348448729750e-03, 1.304300000000000000e+04
1.683705171129130582e-03, 1.293600000000000000e+04
1.687694993809531413e-03, 1.230700000000000000e+04
1.691684816489932028e-03, 1.124300000000000000e+04
1.695674639170332860e-03, 1.017800000000000000e+04
1.699664461850733692e-03, 9.375000000000000000e+03
1.703654284531134523e-03, 8.844000000000000000e+03
1.707644107211535355e-03, 8.538000000000000000e+03
1.711633929891935970e-03, 8.364000000000000000e+03
1.715623752572336801e-03, 8.281000000000000000e+03
1.719613575252737633e-03, 8.233000000000000000e+03
1.723603397933138465e-03, 8.304000000000000000e+03
1.727593220613539080e-03, 8.861000000000000000e+03
1.731583043293939911e-03, 1.034800000000000000e+04
1.735572865974340743e-03, 1.112200000000000000e+04
1.739562688654741575e-03, 1.160200000000000000e+04
1.743552511335142406e-03, 1.223300000000000000e+04
1.747542334015543021e-03, 1.315400000000000000e+04
1.751532156695943853e-03, 1.415700000000000000e+04
1.755521979376344684e-03, 1.499400000000000000e+04
1.759511802056745516e-03, 1.597000000000000000e+04
1.763501624737146131e-03, 1.739400000000000000e+04
1.767491447417546963e-03, 1.926900000000000000e+04
1.771481270097947794e-03, 2.133000000000000000e+04
1.775471092778348626e-03, 2.310100000000000000e+04
1.779460915458749458e-03, 2.479600000000000000e+04
1.783450738139150072e-03, 2.634700000000000000e+04
1.787440560819550904e-03, 2.804300000000000000e+04
1.791430383499951736e-03, 2.970000000000000000e+04
1.795420206180352567e-03, 3.111700000000000000e+04
1.799410028860753182e-03, 3.265700000000000000e+04
1.803399851541154014e-03, 3.416500000000000000e+04
1.807389674221554846e-03, 3.623600000000000000e+04
1.811379496901955677e-03, 3.868700000000000000e+04
1.815369319582356509e-03, 4.072300000000000000e+04
1.819359142262757124e-03, 4.209600000000000000e+04
1.823348964943157955e-03, 4.305200000000000000e+04
1.827338787623558787e-03, 4.436900000000000000e+04
1.831328610303959619e-03, 4.587400000000000000e+04
1.835318432984360234e-03, 4.767900000000000000e+04
1.839308255664761065e-03, 4.972200000000000000e+04
1.843298078345161897e-03, 5.132500000000000000e+04
1.847287901025562729e-03, 5.213600000000000000e+04
1.851277723705963560e-03, 5.246200000000000000e+04
1.855267546386364175e-03, 5.292000000000000000e+04
1.859257369066765007e-03, 5.329000000000000000e+04
1.863247191747165838e-03, 5.481600000000000000e+04
1.867237014427566670e-03, 5.646400000000000000e+04
1.871226837107967285e-03, 5.714100000000000000e+04
1.875216659788368117e-03, 5.767200000000000000e+04
1.879206482468768948e-03, 5.753400000000000000e+04
1.883196305149169780e-03, 5.711300000000000000e+04
1.887186127829570612e-03, 5.690300000000000000e+04
1.891175950509971226e-03, 5.644000000000000000e+04
1.895165773190372058e-03, 5.647100000000000000e+04
1.899155595870772890e-03, 5.617900000000000000e+04
1.903145418551173721e-03, 5.571100000000000000e+04
1.907135241231574336e-03, 5.496400000000000000e+04
1.911125063911975168e-03, 5.417800000000000000e+04
1.915114886592376000e-03, 5.352300000000000000e+04
1.919104709272776831e-03, 5.289900000000000000e+04
1.923094531953177663e-03, 5.169300000000000000e+04
1.927084354633578278e-03, 5.023300000000000000e+04
1.931074177313979109e-03, 4.887600000000000000e+04
1.935063999994379941e-03, 4.710300000000000000e+04
1.939053822674780773e-03, 4.564100000000000000e+04
1.943043645355181388e-03, 4.435500000000000000e+04
1.947033468035582219e-03, 4.312400000000000000e+04
1.951023290715983051e-03, 4.176800000000000000e+04
1.955013113396383666e-03, 4.006900000000000000e+04
1.959002936076784714e-03, 3.763200000000000000e+04
1.962992758757185329e-03, 3.563900000000000000e+04
1.966982581437586378e-03, 3.444300000000000000e+04
1.970972404117986992e-03, 3.305600000000000000e+04
1.974962226798387607e-03, 3.111200000000000000e+04
1.978952049478788656e-03, 2.863200000000000000e+04
1.982941872159189271e-03, 2.630700000000000000e+04
1.986931694839589885e-03, 2.504200000000000000e+04
1.990921517519990934e-03, 2.370400000000000000e+04
1.994911340200391549e-03, 2.235400000000000000e+04
1.998901162880792597e-03, 2.078700000000000000e+04
2.002890985561193212e-03, 1.920200000000000000e+04
2.006880808241593827e-03, 1.733800000000000000e+04
2.010870630921994875e-03, 1.569300000000000000e+04
2.014860453602395490e-03, 1.431900000000000000e+04
2.018850276282796539e-03, 1.325200000000000000e+04
2.022840098963197154e-03, 1.277000000000000000e+04
2.026829921643597768e-03, 1.205700000000000000e+04
2.030819744323998817e-03, 1.140500000000000000e+04
2.034809567004399432e-03, 1.028200000000000000e+04
2.038799389684800480e-03, 9.637000000000000000e+03
2.042789212365201095e-03, 8.887000000000000000e+03
2.046779035045601710e-03, 8.697000000000000000e+03
2.050768857726002758e-03, 8.319000000000000000e+03
2.054758680406403373e-03, 8.379000000000000000e+03
2.058748503086803988e-03, 8.151000000000000000e+03
2.062738325767205037e-03, 8.294000000000000000e+03
2.066728148447605651e-03, 8.326000000000000000e+03
2.070717971128006700e-03, 9.028000000000000000e+03
2.074707793808407315e-03, 1.039300000000000000e+04
2.078697616488807930e-03, 1.108100000000000000e+04
2.082687439169208978e-03, 1.155800000000000000e+04
2.086677261849609593e-03, 1.236000000000000000e+04
2.090667084530010641e-03, 1.346300000000000000e+04
2.094656907210411256e-03, 1.449900000000000000e+04
2.098646729890811871e-03, 1.527400000000000000e+04
2.102636552571212920e-03, 1.629300000000000000e+04
2.106626375251613534e-03, 1.774400000000000000e+04
2.110616197932014583e-03, 1.968300000000000000e+04
2.114606020612415198e-03, 2.174000000000000000e+04
2.118595843292815813e-03, 2.341000000000000000e+04
2.122585665973216861e-03, 2.506800000000000000e+04
2.126575488653617476e-03, 2.663800000000000000e+04
2.130565311334018091e-03, 2.834300000000000000e+04
2.134555134014419139e-03, 3.007700000000000000e+04
2.138544956694819754e-03, 3.160200000000000000e+04
2.142534779375220803e-03, 3.333000000000000000e+04
2.146524602055621418e-03, 3.485600000000000000e+04
2.150514424736022032e-03, 3.683600000000000000e+04
2.154504247416423081e-03, 3.895700000000000000e+04
2.158494070096823696e-03, 4.075300000000000000e+04
2.162483892777224744e-03, 4.200700000000000000e+04
2.166473715457625359e-03, 4.307600000000000000e+04
2.170463538138025974e-03, 4.453000000000000000e+04
2.174453360818427022e-03, 4.616700000000000000e+04
2.178443183498827637e-03, 4.796200000000000000e+04
2.182433006179228686e-03, 5.004400000000000000e+04
2.186422828859629301e-03, 5.155600000000000000e+04
2.190412651540029915e-03, 5.226000000000000000e+04
2.194402474220430964e-03, 5.247500000000000000e+04
2.198392296900831579e-03, 5.299300000000000000e+04
2.202382119581232194e-03, 5.345200000000000000e+04
2.206371942261633242e-03, 5.525900000000000000e+04
2.210361764942033857e-03, 5.672800000000000000e+04
2.214351587622434905e-03, 5.741300000000000000e+04
2.218341410302835520e-03, 5.760300000000000000e+04
2.222331232983236135e-03, 5.748700000000000000e+04
2.226321055663637184e-03, 5.693900000000000000e+04
2.230310878344037798e-03, 5.681100000000000000e+04
2.234300701024438847e-03, 5.638000000000000000e+04
2.238290523704839462e-03, 5.638700000000000000e+04
2.242280346385240077e-03, 5.615300000000000000e+04
2.246270169065641125e-03, 5.561100000000000000e+04
2.250259991746041740e-03, 5.478300000000000000e+04
2.254249814426442788e-03, 5.400100000000000000e+04
2.258239637106843403e-03, 5.341100000000000000e+04
2.262229459787244018e-03, 5.273400000000000000e+04
2.266219282467645067e-03, 5.149800000000000000e+04
2.270209105148045681e-03, 5.022600000000000000e+04
2.274198927828446296e-03, 4.890300000000000000e+04
2.278188750508847345e-03, 4.700800000000000000e+04
2.282178573189247960e-03, 4.551300000000000000e+04
2.286168395869649008e-03, 4.384000000000000000e+04
2.290158218550049623e-03, 4.263400000000000000e+04
2.294148041230450238e-03, 4.128700000000000000e+04
2.298137863910851286e-03, 3.944500000000000000e+04
2.302127686591251901e-03, 3.718600000000000000e+04
2.306117509271652950e-03, 3.528200000000000000e+04
2.310107331952053564e-03, 3.419100000000000000e+04
2.314097154632454179e-03, 3.273600000000000000e+04
2.318086977312855228e-03, 3.065500000000000000e+04
2.322076799993255843e-03, 2.817100000000000000e+04
2.326066622673656891e-03, 2.597500000000000000e+04
2.330056445354057506e-03, 2.511800000000000000e+04
2.334046268034458121e-03, 2.408700000000000000e+04
2.338036090714859169e-03, 2.274700000000000000e+04
2.342025913395259784e-03, 2.104800000000000000e+04
2.346015736075660399e-03, 1.926300000000000000e+04
2.350005558756061447e-03, 1.744100000000000000e+04
2.353995381436462062e-03, 1.585200000000000000e+04
2.357985204116863111e-03, 1.432700000000000000e+04
2.361975026797263726e-03, 1.324700000000000000e+04
2.365964849477664340e-03, 1.283300000000000000e+04
2.369954672158065389e-03, 1.192700000000000000e+04
2.373944494838466004e-03, 1.131000000000000000e+04
2.377934317518867052e-03, 1.007200000000000000e+04
2.381924140199267667e-03, 9.571000000000000000e+03
2.385913962879668282e-03, 8.752000000000000000e+03
2.389903785560069330e-03, 8.704000000000000000e+03
2.393893608240469945e-03, 8.177000000000000000e+03
2.397883430920870994e-03, 8.282000000000000000e+03
2.401873253601271609e-03, 7.983000000000000000e+03
2.405863076281672223e-03, 8.243000000000000000e+03
2.409852898962073272e-03, 8.316000000000000000e+03
2.413842721642473887e-03, 9.258000000000000000e+03
2.417832544322874502e-03, 1.059900000000000000e+04
2.421822367003275550e-03, 1.131700000000000000e+04
2.425812189683676165e-03, 1.179900000000000000e+04
2.429802012364077213e-03, 1.265000000000000000e+04
2.433791835044477828e-03, 1.373600000000000000e+04
2.437781657724878443e-03, 1.470900000000000000e+04
2.441771480405279492e-03, 1.543000000000000000e+04
2.445761303085680106e-03, 1.655300000000000000e+04
2.449751125766081155e-03, 1.805300000000000000e+04
2.453740948446481770e-03, 2.006200000000000000e+04
2.457730771126882385e-03, 2.208300000000000000e+04
2.461720593807283433e-03, 2.347100000000000000e+04
2.465710416487684048e-03, 2.491600000000000000e+04
2.469700239168085096e-03, 2.649600000000000000e+04
2.473690061848485711e-03, 2.827400000000000000e+04
2.477679884528886326e-03, 3.012600000000000000e+04
2.481669707209287375e-03, 3.141000000000000000e+04
2.485659529889687989e-03, 3.305700000000000000e+04
2.489649352570088604e-03, 3.472300000000000000e+04
2.493639175250489653e-03, 3.689800000000000000e+04
2.497628997930890268e-03, 3.912700000000000000e+04
2.501618820611291316e-03, 4.091500000000000000e+04
2.505608643291691931e-03, 4.210900000000000000e+04
2.509598465972092546e-03, 4.327700000000000000e+04
2.513588288652493594e-03, 4.479300000000000000e+04
2.517578111332894209e-03, 4.653700000000000000e+04
2.521567934013295258e-03, 4.832100000000000000e+04
2.525557756693695872e-03, 5.046800000000000000e+04
2.529547579374096487e-03, 5.193000000000000000e+04
2.533537402054497536e-03, 5.254400000000000000e+04
2.537527224734898151e-03, 5.264900000000000000e+04
2.541517047415299199e-03, 5.311700000000000000e+04
2.545506870095699814e-03, 5.364300000000000000e+04
2.549496692776100429e-03, 5.555300000000000000e+04
2.553486515456501477e-03, 5.667300000000000000e+04
2.557476338136902092e-03, 5.744100000000000000e+04
2.561466160817302707e-03, 5.744100000000000000e+04
2.565455983497703756e-03, 5.739000000000000000e+04
2.569445806178104370e-03, 5.683200000000000000e+04
2.573435628858505419e-03, 5.670900000000000000e+04
2.577425451538906034e-03, 5.639400000000000000e+04
2.581415274219306649e-03, 5.630200000000000000e+04
2.585405096899707697e-03, 5.609100000000000000e+04
2.589394919580108312e-03, 5.554100000000000000e+04
2.593384742260509360e-03, 5.478200000000000000e+04
2.597374564940909975e-03, 5.404000000000000000e+04
2.601364387621310590e-03, 5.346400000000000000e+04
2.605354210301711639e-03, 5.271000000000000000e+04
2.609344032982112253e-03, 5.124400000000000000e+04
2.613333855662512868e-03, 4.987100000000000000e+04
2.617323678342913917e-03, 4.843800000000000000e+04
2.621313501023314532e-03, 4.647800000000000000e+04
2.625303323703715580e-03, 4.515500000000000000e+04
2.629293146384116195e-03, 4.346800000000000000e+04
2.633282969064516810e-03, 4.234000000000000000e+04
2.637272791744917858e-03, 4.099400000000000000e+04
2.641262614425318473e-03, 3.894700000000000000e+04
2.645252437105719522e-03, 3.683500000000000000e+04
2.649242259786120136e-03, 3.502500000000000000e+04
2.653232082466520751e-03, 3.394600000000000000e+04
2.657221905146921800e-03, 3.255400000000000000e+04
2.661211727827322415e-03, 3.071400000000000000e+04
2.665201550507723463e-03, 2.835400000000000000e+04
2.669191373188124078e-03, 2.621900000000000000e+04
2.673181195868524693e-03, 2.494000000000000000e+04
2.677171018548925741e-03, 2.351200000000000000e+04
2.681160841229326356e-03, 2.200600000000000000e+04
2.685150663909726971e-03, 2.037400000000000000e+04
2.689140486590128019e-03, 1.863200000000000000e+04
2.693130309270528634e-03, 1.692600000000000000e+04
2.697120131950929683e-03, 1.553000000000000000e+04
2.701109954631330298e-03, 1.404600000000000000e+04
2.705099777311730912e-03, 1.307100000000000000e+04
2.709089599992131961e-03, 1.273800000000000000e+04
2.713079422672532576e-03, 1.177300000000000000e+04
2.717069245352933624e-03, 1.114100000000000000e+04
2.721059068033334239e-03, 9.965000000000000000e+03
2.725048890713734854e-03, 1.002500000000000000e+04
2.729038713394135902e-03, 9.502000000000000000e+03
2.733028536074536517e-03, 9.448000000000000000e+03
2.737018358754937566e-03, 8.774000000000000000e+03
2.741008181435338181e-03, 8.784000000000000000e+03
2.744998004115738795e-03, 8.286000000000000000e+03
2.748987826796139844e-03, 8.471000000000000000e+03
2.752977649476540459e-03, 8.529000000000000000e+03
2.756967472156941074e-03, 9.628000000000000000e+03
2.760957294837342122e-03, 1.075300000000000000e+04
2.764947117517742737e-03, 1.140200000000000000e+04
2.768936940198143785e-03, 1.191700000000000000e+04
2.772926762878544400e-03, 1.283600000000000000e+04
2.776916585558945015e-03, 1.392100000000000000e+04
2.780906408239346064e-03, 1.485000000000000000e+04
2.784896230919746678e-03, 1.559300000000000000e+04
2.788886053600147727e-03, 1.674600000000000000e+04
2.792875876280548342e-03, 1.811000000000000000e+04
2.796865698960948957e-03, 2.006400000000000000e+04
2.800855521641350005e-03, 2.208700000000000000e+04
2.804845344321750620e-03, 2.376500000000000000e+04
2.808835167002151668e-03, 2.540100000000000000e+04
2.812824989682552283e-03, 2.706800000000000000e+04
2.816814812362952898e-03, 2.878700000000000000e+04
2.820804635043353947e-03, 3.057800000000000000e+04
2.824794457723754561e-03, 3.182200000000000000e+04
2.828784280404155176e-03, 3.338800000000000000e+04
2.832774103084556225e-03, 3.511400000000000000e+04
2.836763925764956840e-03, 3.734200000000000000e+04
2.840753748445357888e-03, 3.951900000000000000e+04
2.844743571125758503e-03, 4.117700000000000000e+04
2.848733393806159118e-03, 4.228000000000000000e+04
2.852723216486560166e-03, 4.352200000000000000e+04
2.856713039166960781e-03, 4.517600000000000000e+04
2.860702861847361830e-03, 4.707600000000000000e+04
2.864692684527762444e-03, 4.887800000000000000e+04
2.868682507208163059e-03, 5.076100000000000000e+04
2.872672329888564108e-03, 5.197300000000000000e+04
2.876662152568964723e-03, 5.250000000000000000e+04
2.880651975249365771e-03, 5.263500000000000000e+04
2.884641797929766386e-03, 5.309700000000000000e+04
2.888631620610167001e-03, 5.386300000000000000e+04
2.892621443290568049e-03, 5.588900000000000000e+04
2.896611265970968664e-03, 5.676900000000000000e+04
2.900601088651369279e-03, 5.754800000000000000e+04
2.904590911331770327e-03, 5.739200000000000000e+04
2.908580734012170942e-03, 5.730300000000000000e+04
2.912570556692571991e-03, 5.680700000000000000e+04
2.916560379372972606e-03, 5.660400000000000000e+04
2.920550202053373220e-03, 5.646400000000000000e+04
2.924540024733774269e-03, 5.637000000000000000e+04
2.928529847414174884e-03, 5.616500000000000000e+04
2.932519670094575932e-03, 5.554400000000000000e+04
2.936509492774976547e-03, 5.463700000000000000e+04
2.940499315455377162e-03, 5.379700000000000000e+04
2.944489138135778210e-03, 5.323100000000000000e+04
2.948478960816178825e-03, 5.243000000000000000e+04
2.952468783496579874e-03, 5.092500000000000000e+04
2.956458606176980489e-03, 4.958700000000000000e+04
2.960448428857381103e-03, 4.811800000000000000e+04
2.964438251537782152e-03, 4.616800000000000000e+04
2.968428074218182767e-03, 4.488800000000000000e+04
2.972417896898583382e-03, 4.324300000000000000e+04
2.976407719578984430e-03, 4.209500000000000000e+04
2.980397542259385045e-03, 4.071400000000000000e+04
2.984387364939786094e-03, 3.849300000000000000e+04
2.988377187620186708e-03, 3.673800000000000000e+04
2.992367010300587323e-03, 3.527300000000000000e+04
2.996356832980988372e-03, 3.417800000000000000e+04
3.000346655661388987e-03, 3.247400000000000000e+04
3.004336478341790035e-03, 3.011400000000000000e+04
3.008326301022190650e-03, 2.754100000000000000e+04
3.012316123702591265e-03, 2.564500000000000000e+04
3.016305946382992313e-03, 2.443300000000000000e+04
3.020295769063392928e-03, 2.311400000000000000e+04
3.024285591743793977e-03, 2.163300000000000000e+04
3.028275414424194591e-03, 2.005400000000000000e+04
3.032265237104595206e-03, 1.828100000000000000e+04
3.036255059784996255e-03, 1.658100000000000000e+04
3.040244882465396870e-03, 1.527000000000000000e+04
3.044234705145797484e-03, 1.384600000000000000e+04
3.048224527826198533e-03, 1.297200000000000000e+04
3.052214350506599148e-03, 1.260400000000000000e+04
3.056204173187000196e-03, 1.154200000000000000e+04
3.060193995867400811e-03, 1.081800000000000000e+04
3.064183818547801426e-03, 9.672000000000000000e+03
3.068173641228202474e-03, 9.270000000000000000e+03
3.072163463908603089e-03, 8.591000000000000000e+03
3.076153286589004138e-03, 8.599000000000000000e+03
3.080143109269404753e-03, 8.208000000000000000e+03
3.084132931949805367e-03, 8.393000000000000000e+03
3.088122754630206416e-03, 8.103000000000000000e+03
3.092112577310607031e-03, 8.342000000000000000e+03
3.096102399991008079e-03, 8.590000000000000000e+03
3.100092222671408694e-03, 9.908000000000000000e+03
3.104082045351809309e-03, 1.087400000000000000e+04
3.108071868032210357e-03, 1.145100000000000000e+04
3.112061690712610972e-03, 1.203300000000000000e+04
3.116051513393011587e-03, 1.301500000000000000e+04
3.120041336073412636e-03, 1.440800000000000000e+04
3.124031158753813250e-03, 1.563200000000000000e+04
3.128020981434214299e-03, 1.645200000000000000e+04
3.132010804114614914e-03, 1.758600000000000000e+04
3.136000626795015529e-03, 1.903200000000000000e+04
3.139990449475416577e-03, 2.091300000000000000e+04
3.143980272155817192e-03, 2.275000000000000000e+04
3.147970094836218240e-03, 2.433000000000000000e+04
3.151959917516618855e-03, 2.584400000000000000e+04
3.155949740197019470e-03, 2.748400000000000000e+04
3.159939562877420519e-03, 2.914300000000000000e+04
3.163929385557821133e-03, 3.082400000000000000e+04
3.167919208238222182e-03, 3.216800000000000000e+04
3.171909030918622797e-03, 3.366700000000000000e+04
3.175898853599023412e-03, 3.550200000000000000e+04
3.179888676279424460e-03, 3.778500000000000000e+04
3.183878498959825075e-03, 3.993000000000000000e+04
3.187868321640225690e-03, 4.165800000000000000e+04
3.191858144320626738e-03, 4.277200000000000000e+04
3.195847967001027353e-03, 4.400800000000000000e+04
3.199837789681428402e-03, 4.546600000000000000e+04
3.203827612361829016e-03, 4.723900000000000000e+04
3.207817435042229631e-03, 4.909400000000000000e+04
3.211807257722630680e-03, 5.086800000000000000e+04
3.215797080403031295e-03, 5.196500000000000000e+04
3.219786903083432343e-03, 5.246000000000000000e+04
3.223776725763832958e-03, 5.272400000000000000e+04
3.227766548444233573e-03, 5.313000000000000000e+04
3.231756371124634621e-03, 5.417000000000000000e+04
3.235746193805035236e-03, 5.615900000000000000e+04
3.239736016485435851e-03, 5.688500000000000000e+04
3.243725839165836899e-03, 5.758900000000000000e+04
3.247715661846237514e-03, 5.737600000000000000e+04
3.251705484526638563e-03, 5.731000000000000000e+04
3.255695307207039178e-03, 5.694000000000000000e+04
3.259685129887439792e-03, 5.664400000000000000e+04
3.263674952567840841e-03, 5.655200000000000000e+04
3.267664775248241456e-03, 5.624100000000000000e+04
3.271654597928642504e-03, 5.593800000000000000e+04
3.275644420609043119e-03, 5.529000000000000000e+04
3.279634243289443734e-03, 5.444700000000000000e+04
3.283624065969844782e-03, 5.366100000000000000e+04
3.287613888650245397e-03, 5.310100000000000000e+04
3.291603711330646446e-03, 5.218400000000000000e+04
3.295593534011047061e-03, 5.066500000000000000e+04
3.299583356691447675e-03, 4.931400000000000000e+04
3.303573179371848724e-03, 4.776900000000000000e+04
3.307563002052249339e-03, 4.591100000000000000e+04
3.311552824732649954e-03, 4.457700000000000000e+04
3.315542647413051002e-03, 4.273200000000000000e+04
3.319532470093451617e-03, 4.131600000000000000e+04
3.323522292773852665e-03, 3.991700000000000000e+04
3.327512115454253280e-03, 3.773700000000000000e+04
3.331501938134653895e-03, 3.589600000000000000e+04
3.335491760815054944e-03, 3.454000000000000000e+04
3.339481583495455558e-03, 3.339800000000000000e+04
3.343471406175856607e-03, 3.173800000000000000e+04
3.347461228856257222e-03, 2.940800000000000000e+04
3.351451051536657837e-03, 2.695900000000000000e+04
3.355440874217058885e-03, 2.538300000000000000e+04
3.359430696897459500e-03, 2.413800000000000000e+04
3.363420519577860548e-03, 2.283500000000000000e+04
3.367410342258261163e-03, 2.132100000000000000e+04
3.371400164938661778e-03, 1.976600000000000000e+04
3.375389987619062827e-03, 1.797800000000000000e+04
3.379379810299463441e-03, 1.622200000000000000e+04
3.383369632979864056e-03, 1.483800000000000000e+04
3.387359455660265105e-03, 1.349200000000000000e+04
3.391349278340665720e-03, 1.275300000000000000e+04
3.395339101021066768e-03, 1.236500000000000000e+04
3.399328923701467383e-03, 1.152800000000000000e+04
3.403318746381867998e-03, 1.072100000000000000e+04
3.407308569062269046e-03, 9.728000000000000000e+03
3.411298391742669661e-03, 9.203000000000000000e+03
3.415288214423070710e-03, 8.658000000000000000e+03
3.419278037103471325e-03, 8.535000000000000000e+03
3.423267859783871939e-03, 8.276000000000000000e+03
3.427257682464272988e-03, 8.330000000000000000e+03
3.431247505144673603e-03, 8.171000000000000000e+03
3.435237327825074651e-03, 8.309000000000000000e+03
3.439227150505475266e-03, 8.733000000000000000e+03
3.443216973185875881e-03, 1.049900000000000000e+04
3.447206795866276929e-03, 1.172900000000000000e+04
3.451196618546677544e-03, 1.229400000000000000e+04
3.455186441227078159e-03, 1.275800000000000000e+04
3.459176263907479208e-03, 1.356400000000000000e+04
3.463166086587879822e-03, 1.445900000000000000e+04
3.467155909268280871e-03, 1.519500000000000000e+04
3.471145731948681486e-03, 1.600700000000000000e+04
3.475135554629082101e-03, 1.731600000000000000e+04
3.479125377309483149e-03, 1.906500000000000000e+04
3.483115199989883764e-03, 2.108800000000000000e+04
3.487105022670284812e-03, 2.292000000000000000e+04
3.491094845350685427e-03, 2.460100000000000000e+04
3.495084668031086042e-03, 2.614100000000000000e+04
3.499074490711487091e-03, 2.782300000000000000e+04
3.503064313391887705e-03, 2.946700000000000000e+04
3.507054136072288754e-03, 3.094300000000000000e+04
3.511043958752689369e-03, 3.205800000000000000e+04
3.515033781433089984e-03, 3.339500000000000000e+04
3.519023604113491032e-03, 3.536500000000000000e+04
3.523013426793891647e-03, 3.776900000000000000e+04
3.527003249474292262e-03, 3.990100000000000000e+04
3.530993072154693310e-03, 4.147100000000000000e+04
3.534982894835093925e-03, 4.257100000000000000e+04
3.538972717515494974e-03, 4.396800000000000000e+04
3.542962540195895588e-03, 4.554000000000000000e+04
3.546952362876296203e-03, 4.741300000000000000e+04
3.550942185556697252e-03, 4.943700000000000000e+04
3.554932008237097867e-03, 5.112100000000000000e+04
3.558921830917498915e-03, 5.205100000000000000e+04
3.562911653597899530e-03, 5.245700000000000000e+04
3.566901476278300145e-03, 5.284900000000000000e+04
3.570891298958701193e-03, 5.321100000000000000e+04
3.574881121639101808e-03, 5.454000000000000000e+04
3.578870944319502857e-03, 5.647900000000000000e+04
3.582860766999903471e-03, 5.713900000000000000e+04
3.586850589680304086e-03, 5.770000000000000000e+04
3.590840412360705135e-03, 5.746200000000000000e+04
3.594830235041105750e-03, 5.714000000000000000e+04
3.598820057721506364e-03, 5.686200000000000000e+04
3.602809880401907413e-03, 5.645400000000000000e+04
3.606799703082308028e-03, 5.647900000000000000e+04
3.610789525762709076e-03, 5.617100000000000000e+04
3.614779348443109691e-03, 5.578400000000000000e+04
3.618769171123510306e-03, 5.508900000000000000e+04
3.622758993803911354e-03, 5.429000000000000000e+04
3.626748816484311969e-03, 5.358200000000000000e+04
3.630738639164713018e-03, 5.299000000000000000e+04
3.634728461845113633e-03, 5.189900000000000000e+04
3.638718284525514247e-03, 5.047600000000000000e+04
3.642708107205915296e-03, 4.929400000000000000e+04
3.646697929886315911e-03, 4.773800000000000000e+04
3.650687752566716959e-03, 4.595500000000000000e+04
3.654677575247117574e-03, 4.449400000000000000e+04
3.658667397927518189e-03, 4.304500000000000000e+04
3.662657220607919237e-03, 4.173200000000000000e+04
3.666647043288319852e-03, 4.019700000000000000e+04
3.670636865968720467e-03, 3.779000000000000000e+04
3.674626688649121516e-03, 3.581500000000000000e+04
3.678616511329522130e-03, 3.454700000000000000e+04
3.682606334009923179e-03, 3.322600000000000000e+04
3.686596156690323794e-03, 3.139300000000000000e+04
3.690585979370724409e-03, 2.894600000000000000e+04
3.694575802051125457e-03, 2.656000000000000000e+04
3.698565624731526072e-03, 2.519200000000000000e+04
3.702555447411927120e-03, 2.387300000000000000e+04
3.706545270092327735e-03, 2.283900000000000000e+04
3.710535092772728350e-03, 2.164700000000000000e+04
3.714524915453129399e-03, 2.017500000000000000e+04
3.718514738133530013e-03, 1.828400000000000000e+04
3.722504560813931062e-03, 1.646700000000000000e+04
3.726494383494331677e-03, 1.496700000000000000e+04
3.730484206174732292e-03, 1.365900000000000000e+04
3.734474028855133340e-03, 1.295400000000000000e+04
3.738463851535533955e-03, 1.229300000000000000e+04
3.742453674215934570e-03, 1.152000000000000000e+04
3.746443496896335618e-03, 1.048500000000000000e+04
3.750433319576736233e-03, 9.689000000000000000e+03
3.754423142257137282e-03, 9.016000000000000000e+03
3.758412964937537896e-03, 8.686000000000000000e+03
3.762402787617938511e-03, 8.403000000000000000e+03
3.766392610298339560e-03, 8.340000000000000000e+03
3.770382432978740175e-03, 8.211000000000000000e+03
3.774372255659141223e-03, 8.107000000000000000e+03
3.778362078339541838e-03, 8.175000000000000000e+03
3.782351901019942453e-03, 8.761000000000000000e+03
3.786341723700343501e-03, 1.028200000000000000e+04
3.790331546380744116e-03, 1.108300000000000000e+04
3.794321369061145165e-03, 1.158000000000000000e+04
3.798311191741545779e-03, 1.230400000000000000e+04
3.802301014421946394e-03, 1.336200000000000000e+04
3.806290837102347443e-03, 1.440000000000000000e+04
3.810280659782748058e-03, 1.519600000000000000e+04
3.814270482463148672e-03, 1.615100000000000000e+04
3.818260305143549721e-03, 1.755500000000000000e+04
3.822250127823950336e-03, 1.943400000000000000e+04
3.826239950504351384e-03, 2.148400000000000000e+04
3.830229773184751999e-03, 2.321000000000000000e+04
3.834219595865152614e-03, 2.489400000000000000e+04
3.838209418545553663e-03, 2.656800000000000000e+04
3.842199241225954277e-03, 2.853900000000000000e+04
3.846189063906355326e-03, 3.026900000000000000e+04
3.850178886586755941e-03, 3.158900000000000000e+04
3.854168709267156556e-03, 3.298200000000000000e+04
3.858158531947557604e-03, 3.436400000000000000e+04
3.862148354627958219e-03, 3.632200000000000000e+04
3.866138177308359267e-03, 3.853300000000000000e+04
3.870127999988759882e-03, 4.044100000000000000e+04
3.874117822669160497e-03, 4.182000000000000000e+04
3.878107645349561546e-03, 4.288400000000000000e+04
3.882097468029962160e-03, 4.431500000000000000e+04
3.886087290710362775e-03, 4.590500000000000000e+04
3.890077113390763824e-03, 4.773700000000000000e+04
3.894066936071164439e-03, 4.981700000000000000e+04
3.898056758751565487e-03, 5.140000000000000000e+04
3.902046581431966102e-03, 5.217300000000000000e+04
3.906036404112366717e-03, 5.259700000000000000e+04
3.910026226792767332e-03, 5.311100000000000000e+04
3.914016049473168814e-03, 5.346500000000000000e+04
3.918005872153569429e-03, 5.494300000000000000e+04
3.921995694833970043e-03, 5.654400000000000000e+04
3.925985517514370658e-03, 5.718700000000000000e+04
3.929975340194771273e-03, 5.756600000000000000e+04
3.933965162875172755e-03, 5.743200000000000000e+04
3.937954985555573370e-03, 5.698000000000000000e+04
3.941944808235973985e-03, 5.682900000000000000e+04
3.945934630916374600e-03, 5.638500000000000000e+04
3.949924453596775215e-03, 5.643000000000000000e+04
3.953914276277176697e-03, 5.616600000000000000e+04
3.957904098957577312e-03, 5.567100000000000000e+04
3.961893921637977926e-03, 5.489900000000000000e+04
3.965883744318378541e-03, 5.411800000000000000e+04
3.969873566998779156e-03, 5.354700000000000000e+04
3.973863389679179771e-03, 5.304500000000000000e+04
3.977853212359581253e-03, 5.187200000000000000e+04
3.981843035039981868e-03, 5.038400000000000000e+04
3.985832857720382483e-03, 4.898100000000000000e+04
3.989822680400783098e-03, 4.716600000000000000e+04
3.993812503081183712e-03, 4.557500000000000000e+04
3.997802325761585195e-03, 4.401300000000000000e+04
4.001792148441985809e-03, 4.276100000000000000e+04
4.005781971122386424e-03, 4.144100000000000000e+04
4.009771793802787039e-03, 3.975000000000000000e+04
4.013761616483187654e-03, 3.741000000000000000e+04
4.017751439163589136e-03, 3.547600000000000000e+04
4.021741261843989751e-03, 3.434100000000000000e+04
4.025731084524390366e-03, 3.294300000000000000e+04
4.029720907204790981e-03, 3.095600000000000000e+04
4.033710729885191595e-03, 2.848300000000000000e+04
4.037700552565593078e-03, 2.650100000000000000e+04
4.041690375245993692e-03, 2.555100000000000000e+04
4.045680197926394307e-03, 2.425900000000000000e+04
4.049670020606794922e-03, 2.279500000000000000e+04
4.053659843287195537e-03, 2.108200000000000000e+04
4.057649665967597019e-03, 1.938200000000000000e+04
4.061639488647997634e-03, 1.757400000000000000e+04
4.065629311328398249e-03, 1.594800000000000000e+04
4.069619134008798864e-03, 1.448000000000000000e+04
4.073608956689199478e-03, 1.336000000000000000e+04
4.077598779369600961e-03, 1.286200000000000000e+04
4.081588602050001575e-03, 1.204700000000000000e+04
4.085578424730402190e-03, 1.139700000000000000e+04
4.089568247410802805e-03, 1.021500000000000000e+04
4.093558070091203420e-03, 9.622000000000000000e+03
4.097547892771604902e-03, 8.838000000000000000e+03
4.101537715452005517e-03, 8.703000000000000000e+03
4.105527538132406132e-03, 8.249000000000000000e+03
4.109517360812806747e-03, 8.254000000000000000e+03
4.113507183493207361e-03, 8.028000000000000000e+03
4.117497006173607976e-03, 8.202000000000000000e+03
4.121486828854009458e-03, 8.266000000000000000e+03
4.125476651534410073e-03, 9.065000000000000000e+03
4.129466474214810688e-03, 1.050900000000000000e+04
4.133456296895211303e-03, 1.124500000000000000e+04
4.137446119575611918e-03, 1.171700000000000000e+04
4.141435942256013400e-03, 1.251600000000000000e+04
4.145425764936414015e-03, 1.359300000000000000e+04
4.149415587616814630e-03, 1.459400000000000000e+04
4.153405410297215244e-03, 1.533800000000000000e+04
4.157395232977615859e-03, 1.638100000000000000e+04
4.161385055658017341e-03, 1.784700000000000000e+04
4.165374878338417956e-03, 1.981100000000000000e+04
4.169364701018818571e-03, 2.209500000000000000e+04
4.173354523699219186e-03, 2.401700000000000000e+04
4.177344346379619801e-03, 2.568800000000000000e+04
4.181334169060021283e-03, 2.712300000000000000e+04
4.185323991740421898e-03, 2.866500000000000000e+04
4.189313814420822513e-03, 3.025300000000000000e+04
4.193303637101223127e-03, 3.143500000000000000e+04
4.197293459781623742e-03, 3.298100000000000000e+04
4.201283282462025225e-03, 3.454000000000000000e+04
4.205273105142425839e-03, 3.664600000000000000e+04
4.209262927822826454e-03, 3.887400000000000000e+04
4.213252750503227069e-03, 4.072900000000000000e+04
4.217242573183627684e-03, 4.199800000000000000e+04
4.221232395864029166e-03, 4.312000000000000000e+04
4.225222218544429781e-03, 4.460800000000000000e+04
4.229212041224830396e-03, 4.628700000000000000e+04
4.233201863905231010e-03, 4.807500000000000000e+04
4.237191686585631625e-03, 5.025000000000000000e+04
4.241181509266033108e-03, 5.180400000000000000e+04
4.245171331946433722e-03, 5.247400000000000000e+04
4.249161154626834337e-03, 5.262700000000000000e+04
4.253150977307234952e-03, 5.308800000000000000e+04
4.257140799987635567e-03, 5.350700000000000000e+04
4.261130622668036182e-03, 5.527900000000000000e+04
4.265120445348437664e-03, 5.660300000000000000e+04
4.269110268028838279e-03, 5.733300000000000000e+04
4.273100090709238894e-03, 5.748200000000000000e+04
4.277089913389639508e-03, 5.742000000000000000e+04
4.281079736070040123e-03, 5.687500000000000000e+04
4.285069558750441605e-03, 5.676800000000000000e+04
4.289059381430842220e-03, 5.637200000000000000e+04
4.293049204111242835e-03, 5.635600000000000000e+04
4.297039026791643450e-03, 5.618400000000000000e+04
4.301028849472044065e-03, 5.573000000000000000e+04
4.305018672152445547e-03, 5.492200000000000000e+04
4.309008494832846162e-03, 5.411600000000000000e+04
4.312998317513246777e-03, 5.349000000000000000e+04
4.316988140193647391e-03, 5.278100000000000000e+04
4.320977962874048006e-03, 5.140500000000000000e+04
4.324967785554449488e-03, 5.000700000000000000e+04
4.328957608234850103e-03, 4.861500000000000000e+04
4.332947430915250718e-03, 4.670900000000000000e+04
4.336937253595651333e-03, 4.531500000000000000e+04
4.340927076276051948e-03, 4.365800000000000000e+04
4.344916898956453430e-03, 4.250800000000000000e+04
4.348906721636854045e-03, 4.117600000000000000e+04
4.352896544317254660e-03, 3.927100000000000000e+04
4.356886366997655274e-03, 3.706800000000000000e+04
4.360876189678055889e-03, 3.522500000000000000e+04
4.364866012358457371e-03, 3.445800000000000000e+04
4.368855835038857986e-03, 3.318200000000000000e+04
4.372845657719258601e-03, 3.107900000000000000e+04
4.376835480399659216e-03, 2.848400000000000000e+04
4.380825303080059831e-03, 2.617400000000000000e+04
4.384815125760461313e-03, 2.491500000000000000e+04
4.388804948440861928e-03, 2.353400000000000000e+04
4.392794771121262543e-03, 2.211100000000000000e+04
4.396784593801663157e-03, 2.051300000000000000e+04
4.400774416482063772e-03, 1.884500000000000000e+04
4.404764239162464387e-03, 1.714800000000000000e+04
4.408754061842865869e-03, 1.567900000000000000e+04
4.412743884523266484e-03, 1.419200000000000000e+04
4.416733707203667099e-03, 1.316500000000000000e+04
4.420723529884067714e-03, 1.279800000000000000e+04
4.424713352564468329e-03, 1.189400000000000000e+04
4.428703175244869811e-03, 1.174400000000000000e+04
4.432692997925270426e-03, 1.083300000000000000e+04
4.436682820605671040e-03, 1.032100000000000000e+04
4.440672643286071655e-03, 9.320000000000000000e+03
4.444662465966472270e-03, 9.073000000000000000e+03
4.448652288646873752e-03, 8.454000000000000000e+03
4.452642111327274367e-03, 8.538000000000000000e+03
4.456631934007674982e-03, 8.149000000000000000e+03
4.460621756688075597e-03, 8.375000000000000000e+03
4.464611579368476212e-03, 8.416000000000000000e+03
4.468601402048877694e-03, 9.398000000000000000e+03
4.472591224729278309e-03, 1.066000000000000000e+04
4.476581047409678923e-03, 1.135500000000000000e+04
4.480570870090079538e-03, 1.184200000000000000e+04
4.484560692770480153e-03, 1.271600000000000000e+04
4.488550515450881635e-03, 1.380200000000000000e+04
4.492540338131282250e-03, 1.463000000000000000e+04
4.496530160811682865e-03, 1.523500000000000000e+04
4.500519983492083480e-03, 1.634500000000000000e+04
4.504509806172484095e-03, 1.789100000000000000e+04
4.508499628852885577e-03, 1.995500000000000000e+04
4.512489451533286192e-03, 2.202900000000000000e+04
4.516479274213686806e-03, 2.367900000000000000e+04
4.520469096894087421e-03, 2.530100000000000000e+04
4.524458919574488036e-03, 2.691200000000000000e+04
4.528448742254888651e-03, 2.861800000000000000e+04
4.532438564935290133e-03, 3.039900000000000000e+04
4.536428387615690748e-03, 3.161000000000000000e+04
4.540418210296091363e-03, 3.320500000000000000e+04
4.544408032976491978e-03, 3.487100000000000000e+04
4.548397855656892592e-03, 3.705300000000000000e+04
4.552387678337294075e-03, 3.926500000000000000e+04
4.556377501017694689e-03, 4.105600000000000000e+04
4.560367323698095304e-03, 4.239900000000000000e+04
4.564357146378495919e-03, 4.362800000000000000e+04
4.568346969058896534e-03, 4.509700000000000000e+04
4.572336791739298016e-03, 4.675200000000000000e+04
4.576326614419698631e-03, 4.845500000000000000e+04
4.580316437100099246e-03, 5.042500000000000000e+04
4.584306259780499861e-03, 5.177800000000000000e+04
4.588296082460900475e-03, 5.239000000000000000e+04
4.592285905141301958e-03, 5.253700000000000000e+04
4.596275727821702572e-03, 5.304800000000000000e+04
4.600265550502103187e-03, 5.367400000000000000e+04
4.604255373182503802e-03, 5.565500000000000000e+04
4.608245195862904417e-03, 5.669500000000000000e+04
4.612235018543305899e-03, 5.748000000000000000e+04
4.616224841223706514e-03, 5.742000000000000000e+04
4.620214663904107129e-03, 5.736500000000000000e+04
4.624204486584507744e-03, 5.681700000000000000e+04
4.628194309264908358e-03, 5.679400000000000000e+04
4.632184131945309841e-03, 5.652500000000000000e+04
4.636173954625710456e-03, 5.642200000000000000e+04
4.640163777306111070e-03, 5.617800000000000000e+04
4.644153599986511685e-03, 5.557000000000000000e+04
4.648143422666912300e-03, 5.467000000000000000e+04
4.652133245347313782e-03, 5.385600000000000000e+04
4.656123068027714397e-03, 5.329500000000000000e+04
4.660112890708115012e-03, 5.255300000000000000e+04
4.664102713388515627e-03, 5.109300000000000000e+04
4.668092536068916241e-03, 4.975500000000000000e+04
4.672082358749316856e-03, 4.832100000000000000e+04
4.676072181429718339e-03, 4.636100000000000000e+04
4.680062004110118953e-03, 4.506600000000000000e+04
4.684051826790519568e-03, 4.338300000000000000e+04
4.688041649470920183e-03, 4.215900000000000000e+04
4.692031472151320798e-03, 4.048800000000000000e+04
4.696021294831722280e-03, 3.833000000000000000e+04
4.700011117512122895e-03, 3.630900000000000000e+04
4.704000940192523510e-03, 3.465700000000000000e+04
4.707990762872924125e-03, 3.371900000000000000e+04
4.711980585553324739e-03, 3.226300000000000000e+04
4.715970408233726222e-03, 3.013600000000000000e+04
4.719960230914126836e-03, 2.768600000000000000e+04
4.723950053594527451e-03, 2.569800000000000000e+04
4.727939876274928066e-03, 2.455000000000000000e+04
4.731929698955328681e-03, 2.324700000000000000e+04
4.735919521635730163e-03, 2.180800000000000000e+04
4.739909344316130778e-03, 2.022700000000000000e+04
4.743899166996531393e-03, 1.849100000000000000e+04
4.747888989676932008e-03, 1.679700000000000000e+04
4.751878812357332622e-03, 1.544300000000000000e+04
4.755868635037734105e-03, 1.387100000000000000e+04
4.759858457718134719e-03, 1.285000000000000000e+04
4.763848280398535334e-03, 1.254200000000000000e+04
4.767838103078935949e-03, 1.163200000000000000e+04
4.771827925759336564e-03, 1.105200000000000000e+04
4.775817748439738046e-03, 9.857000000000000000e+03
4.779807571120138661e-03, 9.441000000000000000e+03
4.783797393800539276e-03, 8.663000000000000000e+03
4.787787216480939891e-03, 8.670000000000000000e+03
4.791777039161340505e-03, 8.211000000000000000e+03
4.795766861841741988e-03, 8.423000000000000000e+03
4.799756684522142602e-03, 8.083000000000000000e+03
4.803746507202543217e-03, 8.359000000000000000e+03
4.807736329882943832e-03, 8.510000000000000000e+03
4.811726152563344447e-03, 9.704000000000000000e+03
4.815715975243745062e-03, 1.078200000000000000e+04
4.819705797924146544e-03, 1.140400000000000000e+04
4.823695620604547159e-03, 1.180200000000000000e+04
4.827685443284947774e-03, 1.266500000000000000e+04
4.831675265965348388e-03, 1.376500000000000000e+04
4.835665088645749003e-03, 1.473700000000000000e+04
4.839654911326150485e-03, 1.552100000000000000e+04
4.843644734006551100e-03, 1.678700000000000000e+04
4.847634556686951715e-03, 1.837400000000000000e+04
4.851624379367352330e-03, 2.042300000000000000e+04
4.855614202047752945e-03, 2.241300000000000000e+04
4.859604024728154427e-03, 2.403400000000000000e+04
4.863593847408555042e-03, 2.560000000000000000e+04
4.867583670088955657e-03, 2.723600000000000000e+04
4.871573492769356271e-03, 2.892100000000000000e+04
4.875563315449756886e-03, 3.067700000000000000e+04
4.879553138130158368e-03, 3.194300000000000000e+04
4.883542960810558983e-03, 3.352100000000000000e+04
4.887532783490959598e-03, 3.546400000000000000e+04
4.891522606171360213e-03, 3.780300000000000000e+04
4.895512428851760828e-03, 3.992900000000000000e+04
4.899502251532162310e-03, 4.147300000000000000e+04
4.903492074212562925e-03, 4.246600000000000000e+04
4.907481896892963540e-03, 4.362900000000000000e+04
4.911471719573364154e-03, 4.512300000000000000e+04
4.915461542253764769e-03, 4.691700000000000000e+04
4.919451364934166251e-03, 4.874300000000000000e+04
4.923441187614566866e-03, 5.064300000000000000e+04
4.927431010294967481e-03, 5.187400000000000000e+04
4.931420832975368096e-03, 5.243300000000000000e+04
4.935410655655768711e-03, 5.263000000000000000e+04
4.939400478336170193e-03, 5.308900000000000000e+04
4.943390301016570808e-03, 5.395100000000000000e+04
4.947380123696971423e-03, 5.605600000000000000e+04
4.951369946377372037e-03, 5.693800000000000000e+04
4.955359769057772652e-03, 5.767800000000000000e+04
4.959349591738173267e-03, 5.747700000000000000e+04
4.963339414418574749e-03, 5.735400000000000000e+04
4.967329237098975364e-03, 5.683500000000000000e+04
4.971319059779375979e-03, 5.661900000000000000e+04
4.975308882459776594e-03, 5.645400000000000000e+04
4.979298705140177209e-03, 5.623100000000000000e+04
4.983288527820578691e-03, 5.599200000000000000e+04
4.987278350500979306e-03, 5.538500000000000000e+04
4.991268173181379920e-03, 5.452300000000000000e+04
4.995257995861780535e-03, 5.371500000000000000e+04
4.999247818542181150e-03, 5.316800000000000000e+04
5.003237641222582632e-03, 5.234500000000000000e+04
5.007227463902983247e-03, 5.083400000000000000e+04
5.011217286583383862e-03, 4.955500000000000000e+04
5.015207109263784477e-03, 4.826300000000000000e+04
5.019196931944185092e-03, 4.640400000000000000e+04
5.023186754624586574e-03, 4.510800000000000000e+04
5.027176577304987189e-03, 4.340500000000000000e+04
5.031166399985387803e-03, 4.219700000000000000e+04
5.035156222665788418e-03, 4.077300000000000000e+04
5.039146045346189033e-03, 3.851600000000000000e+04
5.043135868026590515e-03, 3.647200000000000000e+04
5.047125690706991130e-03, 3.483400000000000000e+04
5.051115513387391745e-03, 3.368000000000000000e+04
5.055105336067792360e-03, 3.203600000000000000e+04
5.059095158748192975e-03, 2.975000000000000000e+04
5.063084981428594457e-03, 2.726500000000000000e+04
5.067074804108995072e-03, 2.551200000000000000e+04
5.071064626789395687e-03, 2.431500000000000000e+04
5.075054449469796301e-03, 2.301500000000000000e+04
5.079044272150196916e-03, 2.140200000000000000e+04
5.083034094830598398e-03, 1.972800000000000000e+04
5.087023917510999013e-03, 1.797600000000000000e+04
5.091013740191399628e-03, 1.635500000000000000e+04
5.095003562871800243e-03, 1.512400000000000000e+04
5.098993385552200858e-03, 1.376200000000000000e+04
5.102983208232601472e-03, 1.292600000000000000e+04
5.106973030913002955e-03, 1.258100000000000000e+04
5.110962853593403570e-03, 1.165000000000000000e+04
5.114952676273804184e-03, 1.092300000000000000e+04
5.118942498954204799e-03, 9.797000000000000000e+03
5.122932321634605414e-03, 9.328000000000000000e+03
5.126922144315006896e-03, 8.656000000000000000e+03
5.130911966995407511e-03, 8.609000000000000000e+03
5.134901789675808126e-03, 8.241000000000000000e+03
5.138891612356208741e-03, 8.385000000000000000e+03
5.142881435036609356e-03, 8.249000000000000000e+03
5.146871257717010838e-03, 8.982000000000000000e+03
5.150861080397411453e-03, 9.431000000000000000e+03
5.154850903077812067e-03, 1.064700000000000000e+04
5.158840725758212682e-03, 1.139900000000000000e+04
5.162830548438613297e-03, 1.177900000000000000e+04
5.166820371119014779e-03, 1.222000000000000000e+04
5.170810193799415394e-03, 1.311500000000000000e+04
5.174800016479816009e-03, 1.414000000000000000e+04
5.178789839160216624e-03, 1.499500000000000000e+04
5.182779661840617239e-03, 1.580300000000000000e+04
5.186769484521018721e-03, 1.710800000000000000e+04
5.190759307201419336e-03, 1.878400000000000000e+04
5.194749129881819950e-03, 2.081500000000000000e+04
5.198738952562220565e-03, 2.272400000000000000e+04
5.202728775242621180e-03, 2.437800000000000000e+04
5.206718597923022662e-03, 2.592100000000000000e+04
5.210708420603423277e-03, 2.740400000000000000e+04
5.214698243283823892e-03, 2.881000000000000000e+04
5.218688065964224507e-03, 3.041800000000000000e+04
5.222677888644625122e-03, 3.182700000000000000e+04
5.226667711325025736e-03, 3.343200000000000000e+04
5.230657534005427219e-03, 3.535900000000000000e+04
5.234647356685827833e-03, 3.770400000000000000e+04
5.238637179366228448e-03, 3.982700000000000000e+04
5.242627002046629063e-03, 4.139700000000000000e+04
5.246616824727029678e-03, 4.246400000000000000e+04
5.250606647407431160e-03, 4.378900000000000000e+04
5.254596470087831775e-03, 4.534600000000000000e+04
5.258586292768232390e-03, 4.721100000000000000e+04
5.262576115448633005e-03, 4.916200000000000000e+04
5.266565938129033619e-03, 5.092500000000000000e+04
5.270555760809435102e-03, 5.198000000000000000e+04
5.274545583489835716e-03, 5.237800000000000000e+04
5.278535406170236331e-03, 5.219200000000000000e+04
5.282525228850636946e-03, 5.236700000000000000e+04
5.286515051531037561e-03, 5.347200000000000000e+04
5.290504874211439043e-03, 5.565100000000000000e+04
5.294494696891839658e-03, 5.656400000000000000e+04
5.298484519572240273e-03, 5.740300000000000000e+04
5.302474342252640888e-03, 5.727600000000000000e+04
5.306464164933041502e-03, 5.713300000000000000e+04
5.310453987613442985e-03, 5.680100000000000000e+04
5.314443810293843599e-03, 5.648900000000000000e+04
5.318433632974244214e-03, 5.647200000000000000e+04
5.322423455654644829e-03, 5.617700000000000000e+04
5.326413278335045444e-03, 5.586500000000000000e+04
5.330403101015446926e-03, 5.521400000000000000e+04
5.334392923695847541e-03, 5.439200000000000000e+04
5.338382746376248156e-03, 5.364100000000000000e+04
5.342372569056648771e-03, 5.321500000000000000e+04
5.346362391737049385e-03, 5.236100000000000000e+04
5.350352214417450868e-03, 5.082800000000000000e+04
5.354342037097851482e-03, 4.943200000000000000e+04
5.358331859778252097e-03, 4.784400000000000000e+04
5.362321682458652712e-03, 4.595300000000000000e+04
5.366311505139053327e-03, 4.460400000000000000e+04
5.370301327819453942e-03, 4.308300000000000000e+04
5.374291150499855424e-03, 4.185400000000000000e+04
5.378280973180256039e-03, 4.041000000000000000e+04
5.382270795860656654e-03, 3.805000000000000000e+04
5.386260618541057268e-03, 3.606100000000000000e+04
5.390250441221457883e-03, 3.466000000000000000e+04
5.394240263901859365e-03, 3.340300000000000000e+04
5.398230086582259980e-03, 3.166000000000000000e+04
5.402219909262660595e-03, 2.926700000000000000e+04
5.406209731943061210e-03, 2.665400000000000000e+04
5.410199554623461825e-03, 2.498100000000000000e+04
5.414189377303863307e-03, 2.377200000000000000e+04
5.418179199984263922e-03, 2.256700000000000000e+04
5.422169022664664537e-03, 2.114900000000000000e+04
5.426158845345065151e-03, 1.966600000000000000e+04
5.430148668025465766e-03, 1.792400000000000000e+04
5.434138490705867248e-03, 1.626500000000000000e+04
5.438128313386267863e-03, 1.496000000000000000e+04
5.442118136066668478e-03, 1.365900000000000000e+04
5.446107958747069093e-03, 1.291400000000000000e+04
5.450097781427469708e-03, 1.241200000000000000e+04
5.454087604107871190e-03, 1.156700000000000000e+04
5.458077426788271805e-03, 1.066700000000000000e+04
5.462067249468672420e-03, 9.726000000000000000e+03
5.466057072149073034e-03, 9.147000000000000000e+03
5.470046894829473649e-03, 8.534000000000000000e+03
5.474036717509875132e-03, 8.402000000000000000e+03
5.478026540190275746e-03, 8.170000000000000000e+03
5.482016362870676361e-03, 8.259000000000000000e+03
5.486006185551076976e-03, 8.129000000000000000e+03
5.489996008231477591e-03, 8.285000000000000000e+03
5.493985830911879073e-03, 8.720000000000000000e+03
5.497975653592279688e-03, 1.018300000000000000e+04
5.501965476272680303e-03, 1.102000000000000000e+04
5.505955298953080918e-03, 1.153000000000000000e+04
5.509945121633481532e-03, 1.219000000000000000e+04
5.513934944313882147e-03, 1.321800000000000000e+04
5.517924766994283629e-03, 1.427300000000000000e+04
5.521914589674684244e-03, 1.510200000000000000e+04
5.525904412355084859e-03, 1.600700000000000000e+04
5.529894235035485474e-03, 1.737000000000000000e+04
5.533884057715886089e-03, 1.938600000000000000e+04
5.537873880396287571e-03, 2.171200000000000000e+04
5.541863703076688186e-03, 2.358200000000000000e+04
5.545853525757088801e-03, 2.512600000000000000e+04
5.549843348437489415e-03, 2.649300000000000000e+04
5.553833171117890030e-03, 2.803500000000000000e+04
5.557822993798291512e-03, 2.958500000000000000e+04
5.561812816478692127e-03, 3.106200000000000000e+04
5.565802639159092742e-03, 3.250300000000000000e+04
5.569792461839493357e-03, 3.396800000000000000e+04
5.573782284519893972e-03, 3.593100000000000000e+04
5.577772107200295454e-03, 3.820900000000000000e+04
5.581761929880696069e-03, 4.019700000000000000e+04
5.585751752561096684e-03, 4.165800000000000000e+04
5.589741575241497298e-03, 4.271100000000000000e+04
5.593731397921897913e-03, 4.410300000000000000e+04
5.597721220602299395e-03, 4.566500000000000000e+04
5.601711043282700010e-03, 4.765000000000000000e+04
5.605700865963100625e-03, 4.972400000000000000e+04
5.609690688643501240e-03, 5.137100000000000000e+04
5.613680511323901855e-03, 5.222800000000000000e+04
5.617670334004303337e-03, 5.256800000000000000e+04
5.621660156684703952e-03, 5.291300000000000000e+04
5.625649979365104567e-03, 5.324500000000000000e+04
5.629639802045505181e-03, 5.455800000000000000e+04
5.633629624725905796e-03, 5.636900000000000000e+04
5.637619447406307278e-03, 5.703200000000000000e+04
5.641609270086707893e-03, 5.757500000000000000e+04
5.645599092767108508e-03, 5.740000000000000000e+04
5.649588915447509123e-03, 5.705500000000000000e+04
5.653578738127909738e-03, 5.684000000000000000e+04
5.657568560808310353e-03, 5.641900000000000000e+04
5.661558383488711835e-03, 5.646300000000000000e+04
5.665548206169112450e-03, 5.617100000000000000e+04
5.669538028849513064e-03, 5.588100000000000000e+04
5.673527851529913679e-03, 5.522900000000000000e+04
5.677517674210314294e-03, 5.441500000000000000e+04
5.681507496890715776e-03, 5.367100000000000000e+04
5.685497319571116391e-03, 5.304600000000000000e+04
5.689487142251517006e-03, 5.193100000000000000e+04
5.693476964931917621e-03, 5.042100000000000000e+04
5.697466787612318236e-03, 4.905600000000000000e+04
5.701456610292719718e-03, 4.738100000000000000e+04
5.705446432973120333e-03, 4.568400000000000000e+04
5.709436255653520947e-03, 4.423500000000000000e+04
5.713426078333921562e-03, 4.289400000000000000e+04
5.717415901014322177e-03, 4.160000000000000000e+04
5.721405723694723659e-03, 4.003800000000000000e+04
5.725395546375124274e-03, 3.765000000000000000e+04
5.729385369055524889e-03, 3.569200000000000000e+04
5.733375191735925504e-03, 3.471300000000000000e+04
5.737365014416326119e-03, 3.364000000000000000e+04
5.741354837096727601e-03, 3.183800000000000000e+04
5.745344659777128216e-03, 2.929700000000000000e+04
5.749334482457528830e-03, 2.679300000000000000e+04
5.753324305137929445e-03, 2.533100000000000000e+04
5.757314127818330060e-03, 2.394900000000000000e+04
5.761303950498731542e-03, 2.258600000000000000e+04
5.765293773179132157e-03, 2.101600000000000000e+04
5.769283595859532772e-03, 1.945500000000000000e+04
5.773273418539933387e-03, 1.768600000000000000e+04
5.777263241220334002e-03, 1.604900000000000000e+04
5.781253063900735484e-03, 1.465600000000000000e+04
5.785242886581136099e-03, 1.348000000000000000e+04
5.789232709261536713e-03, 1.288200000000000000e+04
5.793222531941937328e-03, 1.218700000000000000e+04
5.797212354622337943e-03, 1.147100000000000000e+04
5.801202177302738558e-03, 1.036900000000000000e+04
5.805191999983140040e-03, 9.524000000000000000e+03
5.809181822663540655e-03, 8.862000000000000000e+03
5.813171645343941270e-03, 8.572000000000000000e+03
5.817161468024341885e-03, 8.330000000000000000e+03
5.821151290704742499e-03, 8.298000000000000000e+03
5.825141113385143982e-03, 8.197000000000000000e+03
5.829130936065544596e-03, 8.235000000000000000e+03
5.833120758745945211e-03, 8.296000000000000000e+03
5.837110581426345826e-03, 8.929000000000000000e+03
5.841100404106746441e-03, 1.041400000000000000e+04
5.845090226787147923e-03, 1.116800000000000000e+04
5.849080049467548538e-03, 1.164000000000000000e+04
5.853069872147949153e-03, 1.238200000000000000e+04
5.857059694828349768e-03, 1.344400000000000000e+04
5.861049517508750382e-03, 1.452500000000000000e+04
5.865039340189151865e-03, 1.570800000000000000e+04
5.869029162869552479e-03, 1.688200000000000000e+04
5.873018985549953094e-03, 1.822900000000000000e+04
5.877008808230353709e-03, 1.992700000000000000e+04
5.880998630910754324e-03, 2.179800000000000000e+04
5.884988453591155806e-03, 2.339200000000000000e+04
5.888978276271556421e-03, 2.499300000000000000e+04
5.892968098951957036e-03, 2.649900000000000000e+04
5.896957921632357651e-03, 2.817300000000000000e+04
5.900947744312758265e-03, 2.983200000000000000e+04
5.904937566993159748e-03, 3.118700000000000000e+04
5.908927389673560363e-03, 3.274900000000000000e+04
5.912917212353960977e-03, 3.427900000000000000e+04
5.916907035034361592e-03, 3.635200000000000000e+04
5.920896857714762207e-03, 3.860500000000000000e+04
5.924886680395162822e-03, 4.051800000000000000e+04
5.928876503075564304e-03, 4.166800000000000000e+04
5.932866325755964919e-03, 4.237400000000000000e+04
5.936856148436365534e-03, 4.370200000000000000e+04
5.940845971116766149e-03, 4.539200000000000000e+04
5.944835793797166763e-03, 4.738200000000000000e+04
5.948825616477568246e-03, 4.960000000000000000e+04
5.952815439157968860e-03, 5.127800000000000000e+04
5.956805261838369475e-03, 5.210800000000000000e+04
5.960795084518770090e-03, 5.242900000000000000e+04
5.964784907199170705e-03, 5.293100000000000000e+04
5.968774729879572187e-03, 5.333100000000000000e+04
5.972764552559972802e-03, 5.495600000000000000e+04
5.976754375240373417e-03, 5.650700000000000000e+04
5.980744197920774032e-03, 5.720100000000000000e+04
5.984734020601174646e-03, 5.752100000000000000e+04
5.988723843281576129e-03, 5.742400000000000000e+04
5.992713665961976743e-03, 5.693700000000000000e+04
5.996703488642377358e-03, 5.688300000000000000e+04
6.000693311322777973e-03, 5.650900000000000000e+04
6.004683134003178588e-03, 5.655700000000000000e+04
6.008672956683580070e-03, 5.626300000000000000e+04
6.012662779363980685e-03, 5.573500000000000000e+04
6.016652602044381300e-03, 5.493600000000000000e+04
6.020642424724781915e-03, 5.413900000000000000e+04
6.024632247405182529e-03, 5.349800000000000000e+04
6.028622070085584012e-03, 5.285300000000000000e+04
6.032611892765984626e-03, 5.159000000000000000e+04
6.036601715446385241e-03, 5.015200000000000000e+04
6.040591538126785856e-03, 4.879000000000000000e+04
6.044581360807186471e-03, 4.696700000000000000e+04
6.048571183487587953e-03, 4.546700000000000000e+04
6.052561006167988568e-03, 4.387800000000000000e+04
6.056550828848389183e-03, 4.267300000000000000e+04
6.060540651528789798e-03, 4.147100000000000000e+04
6.064530474209190412e-03, 4.001900000000000000e+04
6.068520296889591027e-03, 3.776400000000000000e+04
6.072510119569992509e-03, 3.578200000000000000e+04
6.076499942250393124e-03, 3.455600000000000000e+04
6.080489764930793739e-03, 3.307700000000000000e+04
6.084479587611194354e-03, 3.103200000000000000e+04
6.088469410291594969e-03, 2.851400000000000000e+04
6.092459232971996451e-03, 2.620700000000000000e+04
6.096449055652397066e-03, 2.497100000000000000e+04
6.100438878332797681e-03, 2.362800000000000000e+04
6.104428701013198295e-03, 2.226200000000000000e+04
6.108418523693598910e-03, 2.068900000000000000e+04
6.112408346374000392e-03, 1.908200000000000000e+04
6.116398169054401007e-03, 1.737000000000000000e+04
6.120387991734801622e-03, 1.582400000000000000e+04
6.124377814415202237e-03, 1.437000000000000000e+04
6.128367637095602852e-03, 1.369000000000000000e+04
6.132357459776004334e-03, 1.356500000000000000e+04
6.136347282456404949e-03, 1.278300000000000000e+04
6.140337105136805564e-03, 1.197100000000000000e+04
6.144326927817206178e-03, 1.059500000000000000e+04
6.148316750497606793e-03, 9.848000000000000000e+03
6.152306573178008275e-03, 8.962000000000000000e+03
6.156296395858408890e-03, 8.768000000000000000e+03
6.160286218538809505e-03, 8.318000000000000000e+03
6.164276041219210120e-03, 8.411000000000000000e+03
6.168265863899610735e-03, 8.131000000000000000e+03
6.172255686580012217e-03, 8.317000000000000000e+03
6.176245509260412832e-03, 8.348000000000000000e+03
6.180235331940813447e-03, 9.193000000000000000e+03
6.184225154621214061e-03, 1.057500000000000000e+04
6.188214977301614676e-03, 1.129300000000000000e+04
6.192204799982016158e-03, 1.188600000000000000e+04
6.196194622662416773e-03, 1.312000000000000000e+04
6.200184445342817388e-03, 1.437700000000000000e+04
6.204174268023218003e-03, 1.528000000000000000e+04
6.208164090703618618e-03, 1.582600000000000000e+04
6.212153913384019233e-03, 1.668600000000000000e+04
6.216143736064420715e-03, 1.802100000000000000e+04
6.220133558744821330e-03, 1.990300000000000000e+04
6.224123381425221944e-03, 2.191000000000000000e+04
6.228113204105622559e-03, 2.353400000000000000e+04
6.232103026786023174e-03, 2.516200000000000000e+04
6.236092849466424656e-03, 2.673600000000000000e+04
6.240082672146825271e-03, 2.843800000000000000e+04
6.244072494827225886e-03, 3.018000000000000000e+04
6.248062317507626501e-03, 3.141500000000000000e+04
6.252052140188027116e-03, 3.301800000000000000e+04
6.256041962868428598e-03, 3.463100000000000000e+04
6.260031785548829213e-03, 3.649800000000000000e+04
6.264021608229229827e-03, 3.841800000000000000e+04
6.268011430909630442e-03, 4.020000000000000000e+04
6.272001253590031057e-03, 4.156500000000000000e+04
6.275991076270432539e-03, 4.282500000000000000e+04
6.279980898950833154e-03, 4.443000000000000000e+04
6.283970721631233769e-03, 4.618700000000000000e+04
6.287960544311634384e-03, 4.802200000000000000e+04
6.291950366992034999e-03, 5.012100000000000000e+04
6.295940189672436481e-03, 5.160900000000000000e+04
6.299930012352837096e-03, 5.229400000000000000e+04
6.303919835033237710e-03, 5.248500000000000000e+04
6.307909657713638325e-03, 5.301100000000000000e+04
6.311899480394038940e-03, 5.351800000000000000e+04
6.315889303074440422e-03, 5.539100000000000000e+04
6.319879125754841037e-03, 5.662400000000000000e+04
6.323868948435241652e-03, 5.739900000000000000e+04
6.327858771115642267e-03, 5.760000000000000000e+04
6.331848593796042882e-03, 5.753900000000000000e+04
6.335838416476444364e-03, 5.696600000000000000e+04
6.339828239156844979e-03, 5.682800000000000000e+04
6.343818061837245594e-03, 5.640800000000000000e+04
6.347807884517646208e-03, 5.637600000000000000e+04
6.351797707198046823e-03, 5.614600000000000000e+04
6.355787529878447438e-03, 5.558600000000000000e+04
6.359777352558848920e-03, 5.473200000000000000e+04
6.363767175239249535e-03, 5.394600000000000000e+04
6.367756997919650150e-03, 5.337100000000000000e+04
6.371746820600050765e-03, 5.267300000000000000e+04
6.375736643280451380e-03, 5.127900000000000000e+04
6.379726465960852862e-03, 4.991500000000000000e+04
6.383716288641253477e-03, 4.851400000000000000e+04
6.387706111321654091e-03, 4.658300000000000000e+04
6.391695934002054706e-03, 4.540700000000000000e+04
6.395685756682455321e-03, 4.392700000000000000e+04
6.399675579362856803e-03, 4.280100000000000000e+04
6.403665402043257418e-03, 4.140700000000000000e+04
6.407655224723658033e-03, 3.942400000000000000e+04
6.411645047404058648e-03, 3.715900000000000000e+04
6.415634870084459263e-03, 3.523900000000000000e+04
6.419624692764860745e-03, 3.413800000000000000e+04
6.423614515445261360e-03, 3.263700000000000000e+04
6.427604338125661974e-03, 3.051100000000000000e+04
6.431594160806062589e-03, 2.802400000000000000e+04
6.435583983486463204e-03, 2.588100000000000000e+04
6.439573806166864686e-03, 2.471900000000000000e+04
6.443563628847265301e-03, 2.339800000000000000e+04
6.447553451527665916e-03, 2.198900000000000000e+04
6.451543274208066531e-03, 2.040600000000000000e+04
6.455533096888467146e-03, 1.868200000000000000e+04
6.459522919568868628e-03, 1.688300000000000000e+04
6.463512742249269243e-03, 1.540400000000000000e+04
6.467502564929669857e-03, 1.397600000000000000e+04
6.471492387610070472e-03, 1.301900000000000000e+04
6.475482210290471087e-03, 1.271100000000000000e+04
6.479472032970871702e-03, 1.181800000000000000e+04
6.483461855651273184e-03, 1.123100000000000000e+04
6.487451678331673799e-03, 9.997000000000000000e+03
6.491441501012074414e-03, 9.534000000000000000e+03
6.495431323692475029e-03, 8.718000000000000000e+03
6.499421146372875643e-03, 8.698000000000000000e+03
6.503410969053277126e-03, 8.223000000000000000e+03
6.507400791733677740e-03, 8.425000000000000000e+03
6.511390614414078355e-03, 8.080000000000000000e+03
6.515380437094478970e-03, 8.354000000000000000e+03
6.519370259774879585e-03, 8.324000000000000000e+03
6.523360082455281067e-03, 9.267000000000000000e+03
6.527349905135681682e-03, 1.054100000000000000e+04
6.531339727816082297e-03, 1.126900000000000000e+04
6.535329550496482912e-03, 1.178800000000000000e+04
6.539319373176883526e-03, 1.268500000000000000e+04
6.543309195857285009e-03, 1.378500000000000000e+04
6.547299018537685623e-03, 1.475200000000000000e+04
6.551288841218086238e-03, 1.547600000000000000e+04
6.555278663898486853e-03, 1.664100000000000000e+04
6.559268486578887468e-03, 1.816100000000000000e+04
6.563258309259288950e-03, 2.018600000000000000e+04
6.567248131939689565e-03, 2.220300000000000000e+04
6.571237954620090180e-03, 2.381800000000000000e+04
6.575227777300490795e-03, 2.540800000000000000e+04
6.579217599980891409e-03, 2.702200000000000000e+04
6.583207422661292892e-03, 2.895200000000000000e+04
6.587197245341693506e-03, 3.092900000000000000e+04
6.591187068022094121e-03, 3.213000000000000000e+04
6.595176890702494736e-03, 3.360100000000000000e+04
6.599166713382895351e-03, 3.513000000000000000e+04
6.603156536063296833e-03, 3.720600000000000000e+04
6.607146358743697448e-03, 3.934900000000000000e+04
6.611136181424098063e-03, 4.105200000000000000e+04
6.615126004104498678e-03, 4.218800000000000000e+04
6.619115826784899292e-03, 4.336800000000000000e+04
6.623105649465299907e-03, 4.488900000000000000e+04
6.627095472145701389e-03, 4.666000000000000000e+04
6.631085294826102004e-03, 4.845200000000000000e+04
6.635075117506502619e-03, 5.044600000000000000e+04
6.639064940186903234e-03, 5.178600000000000000e+04
6.643054762867303849e-03, 5.239500000000000000e+04
6.647044585547705331e-03, 5.255500000000000000e+04
6.651034408228105946e-03, 5.318300000000000000e+04
6.655024230908506561e-03, 5.386300000000000000e+04
6.659014053588907175e-03, 5.582400000000000000e+04
6.663003876269307790e-03, 5.681600000000000000e+04
6.666993698949709272e-03, 5.755600000000000000e+04
6.670983521630109887e-03, 5.746300000000000000e+04
6.674973344310510502e-03, 5.738900000000000000e+04
6.678963166990911117e-03, 5.682900000000000000e+04
6.682952989671311732e-03, 5.668100000000000000e+04
6.686942812351713214e-03, 5.641400000000000000e+04
6.690932635032113829e-03, 5.627700000000000000e+04
6.694922457712514444e-03, 5.606200000000000000e+04
6.698912280392915058e-03, 5.547700000000000000e+04
6.702902103073315673e-03, 5.459900000000000000e+04
6.706891925753717155e-03, 5.379300000000000000e+04
6.710881748434117770e-03, 5.324500000000000000e+04
6.714871571114518385e-03, 5.260700000000000000e+04
6.718861393794919000e-03, 5.125700000000000000e+04
6.722851216475319615e-03, 4.993900000000000000e+04
6.726841039155721097e-03, 4.847000000000000000e+04
6.730830861836121712e-03, 4.646100000000000000e+04
6.734820684516522327e-03, 4.512600000000000000e+04
6.738810507196922941e-03, 4.341700000000000000e+04
6.742800329877323556e-03, 4.227400000000000000e+04
6.746790152557725039e-03, 4.091000000000000000e+04
6.750779975238125653e-03, 3.879400000000000000e+04
6.754769797918526268e-03, 3.671400000000000000e+04
6.758759620598926883e-03, 3.495400000000000000e+04
6.762749443279327498e-03, 3.385900000000000000e+04
6.766739265959728113e-03, 3.227400000000000000e+04
6.770729088640129595e-03, 3.005400000000000000e+04
6.774718911320530210e-03, 2.756800000000000000e+04
6.778708734000930825e-03, 2.557200000000000000e+04
6.782698556681331439e-03, 2.427300000000000000e+04
6.786688379361732054e-03, 2.289100000000000000e+04
6.790678202042133536e-03, 2.149100000000000000e+04
6.794668024722534151e-03, 1.999900000000000000e+04
6.798657847402934766e-03, 1.834700000000000000e+04
6.802647670083335381e-03, 1.671400000000000000e+04
6.806637492763735996e-03, 1.539800000000000000e+04
6.810627315444137478e-03, 1.395100000000000000e+04
6.814617138124538093e-03, 1.302000000000000000e+04
6.818606960804938708e-03, 1.269400000000000000e+04
6.822596783485339322e-03, 1.173000000000000000e+04
6.826586606165739937e-03, 1.107400000000000000e+04
6.830576428846141419e-03, 9.866000000000000000e+03
6.834566251526542034e-03, 9.427000000000000000e+03
6.838556074206942649e-03, 8.666000000000000000e+03
6.842545896887343264e-03, 8.660000000000000000e+03
6.846535719567743879e-03, 8.116000000000000000e+03
6.850525542248145361e-03, 8.295000000000000000e+03
6.854515364928545976e-03, 7.971000000000000000e+03
6.858505187608946591e-03, 8.280000000000000000e+03
6.862495010289347205e-03, 8.461000000000000000e+03
6.866484832969747820e-03, 9.676000000000000000e+03
6.870474655650149302e-03, 1.076700000000000000e+04
6.874464478330549917e-03, 1.140600000000000000e+04
6.878454301010950532e-03, 1.194700000000000000e+04
6.882444123691351147e-03, 1.289100000000000000e+04
6.886433946371751762e-03, 1.397600000000000000e+04
6.890423769052153244e-03, 1.488900000000000000e+04
6.894413591732553859e-03, 1.565500000000000000e+04
6.898403414412954474e-03, 1.692100000000000000e+04
6.902393237093355088e-03, 1.852100000000000000e+04
6.906383059773755703e-03, 2.055900000000000000e+04
6.910372882454156318e-03, 2.247400000000000000e+04
6.914362705134557800e-03, 2.383600000000000000e+04
6.918352527814958415e-03, 2.526700000000000000e+04
6.922342350495359030e-03, 2.692200000000000000e+04
6.926332173175759645e-03, 2.869000000000000000e+04
6.930321995856160260e-03, 3.052900000000000000e+04
6.934311818536561742e-03, 3.185800000000000000e+04
6.938301641216962357e-03, 3.343800000000000000e+04
6.942291463897362971e-03, 3.521700000000000000e+04
6.946281286577763586e-03, 3.747900000000000000e+04
6.950271109258164201e-03, 3.963400000000000000e+04
6.954260931938565683e-03, 4.125600000000000000e+04
6.958250754618966298e-03, 4.233900000000000000e+04
6.962240577299366913e-03, 4.360800000000000000e+04
6.966230399979767528e-03, 4.515600000000000000e+04
6.970220222660168143e-03, 4.699800000000000000e+04
6.974210045340569625e-03, 4.887700000000000000e+04
6.978199868020970240e-03, 5.087000000000000000e+04
6.982189690701370854e-03, 5.211300000000000000e+04
6.986179513381771469e-03, 5.262400000000000000e+04
6.990169336062172084e-03, 5.275800000000000000e+04
6.994159158742573566e-03, 5.316700000000000000e+04
6.998148981422974181e-03, 5.399400000000000000e+04
7.002138804103374796e-03, 5.600700000000000000e+04
7.006128626783775411e-03, 5.681500000000000000e+04
7.010118449464176026e-03, 5.757400000000000000e+04
7.014108272144577508e-03, 5.738500000000000000e+04
7.018098094824978123e-03, 5.726700000000000000e+04
7.022087917505378737e-03, 5.681100000000000000e+04
7.026077740185779352e-03, 5.656900000000000000e+04
7.030067562866179967e-03, 5.646200000000000000e+04
7.034057385546581449e-03, 5.620800000000000000e+04
7.038047208226982064e-03, 5.585200000000000000e+04
7.042037030907382679e-03, 5.478100000000000000e+04
7.046026853587783294e-03, 5.370900000000000000e+04
7.050016676268183909e-03, 5.299000000000000000e+04
7.054006498948584523e-03, 5.264800000000000000e+04
7.057996321628986006e-03, 5.201800000000000000e+04
7.061986144309386620e-03, 5.064700000000000000e+04
7.065975966989787235e-03, 4.939400000000000000e+04
7.069965789670187850e-03, 4.795500000000000000e+04
7.073955612350588465e-03, 4.605300000000000000e+04
7.077945435030989947e-03, 4.477900000000000000e+04
7.081935257711390562e-03, 4.317700000000000000e+04
7.085925080391791177e-03, 4.201100000000000000e+04
7.089914903072191792e-03, 4.061500000000000000e+04
7.093904725752592406e-03, 3.833500000000000000e+04
7.097894548432993889e-03, 3.632400000000000000e+04
7.101884371113394503e-03, 3.470900000000000000e+04
7.105874193793795118e-03, 3.332800000000000000e+04
7.109864016474195733e-03, 3.154300000000000000e+04
7.113853839154596348e-03, 2.929600000000000000e+04
7.117843661834997830e-03, 2.693200000000000000e+04
7.121833484515398445e-03, 2.530000000000000000e+04
7.125823307195799060e-03, 2.419100000000000000e+04
7.129813129876199675e-03, 2.294800000000000000e+04
7.133802952556600289e-03, 2.149300000000000000e+04
7.137792775237001772e-03, 1.994100000000000000e+04
7.141782597917402386e-03, 1.816900000000000000e+04
7.145772420597803001e-03, 1.647600000000000000e+04
7.149762243278203616e-03, 1.517400000000000000e+04
7.153752065958604231e-03, 1.378500000000000000e+04
7.157741888639005713e-03, 1.295000000000000000e+04
7.161731711319406328e-03, 1.254700000000000000e+04
7.165721533999806943e-03, 1.162900000000000000e+04
7.169711356680207558e-03, 1.084700000000000000e+04
7.173701179360608172e-03, 9.647000000000000000e+03
7.177691002041008787e-03, 9.169000000000000000e+03
7.181680824721410270e-03, 8.530000000000000000e+03
7.185670647401810884e-03, 8.525000000000000000e+03
7.189660470082211499e-03, 8.191000000000000000e+03
7.193650292762612114e-03, 8.357000000000000000e+03
7.197640115443012729e-03, 8.111000000000000000e+03
7.201629938123414211e-03, 8.325000000000000000e+03
7.205619760803814826e-03, 8.630000000000000000e+03
7.209609583484215441e-03, 1.000500000000000000e+04
7.213599406164616056e-03, 1.092200000000000000e+04
7.217589228845016670e-03, 1.147400000000000000e+04
7.221579051525418153e-03, 1.208100000000000000e+04
7.225568874205818767e-03, 1.307900000000000000e+04
7.229558696886219382e-03, 1.414900000000000000e+04
7.233548519566619997e-03, 1.497600000000000000e+04
7.237538342247020612e-03, 1.563800000000000000e+04
7.241528164927422094e-03, 1.688000000000000000e+04
7.245517987607822709e-03, 1.858000000000000000e+04
7.249507810288223324e-03, 2.066900000000000000e+04
7.253497632968623939e-03, 2.263200000000000000e+04
7.257487455649024553e-03, 2.432500000000000000e+04
7.261477278329426036e-03, 2.589300000000000000e+04
7.265467101009826650e-03, 2.757300000000000000e+04
7.269456923690227265e-03, 2.923800000000000000e+04
7.273446746370627880e-03, 3.088000000000000000e+04
7.277436569051028495e-03, 3.227100000000000000e+04
7.281426391731429977e-03, 3.375900000000000000e+04
7.285416214411830592e-03, 3.563900000000000000e+04
7.289406037092231207e-03, 3.792800000000000000e+04
7.293395859772631822e-03, 3.998000000000000000e+04
7.297385682453032436e-03, 4.150000000000000000e+04
7.301375505133433919e-03, 4.268600000000000000e+04
7.305365327813834533e-03, 4.412300000000000000e+04
7.309355150494235148e-03, 4.566900000000000000e+04
7.313344973174635763e-03, 4.745600000000000000e+04
7.317334795855036378e-03, 4.932200000000000000e+04
7.321324618535436993e-03, 5.101900000000000000e+04
7.325314441215838475e-03, 5.203100000000000000e+04
7.329304263896239090e-03, 5.248100000000000000e+04
7.333294086576639705e-03, 5.277900000000000000e+04
7.337283909257040319e-03, 5.315800000000000000e+04
7.341273731937440934e-03, 5.429000000000000000e+04
7.345263554617842416e-03, 5.623500000000000000e+04
7.349253377298243031e-03, 5.693000000000000000e+04
7.353243199978643646e-03, 5.758900000000000000e+04
7.357233022659044261e-03, 5.738000000000000000e+04
7.361222845339444876e-03, 5.714100000000000000e+04
7.365212668019846358e-03, 5.685100000000000000e+04
7.369202490700246973e-03, 5.661200000000000000e+04
7.373192313380647588e-03, 5.661000000000000000e+04
7.377182136061048202e-03, 5.628800000000000000e+04
7.381171958741448817e-03, 5.594100000000000000e+04
7.385161781421850299e-03, 5.525900000000000000e+04
7.389151604102250914e-03, 5.441700000000000000e+04
7.393141426782651529e-03, 5.364600000000000000e+04
7.397131249463052144e-03, 5.307200000000000000e+04
7.401121072143452759e-03, 5.209600000000000000e+04
7.405110894823854241e-03, 5.058000000000000000e+04
7.409100717504254856e-03, 4.922400000000000000e+04
7.413090540184655471e-03, 4.764300000000000000e+04
7.417080362865056085e-03, 4.583100000000000000e+04
7.421070185545456700e-03, 4.446900000000000000e+04
7.425060008225858182e-03, 4.301600000000000000e+04
7.429049830906258797e-03, 4.175600000000000000e+04
7.433039653586659412e-03, 4.005900000000000000e+04
7.437029476267060027e-03, 3.747800000000000000e+04
7.441019298947460642e-03, 3.549400000000000000e+04
7.445009121627862124e-03, 3.422600000000000000e+04
7.448998944308262739e-03, 3.311900000000000000e+04
7.452988766988663354e-03, 3.149200000000000000e+04
7.456978589669063968e-03, 2.917800000000000000e+04
7.460968412349464583e-03, 2.678200000000000000e+04
7.464958235029865198e-03, 2.530200000000000000e+04
7.468948057710266680e-03, 2.404000000000000000e+04
7.472937880390667295e-03, 2.273600000000000000e+04
7.476927703071067910e-03, 2.121100000000000000e+04
7.480917525751468525e-03, 1.966300000000000000e+04
7.484907348431869140e-03, 1.787900000000000000e+04
7.488897171112270622e-03, 1.620700000000000000e+04
7.492886993792671237e-03, 1.486400000000000000e+04
7.496876816473071851e-03, 1.346700000000000000e+04
7.500866639153472466e-03, 1.270000000000000000e+04
7.504856461833873081e-03, 1.223700000000000000e+04
7.508846284514274563e-03, 1.144700000000000000e+04
7.512836107194675178e-03, 1.059400000000000000e+04
7.516825929875075793e-03, 9.685000000000000000e+03
7.520815752555476408e-03, 9.127000000000000000e+03
7.524805575235877023e-03, 8.659000000000000000e+03
7.528795397916278505e-03, 8.489000000000000000e+03
7.532785220596679120e-03, 8.295000000000000000e+03
7.536775043277079734e-03, 8.295000000000000000e+03
7.540764865957480349e-03, 8.196000000000000000e+03
7.544754688637880964e-03, 8.301000000000000000e+03
7.548744511318282446e-03, 8.792000000000000000e+03
7.552734333998683061e-03, 1.027100000000000000e+04
7.556724156679083676e-03, 1.107200000000000000e+04
7.560713979359484291e-03, 1.149400000000000000e+04
7.564703802039884906e-03, 1.204500000000000000e+04
7.568693624720286388e-03, 1.304800000000000000e+04
7.572683447400687003e-03, 1.413200000000000000e+04
7.576673270081087617e-03, 1.500700000000000000e+04
7.580663092761488232e-03, 1.594900000000000000e+04
7.584652915441888847e-03, 1.733700000000000000e+04
7.588642738122290329e-03, 1.916200000000000000e+04
7.592632560802690944e-03, 2.120600000000000000e+04
7.596622383483091559e-03, 2.300900000000000000e+04
7.600612206163492174e-03, 2.470100000000000000e+04
7.604602028843892789e-03, 2.624500000000000000e+04
7.608591851524293403e-03, 2.793600000000000000e+04
7.612581674204694886e-03, 2.958200000000000000e+04
7.616571496885095501e-03, 3.105800000000000000e+04
7.620561319565496115e-03, 3.256600000000000000e+04
7.624551142245896730e-03, 3.415900000000000000e+04
7.628540964926297345e-03, 3.633600000000000000e+04
7.632530787606698827e-03, 3.866100000000000000e+04
7.636520610287099442e-03, 4.056600000000000000e+04
7.640510432967500057e-03, 4.190900000000000000e+04
7.644500255647900672e-03, 4.286400000000000000e+04
7.648490078328301287e-03, 4.418900000000000000e+04
7.652479901008702769e-03, 4.571000000000000000e+04
7.656469723689103384e-03, 4.754700000000000000e+04
7.660459546369503998e-03, 4.958200000000000000e+04
7.664449369049904613e-03, 5.122500000000000000e+04
7.668439191730305228e-03, 5.209100000000000000e+04
7.672429014410706710e-03, 5.245900000000000000e+04
7.676418837091107325e-03, 5.288700000000000000e+04
7.680408659771507940e-03, 5.324800000000000000e+04
7.684398482451908555e-03, 5.467600000000000000e+04
7.688388305132309170e-03, 5.641500000000000000e+04
7.692378127812710652e-03, 5.708300000000000000e+04
7.696367950493111267e-03, 5.768400000000000000e+04
7.700357773173511881e-03, 5.752400000000000000e+04
7.704347595853912496e-03, 5.715600000000000000e+04
7.708337418534313111e-03, 5.690900000000000000e+04
7.712327241214714593e-03, 5.646100000000000000e+04
7.716317063895115208e-03, 5.648700000000000000e+04
7.720306886575515823e-03, 5.618000000000000000e+04
7.724296709255916438e-03, 5.574900000000000000e+04
7.728286531936317053e-03, 5.502700000000000000e+04
7.732276354616718535e-03, 5.423500000000000000e+04
7.736266177297119150e-03, 5.355400000000000000e+04
7.740255999977519764e-03, 5.294700000000000000e+04
7.744245822657920379e-03, 5.179700000000000000e+04
7.748235645338320994e-03, 5.031800000000000000e+04
7.752225468018721609e-03, 4.896200000000000000e+04
7.756215290699123091e-03, 4.708000000000000000e+04
7.760205113379523706e-03, 4.506400000000000000e+04
7.764194936059924321e-03, 4.355000000000000000e+04
7.768184758740324936e-03, 4.233800000000000000e+04
7.772174581420725550e-03, 4.122200000000000000e+04
7.776164404101127033e-03, 3.980800000000000000e+04
7.780154226781527647e-03, 3.752100000000000000e+04
7.784144049461928262e-03, 3.562400000000000000e+04
7.788133872142328877e-03, 3.444600000000000000e+04
7.792123694822729492e-03, 3.311700000000000000e+04
7.796113517503130974e-03, 3.124300000000000000e+04
7.800103340183531589e-03, 2.878200000000000000e+04
7.804093162863932204e-03, 2.642800000000000000e+04
7.808082985544332819e-03, 2.511800000000000000e+04
7.812072808224733433e-03, 2.378600000000000000e+04
7.816062630905134048e-03, 2.244900000000000000e+04
7.820052453585534663e-03, 2.086400000000000000e+04
7.824042276265935278e-03, 1.918400000000000000e+04
7.828032098946337627e-03, 1.738000000000000000e+04
7.832021921626738242e-03, 1.579300000000000000e+04
7.836011744307138857e-03, 1.447800000000000000e+04
7.840001566987539472e-03, 1.337000000000000000e+04
7.843991389667940087e-03, 1.282000000000000000e+04
7.847981212348340702e-03, 1.215400000000000000e+04
7.851971035028741316e-03, 1.145400000000000000e+04
7.855960857709141931e-03, 1.037700000000000000e+04
7.859950680389542546e-03, 9.662000000000000000e+03
7.863940503069943161e-03, 8.949000000000000000e+03
7.867930325750345510e-03, 8.692000000000000000e+03
7.871920148430746125e-03, 8.359000000000000000e+03
7.875909971111146740e-03, 8.360000000000000000e+03
7.879899793791547355e-03, 8.183000000000000000e+03
7.883889616471947970e-03, 8.272000000000000000e+03
7.887879439152348585e-03, 8.251000000000000000e+03
7.891869261832749199e-03, 8.815000000000000000e+03
7.895859084513149814e-03, 1.029300000000000000e+04
7.899848907193550429e-03, 1.107400000000000000e+04
7.903838729873951044e-03, 1.157800000000000000e+04
7.907828552554353393e-03, 1.234500000000000000e+04
7.911818375234754008e-03, 1.342300000000000000e+04
7.915808197915154623e-03, 1.445700000000000000e+04
7.919798020595555238e-03, 1.524000000000000000e+04
7.923787843275955853e-03, 1.622300000000000000e+04
7.927777665956356468e-03, 1.765000000000000000e+04
7.931767488636757082e-03, 1.955900000000000000e+04
7.935757311317157697e-03, 2.161400000000000000e+04
7.939747133997558312e-03, 2.331000000000000000e+04
7.943736956677958927e-03, 2.498300000000000000e+04
7.947726779358359542e-03, 2.654400000000000000e+04
7.951716602038761891e-03, 2.823800000000000000e+04
7.955706424719162506e-03, 2.962600000000000000e+04
7.959696247399563121e-03, 3.077800000000000000e+04
7.963686070079963736e-03, 3.233400000000000000e+04
7.967675892760364351e-03, 3.396100000000000000e+04
7.971665715440764965e-03, 3.614400000000000000e+04
7.975655538121165580e-03, 3.848300000000000000e+04
7.979645360801566195e-03, 4.045100000000000000e+04
7.983635183481966810e-03, 4.183800000000000000e+04
7.987625006162367425e-03, 4.294100000000000000e+04
7.991614828842769774e-03, 4.440500000000000000e+04
7.995604651523170389e-03, 4.602600000000000000e+04
7.999594474203571004e-03, 4.784400000000000000e+04
8.003584296883971619e-03, 4.993100000000000000e+04
8.007574119564372234e-03, 5.148100000000000000e+04
8.011563942244772848e-03, 5.221600000000000000e+04
8.015553764925173463e-03, 5.246700000000000000e+04
8.019543587605574078e-03, 5.305400000000000000e+04
8.023533410285974693e-03, 5.352300000000000000e+04
8.027523232966375308e-03, 5.514100000000000000e+04
8.031513055646777657e-03, 5.664600000000000000e+04
8.035502878327178272e-03, 5.729100000000000000e+04
8.039492701007578887e-03, 5.757400000000000000e+04
8.043482523687979502e-03, 5.745300000000000000e+04
8.047472346368380117e-03, 5.695100000000000000e+04
8.051462169048780732e-03, 5.681900000000000000e+04
8.055451991729181346e-03, 5.637800000000000000e+04
8.059441814409581961e-03, 5.640900000000000000e+04
8.063431637089982576e-03, 5.616100000000000000e+04
8.067421459770383191e-03, 5.564000000000000000e+04
8.071411282450785540e-03, 5.483900000000000000e+04
8.075401105131186155e-03, 5.405900000000000000e+04
8.079390927811586770e-03, 5.345100000000000000e+04
8.083380750491987385e-03, 5.276500000000000000e+04
8.087370573172388000e-03, 5.110600000000000000e+04
8.091360395852788615e-03, 4.940400000000000000e+04
8.095350218533189229e-03, 4.807700000000000000e+04
8.099340041213589844e-03, 4.643400000000000000e+04
8.103329863893990459e-03, 4.512300000000000000e+04
8.107319686574391074e-03, 4.367700000000000000e+04
8.111309509254791689e-03, 4.256400000000000000e+04
8.115299331935194038e-03, 4.129500000000000000e+04
8.119289154615594653e-03, 3.956500000000000000e+04
8.123278977295995268e-03, 3.728100000000000000e+04
8.127268799976395883e-03, 3.536900000000000000e+04
8.131258622656796498e-03, 3.426300000000000000e+04
8.135248445337197112e-03, 3.284100000000000000e+04
8.139238268017597727e-03, 3.080500000000000000e+04
8.143228090697998342e-03, 2.832100000000000000e+04
8.147217913378398957e-03, 2.607600000000000000e+04
8.151207736058799572e-03, 2.486300000000000000e+04
8.155197558739201921e-03, 2.334400000000000000e+04
8.159187381419602536e-03, 2.189900000000000000e+04
8.163177204100003151e-03, 2.037000000000000000e+04
8.167167026780403766e-03, 1.885500000000000000e+04
8.171156849460804381e-03, 1.722700000000000000e+04
8.175146672141204995e-03, 1.574200000000000000e+04
8.179136494821605610e-03, 1.431800000000000000e+04
8.183126317502006225e-03, 1.326000000000000000e+04
8.187116140182406840e-03, 1.282900000000000000e+04
8.191105962862807455e-03, 1.197500000000000000e+04
8.195095785543209804e-03, 1.135100000000000000e+04
8.199085608223610419e-03, 1.013800000000000000e+04
8.203075430904011034e-03, 9.597000000000000000e+03
8.207065253584411649e-03, 8.791000000000000000e+03
8.211055076264812264e-03, 8.705000000000000000e+03
8.215044898945212878e-03, 8.267000000000000000e+03
8.219034721625613493e-03, 8.825000000000000000e+03
8.223024544306014108e-03, 8.920000000000000000e+03
8.227014366986414723e-03, 9.121000000000000000e+03
8.231004189666815338e-03, 8.967000000000000000e+03
8.234994012347215953e-03, 9.601000000000000000e+03
8.238983835027618302e-03, 1.081600000000000000e+04
8.242973657708018917e-03, 1.142500000000000000e+04
8.246963480388419532e-03, 1.183200000000000000e+04
8.250953303068820147e-03, 1.262100000000000000e+04
8.254943125749220761e-03, 1.368400000000000000e+04
8.258932948429621376e-03, 1.466200000000000000e+04
8.262922771110021991e-03, 1.538700000000000000e+04
8.266912593790422606e-03, 1.646700000000000000e+04
8.270902416470823221e-03, 1.794900000000000000e+04
8.274892239151223836e-03, 1.993600000000000000e+04
8.278882061831626185e-03, 2.197900000000000000e+04
8.282871884512026800e-03, 2.352500000000000000e+04
8.286861707192427415e-03, 2.492500000000000000e+04
8.290851529872828030e-03, 2.638700000000000000e+04
8.294841352553228644e-03, 2.811900000000000000e+04
8.298831175233629259e-03, 2.994700000000000000e+04
8.302820997914029874e-03, 3.126800000000000000e+04
8.306810820594430489e-03, 3.293300000000000000e+04
8.310800643274831104e-03, 3.458600000000000000e+04
8.314790465955231719e-03, 3.674900000000000000e+04
8.318780288635634068e-03, 3.898900000000000000e+04
8.322770111316034683e-03, 4.081900000000000000e+04
8.326759933996435298e-03, 4.205200000000000000e+04
8.330749756676835913e-03, 4.319700000000000000e+04
8.334739579357236527e-03, 4.470100000000000000e+04
8.338729402037637142e-03, 4.641300000000000000e+04
8.342719224718037757e-03, 4.819500000000000000e+04
8.346709047398438372e-03, 5.024900000000000000e+04
8.350698870078838987e-03, 5.175400000000000000e+04
8.354688692759239602e-03, 5.249800000000000000e+04
8.358678515439641951e-03, 5.268500000000000000e+04
8.362668338120042566e-03, 5.316500000000000000e+04
8.366658160800443181e-03, 5.362100000000000000e+04
8.370647983480843796e-03, 5.545200000000000000e+04
8.374637806161244410e-03, 5.665800000000000000e+04
8.378627628841645025e-03, 5.740000000000000000e+04
8.382617451522045640e-03, 5.746700000000000000e+04
8.386607274202446255e-03, 5.741100000000000000e+04
8.390597096882846870e-03, 5.685200000000000000e+04
8.394586919563247485e-03, 5.674100000000000000e+04
8.398576742243648099e-03, 5.638100000000000000e+04
8.402566564924050449e-03, 5.632900000000000000e+04
8.406556387604451064e-03, 5.611600000000000000e+04
8.410546210284851679e-03, 5.555000000000000000e+04
8.414536032965252293e-03, 5.468200000000000000e+04
8.418525855645652908e-03, 5.402100000000000000e+04
8.422515678326053523e-03, 5.352900000000000000e+04
8.426505501006454138e-03, 5.283300000000000000e+04
8.430495323686854753e-03, 5.140000000000000000e+04
8.434485146367255368e-03, 4.999400000000000000e+04
8.438474969047655982e-03, 4.856100000000000000e+04
8.442464791728058332e-03, 4.660800000000000000e+04
8.446454614408458947e-03, 4.524600000000000000e+04
8.450444437088859562e-03, 4.356400000000000000e+04
8.454434259769260177e-03, 4.242600000000000000e+04
8.458424082449660791e-03, 4.108700000000000000e+04
8.462413905130061406e-03, 3.910900000000000000e+04
8.466403727810462021e-03, 3.695300000000000000e+04
8.470393550490862636e-03, 3.510400000000000000e+04
8.474383373171263251e-03, 3.403100000000000000e+04
8.478373195851663865e-03, 3.250000000000000000e+04
8.482363018532066215e-03, 3.016600000000000000e+04
8.486352841212466830e-03, 2.756000000000000000e+04
8.490342663892867445e-03, 2.545900000000000000e+04
8.494332486573268060e-03, 2.441100000000000000e+04
8.498322309253668674e-03, 2.320200000000000000e+04
8.502312131934069289e-03, 2.187500000000000000e+04
8.506301954614469904e-03, 2.034500000000000000e+04
8.510291777294870519e-03, 1.868700000000000000e+04
8.514281599975271134e-03, 1.701200000000000000e+04
8.518271422655671749e-03, 1.559400000000000000e+04
8.522261245336072363e-03, 1.411100000000000000e+04
8.526251068016474713e-03, 1.311200000000000000e+04
8.530240890696875328e-03, 1.276900000000000000e+04
8.534230713377275943e-03, 1.181700000000000000e+04
8.538220536057676557e-03, 1.120100000000000000e+04
8.542210358738077172e-03, 9.955000000000000000e+03
8.546200181418477787e-03, 9.507000000000000000e+03
8.550190004098878402e-03, 8.613000000000000000e+03
8.554179826779279017e-03, 8.560000000000000000e+03
8.558169649459679632e-03, 8.101000000000000000e+03
8.562159472140080246e-03, 8.339000000000000000e+03
8.566149294820482596e-03, 8.026000000000000000e+03
8.570139117500883211e-03, 8.323000000000000000e+03
8.574128940181283826e-03, 8.419000000000000000e+03
8.578118762861684440e-03, 9.486000000000000000e+03
8.582108585542085055e-03, 1.069400000000000000e+04
8.586098408222485670e-03, 1.137400000000000000e+04
8.590088230902886285e-03, 1.187800000000000000e+04
8.594078053583286900e-03, 1.277600000000000000e+04
8.598067876263687515e-03, 1.386300000000000000e+04
8.602057698944088129e-03, 1.480700000000000000e+04
8.606047521624490479e-03, 1.553500000000000000e+04
8.610037344304891094e-03, 1.700900000000000000e+04
8.614027166985291709e-03, 1.883500000000000000e+04
8.618016989665692323e-03, 2.088100000000000000e+04
8.622006812346092938e-03, 2.274600000000000000e+04
8.625996635026493553e-03, 2.417900000000000000e+04
8.629986457706894168e-03, 2.562300000000000000e+04
8.633976280387294783e-03, 2.714000000000000000e+04
8.637966103067695398e-03, 2.878100000000000000e+04
8.641955925748096012e-03, 3.053300000000000000e+04
8.645945748428496627e-03, 3.173300000000000000e+04
8.649935571108898977e-03, 3.330600000000000000e+04
8.653925393789299592e-03, 3.499600000000000000e+04
8.657915216469700206e-03, 3.719900000000000000e+04
8.661905039150100821e-03, 3.939500000000000000e+04
8.665894861830501436e-03, 4.109400000000000000e+04
8.669884684510902051e-03, 4.222200000000000000e+04
8.673874507191302666e-03, 4.354100000000000000e+04
8.677864329871703281e-03, 4.519900000000000000e+04
8.681854152552103895e-03, 4.697600000000000000e+04
8.685843975232504510e-03, 4.869800000000000000e+04
8.689833797912906860e-03, 5.060800000000000000e+04
8.693823620593307475e-03, 5.188300000000000000e+04
8.697813443273708089e-03, 5.244800000000000000e+04
8.701803265954108704e-03, 5.258300000000000000e+04
8.705793088634509319e-03, 5.307200000000000000e+04
8.709782911314909934e-03, 5.376500000000000000e+04
8.713772733995310549e-03, 5.577600000000000000e+04
8.717762556675711164e-03, 5.673100000000000000e+04
8.721752379356111778e-03, 5.751800000000000000e+04
8.725742202036512393e-03, 5.740400000000000000e+04
8.729732024716914743e-03, 5.733600000000000000e+04
8.733721847397315358e-03, 5.680900000000000000e+04
8.737711670077715972e-03, 5.649000000000000000e+04
8.741701492758116587e-03, 5.575600000000000000e+04
8.745691315438517202e-03, 5.544700000000000000e+04
8.749681138118917817e-03, 5.534700000000000000e+04
8.753670960799318432e-03, 5.497400000000000000e+04
8.757660783479719047e-03, 5.428700000000000000e+04
8.761650606160119661e-03, 5.361600000000000000e+04
8.765640428840520276e-03, 5.315000000000000000e+04
8.769630251520922626e-03, 5.243600000000000000e+04
8.773620074201323241e-03, 5.098000000000000000e+04
