0.000000000000000000e+00, 4.275800000000000000e+04
4.641360893413056101e-05, 5.598200000000000000e+04
9.282721786826112203e-05, 6.386800000000000000e+04
1.392408268023916898e-04, 1.876600000000000000e+04
1.856544357365222441e-04, 2.909400000000000000e+04
2.320680446706527983e-04, 4.228100000000000000e+04
2.784816536047833796e-04, 3.999700000000000000e+04
3.248952625389139068e-04, 4.683200000000000000e+04
3.713088714730444881e-04, 4.584600000000000000e+04
4.177224804071750694e-04, 3.986800000000000000e+04
4.641360893413055966e-04, 2.930700000000000000e+04
5.105496982754361779e-04, 2.273000000000000000e+04
5.569633072095667593e-04, 7.531000000000000000e+03
6.033769161436973406e-04, 6.187600000000000000e+04
6.497905250778278135e-04, 4.695800000000000000e+04
6.962041340119583949e-04, 3.278400000000000000e+04
7.426177429460889762e-04, 2.426300000000000000e+04
7.890313518802195576e-04, 1.377500000000000000e+04
8.354449608143501389e-04, 1.233300000000000000e+04
8.818585697484806118e-04, 1.552200000000000000e+04
9.282721786826111932e-04, 2.617600000000000000e+04
9.746857876167417745e-04, 3.359300000000000000e+04
1.021099396550872356e-03, 5.004200000000000000e+04
1.067513005485002829e-03, 6.237500000000000000e+04
1.113926614419133519e-03, 8.925000000000000000e+03
1.160340223353263991e-03, 2.231200000000000000e+04
1.206753832287394681e-03, 3.530300000000000000e+04
1.253167441221525154e-03, 3.862900000000000000e+04
1.299581050155655627e-03, 4.766800000000000000e+04
1.345994659089786317e-03, 4.591100000000000000e+04
1.392408268023916790e-03, 4.892500000000000000e+04
1.438821876958047479e-03, 4.027100000000000000e+04
1.485235485892177952e-03, 2.815200000000000000e+04
1.531649094826308425e-03, 1.542200000000000000e+04
1.578062703760439115e-03, 9.500000000000000000e+02
1.624476312694569588e-03, 4.831700000000000000e+04
1.670889921628700278e-03, 3.840200000000000000e+04
1.717303530562830751e-03, 2.919100000000000000e+04
1.763717139496961224e-03, 1.903000000000000000e+04
1.810130748431091913e-03, 1.358600000000000000e+04
1.856544357365222386e-03, 1.290600000000000000e+04
1.902957966299353076e-03, 2.217200000000000000e+04
1.949371575233483549e-03, 3.202000000000000000e+04
1.995785184167614239e-03, 4.120300000000000000e+04
2.042198793101744712e-03, 5.301000000000000000e+04
2.088612402035875185e-03, 1.247000000000000000e+03
2.135026010970005658e-03, 1.844800000000000000e+04
2.181439619904136564e-03, 2.930100000000000000e+04
2.227853228838267037e-03, 4.084400000000000000e+04
2.274266837772397510e-03, 4.598200000000000000e+04
2.320680446706527983e-03, 4.709500000000000000e+04
2.367094055640658456e-03, 4.808400000000000000e+04
2.413507664574789362e-03, 4.078700000000000000e+04
2.459921273508919835e-03, 3.062000000000000000e+04
2.506334882443050308e-03, 2.140400000000000000e+04
2.552748491377180781e-03, 1.375000000000000000e+03
2.599162100311311254e-03, 5.944800000000000000e+04
2.645575709245442161e-03, 4.371100000000000000e+04
2.691989318179572634e-03, 2.934600000000000000e+04
2.738402927113703107e-03, 2.193100000000000000e+04
2.784816536047833579e-03, 1.729900000000000000e+04
2.831230144981964052e-03, 1.617700000000000000e+04
2.877643753916094959e-03, 2.018100000000000000e+04
2.924057362850225432e-03, 2.624600000000000000e+04
2.970470971784355905e-03, 3.293700000000000000e+04
3.016884580718486378e-03, 4.909900000000000000e+04
3.063298189652616851e-03, 6.085100000000000000e+04
3.109711798586747757e-03, 1.118500000000000000e+04
3.156125407520878230e-03, 2.036500000000000000e+04
3.202539016455008703e-03, 3.855200000000000000e+04
3.248952625389139176e-03, 4.136200000000000000e+04
3.295366234323269649e-03, 4.867300000000000000e+04
3.341779843257400556e-03, 4.787000000000000000e+04
3.388193452191531028e-03, 4.418500000000000000e+04
3.434607061125661501e-03, 3.789700000000000000e+04
3.481020670059791974e-03, 2.576100000000000000e+04
3.527434278993922447e-03, 1.317800000000000000e+04
3.573847887928053354e-03, 1.389000000000000000e+03
3.620261496862183827e-03, 4.803700000000000000e+04
3.666675105796314300e-03, 3.913500000000000000e+04
3.713088714730444773e-03, 2.711300000000000000e+04
3.759502323664575246e-03, 2.258300000000000000e+04
3.805915932598706152e-03, 1.843000000000000000e+04
3.852329541532836625e-03, 1.760400000000000000e+04
3.898743150466967098e-03, 2.188100000000000000e+04
3.945156759401097571e-03, 3.019100000000000000e+04
3.991570368335228478e-03, 4.387900000000000000e+04
4.037983977269358517e-03, 5.479000000000000000e+04
4.084397586203489423e-03, 6.811000000000000000e+03
4.130811195137620330e-03, 2.074200000000000000e+04
4.177224804071750369e-03, 2.872700000000000000e+04
4.223638413005881276e-03, 3.880000000000000000e+04
4.270052021940011315e-03, 4.898900000000000000e+04
4.316465630874142222e-03, 4.863800000000000000e+04
4.362879239808273128e-03, 5.046600000000000000e+04
4.409292848742403167e-03, 4.356900000000000000e+04
4.455706457676534074e-03, 3.302500000000000000e+04
4.502120066610664113e-03, 1.890800000000000000e+04
4.548533675544795020e-03, 3.532000000000000000e+03
4.594947284478925927e-03, 5.747700000000000000e+04
4.641360893413055966e-03, 4.475200000000000000e+04
4.687774502347186872e-03, 3.185900000000000000e+04
4.734188111281316912e-03, 2.627800000000000000e+04
4.780601720215447818e-03, 1.945100000000000000e+04
4.827015329149578725e-03, 1.894300000000000000e+04
4.873428938083708764e-03, 2.042100000000000000e+04
4.919842547017839671e-03, 2.562400000000000000e+04
4.966256155951969710e-03, 3.775000000000000000e+04
5.012669764886100617e-03, 5.035700000000000000e+04
5.059083373820231523e-03, 6.518300000000000000e+04
5.105496982754361562e-03, 1.280100000000000000e+04
5.151910591688492469e-03, 2.333800000000000000e+04
5.198324200622622508e-03, 4.235100000000000000e+04
5.244737809556753415e-03, 4.450900000000000000e+04
5.291151418490884321e-03, 5.055800000000000000e+04
5.337565027425014361e-03, 4.793100000000000000e+04
5.383978636359145267e-03, 4.251000000000000000e+04
5.430392245293275306e-03, 3.920800000000000000e+04
5.476805854227406213e-03, 2.270400000000000000e+04
5.523219463161537120e-03, 1.550300000000000000e+04
5.569633072095667159e-03, 3.080000000000000000e+03
5.616046681029798066e-03, 4.554900000000000000e+04
5.662460289963928105e-03, 3.655600000000000000e+04
5.708873898898059011e-03, 2.638000000000000000e+04
5.755287507832189918e-03, 2.288800000000000000e+04
5.801701116766319957e-03, 1.932900000000000000e+04
5.848114725700450864e-03, 1.918800000000000000e+04
5.894528334634580903e-03, 2.463300000000000000e+04
5.940941943568711810e-03, 3.140800000000000000e+04
5.987355552502842716e-03, 4.681600000000000000e+04
6.033769161436972756e-03, 5.966800000000000000e+04
6.080182770371103662e-03, 6.848000000000000000e+03
6.126596379305233701e-03, 1.928800000000000000e+04
6.173009988239364608e-03, 3.158900000000000000e+04
6.219423597173495515e-03, 3.969200000000000000e+04
6.265837206107625554e-03, 5.234000000000000000e+04
6.312250815041756460e-03, 5.076200000000000000e+04
6.358664423975886500e-03, 4.614800000000000000e+04
6.405078032910017406e-03, 3.946000000000000000e+04
6.451491641844148313e-03, 3.157000000000000000e+04
6.497905250778278352e-03, 1.525100000000000000e+04
6.544318859712409259e-03, 3.341000000000000000e+03
6.590732468646539298e-03, 5.510300000000000000e+04
6.637146077580670205e-03, 4.101300000000000000e+04
6.683559686514801111e-03, 3.098500000000000000e+04
6.729973295448931150e-03, 2.657200000000000000e+04
6.776386904383062057e-03, 1.942400000000000000e+04
6.822800513317192096e-03, 1.877800000000000000e+04
6.869214122251323003e-03, 2.174500000000000000e+04
6.915627731185453909e-03, 2.952600000000000000e+04
6.962041340119583949e-03, 3.669700000000000000e+04
7.008454949053714855e-03, 5.228300000000000000e+04
7.054868557987844895e-03, 6.520000000000000000e+02
7.101282166921975801e-03, 1.609100000000000000e+04
7.147695775856106708e-03, 2.643000000000000000e+04
7.194109384790236747e-03, 3.856400000000000000e+04
7.240522993724367654e-03, 4.141000000000000000e+04
7.286936602658497693e-03, 5.264000000000000000e+04
7.333350211592628599e-03, 4.712600000000000000e+04
7.379763820526759506e-03, 4.392600000000000000e+04
7.426177429460889545e-03, 3.746900000000000000e+04
7.472591038395020452e-03, 1.958300000000000000e+04
7.519004647329150491e-03, 1.315600000000000000e+04
7.565418256263281398e-03, 6.399800000000000000e+04
7.611831865197412304e-03, 4.675100000000000000e+04
7.658245474131542344e-03, 3.510900000000000000e+04
7.704659083065673250e-03, 2.264500000000000000e+04
7.751072691999803289e-03, 2.062500000000000000e+04
7.797486300933934196e-03, 1.825600000000000000e+04
7.843899909868064235e-03, 1.821700000000000000e+04
7.890313518802195142e-03, 2.476400000000000000e+04
7.936727127736326048e-03, 3.307400000000000000e+04
7.983140736670456955e-03, 4.517200000000000000e+04
8.029554345604587862e-03, 5.724700000000000000e+04
8.075967954538717034e-03, 3.938000000000000000e+03
8.122381563472847940e-03, 2.184300000000000000e+04
8.168795172406978847e-03, 3.527900000000000000e+04
8.215208781341109753e-03, 4.229700000000000000e+04
8.261622390275240660e-03, 5.480000000000000000e+04
8.308035999209369832e-03, 4.888400000000000000e+04
8.354449608143500738e-03, 4.453100000000000000e+04
8.400863217077631645e-03, 3.853000000000000000e+04
8.447276826011762552e-03, 3.052700000000000000e+04
8.493690434945893458e-03, 1.556800000000000000e+04
8.540104043880022630e-03, 3.971000000000000000e+03
8.586517652814153537e-03, 5.146500000000000000e+04
8.632931261748284443e-03, 4.379600000000000000e+04
8.679344870682415350e-03, 2.759200000000000000e+04
8.725758479616546257e-03, 2.449200000000000000e+04
8.772172088550675428e-03, 1.765300000000000000e+04
8.818585697484806335e-03, 1.716200000000000000e+04
8.864999306418937242e-03, 2.633600000000000000e+04
8.911412915353068148e-03, 2.950800000000000000e+04
8.957826524287199055e-03, 3.844600000000000000e+04
9.004240133221328227e-03, 5.287300000000000000e+04
9.050653742155459133e-03, 1.580000000000000000e+03
9.097067351089590040e-03, 1.579300000000000000e+04
9.143480960023720946e-03, 2.489200000000000000e+04
9.189894568957851853e-03, 3.895400000000000000e+04
9.236308177891981025e-03, 4.021300000000000000e+04
9.282721786826111932e-03, 5.336300000000000000e+04
9.329135395760242838e-03, 4.464700000000000000e+04
9.375549004694373745e-03, 4.475600000000000000e+04
9.421962613628504651e-03, 3.511400000000000000e+04
9.468376222562633823e-03, 2.169900000000000000e+04
9.514789831496764730e-03, 1.069900000000000000e+04
9.561203440430895636e-03, 6.285300000000000000e+04
9.607617049365026543e-03, 4.960000000000000000e+04
9.654030658299157450e-03, 3.641400000000000000e+04
9.700444267233286622e-03, 2.571600000000000000e+04
9.746857876167417528e-03, 1.807000000000000000e+04
9.793271485101548435e-03, 1.596700000000000000e+04
9.839685094035679341e-03, 1.611200000000000000e+04
9.886098702969810248e-03, 2.253500000000000000e+04
9.932512311903939420e-03, 3.102700000000000000e+04
9.978925920838070326e-03, 4.761100000000000000e+04
1.002533952977220123e-02, 6.053100000000000000e+04
1.007175313870633214e-02, 7.031000000000000000e+03
1.011816674764046305e-02, 1.996700000000000000e+04
1.016458035657459222e-02, 3.371400000000000000e+04
1.021099396550872312e-02, 3.986500000000000000e+04
1.025740757444285403e-02, 5.094900000000000000e+04
1.030382118337698494e-02, 4.546600000000000000e+04
1.035023479231111584e-02, 4.540500000000000000e+04
1.039664840124524502e-02, 3.846600000000000000e+04
1.044306201017937592e-02, 2.872400000000000000e+04
1.048947561911350683e-02, 1.982900000000000000e+04
1.053588922804763774e-02, 6.504500000000000000e+04
1.058230283698176864e-02, 5.091100000000000000e+04
1.062871644591589781e-02, 4.240400000000000000e+04
1.067513005485002872e-02, 2.673000000000000000e+04
1.072154366378415963e-02, 2.122700000000000000e+04
1.076795727271829053e-02, 1.518300000000000000e+04
1.081437088165242144e-02, 1.500200000000000000e+04
1.086078449058655061e-02, 2.602800000000000000e+04
1.090719809952068152e-02, 2.831400000000000000e+04
1.095361170845481243e-02, 4.159400000000000000e+04
1.100002531738894333e-02, 5.578300000000000000e+04
1.104643892632307424e-02, 6.283400000000000000e+04
1.109285253525720341e-02, 1.893800000000000000e+04
1.113926614419133432e-02, 2.757200000000000000e+04
1.118567975312546522e-02, 4.071100000000000000e+04
1.123209336205959613e-02, 4.164800000000000000e+04
1.127850697099372704e-02, 4.775400000000000000e+04
1.132492057992785621e-02, 4.528300000000000000e+04
1.137133418886198712e-02, 4.059900000000000000e+04
1.141774779779611802e-02, 3.385400000000000000e+04
1.146416140673024893e-02, 2.396200000000000000e+04
1.151057501566437984e-02, 1.125100000000000000e+04
1.155698862459850901e-02, 6.101500000000000000e+04
1.160340223353263991e-02, 4.933200000000000000e+04
1.164981584246677082e-02, 3.431300000000000000e+04
1.169622945140090173e-02, 2.484100000000000000e+04
1.174264306033503263e-02, 1.532800000000000000e+04
1.178905666926916181e-02, 1.369000000000000000e+04
1.183547027820329271e-02, 1.414700000000000000e+04
1.188188388713742362e-02, 2.357100000000000000e+04
1.192829749607155453e-02, 3.205100000000000000e+04
1.197471110500568543e-02, 4.990400000000000000e+04
1.202112471393981460e-02, 6.336100000000000000e+04
1.206753832287394551e-02, 5.202000000000000000e+03
1.211395193180807642e-02, 2.138000000000000000e+04
1.216036554074220732e-02, 3.395900000000000000e+04
1.220677914967633823e-02, 3.806300000000000000e+04
1.225319275861046740e-02, 4.832700000000000000e+04
1.229960636754459831e-02, 4.521300000000000000e+04
1.234601997647872922e-02, 4.746900000000000000e+04
1.239243358541286012e-02, 4.199300000000000000e+04
1.243884719434699103e-02, 2.803700000000000000e+04
1.248526080328112020e-02, 1.913300000000000000e+04
1.253167441221525111e-02, 6.415400000000000000e+04
1.257808802114938201e-02, 4.793900000000000000e+04
1.262450163008351292e-02, 4.062800000000000000e+04
1.267091523901764383e-02, 2.957800000000000000e+04
1.271732884795177300e-02, 1.806400000000000000e+04
1.276374245688590391e-02, 1.257000000000000000e+04
1.281015606582003481e-02, 1.229300000000000000e+04
1.285656967475416572e-02, 2.385500000000000000e+04
1.290298328368829663e-02, 3.181800000000000000e+04
1.294939689262242580e-02, 3.977400000000000000e+04
1.299581050155655670e-02, 5.669000000000000000e+04
1.304222411049068761e-02, 6.397300000000000000e+04
1.308863771942481852e-02, 1.766600000000000000e+04
1.313505132835894942e-02, 3.027100000000000000e+04
1.318146493729307860e-02, 4.357800000000000000e+04
1.322787854622720950e-02, 4.427900000000000000e+04
1.327429215516134041e-02, 4.672100000000000000e+04
1.332070576409547132e-02, 4.708600000000000000e+04
1.336711937302960222e-02, 4.017900000000000000e+04
1.341353298196373139e-02, 3.054700000000000000e+04
1.345994659089786230e-02, 2.291400000000000000e+04
1.350636019983199321e-02, 3.535000000000000000e+03
1.355277380876612411e-02, 6.098800000000000000e+04
1.359918741770025502e-02, 4.519900000000000000e+04
1.364560102663438419e-02, 3.045400000000000000e+04
1.369201463556851510e-02, 2.274700000000000000e+04
1.373842824450264601e-02, 1.509700000000000000e+04
1.378484185343677691e-02, 1.338400000000000000e+04
1.383125546237090782e-02, 1.866800000000000000e+04
1.387766907130503699e-02, 2.672600000000000000e+04
1.392408268023916790e-02, 3.356400000000000000e+04
1.397049628917329880e-02, 5.065900000000000000e+04
1.401690989810742971e-02, 6.045100000000000000e+04
1.406332350704156062e-02, 1.157600000000000000e+04
1.410973711597568979e-02, 2.065900000000000000e+04
1.415615072490982070e-02, 3.670900000000000000e+04
1.420256433384395160e-02, 3.974500000000000000e+04
1.424897794277808251e-02, 4.798100000000000000e+04
1.429539155171221342e-02, 4.700200000000000000e+04
1.434180516064634259e-02, 4.716400000000000000e+04
1.438821876958047349e-02, 3.833800000000000000e+04
1.443463237851460440e-02, 2.713100000000000000e+04
1.448104598744873531e-02, 1.326900000000000000e+04
1.452745959638286621e-02, 1.294000000000000000e+03
1.457387320531699539e-02, 4.894400000000000000e+04
1.462028681425112629e-02, 3.971600000000000000e+04
1.466670042318525720e-02, 2.814300000000000000e+04
1.471311403211938811e-02, 2.180200000000000000e+04
1.475952764105351901e-02, 1.638600000000000000e+04
1.480594124998764818e-02, 1.614700000000000000e+04
1.485235485892177909e-02, 2.083300000000000000e+04
1.489876846785591000e-02, 3.137000000000000000e+04
1.494518207679004090e-02, 4.193800000000000000e+04
1.499159568572417181e-02, 5.372100000000000000e+04
1.503800929465830098e-02, 5.281000000000000000e+03
1.508442290359243189e-02, 2.012600000000000000e+04
1.513083651252656280e-02, 2.821300000000000000e+04
1.517725012146069370e-02, 3.892400000000000000e+04
1.522366373039482461e-02, 4.778700000000000000e+04
1.527007733932895378e-02, 4.661900000000000000e+04
1.531649094826308469e-02, 4.944700000000000000e+04
1.536290455719721559e-02, 4.209400000000000000e+04
1.540931816613134650e-02, 3.181900000000000000e+04
1.545573177506547741e-02, 1.879600000000000000e+04
1.550214538399960658e-02, 1.636000000000000000e+03
1.554855899293373749e-02, 5.675200000000000000e+04
1.559497260186786839e-02, 4.473500000000000000e+04
1.564138621080199756e-02, 3.026800000000000000e+04
1.568779981973612847e-02, 2.429300000000000000e+04
1.573421342867025938e-02, 1.924800000000000000e+04
1.578062703760439028e-02, 1.827700000000000000e+04
1.582704064653852119e-02, 2.045100000000000000e+04
1.587345425547265210e-02, 2.557400000000000000e+04
1.591986786440678300e-02, 3.423000000000000000e+04
1.596628147334091391e-02, 4.924800000000000000e+04
1.601269508227504482e-02, 6.169800000000000000e+04
1.605910869120917572e-02, 1.135300000000000000e+04
1.610552230014330316e-02, 2.127900000000000000e+04
1.615193590907743407e-02, 4.078600000000000000e+04
1.619834951801156497e-02, 4.304100000000000000e+04
1.624476312694569588e-02, 4.943000000000000000e+04
1.629117673587982679e-02, 4.926200000000000000e+04
1.633759034481395769e-02, 4.286400000000000000e+04
1.638400395374808860e-02, 3.847900000000000000e+04
1.643041756268221951e-02, 2.477000000000000000e+04
1.647683117161635041e-02, 1.443900000000000000e+04
1.652324478055048132e-02, 2.725000000000000000e+03
1.656965838948460876e-02, 4.794300000000000000e+04
1.661607199841873966e-02, 3.857200000000000000e+04
1.666248560735287057e-02, 2.532100000000000000e+04
1.670889921628700148e-02, 2.296000000000000000e+04
1.675531282522113238e-02, 1.874600000000000000e+04
1.680172643415526329e-02, 1.892100000000000000e+04
1.684814004308939420e-02, 2.443200000000000000e+04
1.689455365202352510e-02, 2.981100000000000000e+04
1.694096726095765601e-02, 4.517700000000000000e+04
1.698738086989178692e-02, 5.877700000000000000e+04
1.703379447882591435e-02, 6.622000000000000000e+03
1.708020808776004526e-02, 1.930700000000000000e+04
1.712662169669417617e-02, 3.026300000000000000e+04
1.717303530562830707e-02, 3.873300000000000000e+04
1.721944891456243798e-02, 5.070700000000000000e+04
1.726586252349656889e-02, 4.986000000000000000e+04
1.731227613243069979e-02, 4.962200000000000000e+04
1.735868974136483070e-02, 4.209300000000000000e+04
1.740510335029896161e-02, 3.232600000000000000e+04
1.745151695923309251e-02, 1.704200000000000000e+04
1.749793056816721995e-02, 2.491000000000000000e+03
1.754434417710135086e-02, 5.662600000000000000e+04
1.759075778603548176e-02, 4.349700000000000000e+04
1.763717139496961267e-02, 3.170200000000000000e+04
1.768358500390374358e-02, 2.616300000000000000e+04
1.772999861283787448e-02, 1.992100000000000000e+04
1.777641222177200539e-02, 1.920600000000000000e+04
1.782282583070613630e-02, 2.020900000000000000e+04
1.786923943964026720e-02, 3.004500000000000000e+04
1.791565304857439811e-02, 3.730100000000000000e+04
1.796206665750852555e-02, 5.007500000000000000e+04
1.800848026644265645e-02, 6.551100000000000000e+04
1.805489387537678736e-02, 1.581500000000000000e+04
1.810130748431091827e-02, 2.507000000000000000e+04
1.814772109324504917e-02, 4.175600000000000000e+04
1.819413470217918008e-02, 4.364600000000000000e+04
1.824054831111331099e-02, 5.180400000000000000e+04
1.828696192004744189e-02, 5.025100000000000000e+04
1.833337552898157280e-02, 4.298900000000000000e+04
1.837978913791570371e-02, 3.925400000000000000e+04
1.842620274684983114e-02, 2.154500000000000000e+04
1.847261635578396205e-02, 1.303100000000000000e+04
1.851902996471809296e-02, 1.548000000000000000e+03
1.856544357365222386e-02, 4.688400000000000000e+04
1.861185718258635477e-02, 3.716200000000000000e+04
1.865827079152048568e-02, 2.209900000000000000e+04
1.870468440045461658e-02, 2.188500000000000000e+04
1.875109800938874749e-02, 1.887800000000000000e+04
1.879751161832287840e-02, 1.876200000000000000e+04
1.884392522725700930e-02, 2.534900000000000000e+04
1.889033883619113674e-02, 3.302200000000000000e+04
1.893675244512526765e-02, 4.601100000000000000e+04
1.898316605405939855e-02, 6.083300000000000000e+04
1.902957966299352946e-02, 3.485000000000000000e+03
1.907599327192766037e-02, 2.023300000000000000e+04
1.912240688086179127e-02, 3.395600000000000000e+04
1.916882048979592218e-02, 4.116200000000000000e+04
1.921523409873005309e-02, 5.344400000000000000e+04
1.926164770766418399e-02, 5.155900000000000000e+04
1.930806131659831490e-02, 4.471600000000000000e+04
1.935447492553244234e-02, 3.850300000000000000e+04
1.940088853446657324e-02, 3.008600000000000000e+04
1.944730214340070415e-02, 1.446900000000000000e+04
1.949371575233483506e-02, 4.372000000000000000e+03
1.954012936126896596e-02, 5.230200000000000000e+04
1.958654297020309687e-02, 4.219000000000000000e+04
1.963295657913722778e-02, 2.953300000000000000e+04
1.967937018807135868e-02, 2.562600000000000000e+04
1.972578379700548959e-02, 1.845800000000000000e+04
1.977219740593962050e-02, 1.817200000000000000e+04
1.981861101487374793e-02, 2.496700000000000000e+04
1.986502462380787884e-02, 2.996300000000000000e+04
1.991143823274200975e-02, 3.673700000000000000e+04
1.995785184167614065e-02, 5.305200000000000000e+04
2.000426545061027156e-02, 2.140000000000000000e+03
2.005067905954440247e-02, 1.518800000000000000e+04
2.009709266847853337e-02, 2.508300000000000000e+04
2.014350627741266428e-02, 3.910700000000000000e+04
2.018991988634679519e-02, 4.038900000000000000e+04
2.023633349528092609e-02, 5.391200000000000000e+04
2.028274710421505353e-02, 4.520600000000000000e+04
2.032916071314918444e-02, 4.487800000000000000e+04
2.037557432208331534e-02, 3.548500000000000000e+04
2.042198793101744625e-02, 2.028600000000000000e+04
2.046840153995157716e-02, 1.208700000000000000e+04
2.051481514888570806e-02, 6.240500000000000000e+04
2.056122875781983897e-02, 4.728100000000000000e+04
2.060764236675396988e-02, 3.672500000000000000e+04
2.065405597568810078e-02, 2.503000000000000000e+04
2.070046958462223169e-02, 1.951300000000000000e+04
2.074688319355635913e-02, 1.723300000000000000e+04
2.079329680249049003e-02, 1.715000000000000000e+04
2.083971041142462094e-02, 2.355200000000000000e+04
2.088612402035875185e-02, 3.228800000000000000e+04
2.093253762929288275e-02, 4.679700000000000000e+04
2.097895123822701366e-02, 5.794800000000000000e+04
2.102536484716114457e-02, 6.274000000000000000e+03
2.107177845609527547e-02, 2.067400000000000000e+04
2.111819206502940638e-02, 3.546700000000000000e+04
2.116460567396353729e-02, 4.134600000000000000e+04
2.121101928289766472e-02, 5.328500000000000000e+04
2.125743289183179563e-02, 4.713700000000000000e+04
2.130384650076592654e-02, 4.461700000000000000e+04
2.135026010970005744e-02, 3.926300000000000000e+04
2.139667371863418835e-02, 3.052300000000000000e+04
2.144308732756831926e-02, 1.740400000000000000e+04
2.148950093650245016e-02, 2.802000000000000000e+03
2.153591454543658107e-02, 5.217900000000000000e+04
2.158232815437071198e-02, 4.341200000000000000e+04
2.162874176330484288e-02, 2.582500000000000000e+04
2.167515537223897032e-02, 2.304800000000000000e+04
2.172156898117310123e-02, 1.632800000000000000e+04
2.176798259010723213e-02, 1.590300000000000000e+04
2.181439619904136304e-02, 2.631000000000000000e+04
2.186080980797549395e-02, 2.848800000000000000e+04
2.190722341690962485e-02, 3.993000000000000000e+04
2.195363702584375576e-02, 5.419700000000000000e+04
2.200005063477788667e-02, 6.497900000000000000e+04
2.204646424371201757e-02, 1.687900000000000000e+04
2.209287785264614848e-02, 2.572600000000000000e+04
2.213929146158027592e-02, 3.980500000000000000e+04
2.218570507051440682e-02, 3.904600000000000000e+04
2.223211867944853773e-02, 4.985900000000000000e+04
2.227853228838266864e-02, 4.458200000000000000e+04
2.232494589731679954e-02, 4.184400000000000000e+04
2.237135950625093045e-02, 3.584300000000000000e+04
2.241777311518506136e-02, 2.386900000000000000e+04
2.246418672411919226e-02, 1.061700000000000000e+04
2.251060033305332317e-02, 6.131400000000000000e+04
2.255701394198745408e-02, 4.928900000000000000e+04
2.260342755092158151e-02, 3.596300000000000000e+04
2.264984115985571242e-02, 2.581600000000000000e+04
2.269625476878984333e-02, 1.643900000000000000e+04
2.274266837772397423e-02, 1.487400000000000000e+04
2.278908198665810514e-02, 1.499300000000000000e+04
2.283549559559223605e-02, 2.232600000000000000e+04
2.288190920452636695e-02, 3.053600000000000000e+04
2.292832281346049786e-02, 4.701500000000000000e+04
2.297473642239462877e-02, 6.273300000000000000e+04
2.302115003132875967e-02, 6.375000000000000000e+03
2.306756364026288711e-02, 2.044800000000000000e+04
2.311397724919701802e-02, 3.398300000000000000e+04
2.316039085813114892e-02, 3.815200000000000000e+04
2.320680446706527983e-02, 4.876200000000000000e+04
2.325321807599941074e-02, 4.503800000000000000e+04
2.329963168493354164e-02, 4.646000000000000000e+04
2.334604529386767255e-02, 4.167400000000000000e+04
2.339245890280180346e-02, 2.725700000000000000e+04
2.343887251173593436e-02, 2.034800000000000000e+04
2.348528612067006527e-02, 6.516200000000000000e+04
2.353169972960419618e-02, 5.023000000000000000e+04
2.357811333853832361e-02, 4.028200000000000000e+04
2.362452694747245452e-02, 2.888100000000000000e+04
2.367094055640658543e-02, 1.932400000000000000e+04
2.371735416534071633e-02, 1.391700000000000000e+04
2.376376777427484724e-02, 1.364200000000000000e+04
2.381018138320897815e-02, 2.488500000000000000e+04
2.385659499214310905e-02, 3.249500000000000000e+04
2.390300860107723996e-02, 3.903600000000000000e+04
2.394942221001137087e-02, 5.587700000000000000e+04
2.399583581894550177e-02, 6.264000000000000000e+04
2.404224942787962921e-02, 1.987400000000000000e+04
2.408866303681376012e-02, 2.916600000000000000e+04
2.413507664574789102e-02, 4.228300000000000000e+04
2.418149025468202193e-02, 4.310800000000000000e+04
2.422790386361615284e-02, 4.735000000000000000e+04
2.427431747255028374e-02, 4.586800000000000000e+04
2.432073108148441465e-02, 3.986900000000000000e+04
2.436714469041854556e-02, 3.114000000000000000e+04
2.441355829935267646e-02, 2.400000000000000000e+04
2.445997190828680737e-02, 7.637000000000000000e+03
2.450638551722093481e-02, 6.187900000000000000e+04
2.455279912615506571e-02, 4.727700000000000000e+04
2.459921273508919662e-02, 3.517200000000000000e+04
2.464562634402332753e-02, 2.445700000000000000e+04
2.469203995295745843e-02, 1.378100000000000000e+04
2.473845356189158934e-02, 1.233400000000000000e+04
2.478486717082572025e-02, 1.510800000000000000e+04
2.483128077975985115e-02, 2.614500000000000000e+04
2.487769438869398206e-02, 3.359200000000000000e+04
2.492410799762811296e-02, 5.112500000000000000e+04
2.497052160656224040e-02, 6.423800000000000000e+04
2.501693521549637131e-02, 9.095000000000000000e+03
2.506334882443050222e-02, 2.231700000000000000e+04
2.510976243336463312e-02, 3.530400000000000000e+04
2.515617604229876403e-02, 3.887000000000000000e+04
2.520258965123289494e-02, 4.776200000000000000e+04
2.524900326016702584e-02, 4.591400000000000000e+04
2.529541686910115675e-02, 4.841300000000000000e+04
2.534183047803528765e-02, 3.888800000000000000e+04
2.538824408696941856e-02, 2.776700000000000000e+04
2.543465769590354600e-02, 1.541000000000000000e+04
2.548107130483767691e-02, 9.500000000000000000e+02
2.552748491377180781e-02, 4.862200000000000000e+04
2.557389852270593872e-02, 3.872200000000000000e+04
2.562031213164006963e-02, 2.920100000000000000e+04
2.566672574057420053e-02, 1.903000000000000000e+04
2.571313934950833144e-02, 1.405300000000000000e+04
2.575955295844246234e-02, 1.335000000000000000e+04
2.580596656737659325e-02, 2.218600000000000000e+04
2.585238017631072416e-02, 3.202000000000000000e+04
2.589879378524485160e-02, 4.174300000000000000e+04
2.594520739417898250e-02, 5.281500000000000000e+04
2.599162100311311341e-02, 1.241000000000000000e+03
2.603803461204724431e-02, 1.844800000000000000e+04
2.608444822098137522e-02, 2.861500000000000000e+04
2.613086182991550613e-02, 4.102100000000000000e+04
2.617727543884963703e-02, 4.598800000000000000e+04
2.622368904778376794e-02, 4.709500000000000000e+04
2.627010265671789885e-02, 4.849600000000000000e+04
2.631651626565202975e-02, 4.015300000000000000e+04
2.636292987458615719e-02, 3.059900000000000000e+04
2.640934348352028810e-02, 2.140300000000000000e+04
2.645575709245441900e-02, 1.500000000000000000e+03
2.650217070138854991e-02, 5.903900000000000000e+04
2.654858431032268082e-02, 4.369700000000000000e+04
2.659499791925681172e-02, 2.934500000000000000e+04
2.664141152819094263e-02, 2.248400000000000000e+04
2.668782513712507354e-02, 1.713400000000000000e+04
2.673423874605920444e-02, 1.617100000000000000e+04
2.678065235499333535e-02, 2.018100000000000000e+04
2.682706596392746279e-02, 2.627000000000000000e+04
2.687347957286159369e-02, 3.271000000000000000e+04
2.691989318179572460e-02, 4.909100000000000000e+04
2.696630679072985551e-02, 6.085100000000000000e+04
2.701272039966398641e-02, 1.138100000000000000e+04
2.705913400859811732e-02, 2.080300000000000000e+04
2.710554761753224823e-02, 3.856800000000000000e+04
2.715196122646637913e-02, 4.136200000000000000e+04
2.719837483540051004e-02, 4.874000000000000000e+04
2.724478844433464095e-02, 4.688400000000000000e+04
2.729120205326876838e-02, 4.414900000000000000e+04
2.733761566220289929e-02, 3.789600000000000000e+04
2.738402927113703020e-02, 2.504000000000000000e+04
2.743044288007116110e-02, 1.349400000000000000e+04
2.747685648900529201e-02, 1.400000000000000000e+03
2.752327009793942292e-02, 4.803700000000000000e+04
2.756968370687355382e-02, 3.938300000000000000e+04
2.761609731580768473e-02, 2.681600000000000000e+04
2.766251092474181564e-02, 2.257100000000000000e+04
2.770892453367594654e-02, 1.843000000000000000e+04
2.775533814261007398e-02, 1.825100000000000000e+04
2.780175175154420489e-02, 2.318400000000000000e+04
2.784816536047833579e-02, 3.024300000000000000e+04
2.789457896941246670e-02, 4.388000000000000000e+04
2.794099257834659761e-02, 5.659900000000000000e+04
2.798740618728072851e-02, 6.140000000000000000e+03
2.803381979621485942e-02, 2.071500000000000000e+04
2.808023340514899033e-02, 2.872600000000000000e+04
2.812664701408312123e-02, 3.844900000000000000e+04
2.817306062301725214e-02, 4.927400000000000000e+04
2.821947423195137958e-02, 4.864900000000000000e+04
2.826588784088551048e-02, 5.046600000000000000e+04
2.831230144981964139e-02, 4.319800000000000000e+04
2.835871505875377230e-02, 3.342600000000000000e+04
2.840512866768790320e-02, 1.892700000000000000e+04
2.845154227662203411e-02, 3.532000000000000000e+03
2.849795588555616502e-02, 5.682000000000000000e+04
2.854436949449029592e-02, 4.403400000000000000e+04
2.859078310342442683e-02, 3.182900000000000000e+04
2.863719671235855774e-02, 2.627700000000000000e+04
2.868361032129268517e-02, 1.997100000000000000e+04
2.873002393022681608e-02, 1.861500000000000000e+04
2.877643753916094699e-02, 2.040400000000000000e+04
2.882285114809507789e-02, 2.562400000000000000e+04
2.886926475702920880e-02, 3.663000000000000000e+04
2.891567836596333971e-02, 4.942200000000000000e+04
2.896209197489747061e-02, 6.513700000000000000e+04
2.900850558383160152e-02, 1.279900000000000000e+04
2.905491919276573243e-02, 2.325700000000000000e+04
2.910133280169986333e-02, 4.283200000000000000e+04
2.914774641063399077e-02, 4.453000000000000000e+04
2.919416001956812168e-02, 5.055900000000000000e+04
2.924057362850225258e-02, 5.071600000000000000e+04
2.928698723743638349e-02, 4.308400000000000000e+04
2.933340084637051440e-02, 3.923800000000000000e+04
2.937981445530464530e-02, 2.270400000000000000e+04
2.942622806423877621e-02, 1.406200000000000000e+04
2.947264167317290712e-02, 1.583000000000000000e+03
2.951905528210703802e-02, 4.546600000000000000e+04
2.956546889104116893e-02, 3.655400000000000000e+04
2.961188249997529637e-02, 2.330400000000000000e+04
2.965829610890942727e-02, 2.227000000000000000e+04
2.970470971784355818e-02, 1.930200000000000000e+04
2.975112332677768909e-02, 1.918700000000000000e+04
2.979753693571181999e-02, 2.540600000000000000e+04
2.984395054464595090e-02, 3.381200000000000000e+04
2.989036415358008181e-02, 4.697700000000000000e+04
2.993677776251421271e-02, 5.967200000000000000e+04
2.998319137144834362e-02, 4.241000000000000000e+03
3.002960498038247453e-02, 1.717700000000000000e+04
3.007601858931660196e-02, 3.143900000000000000e+04
3.012243219825073287e-02, 3.968800000000000000e+04
3.016884580718486378e-02, 5.234000000000000000e+04
3.021525941611899468e-02, 5.117500000000000000e+04
3.026167302505312559e-02, 4.618700000000000000e+04
3.030808663398725650e-02, 3.946100000000000000e+04
3.035450024292138740e-02, 3.030500000000000000e+04
3.040091385185551831e-02, 1.618600000000000000e+04
3.044732746078964922e-02, 3.425000000000000000e+03
3.049374106972378012e-02, 5.510500000000000000e+04
3.054015467865790756e-02, 4.184300000000000000e+04
3.058656828759203847e-02, 3.029500000000000000e+04
3.063298189652616937e-02, 2.653100000000000000e+04
3.067939550546030028e-02, 1.942300000000000000e+04
3.072580911439443119e-02, 1.877800000000000000e+04
3.077222272332856209e-02, 2.141700000000000000e+04
3.081863633226269300e-02, 2.946700000000000000e+04
3.086504994119682391e-02, 3.669500000000000000e+04
3.091146355013095481e-02, 5.120000000000000000e+04
3.095787715906508572e-02, 2.074000000000000000e+03
3.100429076799921316e-02, 1.624600000000000000e+04
3.105070437693334406e-02, 2.643500000000000000e+04
3.109711798586747497e-02, 3.952400000000000000e+04
3.114353159480160588e-02, 4.019000000000000000e+04
3.118994520373573678e-02, 5.227700000000000000e+04
3.123635881266986769e-02, 4.711500000000000000e+04
3.128277242160399513e-02, 4.392600000000000000e+04
3.132918603053812950e-02, 3.603600000000000000e+04
3.137559963947225694e-02, 1.921100000000000000e+04
3.142201324840639132e-02, 1.314400000000000000e+04
3.146842685734051875e-02, 6.399800000000000000e+04
3.151484046627465313e-02, 4.673400000000000000e+04
3.156125407520878057e-02, 3.492600000000000000e+04
3.160766768414291494e-02, 2.263900000000000000e+04
3.165408129307704238e-02, 2.062500000000000000e+04
3.170049490201116982e-02, 1.798900000000000000e+04
3.174690851094530419e-02, 1.815800000000000000e+04
3.179332211987943163e-02, 2.476200000000000000e+04
3.183973572881356601e-02, 3.307400000000000000e+04
3.188614933774769344e-02, 4.551100000000000000e+04
3.193256294668182782e-02, 5.760800000000000000e+04
3.197897655561595526e-02, 3.950000000000000000e+03
3.202539016455008963e-02, 2.184300000000000000e+04
3.207180377348421707e-02, 3.603200000000000000e+04
3.211821738241835145e-02, 4.185700000000000000e+04
3.216463099135247888e-02, 5.478500000000000000e+04
3.221104460028660632e-02, 4.888400000000000000e+04
3.225745820922074070e-02, 4.439000000000000000e+04
3.230387181815486813e-02, 3.861700000000000000e+04
3.235028542708900251e-02, 3.053000000000000000e+04
3.239669903602312995e-02, 1.556800000000000000e+04
3.244311264495726432e-02, 4.147000000000000000e+03
3.248952625389139176e-02, 5.191600000000000000e+04
3.253593986282552614e-02, 4.381100000000000000e+04
3.258235347175965357e-02, 2.759300000000000000e+04
3.262876708069378101e-02, 2.418900000000000000e+04
3.267518068962791539e-02, 1.848600000000000000e+04
3.272159429856204282e-02, 1.719200000000000000e+04
3.276800790749617720e-02, 2.633700000000000000e+04
3.281442151643030464e-02, 2.932900000000000000e+04
3.286083512536443901e-02, 3.820300000000000000e+04
3.290724873429856645e-02, 5.286400000000000000e+04
3.295366234323270083e-02, 1.580000000000000000e+03
3.300007595216682826e-02, 1.574400000000000000e+04
3.304648956110096264e-02, 2.521600000000000000e+04
3.309290317003509008e-02, 3.896600000000000000e+04
3.313931677896921751e-02, 4.021300000000000000e+04
3.318573038790335189e-02, 5.230600000000000000e+04
3.323214399683747933e-02, 4.477500000000000000e+04
3.327855760577161370e-02, 4.476100000000000000e+04
3.332497121470574114e-02, 3.511400000000000000e+04
3.337138482363987552e-02, 2.216700000000000000e+04
3.341779843257400295e-02, 1.115000000000000000e+04
3.346421204150813733e-02, 6.287100000000000000e+04
3.351062565044226477e-02, 4.960000000000000000e+04
3.355703925937639220e-02, 3.668100000000000000e+04
3.360345286831052658e-02, 2.539600000000000000e+04
3.364986647724465402e-02, 1.805700000000000000e+04
3.369628008617878839e-02, 1.596600000000000000e+04
3.374269369511291583e-02, 1.589300000000000000e+04
3.378910730404705021e-02, 2.375900000000000000e+04
3.383552091298117764e-02, 3.107600000000000000e+04
3.388193452191531202e-02, 4.761200000000000000e+04
3.392834813084943946e-02, 6.068800000000000000e+04
3.397476173978357383e-02, 7.744000000000000000e+03
3.402117534871770127e-02, 1.999600000000000000e+04
3.406758895765182871e-02, 3.371500000000000000e+04
3.411400256658596308e-02, 3.885300000000000000e+04
3.416041617552009052e-02, 5.131100000000000000e+04
3.420682978445422490e-02, 4.548300000000000000e+04
3.425324339338835233e-02, 4.540600000000000000e+04
3.429965700232248671e-02, 4.057700000000000000e+04
3.434607061125661415e-02, 2.925800000000000000e+04
3.439248422019074852e-02, 1.985200000000000000e+04
3.443889782912487596e-02, 6.504500000000000000e+04
3.448531143805900340e-02, 5.143000000000000000e+04
3.453172504699313777e-02, 4.161100000000000000e+04
3.457813865592726521e-02, 2.669100000000000000e+04
3.462455226486139959e-02, 2.122600000000000000e+04
3.467096587379552702e-02, 1.491800000000000000e+04
3.471737948272966140e-02, 1.482100000000000000e+04
3.476379309166378884e-02, 2.602100000000000000e+04
3.481020670059792321e-02, 2.831400000000000000e+04
3.485662030953205065e-02, 3.969800000000000000e+04
3.490303391846618503e-02, 5.704200000000000000e+04
3.494944752740031246e-02, 6.289400000000000000e+04
3.499586113633443990e-02, 1.894000000000000000e+04
3.504227474526857428e-02, 2.753600000000000000e+04
3.508868835420270171e-02, 4.121100000000000000e+04
3.513510196313683609e-02, 4.167200000000000000e+04
3.518151557207096353e-02, 4.775500000000000000e+04
3.522792918100509790e-02, 4.519200000000000000e+04
3.527434278993922534e-02, 3.833900000000000000e+04
3.532075639887335972e-02, 3.373300000000000000e+04
3.536717000780748715e-02, 2.395900000000000000e+04
3.541358361674162153e-02, 9.447000000000000000e+03
3.545999722567574897e-02, 5.952000000000000000e+04
3.550641083460987640e-02, 4.924700000000000000e+04
3.555282444354401078e-02, 3.431100000000000000e+04
3.559923805247813822e-02, 2.507400000000000000e+04
3.564565166141227259e-02, 1.482200000000000000e+04
3.569206527034640003e-02, 1.365300000000000000e+04
3.573847887928053441e-02, 1.414600000000000000e+04
3.578489248821466184e-02, 2.503600000000000000e+04
3.583130609714879622e-02, 3.443900000000000000e+04
3.587771970608292366e-02, 5.006400000000000000e+04
3.592413331501705109e-02, 6.336600000000000000e+04
3.597054692395118547e-02, 7.393000000000000000e+03
3.601696053288531291e-02, 2.258700000000000000e+04
3.606337414181944728e-02, 3.404500000000000000e+04
3.610978775075357472e-02, 3.806500000000000000e+04
3.615620135968770910e-02, 4.780700000000000000e+04
3.620261496862183653e-02, 4.554100000000000000e+04
3.624902857755597091e-02, 4.748600000000000000e+04
3.629544218649009835e-02, 4.199400000000000000e+04
3.634185579542423272e-02, 2.739800000000000000e+04
3.638826940435836016e-02, 2.026300000000000000e+04
3.643468301329248760e-02, 6.425900000000000000e+04
3.648109662222662197e-02, 4.794200000000000000e+04
3.652751023116074941e-02, 3.807200000000000000e+04
3.657392384009488379e-02, 2.867400000000000000e+04
3.662033744902901122e-02, 1.801000000000000000e+04
3.666675105796314560e-02, 1.256900000000000000e+04
3.671316466689727304e-02, 1.229300000000000000e+04
3.675957827583140741e-02, 2.333800000000000000e+04
3.680599188476553485e-02, 3.174500000000000000e+04
3.685240549369966229e-02, 3.977200000000000000e+04
3.689881910263379666e-02, 5.425600000000000000e+04
3.694523271156792410e-02, 6.219600000000000000e+04
3.699164632050205848e-02, 1.750700000000000000e+04
3.703805992943618591e-02, 3.026600000000000000e+04
3.708447353837032029e-02, 4.261800000000000000e+04
3.713088714730444773e-02, 4.479600000000000000e+04
3.717730075623858210e-02, 4.678000000000000000e+04
3.722371436517270954e-02, 4.708800000000000000e+04
3.727012797410684392e-02, 4.017900000000000000e+04
3.731654158304097135e-02, 3.036400000000000000e+04
3.736295519197509879e-02, 2.306600000000000000e+04
3.740936880090923317e-02, 3.540000000000000000e+03
3.745578240984336060e-02, 6.098800000000000000e+04
3.750219601877749498e-02, 4.441700000000000000e+04
3.754860962771162242e-02, 3.032000000000000000e+04
3.759502323664575679e-02, 2.274300000000000000e+04
3.764143684557988423e-02, 1.509700000000000000e+04
3.768785045451401861e-02, 1.385100000000000000e+04
3.773426406344814604e-02, 1.911200000000000000e+04
3.778067767238227348e-02, 2.674000000000000000e+04
3.782709128131640786e-02, 3.356400000000000000e+04
3.787350489025053529e-02, 5.036900000000000000e+04
3.791991849918466967e-02, 6.026000000000000000e+04
3.796633210811879711e-02, 1.157100000000000000e+04
3.801274571705293148e-02, 2.065900000000000000e+04
3.805915932598705892e-02, 3.715100000000000000e+04
3.810557293492119330e-02, 3.982800000000000000e+04
3.815198654385532073e-02, 4.798400000000000000e+04
3.819840015278945511e-02, 4.700200000000000000e+04
3.824481376172358255e-02, 4.591800000000000000e+04
3.829122737065770998e-02, 3.847700000000000000e+04
3.833764097959184436e-02, 2.713600000000000000e+04
3.838405458852597180e-02, 1.326900000000000000e+04
3.843046819746010617e-02, 1.715000000000000000e+03
3.847688180639423361e-02, 4.854900000000000000e+04
3.852329541532836799e-02, 3.970200000000000000e+04
3.856970902426249542e-02, 2.814300000000000000e+04
3.861612263319662980e-02, 2.168900000000000000e+04
3.866253624213075724e-02, 1.623100000000000000e+04
3.870894985106488467e-02, 1.614200000000000000e+04
3.875536345999901905e-02, 2.083300000000000000e+04
3.880177706893314649e-02, 3.116400000000000000e+04
3.884819067786728086e-02, 4.169300000000000000e+04
3.889460428680140830e-02, 5.371300000000000000e+04
3.894101789573554268e-02, 5.281000000000000000e+03
3.898743150466967011e-02, 2.044300000000000000e+04
3.903384511360380449e-02, 2.748300000000000000e+04
3.908025872253793193e-02, 3.889800000000000000e+04
3.912667233147206630e-02, 4.778600000000000000e+04
3.917308594040619374e-02, 4.792200000000000000e+04
3.921949954934032118e-02, 4.971600000000000000e+04
3.926591315827445555e-02, 4.210400000000000000e+04
3.931232676720858299e-02, 3.181900000000000000e+04
3.935874037614271737e-02, 1.915900000000000000e+04
3.940515398507684480e-02, 2.019000000000000000e+03
3.945156759401097918e-02, 5.676600000000000000e+04
3.949798120294510662e-02, 4.473600000000000000e+04
3.954439481187924099e-02, 3.122800000000000000e+04
3.959080842081336843e-02, 2.527600000000000000e+04
3.963722202974749587e-02, 1.928500000000000000e+04
3.968363563868163024e-02, 1.827700000000000000e+04
3.973004924761575768e-02, 2.059200000000000000e+04
3.977646285654989206e-02, 2.534600000000000000e+04
3.982287646548401949e-02, 3.422200000000000000e+04
3.986929007441815387e-02, 4.924800000000000000e+04
3.991570368335228131e-02, 6.329600000000000000e+04
3.996211729228641568e-02, 1.211800000000000000e+04
4.000853090122054312e-02, 2.130900000000000000e+04
4.005494451015467749e-02, 4.078700000000000000e+04
4.010135811908880493e-02, 4.321300000000000000e+04
4.014777172802293237e-02, 4.960300000000000000e+04
4.019418533695706675e-02, 4.926900000000000000e+04
4.024059894589119418e-02, 4.286400000000000000e+04
4.028701255482532856e-02, 3.845500000000000000e+04
4.033342616375945600e-02, 2.521100000000000000e+04
4.037983977269359037e-02, 1.445700000000000000e+04
4.042625338162771781e-02, 2.726000000000000000e+03
4.047266699056185218e-02, 4.592200000000000000e+04
4.051908059949597962e-02, 3.779700000000000000e+04
4.056549420843010706e-02, 2.528600000000000000e+04
4.061190781736424144e-02, 2.295900000000000000e+04
4.065832142629836887e-02, 1.926600000000000000e+04
4.070473503523250325e-02, 1.859400000000000000e+04
4.075114864416663069e-02, 2.441500000000000000e+04
4.079756225310076506e-02, 2.981000000000000000e+04
4.084397586203489250e-02, 4.642200000000000000e+04
4.089038947096902687e-02, 5.794300000000000000e+04
4.093680307990315431e-02, 6.580000000000000000e+03
4.098321668883728869e-02, 1.930600000000000000e+04
4.102963029777141613e-02, 3.022700000000000000e+04
4.107604390670554356e-02, 3.684700000000000000e+04
4.112245751563967794e-02, 5.061600000000000000e+04
4.116887112457380538e-02, 4.985700000000000000e+04
4.121528473350793975e-02, 4.793400000000000000e+04
4.126169834244206719e-02, 4.244200000000000000e+04
4.130811195137620156e-02, 3.234400000000000000e+04
4.135452556031032900e-02, 1.704200000000000000e+04
4.140093916924446338e-02, 3.897000000000000000e+03
4.144735277817859082e-02, 5.817500000000000000e+04
4.149376638711271825e-02, 4.358600000000000000e+04
4.154017999604685263e-02, 3.170400000000000000e+04
4.158659360498098007e-02, 2.680200000000000000e+04
4.163300721391511444e-02, 1.960900000000000000e+04
4.167942082284924188e-02, 1.919100000000000000e+04
4.172583443178337625e-02, 2.020900000000000000e+04
4.177224804071750369e-02, 2.841100000000000000e+04
4.181866164965163807e-02, 3.945200000000000000e+04
4.186507525858576551e-02, 5.022900000000000000e+04
4.191148886751989988e-02, 6.551500000000000000e+04
4.195790247645402732e-02, 1.540100000000000000e+04
4.200431608538815476e-02, 2.600000000000000000e+04
4.205072969432228913e-02, 4.182100000000000000e+04
4.209714330325641657e-02, 4.364800000000000000e+04
4.214355691219055094e-02, 5.180400000000000000e+04
4.218997052112467838e-02, 5.069100000000000000e+04
4.223638413005881276e-02, 4.302200000000000000e+04
4.228279773899294020e-02, 3.925500000000000000e+04
4.232921134792707457e-02, 2.004700000000000000e+04
4.237562495686120201e-02, 1.097900000000000000e+04
4.242203856579532945e-02, 1.410000000000000000e+03
4.246845217472946382e-02, 4.688000000000000000e+04
4.251486578366359126e-02, 3.460600000000000000e+04
4.256127939259772563e-02, 2.121300000000000000e+04
4.260769300153185307e-02, 2.182200000000000000e+04
4.265410661046598745e-02, 1.887600000000000000e+04
4.270052021940011489e-02, 1.876200000000000000e+04
4.274693382833424926e-02, 2.788600000000000000e+04
4.279334743726837670e-02, 3.330000000000000000e+04
4.283976104620251107e-02, 4.601900000000000000e+04
4.288617465513663851e-02, 5.840000000000000000e+04
4.293258826407076595e-02, 1.933000000000000000e+03
4.297900187300490032e-02, 2.001100000000000000e+04
4.302541548193902776e-02, 3.394900000000000000e+04
4.307182909087316214e-02, 4.116200000000000000e+04
4.311824269980728958e-02, 5.385800000000000000e+04
4.316465630874142395e-02, 5.158300000000000000e+04
4.321106991767555139e-02, 4.471700000000000000e+04
4.325748352660968576e-02, 3.850300000000000000e+04
4.330389713554381320e-02, 3.002500000000000000e+04
4.335031074447794064e-02, 1.461400000000000000e+04
4.339672435341207501e-02, 4.377000000000000000e+03
4.344313796234620245e-02, 5.230200000000000000e+04
4.348955157128033683e-02, 4.308800000000000000e+04
4.353596518021446427e-02, 2.988100000000000000e+04
4.358237878914859864e-02, 2.563700000000000000e+04
4.362879239808272608e-02, 1.845900000000000000e+04
4.367520600701686045e-02, 1.790500000000000000e+04
4.372161961595098789e-02, 2.490800000000000000e+04
4.376803322488512227e-02, 2.996100000000000000e+04
4.381444683381924970e-02, 3.673700000000000000e+04
4.386086044275337714e-02, 5.297000000000000000e+04
4.390727405168751152e-02, 1.886000000000000000e+03
4.395368766062163896e-02, 1.518000000000000000e+04
4.400010126955577333e-02, 2.508300000000000000e+04
4.404651487848990077e-02, 3.881600000000000000e+04
4.409292848742403514e-02, 4.050200000000000000e+04
4.413934209635816258e-02, 5.391600000000000000e+04
4.418575570529229696e-02, 4.520600000000000000e+04
4.423216931422642439e-02, 4.523300000000000000e+04
4.427858292316055183e-02, 3.566500000000000000e+04
4.432499653209468621e-02, 2.029300000000000000e+04
4.437141014102881365e-02, 1.208700000000000000e+04
4.441782374996294802e-02, 6.274400000000000000e+04
4.446423735889707546e-02, 4.771700000000000000e+04
4.451065096783120983e-02, 3.674000000000000000e+04
4.455706457676533727e-02, 2.503000000000000000e+04
4.460347818569947165e-02, 1.913400000000000000e+04
4.464989179463359908e-02, 1.808400000000000000e+04
4.469630540356773346e-02, 1.718000000000000000e+04
4.474271901250186090e-02, 2.355300000000000000e+04
4.478913262143598834e-02, 3.208200000000000000e+04
4.483554623037012271e-02, 4.655200000000000000e+04
4.488195983930425015e-02, 5.794000000000000000e+04
4.492837344823838452e-02, 6.274000000000000000e+03
4.497478705717251196e-02, 2.062800000000000000e+04
4.502120066610664634e-02, 3.588500000000000000e+04
4.506761427504077377e-02, 4.136100000000000000e+04
4.511402788397490815e-02, 5.328500000000000000e+04
4.516044149290903559e-02, 4.634600000000000000e+04
4.520685510184316303e-02, 4.472700000000000000e+04
4.525326871077729740e-02, 3.926700000000000000e+04
4.529968231971142484e-02, 3.052300000000000000e+04
4.534609592864555921e-02, 1.786600000000000000e+04
4.539250953757968665e-02, 3.234000000000000000e+03
4.543892314651382103e-02, 5.219500000000000000e+04
4.548533675544794846e-02, 4.341200000000000000e+04
4.553175036438208284e-02, 2.592800000000000000e+04
4.557816397331621028e-02, 2.287200000000000000e+04
4.562457758225034465e-02, 1.632200000000000000e+04
4.567099119118447209e-02, 1.590300000000000000e+04
4.571740480011859953e-02, 2.644900000000000000e+04
4.576381840905273390e-02, 2.819400000000000000e+04
4.581023201798686134e-02, 3.991800000000000000e+04
4.585664562692099572e-02, 5.419600000000000000e+04
4.590305923585512315e-02, 6.466400000000000000e+04
4.594947284478925753e-02, 1.769400000000000000e+04
4.599588645372338497e-02, 2.575900000000000000e+04
4.604230006265751934e-02, 3.980600000000000000e+04
4.608871367159164678e-02, 4.088100000000000000e+04
4.613512728052577422e-02, 4.823200000000000000e+04
4.618154088945990859e-02, 4.451000000000000000e+04
4.622795449839403603e-02, 4.184200000000000000e+04
4.627436810732817041e-02, 3.529500000000000000e+04
4.632078171626229784e-02, 2.243900000000000000e+04
4.636719532519643222e-02, 1.055400000000000000e+04
4.641360893413055966e-02, 6.131300000000000000e+04
4.646002254306469403e-02, 5.002400000000000000e+04
4.650643615199882147e-02, 3.537600000000000000e+04
4.655284976093295585e-02, 2.578900000000000000e+04
4.659926336986708328e-02, 1.643800000000000000e+04
4.664567697880121072e-02, 1.460900000000000000e+04
4.669209058773534510e-02, 1.481200000000000000e+04
4.673850419666947253e-02, 2.232000000000000000e+04
4.678491780560360691e-02, 3.053600000000000000e+04
4.683133141453773435e-02, 4.815400000000000000e+04
4.687774502347186872e-02, 6.177800000000000000e+04
4.692415863240599616e-02, 6.327000000000000000e+03
4.697057224134013054e-02, 2.044700000000000000e+04
4.701698585027425797e-02, 3.349300000000000000e+04
4.706339945920839235e-02, 3.847600000000000000e+04
4.710981306814251979e-02, 4.877600000000000000e+04
4.715622667707664722e-02, 4.503900000000000000e+04
4.720264028601078160e-02, 4.656700000000000000e+04
4.724905389494490904e-02, 4.213600000000000000e+04
4.729546750387904341e-02, 2.728100000000000000e+04
4.734188111281317085e-02, 2.034900000000000000e+04
4.738829472174730523e-02, 6.362600000000000000e+04
4.743470833068143266e-02, 4.900500000000000000e+04
4.748112193961556704e-02, 4.022100000000000000e+04
4.752753554854969448e-02, 2.888000000000000000e+04
4.757394915748382191e-02, 1.932400000000000000e+04
4.762036276641795629e-02, 1.349800000000000000e+04
4.766677637535208373e-02, 1.360800000000000000e+04
4.771318998428621810e-02, 2.488400000000000000e+04
4.775960359322034554e-02, 3.086100000000000000e+04
4.780601720215447992e-02, 3.799200000000000000e+04
4.785243081108860735e-02, 5.580200000000000000e+04
4.789884442002274173e-02, 6.263700000000000000e+04
4.794525802895686917e-02, 1.809600000000000000e+04
4.799167163789100354e-02, 3.003300000000000000e+04
4.803808524682513098e-02, 4.233500000000000000e+04
4.808449885575925842e-02, 4.311000000000000000e+04
4.813091246469339279e-02, 4.683000000000000000e+04
4.817732607362752023e-02, 4.312400000000000000e+04
4.822373968256165461e-02, 3.966900000000000000e+04
4.827015329149578204e-02, 3.113500000000000000e+04
4.831656690042991642e-02, 2.273500000000000000e+04
4.836298050936404386e-02, 8.788000000000000000e+03
4.840939411829817823e-02, 6.198000000000000000e+04
4.845580772723230567e-02, 4.727900000000000000e+04
4.850222133616643311e-02, 3.210400000000000000e+04
4.854863494510056748e-02, 2.686100000000000000e+04
4.859504855403469492e-02, 1.398800000000000000e+04
4.864146216296882930e-02, 1.233900000000000000e+04
4.868787577190295673e-02, 1.679600000000000000e+04
4.873428938083709111e-02, 2.557700000000000000e+04
4.878070298977121855e-02, 3.354800000000000000e+04
4.882711659870535292e-02, 5.112400000000000000e+04
4.887353020763948036e-02, 6.180500000000000000e+04
4.891994381657361474e-02, 7.453000000000000000e+03
4.896635742550774217e-02, 2.210800000000000000e+04
4.901277103444186961e-02, 3.529700000000000000e+04
4.905918464337600399e-02, 3.887000000000000000e+04
4.910559825231013142e-02, 4.770900000000000000e+04
4.915201186124426580e-02, 4.598500000000000000e+04
4.919842547017839324e-02, 4.841500000000000000e+04
4.924483907911252761e-02, 3.940000000000000000e+04
4.929125268804665505e-02, 2.867500000000000000e+04
4.933766629698078943e-02, 1.555500000000000000e+04
4.938407990591491686e-02, 9.550000000000000000e+02
4.943049351484904430e-02, 4.862200000000000000e+04
4.947690712378317868e-02, 3.905900000000000000e+04
4.952332073271730611e-02, 2.955300000000000000e+04
4.956973434165144049e-02, 1.904100000000000000e+04
4.961614795058556793e-02, 1.405300000000000000e+04
4.966256155951970230e-02, 1.381700000000000000e+04
4.970897516845382974e-02, 2.263000000000000000e+04
4.975538877738796412e-02, 3.203400000000000000e+04
4.980180238632209155e-02, 4.174300000000000000e+04
4.984821599525622593e-02, 5.295000000000000000e+04
4.989462960419035337e-02, 1.585000000000000000e+03
4.994104321312448080e-02, 1.845900000000000000e+04
4.998745682205861518e-02, 2.861500000000000000e+04
5.003387043099274262e-02, 4.000700000000000000e+04
5.008028403992687699e-02, 4.613200000000000000e+04
5.012669764886100443e-02, 4.710000000000000000e+04
5.017311125779513881e-02, 4.849600000000000000e+04
5.021952486672926624e-02, 4.117600000000000000e+04
5.026593847566340062e-02, 3.002400000000000000e+04
5.031235208459752806e-02, 2.138400000000000000e+04
5.035876569353165549e-02, 1.499000000000000000e+03
5.040517930246578987e-02, 5.849500000000000000e+04
5.045159291139991731e-02, 4.338200000000000000e+04
5.049800652033405168e-02, 2.933500000000000000e+04
5.054442012926817912e-02, 2.248300000000000000e+04
5.059083373820231350e-02, 1.811600000000000000e+04
5.063724734713644093e-02, 1.606000000000000000e+04
5.068366095607057531e-02, 2.017700000000000000e+04
5.073007456500470275e-02, 2.626900000000000000e+04
5.077648817393883712e-02, 3.301600000000000000e+04
5.082290178287296456e-02, 4.981300000000000000e+04
5.086931539180709200e-02, 6.087700000000000000e+04
5.091572900074122637e-02, 1.138100000000000000e+04
5.096214260967535381e-02, 2.053300000000000000e+04
5.100855621860948819e-02, 3.890500000000000000e+04
5.105496982754361562e-02, 4.137500000000000000e+04
5.110138343647775000e-02, 4.874000000000000000e+04
5.114779704541187744e-02, 4.831700000000000000e+04
5.119421065434601181e-02, 4.438400000000000000e+04
5.124062426328013925e-02, 3.790500000000000000e+04
5.128703787221426669e-02, 2.504000000000000000e+04
5.133345148114840106e-02, 1.342700000000000000e+04
5.137986509008252850e-02, 1.910000000000000000e+03
5.142627869901666288e-02, 4.805700000000000000e+04
5.147269230795079031e-02, 3.938300000000000000e+04
5.151910591688492469e-02, 2.656000000000000000e+04
5.156551952581905213e-02, 2.233700000000000000e+04
5.161193313475318650e-02, 1.842100000000000000e+04
5.165834674368731394e-02, 1.825000000000000000e+04
5.170476035262144832e-02, 2.294400000000000000e+04
5.175117396155557575e-02, 2.982100000000000000e+04
5.179758757048970319e-02, 4.386300000000000000e+04
5.184400117942383757e-02, 5.659800000000000000e+04
5.189041478835796500e-02, 7.065000000000000000e+03
5.193682839729209938e-02, 2.133600000000000000e+04
5.198324200622622682e-02, 2.875000000000000000e+04
5.202965561516036119e-02, 3.844900000000000000e+04
5.207606922409448863e-02, 4.956200000000000000e+04
5.212248283302862301e-02, 4.885700000000000000e+04
5.216889644196275044e-02, 5.047500000000000000e+04
5.221531005089687788e-02, 4.319900000000000000e+04
5.226172365983101226e-02, 3.316600000000000000e+04
5.230813726876513969e-02, 1.958000000000000000e+04
5.235455087769927407e-02, 3.564000000000000000e+03
5.240096448663340151e-02, 5.682100000000000000e+04
5.244737809556753588e-02, 4.444000000000000000e+04
5.249379170450166332e-02, 3.129000000000000000e+04
5.254020531343579770e-02, 2.625300000000000000e+04
5.258661892236992513e-02, 1.997000000000000000e+04
5.263303253130405951e-02, 1.913600000000000000e+04
5.267944614023818695e-02, 2.007600000000000000e+04
5.272585974917231438e-02, 2.560700000000000000e+04
5.277227335810644876e-02, 3.663000000000000000e+04
5.281868696704057620e-02, 5.041300000000000000e+04
5.286510057597471057e-02, 6.410400000000000000e+04
5.291151418490883801e-02, 1.274600000000000000e+04
5.295792779384297239e-02, 2.325500000000000000e+04
5.300434140277709982e-02, 4.255800000000000000e+04
5.305075501171123420e-02, 4.492400000000000000e+04
5.309716862064536164e-02, 5.057700000000000000e+04
5.314358222957948907e-02, 5.071700000000000000e+04
5.318999583851362345e-02, 4.267000000000000000e+04
5.323640944744775089e-02, 3.976400000000000000e+04
5.328282305638188526e-02, 2.273500000000000000e+04
5.332923666531601270e-02, 1.406300000000000000e+04
5.337565027425014708e-02, 2.757000000000000000e+03
5.342206388318427451e-02, 4.722400000000000000e+04
5.346847749211840889e-02, 3.665400000000000000e+04
5.351489110105253633e-02, 2.330600000000000000e+04
5.356130470998667070e-02, 2.250400000000000000e+04
5.360771831892079814e-02, 1.900400000000000000e+04
5.365413192785492558e-02, 1.917300000000000000e+04
5.370054553678905995e-02, 2.540500000000000000e+04
5.374695914572318739e-02, 3.217800000000000000e+04
5.379337275465732177e-02, 4.590700000000000000e+04
5.383978636359144920e-02, 5.960800000000000000e+04
5.388619997252558358e-02, 4.239000000000000000e+03
5.393261358145971102e-02, 1.936900000000000000e+04
5.397902719039384539e-02, 3.243100000000000000e+04
5.402544079932797283e-02, 3.974100000000000000e+04
5.407185440826210027e-02, 5.234100000000000000e+04
5.411826801719623464e-02, 5.117600000000000000e+04
5.416468162613036208e-02, 4.660500000000000000e+04
5.421109523506449646e-02, 3.948800000000000000e+04
5.425750884399862389e-02, 3.030600000000000000e+04
5.430392245293275827e-02, 1.468800000000000000e+04
5.435033606186688571e-02, 1.633000000000000000e+03
5.439674967080102008e-02, 5.499300000000000000e+04
5.444316327973514752e-02, 4.184000000000000000e+04
5.448957688866928190e-02, 3.061400000000000000e+04
5.453599049760340933e-02, 2.600900000000000000e+04
5.458240410653753677e-02, 1.939000000000000000e+04
5.462881771547167115e-02, 1.877700000000000000e+04
5.467523132440579858e-02, 2.310500000000000000e+04
5.472164493333993296e-02, 2.889900000000000000e+04
5.476805854227406040e-02, 3.663900000000000000e+04
5.481447215120819477e-02, 5.119800000000000000e+04
5.486088576014232221e-02, 9.900000000000000000e+02
5.490729936907645659e-02, 1.724800000000000000e+04
5.495371297801058402e-02, 2.657500000000000000e+04
5.500012658694471146e-02, 3.952800000000000000e+04
5.504654019587884584e-02, 4.115000000000000000e+04
5.509295380481297327e-02, 5.307500000000000000e+04
5.513936741374710765e-02, 4.715900000000000000e+04
5.518578102268123509e-02, 4.392700000000000000e+04
5.523219463161536946e-02, 3.654800000000000000e+04
5.527860824054949690e-02, 1.965300000000000000e+04
5.532502184948363128e-02, 1.334900000000000000e+04
5.537143545841775871e-02, 6.400400000000000000e+04
5.541784906735189309e-02, 4.673400000000000000e+04
5.546426267628602053e-02, 3.587600000000000000e+04
5.551067628522014796e-02, 2.301600000000000000e+04
5.555708989415428234e-02, 2.063700000000000000e+04
5.560350350308840978e-02, 1.799000000000000000e+04
5.564991711202254415e-02, 1.789200000000000000e+04
5.569633072095667159e-02, 2.470300000000000000e+04
5.574274432989080597e-02, 3.307200000000000000e+04
5.578915793882493340e-02, 4.551100000000000000e+04
5.583557154775906778e-02, 5.720100000000000000e+04
5.588198515669319522e-02, 4.257000000000000000e+03
5.592839876562732265e-02, 2.185300000000000000e+04
5.597481237456145703e-02, 3.603200000000000000e+04
5.602122598349558447e-02, 4.240400000000000000e+04
5.606763959242971884e-02, 5.433300000000000000e+04
5.611405320136384628e-02, 4.886900000000000000e+04
5.616046681029798066e-02, 4.439000000000000000e+04
5.620688041923210809e-02, 3.869000000000000000e+04
5.625329402816624247e-02, 3.063400000000000000e+04
5.629970763710036991e-02, 1.557200000000000000e+04
5.634612124603450428e-02, 4.147000000000000000e+03
5.639253485496863172e-02, 5.160200000000000000e+04
5.643894846390275916e-02, 4.354100000000000000e+04
5.648536207283689353e-02, 2.758400000000000000e+04
5.653177568177102097e-02, 2.418800000000000000e+04
5.657818929070515535e-02, 1.723000000000000000e+04
5.662460289963928278e-02, 1.801300000000000000e+04
5.667101650857341716e-02, 2.636700000000000000e+04
5.671743011750754460e-02, 2.933000000000000000e+04
5.676384372644167897e-02, 3.917500000000000000e+04
5.681025733537580641e-02, 5.251000000000000000e+04
5.685667094430993385e-02, 1.566000000000000000e+03
5.690308455324406822e-02, 1.574300000000000000e+04
5.694949816217819566e-02, 2.502600000000000000e+04
5.699591177111233004e-02, 3.928700000000000000e+04
5.704232538004645747e-02, 4.022500000000000000e+04
5.708873898898059185e-02, 5.230600000000000000e+04
5.713515259791471929e-02, 4.453200000000000000e+04
5.718156620684885366e-02, 4.485200000000000000e+04
5.722797981578298110e-02, 3.511700000000000000e+04
5.727439342471711547e-02, 2.216700000000000000e+04
5.732080703365124291e-02, 1.042800000000000000e+04
5.736722064258537035e-02, 6.338600000000000000e+04
5.741363425151950473e-02, 4.962000000000000000e+04
5.746004786045363216e-02, 3.668200000000000000e+04
5.750646146938776654e-02, 2.587400000000000000e+04
5.755287507832189398e-02, 1.776600000000000000e+04
5.759928868725602835e-02, 1.595400000000000000e+04
5.764570229619015579e-02, 1.589200000000000000e+04
5.769211590512429016e-02, 2.199900000000000000e+04
5.773852951405841760e-02, 3.061900000000000000e+04
5.778494312299254504e-02, 4.759300000000000000e+04
5.783135673192667942e-02, 6.068800000000000000e+04
5.787777034086080685e-02, 6.874000000000000000e+03
5.792418394979494123e-02, 1.896000000000000000e+04
5.797059755872906867e-02, 3.367300000000000000e+04
5.801701116766320304e-02, 3.885200000000000000e+04
5.806342477659733048e-02, 5.004600000000000000e+04
5.810983838553146485e-02, 4.378900000000000000e+04
5.815625199446559229e-02, 4.533200000000000000e+04
5.820266560339972667e-02, 4.057500000000000000e+04
5.824907921233385411e-02, 2.805600000000000000e+04
5.829549282126798154e-02, 2.040100000000000000e+04
5.834190643020211592e-02, 6.506800000000000000e+04
5.838832003913624336e-02, 5.143000000000000000e+04
5.843473364807037773e-02, 4.180600000000000000e+04
5.848114725700450517e-02, 2.619200000000000000e+04
5.852756086593863954e-02, 2.120300000000000000e+04
5.857397447487276698e-02, 1.491700000000000000e+04
5.862038808380690136e-02, 1.455500000000000000e+04
5.866680169274102880e-02, 2.583900000000000000e+04
5.871321530167516317e-02, 2.830700000000000000e+04
5.875962891060929061e-02, 3.969800000000000000e+04
5.880604251954341805e-02, 5.600500000000000000e+04
5.885245612847755242e-02, 6.170000000000000000e+04
5.889886973741167986e-02, 1.888200000000000000e+04
5.894528334634581423e-02, 2.753500000000000000e+04
5.899169695527994167e-02, 4.117900000000000000e+04
5.903811056421407605e-02, 4.213100000000000000e+04
5.908452417314820349e-02, 4.777800000000000000e+04
5.913093778208233786e-02, 4.519300000000000000e+04
5.917735139101646530e-02, 4.020500000000000000e+04
5.922376499995059274e-02, 3.446800000000000000e+04
5.927017860888472711e-02, 2.400100000000000000e+04
5.931659221781885455e-02, 9.449000000000000000e+03
5.936300582675298892e-02, 6.119200000000000000e+04
5.940941943568711636e-02, 4.830800000000000000e+04
5.945583304462125074e-02, 3.425400000000000000e+04
5.950224665355537818e-02, 2.507200000000000000e+04
5.954866026248951255e-02, 1.482200000000000000e+04
5.959507387142363999e-02, 1.323500000000000000e+04
5.964148748035777436e-02, 1.411300000000000000e+04
5.968790108929190180e-02, 2.503600000000000000e+04
5.973431469822602924e-02, 3.280500000000000000e+04
5.978072830716016361e-02, 4.879600000000000000e+04
5.982714191609429105e-02, 6.327500000000000000e+04
5.987355552502842543e-02, 7.391000000000000000e+03
5.991996913396255287e-02, 2.217300000000000000e+04
5.996638274289668724e-02, 3.475000000000000000e+04
6.001279635183081468e-02, 3.810900000000000000e+04
6.005920996076494905e-02, 4.780800000000000000e+04
6.010562356969907649e-02, 4.538300000000000000e+04
6.015203717863320393e-02, 4.794400000000000000e+04
6.019845078756733830e-02, 4.204600000000000000e+04
6.024486439650146574e-02, 2.739900000000000000e+04
6.029127800543560012e-02, 1.803800000000000000e+04
6.033769161436972756e-02, 8.900000000000000000e+01
6.038410522330386193e-02, 4.805500000000000000e+04
6.043051883223798937e-02, 3.807500000000000000e+04
6.047693244117212374e-02, 2.944700000000000000e+04
6.052334605010625118e-02, 1.743400000000000000e+04
6.056975965904038556e-02, 1.252600000000000000e+04
6.061617326797451299e-02, 1.229100000000000000e+04
6.066258687690864043e-02, 2.333800000000000000e+04
6.070900048584277481e-02, 3.111100000000000000e+04
6.075541409477690225e-02, 3.971100000000000000e+04
6.080182770371103662e-02, 5.425400000000000000e+04
6.084824131264516406e-02, 6.463000000000000000e+04
6.089465492157929843e-02, 1.883900000000000000e+04
6.094106853051342587e-02, 3.038300000000000000e+04
6.098748213944756025e-02, 4.262100000000000000e+04
6.103389574838168768e-02, 4.479600000000000000e+04
6.108030935731581512e-02, 4.678200000000000000e+04
6.112672296624994950e-02, 4.716300000000000000e+04
6.117313657518407694e-02, 4.018200000000000000e+04
6.121955018411821131e-02, 3.036400000000000000e+04
6.126596379305233875e-02, 2.322800000000000000e+04
6.131237740198647312e-02, 3.701000000000000000e+03
6.135879101092060056e-02, 6.099300000000000000e+04
6.140520461985473494e-02, 4.441700000000000000e+04
6.145161822878886237e-02, 2.961000000000000000e+04
6.149803183772299675e-02, 2.266200000000000000e+04
6.154444544665712419e-02, 1.509500000000000000e+04
6.159085905559125163e-02, 1.385100000000000000e+04
6.163727266452538600e-02, 1.931300000000000000e+04
6.168368627345951344e-02, 2.661100000000000000e+04
6.173009988239364781e-02, 3.356000000000000000e+04
6.177651349132777525e-02, 5.036900000000000000e+04
6.182292710026190963e-02, 6.030500000000000000e+04
6.186934070919603706e-02, 1.188700000000000000e+04
6.191575431813017144e-02, 2.067000000000000000e+04
6.196216792706429888e-02, 3.715100000000000000e+04
6.200858153599842632e-02, 4.024400000000000000e+04
6.205499514493256069e-02, 4.806500000000000000e+04
6.210140875386668813e-02, 4.700500000000000000e+04
6.214782236280082250e-02, 4.591800000000000000e+04
6.219423597173494994e-02, 3.805400000000000000e+04
6.224064958066908432e-02, 2.726300000000000000e+04
6.228706318960321175e-02, 1.327300000000000000e+04
6.233347679853734613e-02, 1.715000000000000000e+03
6.237989040747147357e-02, 4.881900000000000000e+04
6.242630401640560794e-02, 4.022900000000000000e+04
6.247271762533973538e-02, 2.816100000000000000e+04
6.251913123427386976e-02, 2.168900000000000000e+04
6.256554484320799026e-02, 1.721300000000000000e+04
6.261195845214212463e-02, 1.603100000000000000e+04
6.265837206107625901e-02, 2.082900000000000000e+04
6.270478567001039338e-02, 3.116400000000000000e+04
6.275119927894451388e-02, 4.229800000000000000e+04
6.279761288787864826e-02, 5.438100000000000000e+04
6.284402649681278263e-02, 5.305000000000000000e+03
6.289044010574691701e-02, 2.044300000000000000e+04
6.293685371468103751e-02, 2.823900000000000000e+04
6.298326732361517188e-02, 3.809100000000000000e+04
6.302968093254930626e-02, 4.775700000000000000e+04
6.307609454148342676e-02, 4.792100000000000000e+04
6.312250815041756113e-02, 4.998100000000000000e+04
6.316892175935169551e-02, 4.226300000000000000e+04
6.321533536828582989e-02, 3.182500000000000000e+04
6.326174897721995039e-02, 1.915900000000000000e+04
6.330816258615408476e-02, 2.102000000000000000e+03
6.335457619508821914e-02, 5.623100000000000000e+04
6.340098980402233964e-02, 4.471700000000000000e+04
6.344740341295647401e-02, 3.122800000000000000e+04
6.349381702189060839e-02, 2.515700000000000000e+04
6.354023063082474276e-02, 1.909900000000000000e+04
6.358664423975886326e-02, 1.827200000000000000e+04
6.363305784869299764e-02, 2.059200000000000000e+04
6.367947145762713201e-02, 2.514600000000000000e+04
6.372588506656126639e-02, 3.380300000000000000e+04
6.377229867549538689e-02, 4.923000000000000000e+04
6.381871228442952126e-02, 6.329500000000000000e+04
6.386512589336365564e-02, 1.168600000000000000e+04
6.391153950229777614e-02, 2.187100000000000000e+04
6.395795311123191051e-02, 4.081100000000000000e+04
6.400436672016604489e-02, 4.321400000000000000e+04
6.405078032910017927e-02, 4.977500000000000000e+04
6.409719393803429976e-02, 4.949100000000000000e+04
6.414360754696843414e-02, 4.287400000000000000e+04
6.419002115590256852e-02, 3.845600000000000000e+04
6.423643476483670289e-02, 2.436300000000000000e+04
6.428284837377082339e-02, 1.520300000000000000e+04
6.432926198270495777e-02, 2.761000000000000000e+03
6.437567559163909214e-02, 4.592300000000000000e+04
6.442208920057321264e-02, 3.793600000000000000e+04
6.446850280950734702e-02, 2.477000000000000000e+04
6.451491641844148139e-02, 2.293300000000000000e+04
6.456133002737561577e-02, 1.926600000000000000e+04
6.460774363630973627e-02, 1.911400000000000000e+04
6.465415724524387064e-02, 2.411400000000000000e+04
6.470057085417800502e-02, 2.979600000000000000e+04
6.474698446311213940e-02, 4.642200000000000000e+04
6.479339807204625989e-02, 5.938800000000000000e+04
6.483981168098039427e-02, 5.463000000000000000e+03
6.488622528991452865e-02, 1.924900000000000000e+04
6.493263889884864914e-02, 3.022600000000000000e+04
6.497905250778278352e-02, 3.896600000000000000e+04
6.502546611671691790e-02, 4.882600000000000000e+04
6.507187972565105227e-02, 4.976900000000000000e+04
6.511829333458517277e-02, 4.793200000000000000e+04
6.516470694351930715e-02, 4.097400000000000000e+04
6.521112055245344152e-02, 3.299800000000000000e+04
6.525753416138756202e-02, 1.708400000000000000e+04
6.530394777032169640e-02, 3.898000000000000000e+03
6.535036137925583077e-02, 5.634400000000000000e+04
6.539677498818996515e-02, 4.518900000000000000e+04
6.544318859712408565e-02, 3.179500000000000000e+04
6.548960220605822002e-02, 2.680500000000000000e+04
6.553601581499235440e-02, 1.984300000000000000e+04
6.558242942392648878e-02, 1.889300000000000000e+04
6.562884303286060927e-02, 2.019400000000000000e+04
6.567525664179474365e-02, 2.841100000000000000e+04
6.572167025072887803e-02, 3.712500000000000000e+04
6.576808385966299852e-02, 5.196800000000000000e+04
6.581449746859713290e-02, 1.000000000000000000e+02
6.586091107753126728e-02, 1.540500000000000000e+04
6.590732468646540165e-02, 2.591000000000000000e+04
6.595373829539952215e-02, 4.249400000000000000e+04
6.600015190433365653e-02, 4.369700000000000000e+04
6.604656551326779090e-02, 5.180500000000000000e+04
6.609297912220192528e-02, 4.934100000000000000e+04
6.613939273113604578e-02, 4.340500000000000000e+04
6.618580634007018015e-02, 3.927700000000000000e+04
6.623221994900431453e-02, 2.004800000000000000e+04
6.627863355793843503e-02, 1.281200000000000000e+04
6.632504716687256940e-02, 3.120000000000000000e+03
6.637146077580670378e-02, 4.699700000000000000e+04
6.641787438474083816e-02, 3.461000000000000000e+04
6.646428799367495865e-02, 2.172500000000000000e+04
6.651070160260909303e-02, 2.456500000000000000e+04
6.655711521154322741e-02, 1.909600000000000000e+04
6.660352882047736178e-02, 1.876800000000000000e+04
6.664994242941148228e-02, 2.527900000000000000e+04
6.669635603834561666e-02, 3.226400000000000000e+04
6.674276964727975103e-02, 4.594500000000000000e+04
6.678918325621387153e-02, 5.839800000000000000e+04
6.683559686514800591e-02, 3.283000000000000000e+03
6.688201047408214028e-02, 1.840800000000000000e+04
6.692842408301627466e-02, 3.372100000000000000e+04
6.697483769195039516e-02, 4.115500000000000000e+04
6.702125130088452953e-02, 5.385700000000000000e+04
6.706766490981866391e-02, 5.200200000000000000e+04
6.711407851875278441e-02, 4.475000000000000000e+04
6.716049212768691878e-02, 3.850400000000000000e+04
6.720690573662105316e-02, 3.002500000000000000e+04
6.725331934555518754e-02, 1.466600000000000000e+04
6.729973295448930803e-02, 4.580000000000000000e+03
6.734614656342344241e-02, 5.230800000000000000e+04
6.739256017235757679e-02, 4.308800000000000000e+04
6.743897378129171116e-02, 2.892600000000000000e+04
6.748538739022583166e-02, 2.553200000000000000e+04
6.753180099915996604e-02, 1.845600000000000000e+04
6.757821460809410041e-02, 1.790500000000000000e+04
6.762462821702822091e-02, 2.559400000000000000e+04
6.767104182596235529e-02, 2.982300000000000000e+04
6.771745543489648966e-02, 3.673200000000000000e+04
6.776386904383062404e-02, 5.296900000000000000e+04
6.781028265276474454e-02, 2.208000000000000000e+03
6.785669626169887891e-02, 1.489400000000000000e+04
6.790310987063301329e-02, 2.507400000000000000e+04
6.794952347956714767e-02, 3.881600000000000000e+04
6.799593708850126816e-02, 4.021100000000000000e+04
6.804235069743540254e-02, 5.402900000000000000e+04
6.808876430636953692e-02, 4.521000000000000000e+04
6.813517791530365741e-02, 4.523300000000000000e+04
6.818159152423779179e-02, 3.521400000000000000e+04
6.822800513317192617e-02, 1.974700000000000000e+04
6.827441874210606054e-02, 1.206900000000000000e+04
6.832083235104018104e-02, 6.274300000000000000e+04
6.836724595997431542e-02, 4.800600000000000000e+04
6.841365956890844979e-02, 3.645800000000000000e+04
6.846007317784258417e-02, 2.502100000000000000e+04
6.850648678677670467e-02, 1.913400000000000000e+04
6.855290039571083904e-02, 1.682900000000000000e+04
6.859931400464497342e-02, 1.800200000000000000e+04
6.864572761357909392e-02, 2.358200000000000000e+04
6.869214122251322829e-02, 3.208300000000000000e+04
6.873855483144736267e-02, 4.731000000000000000e+04
6.878496844038149705e-02, 5.758500000000000000e+04
6.883138204931561754e-02, 6.261000000000000000e+03
6.887779565824975192e-02, 2.062700000000000000e+04
6.892420926718388630e-02, 3.469000000000000000e+04
6.897062287611800679e-02, 4.151700000000000000e+04
6.901703648505214117e-02, 5.329100000000000000e+04
6.906345009398627555e-02, 4.634700000000000000e+04
6.910986370292040992e-02, 4.482400000000000000e+04
6.915627731185453042e-02, 3.951400000000000000e+04
6.920269092078866480e-02, 3.053300000000000000e+04
6.924910452972279917e-02, 1.786600000000000000e+04
6.929551813865693355e-02, 1.834000000000000000e+03
6.934193174759105405e-02, 5.273400000000000000e+04
6.938834535652518842e-02, 4.343300000000000000e+04
6.943475896545932280e-02, 2.592900000000000000e+04
6.948117257439344330e-02, 2.246300000000000000e+04
6.952758618332757767e-02, 1.610100000000000000e+04
6.957399979226171205e-02, 1.589400000000000000e+04
6.962041340119584643e-02, 2.644800000000000000e+04
6.966682701012996692e-02, 2.799100000000000000e+04
6.971324061906410130e-02, 3.949400000000000000e+04
6.975965422799823568e-02, 5.417800000000000000e+04
6.980606783693237005e-02, 6.466400000000000000e+04
6.985248144586649055e-02, 1.766400000000000000e+04
6.989889505480062493e-02, 2.622000000000000000e+04
6.994530866373475930e-02, 3.982400000000000000e+04
6.999172227266887980e-02, 4.088200000000000000e+04
7.003813588160301418e-02, 4.903600000000000000e+04
7.008454949053714855e-02, 4.495900000000000000e+04
7.013096309947128293e-02, 4.186300000000000000e+04
7.017737670840540343e-02, 3.529600000000000000e+04
7.022379031733953780e-02, 2.427600000000000000e+04
7.027020392627367218e-02, 1.123600000000000000e+04
7.031661753520780656e-02, 6.134000000000000000e+04
7.036303114414192705e-02, 5.002400000000000000e+04
7.040944475307606143e-02, 3.551400000000000000e+04
7.045585836201019581e-02, 2.744700000000000000e+04
7.050227197094431630e-02, 1.651400000000000000e+04
7.054868557987845068e-02, 1.461100000000000000e+04
7.059509918881258506e-02, 1.454600000000000000e+04
7.064151279774671943e-02, 2.193300000000000000e+04
7.068792640668083993e-02, 3.051800000000000000e+04
7.073434001561497431e-02, 4.815400000000000000e+04
7.078075362454910868e-02, 6.325700000000000000e+04
7.082716723348324306e-02, 7.581000000000000000e+03
7.087358084241736356e-02, 2.050800000000000000e+04
7.091999445135149793e-02, 3.349500000000000000e+04
7.096640806028563231e-02, 3.798600000000000000e+04
7.101282166921975281e-02, 4.910000000000000000e+04
7.105923527815388718e-02, 4.505300000000000000e+04
7.110564888708802156e-02, 4.656800000000000000e+04
7.115206249602215594e-02, 4.224300000000000000e+04
7.119847610495627643e-02, 2.796000000000000000e+04
7.124488971389041081e-02, 2.038700000000000000e+04
7.129130332282454519e-02, 6.362700000000000000e+04
7.133771693175866568e-02, 4.932800000000000000e+04
7.138413054069280006e-02, 4.210900000000000000e+04
7.143054414962693444e-02, 2.898700000000000000e+04
7.147695775856106881e-02, 1.932700000000000000e+04
7.152337136749518931e-02, 1.349800000000000000e+04
7.156978497642932369e-02, 1.318900000000000000e+04
7.161619858536345806e-02, 2.485000000000000000e+04
7.166261219429759244e-02, 3.086000000000000000e+04
7.170902580323171294e-02, 3.882200000000000000e+04
7.175543941216584731e-02, 5.469400000000000000e+04
7.180185302109998169e-02, 6.255500000000000000e+04
7.184826663003410219e-02, 1.809400000000000000e+04
7.189468023896823656e-02, 2.994200000000000000e+04
7.194109384790237094e-02, 3.975600000000000000e+04
7.198750745683650532e-02, 4.292700000000000000e+04
7.203392106577062581e-02, 4.682400000000000000e+04
7.208033467470476019e-02, 4.623600000000000000e+04
7.212674828363889457e-02, 4.039700000000000000e+04
7.217316189257302894e-02, 3.117700000000000000e+04
7.221957550150714944e-02, 2.273600000000000000e+04
7.226598911044128382e-02, 6.330000000000000000e+03
7.231240271937541819e-02, 6.030400000000000000e+04
7.235881632830953869e-02, 4.717000000000000000e+04
7.240522993724367307e-02, 3.210100000000000000e+04
7.245164354617780744e-02, 2.379300000000000000e+04
7.249805715511194182e-02, 1.326500000000000000e+04
7.254447076404606232e-02, 1.230100000000000000e+04
7.259088437298019669e-02, 1.679500000000000000e+04
7.263729798191433107e-02, 2.649600000000000000e+04
7.268371159084846544e-02, 3.280600000000000000e+04
7.273012519978258594e-02, 5.105800000000000000e+04
7.277653880871672032e-02, 6.180300000000000000e+04
7.282295241765085470e-02, 9.886000000000000000e+03
7.286936602658497519e-02, 2.321500000000000000e+04
7.291577963551910957e-02, 3.543500000000000000e+04
7.296219324445324395e-02, 3.887400000000000000e+04
7.300860685338737832e-02, 4.770900000000000000e+04
7.305502046232149882e-02, 4.624100000000000000e+04
7.310143407125563320e-02, 4.847900000000000000e+04
7.314784768018976757e-02, 3.940200000000000000e+04
7.319426128912388807e-02, 2.816300000000000000e+04
7.324067489805802245e-02, 1.388000000000000000e+04
7.328708850699215682e-02, 6.840000000000000000e+02
7.333350211592629120e-02, 4.861400000000000000e+04
7.337991572486041170e-02, 3.905900000000000000e+04
7.342632933379454607e-02, 2.891800000000000000e+04
7.347274294272868045e-02, 1.891900000000000000e+04
7.351915655166281482e-02, 1.404900000000000000e+04
7.356557016059693532e-02, 1.381700000000000000e+04
7.361198376953106970e-02, 2.156400000000000000e+04
7.365839737846520408e-02, 3.195600000000000000e+04
7.370481098739932457e-02, 4.174100000000000000e+04
7.375122459633345895e-02, 5.295000000000000000e+04
7.379763820526759333e-02, 2.503000000000000000e+03
7.384405181420172770e-02, 1.865800000000000000e+04
7.389046542313584820e-02, 2.862100000000000000e+04
7.393687903206998258e-02, 4.000700000000000000e+04
7.398329264100411695e-02, 4.658400000000000000e+04
7.402970624993825133e-02, 4.714700000000000000e+04
7.407611985887237183e-02, 4.849700000000000000e+04
7.412253346780650620e-02, 4.117600000000000000e+04
7.416894707674064058e-02, 3.092600000000000000e+04
7.421536068567476108e-02, 2.085600000000000000e+04
7.426177429460889545e-02, 1.481000000000000000e+03
7.430818790354302983e-02, 5.849400000000000000e+04
7.435460151247716420e-02, 4.392200000000000000e+04
7.440101512141128470e-02, 2.911900000000000000e+04
7.444742873034541908e-02, 2.247600000000000000e+04
7.449384233927955346e-02, 1.811600000000000000e+04
7.454025594821368783e-02, 1.704200000000000000e+04
7.458666955714780833e-02, 2.006600000000000000e+04
7.463308316608194271e-02, 2.626600000000000000e+04
7.467949677501607708e-02, 3.301600000000000000e+04
7.472591038395019758e-02, 4.880700000000000000e+04
7.477232399288433196e-02, 6.040800000000000000e+04
7.481873760181846633e-02, 1.136400000000000000e+04
7.486515121075260071e-02, 2.053200000000000000e+04
7.491156481968672121e-02, 3.928500000000000000e+04
7.495797842862085558e-02, 4.158100000000000000e+04
7.500439203755498996e-02, 4.874800000000000000e+04
7.505080564648911046e-02, 4.831800000000000000e+04
7.509721925542324483e-02, 4.359300000000000000e+04
7.514363286435737921e-02, 3.698300000000000000e+04
7.519004647329151358e-02, 2.500700000000000000e+04
7.523646008222563408e-02, 1.342600000000000000e+04
7.528287369115976846e-02, 1.622000000000000000e+03
7.532928730009390283e-02, 4.750100000000000000e+04
7.537570090902803721e-02, 3.936300000000000000e+04
7.542211451796215771e-02, 2.656000000000000000e+04
7.546852812689629209e-02, 2.282200000000000000e+04
7.551494173583042646e-02, 1.832100000000000000e+04
7.556135534476454696e-02, 1.824700000000000000e+04
7.560776895369868134e-02, 2.294400000000000000e+04
7.565418256263281571e-02, 2.961700000000000000e+04
7.570059617156695009e-02, 4.343900000000000000e+04
7.574700978050107059e-02, 5.658000000000000000e+04
7.579342338943520496e-02, 7.064000000000000000e+03
7.583983699836933934e-02, 2.037200000000000000e+04
7.588625060730347371e-02, 2.767500000000000000e+04
7.593266421623759421e-02, 3.840600000000000000e+04
7.597907782517172859e-02, 4.956100000000000000e+04
7.602549143410586296e-02, 4.902900000000000000e+04
7.607190504303998346e-02, 5.067100000000000000e+04
7.611831865197411784e-02, 4.320600000000000000e+04
7.616473226090825221e-02, 3.316600000000000000e+04
7.621114586984238659e-02, 1.855900000000000000e+04
7.625755947877650709e-02, 4.294000000000000000e+03
7.630397308771064147e-02, 5.685400000000000000e+04
7.635038669664477584e-02, 4.444100000000000000e+04
7.639680030557891022e-02, 3.193400000000000000e+04
7.644321391451303072e-02, 2.594400000000000000e+04
7.648962752344716509e-02, 1.995800000000000000e+04
7.653604113238129947e-02, 1.913500000000000000e+04
7.658245474131541997e-02, 2.023400000000000000e+04
7.662886835024955434e-02, 2.514300000000000000e+04
7.667528195918368872e-02, 3.660500000000000000e+04
7.672169556811782309e-02, 5.041200000000000000e+04
7.676810917705194359e-02, 4.700000000000000000e+01
7.681452278598607797e-02, 1.166600000000000000e+04
7.686093639492021234e-02, 2.320500000000000000e+04
7.690735000385433284e-02, 4.255600000000000000e+04
7.695376361278846722e-02, 4.464900000000000000e+04
7.700017722172260159e-02, 5.072900000000000000e+04
7.704659083065673597e-02, 5.072200000000000000e+04
7.709300443959085647e-02, 4.267100000000000000e+04
7.713941804852499085e-02, 3.967400000000000000e+04
7.718583165745912522e-02, 2.339500000000000000e+04
7.723224526639325960e-02, 1.409900000000000000e+04
7.727865887532738010e-02, 2.758000000000000000e+03
7.732507248426151447e-02, 4.588500000000000000e+04
7.737148609319564885e-02, 3.562100000000000000e+04
7.741789970212976935e-02, 2.324800000000000000e+04
7.746431331106390372e-02, 2.250200000000000000e+04
7.751072691999803810e-02, 1.923700000000000000e+04
7.755714052893217247e-02, 1.887500000000000000e+04
7.760355413786629297e-02, 2.539100000000000000e+04
7.764996774680042735e-02, 3.217800000000000000e+04
7.769638135573456172e-02, 4.671100000000000000e+04
7.774279496466869610e-02, 5.835000000000000000e+04
7.778920857360281660e-02, 4.143000000000000000e+03
7.783562218253695097e-02, 1.936600000000000000e+04
7.788203579147108535e-02, 3.234000000000000000e+04
7.792844940040520585e-02, 4.023000000000000000e+04
7.797486300933934023e-02, 5.236900000000000000e+04
7.802127661827347460e-02, 5.117600000000000000e+04
7.806769022720760898e-02, 4.552200000000000000e+04
7.811410383614172948e-02, 4.006900000000000000e+04
7.816051744507586385e-02, 3.035300000000000000e+04
7.820693105400999823e-02, 1.468900000000000000e+04
7.825334466294413260e-02, 3.466000000000000000e+03
7.829975827187825310e-02, 5.363600000000000000e+04
7.834617188081238748e-02, 4.172700000000000000e+04
7.839258548974652185e-02, 3.061000000000000000e+04
7.843899909868064235e-02, 2.632800000000000000e+04
7.848541270761477673e-02, 2.220900000000000000e+04
7.853182631654891110e-02, 1.900200000000000000e+04
7.857823992548304548e-02, 2.311100000000000000e+04
7.862465353441716598e-02, 2.981900000000000000e+04
7.867106714335130035e-02, 3.891700000000000000e+04
7.871748075228543473e-02, 5.144000000000000000e+04
7.876389436121955523e-02, 9.980000000000000000e+02
7.881030797015368961e-02, 1.589800000000000000e+04
7.885672157908782398e-02, 2.746700000000000000e+04
7.890313518802195836e-02, 3.963100000000000000e+04
7.894954879695607886e-02, 4.115300000000000000e+04
7.899596240589021323e-02, 5.307500000000000000e+04
7.904237601482434761e-02, 4.536000000000000000e+04
7.908878962375848198e-02, 4.353800000000000000e+04
7.913520323269260248e-02, 3.653600000000000000e+04
7.918161684162673686e-02, 1.965200000000000000e+04
7.922803045056087123e-02, 1.359700000000000000e+04
7.927444405949499173e-02, 6.419900000000000000e+04
7.932085766842912611e-02, 4.674100000000000000e+04
7.936727127736326048e-02, 3.587600000000000000e+04
7.941368488629739486e-02, 2.364600000000000000e+04
7.946009849523151536e-02, 2.103700000000000000e+04
7.950651210416564973e-02, 1.800200000000000000e+04
7.955292571309978411e-02, 1.789200000000000000e+04
7.959933932203391849e-02, 2.441000000000000000e+04
7.964575293096803899e-02, 3.298600000000000000e+04
7.969216653990217336e-02, 4.550800000000000000e+04
7.973858014883630774e-02, 5.720100000000000000e+04
7.978499375777042824e-02, 4.562000000000000000e+03
7.983140736670456261e-02, 2.207400000000000000e+04
7.987782097563869699e-02, 3.603900000000000000e+04
7.992423458457283136e-02, 4.240400000000000000e+04
7.997064819350695186e-02, 5.473800000000000000e+04
8.001706180244108624e-02, 4.837200000000000000e+04
8.006347541137522061e-02, 4.437400000000000000e+04
8.010988902030935499e-02, 3.869000000000000000e+04
8.015630262924347549e-02, 3.093500000000000000e+04
8.020271623817760986e-02, 1.581700000000000000e+04
8.024912984711174424e-02, 4.155000000000000000e+03
8.029554345604586474e-02, 5.160200000000000000e+04
8.034195706497999911e-02, 4.383700000000000000e+04
8.038837067391413349e-02, 2.740200000000000000e+04
8.043478428284826787e-02, 2.418200000000000000e+04
8.048119789178238837e-02, 1.723000000000000000e+04
8.052761150071652274e-02, 1.675800000000000000e+04
8.057402510965065712e-02, 2.718800000000000000e+04
8.062043871858477762e-02, 2.936000000000000000e+04
8.066685232751891199e-02, 3.917600000000000000e+04
8.071326593645304637e-02, 5.304200000000000000e+04
8.075967954538718074e-02, 2.203000000000000000e+03
8.080609315432130124e-02, 1.576600000000000000e+04
8.085250676325543562e-02, 2.502700000000000000e+04
8.089892037218956999e-02, 3.916300000000000000e+04
8.094533398112370437e-02, 4.048200000000000000e+04
8.099174759005782487e-02, 5.231600000000000000e+04
8.103816119899195924e-02, 4.453200000000000000e+04
8.108457480792609362e-02, 4.392700000000000000e+04
8.113098841686021412e-02, 3.527500000000000000e+04
8.117740202579434849e-02, 2.217200000000000000e+04
8.122381563472848287e-02, 1.042800000000000000e+04
8.127022924366261725e-02, 6.253700000000000000e+04
8.131664285259673774e-02, 5.030000000000000000e+04
8.136305646153087212e-02, 3.670800000000000000e+04
8.140947007046500650e-02, 2.587400000000000000e+04
8.145588367939914087e-02, 1.752900000000000000e+04
8.150229728833326137e-02, 1.575700000000000000e+04
8.154871089726739575e-02, 1.588400000000000000e+04
8.159512450620153012e-02, 2.199900000000000000e+04
8.164153811513565062e-02, 3.041500000000000000e+04
8.168795172406978500e-02, 4.719700000000000000e+04
8.173436533300391937e-02, 6.067200000000000000e+04
8.178077894193805375e-02, 6.874000000000000000e+03
8.182719255087217425e-02, 1.995500000000000000e+04
8.187360615980630862e-02, 3.259400000000000000e+04
8.192001976874044300e-02, 3.880700000000000000e+04
8.196643337767457738e-02, 5.004500000000000000e+04
8.201284698660869787e-02, 4.521800000000000000e+04
8.205926059554283225e-02, 4.573900000000000000e+04
8.210567420447696663e-02, 4.059300000000000000e+04
8.215208781341108712e-02, 2.805700000000000000e+04
8.219850142234522150e-02, 2.039000000000000000e+04
8.224491503127935588e-02, 3.810000000000000000e+02
8.229132864021349025e-02, 5.147000000000000000e+04
8.233774224914761075e-02, 4.180700000000000000e+04
8.238415585808174513e-02, 2.766000000000000000e+04
8.243056946701587950e-02, 2.081500000000000000e+04
8.247698307595001388e-02, 1.489900000000000000e+04
8.252339668488413438e-02, 1.455500000000000000e+04
8.256981029381826875e-02, 2.570500000000000000e+04
8.261622390275240313e-02, 3.004300000000000000e+04
8.266263751168652363e-02, 3.977800000000000000e+04
8.270905112062065800e-02, 5.600700000000000000e+04
8.275546472955479238e-02, 6.246800000000000000e+04
8.280187833848892676e-02, 1.991900000000000000e+04
8.284829194742304725e-02, 2.758300000000000000e+04
8.289470555635718163e-02, 4.118100000000000000e+04
8.294111916529131601e-02, 4.210000000000000000e+04
8.298753277422543650e-02, 4.810000000000000000e+04
8.303394638315957088e-02, 4.521100000000000000e+04
8.308035999209370526e-02, 4.020500000000000000e+04
8.312677360102783963e-02, 3.269000000000000000e+04
8.317318720996196013e-02, 2.211600000000000000e+04
8.321960081889609451e-02, 9.347000000000000000e+03
8.326601442783022888e-02, 6.119000000000000000e+04
8.331242803676436326e-02, 4.876100000000000000e+04
8.335884164569848376e-02, 3.346400000000000000e+04
8.340525525463261813e-02, 2.502400000000000000e+04
8.345166886356675251e-02, 1.482100000000000000e+04
8.349808247250087301e-02, 1.323400000000000000e+04
8.354449608143500738e-02, 1.369400000000000000e+04
8.359090969036914176e-02, 2.500200000000000000e+04
8.363732329930327614e-02, 3.280400000000000000e+04
8.368373690823739663e-02, 5.058000000000000000e+04
8.373015051717153101e-02, 6.195000000000000000e+04
8.377656412610566539e-02, 7.285000000000000000e+03
8.382297773503979976e-02, 2.217000000000000000e+04
8.386939134397392026e-02, 3.433600000000000000e+04
8.391580495290805464e-02, 3.866600000000000000e+04
8.396221856184218901e-02, 4.784500000000000000e+04
8.400863217077630951e-02, 4.538400000000000000e+04
8.405504577971044389e-02, 4.794400000000000000e+04
8.410145938864457826e-02, 4.262400000000000000e+04
8.414787299757871264e-02, 2.745900000000000000e+04
8.419428660651283314e-02, 1.804000000000000000e+04
8.424070021544696751e-02, 6.475200000000000000e+04
8.428711382438110189e-02, 4.665100000000000000e+04
8.433352743331523627e-02, 3.798700000000000000e+04
8.437994104224935676e-02, 2.944400000000000000e+04
8.442635465118349114e-02, 1.794500000000000000e+04
8.447276826011762552e-02, 1.211600000000000000e+04
8.451918186905174601e-02, 1.226300000000000000e+04
8.456559547798588039e-02, 2.333700000000000000e+04
8.461200908692001477e-02, 3.203000000000000000e+04
8.465842269585414914e-02, 3.900300000000000000e+04
8.470483630478826964e-02, 5.413800000000000000e+04
8.475124991372240402e-02, 6.462600000000000000e+04
8.479766352265653839e-02, 1.775500000000000000e+04
8.484407713159065889e-02, 3.120700000000000000e+04
8.489049074052479327e-02, 4.271300000000000000e+04
8.493690434945892764e-02, 4.479800000000000000e+04
8.498331795839306202e-02, 4.678200000000000000e+04
8.502973156732718252e-02, 4.754200000000000000e+04
8.507614517626131689e-02, 4.023400000000000000e+04
8.512255878519545127e-02, 3.036500000000000000e+04
8.516897239412958565e-02, 2.271600000000000000e+04
8.521538600306370614e-02, 1.987000000000000000e+03
8.526179961199784052e-02, 6.077300000000000000e+04
8.530821322093197490e-02, 4.441100000000000000e+04
8.535462682986609539e-02, 2.961000000000000000e+04
8.540104043880022977e-02, 2.218600000000000000e+04
8.544745404773436415e-02, 1.502900000000000000e+04
8.549386765666849852e-02, 1.384900000000000000e+04
8.554028126560261902e-02, 1.931300000000000000e+04
8.558669487453675340e-02, 2.666600000000000000e+04
8.563310848347088777e-02, 3.345200000000000000e+04
8.567952209240502215e-02, 5.036500000000000000e+04
8.572593570133914265e-02, 6.030500000000000000e+04
8.577234931027327702e-02, 1.183100000000000000e+04
8.581876291920741140e-02, 2.031600000000000000e+04
8.586517652814153190e-02, 3.714000000000000000e+04
8.591159013707566627e-02, 4.024400000000000000e+04
8.595800374600980065e-02, 4.819400000000000000e+04
8.600441735494393503e-02, 4.706600000000000000e+04
8.605083096387805552e-02, 4.592000000000000000e+04
8.609724457281218990e-02, 3.805400000000000000e+04
8.614365818174632428e-02, 2.617500000000000000e+04
8.619007179068045865e-02, 1.280200000000000000e+04
8.623648539961457915e-02, 1.700000000000000000e+03
8.628289900854871353e-02, 4.881800000000000000e+04
8.632931261748284790e-02, 3.975900000000000000e+04
8.637572622641696840e-02, 2.797100000000000000e+04
8.642213983535110278e-02, 2.168300000000000000e+04
8.646855344428523715e-02, 1.721300000000000000e+04
8.651496705321937153e-02, 1.701300000000000000e+04
8.656138066215349203e-02, 2.071800000000000000e+04
8.660779427108762640e-02, 3.116000000000000000e+04
8.665420788002176078e-02, 4.229800000000000000e+04
8.670062148895588128e-02, 5.448300000000000000e+04
8.674703509789001565e-02, 5.869000000000000000e+03
8.679344870682415003e-02, 2.046400000000000000e+04
8.683986231575828441e-02, 2.823900000000000000e+04
8.688627592469240490e-02, 3.863000000000000000e+04
8.693268953362653928e-02, 4.692600000000000000e+04
8.697910314256067366e-02, 4.789100000000000000e+04
8.702551675149480803e-02, 4.998100000000000000e+04
8.707193036042892853e-02, 4.260800000000000000e+04
8.711834396936306291e-02, 3.201800000000000000e+04
8.716475757829719728e-02, 1.916600000000000000e+04
8.721117118723131778e-02, 2.102000000000000000e+03
8.725758479616545216e-02, 5.646200000000000000e+04
8.730399840509958653e-02, 4.427000000000000000e+04
8.735041201403372091e-02, 3.121100000000000000e+04
8.739682562296784141e-02, 2.515700000000000000e+04
8.744323923190197578e-02, 1.960400000000000000e+04
8.748965284083611016e-02, 1.817500000000000000e+04
8.753606644977024454e-02, 2.058900000000000000e+04
8.758248005870436503e-02, 2.514600000000000000e+04
8.762889366763849941e-02, 3.528700000000000000e+04
8.767530727657263379e-02, 5.028400000000000000e+04
8.772172088550675428e-02, 6.333700000000000000e+04
8.776813449444088866e-02, 1.168700000000000000e+04
8.781454810337502304e-02, 2.184100000000000000e+04
8.786096171230915741e-02, 3.963000000000000000e+04
8.790737532124327791e-02, 4.316500000000000000e+04
8.795378893017741229e-02, 4.977400000000000000e+04
8.800020253911154666e-02, 4.974400000000000000e+04
8.804661614804568104e-02, 4.304000000000000000e+04
8.809302975697980154e-02, 3.846200000000000000e+04
8.813944336591393591e-02, 2.436300000000000000e+04
8.818585697484807029e-02, 1.463600000000000000e+04
8.823227058378219079e-02, 3.638000000000000000e+03
8.827868419271632516e-02, 4.596200000000000000e+04
8.832509780165045954e-02, 3.793700000000000000e+04
8.837151141058459392e-02, 2.466300000000000000e+04
8.841792501951871441e-02, 2.247100000000000000e+04
8.846433862845284879e-02, 1.924200000000000000e+04
8.851075223738698317e-02, 1.911300000000000000e+04
8.855716584632110366e-02, 2.490600000000000000e+04
8.860357945525523804e-02, 3.147800000000000000e+04
8.864999306418937242e-02, 4.650000000000000000e+04
8.869640667312350679e-02, 5.939000000000000000e+04
8.874282028205762729e-02, 6.027000000000000000e+03
8.878923389099176167e-02, 2.008900000000000000e+04
8.883564749992589604e-02, 3.026200000000000000e+04
8.888206110886003042e-02, 3.896600000000000000e+04
8.892847471779415092e-02, 5.126300000000000000e+04
8.897488832672828529e-02, 5.005400000000000000e+04
8.902130193566241967e-02, 4.794200000000000000e+04
8.906771554459654017e-02, 4.097400000000000000e+04
8.911412915353067454e-02, 3.141800000000000000e+04
8.916054276246480892e-02, 1.793600000000000000e+04
8.920695637139894330e-02, 3.945000000000000000e+03
8.925336998033306379e-02, 5.634500000000000000e+04
8.929978358926719817e-02, 4.286200000000000000e+04
8.934619719820133255e-02, 3.090400000000000000e+04
8.939261080713546692e-02, 2.675400000000000000e+04
8.943902441606958742e-02, 1.984100000000000000e+04
8.948543802500372180e-02, 1.912600000000000000e+04
8.953185163393785617e-02, 1.989600000000000000e+04
8.957826524287197667e-02, 2.839700000000000000e+04
8.962467885180611105e-02, 3.712400000000000000e+04
8.967109246074024542e-02, 5.015300000000000000e+04
8.971750606967437980e-02, 6.401400000000000000e+04
8.976391967860850030e-02, 1.528800000000000000e+04
8.981033328754263467e-02, 2.590700000000000000e+04
8.985674689647676905e-02, 4.080600000000000000e+04
8.990316050541090342e-02, 4.429400000000000000e+04
8.994957411434502392e-02, 5.185100000000000000e+04
8.999598772327915830e-02, 4.934200000000000000e+04
9.004240133221329268e-02, 4.324700000000000000e+04
9.008881494114741317e-02, 3.671800000000000000e+04
9.013522855008154755e-02, 1.986000000000000000e+04
9.018164215901568193e-02, 1.280700000000000000e+04
9.022805576794981630e-02, 6.620000000000000000e+02
9.027446937688393680e-02, 4.886000000000000000e+04
9.032088298581807118e-02, 3.476700000000000000e+04
9.036729659475220555e-02, 2.173000000000000000e+04
9.041371020368632605e-02, 2.149700000000000000e+04
9.046012381262046043e-02, 2.168900000000000000e+04
9.050653742155459480e-02, 1.898700000000000000e+04
9.055295103048872918e-02, 2.528600000000000000e+04
9.059936463942284968e-02, 3.318400000000000000e+04
9.064577824835698405e-02, 4.806600000000000000e+04
9.069219185729111843e-02, 5.860900000000000000e+04
9.073860546622525280e-02, 3.289000000000000000e+03
9.078501907515937330e-02, 2.084200000000000000e+04
9.083143268409350768e-02, 3.480300000000000000e+04
9.087784629302764206e-02, 4.125300000000000000e+04
9.092425990196176255e-02, 5.386000000000000000e+04
9.097067351089589693e-02, 5.104200000000000000e+04
9.101708711983003131e-02, 4.450400000000000000e+04
9.106350072876416568e-02, 3.860300000000000000e+04
9.110991433769828618e-02, 3.002800000000000000e+04
9.115632794663242056e-02, 1.466600000000000000e+04
9.120274155556655493e-02, 5.096000000000000000e+03
9.124915516450068931e-02, 5.252600000000000000e+04
9.129556877343480981e-02, 4.309500000000000000e+04
9.134198238236894418e-02, 2.892600000000000000e+04
9.138839599130307856e-02, 2.519000000000000000e+04
9.143480960023719906e-02, 1.837100000000000000e+04
9.148122320917133343e-02, 1.790300000000000000e+04
9.152763681810546781e-02, 2.559400000000000000e+04
9.157405042703960218e-02, 2.985000000000000000e+04
9.162046403597372268e-02, 3.661500000000000000e+04
9.166687764490785706e-02, 5.296600000000000000e+04
9.171329125384199144e-02, 2.208000000000000000e+03
9.175970486277612581e-02, 1.518400000000000000e+04
9.180611847171024631e-02, 2.529900000000000000e+04
9.185253208064438069e-02, 3.882300000000000000e+04
9.189894568957851506e-02, 4.021100000000000000e+04
9.194535929851263556e-02, 5.381200000000000000e+04
9.199177290744676994e-02, 4.469900000000000000e+04
9.203818651638090431e-02, 4.521700000000000000e+04
9.208460012531503869e-02, 3.521300000000000000e+04
9.213101373424915919e-02, 2.080700000000000000e+04
9.217742734318329356e-02, 1.157200000000000000e+04
9.222384095211742794e-02, 6.272600000000000000e+04
9.227025456105154844e-02, 4.800600000000000000e+04
9.231666816998568281e-02, 3.686500000000000000e+04
9.236308177891981719e-02, 2.486500000000000000e+04
9.240949538785395156e-02, 1.912900000000000000e+04
9.245590899678807206e-02, 1.682900000000000000e+04
9.250232260572220644e-02, 1.674600000000000000e+04
9.254873621465634081e-02, 2.334600000000000000e+04
9.259514982359047519e-02, 3.207400000000000000e+04
9.264156343252459569e-02, 4.731000000000000000e+04
9.268797704145873007e-02, 5.867600000000000000e+04
9.273439065039286444e-02, 6.846000000000000000e+03
9.278080425932698494e-02, 2.064900000000000000e+04
9.282721786826111932e-02, 3.469000000000000000e+04
9.287363147719525369e-02, 4.029800000000000000e+04
9.292004508612938807e-02, 5.344400000000000000e+04
9.296645869506350857e-02, 4.635200000000000000e+04
9.301287230399764294e-02, 4.482400000000000000e+04
9.305928591293177732e-02, 3.964900000000000000e+04
9.310569952186591169e-02, 3.076300000000000000e+04
9.315211313080003219e-02, 1.787400000000000000e+04
9.319852673973416657e-02, 1.835000000000000000e+03
9.324494034866830094e-02, 5.211700000000000000e+04
9.329135395760242144e-02, 4.303700000000000000e+04
9.333776756653655582e-02, 2.591500000000000000e+04
9.338418117547069019e-02, 2.246300000000000000e+04
9.343059478440482457e-02, 1.586300000000000000e+04
9.347700839333894507e-02, 1.569700000000000000e+04
9.352342200227307945e-02, 2.644100000000000000e+04
9.356983561120721382e-02, 2.799100000000000000e+04
9.361624922014134820e-02, 4.001200000000000000e+04
9.366266282907546870e-02, 5.368600000000000000e+04
9.370907643800960307e-02, 6.464400000000000000e+04
9.375549004694373745e-02, 1.766300000000000000e+04
9.380190365587785795e-02, 2.624300000000000000e+04
9.384831726481199232e-02, 4.009600000000000000e+04
9.389473087374612670e-02, 4.089200000000000000e+04
9.394114448268026107e-02, 4.903700000000000000e+04
9.398755809161438157e-02, 4.472500000000000000e+04
9.403397170054851595e-02, 4.213300000000000000e+04
9.408038530948265032e-02, 3.530800000000000000e+04
9.412679891841678470e-02, 2.427600000000000000e+04
9.417321252735090520e-02, 1.049800000000000000e+04
9.421962613628503957e-02, 6.040600000000000000e+04
9.426603974521917395e-02, 4.998500000000000000e+04
9.431245335415329445e-02, 3.551300000000000000e+04
9.435886696308742883e-02, 2.564500000000000000e+04
9.440528057202156320e-02, 1.617100000000000000e+04
9.445169418095569758e-02, 1.459900000000000000e+04
9.449810778988981808e-02, 1.454600000000000000e+04
9.454452139882395245e-02, 2.308500000000000000e+04
9.459093500775808683e-02, 3.216900000000000000e+04
9.463734861669220733e-02, 4.823000000000000000e+04
9.468376222562634170e-02, 6.325900000000000000e+04
9.473017583456047608e-02, 6.510000000000000000e+03
9.477658944349461045e-02, 1.901400000000000000e+04
9.482300305242873095e-02, 3.342400000000000000e+04
9.486941666136286533e-02, 3.798500000000000000e+04
9.491583027029699970e-02, 4.832800000000000000e+04
9.496224387923113408e-02, 4.540000000000000000e+04
9.500865748816525458e-02, 4.658600000000000000e+04
9.505507109709938895e-02, 4.224400000000000000e+04
9.510148470603352333e-02, 2.714700000000000000e+04
9.514789831496764383e-02, 1.863300000000000000e+04
9.519431192390177821e-02, 6.353400000000000000e+04
9.524072553283591258e-02, 4.932500000000000000e+04
9.528713914177004696e-02, 3.942000000000000000e+04
9.533355275070416746e-02, 3.098200000000000000e+04
9.537996635963830183e-02, 1.944400000000000000e+04
9.542637996857243621e-02, 1.350100000000000000e+04
9.547279357750657058e-02, 1.318900000000000000e+04
9.551920718644069108e-02, 2.442500000000000000e+04
9.556562079537482546e-02, 3.083200000000000000e+04
9.561203440430895983e-02, 3.882100000000000000e+04
9.565844801324308033e-02, 5.549800000000000000e+04
9.570486162217721471e-02, 6.109400000000000000e+04
9.575127523111134908e-02, 1.798100000000000000e+04
9.579768884004548346e-02, 2.993900000000000000e+04
9.584410244897960396e-02, 4.286800000000000000e+04
9.589051605791373833e-02, 4.054100000000000000e+04
9.593692966684787271e-02, 4.664700000000000000e+04
9.598334327578200709e-02, 4.623100000000000000e+04
9.602975688471612759e-02, 3.987700000000000000e+04
9.607617049365026196e-02, 2.867100000000000000e+04
9.612258410258439634e-02, 2.255500000000000000e+04
9.616899771151851684e-02, 6.325000000000000000e+03
9.621541132045265121e-02, 6.180300000000000000e+04
9.626182492938678559e-02, 4.616000000000000000e+04
9.630823853832091996e-02, 3.201100000000000000e+04
9.635465214725504046e-02, 2.379000000000000000e+04
9.640106575618917484e-02, 1.377700000000000000e+04
9.644747936512330921e-02, 1.189100000000000000e+04
9.649389297405742971e-02, 1.676600000000000000e+04
9.654030658299156409e-02, 2.649500000000000000e+04
9.658672019192569846e-02, 3.372500000000000000e+04
9.663313380085983284e-02, 5.013600000000000000e+04
9.667954740979395334e-02, 6.167300000000000000e+04
9.672596101872808771e-02, 9.882000000000000000e+03
9.677237462766222209e-02, 2.186500000000000000e+04
9.681878823659635647e-02, 3.587500000000000000e+04
9.686520184553047697e-02, 3.897000000000000000e+04
9.691161545446461134e-02, 4.771200000000000000e+04
9.695802906339874572e-02, 4.624100000000000000e+04
9.700444267233286622e-02, 4.891200000000000000e+04
9.705085628126700059e-02, 3.944500000000000000e+04
9.709726989020113497e-02, 2.816400000000000000e+04
9.714368349913526934e-02, 1.439200000000000000e+04
9.719009710806938984e-02, 2.036000000000000000e+03
9.723651071700352422e-02, 4.884200000000000000e+04
9.728292432593765859e-02, 3.906600000000000000e+04
9.732933793487179297e-02, 2.891800000000000000e+04
9.737575154380591347e-02, 2.011900000000000000e+04
9.742216515274004784e-02, 1.447600000000000000e+04
9.746857876167418222e-02, 1.383000000000000000e+04
9.751499237060830272e-02, 2.156500000000000000e+04
9.756140597954243709e-02, 3.183100000000000000e+04
9.760781958847657147e-02, 4.161600000000000000e+04
9.765423319741070585e-02, 5.294600000000000000e+04
9.770064680634482635e-02, 2.503000000000000000e+03
9.774706041527896072e-02, 1.900400000000000000e+04
9.779347402421309510e-02, 2.878700000000000000e+04
9.783988763314722947e-02, 4.001300000000000000e+04
9.788630124208134997e-02, 4.658400000000000000e+04
9.793271485101548435e-02, 4.733000000000000000e+04
9.797912845994961872e-02, 4.856300000000000000e+04
9.802554206888373922e-02, 4.117800000000000000e+04
9.807195567781787360e-02, 3.092600000000000000e+04
9.811836928675200797e-02, 2.036500000000000000e+04
9.816478289568614235e-02, 1.061000000000000000e+03
9.821119650462026285e-02, 5.848000000000000000e+04
9.825761011355439722e-02, 4.392100000000000000e+04
9.830402372248853160e-02, 2.982100000000000000e+04
9.835043733142265210e-02, 2.230500000000000000e+04
9.839685094035678647e-02, 1.811000000000000000e+04
9.844326454929092085e-02, 1.704200000000000000e+04
9.848967815822505523e-02, 2.042300000000000000e+04
9.853609176715917572e-02, 2.601600000000000000e+04
9.858250537609331010e-02, 3.300600000000000000e+04
9.862891898502744448e-02, 4.880700000000000000e+04
9.867533259396157885e-02, 6.147900000000000000e+04
9.872174620289569935e-02, 1.083900000000000000e+04
9.876815981182983373e-02, 2.051300000000000000e+04
9.881457342076396810e-02, 3.928400000000000000e+04
9.886098702969808860e-02, 4.196100000000000000e+04
9.890740063863222298e-02, 4.895400000000000000e+04
9.895381424756635735e-02, 4.832500000000000000e+04
9.900022785650049173e-02, 4.359300000000000000e+04
9.904664146543461223e-02, 3.799100000000000000e+04
9.909305507436874660e-02, 2.530200000000000000e+04
9.913946868330288098e-02, 1.343600000000000000e+04
9.918588229223701536e-02, 1.623000000000000000e+03
9.923229590117113585e-02, 4.743900000000000000e+04
9.927870951010527023e-02, 3.889800000000000000e+04
9.932512311903940461e-02, 2.654200000000000000e+04
9.937153672797352510e-02, 2.282200000000000000e+04
9.941795033690765948e-02, 1.882600000000000000e+04
9.946436394584179386e-02, 1.815100000000000000e+04
9.951077755477592823e-02, 2.294100000000000000e+04
9.955719116371004873e-02, 2.961700000000000000e+04
9.960360477264418311e-02, 4.503100000000000000e+04
9.965001838157831748e-02, 5.596300000000000000e+04
9.969643199051245186e-02, 7.038000000000000000e+03
9.974284559944657236e-02, 2.037100000000000000e+04
9.978925920838070673e-02, 2.913900000000000000e+04
9.983567281731484111e-02, 3.875800000000000000e+04
9.988208642624896161e-02, 4.957400000000000000e+04
9.992850003518309598e-02, 4.902900000000000000e+04
9.997491364411723036e-02, 5.000000000000000000e+04
1.000213272530513647e-01, 4.360600000000000000e+04
1.000677408619854852e-01, 3.318600000000000000e+04
1.001141544709196196e-01, 1.856000000000000000e+04
1.001605680798537540e-01, 3.964000000000000000e+03
1.002069816887878745e-01, 5.776500000000000000e+04
1.002533952977220089e-01, 4.448200000000000000e+04
1.002998089066561432e-01, 3.193500000000000000e+04
1.003462225155902776e-01, 2.658900000000000000e+04
1.003926361245243981e-01, 1.959400000000000000e+04
1.004390497334585325e-01, 1.911800000000000000e+04
1.004854633423926669e-01, 2.023300000000000000e+04
1.005318769513268012e-01, 2.642600000000000000e+04
1.005782905602609217e-01, 3.824700000000000000e+04
1.006247041691950561e-01, 5.048800000000000000e+04
1.006711177781291905e-01, 5.000000000000000000e+01
1.007175313870633110e-01, 1.356200000000000000e+04
1.007639449959974454e-01, 2.406400000000000000e+04
1.008103586049315797e-01, 4.259700000000000000e+04
1.008567722138657141e-01, 4.465100000000000000e+04
1.009031858227998346e-01, 5.096700000000000000e+04
1.009495994317339690e-01, 5.091900000000000000e+04
1.009960130406681034e-01, 4.267800000000000000e+04
1.010424266496022377e-01, 3.967400000000000000e+04
1.010888402585363582e-01, 2.151400000000000000e+04
1.011352538674704926e-01, 1.504000000000000000e+04
1.011816674764046270e-01, 2.808000000000000000e+03
1.012280810853387475e-01, 4.588600000000000000e+04
1.012744946942728819e-01, 3.577800000000000000e+04
1.013209083032070162e-01, 2.280700000000000000e+04
1.013673219121411506e-01, 2.248100000000000000e+04
1.014137355210752711e-01, 1.923600000000000000e+04
1.014601491300094055e-01, 1.910800000000000000e+04
1.015065627389435399e-01, 2.482600000000000000e+04
1.015529763478776742e-01, 3.214300000000000000e+04
1.015993899568117947e-01, 4.671000000000000000e+04
1.016458035657459291e-01, 5.944100000000000000e+04
1.016922171746800635e-01, 5.854000000000000000e+03
1.017386307836141840e-01, 1.948800000000000000e+04
1.017850443925483184e-01, 3.234300000000000000e+04
1.018314580014824527e-01, 4.014000000000000000e+04
1.018778716104165871e-01, 5.285900000000000000e+04
1.019242852193507076e-01, 5.120500000000000000e+04
1.019706988282848420e-01, 4.552200000000000000e+04
1.020171124372189764e-01, 3.898600000000000000e+04
1.020635260461530969e-01, 3.113200000000000000e+04
