0.000000000000000000e+00, 5.874000000000000000e+04
6.797765990607996557e-05, 4.898000000000000000e+03
1.359553198121599311e-04, 2.016700000000000000e+04
2.039329797182398696e-04, 3.208600000000000000e+04
2.719106396243198623e-04, 3.950200000000000000e+04
3.398882995303997736e-04, 4.917100000000000000e+04
4.078659594364797392e-04, 4.773200000000000000e+04
4.758436193425597048e-04, 4.646800000000000000e+04
5.438212792486397246e-04, 4.099000000000000000e+04
6.117989391547195817e-04, 3.020000000000000000e+04
6.797765990607995473e-04, 1.808500000000000000e+04
7.477542589668795129e-04, 2.586000000000000000e+03
8.157319188729594784e-04, 5.368000000000000000e+04
8.837095787790394440e-04, 4.262500000000000000e+04
9.516872386851194096e-04, 2.945500000000000000e+04
1.019664898591199484e-03, 2.269900000000000000e+04
1.087642558497279449e-03, 1.635400000000000000e+04
1.155620218403359198e-03, 1.555000000000000000e+04
1.223597878309439163e-03, 2.279900000000000000e+04
1.291575538215519129e-03, 2.855200000000000000e+04
1.359553198121599095e-03, 3.743000000000000000e+04
1.427530858027679060e-03, 5.252400000000000000e+04
1.495508517933759026e-03, 6.298700000000000000e+04
1.563486177839838991e-03, 1.494100000000000000e+04
1.631463837745918957e-03, 2.583000000000000000e+04
1.699441497651998922e-03, 3.981200000000000000e+04
1.767419157558078888e-03, 4.214100000000000000e+04
1.835396817464158854e-03, 4.932000000000000000e+04
1.903374477370238819e-03, 4.658400000000000000e+04
1.971352137276318785e-03, 4.258900000000000000e+04
2.039329797182398967e-03, 3.565900000000000000e+04
2.107307457088478716e-03, 2.366400000000000000e+04
2.175285116994558898e-03, 1.057800000000000000e+04
2.243262776900638647e-03, 6.354100000000000000e+04
2.311240436806718396e-03, 4.942900000000000000e+04
2.379218096712798578e-03, 3.561700000000000000e+04
2.447195756618878327e-03, 2.504400000000000000e+04
2.515173416524958509e-03, 1.799400000000000000e+04
2.583151076431038258e-03, 1.519800000000000000e+04
2.651128736337118440e-03, 1.668100000000000000e+04
2.719106396243198189e-03, 2.444700000000000000e+04
2.787084056149278372e-03, 3.192300000000000000e+04
2.855061716055358120e-03, 4.637300000000000000e+04
2.923039375961438303e-03, 5.934000000000000000e+04
2.991017035867518051e-03, 6.408000000000000000e+03
3.058994695773598234e-03, 2.024300000000000000e+04
3.126972355679677983e-03, 3.372700000000000000e+04
3.194950015585758165e-03, 3.952100000000000000e+04
3.262927675491837914e-03, 4.881900000000000000e+04
3.330905335397918096e-03, 4.723900000000000000e+04
3.398882995303997845e-03, 4.704200000000000000e+04
3.466860655210078027e-03, 4.043900000000000000e+04
3.534838315116157776e-03, 2.943500000000000000e+04
3.602815975022237958e-03, 1.746800000000000000e+04
3.670793634928317707e-03, 1.085000000000000000e+03
3.738771294834397890e-03, 5.219600000000000000e+04
3.806748954740477638e-03, 4.171100000000000000e+04
3.874726614646557821e-03, 2.945300000000000000e+04
3.942704274552637569e-03, 2.162900000000000000e+04
4.010681934458717318e-03, 1.604200000000000000e+04
4.078659594364797934e-03, 1.543200000000000000e+04
4.146637254270877683e-03, 2.254300000000000000e+04
4.214614914176957432e-03, 2.899400000000000000e+04
4.282592574083037180e-03, 3.860200000000000000e+04
4.350570233989117797e-03, 5.279700000000000000e+04
4.418547893895197545e-03, 6.541100000000000000e+04
4.486525553801277294e-03, 1.713800000000000000e+04
4.554503213707357043e-03, 2.669700000000000000e+04
4.622480873613436791e-03, 3.972800000000000000e+04
4.690458533519517408e-03, 4.350100000000000000e+04
4.758436193425597156e-03, 4.906300000000000000e+04
4.826413853331676905e-03, 4.729800000000000000e+04
4.894391513237756654e-03, 4.234900000000000000e+04
4.962369173143837270e-03, 3.401700000000000000e+04
5.030346833049917019e-03, 2.114400000000000000e+04
5.098324492955996767e-03, 7.902000000000000000e+03
5.166302152862076516e-03, 6.189700000000000000e+04
5.234279812768157132e-03, 4.701900000000000000e+04
5.302257472674236881e-03, 3.333200000000000000e+04
5.370235132580316630e-03, 2.454500000000000000e+04
5.438212792486396378e-03, 1.817900000000000000e+04
5.506190452392476994e-03, 1.602600000000000000e+04
5.574168112298556743e-03, 1.739600000000000000e+04
5.642145772204636492e-03, 2.477800000000000000e+04
5.710123432110716241e-03, 3.245600000000000000e+04
5.778101092016796857e-03, 4.772100000000000000e+04
5.846078751922876605e-03, 6.124700000000000000e+04
5.914056411828956354e-03, 8.094000000000000000e+03
5.982034071735036103e-03, 2.047200000000000000e+04
6.050011731641116719e-03, 3.528600000000000000e+04
6.117989391547196468e-03, 3.851100000000000000e+04
6.185967051453276216e-03, 4.849200000000000000e+04
6.253944711359355965e-03, 4.766400000000000000e+04
6.321922371265436581e-03, 4.569600000000000000e+04
6.389900031171516330e-03, 4.018100000000000000e+04
6.457877691077596079e-03, 2.826700000000000000e+04
6.525855350983675827e-03, 1.650400000000000000e+04
6.593833010889756444e-03, 2.210000000000000000e+03
6.661810670795836192e-03, 5.006100000000000000e+04
6.729788330701915941e-03, 4.070100000000000000e+04
6.797765990607995690e-03, 2.844700000000000000e+04
6.865743650514075438e-03, 2.225200000000000000e+04
6.933721310420156055e-03, 1.647800000000000000e+04
7.001698970326235803e-03, 1.625100000000000000e+04
7.069676630232315552e-03, 2.285600000000000000e+04
7.137654290138395301e-03, 2.962900000000000000e+04
7.205631950044475917e-03, 4.145600000000000000e+04
7.273609609950555666e-03, 5.465200000000000000e+04
7.341587269856635414e-03, 1.777000000000000000e+03
7.409564929762715163e-03, 1.737200000000000000e+04
7.477542589668795779e-03, 2.655100000000000000e+04
7.545520249574875528e-03, 3.888700000000000000e+04
7.613497909480955277e-03, 4.532000000000000000e+04
7.681475569387035025e-03, 4.895300000000000000e+04
7.749453229293115641e-03, 4.816700000000000000e+04
7.817430889199195390e-03, 4.243600000000000000e+04
7.885408549105275139e-03, 3.360700000000000000e+04
7.953386209011354888e-03, 2.115300000000000000e+04
8.021363868917434636e-03, 6.954000000000000000e+03
8.089341528823514385e-03, 6.087400000000000000e+04
8.157319188729595869e-03, 4.616900000000000000e+04
8.225296848635675617e-03, 3.329100000000000000e+04
8.293274508541755366e-03, 2.524100000000000000e+04
8.361252168447835115e-03, 1.843600000000000000e+04
8.429229828353914863e-03, 1.686900000000000000e+04
8.497207488259994612e-03, 1.856000000000000000e+04
8.565185148166074361e-03, 2.568200000000000000e+04
8.633162808072154110e-03, 3.443500000000000000e+04
8.701140467978235593e-03, 4.846200000000000000e+04
8.769118127884315342e-03, 6.176200000000000000e+04
8.837095787790395091e-03, 9.862000000000000000e+03
8.905073447696474839e-03, 2.076700000000000000e+04
8.973051107602554588e-03, 3.706300000000000000e+04
9.041028767508634337e-03, 4.137000000000000000e+04
9.109006427414714085e-03, 4.966000000000000000e+04
9.176984087320793834e-03, 4.847100000000000000e+04
9.244961747226873583e-03, 4.492700000000000000e+04
9.312939407132955066e-03, 3.958100000000000000e+04
9.380917067039034815e-03, 2.594200000000000000e+04
9.448894726945114564e-03, 1.608300000000000000e+04
9.516872386851194313e-03, 2.172000000000000000e+03
9.584850046757274061e-03, 4.943100000000000000e+04
9.652827706663353810e-03, 3.919400000000000000e+04
9.720805366569433559e-03, 2.646200000000000000e+04
9.788783026475513308e-03, 2.219000000000000000e+04
9.856760686381594791e-03, 1.753200000000000000e+04
9.924738346287674540e-03, 1.714400000000000000e+04
9.992716006193754288e-03, 2.340500000000000000e+04
1.006069366609983404e-02, 3.042900000000000000e+04
1.012867132600591379e-02, 4.229200000000000000e+04
1.019664898591199353e-02, 5.568400000000000000e+04
1.026462664581807328e-02, 1.562000000000000000e+03
1.033260430572415303e-02, 1.801200000000000000e+04
1.040058196563023452e-02, 2.911400000000000000e+04
1.046855962553631426e-02, 3.978000000000000000e+04
1.053653728544239401e-02, 4.776800000000000000e+04
1.060451494534847376e-02, 4.961000000000000000e+04
1.067249260525455351e-02, 4.708700000000000000e+04
1.074047026516063326e-02, 4.126800000000000000e+04
1.080844792506671301e-02, 3.134500000000000000e+04
1.087642558497279276e-02, 1.926400000000000000e+04
1.094440324487887424e-02, 5.933000000000000000e+03
1.101238090478495399e-02, 5.825200000000000000e+04
1.108035856469103374e-02, 4.437800000000000000e+04
1.114833622459711349e-02, 3.231500000000000000e+04
1.121631388450319324e-02, 2.542000000000000000e+04
1.128429154440927298e-02, 1.872900000000000000e+04
1.135226920431535273e-02, 1.701100000000000000e+04
1.142024686422143248e-02, 2.003900000000000000e+04
1.148822452412751223e-02, 2.676100000000000000e+04
1.155620218403359371e-02, 3.465900000000000000e+04
1.162417984393967346e-02, 5.066900000000000000e+04
1.169215750384575321e-02, 6.334400000000000000e+04
1.176013516375183296e-02, 1.142800000000000000e+04
1.182811282365791271e-02, 2.284100000000000000e+04
1.189609048356399246e-02, 3.824500000000000000e+04
1.196406814347007221e-02, 4.126100000000000000e+04
1.203204580337615195e-02, 5.070200000000000000e+04
1.210002346328223344e-02, 4.764800000000000000e+04
1.216800112318831319e-02, 4.304700000000000000e+04
1.223597878309439294e-02, 3.843800000000000000e+04
1.230395644300047268e-02, 2.432000000000000000e+04
1.237193410290655243e-02, 1.463800000000000000e+04
1.243991176281263218e-02, 2.006000000000000000e+03
1.250788942271871193e-02, 4.893200000000000000e+04
1.257586708262479168e-02, 3.838700000000000000e+04
1.264384474253087316e-02, 2.593700000000000000e+04
1.271182240243695291e-02, 2.120300000000000000e+04
1.277980006234303266e-02, 1.749300000000000000e+04
1.284777772224911241e-02, 1.723000000000000000e+04
1.291575538215519216e-02, 2.371500000000000000e+04
1.298373304206127191e-02, 3.057500000000000000e+04
1.305171070196735165e-02, 4.332500000000000000e+04
1.311968836187343140e-02, 5.625200000000000000e+04
1.318766602177951289e-02, 3.257000000000000000e+03
1.325564368168559264e-02, 1.987900000000000000e+04
1.332362134159167238e-02, 3.099600000000000000e+04
1.339159900149775213e-02, 4.029200000000000000e+04
1.345957666140383188e-02, 4.948000000000000000e+04
1.352755432130991163e-02, 4.939000000000000000e+04
1.359553198121599138e-02, 4.645500000000000000e+04
1.366350964112207113e-02, 4.065900000000000000e+04
1.373148730102815088e-02, 3.196000000000000000e+04
1.379946496093423236e-02, 1.699500000000000000e+04
1.386744262084031211e-02, 4.951000000000000000e+03
1.393542028074639186e-02, 5.649000000000000000e+04
1.400339794065247161e-02, 4.458400000000000000e+04
1.407137560055855136e-02, 3.021700000000000000e+04
1.413935326046463110e-02, 2.482000000000000000e+04
1.420733092037071085e-02, 1.817000000000000000e+04
1.427530858027679060e-02, 1.703700000000000000e+04
1.434328624018287208e-02, 2.381900000000000000e+04
1.441126390008895183e-02, 2.767300000000000000e+04
1.447924155999503158e-02, 3.600800000000000000e+04
1.454721921990111133e-02, 5.078100000000000000e+04
1.461519687980719108e-02, 6.517700000000000000e+04
1.468317453971327083e-02, 1.308700000000000000e+04
1.475115219961935058e-02, 2.358300000000000000e+04
1.481912985952543033e-02, 3.826600000000000000e+04
1.488710751943151181e-02, 4.146800000000000000e+04
1.495508517933759156e-02, 5.085100000000000000e+04
1.502306283924367131e-02, 4.681200000000000000e+04
1.509104049914975106e-02, 4.424500000000000000e+04
1.515901815905583080e-02, 3.805500000000000000e+04
1.522699581896191055e-02, 2.408400000000000000e+04
1.529497347886799030e-02, 1.351000000000000000e+04
1.536295113877407005e-02, 6.508500000000000000e+04
1.543092879868015153e-02, 4.997500000000000000e+04
1.549890645858623128e-02, 3.822000000000000000e+04
1.556688411849231103e-02, 2.591800000000000000e+04
1.563486177839839078e-02, 2.018900000000000000e+04
1.570283943830447226e-02, 1.678800000000000000e+04
1.577081709821055028e-02, 1.662700000000000000e+04
1.583879475811663176e-02, 2.334700000000000000e+04
1.590677241802270978e-02, 3.098300000000000000e+04
1.597475007792879126e-02, 4.418100000000000000e+04
1.604272773783486927e-02, 5.753700000000000000e+04
1.611070539774095076e-02, 4.175000000000000000e+03
1.617868305764702877e-02, 1.940800000000000000e+04
1.624666071755311025e-02, 3.226800000000000000e+04
1.631463837745919174e-02, 3.994100000000000000e+04
1.638261603736526975e-02, 4.946300000000000000e+04
1.645059369727135123e-02, 4.788500000000000000e+04
1.651857135717742925e-02, 4.628500000000000000e+04
1.658654901708351073e-02, 4.094000000000000000e+04
1.665452667698958875e-02, 3.079500000000000000e+04
1.672250433689567023e-02, 1.901900000000000000e+04
1.679048199680174824e-02, 2.892000000000000000e+03
1.685845965670782973e-02, 5.446200000000000000e+04
1.692643731661391121e-02, 4.354700000000000000e+04
1.699441497651998922e-02, 2.992800000000000000e+04
1.706239263642607071e-02, 2.337900000000000000e+04
1.713037029633214872e-02, 1.700300000000000000e+04
1.719834795623823021e-02, 1.620400000000000000e+04
1.726632561614430822e-02, 2.295400000000000000e+04
1.733430327605038970e-02, 2.819800000000000000e+04
1.740228093595647119e-02, 3.766100000000000000e+04
1.747025859586254920e-02, 5.221500000000000000e+04
1.753823625576863068e-02, 6.365700000000000000e+04
1.760621391567470870e-02, 1.462700000000000000e+04
1.767419157558079018e-02, 2.535400000000000000e+04
1.774216923548686820e-02, 3.927300000000000000e+04
1.781014689539294968e-02, 4.148000000000000000e+04
1.787812455529902769e-02, 4.965000000000000000e+04
1.794610221520510918e-02, 4.663800000000000000e+04
1.801407987511119066e-02, 4.310700000000000000e+04
1.808205753501726867e-02, 3.596400000000000000e+04
1.815003519492335016e-02, 2.374500000000000000e+04
1.821801285482942817e-02, 1.125400000000000000e+04
1.828599051473550965e-02, 6.405200000000000000e+04
1.835396817464158767e-02, 4.877400000000000000e+04
1.842194583454766915e-02, 3.627200000000000000e+04
1.848992349445374717e-02, 2.653200000000000000e+04
1.855790115435982865e-02, 1.864600000000000000e+04
1.862587881426591013e-02, 1.570300000000000000e+04
1.869385647417198815e-02, 1.638100000000000000e+04
1.876183413407806963e-02, 2.374800000000000000e+04
1.882981179398414764e-02, 3.156600000000000000e+04
1.889778945389022913e-02, 4.648000000000000000e+04
1.896576711379630714e-02, 5.926600000000000000e+04
1.903374477370238863e-02, 4.532000000000000000e+03
1.910172243360847011e-02, 2.007800000000000000e+04
1.916970009351454812e-02, 3.263500000000000000e+04
1.923767775342062961e-02, 3.939700000000000000e+04
1.930565541332670762e-02, 4.768200000000000000e+04
1.937363307323278910e-02, 4.718300000000000000e+04
1.944161073313886712e-02, 4.677000000000000000e+04
1.950958839304494860e-02, 4.071600000000000000e+04
1.957756605295102662e-02, 2.867100000000000000e+04
1.964554371285710810e-02, 1.825000000000000000e+04
1.971352137276318958e-02, 2.325000000000000000e+03
1.978149903266926760e-02, 5.278000000000000000e+04
1.984947669257534908e-02, 4.330400000000000000e+04
1.991745435248142709e-02, 2.984100000000000000e+04
1.998543201238750858e-02, 2.210800000000000000e+04
2.005340967229358659e-02, 1.597800000000000000e+04
2.012138733219966807e-02, 1.506900000000000000e+04
2.018936499210574956e-02, 2.285900000000000000e+04
2.025734265201182757e-02, 2.916900000000000000e+04
2.032532031191790906e-02, 3.817900000000000000e+04
2.039329797182398707e-02, 5.187400000000000000e+04
2.046127563173006855e-02, 6.420900000000000000e+04
2.052925329163614657e-02, 1.561500000000000000e+04
2.059723095154222805e-02, 2.633100000000000000e+04
2.066520861144830606e-02, 4.039900000000000000e+04
2.073318627135438755e-02, 4.263100000000000000e+04
2.080116393126046903e-02, 4.891700000000000000e+04
2.086914159116654705e-02, 4.692400000000000000e+04
2.093711925107262853e-02, 4.267400000000000000e+04
2.100509691097870654e-02, 3.450100000000000000e+04
2.107307457088478803e-02, 2.321900000000000000e+04
2.114105223079086604e-02, 8.995000000000000000e+03
2.120902989069694752e-02, 6.404200000000000000e+04
2.127700755060302554e-02, 4.763400000000000000e+04
2.134498521050910702e-02, 3.445900000000000000e+04
2.141296287041518850e-02, 2.461700000000000000e+04
2.148094053032126652e-02, 1.981800000000000000e+04
2.154891819022734800e-02, 1.576700000000000000e+04
2.161689585013342602e-02, 1.731500000000000000e+04
2.168487351003950750e-02, 2.476200000000000000e+04
2.175285116994558551e-02, 3.152900000000000000e+04
2.182082882985166700e-02, 4.730600000000000000e+04
2.188880648975774848e-02, 5.967000000000000000e+04
2.195678414966382649e-02, 7.299000000000000000e+03
2.202476180956990798e-02, 1.879900000000000000e+04
2.209273946947598599e-02, 3.388300000000000000e+04
2.216071712938206748e-02, 3.979900000000000000e+04
2.222869478928814549e-02, 4.880800000000000000e+04
2.229667244919422697e-02, 4.763700000000000000e+04
2.236465010910030499e-02, 4.632900000000000000e+04
2.243262776900638647e-02, 3.997600000000000000e+04
2.250060542891246795e-02, 2.867000000000000000e+04
2.256858308881854597e-02, 1.545800000000000000e+04
2.263656074872462745e-02, 1.902000000000000000e+03
2.270453840863070546e-02, 5.153500000000000000e+04
2.277251606853678695e-02, 4.129500000000000000e+04
2.284049372844286496e-02, 2.856300000000000000e+04
2.290847138834894645e-02, 2.202000000000000000e+04
2.297644904825502446e-02, 1.648300000000000000e+04
2.304442670816110594e-02, 1.592500000000000000e+04
2.311240436806718743e-02, 2.447900000000000000e+04
2.318038202797326544e-02, 2.988000000000000000e+04
2.324835968787934692e-02, 3.961300000000000000e+04
2.331633734778542494e-02, 5.348700000000000000e+04
2.338431500769150642e-02, 6.527000000000000000e+04
2.345229266759758444e-02, 1.668500000000000000e+04
2.352027032750366592e-02, 2.693800000000000000e+04
2.358824798740974740e-02, 3.950400000000000000e+04
2.365622564731582542e-02, 4.457100000000000000e+04
2.372420330722190690e-02, 4.885800000000000000e+04
2.379218096712798491e-02, 4.780500000000000000e+04
2.386015862703406640e-02, 4.247100000000000000e+04
2.392813628694014441e-02, 3.430800000000000000e+04
2.399611394684622590e-02, 2.218000000000000000e+04
2.406409160675230391e-02, 7.313000000000000000e+03
2.413206926665838539e-02, 6.099800000000000000e+04
2.420004692656446688e-02, 4.606600000000000000e+04
2.426802458647054489e-02, 3.341000000000000000e+04
2.433600224637662637e-02, 2.490400000000000000e+04
2.440397990628270439e-02, 1.849200000000000000e+04
2.447195756618878587e-02, 1.607500000000000000e+04
2.453993522609486388e-02, 1.812600000000000000e+04
2.460791288600094537e-02, 2.499700000000000000e+04
2.467589054590702685e-02, 3.318400000000000000e+04
2.474386820581310487e-02, 4.774300000000000000e+04
2.481184586571918635e-02, 6.064700000000000000e+04
2.487982352562526436e-02, 8.687000000000000000e+03
2.494780118553134585e-02, 2.096000000000000000e+04
2.501577884543742386e-02, 3.663000000000000000e+04
2.508375650534350534e-02, 4.106500000000000000e+04
2.515173416524958336e-02, 4.920600000000000000e+04
2.521971182515566484e-02, 4.819000000000000000e+04
2.528768948506174633e-02, 4.431000000000000000e+04
2.535566714496782434e-02, 3.904000000000000000e+04
2.542364480487390582e-02, 2.715300000000000000e+04
2.549162246477998384e-02, 1.605000000000000000e+04
2.555960012468606532e-02, 1.820000000000000000e+03
2.562757778459214333e-02, 4.956500000000000000e+04
2.569555544449822482e-02, 4.012100000000000000e+04
2.576353310440430283e-02, 2.754500000000000000e+04
2.583151076431038431e-02, 2.229100000000000000e+04
2.589948842421646580e-02, 1.707700000000000000e+04
2.596746608412254381e-02, 1.679400000000000000e+04
2.603544374402862530e-02, 2.330000000000000000e+04
2.610342140393470331e-02, 3.016000000000000000e+04
2.617139906384078479e-02, 4.226100000000000000e+04
2.623937672374686281e-02, 5.516600000000000000e+04
2.630735438365294429e-02, 2.206000000000000000e+03
2.637533204355902577e-02, 1.773400000000000000e+04
2.644330970346510379e-02, 2.845000000000000000e+04
2.651128736337118527e-02, 3.950000000000000000e+04
2.657926502327726329e-02, 4.658400000000000000e+04
2.664724268318334477e-02, 4.934900000000000000e+04
2.671522034308942278e-02, 4.653800000000000000e+04
2.678319800299550427e-02, 4.178200000000000000e+04
2.685117566290158228e-02, 3.302800000000000000e+04
2.691915332280766376e-02, 2.002800000000000000e+04
2.698713098271374525e-02, 6.746000000000000000e+03
2.705510864261982326e-02, 5.953000000000000000e+04
2.712308630252590474e-02, 4.541000000000000000e+04
2.719106396243198276e-02, 3.281100000000000000e+04
2.725904162233806424e-02, 2.515600000000000000e+04
2.732701928224414226e-02, 1.877900000000000000e+04
2.739499694215022374e-02, 1.721200000000000000e+04
2.746297460205630175e-02, 1.935500000000000000e+04
2.753095226196238324e-02, 2.581300000000000000e+04
2.759892992186846472e-02, 3.416700000000000000e+04
2.766690758177454273e-02, 4.892500000000000000e+04
2.773488524168062422e-02, 6.261500000000000000e+04
2.780286290158670223e-02, 1.144100000000000000e+04
2.787084056149278372e-02, 2.241500000000000000e+04
2.793881822139886173e-02, 3.754500000000000000e+04
2.800679588130494321e-02, 4.133900000000000000e+04
2.807477354121102470e-02, 5.029500000000000000e+04
2.814275120111710271e-02, 4.818100000000000000e+04
2.821072886102318419e-02, 4.475200000000000000e+04
2.827870652092926221e-02, 3.905400000000000000e+04
2.834668418083534369e-02, 2.564300000000000000e+04
2.841466184074142171e-02, 1.524700000000000000e+04
2.848263950064750319e-02, 1.514000000000000000e+03
2.855061716055358120e-02, 4.897600000000000000e+04
2.861859482045966269e-02, 3.998100000000000000e+04
2.868657248036574417e-02, 2.624900000000000000e+04
2.875455014027182218e-02, 2.193600000000000000e+04
2.882252780017790367e-02, 1.760900000000000000e+04
2.889050546008398168e-02, 1.695300000000000000e+04
2.895848311999006316e-02, 2.372200000000000000e+04
2.902646077989614118e-02, 3.089200000000000000e+04
2.909443843980222266e-02, 4.288000000000000000e+04
2.916241609970830415e-02, 5.708500000000000000e+04
2.923039375961438216e-02, 2.746000000000000000e+03
2.929837141952046364e-02, 1.872100000000000000e+04
2.936634907942654166e-02, 3.030900000000000000e+04
2.943432673933262314e-02, 4.043900000000000000e+04
2.950230439923870115e-02, 4.872600000000000000e+04
2.957028205914478264e-02, 4.946600000000000000e+04
2.963825971905086065e-02, 4.661600000000000000e+04
2.970623737895694214e-02, 4.129500000000000000e+04
2.977421503886302362e-02, 3.233300000000000000e+04
2.984219269876910163e-02, 1.871200000000000000e+04
2.991017035867518312e-02, 5.605000000000000000e+03
2.997814801858126113e-02, 5.637100000000000000e+04
3.004612567848734261e-02, 4.474000000000000000e+04
3.011410333839342063e-02, 3.152300000000000000e+04
3.018208099829950211e-02, 2.520000000000000000e+04
3.025005865820558013e-02, 1.822900000000000000e+04
3.031803631811166161e-02, 1.725100000000000000e+04
3.038601397801774309e-02, 2.116800000000000000e+04
3.045399163792382111e-02, 2.720700000000000000e+04
3.052196929782990259e-02, 3.462100000000000000e+04
3.058994695773598060e-02, 4.996300000000000000e+04
3.065792461764206209e-02, 6.389600000000000000e+04
3.072590227754814010e-02, 1.219600000000000000e+04
3.079387993745422158e-02, 2.390000000000000000e+04
3.086185759736030307e-02, 3.805300000000000000e+04
3.092983525726638108e-02, 4.104800000000000000e+04
3.099781291717246257e-02, 5.095400000000000000e+04
3.106579057707854058e-02, 4.759900000000000000e+04
3.113376823698462206e-02, 4.481200000000000000e+04
3.120174589689070008e-02, 3.800100000000000000e+04
3.126972355679678156e-02, 2.395700000000000000e+04
3.133770121670285957e-02, 1.266300000000000000e+04
3.140567887660894453e-02, 8.700000000000000000e+01
3.147365653651502254e-02, 4.893200000000000000e+04
3.154163419642110056e-02, 3.807400000000000000e+04
3.160961185632717857e-02, 2.542100000000000000e+04
3.167758951623326352e-02, 2.089400000000000000e+04
3.174556717613934154e-02, 1.725300000000000000e+04
3.181354483604541955e-02, 1.699200000000000000e+04
3.188152249595149756e-02, 2.311700000000000000e+04
3.194950015585758252e-02, 3.098800000000000000e+04
3.201747781576366053e-02, 4.411600000000000000e+04
3.208545547566973855e-02, 5.705200000000000000e+04
3.215343313557582350e-02, 4.884000000000000000e+03
3.222141079548190151e-02, 1.936700000000000000e+04
3.228938845538797953e-02, 3.140100000000000000e+04
3.235736611529405754e-02, 4.004100000000000000e+04
3.242534377520014249e-02, 5.002300000000000000e+04
3.249332143510622051e-02, 4.853800000000000000e+04
3.256129909501229852e-02, 4.622100000000000000e+04
3.262927675491838347e-02, 4.064800000000000000e+04
3.269725441482446149e-02, 3.205300000000000000e+04
3.276523207473053950e-02, 1.887900000000000000e+04
3.283320973463661752e-02, 4.223000000000000000e+03
3.290118739454270247e-02, 5.559600000000000000e+04
3.296916505444878048e-02, 4.360200000000000000e+04
3.303714271435485850e-02, 2.996600000000000000e+04
3.310512037426094345e-02, 2.424100000000000000e+04
3.317309803416702146e-02, 1.759700000000000000e+04
3.324107569407309948e-02, 1.659700000000000000e+04
3.330905335397917749e-02, 2.245400000000000000e+04
3.337703101388526244e-02, 2.752400000000000000e+04
3.344500867379134046e-02, 3.663500000000000000e+04
3.351298633369741847e-02, 5.235500000000000000e+04
3.358096399360349649e-02, 6.427100000000000000e+04
3.364894165350958144e-02, 1.389300000000000000e+04
3.371691931341565945e-02, 2.427800000000000000e+04
3.378489697332173747e-02, 3.878500000000000000e+04
3.385287463322782242e-02, 4.129900000000000000e+04
3.392085229313390043e-02, 5.025600000000000000e+04
3.398882995303997845e-02, 4.652900000000000000e+04
3.405680761294605646e-02, 4.402900000000000000e+04
3.412478527285214142e-02, 3.708700000000000000e+04
3.419276293275821943e-02, 2.395300000000000000e+04
3.426074059266429744e-02, 1.277200000000000000e+04
3.432871825257038240e-02, 6.488600000000000000e+04
3.439669591247646041e-02, 4.954500000000000000e+04
3.446467357238253842e-02, 3.719600000000000000e+04
3.453265123228861644e-02, 2.574600000000000000e+04
3.460062889219470139e-02, 1.924000000000000000e+04
3.466860655210077941e-02, 1.629000000000000000e+04
3.473658421200685742e-02, 1.629300000000000000e+04
3.480456187191294237e-02, 2.364200000000000000e+04
3.487253953181902039e-02, 3.138600000000000000e+04
3.494051719172509840e-02, 4.625000000000000000e+04
3.500849485163117641e-02, 5.878700000000000000e+04
3.507647251153726137e-02, 4.767000000000000000e+03
3.514445017144333938e-02, 1.987300000000000000e+04
3.521242783134941740e-02, 3.127800000000000000e+04
3.528040549125549541e-02, 3.945100000000000000e+04
3.534838315116158036e-02, 4.916900000000000000e+04
3.541636081106765838e-02, 4.744900000000000000e+04
3.548433847097373639e-02, 4.661300000000000000e+04
3.555231613087982134e-02, 4.099900000000000000e+04
3.562029379078589936e-02, 3.020100000000000000e+04
3.568827145069197737e-02, 1.882600000000000000e+04
3.575624911059805539e-02, 3.185000000000000000e+03
3.582422677050414034e-02, 5.372100000000000000e+04
3.589220443041021835e-02, 4.262700000000000000e+04
3.596018209031629637e-02, 2.983700000000000000e+04
3.602815975022238132e-02, 2.247600000000000000e+04
3.609613741012845933e-02, 1.633900000000000000e+04
3.616411507003453735e-02, 1.555000000000000000e+04
3.623209272994061536e-02, 2.301600000000000000e+04
3.630007038984670031e-02, 2.967000000000000000e+04
3.636804804975277833e-02, 3.750600000000000000e+04
3.643602570965885634e-02, 5.252700000000000000e+04
3.650400336956494129e-02, 6.384300000000000000e+04
3.657198102947101931e-02, 1.420500000000000000e+04
3.663995868937709732e-02, 2.577400000000000000e+04
3.670793634928317534e-02, 3.981000000000000000e+04
3.677591400918926029e-02, 4.206800000000000000e+04
3.684389166909533830e-02, 4.943900000000000000e+04
3.691186932900141632e-02, 4.659100000000000000e+04
3.697984698890749433e-02, 4.258900000000000000e+04
3.704782464881357928e-02, 3.498600000000000000e+04
3.711580230871965730e-02, 2.409900000000000000e+04
3.718377996862573531e-02, 1.061600000000000000e+04
3.725175762853182027e-02, 6.354200000000000000e+04
3.731973528843789828e-02, 4.803000000000000000e+04
3.738771294834397629e-02, 3.487500000000000000e+04
3.745569060825005431e-02, 2.498200000000000000e+04
3.752366826815613926e-02, 1.799100000000000000e+04
3.759164592806221727e-02, 1.540300000000000000e+04
3.765962358796829529e-02, 1.648200000000000000e+04
3.772760124787438024e-02, 2.443200000000000000e+04
3.779557890778045826e-02, 3.192200000000000000e+04
3.786355656768653627e-02, 4.715300000000000000e+04
3.793153422759261428e-02, 6.052800000000000000e+04
3.799951188749869924e-02, 6.511000000000000000e+03
3.806748954740477725e-02, 2.024700000000000000e+04
3.813546720731085526e-02, 3.343900000000000000e+04
3.820344486721694022e-02, 3.984100000000000000e+04
3.827142252712301823e-02, 4.884900000000000000e+04
3.833940018702909625e-02, 4.724000000000000000e+04
3.840737784693517426e-02, 4.662800000000000000e+04
3.847535550684125921e-02, 4.081800000000000000e+04
3.854333316674733723e-02, 2.948200000000000000e+04
3.861131082665341524e-02, 1.747000000000000000e+04
3.867928848655950019e-02, 2.205000000000000000e+03
3.874726614646557821e-02, 5.127200000000000000e+04
3.881524380637165622e-02, 4.160000000000000000e+04
3.888322146627773424e-02, 2.944800000000000000e+04
3.895119912618381919e-02, 2.202500000000000000e+04
3.901917678608989720e-02, 1.799800000000000000e+04
3.908715444599597522e-02, 1.565500000000000000e+04
3.915513210590205323e-02, 2.255200000000000000e+04
3.922310976580813818e-02, 2.951400000000000000e+04
3.929108742571421620e-02, 3.810400000000000000e+04
3.935906508562029421e-02, 5.273300000000000000e+04
3.942704274552637916e-02, 6.540800000000000000e+04
3.949502040543245718e-02, 1.644600000000000000e+04
3.956299806533853519e-02, 2.734100000000000000e+04
3.963097572524461321e-02, 3.982500000000000000e+04
3.969895338515069816e-02, 4.350500000000000000e+04
3.976693104505677617e-02, 4.874500000000000000e+04
3.983490870496285419e-02, 4.756500000000000000e+04
3.990288636486893914e-02, 4.237800000000000000e+04
3.997086402477501715e-02, 3.401800000000000000e+04
4.003884168468109517e-02, 2.251500000000000000e+04
4.010681934458717318e-02, 6.718000000000000000e+03
4.017479700449325813e-02, 6.168600000000000000e+04
4.024277466439933615e-02, 4.700900000000000000e+04
4.031075232430541416e-02, 3.387800000000000000e+04
4.037872998421149912e-02, 2.415900000000000000e+04
4.044670764411757713e-02, 1.813300000000000000e+04
4.051468530402365514e-02, 1.602400000000000000e+04
4.058266296392973316e-02, 1.787900000000000000e+04
4.065064062383581811e-02, 2.442200000000000000e+04
4.071861828374189612e-02, 3.237900000000000000e+04
4.078659594364797414e-02, 4.771700000000000000e+04
4.085457360355405215e-02, 6.032700000000000000e+04
4.092255126346013711e-02, 8.872000000000000000e+03
4.099052892336621512e-02, 2.066700000000000000e+04
4.105850658327229313e-02, 3.529600000000000000e+04
4.112648424317837809e-02, 4.041400000000000000e+04
4.119446190308445610e-02, 4.707900000000000000e+04
4.126243956299053411e-02, 4.723300000000000000e+04
4.133041722289661213e-02, 4.567500000000000000e+04
4.139839488280269708e-02, 3.971300000000000000e+04
4.146637254270877510e-02, 2.665100000000000000e+04
4.153435020261485311e-02, 1.611900000000000000e+04
4.160232786252093806e-02, 2.192000000000000000e+03
4.167030552242701608e-02, 5.057500000000000000e+04
4.173828318233309409e-02, 4.021200000000000000e+04
4.180626084223917210e-02, 2.829100000000000000e+04
4.187423850214525706e-02, 2.224400000000000000e+04
4.194221616205133507e-02, 1.697100000000000000e+04
4.201019382195741309e-02, 1.598800000000000000e+04
4.207817148186349804e-02, 2.280900000000000000e+04
4.214614914176957605e-02, 2.962600000000000000e+04
4.221412680167565407e-02, 4.078800000000000000e+04
4.228210446158173208e-02, 5.357200000000000000e+04
4.235008212148781703e-02, 1.481000000000000000e+03
4.241805978139389505e-02, 1.735700000000000000e+04
4.248603744129997306e-02, 2.753500000000000000e+04
4.255401510120605107e-02, 3.843100000000000000e+04
4.262199276111213603e-02, 4.475700000000000000e+04
4.268997042101821404e-02, 4.892200000000000000e+04
4.275794808092429206e-02, 4.782700000000000000e+04
4.282592574083037701e-02, 4.255200000000000000e+04
4.289390340073645502e-02, 3.373500000000000000e+04
4.296188106064253304e-02, 2.116000000000000000e+04
4.302985872054861105e-02, 6.690000000000000000e+03
4.309783638045469600e-02, 5.969500000000000000e+04
4.316581404036077402e-02, 4.582400000000000000e+04
4.323379170026685203e-02, 3.327300000000000000e+04
4.330176936017293698e-02, 2.524000000000000000e+04
4.336974702007901500e-02, 1.872600000000000000e+04
4.343772467998509301e-02, 1.672500000000000000e+04
4.350570233989117103e-02, 1.855100000000000000e+04
4.357367999979725598e-02, 2.559200000000000000e+04
4.364165765970333399e-02, 3.386800000000000000e+04
4.370963531960941201e-02, 4.810700000000000000e+04
4.377761297951549696e-02, 6.174100000000000000e+04
4.384559063942157497e-02, 9.861000000000000000e+03
4.391356829932765299e-02, 2.181000000000000000e+04
4.398154595923373100e-02, 3.628500000000000000e+04
4.404952361913981596e-02, 4.131800000000000000e+04
4.411750127904589397e-02, 4.965800000000000000e+04
4.418547893895197198e-02, 4.836400000000000000e+04
4.425345659885805000e-02, 4.515400000000000000e+04
4.432143425876413495e-02, 3.959800000000000000e+04
4.438941191867021296e-02, 2.594300000000000000e+04
4.445738957857629098e-02, 1.549400000000000000e+04
4.452536723848237593e-02, 1.415000000000000000e+03
4.459334489838845395e-02, 4.938300000000000000e+04
4.466132255829453196e-02, 3.919200000000000000e+04
4.472930021820060997e-02, 2.654800000000000000e+04
4.479727787810669493e-02, 2.192600000000000000e+04
4.486525553801277294e-02, 1.751100000000000000e+04
4.493323319791885095e-02, 1.714400000000000000e+04
4.500121085782493591e-02, 2.364300000000000000e+04
4.506918851773101392e-02, 3.023500000000000000e+04
4.513716617763709194e-02, 4.228000000000000000e+04
4.520514383754316995e-02, 5.568300000000000000e+04
4.527312149744925490e-02, 2.410000000000000000e+03
4.534109915735533292e-02, 1.876900000000000000e+04
4.540907681726141093e-02, 2.916800000000000000e+04
4.547705447716749588e-02, 3.978200000000000000e+04
4.554503213707357390e-02, 4.786600000000000000e+04
4.561300979697965191e-02, 4.981800000000000000e+04
4.568098745688572992e-02, 4.710500000000000000e+04
4.574896511679181488e-02, 4.126900000000000000e+04
4.581694277669789289e-02, 3.251000000000000000e+04
4.588492043660397091e-02, 1.982200000000000000e+04
4.595289809651004892e-02, 5.973000000000000000e+03
4.602087575641613387e-02, 5.825400000000000000e+04
4.608885341632221189e-02, 4.499000000000000000e+04
4.615683107622828990e-02, 3.179200000000000000e+04
4.622480873613437485e-02, 2.537000000000000000e+04
4.629278639604045287e-02, 1.872700000000000000e+04
4.636076405594653088e-02, 1.733000000000000000e+04
4.642874171585260890e-02, 1.977300000000000000e+04
4.649671937575869385e-02, 2.672800000000000000e+04
4.656469703566477186e-02, 3.465700000000000000e+04
4.663267469557084988e-02, 4.962400000000000000e+04
4.670065235547693483e-02, 6.429200000000000000e+04
4.676863001538301284e-02, 1.151300000000000000e+04
4.683660767528909086e-02, 2.284400000000000000e+04
4.690458533519516887e-02, 3.777300000000000000e+04
4.697256299510125382e-02, 4.161800000000000000e+04
4.704054065500733184e-02, 5.073900000000000000e+04
4.710851831491340985e-02, 4.765000000000000000e+04
4.717649597481949481e-02, 4.480900000000000000e+04
4.724447363472557282e-02, 3.696600000000000000e+04
4.731245129463165083e-02, 2.416900000000000000e+04
4.738042895453772885e-02, 1.463200000000000000e+04
4.744840661444381380e-02, 7.710000000000000000e+02
4.751638427434989181e-02, 4.792300000000000000e+04
4.758436193425596983e-02, 3.829600000000000000e+04
4.765233959416205478e-02, 2.593300000000000000e+04
4.772031725406813280e-02, 2.143500000000000000e+04
4.778829491397421081e-02, 1.723500000000000000e+04
4.785627257388028882e-02, 1.720100000000000000e+04
4.792425023378637378e-02, 2.371300000000000000e+04
4.799222789369245179e-02, 3.109500000000000000e+04
4.806020555359852980e-02, 4.499000000000000000e+04
4.812818321350460782e-02, 5.644100000000000000e+04
4.819616087341069277e-02, 3.265000000000000000e+03
4.826413853331677078e-02, 1.906400000000000000e+04
4.833211619322284880e-02, 3.160300000000000000e+04
4.840009385312893375e-02, 4.038000000000000000e+04
4.846807151303501177e-02, 4.948400000000000000e+04
4.853604917294108978e-02, 4.892100000000000000e+04
4.860402683284716779e-02, 4.673200000000000000e+04
4.867200449275325275e-02, 4.070800000000000000e+04
4.873998215265933076e-02, 3.196300000000000000e+04
4.880795981256540877e-02, 1.857300000000000000e+04
4.887593747247149373e-02, 3.846000000000000000e+03
4.894391513237757174e-02, 5.629900000000000000e+04
4.901189279228364976e-02, 4.457600000000000000e+04
4.907987045218972777e-02, 3.056800000000000000e+04
4.914784811209581272e-02, 2.445200000000000000e+04
4.921582577200189074e-02, 1.810900000000000000e+04
4.928380343190796875e-02, 1.703400000000000000e+04
4.935178109181405370e-02, 2.209200000000000000e+04
4.941975875172013172e-02, 2.693700000000000000e+04
4.948773641162620973e-02, 3.589400000000000000e+04
4.955571407153228775e-02, 5.077600000000000000e+04
4.962369173143837270e-02, 6.401800000000000000e+04
4.969166939134445071e-02, 1.169200000000000000e+04
4.975964705125052873e-02, 2.326900000000000000e+04
4.982762471115660674e-02, 3.825100000000000000e+04
4.989560237106269169e-02, 4.101900000000000000e+04
4.996358003096876971e-02, 5.106000000000000000e+04
5.003155769087484772e-02, 4.686600000000000000e+04
5.009953535078093267e-02, 4.424800000000000000e+04
5.016751301068701069e-02, 3.749700000000000000e+04
5.023549067059308870e-02, 2.445600000000000000e+04
5.030346833049916672e-02, 1.368700000000000000e+04
5.037144599040525167e-02, 6.509400000000000000e+04
5.043942365031132968e-02, 4.912100000000000000e+04
5.050740131021740770e-02, 3.713200000000000000e+04
5.057537897012349265e-02, 2.574300000000000000e+04
5.064335663002957066e-02, 2.018000000000000000e+04
5.071133428993564868e-02, 1.678800000000000000e+04
5.077931194984172669e-02, 1.655800000000000000e+04
5.084728960974781165e-02, 2.325700000000000000e+04
5.091526726965388966e-02, 3.097800000000000000e+04
5.098324492955996767e-02, 4.484900000000000000e+04
5.105122258946605263e-02, 5.719000000000000000e+04
5.111920024937213064e-02, 3.889000000000000000e+03
5.118717790927820865e-02, 1.939200000000000000e+04
5.125515556918428667e-02, 3.176900000000000000e+04
5.132313322909037162e-02, 4.018400000000000000e+04
5.139111088899644963e-02, 4.956900000000000000e+04
5.145908854890252765e-02, 4.789000000000000000e+04
5.152706620880860566e-02, 4.628500000000000000e+04
5.159504386871469062e-02, 4.093500000000000000e+04
5.166302152862076863e-02, 3.094700000000000000e+04
5.173099918852684664e-02, 1.902800000000000000e+04
5.179897684843293160e-02, 3.156000000000000000e+03
5.186695450833900961e-02, 5.521400000000000000e+04
5.193493216824508762e-02, 4.406300000000000000e+04
5.200290982815116564e-02, 2.995700000000000000e+04
5.207088748805725059e-02, 2.338000000000000000e+04
5.213886514796332861e-02, 1.687200000000000000e+04
5.220684280786940662e-02, 1.612400000000000000e+04
5.227482046777549157e-02, 2.295000000000000000e+04
5.234279812768156959e-02, 2.810800000000000000e+04
5.241077578758764760e-02, 3.695300000000000000e+04
5.247875344749372561e-02, 5.188600000000000000e+04
5.254673110739981057e-02, 6.363800000000000000e+04
5.261470876730588858e-02, 1.462600000000000000e+04
5.268268642721196660e-02, 2.525100000000000000e+04
5.275066408711805155e-02, 3.839100000000000000e+04
5.281864174702412956e-02, 4.142300000000000000e+04
5.288661940693020758e-02, 4.964700000000000000e+04
5.295459706683628559e-02, 4.648200000000000000e+04
5.302257472674237054e-02, 4.323300000000000000e+04
5.309055238664844856e-02, 3.597100000000000000e+04
5.315853004655452657e-02, 2.374500000000000000e+04
5.322650770646060459e-02, 1.162000000000000000e+04
5.329448536636668954e-02, 6.475200000000000000e+04
5.336246302627276755e-02, 4.882200000000000000e+04
5.343044068617884557e-02, 3.627400000000000000e+04
5.349841834608493052e-02, 2.539600000000000000e+04
5.356639600599100853e-02, 1.962600000000000000e+04
5.363437366589708655e-02, 1.577100000000000000e+04
5.370235132580316456e-02, 1.638400000000000000e+04
5.377032898570924951e-02, 2.413800000000000000e+04
5.383830664561532753e-02, 3.134100000000000000e+04
5.390628430552140554e-02, 4.646500000000000000e+04
5.397426196542749050e-02, 5.926600000000000000e+04
5.404223962533356851e-02, 5.681000000000000000e+03
5.411021728523964652e-02, 2.071000000000000000e+04
5.417819494514572454e-02, 3.267700000000000000e+04
5.424617260505180949e-02, 3.939800000000000000e+04
5.431415026495788750e-02, 4.891800000000000000e+04
5.438212792486396552e-02, 4.743000000000000000e+04
5.445010558477005047e-02, 4.678300000000000000e+04
5.451808324467612848e-02, 4.071700000000000000e+04
5.458606090458220650e-02, 2.981900000000000000e+04
5.465403856448828451e-02, 1.894800000000000000e+04
5.472201622439436947e-02, 2.380000000000000000e+03
5.478999388430044748e-02, 5.278200000000000000e+04
5.485797154420652549e-02, 4.198800000000000000e+04
5.492594920411260351e-02, 2.919400000000000000e+04
5.499392686401868846e-02, 2.205400000000000000e+04
5.506190452392476647e-02, 1.597600000000000000e+04
5.512988218383084449e-02, 1.527400000000000000e+04
5.519785984373692944e-02, 2.266000000000000000e+04
5.526583750364300746e-02, 2.915400000000000000e+04
5.533381516354908547e-02, 3.817900000000000000e+04
5.540179282345516348e-02, 5.261800000000000000e+04
5.546977048336124844e-02, 6.528200000000000000e+04
5.553774814326732645e-02, 1.570300000000000000e+04
5.560572580317340446e-02, 2.633500000000000000e+04
5.567370346307948942e-02, 3.985300000000000000e+04
5.574168112298556743e-02, 4.301700000000000000e+04
5.580965878289164545e-02, 4.896300000000000000e+04
5.587763644279772346e-02, 4.692600000000000000e+04
5.594561410270380841e-02, 4.234600000000000000e+04
5.601359176260988643e-02, 3.482100000000000000e+04
5.608156942251596444e-02, 2.324700000000000000e+04
5.614954708242204939e-02, 8.995000000000000000e+03
5.621752474232812741e-02, 6.263800000000000000e+04
5.628550240223420542e-02, 4.887400000000000000e+04
5.635348006214028344e-02, 3.461300000000000000e+04
5.642145772204636839e-02, 2.462300000000000000e+04
5.648943538195244640e-02, 1.801100000000000000e+04
5.655741304185852442e-02, 1.749500000000000000e+04
5.662539070176460937e-02, 1.752900000000000000e+04
5.669336836167068738e-02, 2.477200000000000000e+04
5.676134602157676540e-02, 3.213900000000000000e+04
5.682932368148284341e-02, 4.667200000000000000e+04
5.689730134138892836e-02, 5.957900000000000000e+04
5.696527900129500638e-02, 7.294000000000000000e+03
5.703325666120108439e-02, 2.030500000000000000e+04
5.710123432110716241e-02, 3.476400000000000000e+04
5.716921198101324736e-02, 3.989600000000000000e+04
5.723718964091932537e-02, 4.881200000000000000e+04
5.730516730082540339e-02, 4.743300000000000000e+04
5.737314496073148834e-02, 4.429400000000000000e+04
5.744112262063756635e-02, 3.967600000000000000e+04
5.750910028054364437e-02, 2.865700000000000000e+04
5.757707794044972238e-02, 1.676900000000000000e+04
5.764505560035580733e-02, 8.780000000000000000e+02
5.771303326026188535e-02, 5.134500000000000000e+04
5.778101092016796336e-02, 4.128600000000000000e+04
5.784898858007404832e-02, 2.893700000000000000e+04
5.791696623998012633e-02, 2.166200000000000000e+04
5.798494389988620434e-02, 1.640800000000000000e+04
5.805292155979228236e-02, 1.592100000000000000e+04
5.812089921969836731e-02, 2.260800000000000000e+04
5.818887687960444532e-02, 2.912300000000000000e+04
5.825685453951052334e-02, 3.949000000000000000e+04
5.832483219941660829e-02, 5.348100000000000000e+04
5.839280985932268631e-02, 1.123000000000000000e+03
5.846078751922876432e-02, 1.780600000000000000e+04
5.852876517913484233e-02, 2.714200000000000000e+04
5.859674283904092729e-02, 3.951400000000000000e+04
5.866472049894700530e-02, 4.457200000000000000e+04
5.873269815885308331e-02, 4.689600000000000000e+04
5.880067581875916133e-02, 4.735300000000000000e+04
5.886865347866524628e-02, 4.244900000000000000e+04
5.893663113857132430e-02, 3.384200000000000000e+04
5.900460879847740231e-02, 2.276100000000000000e+04
5.907258645838348726e-02, 7.457000000000000000e+03
5.914056411828956528e-02, 6.100500000000000000e+04
5.920854177819564329e-02, 4.655500000000000000e+04
5.927651943810172130e-02, 3.304000000000000000e+04
5.934449709800780626e-02, 2.477000000000000000e+04
5.941247475791388427e-02, 1.848600000000000000e+04
5.948045241781996229e-02, 1.656900000000000000e+04
5.954843007772604724e-02, 1.951600000000000000e+04
5.961640773763212525e-02, 2.558300000000000000e+04
5.968438539753820327e-02, 3.321500000000000000e+04
5.975236305744428128e-02, 4.818300000000000000e+04
5.982034071735036623e-02, 6.029800000000000000e+04
5.988831837725644425e-02, 8.390000000000000000e+03
5.995629603716252226e-02, 2.094500000000000000e+04
6.002427369706860721e-02, 3.653900000000000000e+04
6.009225135697468523e-02, 4.122200000000000000e+04
6.016022901688076324e-02, 4.933200000000000000e+04
6.022820667678684126e-02, 4.819700000000000000e+04
6.029618433669292621e-02, 4.517000000000000000e+04
6.036416199659900422e-02, 3.971300000000000000e+04
6.043213965650508224e-02, 2.737500000000000000e+04
6.050011731641116025e-02, 1.606200000000000000e+04
6.056809497631724520e-02, 2.290000000000000000e+03
6.063607263622332322e-02, 4.950700000000000000e+04
6.070405029612940123e-02, 3.984200000000000000e+04
6.077202795603548618e-02, 2.752800000000000000e+04
6.084000561594156420e-02, 2.229100000000000000e+04
6.090798327584764221e-02, 1.736600000000000000e+04
6.097596093575372023e-02, 1.665000000000000000e+04
6.104393859565980518e-02, 2.329100000000000000e+04
6.111191625556588319e-02, 3.006900000000000000e+04
6.117989391547196121e-02, 4.181900000000000000e+04
6.124787157537804616e-02, 5.474000000000000000e+04
6.131584923528412417e-02, 2.181000000000000000e+03
6.138382689519020219e-02, 1.773300000000000000e+04
6.145180455509628020e-02, 2.839000000000000000e+04
6.151978221500236516e-02, 3.971200000000000000e+04
6.158775987490844317e-02, 4.659600000000000000e+04
6.165573753481452118e-02, 4.934900000000000000e+04
6.172371519472060614e-02, 4.742700000000000000e+04
6.179169285462668415e-02, 4.205700000000000000e+04
6.185967051453276216e-02, 3.304500000000000000e+04
6.192764817443884018e-02, 2.002800000000000000e+04
6.199562583434492513e-02, 6.138000000000000000e+03
6.206360349425100315e-02, 5.883200000000000000e+04
6.213158115415708116e-02, 4.536500000000000000e+04
6.219955881406315917e-02, 3.281000000000000000e+04
6.226753647396924413e-02, 2.542600000000000000e+04
6.233551413387532214e-02, 1.858800000000000000e+04
6.240349179378140015e-02, 1.720000000000000000e+04
6.247146945368748511e-02, 1.935400000000000000e+04
6.253944711359356312e-02, 2.632900000000000000e+04
6.260742477349964807e-02, 3.392000000000000000e+04
6.267540243340571915e-02, 4.890800000000000000e+04
6.274338009331180410e-02, 6.261500000000000000e+04
6.281135775321788906e-02, 1.090500000000000000e+04
6.287933541312396013e-02, 2.135500000000000000e+04
6.294731307303004508e-02, 3.746600000000000000e+04
6.301529073293611616e-02, 4.133500000000000000e+04
6.308326839284220111e-02, 5.026400000000000000e+04
6.315124605274828606e-02, 4.840500000000000000e+04
6.321922371265435714e-02, 4.477200000000000000e+04
6.328720137256044209e-02, 3.905500000000000000e+04
6.335517903246652704e-02, 2.484600000000000000e+04
6.342315669237259812e-02, 1.575300000000000000e+04
6.349113435227868307e-02, 1.557000000000000000e+03
6.355911201218476803e-02, 4.897800000000000000e+04
6.362708967209083910e-02, 3.860100000000000000e+04
6.369506733199692405e-02, 2.755300000000000000e+04
6.376304499190299513e-02, 2.205800000000000000e+04
6.383102265180908008e-02, 1.761400000000000000e+04
6.389900031171516503e-02, 1.727200000000000000e+04
6.396697797162123611e-02, 2.345500000000000000e+04
6.403495563152732106e-02, 3.086300000000000000e+04
6.410293329143340602e-02, 4.287800000000000000e+04
6.417091095133947709e-02, 5.596900000000000000e+04
6.423888861124556204e-02, 3.603000000000000000e+03
6.430686627115164700e-02, 1.879900000000000000e+04
6.437484393105771807e-02, 3.031200000000000000e+04
6.444282159096380302e-02, 4.021600000000000000e+04
6.451079925086988798e-02, 4.900900000000000000e+04
6.457877691077595905e-02, 4.948800000000000000e+04
6.464675457068204401e-02, 4.661700000000000000e+04
6.471473223058811508e-02, 4.082100000000000000e+04
6.478270989049420003e-02, 3.268100000000000000e+04
6.485068755040028499e-02, 1.874500000000000000e+04
6.491866521030635606e-02, 5.606000000000000000e+03
6.498664287021244101e-02, 5.710100000000000000e+04
6.505462053011852597e-02, 4.404700000000000000e+04
6.512259819002459704e-02, 3.143600000000000000e+04
6.519057584993068200e-02, 2.519600000000000000e+04
6.525855350983676695e-02, 1.846100000000000000e+04
6.532653116974283802e-02, 1.699300000000000000e+04
6.539450882964892298e-02, 2.113900000000000000e+04
6.546248648955499405e-02, 2.720600000000000000e+04
6.553046414946107900e-02, 3.544400000000000000e+04
6.559844180936716396e-02, 5.149300000000000000e+04
6.566641946927323503e-02, 6.407200000000000000e+04
6.573439712917931999e-02, 1.220300000000000000e+04
6.580237478908540494e-02, 2.323600000000000000e+04
6.587035244899147601e-02, 3.850800000000000000e+04
6.593833010889756097e-02, 4.113500000000000000e+04
6.600630776880364592e-02, 5.095800000000000000e+04
6.607428542870971699e-02, 4.710500000000000000e+04
6.614226308861580195e-02, 4.509500000000000000e+04
6.621024074852188690e-02, 3.804200000000000000e+04
6.627821840842795797e-02, 2.395900000000000000e+04
6.634619606833404293e-02, 1.391100000000000000e+04
6.641417372824011400e-02, 1.441000000000000000e+03
6.648215138814619896e-02, 4.914400000000000000e+04
6.655012904805228391e-02, 3.808300000000000000e+04
6.661810670795835498e-02, 2.591900000000000000e+04
6.668608436786443994e-02, 2.059300000000000000e+04
6.675406202777052489e-02, 1.721900000000000000e+04
6.682203968767659596e-02, 1.699000000000000000e+04
6.689001734758268092e-02, 2.343900000000000000e+04
6.695799500748876587e-02, 3.056700000000000000e+04
6.702597266739483695e-02, 4.400500000000000000e+04
6.709395032730092190e-02, 5.704600000000000000e+04
6.716192798720699297e-02, 3.876000000000000000e+03
6.722990564711307793e-02, 2.002000000000000000e+04
6.729788330701916288e-02, 3.154900000000000000e+04
6.736586096692523395e-02, 4.004800000000000000e+04
6.743383862683131891e-02, 4.958300000000000000e+04
6.750181628673740386e-02, 4.877300000000000000e+04
6.756979394664347494e-02, 4.627900000000000000e+04
6.763777160654955989e-02, 4.065100000000000000e+04
6.770574926645564484e-02, 3.128200000000000000e+04
6.777372692636171592e-02, 1.933700000000000000e+04
6.784170458626780087e-02, 4.425000000000000000e+03
6.790968224617388582e-02, 5.560700000000000000e+04
6.797765990607995690e-02, 4.408600000000000000e+04
6.804563756598604185e-02, 2.971100000000000000e+04
6.811361522589211293e-02, 2.409900000000000000e+04
6.818159288579819788e-02, 1.758900000000000000e+04
6.824957054570428283e-02, 1.659700000000000000e+04
6.831754820561035391e-02, 2.394900000000000000e+04
6.838552586551643886e-02, 2.807700000000000000e+04
6.845350352542252381e-02, 3.666400000000000000e+04
6.852148118532859489e-02, 5.168800000000000000e+04
6.858945884523467984e-02, 6.470100000000000000e+04
6.865743650514076479e-02, 1.421000000000000000e+04
6.872541416504683587e-02, 2.429500000000000000e+04
6.879339182495292082e-02, 3.878500000000000000e+04
6.886136948485899190e-02, 4.121600000000000000e+04
6.892934714476507685e-02, 5.041500000000000000e+04
6.899732480467116180e-02, 4.653900000000000000e+04
6.906530246457723288e-02, 4.354000000000000000e+04
6.913328012448331783e-02, 3.699800000000000000e+04
6.920125778438940278e-02, 2.415200000000000000e+04
6.926923544429547386e-02, 1.278400000000000000e+04
6.933721310420155881e-02, 6.441700000000000000e+04
6.940519076410764376e-02, 4.977900000000000000e+04
6.947316842401371484e-02, 3.765800000000000000e+04
6.954114608391979979e-02, 2.577200000000000000e+04
6.960912374382588474e-02, 1.924100000000000000e+04
6.967710140373195582e-02, 1.615900000000000000e+04
6.974507906363804077e-02, 1.621300000000000000e+04
6.981305672354411185e-02, 2.363800000000000000e+04
6.988103438345019680e-02, 3.129500000000000000e+04
6.994901204335628175e-02, 4.593600000000000000e+04
7.001698970326235283e-02, 5.934400000000000000e+04
7.008496736316843778e-02, 4.801000000000000000e+03
7.015294502307452273e-02, 1.987500000000000000e+04
7.022092268298059381e-02, 3.222900000000000000e+04
7.028890034288667876e-02, 3.974200000000000000e+04
7.035687800279276372e-02, 4.918500000000000000e+04
7.042485566269883479e-02, 4.745000000000000000e+04
7.049283332260491974e-02, 4.658100000000000000e+04
7.056081098251099082e-02, 3.996700000000000000e+04
7.062878864241707577e-02, 3.013400000000000000e+04
7.069676630232316072e-02, 1.882300000000000000e+04
7.076474396222923180e-02, 2.478000000000000000e+03
7.083272162213531675e-02, 5.301800000000000000e+04
7.090069928204140171e-02, 4.258000000000000000e+04
7.096867694194747278e-02, 2.983500000000000000e+04
7.103665460185355773e-02, 2.245000000000000000e+04
7.110463226175964269e-02, 1.609000000000000000e+04
7.117260992166571376e-02, 1.553000000000000000e+04
7.124058758157179871e-02, 2.301500000000000000e+04
7.130856524147788367e-02, 2.879100000000000000e+04
7.137654290138395474e-02, 3.715100000000000000e+04
7.144452056129003970e-02, 5.250600000000000000e+04
7.151249822119611077e-02, 6.384200000000000000e+04
7.158047588110219572e-02, 1.518900000000000000e+04
7.164845354100828068e-02, 2.639900000000000000e+04
7.171643120091435175e-02, 3.985500000000000000e+04
7.178440886082043670e-02, 4.207000000000000000e+04
7.185238652072652166e-02, 4.914900000000000000e+04
7.192036418063259273e-02, 4.673500000000000000e+04
7.198834184053867769e-02, 4.259800000000000000e+04
7.205631950044476264e-02, 3.498700000000000000e+04
7.212429716035083371e-02, 2.354200000000000000e+04
7.219227482025691867e-02, 1.123500000000000000e+04
7.226025248016298974e-02, 6.359600000000000000e+04
7.232823014006907469e-02, 4.803200000000000000e+04
7.239620779997515965e-02, 3.512400000000000000e+04
7.246418545988123072e-02, 2.468400000000000000e+04
7.253216311978731567e-02, 1.796800000000000000e+04
7.260014077969340063e-02, 1.540200000000000000e+04
7.266811843959947170e-02, 1.689300000000000000e+04
7.273609609950555666e-02, 2.407200000000000000e+04
7.280407375941164161e-02, 3.188600000000000000e+04
7.287205141931771268e-02, 4.715100000000000000e+04
7.294002907922379764e-02, 5.946600000000000000e+04
7.300800673912988259e-02, 5.503000000000000000e+03
7.307598439903595366e-02, 2.016500000000000000e+04
7.314396205894203862e-02, 3.343600000000000000e+04
7.321193971884810969e-02, 3.955200000000000000e+04
7.327991737875419465e-02, 4.916900000000000000e+04
7.334789503866027960e-02, 4.727000000000000000e+04
7.341587269856635067e-02, 4.662900000000000000e+04
7.348385035847243563e-02, 4.025400000000000000e+04
7.355182801837852058e-02, 2.791700000000000000e+04
7.361980567828459165e-02, 1.732500000000000000e+04
7.368778333819067661e-02, 2.199000000000000000e+03
7.375576099809676156e-02, 5.207100000000000000e+04
7.382373865800283264e-02, 4.097100000000000000e+04
7.389171631790891759e-02, 2.938300000000000000e+04
7.395969397781498866e-02, 2.202300000000000000e+04
7.402767163772107362e-02, 1.619100000000000000e+04
7.409564929762715857e-02, 1.738300000000000000e+04
7.416362695753322964e-02, 2.276600000000000000e+04
7.423160461743931460e-02, 2.952300000000000000e+04
7.429958227734539955e-02, 3.892700000000000000e+04
7.436755993725147063e-02, 5.198100000000000000e+04
7.443553759715755558e-02, 6.531600000000000000e+04
7.450351525706364053e-02, 1.644200000000000000e+04
7.457149291696971161e-02, 2.667600000000000000e+04
7.463947057687579656e-02, 4.020800000000000000e+04
7.470744823678188151e-02, 4.354600000000000000e+04
7.477542589668795259e-02, 4.874700000000000000e+04
7.484340355659403754e-02, 4.746600000000000000e+04
7.491138121650010862e-02, 4.271600000000000000e+04
7.497935887640619357e-02, 3.408300000000000000e+04
7.504733653631227852e-02, 2.251800000000000000e+04
7.511531419621834960e-02, 7.797000000000000000e+03
7.518329185612443455e-02, 6.072000000000000000e+04
7.525126951603051950e-02, 4.682600000000000000e+04
7.531924717593659058e-02, 3.387000000000000000e+04
7.538722483584267553e-02, 2.470500000000000000e+04
7.545520249574876048e-02, 1.778900000000000000e+04
7.552318015565483156e-02, 1.596700000000000000e+04
7.559115781556091651e-02, 1.787700000000000000e+04
7.565913547546698759e-02, 2.485500000000000000e+04
7.572711313537307254e-02, 3.194400000000000000e+04
7.579509079527915749e-02, 4.760500000000000000e+04
7.586306845518522857e-02, 6.032200000000000000e+04
7.593104611509131352e-02, 8.084000000000000000e+03
7.599902377499739847e-02, 1.910800000000000000e+04
7.606700143490346955e-02, 3.495900000000000000e+04
7.613497909480955450e-02, 4.039700000000000000e+04
7.620295675471563945e-02, 4.898200000000000000e+04
7.627093441462171053e-02, 4.784300000000000000e+04
7.633891207452779548e-02, 4.580000000000000000e+04
7.640688973443388043e-02, 3.971900000000000000e+04
7.647486739433995151e-02, 2.789000000000000000e+04
7.654284505424603646e-02, 1.730600000000000000e+04
7.661082271415210754e-02, 2.372000000000000000e+03
7.667880037405819249e-02, 5.058400000000000000e+04
7.674677803396427744e-02, 4.069500000000000000e+04
7.681475569387034852e-02, 2.817900000000000000e+04
7.688273335377643347e-02, 2.208400000000000000e+04
7.695071101368251842e-02, 1.696300000000000000e+04
7.701868867358858950e-02, 1.648100000000000000e+04
7.708666633349467445e-02, 2.253700000000000000e+04
7.715464399340075941e-02, 2.952400000000000000e+04
7.722262165330683048e-02, 4.078300000000000000e+04
7.729059931321291543e-02, 5.451000000000000000e+04
7.735857697311900039e-02, 2.577000000000000000e+03
7.742655463302507146e-02, 1.770400000000000000e+04
7.749453229293115641e-02, 2.755300000000000000e+04
7.756250995283722749e-02, 3.941700000000000000e+04
7.763048761274331244e-02, 4.575300000000000000e+04
7.769846527264939740e-02, 4.904400000000000000e+04
7.776644293255546847e-02, 4.783300000000000000e+04
7.783442059246155342e-02, 4.221400000000000000e+04
7.790239825236763838e-02, 3.376300000000000000e+04
7.797037591227370945e-02, 2.135400000000000000e+04
7.803835357217979440e-02, 6.701000000000000000e+03
7.810633123208587936e-02, 6.016500000000000000e+04
7.817430889199195043e-02, 4.662700000000000000e+04
7.824228655189803538e-02, 3.382800000000000000e+04
7.831026421180410646e-02, 2.527100000000000000e+04
7.837824187171019141e-02, 1.872700000000000000e+04
7.844621953161627637e-02, 1.701500000000000000e+04
7.851419719152234744e-02, 1.840700000000000000e+04
7.858217485142843239e-02, 2.558300000000000000e+04
7.865015251133451735e-02, 3.386800000000000000e+04
7.871813017124058842e-02, 4.845900000000000000e+04
7.878610783114667337e-02, 6.137200000000000000e+04
7.885408549105275833e-02, 9.838000000000000000e+03
7.892206315095882940e-02, 2.180900000000000000e+04
7.899004081086491436e-02, 3.729700000000000000e+04
7.905801847077099931e-02, 4.164500000000000000e+04
7.912599613067707038e-02, 4.967900000000000000e+04
7.919397379058315534e-02, 4.836500000000000000e+04
7.926195145048922641e-02, 4.483700000000000000e+04
7.932992911039531136e-02, 3.975000000000000000e+04
7.939790677030139632e-02, 2.595200000000000000e+04
7.946588443020746739e-02, 1.549400000000000000e+04
7.953386209011355235e-02, 1.987000000000000000e+03
7.960183975001963730e-02, 5.010900000000000000e+04
7.966981740992570837e-02, 3.924000000000000000e+04
7.973779506983179333e-02, 2.654900000000000000e+04
7.980577272973787828e-02, 2.214600000000000000e+04
7.987375038964394935e-02, 1.737600000000000000e+04
7.994172804955003431e-02, 1.713500000000000000e+04
8.000970570945610538e-02, 2.364200000000000000e+04
8.007768336936219034e-02, 3.061000000000000000e+04
8.014566102926827529e-02, 4.200500000000000000e+04
8.021363868917434636e-02, 5.566500000000000000e+04
8.028161634908043132e-02, 2.409000000000000000e+03
8.034959400898651627e-02, 1.829200000000000000e+04
8.041757166889258734e-02, 2.961400000000000000e+04
8.048554932879867230e-02, 3.981600000000000000e+04
8.055352698870475725e-02, 4.786800000000000000e+04
8.062150464861082833e-02, 4.961800000000000000e+04
8.068948230851691328e-02, 4.731900000000000000e+04
8.075745996842299823e-02, 4.128600000000000000e+04
8.082543762832906931e-02, 3.251100000000000000e+04
8.089341528823515426e-02, 1.909600000000000000e+04
8.096139294814122533e-02, 4.965000000000000000e+03
8.102937060804731029e-02, 5.818100000000000000e+04
8.109734826795339524e-02, 4.498700000000000000e+04
8.116532592785946632e-02, 3.212000000000000000e+04
8.123330358776555127e-02, 2.505000000000000000e+04
8.130128124767163622e-02, 1.870000000000000000e+04
8.136925890757770730e-02, 1.732900000000000000e+04
8.143723656748379225e-02, 2.044700000000000000e+04
8.150521422738987720e-02, 2.832400000000000000e+04
8.157319188729594828e-02, 3.479800000000000000e+04
8.164116954720203323e-02, 4.963000000000000000e+04
8.170914720710810430e-02, 6.350200000000000000e+04
8.177712486701418926e-02, 1.033900000000000000e+04
8.184510252692027421e-02, 2.273300000000000000e+04
8.191308018682634529e-02, 3.776900000000000000e+04
8.198105784673243024e-02, 4.114600000000000000e+04
8.204903550663851519e-02, 5.092300000000000000e+04
8.211701316654458627e-02, 4.766300000000000000e+04
8.218499082645067122e-02, 4.481000000000000000e+04
8.225296848635675617e-02, 3.838600000000000000e+04
8.232094614626282725e-02, 2.282600000000000000e+04
8.238892380616891220e-02, 1.449300000000000000e+04
8.245690146607499715e-02, 7.650000000000000000e+02
8.252487912598106823e-02, 4.882600000000000000e+04
8.259285678588715318e-02, 3.983900000000000000e+04
8.266083444579322426e-02, 2.610300000000000000e+04
8.272881210569930921e-02, 2.144200000000000000e+04
8.279678976560539416e-02, 1.746800000000000000e+04
8.286476742551146524e-02, 1.694300000000000000e+04
8.293274508541755019e-02, 2.368500000000000000e+04
8.300072274532363514e-02, 3.109300000000000000e+04
8.306870040522970622e-02, 4.364800000000000000e+04
8.313667806513579117e-02, 5.536700000000000000e+04
8.320465572504187612e-02, 3.141000000000000000e+03
8.327263338494794720e-02, 1.905900000000000000e+04
8.334061104485403215e-02, 3.108800000000000000e+04
8.340858870476010323e-02, 4.075100000000000000e+04
8.347656636466618818e-02, 4.953700000000000000e+04
8.354454402457227313e-02, 4.892300000000000000e+04
8.361252168447834421e-02, 4.630600000000000000e+04
8.368049934438442916e-02, 4.104600000000000000e+04
8.374847700429051411e-02, 3.204500000000000000e+04
8.381645466419658519e-02, 1.857700000000000000e+04
8.388443232410267014e-02, 4.925000000000000000e+03
8.395240998400875509e-02, 5.768300000000000000e+04
8.402038764391482617e-02, 4.478200000000000000e+04
8.408836530382091112e-02, 3.057700000000000000e+04
8.415634296372699608e-02, 2.471300000000000000e+04
8.422432062363306715e-02, 1.785000000000000000e+04
8.429229828353915210e-02, 1.700800000000000000e+04
8.436027594344522318e-02, 2.209100000000000000e+04
8.442825360335130813e-02, 2.737000000000000000e+04
8.449623126325739308e-02, 3.546000000000000000e+04
8.456420892316346416e-02, 5.066400000000000000e+04
8.463218658306954911e-02, 6.401200000000000000e+04
8.470016424297563407e-02, 1.317000000000000000e+04
8.476814190288170514e-02, 2.426800000000000000e+04
8.483611956278779009e-02, 3.844500000000000000e+04
8.490409722269387505e-02, 4.102900000000000000e+04
8.497207488259994612e-02, 5.062100000000000000e+04
8.504005254250603107e-02, 4.713900000000000000e+04
8.510803020241210215e-02, 4.429900000000000000e+04
8.517600786231818710e-02, 3.750000000000000000e+04
8.524398552222427206e-02, 2.399100000000000000e+04
8.531196318213034313e-02, 1.425400000000000000e+04
8.537994084203642808e-02, 6.528800000000000000e+04
8.544791850194251304e-02, 4.913100000000000000e+04
8.551589616184858411e-02, 3.761500000000000000e+04
8.558387382175466906e-02, 2.538200000000000000e+04
8.565185148166075402e-02, 2.010000000000000000e+04
8.571982914156682509e-02, 1.678400000000000000e+04
8.578780680147291005e-02, 1.655800000000000000e+04
8.585578446137899500e-02, 2.314000000000000000e+04
8.592376212128506607e-02, 3.084800000000000000e+04
8.599173978119115103e-02, 4.484200000000000000e+04
8.605971744109722210e-02, 5.812800000000000000e+04
8.612769510100330705e-02, 4.793000000000000000e+03
8.619567276090939201e-02, 1.976100000000000000e+04
8.626365042081546308e-02, 3.178900000000000000e+04
8.633162808072154804e-02, 3.968700000000000000e+04
8.639960574062763299e-02, 4.986400000000000000e+04
8.646758340053370406e-02, 4.792900000000000000e+04
8.653556106043978902e-02, 4.628700000000000000e+04
8.660353872034587397e-02, 4.090300000000000000e+04
8.667151638025194504e-02, 3.105200000000000000e+04
8.673949404015803000e-02, 1.921500000000000000e+04
8.680747170006410107e-02, 3.166000000000000000e+03
8.687544935997018603e-02, 5.448100000000000000e+04
8.694342701987627098e-02, 4.325400000000000000e+04
8.701140467978234205e-02, 2.964900000000000000e+04
8.707938233968842701e-02, 2.336300000000000000e+04
8.714735999959451196e-02, 1.687200000000000000e+04
8.721533765950058303e-02, 1.599400000000000000e+04
8.728331531940666799e-02, 2.286900000000000000e+04
8.735129297931275294e-02, 2.810400000000000000e+04
8.741927063921882401e-02, 3.704300000000000000e+04
8.748724829912490897e-02, 5.234400000000000000e+04
8.755522595903099392e-02, 6.321600000000000000e+04
8.762320361893706500e-02, 1.459900000000000000e+04
8.769118127884314995e-02, 2.525000000000000000e+04
8.775915893874922102e-02, 3.947700000000000000e+04
8.782713659865530598e-02, 4.053200000000000000e+04
8.789511425856139093e-02, 4.958900000000000000e+04
8.796309191846746200e-02, 4.648000000000000000e+04
8.803106957837354696e-02, 4.290100000000000000e+04
8.809904723827963191e-02, 3.617500000000000000e+04
8.816702489818570299e-02, 2.375800000000000000e+04
8.823500255809178794e-02, 1.162100000000000000e+04
8.830298021799787289e-02, 6.394100000000000000e+04
8.837095787790394397e-02, 4.825800000000000000e+04
8.843893553781002892e-02, 3.624000000000000000e+04
8.850691319771609999e-02, 2.539500000000000000e+04
8.857489085762218495e-02, 1.830700000000000000e+04
8.864286851752826990e-02, 1.546400000000000000e+04
8.871084617743434098e-02, 1.636300000000000000e+04
8.877882383734042593e-02, 2.413800000000000000e+04
8.884680149724651088e-02, 3.171500000000000000e+04
8.891477915715258196e-02, 4.744900000000000000e+04
8.898275681705866691e-02, 5.933200000000000000e+04
8.905073447696475186e-02, 5.683000000000000000e+03
8.911871213687082294e-02, 2.020300000000000000e+04
8.918668979677690789e-02, 3.307300000000000000e+04
8.925466745668299284e-02, 3.942600000000000000e+04
8.932264511658906392e-02, 4.891900000000000000e+04
8.939062277649514887e-02, 4.724100000000000000e+04
8.945860043640121995e-02, 4.540400000000000000e+04
8.952657809630730490e-02, 4.061200000000000000e+04
8.959455575621338985e-02, 2.981500000000000000e+04
8.966253341611946093e-02, 1.805800000000000000e+04
8.973051107602554588e-02, 2.993000000000000000e+03
8.979848873593163083e-02, 5.283400000000000000e+04
8.986646639583770191e-02, 4.199000000000000000e+04
8.993444405574378686e-02, 2.966800000000000000e+04
9.000242171564987181e-02, 2.170500000000000000e+04
9.007039937555594289e-02, 1.593900000000000000e+04
9.013837703546202784e-02, 1.527200000000000000e+04
9.020635469536809892e-02, 2.275500000000000000e+04
9.027433235527418387e-02, 2.886800000000000000e+04
9.034231001518026882e-02, 3.815600000000000000e+04
9.041028767508633990e-02, 5.261700000000000000e+04
9.047826533499242485e-02, 6.459700000000000000e+04
9.054624299489850980e-02, 1.454700000000000000e+04
9.061422065480458088e-02, 2.622900000000000000e+04
9.068219831471066583e-02, 3.984800000000000000e+04
9.075017597461675078e-02, 4.286700000000000000e+04
9.081815363452282186e-02, 4.920800000000000000e+04
9.088613129442890681e-02, 4.696000000000000000e+04
9.095410895433499177e-02, 4.234800000000000000e+04
9.102208661424106284e-02, 3.428000000000000000e+04
9.109006427414714779e-02, 2.381800000000000000e+04
9.115804193405321887e-02, 9.059000000000000000e+03
9.122601959395930382e-02, 6.264100000000000000e+04
9.129399725386538877e-02, 4.732800000000000000e+04
9.136197491377145985e-02, 3.597400000000000000e+04
9.142995257367754480e-02, 2.479300000000000000e+04
9.149793023358362976e-02, 1.801800000000000000e+04
9.156590789348970083e-02, 1.568800000000000000e+04
9.163388555339578578e-02, 1.925600000000000000e+04
9.170186321330187074e-02, 2.498500000000000000e+04
9.176984087320794181e-02, 3.214900000000000000e+04
9.183781853311402676e-02, 4.746400000000000000e+04
9.190579619302009784e-02, 6.100500000000000000e+04
9.197377385292618279e-02, 7.462000000000000000e+03
9.204175151283226775e-02, 2.031200000000000000e+04
9.210972917273833882e-02, 3.447400000000000000e+04
9.217770683264442377e-02, 4.027200000000000000e+04
9.224568449255050873e-02, 4.887800000000000000e+04
9.231366215245657980e-02, 4.743600000000000000e+04
9.238163981236266475e-02, 4.610000000000000000e+04
9.244961747226874971e-02, 3.808200000000000000e+04
9.251759513217482078e-02, 2.838800000000000000e+04
9.258557279208090574e-02, 1.675700000000000000e+04
9.265355045198699069e-02, 2.117000000000000000e+03
9.272152811189306176e-02, 5.051200000000000000e+04
9.278950577179914672e-02, 4.114000000000000000e+04
9.285748343170521779e-02, 2.893100000000000000e+04
9.292546109161130274e-02, 2.216000000000000000e+04
9.299343875151738770e-02, 1.615300000000000000e+04
9.306141641142345877e-02, 1.587000000000000000e+04
9.312939407132954373e-02, 2.260500000000000000e+04
9.319737173123562868e-02, 2.955600000000000000e+04
9.326534939114169975e-02, 3.899200000000000000e+04
9.333332705104778471e-02, 5.337800000000000000e+04
9.340130471095386966e-02, 1.118000000000000000e+03
9.346928237085994073e-02, 1.711600000000000000e+04
9.353726003076602569e-02, 2.761300000000000000e+04
9.360523769067209676e-02, 3.966600000000000000e+04
9.367321535057818171e-02, 4.457900000000000000e+04
9.374119301048426667e-02, 4.879900000000000000e+04
9.380917067039033774e-02, 4.805300000000000000e+04
9.387714833029642270e-02, 4.256100000000000000e+04
9.394512599020250765e-02, 3.384800000000000000e+04
9.401310365010857872e-02, 2.179800000000000000e+04
9.408108131001466368e-02, 8.037000000000000000e+03
9.414905896992074863e-02, 6.123400000000000000e+04
9.421703662982681970e-02, 4.656600000000000000e+04
9.428501428973290466e-02, 3.352900000000000000e+04
9.435299194963898961e-02, 2.454200000000000000e+04
9.442096960954506069e-02, 1.838100000000000000e+04
9.448894726945114564e-02, 1.656300000000000000e+04
9.455692492935721671e-02, 1.828900000000000000e+04
9.462490258926330167e-02, 2.489400000000000000e+04
9.469288024916938662e-02, 3.302000000000000000e+04
9.476085790907545769e-02, 4.817300000000000000e+04
9.482883556898154265e-02, 6.123600000000000000e+04
9.489681322888762760e-02, 9.560000000000000000e+03
9.496479088879369868e-02, 2.123000000000000000e+04
9.503276854869978363e-02, 3.655300000000000000e+04
9.510074620860586858e-02, 4.113300000000000000e+04
9.516872386851193966e-02, 4.933500000000000000e+04
9.523670152841802461e-02, 4.828700000000000000e+04
9.530467918832410956e-02, 4.517500000000000000e+04
9.537265684823018064e-02, 3.968100000000000000e+04
9.544063450813626559e-02, 2.625800000000000000e+04
9.550861216804233667e-02, 1.552000000000000000e+04
9.557658982794842162e-02, 2.261000000000000000e+03
9.564456748785450657e-02, 4.977000000000000000e+04
9.571254514776057765e-02, 3.982100000000000000e+04
9.578052280766666260e-02, 2.729000000000000000e+04
9.584850046757274755e-02, 2.227700000000000000e+04
9.591647812747881863e-02, 1.736500000000000000e+04
9.598445578738490358e-02, 1.693900000000000000e+04
9.605243344729098853e-02, 2.314700000000000000e+04
9.612041110719705961e-02, 3.006000000000000000e+04
9.618838876710314456e-02, 4.181900000000000000e+04
9.625636642700921564e-02, 5.536400000000000000e+04
9.632434408691530059e-02, 1.723000000000000000e+03
9.639232174682138554e-02, 1.770400000000000000e+04
9.646029940672745662e-02, 2.838800000000000000e+04
9.652827706663354157e-02, 3.955000000000000000e+04
9.659625472653962652e-02, 4.676800000000000000e+04
9.666423238644569760e-02, 4.936000000000000000e+04
9.673221004635178255e-02, 4.742700000000000000e+04
9.680018770625786750e-02, 4.165200000000000000e+04
9.686816536616393858e-02, 3.328200000000000000e+04
9.693614302607002353e-02, 2.004500000000000000e+04
9.700412068597610848e-02, 6.138000000000000000e+03
9.707209834588217956e-02, 5.911500000000000000e+04
9.714007600578826451e-02, 4.618100000000000000e+04
9.720805366569433559e-02, 3.286400000000000000e+04
9.727603132560042054e-02, 2.542800000000000000e+04
9.734400898550650549e-02, 1.879400000000000000e+04
9.741198664541257657e-02, 1.707000000000000000e+04
9.747996430531866152e-02, 1.934600000000000000e+04
9.754794196522474647e-02, 2.632900000000000000e+04
9.761591962513081755e-02, 3.432100000000000000e+04
9.768389728503690250e-02, 4.849100000000000000e+04
9.775187494494298746e-02, 6.258400000000000000e+04
9.781985260484905853e-02, 1.090400000000000000e+04
9.788783026475514348e-02, 2.254500000000000000e+04
9.795580792466121456e-02, 3.793700000000000000e+04
9.802378558456729951e-02, 4.136500000000000000e+04
9.809176324447338446e-02, 5.026500000000000000e+04
9.815974090437945554e-02, 4.800900000000000000e+04
9.822771856428554049e-02, 4.496400000000000000e+04
9.829569622419162545e-02, 3.906900000000000000e+04
9.836367388409769652e-02, 2.484700000000000000e+04
9.843165154400378147e-02, 1.505100000000000000e+04
9.849962920390986643e-02, 6.890000000000000000e+02
9.856760686381593750e-02, 4.891800000000000000e+04
9.863558452372202245e-02, 3.859900000000000000e+04
9.870356218362810741e-02, 2.603100000000000000e+04
9.877153984353417848e-02, 2.343500000000000000e+04
9.883951750344026344e-02, 1.774000000000000000e+04
9.890749516334633451e-02, 1.727700000000000000e+04
9.897547282325241946e-02, 2.377200000000000000e+04
9.904345048315850442e-02, 3.054400000000000000e+04
9.911142814306457549e-02, 4.285000000000000000e+04
9.917940580297066044e-02, 5.596800000000000000e+04
9.924738346287674540e-02, 2.803000000000000000e+03
9.931536112278281647e-02, 1.952300000000000000e+04
9.938333878268890142e-02, 3.038200000000000000e+04
9.945131644259498638e-02, 4.021800000000000000e+04
9.951929410250105745e-02, 4.904700000000000000e+04
9.958727176240714241e-02, 4.968200000000000000e+04
9.965524942231321348e-02, 4.663300000000000000e+04
9.972322708221929843e-02, 4.082100000000000000e+04
9.979120474212538339e-02, 3.220900000000000000e+04
9.985918240203145446e-02, 1.736700000000000000e+04
9.992716006193753941e-02, 5.481000000000000000e+03
9.999513772184362437e-02, 5.709600000000000000e+04
1.000631153817496954e-01, 4.477600000000000000e+04
1.001310930416557804e-01, 3.310000000000000000e+04
1.001990707015618653e-01, 2.538000000000000000e+04
1.002670483614679364e-01, 1.846900000000000000e+04
1.003350260213740214e-01, 1.722500000000000000e+04
1.004030036812801063e-01, 2.088100000000000000e+04
1.004709813411861774e-01, 2.717700000000000000e+04
1.005389590010922624e-01, 3.544300000000000000e+04
1.006069366609983334e-01, 5.024500000000000000e+04
1.006749143209044184e-01, 6.516400000000000000e+04
1.007428919808105033e-01, 1.235000000000000000e+04
1.008108696407165744e-01, 2.324200000000000000e+04
1.008788473006226594e-01, 3.802500000000000000e+04
1.009468249605287443e-01, 4.149700000000000000e+04
1.010148026204348154e-01, 5.103800000000000000e+04
1.010827802803409003e-01, 4.710900000000000000e+04
1.011507579402469853e-01, 4.462700000000000000e+04
1.012187356001530564e-01, 3.843300000000000000e+04
1.012867132600591413e-01, 2.400900000000000000e+04
1.013546909199652124e-01, 1.391300000000000000e+04
1.014226685798712974e-01, 9.300000000000000000e+01
1.014906462397773823e-01, 4.800400000000000000e+04
1.015586238996834534e-01, 3.795200000000000000e+04
1.016266015595895383e-01, 2.591400000000000000e+04
1.016945792194956233e-01, 2.074300000000000000e+04
1.017625568794016944e-01, 1.697100000000000000e+04
1.018305345393077793e-01, 1.696500000000000000e+04
1.018985121992138643e-01, 2.343800000000000000e+04
1.019664898591199353e-01, 3.100000000000000000e+04
1.020344675190260203e-01, 4.573900000000000000e+04
1.021024451789321053e-01, 5.732500000000000000e+04
1.021704228388381763e-01, 3.889000000000000000e+03
1.022384004987442613e-01, 1.923200000000000000e+04
1.023063781586503324e-01, 3.198900000000000000e+04
1.023743558185564173e-01, 4.019300000000000000e+04
1.024423334784625023e-01, 4.959100000000000000e+04
1.025103111383685733e-01, 4.827400000000000000e+04
1.025782887982746583e-01, 4.656200000000000000e+04
1.026462664581807432e-01, 4.069400000000000000e+04
1.027142441180868143e-01, 3.128400000000000000e+04
1.027822217779928993e-01, 1.887200000000000000e+04
1.028501994378989842e-01, 5.113000000000000000e+03
1.029181770978050553e-01, 5.583800000000000000e+04
1.029861547577111403e-01, 4.409700000000000000e+04
1.030541324176172113e-01, 3.005000000000000000e+04
1.031221100775232963e-01, 2.398300000000000000e+04
1.031900877374293812e-01, 1.746100000000000000e+04
1.032580653973354523e-01, 1.659000000000000000e+04
1.033260430572415373e-01, 2.272200000000000000e+04
1.033940207171476222e-01, 2.742500000000000000e+04
1.034619983770536933e-01, 3.645400000000000000e+04
1.035299760369597782e-01, 5.167700000000000000e+04
1.035979536968658632e-01, 6.376200000000000000e+04
1.036659313567719343e-01, 1.323300000000000000e+04
1.037339090166780192e-01, 2.382900000000000000e+04
1.038018866765841042e-01, 3.876000000000000000e+04
1.038698643364901752e-01, 4.121500000000000000e+04
1.039378419963962602e-01, 5.054300000000000000e+04
1.040058196563023313e-01, 4.658000000000000000e+04
1.040737973162084162e-01, 4.354300000000000000e+04
1.041417749761145012e-01, 3.665900000000000000e+04
1.042097526360205723e-01, 2.422200000000000000e+04
1.042777302959266572e-01, 1.302500000000000000e+04
1.043457079558327422e-01, 6.443000000000000000e+04
1.044136856157388132e-01, 4.904600000000000000e+04
1.044816632756448982e-01, 3.690400000000000000e+04
1.045496409355509831e-01, 2.550300000000000000e+04
1.046176185954570542e-01, 1.922600000000000000e+04
1.046855962553631392e-01, 1.615900000000000000e+04
1.047535739152692102e-01, 1.608200000000000000e+04
1.048215515751752952e-01, 2.355800000000000000e+04
1.048895292350813802e-01, 3.129100000000000000e+04
1.049575068949874512e-01, 4.584500000000000000e+04
1.050254845548935362e-01, 5.897800000000000000e+04
1.050934622147996211e-01, 4.260000000000000000e+03
1.051614398747056922e-01, 1.984200000000000000e+04
1.052294175346117772e-01, 3.222800000000000000e+04
1.052973951945178621e-01, 3.944000000000000000e+04
1.053653728544239332e-01, 4.938700000000000000e+04
1.054333505143300181e-01, 4.746300000000000000e+04
1.055013281742361031e-01, 4.658200000000000000e+04
1.055693058341421742e-01, 4.094200000000000000e+04
1.056372834940482591e-01, 3.049000000000000000e+04
1.057052611539543302e-01, 1.884700000000000000e+04
1.057732388138604152e-01, 2.479000000000000000e+03
1.058412164737665001e-01, 5.333300000000000000e+04
1.059091941336725712e-01, 4.214700000000000000e+04
1.059771717935786561e-01, 2.980500000000000000e+04
1.060451494534847411e-01, 2.244900000000000000e+04
1.061131271133908122e-01, 1.615400000000000000e+04
1.061811047732968971e-01, 1.532100000000000000e+04
1.062490824332029821e-01, 2.299800000000000000e+04
1.063170600931090531e-01, 2.879000000000000000e+04
1.063850377530151381e-01, 3.767500000000000000e+04
1.064530154129212092e-01, 5.338500000000000000e+04
1.065209930728272941e-01, 6.390000000000000000e+04
1.065889707327333791e-01, 1.519100000000000000e+04
1.066569483926394502e-01, 2.603800000000000000e+04
1.067249260525455351e-01, 4.018100000000000000e+04
1.067929037124516201e-01, 4.209300000000000000e+04
1.068608813723576911e-01, 4.915000000000000000e+04
1.069288590322637761e-01, 4.667300000000000000e+04
1.069968366921698610e-01, 4.288100000000000000e+04
1.070648143520759321e-01, 3.501300000000000000e+04
1.071327920119820171e-01, 2.354300000000000000e+04
1.072007696718881020e-01, 1.003000000000000000e+04
1.072687473317941731e-01, 6.430200000000000000e+04
1.073367249917002580e-01, 4.809000000000000000e+04
1.074047026516063291e-01, 3.512600000000000000e+04
1.074726803115124141e-01, 2.485700000000000000e+04
1.075406579714184990e-01, 1.768500000000000000e+04
1.076086356313245701e-01, 1.538000000000000000e+04
1.076766132912306551e-01, 1.689200000000000000e+04
1.077445909511367400e-01, 2.457700000000000000e+04
1.078125686110428111e-01, 3.153700000000000000e+04
1.078805462709488960e-01, 4.712000000000000000e+04
1.079485239308549810e-01, 5.946500000000000000e+04
1.080165015907610521e-01, 6.744000000000000000e+03
1.080844792506671370e-01, 2.093400000000000000e+04
1.081524569105732081e-01, 3.349600000000000000e+04
1.082204345704792930e-01, 3.955400000000000000e+04
1.082884122303853780e-01, 4.879400000000000000e+04
1.083563898902914491e-01, 4.753900000000000000e+04
1.084243675501975340e-01, 4.666500000000000000e+04
1.084923452101036190e-01, 4.025600000000000000e+04
1.085603228700096901e-01, 2.918700000000000000e+04
1.086283005299157750e-01, 1.608800000000000000e+04
1.086962781898218600e-01, 2.069000000000000000e+03
1.087642558497279310e-01, 5.206500000000000000e+04
1.088322335096340160e-01, 4.158600000000000000e+04
1.089002111695401009e-01, 2.894100000000000000e+04
1.089681888294461720e-01, 2.198200000000000000e+04
1.090361664893522570e-01, 1.619000000000000000e+04
1.091041441492583280e-01, 1.557600000000000000e+04
1.091721218091644130e-01, 2.220900000000000000e+04
1.092400994690704980e-01, 2.946000000000000000e+04
1.093080771289765690e-01, 3.892400000000000000e+04
1.093760547888826540e-01, 5.296500000000000000e+04
1.094440324487887389e-01, 1.088000000000000000e+03
1.095120101086948100e-01, 1.659600000000000000e+04
1.095799877686008950e-01, 2.668300000000000000e+04
1.096479654285069799e-01, 3.964400000000000000e+04
1.097159430884130510e-01, 4.391800000000000000e+04
1.097839207483191359e-01, 4.878700000000000000e+04
1.098518984082252070e-01, 4.746800000000000000e+04
1.099198760681312920e-01, 4.239800000000000000e+04
1.099878537280373769e-01, 3.447800000000000000e+04
1.100558313879434480e-01, 2.257800000000000000e+04
1.101238090478495329e-01, 7.799000000000000000e+03
1.101917867077556179e-01, 6.156900000000000000e+04
1.102597643676616890e-01, 4.846200000000000000e+04
1.103277420275677739e-01, 3.411900000000000000e+04
1.103957196874738589e-01, 2.471700000000000000e+04
1.104636973473799300e-01, 1.828700000000000000e+04
1.105316750072860149e-01, 1.571200000000000000e+04
1.105996526671920999e-01, 1.782600000000000000e+04
1.106676303270981709e-01, 2.485300000000000000e+04
1.107356079870042559e-01, 3.268400000000000000e+04
1.108035856469103270e-01, 4.696400000000000000e+04
1.108715633068164119e-01, 6.019400000000000000e+04
1.109395409667224969e-01, 8.078000000000000000e+03
1.110075186266285679e-01, 2.058600000000000000e+04
1.110754962865346529e-01, 3.375300000000000000e+04
1.111434739464407379e-01, 4.003300000000000000e+04
1.112114516063468089e-01, 4.896300000000000000e+04
1.112794292662528939e-01, 4.784300000000000000e+04
1.113474069261589788e-01, 4.600500000000000000e+04
1.114153845860650499e-01, 3.979100000000000000e+04
1.114833622459711349e-01, 2.789400000000000000e+04
1.115513399058772198e-01, 1.637400000000000000e+04
1.116193175657832909e-01, 1.022000000000000000e+03
1.116872952256893758e-01, 5.033500000000000000e+04
1.117552728855954469e-01, 4.068300000000000000e+04
1.118232505455015319e-01, 2.817900000000000000e+04
1.118912282054076168e-01, 2.179900000000000000e+04
1.119592058653136879e-01, 1.690200000000000000e+04
1.120271835252197729e-01, 1.647800000000000000e+04
1.120951611851258578e-01, 2.300600000000000000e+04
1.121631388450319289e-01, 2.947900000000000000e+04
1.122311165049380138e-01, 4.059800000000000000e+04
1.122990941648440988e-01, 5.450000000000000000e+04
1.123670718247501699e-01, 1.968000000000000000e+03
1.124350494846562548e-01, 1.792200000000000000e+04
1.125030271445623259e-01, 2.780200000000000000e+04
1.125710048044684108e-01, 3.943000000000000000e+04
1.126389824643744958e-01, 4.575300000000000000e+04
1.127069601242805669e-01, 4.906500000000000000e+04
1.127749377841866518e-01, 4.793000000000000000e+04
1.128429154440927368e-01, 4.221900000000000000e+04
1.129108931039988079e-01, 3.342500000000000000e+04
1.129788707639048928e-01, 2.025900000000000000e+04
1.130468484238109778e-01, 6.201000000000000000e+03
1.131148260837170488e-01, 6.013900000000000000e+04
1.131828037436231338e-01, 4.589300000000000000e+04
1.132507814035292187e-01, 3.388400000000000000e+04
1.133187590634352898e-01, 2.585300000000000000e+04
1.133867367233413748e-01, 1.876000000000000000e+04
1.134547143832474458e-01, 1.701600000000000000e+04
1.135226920431535308e-01, 1.859500000000000000e+04
1.135906697030596157e-01, 2.545200000000000000e+04
1.136586473629656868e-01, 3.386000000000000000e+04
1.137266250228717718e-01, 4.854900000000000000e+04
1.137946026827778567e-01, 6.193400000000000000e+04
1.138625803426839278e-01, 9.344000000000000000e+03
1.139305580025900128e-01, 2.177800000000000000e+04
1.139985356624960977e-01, 3.729600000000000000e+04
1.140665133224021688e-01, 4.139700000000000000e+04
1.141344909823082537e-01, 4.992200000000000000e+04
1.142024686422143248e-01, 4.838300000000000000e+04
1.142704463021204098e-01, 4.483700000000000000e+04
1.143384239620264947e-01, 3.944400000000000000e+04
1.144064016219325658e-01, 2.625700000000000000e+04
1.144743792818386507e-01, 1.551600000000000000e+04
1.145423569417447357e-01, 1.988000000000000000e+03
1.146103346016508068e-01, 4.927600000000000000e+04
1.146783122615568917e-01, 3.996600000000000000e+04
1.147462899214629767e-01, 2.659800000000000000e+04
1.148142675813690478e-01, 2.214800000000000000e+04
1.148822452412751327e-01, 1.758200000000000000e+04
1.149502229011812177e-01, 1.700600000000000000e+04
1.150182005610872887e-01, 2.363400000000000000e+04
1.150861782209933737e-01, 3.060900000000000000e+04
1.151541558808994448e-01, 4.248100000000000000e+04
1.152221335408055297e-01, 5.518400000000000000e+04
1.152901112007116147e-01, 2.374000000000000000e+03
1.153580888606176857e-01, 1.829100000000000000e+04
1.154260665205237707e-01, 2.952600000000000000e+04
1.154940441804298557e-01, 4.014800000000000000e+04
1.155620218403359267e-01, 4.789300000000000000e+04
1.156299995002420117e-01, 4.961900000000000000e+04
1.156979771601480966e-01, 4.691800000000000000e+04
1.157659548200541677e-01, 4.145600000000000000e+04
1.158339324799602527e-01, 3.252300000000000000e+04
1.159019101398663237e-01, 1.909700000000000000e+04
1.159698877997724087e-01, 5.847000000000000000e+03
1.160378654596784936e-01, 5.903000000000000000e+04
1.161058431195845647e-01, 4.504900000000000000e+04
1.161738207794906497e-01, 3.212300000000000000e+04
1.162417984393967346e-01, 2.537800000000000000e+04
1.163097760993028057e-01, 1.837200000000000000e+04
1.163777537592088906e-01, 1.729400000000000000e+04
1.164457314191149756e-01, 2.044500000000000000e+04
1.165137090790210467e-01, 2.694200000000000000e+04
1.165816867389271316e-01, 3.425000000000000000e+04
1.166496643988332166e-01, 4.959100000000000000e+04
1.167176420587392877e-01, 6.350000000000000000e+04
1.167856197186453726e-01, 1.167000000000000000e+04
1.168535973785514437e-01, 2.158400000000000000e+04
1.169215750384575286e-01, 3.765600000000000000e+04
1.169895526983636136e-01, 4.114100000000000000e+04
1.170575303582696847e-01, 5.086000000000000000e+04
1.171255080181757696e-01, 4.787200000000000000e+04
1.171934856780818546e-01, 4.482700000000000000e+04
1.172614633379879256e-01, 3.838600000000000000e+04
1.173294409978940106e-01, 2.414600000000000000e+04
1.173974186578000956e-01, 1.338000000000000000e+04
1.174653963177061666e-01, 6.550000000000000000e+02
1.175333739776122516e-01, 4.882100000000000000e+04
1.176013516375183227e-01, 3.828600000000000000e+04
1.176693292974244076e-01, 2.544400000000000000e+04
1.177373069573304926e-01, 2.138700000000000000e+04
1.178052846172365636e-01, 1.746600000000000000e+04
1.178732622771426486e-01, 1.717500000000000000e+04
1.179412399370487335e-01, 2.329400000000000000e+04
1.180092175969548046e-01, 3.102900000000000000e+04
1.180771952568608896e-01, 4.364500000000000000e+04
1.181451729167669745e-01, 5.646300000000000000e+04
1.182131505766730456e-01, 2.133000000000000000e+03
1.182811282365791306e-01, 1.892200000000000000e+04
1.183491058964852155e-01, 3.108100000000000000e+04
1.184170835563912866e-01, 4.023600000000000000e+04
1.184850612162973715e-01, 4.990900000000000000e+04
1.185530388762034426e-01, 4.897600000000000000e+04
1.186210165361095276e-01, 4.630800000000000000e+04
1.186889941960156125e-01, 4.062100000000000000e+04
1.187569718559216836e-01, 3.017700000000000000e+04
1.188249495158277685e-01, 1.831700000000000000e+04
1.188929271757338535e-01, 4.913000000000000000e+03
1.189609048356399246e-01, 5.621100000000000000e+04
1.190288824955460095e-01, 4.371900000000000000e+04
1.190968601554520945e-01, 3.044100000000000000e+04
1.191648378153581656e-01, 2.470700000000000000e+04
1.192328154752642505e-01, 1.800000000000000000e+04
1.193007931351703216e-01, 1.676100000000000000e+04
1.193687707950764065e-01, 2.206600000000000000e+04
1.194367484549824915e-01, 2.736900000000000000e+04
1.195047261148885626e-01, 3.623800000000000000e+04
1.195727037747946475e-01, 4.997700000000000000e+04
1.196406814347007325e-01, 6.385100000000000000e+04
1.197086590946068035e-01, 1.316200000000000000e+04
1.197766367545128885e-01, 2.377400000000000000e+04
1.198446144144189734e-01, 3.884200000000000000e+04
1.199125920743250445e-01, 4.110100000000000000e+04
1.199805697342311295e-01, 5.062400000000000000e+04
1.200485473941372144e-01, 4.669100000000000000e+04
1.201165250540432855e-01, 4.445600000000000000e+04
1.201845027139493705e-01, 3.761000000000000000e+04
1.202524803738554415e-01, 2.399700000000000000e+04
1.203204580337615265e-01, 1.329100000000000000e+04
1.203884356936676114e-01, 5.280000000000000000e+02
1.204564133535736825e-01, 4.937500000000000000e+04
1.205243910134797675e-01, 3.762700000000000000e+04
1.205923686733858524e-01, 2.586500000000000000e+04
1.206603463332919235e-01, 1.988600000000000000e+04
1.207283239931980084e-01, 1.668500000000000000e+04
1.207963016531040934e-01, 1.655300000000000000e+04
1.208642793130101645e-01, 2.340300000000000000e+04
1.209322569729162494e-01, 3.078900000000000000e+04
1.210002346328223205e-01, 4.465500000000000000e+04
1.210682122927284055e-01, 5.811800000000000000e+04
1.211361899526344904e-01, 4.354000000000000000e+03
1.212041676125405615e-01, 2.003700000000000000e+04
1.212721452724466464e-01, 3.199300000000000000e+04
1.213401229323527314e-01, 3.969800000000000000e+04
1.214081005922588025e-01, 4.936700000000000000e+04
1.214760782521648874e-01, 4.673200000000000000e+04
1.215440559120709724e-01, 4.565300000000000000e+04
1.216120335719770434e-01, 4.086900000000000000e+04
1.216800112318831284e-01, 3.056300000000000000e+04
1.217479888917892134e-01, 1.939200000000000000e+04
1.218159665516952844e-01, 3.430000000000000000e+03
1.218839442116013694e-01, 5.449500000000000000e+04
1.219519218715074405e-01, 4.325500000000000000e+04
1.220198995314135254e-01, 2.942600000000000000e+04
1.220878771913196104e-01, 2.324400000000000000e+04
1.221558548512256814e-01, 1.686600000000000000e+04
1.222238325111317664e-01, 1.599400000000000000e+04
1.222918101710378513e-01, 2.301200000000000000e+04
1.223597878309439224e-01, 2.793600000000000000e+04
1.224277654908500074e-01, 3.703300000000000000e+04
1.224957431507560923e-01, 5.234400000000000000e+04
1.225637208106621634e-01, 6.366200000000000000e+04
1.226316984705682483e-01, 1.516800000000000000e+04
1.226996761304743194e-01, 2.528400000000000000e+04
1.227676537903804044e-01, 3.947800000000000000e+04
1.228356314502864893e-01, 4.165000000000000000e+04
1.229036091101925604e-01, 4.980100000000000000e+04
1.229715867700986454e-01, 4.649000000000000000e+04
1.230395644300047303e-01, 4.290200000000000000e+04
1.231075420899108014e-01, 3.561900000000000000e+04
1.231755197498168863e-01, 2.406100000000000000e+04
1.232434974097229713e-01, 1.164100000000000000e+04
1.233114750696290424e-01, 6.394200000000000000e+04
1.233794527295351273e-01, 4.856700000000000000e+04
1.234474303894412123e-01, 3.711600000000000000e+04
1.235154080493472833e-01, 2.545300000000000000e+04
1.235833857092533683e-01, 1.830900000000000000e+04
1.236513633691594394e-01, 1.552700000000000000e+04
1.237193410290655243e-01, 1.615300000000000000e+04
1.237873186889716093e-01, 2.412000000000000000e+04
1.238552963488776804e-01, 3.171400000000000000e+04
1.239232740087837653e-01, 4.675000000000000000e+04
1.239912516686898503e-01, 6.010500000000000000e+04
1.240592293285959213e-01, 5.738000000000000000e+03
1.241272069885020063e-01, 2.020500000000000000e+04
1.241951846484080912e-01, 3.287800000000000000e+04
1.242631623083141623e-01, 3.814500000000000000e+04
1.243311399682202473e-01, 4.882300000000000000e+04
1.243991176281263183e-01, 4.723800000000000000e+04
1.244670952880324033e-01, 4.679500000000000000e+04
1.245350729479384883e-01, 4.097200000000000000e+04
1.246030506078445593e-01, 2.983800000000000000e+04
1.246710282677506443e-01, 1.805900000000000000e+04
1.247390059276567292e-01, 2.294000000000000000e+03
1.248069835875628003e-01, 5.201400000000000000e+04
1.248749612474688853e-01, 4.193200000000000000e+04
1.249429389073749702e-01, 2.966600000000000000e+04
1.250109165672810552e-01, 2.203500000000000000e+04
1.250788942271871262e-01, 1.573600000000000000e+04
1.251468718870931973e-01, 1.525700000000000000e+04
1.252148495469992961e-01, 2.275500000000000000e+04
1.252828272069053672e-01, 2.931800000000000000e+04
1.253508048668114383e-01, 3.775900000000000000e+04
1.254187825267175371e-01, 5.258400000000000000e+04
1.254867601866236082e-01, 6.459500000000000000e+04
1.255547378465296793e-01, 1.587200000000000000e+04
1.256227155064357781e-01, 2.702200000000000000e+04
1.256906931663418492e-01, 3.991800000000000000e+04
1.257586708262479203e-01, 4.287000000000000000e+04
1.258266484861539913e-01, 4.883400000000000000e+04
1.258946261460600902e-01, 4.723400000000000000e+04
1.259626038059661612e-01, 4.237900000000000000e+04
1.260305814658722323e-01, 3.428100000000000000e+04
1.260985591257783311e-01, 2.299400000000000000e+04
1.261665367856844022e-01, 7.670000000000000000e+03
1.262345144455904733e-01, 6.250600000000000000e+04
1.263024921054965721e-01, 4.732300000000000000e+04
1.263704697654026432e-01, 3.421500000000000000e+04
1.264384474253087143e-01, 2.412900000000000000e+04
1.265064250852148131e-01, 1.795700000000000000e+04
1.265744027451208842e-01, 1.568500000000000000e+04
1.266423804050269553e-01, 1.750900000000000000e+04
1.267103580649330541e-01, 2.440800000000000000e+04
1.267783357248391252e-01, 3.210700000000000000e+04
1.268463133847451962e-01, 4.746300000000000000e+04
1.269142910446512951e-01, 5.983800000000000000e+04
1.269822687045573661e-01, 8.351000000000000000e+03
1.270502463644634372e-01, 2.040900000000000000e+04
1.271182240243695361e-01, 3.447800000000000000e+04
1.271862016842756071e-01, 3.998200000000000000e+04
1.272541793441816782e-01, 4.913500000000000000e+04
1.273221570040877770e-01, 4.746000000000000000e+04
1.273901346639938481e-01, 4.610000000000000000e+04
1.274581123238999192e-01, 3.986300000000000000e+04
1.275260899838059903e-01, 2.693900000000000000e+04
1.275940676437120891e-01, 1.651000000000000000e+04
1.276620453036181602e-01, 2.106000000000000000e+03
1.277300229635242312e-01, 5.124400000000000000e+04
1.277980006234303301e-01, 4.049900000000000000e+04
1.278659782833364011e-01, 2.882900000000000000e+04
1.279339559432424722e-01, 2.215600000000000000e+04
1.280019336031485711e-01, 1.665000000000000000e+04
1.280699112630546421e-01, 1.561500000000000000e+04
1.281378889229607132e-01, 2.255400000000000000e+04
1.282058665828668120e-01, 2.955400000000000000e+04
1.282738442427728831e-01, 3.999000000000000000e+04
1.283418219026789542e-01, 5.491200000000000000e+04
1.284097995625850530e-01, 1.359000000000000000e+03
1.284777772224911241e-01, 1.712700000000000000e+04
1.285457548823971952e-01, 2.711900000000000000e+04
1.286137325423032940e-01, 3.994800000000000000e+04
1.286817102022093651e-01, 4.467200000000000000e+04
1.287496878621154361e-01, 4.880400000000000000e+04
1.288176655220215350e-01, 4.788400000000000000e+04
1.288856431819276060e-01, 4.071100000000000000e+04
1.289536208418336771e-01, 3.342500000000000000e+04
1.290215985017397760e-01, 2.177800000000000000e+04
1.290895761616458470e-01, 7.104000000000000000e+03
1.291575538215519181e-01, 5.995900000000000000e+04
1.292255314814579892e-01, 4.630800000000000000e+04
1.292935091413640880e-01, 3.351600000000000000e+04
1.293614868012701591e-01, 2.503000000000000000e+04
1.294294644611762302e-01, 1.810200000000000000e+04
1.294974421210823290e-01, 1.651700000000000000e+04
1.295654197809884001e-01, 1.828600000000000000e+04
1.296333974408944711e-01, 2.515700000000000000e+04
1.297013751008005700e-01, 3.296100000000000000e+04
1.297693527607066410e-01, 4.798600000000000000e+04
1.298373304206127121e-01, 6.122600000000000000e+04
1.299053080805188110e-01, 9.061000000000000000e+03
1.299732857404248820e-01, 2.010400000000000000e+04
1.300412634003309531e-01, 3.606900000000000000e+04
1.301092410602370519e-01, 4.110700000000000000e+04
1.301772187201431230e-01, 4.933400000000000000e+04
1.302451963800491941e-01, 4.840600000000000000e+04
1.303131740399552929e-01, 4.526200000000000000e+04
1.303811516998613640e-01, 3.968600000000000000e+04
1.304491293597674351e-01, 2.677900000000000000e+04
1.305171070196735339e-01, 1.619700000000000000e+04
1.305850846795796050e-01, 2.627000000000000000e+03
1.306530623394856760e-01, 4.979000000000000000e+04
1.307210399993917749e-01, 3.982100000000000000e+04
1.307890176592978460e-01, 2.719300000000000000e+04
1.308569953192039170e-01, 2.214100000000000000e+04
1.309249729791099881e-01, 1.735800000000000000e+04
1.309929506390160869e-01, 1.693900000000000000e+04
1.310609282989221580e-01, 2.343300000000000000e+04
1.311289059588282291e-01, 2.985300000000000000e+04
1.311968836187343279e-01, 4.180500000000000000e+04
1.312648612786403990e-01, 5.536300000000000000e+04
1.313328389385464701e-01, 2.184000000000000000e+03
1.314008165984525689e-01, 1.723100000000000000e+04
1.314687942583586400e-01, 2.836000000000000000e+04
1.315367719182647110e-01, 3.954900000000000000e+04
1.316047495781708099e-01, 4.700700000000000000e+04
1.316727272380768810e-01, 4.942800000000000000e+04
1.317407048979829520e-01, 4.743100000000000000e+04
1.318086825578890509e-01, 4.165200000000000000e+04
1.318766602177951219e-01, 3.283900000000000000e+04
1.319446378777011930e-01, 2.034000000000000000e+04
1.320126155376072918e-01, 6.158000000000000000e+03
1.320805931975133629e-01, 5.911600000000000000e+04
1.321485708574194340e-01, 4.521900000000000000e+04
1.322165485173255328e-01, 3.237200000000000000e+04
1.322845261772316039e-01, 2.539600000000000000e+04
1.323525038371376750e-01, 1.879300000000000000e+04
1.324204814970437738e-01, 1.727600000000000000e+04
1.324884591569498449e-01, 1.921600000000000000e+04
1.325564368168559159e-01, 2.632100000000000000e+04
1.326244144767619870e-01, 3.432100000000000000e+04
1.326923921366680859e-01, 4.915900000000000000e+04
1.327603697965741569e-01, 6.338200000000000000e+04
1.328283474564802280e-01, 1.095600000000000000e+04
1.328963251163863268e-01, 2.254700000000000000e+04
1.329643027762923979e-01, 3.762800000000000000e+04
1.330322804361984690e-01, 4.158700000000000000e+04
1.331002580961045678e-01, 5.028100000000000000e+04
1.331682357560106389e-01, 4.801000000000000000e+04
1.332362134159167100e-01, 4.475300000000000000e+04
1.333041910758228088e-01, 3.936700000000000000e+04
1.333721687357288799e-01, 2.487100000000000000e+04
1.334401463956349509e-01, 1.505200000000000000e+04
1.335081240555410498e-01, 1.249000000000000000e+03
1.335761017154471209e-01, 4.820300000000000000e+04
1.336440793753531919e-01, 3.854000000000000000e+04
1.337120570352592908e-01, 2.602800000000000000e+04
1.337800346951653618e-01, 2.178900000000000000e+04
1.338480123550714329e-01, 1.729600000000000000e+04
1.339159900149775317e-01, 1.723800000000000000e+04
1.339839676748836028e-01, 2.377000000000000000e+04
1.340519453347896739e-01, 3.099400000000000000e+04
1.341199229946957727e-01, 4.426500000000000000e+04
1.341879006546018438e-01, 5.609100000000000000e+04
1.342558783145079149e-01, 2.808000000000000000e+03
1.343238559744139859e-01, 1.888000000000000000e+04
1.343918336343200848e-01, 3.093600000000000000e+04
1.344598112942261559e-01, 4.027000000000000000e+04
1.345277889541322269e-01, 4.904800000000000000e+04
1.345957666140383258e-01, 4.931200000000000000e+04
1.346637442739443968e-01, 4.683100000000000000e+04
1.347317219338504679e-01, 4.083600000000000000e+04
1.347996995937565667e-01, 3.221000000000000000e+04
1.348676772536626378e-01, 1.860300000000000000e+04
1.349356549135687089e-01, 4.377000000000000000e+03
1.350036325734748077e-01, 5.698300000000000000e+04
1.350716102333808788e-01, 4.477100000000000000e+04
1.351395878932869499e-01, 3.119200000000000000e+04
1.352075655531930487e-01, 2.697400000000000000e+04
1.352755432130991198e-01, 1.866200000000000000e+04
1.353435208730051909e-01, 1.723400000000000000e+04
1.354114985329112897e-01, 2.150500000000000000e+04
1.354794761928173608e-01, 2.680900000000000000e+04
1.355474538527234318e-01, 3.540100000000000000e+04
1.356154315126295307e-01, 5.024300000000000000e+04
1.356834091725356017e-01, 6.400800000000000000e+04
1.357513868324416728e-01, 1.322300000000000000e+04
1.358193644923477716e-01, 2.334900000000000000e+04
1.358873421522538427e-01, 3.802900000000000000e+04
1.359553198121599138e-01, 4.101400000000000000e+04
1.360232974720659849e-01, 5.122800000000000000e+04
1.360912751319720837e-01, 4.716800000000000000e+04
1.361592527918781548e-01, 4.463100000000000000e+04
1.362272304517842259e-01, 3.784100000000000000e+04
1.362952081116903247e-01, 2.458000000000000000e+04
1.363631857715963958e-01, 1.402600000000000000e+04
1.364311634315024668e-01, 9.800000000000000000e+01
1.364991410914085657e-01, 4.901600000000000000e+04
1.365671187513146367e-01, 3.732100000000000000e+04
1.366350964112207078e-01, 2.582700000000000000e+04
1.367030740711268066e-01, 2.073900000000000000e+04
1.367710517310328777e-01, 1.712100000000000000e+04
1.368390293909389488e-01, 1.671800000000000000e+04
1.369070070508450476e-01, 2.341300000000000000e+04
1.369749847107511187e-01, 3.099900000000000000e+04
1.370429623706571898e-01, 4.434000000000000000e+04
1.371109400305632886e-01, 5.611500000000000000e+04
1.371789176904693597e-01, 3.724000000000000000e+03
1.372468953503754308e-01, 1.922500000000000000e+04
1.373148730102815296e-01, 3.151900000000000000e+04
1.373828506701876007e-01, 4.039100000000000000e+04
1.374508283300936717e-01, 4.970500000000000000e+04
1.375188059899997706e-01, 4.828000000000000000e+04
1.375867836499058416e-01, 4.621500000000000000e+04
1.376547613098119127e-01, 4.105900000000000000e+04
1.377227389697179838e-01, 3.135700000000000000e+04
1.377907166296240826e-01, 1.887600000000000000e+04
1.378586942895301537e-01, 3.844000000000000000e+03
1.379266719494362248e-01, 5.658400000000000000e+04
1.379946496093423236e-01, 4.440200000000000000e+04
1.380626272692483947e-01, 3.006500000000000000e+04
1.381306049291544658e-01, 2.398300000000000000e+04
1.381985825890605646e-01, 1.737000000000000000e+04
1.382665602489666357e-01, 1.650300000000000000e+04
1.383345379088727067e-01, 2.271700000000000000e+04
1.384025155687788056e-01, 2.768800000000000000e+04
1.384704932286848766e-01, 3.628100000000000000e+04
1.385384708885909477e-01, 5.150200000000000000e+04
1.386064485484970465e-01, 6.375200000000000000e+04
1.386744262084031176e-01, 1.417200000000000000e+04
1.387424038683091887e-01, 2.347000000000000000e+04
1.388103815282152875e-01, 3.828400000000000000e+04
1.388783591881213586e-01, 4.118900000000000000e+04
1.389463368480274297e-01, 5.004400000000000000e+04
1.390143145079335285e-01, 4.648600000000000000e+04
1.390822921678395996e-01, 4.368800000000000000e+04
1.391502698277456707e-01, 3.666800000000000000e+04
1.392182474876517695e-01, 2.388300000000000000e+04
1.392862251475578406e-01, 1.195600000000000000e+04
1.393542028074639116e-01, 6.397500000000000000e+04
1.394221804673699827e-01, 4.902200000000000000e+04
1.394901581272760815e-01, 3.690300000000000000e+04
1.395581357871821526e-01, 2.565300000000000000e+04
1.396261134470882237e-01, 1.905500000000000000e+04
1.396940911069943225e-01, 1.614800000000000000e+04
1.397620687669003936e-01, 1.625100000000000000e+04
1.398300464268064647e-01, 2.397000000000000000e+04
1.398980240867125635e-01, 3.206800000000000000e+04
1.399660017466186346e-01, 4.589100000000000000e+04
1.400339794065247057e-01, 5.897900000000000000e+04
1.401019570664308045e-01, 5.026000000000000000e+03
1.401699347263368756e-01, 2.031500000000000000e+04
1.402379123862429466e-01, 3.225500000000000000e+04
1.403058900461490455e-01, 3.944100000000000000e+04
1.403738677060551165e-01, 4.907600000000000000e+04
1.404418453659611876e-01, 4.760500000000000000e+04
1.405098230258672865e-01, 4.659100000000000000e+04
1.405778006857733575e-01, 4.094200000000000000e+04
1.406457783456794286e-01, 3.007200000000000000e+04
1.407137560055855274e-01, 1.797900000000000000e+04
1.407817336654915985e-01, 2.423000000000000000e+03
1.408497113253976696e-01, 5.333100000000000000e+04
1.409176889853037684e-01, 4.236100000000000000e+04
1.409856666452098395e-01, 2.943700000000000000e+04
1.410536443051159106e-01, 2.242300000000000000e+04
1.411216219650219816e-01, 1.615300000000000000e+04
1.411895996249280805e-01, 1.538400000000000000e+04
1.412575772848341515e-01, 2.278800000000000000e+04
1.413255549447402226e-01, 2.877300000000000000e+04
1.413935326046463214e-01, 3.767400000000000000e+04
1.414615102645523925e-01, 5.255500000000000000e+04
1.415294879244584636e-01, 6.455100000000000000e+04
1.415974655843645624e-01, 1.523500000000000000e+04
1.416654432442706335e-01, 2.604000000000000000e+04
1.417334209041767046e-01, 3.987600000000000000e+04
1.418013985640828034e-01, 4.235400000000000000e+04
1.418693762239888745e-01, 4.917000000000000000e+04
1.419373538838949456e-01, 4.667400000000000000e+04
1.420053315438010444e-01, 4.247600000000000000e+04
1.420733092037071155e-01, 3.534700000000000000e+04
1.421412868636131865e-01, 2.357300000000000000e+04
1.422092645235192854e-01, 1.003100000000000000e+04
1.422772421834253564e-01, 6.328600000000000000e+04
1.423452198433314275e-01, 4.740000000000000000e+04
1.424131975032375264e-01, 3.507900000000000000e+04
1.424811751631435974e-01, 2.485600000000000000e+04
1.425491528230496685e-01, 1.795100000000000000e+04
1.426171304829557673e-01, 1.518600000000000000e+04
1.426851081428618384e-01, 1.687700000000000000e+04
1.427530858027679095e-01, 2.457600000000000000e+04
1.428210634626739806e-01, 3.198700000000000000e+04
1.428890411225800794e-01, 4.656000000000000000e+04
1.429570187824861505e-01, 5.940800000000000000e+04
1.430249964423922215e-01, 6.742000000000000000e+03
1.430929741022983204e-01, 2.025200000000000000e+04
1.431609517622043914e-01, 3.400700000000000000e+04
1.432289294221104625e-01, 3.960100000000000000e+04
1.432969070820165614e-01, 4.879600000000000000e+04
1.433648847419226324e-01, 4.727800000000000000e+04
1.434328624018287035e-01, 4.692400000000000000e+04
1.435008400617348023e-01, 4.028200000000000000e+04
1.435688177216408734e-01, 2.918800000000000000e+04
1.436367953815469445e-01, 1.719900000000000000e+04
1.437047730414530433e-01, 1.055000000000000000e+03
1.437727507013591144e-01, 5.196300000000000000e+04
1.438407283612651855e-01, 4.158200000000000000e+04
1.439087060211712843e-01, 2.930800000000000000e+04
1.439766836810773554e-01, 2.164900000000000000e+04
1.440446613409834264e-01, 1.615700000000000000e+04
1.441126390008895253e-01, 1.557400000000000000e+04
1.441806166607955964e-01, 2.250200000000000000e+04
1.442485943207016674e-01, 2.907700000000000000e+04
1.443165719806077663e-01, 3.887300000000000000e+04
1.443845496405138373e-01, 5.296300000000000000e+04
1.444525273004199084e-01, 3.100000000000000000e+02
1.445205049603259795e-01, 1.515900000000000000e+04
1.445884826202320783e-01, 2.651100000000000000e+04
1.446564602801381494e-01, 3.963700000000000000e+04
1.447244379400442205e-01, 4.384300000000000000e+04
1.447924155999503193e-01, 4.902800000000000000e+04
1.448603932598563904e-01, 4.749800000000000000e+04
1.449283709197624614e-01, 4.239900000000000000e+04
1.449963485796685603e-01, 3.395400000000000000e+04
1.450643262395746313e-01, 2.091000000000000000e+04
1.451323038994807024e-01, 7.574000000000000000e+03
1.452002815593868013e-01, 6.155900000000000000e+04
1.452682592192928723e-01, 4.687400000000000000e+04
1.453362368791989434e-01, 3.318900000000000000e+04
1.454042145391050422e-01, 2.462200000000000000e+04
1.454721921990111133e-01, 1.828300000000000000e+04
1.455401698589171844e-01, 1.621000000000000000e+04
1.456081475188232832e-01, 1.757100000000000000e+04
1.456761251787293543e-01, 2.480200000000000000e+04
1.457441028386354254e-01, 3.268200000000000000e+04
1.458120804985415242e-01, 4.788100000000000000e+04
1.458800581584475953e-01, 5.933700000000000000e+04
1.459480358183536663e-01, 7.917000000000000000e+03
1.460160134782597652e-01, 2.057800000000000000e+04
1.460839911381658363e-01, 3.572500000000000000e+04
1.461519687980719073e-01, 3.869800000000000000e+04
1.462199464579779784e-01, 4.858700000000000000e+04
1.462879241178840772e-01, 4.782400000000000000e+04
1.463559017777901483e-01, 4.550500000000000000e+04
1.464238794376962194e-01, 4.013000000000000000e+04
1.464918570976023182e-01, 2.798100000000000000e+04
1.465598347575083893e-01, 1.637800000000000000e+04
1.466278124174144604e-01, 2.261000000000000000e+03
1.466957900773205592e-01, 4.970400000000000000e+04
1.467637677372266303e-01, 4.048200000000000000e+04
1.468317453971327013e-01, 2.816800000000000000e+04
1.468997230570388002e-01, 2.228200000000000000e+04
1.469677007169448713e-01, 1.663600000000000000e+04
1.470356783768509423e-01, 1.643400000000000000e+04
1.471036560367570412e-01, 2.300400000000000000e+04
1.471716336966631122e-01, 2.974200000000000000e+04
1.472396113565691833e-01, 4.192200000000000000e+04
1.473075890164752821e-01, 5.497700000000000000e+04
1.473755666763813532e-01, 1.993000000000000000e+03
1.474435443362874243e-01, 1.748400000000000000e+04
1.475115219961935231e-01, 2.668100000000000000e+04
1.475794996560995942e-01, 3.890000000000000000e+04
1.476474773160056653e-01, 4.572500000000000000e+04
1.477154549759117641e-01, 4.906400000000000000e+04
1.477834326358178352e-01, 4.812000000000000000e+04
1.478514102957239063e-01, 4.229300000000000000e+04
1.479193879556299773e-01, 3.342800000000000000e+04
1.479873656155360762e-01, 2.078000000000000000e+04
1.480553432754421472e-01, 6.819000000000000000e+03
1.481233209353482183e-01, 6.056800000000000000e+04
1.481912985952543171e-01, 4.591700000000000000e+04
1.482592762551603882e-01, 3.315100000000000000e+04
1.483272539150664593e-01, 2.605800000000000000e+04
1.483952315749725581e-01, 1.936700000000000000e+04
1.484632092348786292e-01, 1.705000000000000000e+04
1.485311868947847003e-01, 1.876500000000000000e+04
1.485991645546907991e-01, 2.600700000000000000e+04
1.486671422145968702e-01, 3.461500000000000000e+04
1.487351198745029413e-01, 4.859300000000000000e+04
1.488030975344090401e-01, 6.202500000000000000e+04
1.488710751943151112e-01, 1.034100000000000000e+04
1.489390528542211822e-01, 2.216200000000000000e+04
1.490070305141272811e-01, 3.731600000000000000e+04
1.490750081740333521e-01, 4.139800000000000000e+04
1.491429858339394232e-01, 4.984700000000000000e+04
1.492109634938455220e-01, 4.845100000000000000e+04
1.492789411537515931e-01, 4.484100000000000000e+04
1.493469188136576642e-01, 3.944400000000000000e+04
1.494148964735637630e-01, 2.554400000000000000e+04
1.494828741334698341e-01, 1.589500000000000000e+04
