0.000000000000000000e+00, 3.241300000000000000e+04
2.486990719803268421e-05, 3.460900000000000000e+04
4.973981439606536841e-05, 3.620900000000000000e+04
7.460972159409804923e-05, 3.762700000000000000e+04
9.947962879213073683e-05, 3.921200000000000000e+04
1.243495359901634109e-04, 4.105500000000000000e+04
1.492194431881960985e-04, 4.296400000000000000e+04
1.740893503862287861e-04, 4.456000000000000000e+04
1.989592575842614737e-04, 4.540900000000000000e+04
2.238291647822941613e-04, 4.515600000000000000e+04
2.486990719803268217e-04, 4.364700000000000000e+04
2.735689791783595093e-04, 4.099500000000000000e+04
2.984388863763921969e-04, 3.754700000000000000e+04
3.233087935744248845e-04, 3.384900000000000000e+04
3.481787007724575721e-04, 3.051200000000000000e+04
3.730486079704902597e-04, 2.809200000000000000e+04
3.979185151685229473e-04, 2.697900000000000000e+04
4.227884223665556349e-04, 2.732900000000000000e+04
4.476583295645883225e-04, 2.900800000000000000e+04
4.725282367626210101e-04, 3.161300000000000000e+04
4.973981439606536435e-04, 3.457900000000000000e+04
5.222680511586863311e-04, 3.725800000000000000e+04
5.471379583567190187e-04, 3.907500000000000000e+04
5.720078655547517063e-04, 3.963300000000000000e+04
5.968777727527843939e-04, 3.881100000000000000e+04
6.217476799508170815e-04, 3.676800000000000000e+04
6.466175871488497691e-04, 3.391600000000000000e+04
6.714874943468824567e-04, 3.084600000000000000e+04
6.963574015449151442e-04, 2.819600000000000000e+04
7.212273087429478318e-04, 2.649300000000000000e+04
7.460972159409805194e-04, 2.608200000000000000e+04
7.709671231390132070e-04, 2.705000000000000000e+04
7.958370303370458946e-04, 2.920300000000000000e+04
8.207069375350785822e-04, 3.209600000000000000e+04
8.455768447331112698e-04, 3.513900000000000000e+04
8.704467519311439574e-04, 3.769800000000000000e+04
8.953166591291766450e-04, 3.924300000000000000e+04
9.201865663272093326e-04, 3.946100000000000000e+04
9.450564735252420202e-04, 3.830600000000000000e+04
9.699263807232747078e-04, 3.601200000000000000e+04
9.947962879213072870e-04, 3.305400000000000000e+04
1.019666195119339975e-03, 3.003300000000000000e+04
1.044536102317372662e-03, 2.757800000000000000e+04
1.069406009515405350e-03, 2.619000000000000000e+04
1.094275916713438037e-03, 2.615100000000000000e+04
1.119145823911470725e-03, 2.746200000000000000e+04
1.144015731109503413e-03, 2.984800000000000000e+04
1.168885638307536100e-03, 3.282600000000000000e+04
1.193755545505568788e-03, 3.578200000000000000e+04
1.218625452703601475e-03, 3.810600000000000000e+04
1.243495359901634163e-03, 3.932100000000000000e+04
1.268365267099666851e-03, 3.917100000000000000e+04
1.293235174297699538e-03, 3.769100000000000000e+04
1.318105081495732226e-03, 3.517800000000000000e+04
1.342974988693764913e-03, 3.215500000000000000e+04
1.367844895891797601e-03, 2.924100000000000000e+04
1.392714803089830288e-03, 2.703400000000000000e+04
1.417584710287862976e-03, 2.598200000000000000e+04
1.442454617485895664e-03, 2.630300000000000000e+04
1.467324524683928351e-03, 2.792500000000000000e+04
1.492194431881961039e-03, 3.052400000000000000e+04
1.517064339079993726e-03, 3.357400000000000000e+04
1.541934246278026414e-03, 3.644500000000000000e+04
1.566804153476059102e-03, 3.854200000000000000e+04
1.591674060674091789e-03, 3.942600000000000000e+04
1.616543967872124477e-03, 3.891900000000000000e+04
1.641413875070157164e-03, 3.713200000000000000e+04
1.666283782268189852e-03, 3.442600000000000000e+04
1.691153689466222540e-03, 3.137200000000000000e+04
1.716023596664255227e-03, 2.860700000000000000e+04
1.740893503862287915e-03, 2.669400000000000000e+04
1.765763411060320602e-03, 2.601800000000000000e+04
1.790633318258353290e-03, 2.672700000000000000e+04
1.815503225456385978e-03, 2.867700000000000000e+04
1.840373132654418665e-03, 3.145400000000000000e+04
1.865243039852451353e-03, 3.450100000000000000e+04
1.890112947050484040e-03, 3.719300000000000000e+04
1.914982854248516728e-03, 3.898800000000000000e+04
1.939852761446549416e-03, 3.950500000000000000e+04
1.964722668644581886e-03, 3.864500000000000000e+04
1.989592575842614574e-03, 3.658400000000000000e+04
2.014462483040647262e-03, 3.373800000000000000e+04
2.039332390238679949e-03, 3.069400000000000000e+04
2.064202297436712637e-03, 2.808600000000000000e+04
2.089072204634745324e-03, 2.645200000000000000e+04
2.113942111832778012e-03, 2.612500000000000000e+04
2.138812019030810700e-03, 2.717100000000000000e+04
2.163681926228843387e-03, 2.938400000000000000e+04
2.188551833426876075e-03, 3.230200000000000000e+04
2.213421740624908762e-03, 3.533000000000000000e+04
2.238291647822941450e-03, 3.784600000000000000e+04
2.263161555020974137e-03, 3.932700000000000000e+04
2.288031462219006825e-03, 3.946300000000000000e+04
2.312901369417039513e-03, 3.822800000000000000e+04
2.337771276615072200e-03, 3.587400000000000000e+04
2.362641183813104888e-03, 3.288900000000000000e+04
2.387511091011137575e-03, 2.988500000000000000e+04
2.412380998209170263e-03, 2.748000000000000000e+04
2.437250905407202951e-03, 2.615600000000000000e+04
2.462120812605235638e-03, 2.618700000000000000e+04
2.486990719803268326e-03, 2.755200000000000000e+04
2.511860627001301013e-03, 2.998500000000000000e+04
2.536730534199333701e-03, 3.298500000000000000e+04
2.561600441397366389e-03, 3.593700000000000000e+04
2.586470348595399076e-03, 3.822700000000000000e+04
2.611340255793431764e-03, 3.938900000000000000e+04
2.636210162991464451e-03, 3.918000000000000000e+04
2.661080070189497139e-03, 3.764300000000000000e+04
2.685949977387529827e-03, 3.508700000000000000e+04
2.710819884585562514e-03, 3.205400000000000000e+04
2.735689791783595202e-03, 2.916100000000000000e+04
2.760559698981627889e-03, 2.701100000000000000e+04
2.785429606179660577e-03, 2.604100000000000000e+04
2.810299513377693265e-03, 2.645800000000000000e+04
2.835169420575725952e-03, 2.817300000000000000e+04
2.860039327773758640e-03, 3.082200000000000000e+04
2.884909234971791327e-03, 3.386400000000000000e+04
2.909779142169824015e-03, 3.667500000000000000e+04
2.934649049367856703e-03, 3.867100000000000000e+04
2.959518956565889390e-03, 3.944400000000000000e+04
2.984388863763922078e-03, 3.883200000000000000e+04
3.009258770961954765e-03, 3.695900000000000000e+04
3.034128678159987453e-03, 3.420800000000000000e+04
3.058998585358020141e-03, 3.114700000000000000e+04
3.083868492556052828e-03, 2.840700000000000000e+04
3.108738399754085516e-03, 2.655300000000000000e+04
3.133608306952118203e-03, 2.596400000000000000e+04
3.158478214150150891e-03, 2.676100000000000000e+04
3.183348121348183579e-03, 2.877200000000000000e+04
3.208218028546216266e-03, 3.158500000000000000e+04
3.233087935744248954e-03, 3.463700000000000000e+04
3.257957842942281641e-03, 3.730100000000000000e+04
3.282827750140314329e-03, 3.902900000000000000e+04
3.307697657338347016e-03, 3.945600000000000000e+04
3.332567564536379704e-03, 3.849400000000000000e+04
3.357437471734412392e-03, 3.634400000000000000e+04
3.382307378932445079e-03, 3.344900000000000000e+04
3.407177286130477767e-03, 3.040900000000000000e+04
3.432047193328510454e-03, 2.785000000000000000e+04
3.456917100526543142e-03, 2.628700000000000000e+04
3.481787007724575830e-03, 2.604500000000000000e+04
3.506656914922608517e-03, 2.716200000000000000e+04
3.531526822120641205e-03, 2.942000000000000000e+04
3.556396729318673892e-03, 3.235700000000000000e+04
3.581266636516706580e-03, 3.537200000000000000e+04
3.606136543714739268e-03, 3.784000000000000000e+04
3.631006450912771955e-03, 3.925700000000000000e+04
3.655876358110804643e-03, 3.933000000000000000e+04
3.680746265308837330e-03, 3.804300000000000000e+04
3.705616172506870018e-03, 3.565400000000000000e+04
3.730486079704902706e-03, 3.266800000000000000e+04
3.755355986902935393e-03, 2.969700000000000000e+04
3.780225894100968081e-03, 2.735700000000000000e+04
3.805095801299000768e-03, 2.612700000000000000e+04
3.829965708497033456e-03, 2.626500000000000000e+04
3.854835615695066144e-03, 2.773900000000000000e+04
3.879705522893098831e-03, 3.024300000000000000e+04
3.904575430091131519e-03, 3.325300000000000000e+04
3.929445337289163773e-03, 3.616100000000000000e+04
3.954315244487196894e-03, 3.837700000000000000e+04
3.979185151685229148e-03, 3.943800000000000000e+04
4.004055058883262269e-03, 3.911900000000000000e+04
4.028924966081294523e-03, 3.748600000000000000e+04
4.053794873279327644e-03, 3.487200000000000000e+04
4.078664780477359898e-03, 3.182200000000000000e+04
4.103534687675393020e-03, 2.896100000000000000e+04
4.128404594873425273e-03, 2.688100000000000000e+04
4.153274502071458395e-03, 2.599300000000000000e+04
4.178144409269490649e-03, 2.648800000000000000e+04
4.203014316467523770e-03, 2.827100000000000000e+04
4.227884223665556024e-03, 3.097300000000000000e+04
4.252754130863589145e-03, 3.404100000000000000e+04
4.277624038061621399e-03, 3.684300000000000000e+04
4.302493945259654520e-03, 3.880200000000000000e+04
4.327363852457686774e-03, 3.951600000000000000e+04
4.352233759655719895e-03, 3.884700000000000000e+04
4.377103666853752149e-03, 3.692700000000000000e+04
4.401973574051785271e-03, 3.416100000000000000e+04
4.426843481249817525e-03, 3.112500000000000000e+04
4.451713388447850646e-03, 2.844300000000000000e+04
4.476583295645882900e-03, 2.667100000000000000e+04
4.501453202843916021e-03, 2.616500000000000000e+04
4.526323110041948275e-03, 2.703600000000000000e+04
4.551193017239981396e-03, 2.911100000000000000e+04
4.576062924438013650e-03, 3.195900000000000000e+04
4.600932831636046771e-03, 3.500300000000000000e+04
4.625802738834079025e-03, 3.760900000000000000e+04
4.650672646032112147e-03, 3.924500000000000000e+04
4.675542553230144401e-03, 3.957400000000000000e+04
4.700412460428177522e-03, 3.852300000000000000e+04
4.725282367626209776e-03, 3.629900000000000000e+04
4.750152274824242897e-03, 3.336500000000000000e+04
4.775022182022275151e-03, 3.032300000000000000e+04
4.799892089220308272e-03, 2.780100000000000000e+04
4.824761996418340526e-03, 2.630800000000000000e+04
4.849631903616373647e-03, 2.614100000000000000e+04
4.874501810814405901e-03, 2.733300000000000000e+04
4.899371718012439023e-03, 2.965000000000000000e+04
4.924241625210471276e-03, 3.261100000000000000e+04
4.949111532408504398e-03, 3.560400000000000000e+04
4.973981439606536652e-03, 3.800400000000000000e+04
4.998851346804569773e-03, 3.931000000000000000e+04
5.023721254002602027e-03, 3.926000000000000000e+04
5.048591161200635148e-03, 3.786200000000000000e+04
5.073461068398667402e-03, 3.540100000000000000e+04
5.098330975596700523e-03, 3.239900000000000000e+04
5.123200882794732777e-03, 2.947400000000000000e+04
5.148070789992765899e-03, 2.722500000000000000e+04
5.172940697190798152e-03, 2.611000000000000000e+04
5.197810604388831274e-03, 2.636100000000000000e+04
5.222680511586863528e-03, 2.792800000000000000e+04
5.247550418784896649e-03, 3.049600000000000000e+04
5.272420325982928903e-03, 3.353900000000000000e+04
5.297290233180962024e-03, 3.643700000000000000e+04
5.322160140378994278e-03, 3.859400000000000000e+04
5.347030047577027399e-03, 3.956300000000000000e+04
5.371899954775059653e-03, 3.915600000000000000e+04
5.396769861973092774e-03, 3.745100000000000000e+04
5.421639769171125028e-03, 3.480000000000000000e+04
5.446509676369158150e-03, 3.176000000000000000e+04
5.471379583567190404e-03, 2.894900000000000000e+04
5.496249490765223525e-03, 2.695400000000000000e+04
5.521119397963255779e-03, 2.617200000000000000e+04
5.545989305161288900e-03, 2.676900000000000000e+04
5.570859212359321154e-03, 2.862800000000000000e+04
5.595729119557354275e-03, 3.136100000000000000e+04
5.620599026755386529e-03, 3.439800000000000000e+04
5.645468933953419650e-03, 3.711500000000000000e+04
5.670338841151451904e-03, 3.895500000000000000e+04
5.695208748349485026e-03, 3.953000000000000000e+04
5.720078655547517280e-03, 3.872100000000000000e+04
5.744948562745550401e-03, 3.669100000000000000e+04
5.769818469943582655e-03, 3.385100000000000000e+04
5.794688377141615776e-03, 3.078800000000000000e+04
5.819558284339648030e-03, 2.812700000000000000e+04
5.844428191537681151e-03, 2.641100000000000000e+04
5.869298098735713405e-03, 2.599100000000000000e+04
5.894168005933746526e-03, 2.695700000000000000e+04
5.919037913131778780e-03, 2.911500000000000000e+04
5.943907820329811902e-03, 3.201600000000000000e+04
5.968777727527844155e-03, 3.506900000000000000e+04
5.993647634725877277e-03, 3.764600000000000000e+04
6.018517541923909531e-03, 3.922400000000000000e+04
6.043387449121942652e-03, 3.947200000000000000e+04
6.068257356319974906e-03, 3.833900000000000000e+04
6.093127263518008027e-03, 3.605700000000000000e+04
6.117997170716040281e-03, 3.310800000000000000e+04
6.142867077914072535e-03, 3.010800000000000000e+04
6.167736985112105656e-03, 2.767100000000000000e+04
6.192606892310137910e-03, 2.629100000000000000e+04
6.217476799508171031e-03, 2.625300000000000000e+04
6.242346706706203285e-03, 2.756200000000000000e+04
6.267216613904236407e-03, 2.996000000000000000e+04
6.292086521102268661e-03, 3.294900000000000000e+04
6.316956428300301782e-03, 3.591000000000000000e+04
6.341826335498334036e-03, 3.823100000000000000e+04
6.366696242696367157e-03, 3.943600000000000000e+04
6.391566149894399411e-03, 3.927400000000000000e+04
6.416436057092432532e-03, 3.777900000000000000e+04
6.441305964290464786e-03, 3.525200000000000000e+04
6.466175871488497907e-03, 3.221600000000000000e+04
6.491045778686530161e-03, 2.929000000000000000e+04
6.515915685884563283e-03, 2.708900000000000000e+04
6.540785593082595537e-03, 2.605100000000000000e+04
6.565655500280628658e-03, 2.638800000000000000e+04
6.590525407478660912e-03, 2.803500000000000000e+04
6.615395314676694033e-03, 3.065400000000000000e+04
6.640265221874726287e-03, 3.370100000000000000e+04
6.665135129072759408e-03, 3.654700000000000000e+04
6.690005036270791662e-03, 3.861700000000000000e+04
6.714874943468824783e-03, 3.947600000000000000e+04
6.739744850666857037e-03, 3.895000000000000000e+04
6.764614757864890159e-03, 3.714800000000000000e+04
6.789484665062922412e-03, 3.443300000000000000e+04
6.814354572260955534e-03, 3.137200000000000000e+04
6.839224479458987788e-03, 2.860200000000000000e+04
6.864094386657020909e-03, 2.668800000000000000e+04
6.888964293855053163e-03, 2.601100000000000000e+04
6.913834201053086284e-03, 2.672000000000000000e+04
6.938704108251118538e-03, 2.867200000000000000e+04
6.963574015449151659e-03, 3.146600000000000000e+04
6.988443922647183913e-03, 3.453600000000000000e+04
7.013313829845217034e-03, 3.724700000000000000e+04
7.038183737043249288e-03, 3.905200000000000000e+04
7.063053644241282410e-03, 3.957300000000000000e+04
7.087923551439314664e-03, 3.869900000000000000e+04
7.112793458637347785e-03, 3.661000000000000000e+04
7.137663365835380039e-03, 3.373900000000000000e+04
7.162533273033413160e-03, 3.067600000000000000e+04
7.187403180231445414e-03, 2.805600000000000000e+04
7.212273087429478535e-03, 2.641600000000000000e+04
7.237142994627510789e-03, 2.608800000000000000e+04
7.262012901825543910e-03, 2.713600000000000000e+04
7.286882809023576164e-03, 2.935200000000000000e+04
7.311752716221609286e-03, 3.227500000000000000e+04
7.336622623419641540e-03, 3.530100000000000000e+04
7.361492530617674661e-03, 3.780000000000000000e+04
7.386362437815706915e-03, 3.926400000000000000e+04
7.411232345013740036e-03, 3.938900000000000000e+04
7.436102252211772290e-03, 3.815100000000000000e+04
7.460972159409805411e-03, 3.579900000000000000e+04
7.485842066607837665e-03, 3.282000000000000000e+04
7.510711973805870786e-03, 2.982400000000000000e+04
7.535581881003903040e-03, 2.742900000000000000e+04
7.560451788201936162e-03, 2.611300000000000000e+04
7.585321695399968416e-03, 2.615300000000000000e+04
7.610191602598001537e-03, 2.754400000000000000e+04
7.635061509796033791e-03, 3.000500000000000000e+04
7.659931416994066912e-03, 3.302500000000000000e+04
7.684801324192099166e-03, 3.598800000000000000e+04
7.709671231390132287e-03, 3.828300000000000000e+04
7.734541138588164541e-03, 3.942800000000000000e+04
7.759411045786197662e-03, 3.919200000000000000e+04
7.784280952984229916e-03, 3.763200000000000000e+04
7.809150860182263038e-03, 3.506000000000000000e+04
7.834020767380295291e-03, 3.201800000000000000e+04
7.858890674578327545e-03, 2.913600000000000000e+04
7.883760581776361534e-03, 2.700900000000000000e+04
7.908630488974393788e-03, 2.606000000000000000e+04
7.933500396172426042e-03, 2.649100000000000000e+04
7.958370303370458296e-03, 2.821500000000000000e+04
7.983240210568492284e-03, 3.087800000000000000e+04
8.008110117766524538e-03, 3.394100000000000000e+04
8.032980024964556792e-03, 3.676900000000000000e+04
8.057849932162589046e-03, 3.877300000000000000e+04
8.082719839360623035e-03, 3.954400000000000000e+04
8.107589746558655289e-03, 3.892500000000000000e+04
8.132459653756687543e-03, 3.704300000000000000e+04
8.157329560954719797e-03, 3.428000000000000000e+04
8.182199468152753785e-03, 3.120800000000000000e+04
8.207069375350786039e-03, 2.845800000000000000e+04
8.231939282548818293e-03, 2.659300000000000000e+04
8.256809189746850547e-03, 2.599600000000000000e+04
8.281679096944884536e-03, 2.678500000000000000e+04
8.306549004142916789e-03, 2.880500000000000000e+04
8.331418911340949043e-03, 3.163700000000000000e+04
8.356288818538981297e-03, 3.470300000000000000e+04
8.381158725737015286e-03, 3.737500000000000000e+04
8.406028632935047540e-03, 3.910400000000000000e+04
8.430898540133079794e-03, 3.952800000000000000e+04
8.455768447331112048e-03, 3.856000000000000000e+04
8.480638354529146036e-03, 3.640300000000000000e+04
8.505508261727178290e-03, 3.349900000000000000e+04
8.530378168925210544e-03, 3.045000000000000000e+04
8.555248076123242798e-03, 2.788500000000000000e+04
8.580117983321276787e-03, 2.631600000000000000e+04
8.604987890519309041e-03, 2.606800000000000000e+04
8.629857797717341295e-03, 2.719600000000000000e+04
8.654727704915373548e-03, 2.947200000000000000e+04
8.679597612113407537e-03, 3.242200000000000000e+04
8.704467519311439791e-03, 3.544500000000000000e+04
8.729337426509472045e-03, 3.791400000000000000e+04
8.754207333707504299e-03, 3.931400000000000000e+04
8.779077240905538287e-03, 3.935800000000000000e+04
8.803947148103570541e-03, 3.804300000000000000e+04
8.828817055301602795e-03, 3.563500000000000000e+04
8.853686962499635049e-03, 3.263800000000000000e+04
8.878556869697669038e-03, 2.966200000000000000e+04
8.903426776895701292e-03, 2.732100000000000000e+04
8.928296684093733546e-03, 2.609300000000000000e+04
8.953166591291765800e-03, 2.623300000000000000e+04
8.978036498489799788e-03, 2.771100000000000000e+04
9.002906405687832042e-03, 3.022700000000000000e+04
9.027776312885864296e-03, 3.326400000000000000e+04
9.052646220083896550e-03, 3.619600000000000000e+04
9.077516127281930539e-03, 3.841300000000000000e+04
9.102386034479962792e-03, 3.945900000000000000e+04
9.127255941677995046e-03, 3.912400000000000000e+04
9.152125848876027300e-03, 3.747800000000000000e+04
9.176995756074059554e-03, 3.485500000000000000e+04
9.201865663272093543e-03, 3.180100000000000000e+04
9.226735570470125797e-03, 2.893900000000000000e+04
9.251605477668158051e-03, 2.686100000000000000e+04
9.276475384866190305e-03, 2.597500000000000000e+04
9.301345292064224293e-03, 2.647200000000000000e+04
9.326215199262256547e-03, 2.825700000000000000e+04
9.351085106460288801e-03, 3.096100000000000000e+04
9.375955013658321055e-03, 3.403000000000000000e+04
9.400824920856355044e-03, 3.683300000000000000e+04
9.425694828054387298e-03, 3.879400000000000000e+04
9.450564735252419551e-03, 3.950300000000000000e+04
9.475434642450451805e-03, 3.881400000000000000e+04
9.500304549648485794e-03, 3.687400000000000000e+04
9.525174456846518048e-03, 3.408100000000000000e+04
9.550044364044550302e-03, 3.101600000000000000e+04
9.574914271242582556e-03, 2.831300000000000000e+04
9.599784178440616544e-03, 2.651600000000000000e+04
9.624654085638648798e-03, 2.599200000000000000e+04
9.649523992836681052e-03, 2.685800000000000000e+04
9.674393900034713306e-03, 2.893900000000000000e+04
9.699263807232747295e-03, 3.180100000000000000e+04
9.724133714430779549e-03, 3.486200000000000000e+04
9.749003621628811803e-03, 3.748800000000000000e+04
9.773873528826844057e-03, 3.914200000000000000e+04
9.798743436024878045e-03, 3.949000000000000000e+04
9.823613343222910299e-03, 3.845500000000000000e+04
9.848483250420942553e-03, 3.624500000000000000e+04
9.873353157618974807e-03, 3.332400000000000000e+04
9.898223064817008796e-03, 3.029200000000000000e+04
9.923092972015041049e-03, 2.777700000000000000e+04
9.947962879213073303e-03, 2.629100000000000000e+04
9.972832786411105557e-03, 2.614200000000000000e+04
9.997702693609139546e-03, 2.736000000000000000e+04
1.002257260080717180e-02, 2.969700000000000000e+04
1.004744250800520405e-02, 3.267100000000000000e+04
1.007231241520323631e-02, 3.567000000000000000e+04
1.009718232240127030e-02, 3.806900000000000000e+04
1.012205222959930255e-02, 3.937100000000000000e+04
1.014692213679733480e-02, 3.931300000000000000e+04
1.017179204399536706e-02, 3.790800000000000000e+04
1.019666195119340105e-02, 3.543900000000000000e+04
1.022153185839143330e-02, 3.242200000000000000e+04
1.024640176558946555e-02, 2.946900000000000000e+04
1.027127167278749781e-02, 2.719400000000000000e+04
1.029614157998553180e-02, 2.604600000000000000e+04
1.032101148718356405e-02, 2.626600000000000000e+04
1.034588139438159630e-02, 2.781200000000000000e+04
1.037075130157962856e-02, 3.037200000000000000e+04
1.039562120877766255e-02, 3.341800000000000000e+04
1.042049111597569480e-02, 3.631200000000000000e+04
1.044536102317372706e-02, 3.845800000000000000e+04
1.047023093037175931e-02, 3.942000000000000000e+04
1.049510083756979330e-02, 3.899500000000000000e+04
1.051997074476782555e-02, 3.727700000000000000e+04
1.054484065196585781e-02, 3.461300000000000000e+04
1.056971055916389006e-02, 3.155900000000000000e+04
1.059458046636192405e-02, 2.874100000000000000e+04
1.061945037355995630e-02, 2.673400000000000000e+04
1.064432028075798856e-02, 2.594500000000000000e+04
1.066919018795602081e-02, 2.654500000000000000e+04
1.069406009515405480e-02, 2.841800000000000000e+04
1.071893000235208705e-02, 3.117100000000000000e+04
1.074379990955011931e-02, 3.424900000000000000e+04
1.076866981674815156e-02, 3.701300000000000000e+04
1.079353972394618555e-02, 3.889500000000000000e+04
1.081840963114421780e-02, 3.950200000000000000e+04
1.084327953834225006e-02, 3.871500000000000000e+04
1.086814944554028231e-02, 3.669800000000000000e+04
1.089301935273831630e-02, 3.386500000000000000e+04
1.091788925993634855e-02, 3.080500000000000000e+04
1.094275916713438081e-02, 2.814500000000000000e+04
1.096762907433241306e-02, 2.642800000000000000e+04
1.099249898153044705e-02, 2.600600000000000000e+04
1.101736888872847930e-02, 2.697000000000000000e+04
1.104223879592651156e-02, 2.912500000000000000e+04
1.106710870312454381e-02, 3.202400000000000000e+04
1.109197861032257780e-02, 3.507500000000000000e+04
1.111684851752061005e-02, 3.764400000000000000e+04
1.114171842471864231e-02, 3.919900000000000000e+04
1.116658833191667456e-02, 3.942600000000000000e+04
1.119145823911470855e-02, 3.829200000000000000e+04
1.121632814631274080e-02, 3.602600000000000000e+04
1.124119805351077306e-02, 3.309100000000000000e+04
1.126606796070880531e-02, 3.008500000000000000e+04
1.129093786790683930e-02, 2.763700000000000000e+04
1.131580777510487155e-02, 2.624800000000000000e+04
1.134067768230290381e-02, 2.620400000000000000e+04
1.136554758950093606e-02, 2.751300000000000000e+04
1.139041749669897005e-02, 2.991400000000000000e+04
1.141528740389700231e-02, 3.290700000000000000e+04
1.144015731109503456e-02, 3.587500000000000000e+04
1.146502721829306681e-02, 3.820100000000000000e+04
1.148989712549110080e-02, 3.941200000000000000e+04
1.151476703268913306e-02, 3.927000000000000000e+04
1.153963693988716531e-02, 3.780200000000000000e+04
1.156450684708519756e-02, 3.529500000000000000e+04
1.158937675428323155e-02, 3.227200000000000000e+04
1.161424666148126381e-02, 2.935100000000000000e+04
1.163911656867929606e-02, 2.714800000000000000e+04
1.166398647587732831e-02, 2.610600000000000000e+04
1.168885638307536230e-02, 2.643500000000000000e+04
1.171372629027339456e-02, 2.805500000000000000e+04
1.173859619747142681e-02, 3.064600000000000000e+04
1.176346610466945906e-02, 3.368200000000000000e+04
1.178833601186749305e-02, 3.653800000000000000e+04
1.181320591906552531e-02, 3.862100000000000000e+04
1.183807582626355756e-02, 3.949200000000000000e+04
1.186294573346158981e-02, 3.897300000000000000e+04
1.188781564065962380e-02, 3.717500000000000000e+04
1.191268554785765606e-02, 3.445900000000000000e+04
1.193755545505568831e-02, 3.139600000000000000e+04
1.196242536225372056e-02, 2.862300000000000000e+04
1.198729526945175455e-02, 2.670500000000000000e+04
1.201216517664978681e-02, 2.602200000000000000e+04
1.203703508384781906e-02, 2.670800000000000000e+04
1.206190499104585132e-02, 2.863600000000000000e+04
1.208677489824388530e-02, 3.141300000000000000e+04
1.211164480544191756e-02, 3.447500000000000000e+04
1.213651471263994981e-02, 3.718300000000000000e+04
1.216138461983798207e-02, 3.899000000000000000e+04
1.218625452703601605e-02, 3.951700000000000000e+04
1.221112443423404831e-02, 3.865900000000000000e+04
1.223599434143208056e-02, 3.660100000000000000e+04
1.226086424863011282e-02, 3.375700000000000000e+04
1.228573415582814507e-02, 3.071300000000000000e+04
1.231060406302617906e-02, 2.810400000000000000e+04
1.233547397022421131e-02, 2.646600000000000000e+04
1.236034387742224357e-02, 2.613700000000000000e+04
1.238521378462027582e-02, 2.718200000000000000e+04
1.241008369181830981e-02, 2.939300000000000000e+04
1.243495359901634206e-02, 3.231000000000000000e+04
1.245982350621437432e-02, 3.533100000000000000e+04
1.248469341341240657e-02, 3.782500000000000000e+04
1.250956332061044056e-02, 3.928400000000000000e+04
1.253443322780847281e-02, 3.941700000000000000e+04
1.255930313500650507e-02, 3.819700000000000000e+04
1.258417304220453732e-02, 3.586100000000000000e+04
1.260904294940257131e-02, 3.289200000000000000e+04
1.263391285660060356e-02, 2.989900000000000000e+04
1.265878276379863582e-02, 2.750900000000000000e+04
1.268365267099666807e-02, 2.621000000000000000e+04
1.270852257819470206e-02, 2.626100000000000000e+04
1.273339248539273431e-02, 2.763900000000000000e+04
1.275826239259076657e-02, 3.007400000000000000e+04
1.278313229978879882e-02, 3.306900000000000000e+04
1.280800220698683281e-02, 3.601200000000000000e+04
1.283287211418486506e-02, 3.829100000000000000e+04
1.285774202138289732e-02, 3.942700000000000000e+04
1.288261192858092957e-02, 3.918600000000000000e+04
1.290748183577896356e-02, 3.762300000000000000e+04
1.293235174297699581e-02, 3.505000000000000000e+04
1.295722165017502807e-02, 3.200800000000000000e+04
1.298209155737306032e-02, 2.912400000000000000e+04
1.300696146457109431e-02, 2.699800000000000000e+04
1.303183137176912657e-02, 2.605000000000000000e+04
1.305670127896715882e-02, 2.646400000000000000e+04
1.308157118616519107e-02, 2.816700000000000000e+04
1.310644109336322506e-02, 3.081600000000000000e+04
1.313131100056125732e-02, 3.387100000000000000e+04
1.315618090775928957e-02, 3.669800000000000000e+04
1.318105081495732182e-02, 3.872200000000000000e+04
1.320592072215535581e-02, 3.952400000000000000e+04
1.323079062935338807e-02, 3.893500000000000000e+04
1.325566053655142032e-02, 3.709200000000000000e+04
1.328053044374945257e-02, 3.436100000000000000e+04
1.330540035094748656e-02, 3.132100000000000000e+04
1.333027025814551882e-02, 2.859900000000000000e+04
1.335514016534355107e-02, 2.675100000000000000e+04
1.338001007254158332e-02, 2.615600000000000000e+04
1.340487997973961731e-02, 2.693800000000000000e+04
1.342974988693764957e-02, 2.894500000000000000e+04
1.345461979413568182e-02, 3.175900000000000000e+04
1.347948970133371407e-02, 3.480700000000000000e+04
1.350435960853174806e-02, 3.746100000000000000e+04
1.352922951572978032e-02, 3.917400000000000000e+04
1.355409942292781257e-02, 3.959300000000000000e+04
1.357896933012584482e-02, 3.863500000000000000e+04
1.360383923732387881e-02, 3.648800000000000000e+04
1.362870914452191107e-02, 3.359000000000000000e+04
1.365357905171994332e-02, 3.054000000000000000e+04
1.367844895891797558e-02, 2.797500000000000000e+04
1.370331886611600956e-02, 2.641900000000000000e+04
1.372818877331404182e-02, 2.618200000000000000e+04
1.375305868051207407e-02, 2.731300000000000000e+04
1.377792858771010633e-02, 2.958700000000000000e+04
1.380279849490814031e-02, 3.252900000000000000e+04
1.382766840210617257e-02, 3.554000000000000000e+04
1.385253830930420482e-02, 3.799600000000000000e+04
1.387740821650223708e-02, 3.938400000000000000e+04
1.390227812370027106e-02, 3.941600000000000000e+04
1.392714803089830332e-02, 3.809100000000000000e+04
1.395201793809633557e-02, 3.567200000000000000e+04
1.397688784529436783e-02, 3.266700000000000000e+04
1.400175775249240182e-02, 2.969200000000000000e+04
1.402662765969043407e-02, 2.736800000000000000e+04
1.405149756688846632e-02, 2.615500000000000000e+04
1.407636747408649858e-02, 2.630500000000000000e+04
1.410123738128453257e-02, 2.778700000000000000e+04
1.412610728848256482e-02, 3.030000000000000000e+04
1.415097719568059707e-02, 3.333200000000000000e+04
1.417584710287862933e-02, 3.625600000000000000e+04
1.420071701007666332e-02, 3.847700000000000000e+04
1.422558691727469557e-02, 3.953800000000000000e+04
1.425045682447272782e-02, 3.921500000000000000e+04
1.427532673167076008e-02, 3.757400000000000000e+04
1.430019663886879407e-02, 3.494800000000000000e+04
1.432506654606682632e-02, 3.189700000000000000e+04
1.434993645326485857e-02, 2.904700000000000000e+04
1.437480636046289083e-02, 2.698000000000000000e+04
1.439967626766092482e-02, 2.611400000000000000e+04
1.442454617485895707e-02, 2.662800000000000000e+04
1.444941608205698932e-02, 2.842000000000000000e+04
1.447428598925502158e-02, 3.112100000000000000e+04
1.449915589645305557e-02, 3.417900000000000000e+04
1.452402580365108782e-02, 3.696500000000000000e+04
1.454889571084912007e-02, 3.890800000000000000e+04
1.457376561804715233e-02, 3.960000000000000000e+04
1.459863552524518632e-02, 3.889400000000000000e+04
1.462350543244321857e-02, 3.693900000000000000e+04
1.464837533964125083e-02, 3.413300000000000000e+04
1.467324524683928308e-02, 3.105800000000000000e+04
1.469811515403731707e-02, 2.834800000000000000e+04
1.472298506123534932e-02, 2.656200000000000000e+04
1.474785496843338158e-02, 2.605500000000000000e+04
1.477272487563141383e-02, 2.693100000000000000e+04
1.479759478282944782e-02, 2.901700000000000000e+04
1.482246469002748007e-02, 3.187700000000000000e+04
1.484733459722551233e-02, 3.491700000000000000e+04
1.487220450442354458e-02, 3.751200000000000000e+04
1.489707441162157857e-02, 3.913900000000000000e+04
1.492194431881961082e-02, 3.946800000000000000e+04
1.494681422601764308e-02, 3.842200000000000000e+04
1.497168413321567533e-02, 3.622300000000000000e+04
1.499655404041370932e-02, 3.332400000000000000e+04
1.502142394761174157e-02, 3.031400000000000000e+04
1.504629385480977383e-02, 2.781400000000000000e+04
1.507116376200780608e-02, 2.633500000000000000e+04
1.509603366920584007e-02, 2.618800000000000000e+04
1.512090357640387232e-02, 2.740400000000000000e+04
1.514577348360190458e-02, 2.973700000000000000e+04
1.517064339079993683e-02, 3.270600000000000000e+04
1.519551329799797082e-02, 3.570000000000000000e+04
1.522038320519600307e-02, 3.809500000000000000e+04
1.524525311239403533e-02, 3.939300000000000000e+04
1.527012301959206758e-02, 3.933100000000000000e+04
1.529499292679009984e-02, 3.792300000000000000e+04
1.531986283398813382e-02, 3.545100000000000000e+04
1.534473274118616608e-02, 3.243100000000000000e+04
1.536960264838419833e-02, 2.947500000000000000e+04
1.539447255558223059e-02, 2.719900000000000000e+04
1.541934246278026457e-02, 2.605100000000000000e+04
1.544421236997829683e-02, 2.626900000000000000e+04
1.546908227717632908e-02, 2.781400000000000000e+04
1.549395218437436134e-02, 3.037300000000000000e+04
1.551882209157239532e-02, 3.341800000000000000e+04
1.554369199877042758e-02, 3.632300000000000000e+04
1.556856190596845983e-02, 3.849100000000000000e+04
1.559343181316649209e-02, 3.947200000000000000e+04
1.561830172036452608e-02, 3.906000000000000000e+04
1.564317162756255833e-02, 3.734700000000000000e+04
1.566804153476059058e-02, 3.468100000000000000e+04
1.569291144195862284e-02, 3.162100000000000000e+04
1.571778134915665509e-02, 2.879700000000000000e+04
1.574265125635468734e-02, 2.678300000000000000e+04
1.576752116355272307e-02, 2.598600000000000000e+04
1.579239107075075532e-02, 2.657800000000000000e+04
1.581726097794878758e-02, 2.844300000000000000e+04
1.584213088514681983e-02, 3.119100000000000000e+04
1.586700079234485208e-02, 3.425200000000000000e+04
1.589187069954288434e-02, 3.699000000000000000e+04
1.591674060674091659e-02, 3.885300000000000000e+04
1.594161051393894885e-02, 3.946600000000000000e+04
1.596648042113698457e-02, 3.869500000000000000e+04
1.599135032833501682e-02, 3.670400000000000000e+04
1.601622023553304908e-02, 3.390600000000000000e+04
1.604109014273108133e-02, 3.087500000000000000e+04
1.606596004992911358e-02, 2.824800000000000000e+04
1.609082995712714584e-02, 2.655900000000000000e+04
1.611569986432517809e-02, 2.615200000000000000e+04
1.614056977152321035e-02, 2.711800000000000000e+04
1.616543967872124607e-02, 2.926600000000000000e+04
1.619030958591927832e-02, 3.213700000000000000e+04
1.621517949311731058e-02, 3.515000000000000000e+04
1.624004940031534283e-02, 3.768500000000000000e+04
1.626491930751337509e-02, 3.921400000000000000e+04
1.628978921471140734e-02, 3.942300000000000000e+04
1.631465912190943959e-02, 3.826400000000000000e+04
1.633952902910747185e-02, 3.597000000000000000e+04
1.636439893630550757e-02, 3.301500000000000000e+04
1.638926884350353982e-02, 2.999900000000000000e+04
1.641413875070157208e-02, 2.754800000000000000e+04
1.643900865789960433e-02, 2.615400000000000000e+04
1.646387856509763659e-02, 2.609600000000000000e+04
1.648874847229566884e-02, 2.739400000000000000e+04
1.651361837949370109e-02, 2.977500000000000000e+04
1.653848828669173335e-02, 3.275100000000000000e+04
1.656335819388976907e-02, 3.571800000000000000e+04
1.658822810108780132e-02, 3.806900000000000000e+04
1.661309800828583358e-02, 3.931100000000000000e+04
1.663796791548386583e-02, 3.918300000000000000e+04
1.666283782268189809e-02, 3.771600000000000000e+04
1.668770772987993034e-02, 3.521000000000000000e+04
1.671257763707796259e-02, 3.218800000000000000e+04
1.673744754427599485e-02, 2.927300000000000000e+04
1.676231745147403057e-02, 2.706700000000000000e+04
1.678718735867206283e-02, 2.601000000000000000e+04
1.681205726587009508e-02, 2.633100000000000000e+04
1.683692717306812733e-02, 2.796800000000000000e+04
1.686179708026615959e-02, 3.058400000000000000e+04
1.688666698746419184e-02, 3.364400000000000000e+04
1.691153689466222410e-02, 3.651900000000000000e+04
1.693640680186025635e-02, 3.861600000000000000e+04
1.696127670905829207e-02, 3.949700000000000000e+04
1.698614661625632433e-02, 3.898300000000000000e+04
1.701101652345435658e-02, 3.718700000000000000e+04
1.703588643065238883e-02, 3.447200000000000000e+04
1.706075633785042109e-02, 3.140800000000000000e+04
1.708562624504845334e-02, 2.863200000000000000e+04
1.711049615224648560e-02, 2.671300000000000000e+04
1.713536605944451785e-02, 2.603200000000000000e+04
1.716023596664255357e-02, 2.673700000000000000e+04
1.718510587384058583e-02, 2.868600000000000000e+04
1.720997578103861808e-02, 3.146700000000000000e+04
1.723484568823665034e-02, 3.451300000000000000e+04
1.725971559543468259e-02, 3.720000000000000000e+04
1.728458550263271484e-02, 3.897200000000000000e+04
1.730945540983074710e-02, 3.946500000000000000e+04
1.733432531702877935e-02, 3.857600000000000000e+04
1.735919522422681507e-02, 3.648300000000000000e+04
1.738406513142484733e-02, 3.361700000000000000e+04
1.740893503862287958e-02, 3.056500000000000000e+04
1.743380494582091184e-02, 2.795900000000000000e+04
1.745867485301894409e-02, 2.633100000000000000e+04
1.748354476021697634e-02, 2.601600000000000000e+04
1.750841466741500860e-02, 2.707700000000000000e+04
1.753328457461304085e-02, 2.929300000000000000e+04
1.755815448181107657e-02, 3.220200000000000000e+04
1.758302438900910883e-02, 3.522300000000000000e+04
1.760789429620714108e-02, 3.773800000000000000e+04
1.763276420340517334e-02, 3.922500000000000000e+04
1.765763411060320559e-02, 3.937100000000000000e+04
1.768250401780123784e-02, 3.814800000000000000e+04
1.770737392499927010e-02, 3.580700000000000000e+04
1.773224383219730235e-02, 3.285200000000000000e+04
1.775711373939533808e-02, 2.988000000000000000e+04
1.778198364659337033e-02, 2.750400000000000000e+04
1.780685355379140258e-02, 2.619700000000000000e+04
1.783172346098943484e-02, 2.623700000000000000e+04
1.785659336818746709e-02, 2.762200000000000000e+04
1.788146327538549935e-02, 3.007400000000000000e+04
1.790633318258353160e-02, 3.308400000000000000e+04
1.793120308978156385e-02, 3.603800000000000000e+04
1.795607299697959958e-02, 3.832400000000000000e+04
1.798094290417763183e-02, 3.946300000000000000e+04
1.800581281137566408e-02, 3.922100000000000000e+04
1.803068271857369634e-02, 3.765500000000000000e+04
1.805555262577172859e-02, 3.507900000000000000e+04
1.808042253296976085e-02, 3.203200000000000000e+04
1.810529244016779310e-02, 2.913500000000000000e+04
1.813016234736582535e-02, 2.698300000000000000e+04
1.815503225456386108e-02, 2.601200000000000000e+04
1.817990216176189333e-02, 2.642900000000000000e+04
1.820477206895992558e-02, 2.814700000000000000e+04
1.822964197615795784e-02, 3.081100000000000000e+04
1.825451188335599009e-02, 3.387800000000000000e+04
1.827938179055402235e-02, 3.671300000000000000e+04
1.830425169775205460e-02, 3.874100000000000000e+04
1.832912160495008685e-02, 3.954400000000000000e+04
1.835399151214811911e-02, 3.895000000000000000e+04
1.837886141934615483e-02, 3.708500000000000000e+04
1.840373132654418709e-02, 3.433000000000000000e+04
1.842860123374221934e-02, 3.126100000000000000e+04
1.845347114094025159e-02, 2.850700000000000000e+04
1.847834104813828385e-02, 2.663700000000000000e+04
1.850321095533631610e-02, 2.603200000000000000e+04
1.852808086253434836e-02, 2.681600000000000000e+04
1.855295076973238061e-02, 2.883000000000000000e+04
1.857782067693041633e-02, 3.165700000000000000e+04
1.860269058412844859e-02, 3.471900000000000000e+04
1.862756049132648084e-02, 3.737100000000000000e+04
1.865243039852451309e-02, 3.907400000000000000e+04
1.867730030572254535e-02, 3.948000000000000000e+04
1.870217021292057760e-02, 3.850100000000000000e+04
1.872704012011860986e-02, 3.633900000000000000e+04
1.875191002731664211e-02, 3.345100000000000000e+04
1.877677993451467783e-02, 3.042900000000000000e+04
1.880164984171271009e-02, 2.789100000000000000e+04
1.882651974891074234e-02, 2.634000000000000000e+04
1.885138965610877460e-02, 2.610200000000000000e+04
1.887625956330680685e-02, 2.723300000000000000e+04
1.890112947050483910e-02, 2.951000000000000000e+04
1.892599937770287136e-02, 3.245700000000000000e+04
1.895086928490090361e-02, 3.547500000000000000e+04
1.897573919209893933e-02, 3.794000000000000000e+04
1.900060909929697159e-02, 3.933700000000000000e+04
1.902547900649500384e-02, 3.937800000000000000e+04
1.905034891369303610e-02, 3.806000000000000000e+04
1.907521882089106835e-02, 3.564900000000000000e+04
1.910008872808910060e-02, 3.264800000000000000e+04
1.912495863528713286e-02, 2.967100000000000000e+04
1.914982854248516511e-02, 2.732900000000000000e+04
1.917469844968320083e-02, 2.609800000000000000e+04
1.919956835688123309e-02, 2.623600000000000000e+04
1.922443826407926534e-02, 2.771200000000000000e+04
1.924930817127729760e-02, 3.022700000000000000e+04
1.927417807847532985e-02, 3.326300000000000000e+04
1.929904798567336210e-02, 3.619500000000000000e+04
1.932391789287139436e-02, 3.841400000000000000e+04
1.934878780006942661e-02, 3.946200000000000000e+04
1.937365770726746234e-02, 3.912700000000000000e+04
1.939852761446549459e-02, 3.748000000000000000e+04
1.942339752166352684e-02, 3.485600000000000000e+04
1.944826742886155910e-02, 3.180200000000000000e+04
1.947313733605959135e-02, 2.894000000000000000e+04
1.949800724325762361e-02, 2.686200000000000000e+04
1.952287715045565586e-02, 2.599300000000000000e+04
1.954774705765368811e-02, 2.651200000000000000e+04
1.957261696485172384e-02, 2.831300000000000000e+04
1.959748687204975609e-02, 3.102600000000000000e+04
1.962235677924778834e-02, 3.409700000000000000e+04
1.964722668644582060e-02, 3.688500000000000000e+04
1.967209659364385285e-02, 3.881700000000000000e+04
1.969696650084188511e-02, 3.950200000000000000e+04
1.972183640803991736e-02, 3.879400000000000000e+04
1.974670631523794961e-02, 3.684300000000000000e+04
1.977157622243598534e-02, 3.404500000000000000e+04
1.979644612963401759e-02, 3.098000000000000000e+04
1.982131603683204985e-02, 2.828000000000000000e+04
1.984618594403008210e-02, 2.650400000000000000e+04
1.987105585122811435e-02, 2.600700000000000000e+04
1.989592575842614661e-02, 2.689200000000000000e+04
1.992079566562417886e-02, 2.898600000000000000e+04
1.994566557282221111e-02, 3.185300000000000000e+04
1.997053548002024684e-02, 3.491400000000000000e+04
1.999540538721827909e-02, 3.753700000000000000e+04
2.002027529441631135e-02, 3.918400000000000000e+04
2.004514520161434360e-02, 3.952500000000000000e+04
2.007001510881237585e-02, 3.848500000000000000e+04
2.009488501601040811e-02, 3.627200000000000000e+04
2.011975492320844036e-02, 3.334600000000000000e+04
2.014462483040647262e-02, 3.031200000000000000e+04
2.016949473760450834e-02, 2.779400000000000000e+04
2.019436464480254059e-02, 2.630400000000000000e+04
2.021923455200057285e-02, 2.615200000000000000e+04
2.024410445919860510e-02, 2.736700000000000000e+04
2.026897436639663735e-02, 2.970200000000000000e+04
2.029384427359466961e-02, 3.267400000000000000e+04
2.031871418079270186e-02, 3.567100000000000000e+04
2.034358408799073412e-02, 3.807200000000000000e+04
2.036845399518876984e-02, 3.937500000000000000e+04
2.039332390238680209e-02, 3.931600000000000000e+04
2.041819380958483435e-02, 3.791100000000000000e+04
2.044306371678286660e-02, 3.544100000000000000e+04
2.046793362398089886e-02, 3.242700000000000000e+04
2.049280353117893111e-02, 2.949300000000000000e+04
2.051767343837696336e-02, 2.723900000000000000e+04
2.054254334557499562e-02, 2.611000000000000000e+04
2.056741325277303134e-02, 2.633700000000000000e+04
2.059228315997106359e-02, 2.788200000000000000e+04
2.061715306716909585e-02, 3.043700000000000000e+04
2.064202297436712810e-02, 3.347600000000000000e+04
2.066689288156516036e-02, 3.637200000000000000e+04
2.069176278876319261e-02, 3.853300000000000000e+04
2.071663269596122486e-02, 3.950700000000000000e+04
2.074150260315925712e-02, 3.908800000000000000e+04
2.076637251035729284e-02, 3.736900000000000000e+04
2.079124241755532509e-02, 3.470000000000000000e+04
2.081611232475335735e-02, 3.163600000000000000e+04
2.084098223195138960e-02, 2.880900000000000000e+04
2.086585213914942186e-02, 2.680600000000000000e+04
2.089072204634745411e-02, 2.602900000000000000e+04
2.091559195354548636e-02, 2.663800000000000000e+04
2.094046186074351862e-02, 2.851300000000000000e+04
2.096533176794155434e-02, 3.126300000000000000e+04
2.099020167513958660e-02, 3.433300000000000000e+04
2.101507158233761885e-02, 3.708700000000000000e+04
2.103994148953565110e-02, 3.896100000000000000e+04
2.106481139673368336e-02, 3.957600000000000000e+04
2.108968130393171561e-02, 3.880200000000000000e+04
2.111455121112974787e-02, 3.679400000000000000e+04
2.113942111832778012e-02, 3.396300000000000000e+04
2.116429102552581584e-02, 3.089900000000000000e+04
2.118916093272384810e-02, 2.823100000000000000e+04
2.121403083992188035e-02, 2.650300000000000000e+04
2.123890074711991260e-02, 2.606500000000000000e+04
2.126377065431794486e-02, 2.699700000000000000e+04
2.128864056151597711e-02, 2.912000000000000000e+04
2.131351046871400937e-02, 3.199500000000000000e+04
2.133838037591204162e-02, 3.503300000000000000e+04
2.136325028311007387e-02, 3.759700000000000000e+04
2.138812019030810960e-02, 3.915300000000000000e+04
2.141299009750614185e-02, 3.938200000000000000e+04
2.143786000470417411e-02, 3.823900000000000000e+04
2.146272991190220636e-02, 3.595500000000000000e+04
2.148759981910023861e-02, 3.300800000000000000e+04
2.151246972629827087e-02, 3.001400000000000000e+04
2.153733963349630312e-02, 2.758900000000000000e+04
2.156220954069433537e-02, 2.621400000000000000e+04
2.158707944789237110e-02, 2.616700000000000000e+04
2.161194935509040335e-02, 2.746700000000000000e+04
2.163681926228843561e-02, 2.986000000000000000e+04
2.166168916948646786e-02, 3.285200000000000000e+04
2.168655907668450011e-02, 3.582800000000000000e+04
2.171142898388253237e-02, 3.818000000000000000e+04
2.173629889108056462e-02, 3.941800000000000000e+04
2.176116879827859688e-02, 3.928100000000000000e+04
2.178603870547663260e-02, 3.780200000000000000e+04
2.181090861267466485e-02, 3.528300000000000000e+04
2.183577851987269711e-02, 3.225000000000000000e+04
2.186064842707072936e-02, 2.932400000000000000e+04
2.188551833426876161e-02, 2.711700000000000000e+04
2.191038824146679387e-02, 2.607500000000000000e+04
2.193525814866482612e-02, 2.640800000000000000e+04
2.196012805586285838e-02, 2.805200000000000000e+04
2.198499796306089410e-02, 3.066800000000000000e+04
2.200986787025892635e-02, 3.372400000000000000e+04
2.203473777745695861e-02, 3.659100000000000000e+04
2.205960768465499086e-02, 3.867900000000000000e+04
2.208447759185302312e-02, 3.956400000000000000e+04
2.210934749905105537e-02, 3.906400000000000000e+04
2.213421740624908762e-02, 3.727800000000000000e+04
2.215908731344711988e-02, 3.456700000000000000e+04
2.218395722064515560e-02, 3.150000000000000000e+04
2.220882712784318785e-02, 2.871500000000000000e+04
2.223369703504122011e-02, 2.678600000000000000e+04
2.225856694223925236e-02, 2.609400000000000000e+04
2.228343684943728462e-02, 2.677000000000000000e+04
2.230830675663531687e-02, 2.868800000000000000e+04
2.233317666383334912e-02, 3.145400000000000000e+04
2.235804657103138138e-02, 3.450700000000000000e+04
2.238291647822941710e-02, 3.720600000000000000e+04
2.240778638542744935e-02, 3.898900000000000000e+04
2.243265629262548161e-02, 3.948900000000000000e+04
2.245752619982351386e-02, 3.860300000000000000e+04
2.248239610702154612e-02, 3.651100000000000000e+04
2.250726601421957837e-02, 3.364300000000000000e+04
2.253213592141761062e-02, 3.060300000000000000e+04
2.255700582861564288e-02, 2.801600000000000000e+04
2.258187573581367860e-02, 2.639900000000000000e+04
2.260674564301171086e-02, 2.607200000000000000e+04
2.263161555020974311e-02, 2.711200000000000000e+04
2.265648545740777536e-02, 2.932000000000000000e+04
2.268135536460580762e-02, 3.223700000000000000e+04
2.270622527180383987e-02, 3.526500000000000000e+04
2.273109517900187213e-02, 3.776800000000000000e+04
2.275596508619990438e-02, 3.923400000000000000e+04
2.278083499339794010e-02, 3.937000000000000000e+04
2.280570490059597236e-02, 3.815700000000000000e+04
2.283057480779400461e-02, 3.582900000000000000e+04
2.285544471499203686e-02, 3.286700000000000000e+04
2.288031462219006912e-02, 2.987900000000000000e+04
2.290518452938810137e-02, 2.749300000000000000e+04
2.293005443658613363e-02, 2.619600000000000000e+04
2.295492434378416588e-02, 2.625200000000000000e+04
2.297979425098220160e-02, 2.764900000000000000e+04
2.300466415818023386e-02, 3.010800000000000000e+04
2.302953406537826611e-02, 3.311900000000000000e+04
2.305440397257629837e-02, 3.605300000000000000e+04
2.307927387977433062e-02, 3.831400000000000000e+04
2.310414378697236287e-02, 3.943400000000000000e+04
2.312901369417039513e-02, 3.918000000000000000e+04
2.315388360136842738e-02, 3.760800000000000000e+04
2.317875350856646310e-02, 3.503100000000000000e+04
2.320362341576449536e-02, 3.198700000000000000e+04
2.322849332296252761e-02, 2.910200000000000000e+04
2.325336323016055987e-02, 2.697700000000000000e+04
2.327823313735859212e-02, 2.603200000000000000e+04
2.330310304455662437e-02, 2.645200000000000000e+04
2.332797295175465663e-02, 2.815800000000000000e+04
2.335284285895268888e-02, 3.080700000000000000e+04
2.337771276615072460e-02, 3.386400000000000000e+04
2.340258267334875686e-02, 3.669200000000000000e+04
2.342745258054678911e-02, 3.871500000000000000e+04
2.345232248774482137e-02, 3.951700000000000000e+04
2.347719239494285362e-02, 3.892500000000000000e+04
2.350206230214088587e-02, 3.706200000000000000e+04
2.352693220933891813e-02, 3.431100000000000000e+04
2.355180211653695038e-02, 3.124600000000000000e+04
2.357667202373498611e-02, 2.849600000000000000e+04
2.360154193093301836e-02, 2.662800000000000000e+04
2.362641183813105061e-02, 2.602400000000000000e+04
2.365128174532908287e-02, 2.681000000000000000e+04
2.367615165252711512e-02, 2.882500000000000000e+04
2.370102155972514738e-02, 3.165300000000000000e+04
2.372589146692317963e-02, 3.471600000000000000e+04
2.375076137412121188e-02, 3.736900000000000000e+04
2.377563128131924761e-02, 3.907400000000000000e+04
2.380050118851727986e-02, 3.948000000000000000e+04
2.382537109571531211e-02, 3.850200000000000000e+04
2.385024100291334437e-02, 3.634000000000000000e+04
2.387511091011137662e-02, 3.343800000000000000e+04
2.389998081730940888e-02, 3.039300000000000000e+04
2.392485072450744113e-02, 2.783600000000000000e+04
2.394972063170547338e-02, 2.627600000000000000e+04
2.397459053890350911e-02, 2.603400000000000000e+04
2.399946044610154136e-02, 2.715700000000000000e+04
2.402433035329957361e-02, 2.941600000000000000e+04
2.404920026049760587e-02, 3.234900000000000000e+04
2.407407016769563812e-02, 3.534500000000000000e+04
2.409894007489367038e-02, 3.779000000000000000e+04
2.412380998209170263e-02, 3.917900000000000000e+04
2.414867988928973488e-02, 3.922100000000000000e+04
2.417354979648777061e-02, 3.791300000000000000e+04
2.419841970368580286e-02, 3.551700000000000000e+04
2.422328961088383512e-02, 3.253400000000000000e+04
2.424815951808186737e-02, 2.957800000000000000e+04
2.427302942527989962e-02, 2.727300000000000000e+04
2.429789933247793188e-02, 2.607800000000000000e+04
2.432276923967596413e-02, 2.623300000000000000e+04
2.434763914687399639e-02, 2.770500000000000000e+04
2.437250905407203211e-02, 3.021000000000000000e+04
2.439737896127006436e-02, 3.323800000000000000e+04
2.442224886846809662e-02, 3.616500000000000000e+04
2.444711877566612887e-02, 3.839100000000000000e+04
2.447198868286416112e-02, 3.946100000000000000e+04
2.449685859006219338e-02, 3.914900000000000000e+04
2.452172849726022563e-02, 3.751900000000000000e+04
2.454659840445825789e-02, 3.490400000000000000e+04
2.457146831165629014e-02, 3.185400000000000000e+04
2.459633821885432586e-02, 2.899000000000000000e+04
2.462120812605235812e-02, 2.690800000000000000e+04
2.464607803325039037e-02, 2.603200000000000000e+04
2.467094794044842263e-02, 2.654500000000000000e+04
2.469581784764645488e-02, 2.834100000000000000e+04
2.472068775484448713e-02, 3.104900000000000000e+04
2.474555766204251939e-02, 3.411600000000000000e+04
2.477042756924055164e-02, 3.690000000000000000e+04
2.479529747643858736e-02, 3.882900000000000000e+04
2.482016738363661962e-02, 3.951200000000000000e+04
2.484503729083465187e-02, 3.880200000000000000e+04
2.486990719803268413e-02, 3.684900000000000000e+04
2.489477710523071638e-02, 3.404900000000000000e+04
2.491964701242874863e-02, 3.098300000000000000e+04
2.494451691962678089e-02, 2.828200000000000000e+04
2.496938682682481314e-02, 2.648900000000000000e+04
2.499425673402284886e-02, 2.596900000000000000e+04
2.501912664122088112e-02, 2.683100000000000000e+04
2.504399654841891337e-02, 2.889300000000000000e+04
2.506886645561694563e-02, 3.173600000000000000e+04
2.509373636281497788e-02, 3.477200000000000000e+04
2.511860627001301013e-02, 3.737100000000000000e+04
2.514347617721104239e-02, 3.900600000000000000e+04
2.516834608440907464e-02, 3.934700000000000000e+04
2.519321599160711037e-02, 3.831800000000000000e+04
2.521808589880514262e-02, 3.612200000000000000e+04
2.524295580600317487e-02, 3.321600000000000000e+04
2.526782571320120713e-02, 3.020300000000000000e+04
2.529269562039923938e-02, 2.770500000000000000e+04
2.531756552759727164e-02, 2.623200000000000000e+04
2.534243543479530389e-02, 2.609300000000000000e+04
2.536730534199333614e-02, 2.731900000000000000e+04
2.539217524919137187e-02, 2.966500000000000000e+04
2.541704515638940412e-02, 3.264500000000000000e+04
2.544191506358743637e-02, 3.565000000000000000e+04
2.546678497078546863e-02, 3.806000000000000000e+04
2.549165487798350088e-02, 3.938800000000000000e+04
2.551652478518153314e-02, 3.935400000000000000e+04
2.554139469237956539e-02, 3.796600000000000000e+04
2.556626459957759764e-02, 3.550500000000000000e+04
2.559113450677563337e-02, 3.249000000000000000e+04
2.561600441397366562e-02, 2.953300000000000000e+04
2.564087432117169787e-02, 2.725100000000000000e+04
2.566574422836973013e-02, 2.610900000000000000e+04
2.569061413556776238e-02, 2.634300000000000000e+04
2.571548404276579464e-02, 2.789900000000000000e+04
2.574035394996382689e-02, 3.046400000000000000e+04
2.576522385716185914e-02, 3.350800000000000000e+04
2.579009376435989487e-02, 3.640500000000000000e+04
2.581496367155792712e-02, 3.856500000000000000e+04
2.583983357875595938e-02, 3.953700000000000000e+04
2.586470348595399163e-02, 3.911600000000000000e+04
2.588957339315202388e-02, 3.739300000000000000e+04
2.591444330035005614e-02, 3.472300000000000000e+04
2.593931320754808839e-02, 3.167700000000000000e+04
2.596418311474612065e-02, 2.886700000000000000e+04
2.598905302194415637e-02, 2.687600000000000000e+04
2.601392292914218862e-02, 2.610400000000000000e+04
2.603879283634022088e-02, 2.671200000000000000e+04
2.606366274353825313e-02, 2.858100000000000000e+04
2.608853265073628538e-02, 3.132500000000000000e+04
2.611340255793431764e-02, 3.438500000000000000e+04
2.613827246513234989e-02, 3.713200000000000000e+04
2.616314237233038215e-02, 3.899700000000000000e+04
2.618801227952841787e-02, 3.960600000000000000e+04
2.621288218672645012e-02, 3.882600000000000000e+04
2.623775209392448238e-02, 3.681300000000000000e+04
2.626262200112251463e-02, 3.397800000000000000e+04
2.628749190832054689e-02, 3.091100000000000000e+04
2.631236181551857914e-02, 2.824200000000000000e+04
2.633723172271661139e-02, 2.651200000000000000e+04
2.636210162991464365e-02, 2.607500000000000000e+04
2.638697153711267937e-02, 2.702600000000000000e+04
2.641184144431071162e-02, 2.917000000000000000e+04
2.643671135150874388e-02, 3.205900000000000000e+04
2.646158125870677613e-02, 3.510300000000000000e+04
2.648645116590480839e-02, 3.767000000000000000e+04
2.651132107310284064e-02, 3.924000000000000000e+04
2.653619098030087289e-02, 3.948500000000000000e+04
2.656106088749890515e-02, 3.835800000000000000e+04
2.658593079469694087e-02, 3.609600000000000000e+04
2.661080070189497312e-02, 3.316300000000000000e+04
2.663567060909300538e-02, 3.015500000000000000e+04
2.666054051629103763e-02, 2.770100000000000000e+04
2.668541042348906989e-02, 2.629700000000000000e+04
2.671028033068710214e-02, 2.622400000000000000e+04
2.673515023788513439e-02, 2.750300000000000000e+04
2.676002014508316665e-02, 2.988200000000000000e+04
2.678489005228120237e-02, 3.286300000000000000e+04
2.680975995947923463e-02, 3.582900000000000000e+04
2.683462986667726688e-02, 3.815700000000000000e+04
2.685949977387529913e-02, 3.937000000000000000e+04
2.688436968107333139e-02, 3.921700000000000000e+04
2.690923958827136364e-02, 3.773100000000000000e+04
2.693410949546939590e-02, 3.521300000000000000e+04
2.695897940266742815e-02, 3.220100000000000000e+04
2.698384930986546387e-02, 2.930400000000000000e+04
2.700871921706349613e-02, 2.712100000000000000e+04
2.703358912426152838e-02, 2.609600000000000000e+04
2.705845903145956063e-02, 2.643900000000000000e+04
2.708332893865759289e-02, 2.808600000000000000e+04
2.710819884585562514e-02, 3.070300000000000000e+04
2.713306875305365740e-02, 3.375600000000000000e+04
2.715793866025168965e-02, 3.662000000000000000e+04
2.718280856744972537e-02, 3.870400000000000000e+04
2.720767847464775763e-02, 3.957300000000000000e+04
2.723254838184578988e-02, 3.904600000000000000e+04
2.725741828904382213e-02, 3.723800000000000000e+04
2.728228819624185439e-02, 3.451300000000000000e+04
2.730715810343988664e-02, 3.144000000000000000e+04
2.733202801063791890e-02, 2.865500000000000000e+04
2.735689791783595115e-02, 2.672900000000000000e+04
2.738176782503398687e-02, 2.604400000000000000e+04
2.740663773223201913e-02, 2.674600000000000000e+04
2.743150763943005138e-02, 2.869300000000000000e+04
2.745637754662808364e-02, 3.148300000000000000e+04
2.748124745382611589e-02, 3.455000000000000000e+04
2.750611736102414814e-02, 3.725700000000000000e+04
2.753098726822218040e-02, 3.905700000000000000e+04
2.755585717542021265e-02, 3.957700000000000000e+04
2.758072708261824491e-02, 3.870800000000000000e+04
2.760559698981628063e-02, 3.664100000000000000e+04
2.763046689701431288e-02, 3.379100000000000000e+04
2.765533680421234514e-02, 3.074400000000000000e+04
2.768020671141037739e-02, 2.813100000000000000e+04
2.770507661860840964e-02, 2.648700000000000000e+04
2.772994652580644190e-02, 2.615300000000000000e+04
2.775481643300447415e-02, 2.719500000000000000e+04
2.777968634020250641e-02, 2.940300000000000000e+04
2.780455624740054213e-02, 3.231700000000000000e+04
2.782942615459857438e-02, 3.534000000000000000e+04
2.785429606179660664e-02, 3.783500000000000000e+04
2.787916596899463889e-02, 3.929300000000000000e+04
2.790403587619267115e-02, 3.941300000000000000e+04
2.792890578339070340e-02, 3.816900000000000000e+04
2.795377569058873565e-02, 3.581200000000000000e+04
2.797864559778676791e-02, 3.284500000000000000e+04
2.800351550498480363e-02, 2.986800000000000000e+04
2.802838541218283588e-02, 2.749500000000000000e+04
2.805325531938086814e-02, 2.621000000000000000e+04
2.807812522657890039e-02, 2.627200000000000000e+04
2.810299513377693265e-02, 2.767300000000000000e+04
2.812786504097496490e-02, 3.013300000000000000e+04
2.815273494817299715e-02, 3.314500000000000000e+04
2.817760485537102941e-02, 3.609600000000000000e+04
2.820247476256906513e-02, 3.837700000000000000e+04
2.822734466976709738e-02, 3.951100000000000000e+04
2.825221457696512964e-02, 3.926300000000000000e+04
2.827708448416316189e-02, 3.769000000000000000e+04
2.830195439136119415e-02, 3.510700000000000000e+04
2.832682429855922640e-02, 3.205400000000000000e+04
2.835169420575725865e-02, 2.915900000000000000e+04
2.837656411295529091e-02, 2.702400000000000000e+04
2.840143402015332663e-02, 2.607100000000000000e+04
2.842630392735135889e-02, 2.649900000000000000e+04
2.845117383454939114e-02, 2.822100000000000000e+04
2.847604374174742339e-02, 3.088300000000000000e+04
2.850091364894545565e-02, 3.394600000000000000e+04
2.852578355614348790e-02, 3.677300000000000000e+04
2.855065346334152016e-02, 3.878100000000000000e+04
2.857552337053955241e-02, 3.955300000000000000e+04
2.860039327773758813e-02, 3.893300000000000000e+04
2.862526318493562039e-02, 3.704900000000000000e+04
2.865013309213365264e-02, 3.428500000000000000e+04
2.867500299933168489e-02, 3.121200000000000000e+04
2.869987290652971715e-02, 2.846000000000000000e+04
2.872474281372774940e-02, 2.659300000000000000e+04
2.874961272092578166e-02, 2.597600000000000000e+04
2.877448262812381391e-02, 2.674300000000000000e+04
2.879935253532184963e-02, 2.874500000000000000e+04
2.882422244251988189e-02, 3.156700000000000000e+04
2.884909234971791414e-02, 3.463100000000000000e+04
2.887396225691594639e-02, 3.729100000000000000e+04
2.889883216411397865e-02, 3.900400000000000000e+04
2.892370207131201090e-02, 3.941900000000000000e+04
2.894857197851004316e-02, 3.845000000000000000e+04
2.897344188570807541e-02, 3.629700000000000000e+04
2.899831179290611113e-02, 3.340400000000000000e+04
2.902318170010414339e-02, 3.036600000000000000e+04
2.904805160730217564e-02, 2.781500000000000000e+04
2.907292151450020790e-02, 2.626000000000000000e+04
2.909779142169824015e-02, 2.602100000000000000e+04
2.912266132889627240e-02, 2.715500000000000000e+04
2.914753123609430466e-02, 2.943800000000000000e+04
2.917240114329233691e-02, 3.239400000000000000e+04
2.919727105049037263e-02, 3.542100000000000000e+04
2.922214095768840489e-02, 3.789500000000000000e+04
2.924701086488643714e-02, 3.930200000000000000e+04
2.927188077208446940e-02, 3.935000000000000000e+04
2.929675067928250165e-02, 3.803900000000000000e+04
2.932162058648053390e-02, 3.563200000000000000e+04
2.934649049367856616e-02, 3.263500000000000000e+04
2.937136040087659841e-02, 2.966100000000000000e+04
2.939623030807463414e-02, 2.732300000000000000e+04
2.942110021527266639e-02, 2.609300000000000000e+04
2.944597012247069864e-02, 2.623100000000000000e+04
2.947084002966873090e-02, 2.770800000000000000e+04
2.949570993686676315e-02, 3.022200000000000000e+04
2.952057984406479541e-02, 3.324100000000000000e+04
2.954544975126282766e-02, 3.615200000000000000e+04
2.957031965846085991e-02, 3.835600000000000000e+04
2.959518956565889564e-02, 3.939500000000000000e+04
2.962005947285692789e-02, 3.905800000000000000e+04
2.964492938005496014e-02, 3.741500000000000000e+04
2.966979928725299240e-02, 3.479600000000000000e+04
2.969466919445102465e-02, 3.175400000000000000e+04
2.971953910164905691e-02, 2.891900000000000000e+04
2.974440900884708916e-02, 2.687000000000000000e+04
2.976927891604512141e-02, 2.602100000000000000e+04
2.979414882324315714e-02, 2.655300000000000000e+04
2.981901873044118939e-02, 2.836000000000000000e+04
2.984388863763922164e-02, 3.107500000000000000e+04
2.986875854483725390e-02, 3.414300000000000000e+04
2.989362845203528615e-02, 3.693600000000000000e+04
2.991849835923331841e-02, 3.888600000000000000e+04
2.994336826643135066e-02, 3.958500000000000000e+04
2.996823817362938291e-02, 3.888400000000000000e+04
2.999310808082741864e-02, 3.693300000000000000e+04
3.001797798802545089e-02, 3.413100000000000000e+04
3.004284789522348315e-02, 3.105700000000000000e+04
3.006771780242151540e-02, 2.834700000000000000e+04
3.009258770961954765e-02, 2.654500000000000000e+04
3.011745761681757991e-02, 2.601500000000000000e+04
3.014232752401561216e-02, 2.687300000000000000e+04
3.016719743121364442e-02, 2.894800000000000000e+04
3.019206733841168014e-02, 3.180600000000000000e+04
3.021693724560971239e-02, 3.486400000000000000e+04
3.024180715280774465e-02, 3.748800000000000000e+04
3.026667706000577690e-02, 3.913700000000000000e+04
3.029154696720380915e-02, 3.946400000000000000e+04
3.031641687440184141e-02, 3.840800000000000000e+04
3.034128678159987366e-02, 3.618500000000000000e+04
3.036615668879790592e-02, 3.325700000000000000e+04
3.039102659599594164e-02, 3.022600000000000000e+04
3.041589650319397389e-02, 2.771700000000000000e+04
3.044076641039200615e-02, 2.623600000000000000e+04
3.046563631759003840e-02, 2.609200000000000000e+04
3.049050622478807065e-02, 2.731600000000000000e+04
3.051537613198610291e-02, 2.966000000000000000e+04
3.054024603918413516e-02, 3.262600000000000000e+04
3.056511594638216742e-02, 3.560800000000000000e+04
3.058998585358019967e-02, 3.799700000000000000e+04
3.061485576077823539e-02, 3.929400000000000000e+04
3.063972566797626765e-02, 3.923600000000000000e+04
3.066459557517429990e-02, 3.783600000000000000e+04
3.068946548237233216e-02, 3.537300000000000000e+04
3.071433538957036441e-02, 3.236600000000000000e+04
3.073920529676839666e-02, 2.943900000000000000e+04
3.076407520396642892e-02, 2.719500000000000000e+04
3.078894511116446117e-02, 2.608300000000000000e+04
3.081381501836249689e-02, 2.633900000000000000e+04
3.083868492556052915e-02, 2.791100000000000000e+04
3.086355483275856140e-02, 3.048400000000000000e+04
3.088842473995659366e-02, 3.353200000000000000e+04
3.091329464715462591e-02, 3.642900000000000000e+04
3.093816455435265816e-02, 3.858700000000000000e+04
3.096303446155069042e-02, 3.955600000000000000e+04
3.098790436874872267e-02, 3.913300000000000000e+04
3.101277427594675840e-02, 3.740800000000000000e+04
3.103764418314479065e-02, 3.473200000000000000e+04
3.106251409034282290e-02, 3.166300000000000000e+04
3.108738399754085516e-02, 2.883000000000000000e+04
3.111225390473888741e-02, 2.681100000000000000e+04
3.113712381193691967e-02, 2.600800000000000000e+04
3.116199371913495192e-02, 2.659400000000000000e+04
3.118686362633298417e-02, 2.845400000000000000e+04
3.121173353353101990e-02, 3.119900000000000000e+04
3.123660344072905215e-02, 3.426000000000000000e+04
3.126147334792708093e-02, 3.699700000000000000e+04
3.128634325512511666e-02, 3.885600000000000000e+04
3.131121316232315238e-02, 3.944900000000000000e+04
3.133608306952118117e-02, 3.865400000000000000e+04
3.136095297671921689e-02, 3.663600000000000000e+04
3.138582288391724567e-02, 3.380600000000000000e+04
3.141069279111528140e-02, 3.075200000000000000e+04
3.143556269831331018e-02, 2.810100000000000000e+04
3.146043260551134590e-02, 2.639100000000000000e+04
3.148530251270937469e-02, 2.597300000000000000e+04
3.151017241990741041e-02, 2.694100000000000000e+04
3.153504232710544614e-02, 2.910100000000000000e+04
3.155991223430347492e-02, 3.200300000000000000e+04
3.158478214150151064e-02, 3.505800000000000000e+04
3.160965204869953943e-02, 3.763500000000000000e+04
3.163452195589757515e-02, 3.921300000000000000e+04
3.165939186309560394e-02, 3.946300000000000000e+04
3.168426177029363966e-02, 3.833500000000000000e+04
3.170913167749167538e-02, 3.605600000000000000e+04
3.173400158468970417e-02, 3.310500000000000000e+04
3.175887149188773989e-02, 3.010100000000000000e+04
3.178374139908576868e-02, 2.766500000000000000e+04
3.180861130628380440e-02, 2.628600000000000000e+04
3.183348121348183318e-02, 2.624900000000000000e+04
3.185835112067986891e-02, 2.756100000000000000e+04
3.188322102787789769e-02, 2.994900000000000000e+04
3.190809093507593341e-02, 3.291700000000000000e+04
3.193296084227396914e-02, 3.586700000000000000e+04
3.195783074947199792e-02, 3.819700000000000000e+04
3.198270065667003365e-02, 3.941900000000000000e+04
3.200757056386806243e-02, 3.927400000000000000e+04
3.203244047106609815e-02, 3.779100000000000000e+04
3.205731037826412694e-02, 3.527000000000000000e+04
3.208218028546216266e-02, 3.223800000000000000e+04
3.210705019266019838e-02, 2.931200000000000000e+04
3.213192009985822717e-02, 2.709800000000000000e+04
3.215679000705626289e-02, 2.603500000000000000e+04
3.218165991425429168e-02, 2.635000000000000000e+04
3.220652982145232740e-02, 2.798000000000000000e+04
3.223139972865035618e-02, 3.059300000000000000e+04
3.225626963584839191e-02, 3.364900000000000000e+04
3.228113954304642069e-02, 3.652100000000000000e+04
3.230600945024445642e-02, 3.861700000000000000e+04
3.233087935744249214e-02, 3.949900000000000000e+04
3.235574926464052092e-02, 3.898500000000000000e+04
3.238061917183855665e-02, 3.719000000000000000e+04
3.240548907903658543e-02, 3.449400000000000000e+04
3.243035898623462115e-02, 3.145100000000000000e+04
3.245522889343264994e-02, 2.868000000000000000e+04
3.248009880063068566e-02, 2.674700000000000000e+04
3.250496870782872139e-02, 2.604800000000000000e+04
3.252983861502675017e-02, 2.673700000000000000e+04
3.255470852222478589e-02, 2.867600000000000000e+04
3.257957842942281468e-02, 3.146000000000000000e+04
3.260444833662085040e-02, 3.452500000000000000e+04
3.262931824381887919e-02, 3.723300000000000000e+04
3.265418815101691491e-02, 3.902200000000000000e+04
3.267905805821494369e-02, 3.952200000000000000e+04
3.270392796541297942e-02, 3.863300000000000000e+04
3.272879787261101514e-02, 3.653700000000000000e+04
3.275366777980904393e-02, 3.366500000000000000e+04
3.277853768700707965e-02, 3.060800000000000000e+04
3.280340759420510843e-02, 2.799500000000000000e+04
3.282827750140314416e-02, 2.635900000000000000e+04
3.285314740860117294e-02, 2.603700000000000000e+04
3.287801731579920866e-02, 2.709300000000000000e+04
3.290288722299724439e-02, 2.930900000000000000e+04
3.292775713019527317e-02, 3.221700000000000000e+04
3.295262703739330890e-02, 3.523300000000000000e+04
3.297749694459133768e-02, 3.774300000000000000e+04
3.300236685178937340e-02, 3.922700000000000000e+04
3.302723675898740219e-02, 3.937700000000000000e+04
3.305210666618543791e-02, 3.817500000000000000e+04
3.307697657338346670e-02, 3.585400000000000000e+04
3.310184648058150242e-02, 3.289700000000000000e+04
3.312671638777953814e-02, 2.991000000000000000e+04
3.315158629497756693e-02, 2.752000000000000000e+04
3.317645620217560265e-02, 2.622000000000000000e+04
3.320132610937363143e-02, 2.627200000000000000e+04
3.322619601657166716e-02, 2.766600000000000000e+04
3.325106592376969594e-02, 3.012300000000000000e+04
3.327593583096773167e-02, 3.313300000000000000e+04
3.330080573816576739e-02, 3.608400000000000000e+04
3.332567564536379617e-02, 3.836500000000000000e+04
3.335054555256183190e-02, 3.950100000000000000e+04
3.337541545975986068e-02, 3.925500000000000000e+04
3.340028536695789640e-02, 3.768300000000000000e+04
3.342515527415592519e-02, 3.511700000000000000e+04
3.345002518135396091e-02, 3.208800000000000000e+04
3.347489508855198970e-02, 2.920700000000000000e+04
3.349976499575002542e-02, 2.706200000000000000e+04
3.352463490294806114e-02, 2.609100000000000000e+04
3.354950481014608993e-02, 2.650300000000000000e+04
3.357437471734412565e-02, 2.821300000000000000e+04
3.359924462454215444e-02, 3.086700000000000000e+04
3.362411453174019016e-02, 3.392600000000000000e+04
3.364898443893821894e-02, 3.675200000000000000e+04
3.367385434613625467e-02, 3.876200000000000000e+04
3.369872425333428345e-02, 3.953600000000000000e+04
3.372359416053231917e-02, 3.891800000000000000e+04
3.374846406773035490e-02, 3.703700000000000000e+04
3.377333397492838368e-02, 3.427400000000000000e+04
3.379820388212641941e-02, 3.120500000000000000e+04
3.382307378932444819e-02, 2.845400000000000000e+04
3.384794369652248391e-02, 2.658800000000000000e+04
3.387281360372051270e-02, 2.598800000000000000e+04
3.389768351091854842e-02, 2.677800000000000000e+04
3.392255341811658415e-02, 2.879400000000000000e+04
3.394742332531461293e-02, 3.160600000000000000e+04
3.397229323251264865e-02, 3.465200000000000000e+04
3.399716313971067744e-02, 3.730800000000000000e+04
3.402203304690871316e-02, 3.903100000000000000e+04
3.404690295410674195e-02, 3.945900000000000000e+04
3.407177286130477767e-02, 3.851600000000000000e+04
3.409664276850280645e-02, 3.638800000000000000e+04
3.412151267570084218e-02, 3.351100000000000000e+04
3.414638258289887790e-02, 3.047800000000000000e+04
3.417125249009690668e-02, 2.792500000000000000e+04
3.419612239729494241e-02, 2.637700000000000000e+04
3.422099230449297119e-02, 2.614900000000000000e+04
3.424586221169100692e-02, 2.728800000000000000e+04
3.427073211888903570e-02, 2.956900000000000000e+04
3.429560202608707142e-02, 3.251500000000000000e+04
3.432047193328510715e-02, 3.552800000000000000e+04
3.434534184048313593e-02, 3.798800000000000000e+04
3.437021174768117165e-02, 3.938100000000000000e+04
3.439508165487920044e-02, 3.941600000000000000e+04
3.441995156207723616e-02, 3.809200000000000000e+04
3.444482146927526495e-02, 3.567500000000000000e+04
3.446969137647330067e-02, 3.267000000000000000e+04
3.449456128367132945e-02, 2.969000000000000000e+04
3.451943119086936518e-02, 2.736400000000000000e+04
3.454430109806740090e-02, 2.615100000000000000e+04
3.456917100526542969e-02, 2.630200000000000000e+04
3.459404091246346541e-02, 2.778400000000000000e+04
3.461891081966149419e-02, 3.029900000000000000e+04
3.464378072685952992e-02, 3.333000000000000000e+04
3.466865063405755870e-02, 3.625500000000000000e+04
3.469352054125559442e-02, 3.846900000000000000e+04
3.471839044845363015e-02, 3.950900000000000000e+04
3.474326035565165893e-02, 3.916600000000000000e+04
3.476813026284969466e-02, 3.751300000000000000e+04
3.479300017004772344e-02, 3.488200000000000000e+04
3.481787007724575916e-02, 3.182300000000000000e+04
3.484273998444378795e-02, 2.895600000000000000e+04
3.486760989164182367e-02, 2.687400000000000000e+04
3.489247979883985246e-02, 2.599000000000000000e+04
3.491734970603788818e-02, 2.648400000000000000e+04
3.494221961323592390e-02, 2.826300000000000000e+04
3.496708952043395269e-02, 3.096300000000000000e+04
3.499195942763198841e-02, 3.402900000000000000e+04
3.501682933483001720e-02, 3.682700000000000000e+04
3.504169924202805292e-02, 3.878700000000000000e+04
3.506656914922608170e-02, 3.949900000000000000e+04
3.509143905642411743e-02, 3.882800000000000000e+04
3.511630896362215315e-02, 3.691200000000000000e+04
3.514117887082018193e-02, 3.413800000000000000e+04
3.516604877801821766e-02, 3.108400000000000000e+04
3.519091868521624644e-02, 2.838600000000000000e+04
3.521578859241428217e-02, 2.660100000000000000e+04
3.524065849961231095e-02, 2.609300000000000000e+04
3.526552840681034667e-02, 2.696700000000000000e+04
3.529039831400837546e-02, 2.904900000000000000e+04
3.531526822120641118e-02, 3.190600000000000000e+04
3.534013812840444690e-02, 3.495600000000000000e+04
3.536500803560247569e-02, 3.757000000000000000e+04
3.538987794280051141e-02, 3.920900000000000000e+04
3.541474784999854020e-02, 3.954300000000000000e+04
3.543961775719657592e-02, 3.849900000000000000e+04
3.546448766439460470e-02, 3.628400000000000000e+04
3.548935757159264043e-02, 3.335700000000000000e+04
3.551422747879067615e-02, 3.032200000000000000e+04
3.553909738598870494e-02, 2.781900000000000000e+04
3.556396729318674066e-02, 2.635100000000000000e+04
3.558883720038476944e-02, 2.620900000000000000e+04
3.561370710758280517e-02, 2.741200000000000000e+04
3.563857701478083395e-02, 2.972800000000000000e+04
3.566344692197886967e-02, 3.268100000000000000e+04
3.568831682917689846e-02, 3.566500000000000000e+04
3.571318673637493418e-02, 3.805900000000000000e+04
3.573805664357296991e-02, 3.935900000000000000e+04
3.576292655077099869e-02, 3.929900000000000000e+04
3.578779645796903441e-02, 3.789400000000000000e+04
3.581266636516706320e-02, 3.542500000000000000e+04
3.583753627236509892e-02, 3.241000000000000000e+04
3.586240617956312771e-02, 2.945900000000000000e+04
3.588727608676116343e-02, 2.718500000000000000e+04
3.591214599395919915e-02, 2.604400000000000000e+04
3.593701590115722794e-02, 2.626500000000000000e+04
3.596188580835526366e-02, 2.780900000000000000e+04
3.598675571555329245e-02, 3.036700000000000000e+04
3.601162562275132817e-02, 3.341100000000000000e+04
3.603649552994935695e-02, 3.631400000000000000e+04
3.606136543714739268e-02, 3.848300000000000000e+04
3.608623534434542146e-02, 3.946600000000000000e+04
3.611110525154345718e-02, 3.906800000000000000e+04
3.613597515874149291e-02, 3.737800000000000000e+04
3.616084506593952169e-02, 3.473400000000000000e+04
3.618571497313755742e-02, 3.168700000000000000e+04
3.621058488033558620e-02, 2.886700000000000000e+04
3.623545478753362192e-02, 2.686300000000000000e+04
3.626032469473165071e-02, 2.608200000000000000e+04
3.628519460192968643e-02, 2.668600000000000000e+04
3.631006450912772215e-02, 2.855400000000000000e+04
3.633493441632575094e-02, 3.129900000000000000e+04
3.635980432352378666e-02, 3.436100000000000000e+04
3.638467423072181545e-02, 3.711000000000000000e+04
3.640954413791985117e-02, 3.897900000000000000e+04
3.643441404511787995e-02, 3.958900000000000000e+04
3.645928395231591568e-02, 3.881100000000000000e+04
3.648415385951394446e-02, 3.680300000000000000e+04
3.650902376671198019e-02, 3.397100000000000000e+04
3.653389367391001591e-02, 3.090700000000000000e+04
3.655876358110804469e-02, 2.825100000000000000e+04
3.658363348830608042e-02, 2.654400000000000000e+04
3.660850339550410920e-02, 2.612600000000000000e+04
3.663337330270214492e-02, 2.707000000000000000e+04
3.665824320990017371e-02, 2.919600000000000000e+04
3.668311311709820943e-02, 3.206700000000000000e+04
3.670798302429623822e-02, 3.509700000000000000e+04
3.673285293149427394e-02, 3.765400000000000000e+04
3.675772283869230966e-02, 3.920300000000000000e+04
3.678259274589033845e-02, 3.942300000000000000e+04
3.680746265308837417e-02, 3.827300000000000000e+04
3.683233256028640296e-02, 3.598200000000000000e+04
3.685720246748443868e-02, 3.302800000000000000e+04
3.688207237468246746e-02, 3.001300000000000000e+04
3.690694228188050319e-02, 2.756100000000000000e+04
3.693181218907853891e-02, 2.617100000000000000e+04
3.695668209627656770e-02, 2.613200000000000000e+04
3.698155200347460342e-02, 2.744900000000000000e+04
3.700642191067263220e-02, 2.985700000000000000e+04
3.703129181787066793e-02, 3.286100000000000000e+04
3.705616172506869671e-02, 3.584200000000000000e+04
3.708103163226673243e-02, 3.817900000000000000e+04
3.710590153946476122e-02, 3.939600000000000000e+04
3.713077144666279694e-02, 3.924300000000000000e+04
3.715564135386083267e-02, 3.775400000000000000e+04
3.718051126105886145e-02, 3.523200000000000000e+04
3.720538116825689717e-02, 3.220000000000000000e+04
3.723025107545492596e-02, 2.927600000000000000e+04
3.725512098265296168e-02, 2.707200000000000000e+04
3.727999088985099047e-02, 2.603500000000000000e+04
3.730486079704902619e-02, 2.637400000000000000e+04
3.732973070424706191e-02, 2.802300000000000000e+04
3.735460061144509070e-02, 3.064600000000000000e+04
3.737947051864312642e-02, 3.370500000000000000e+04
3.740434042584115520e-02, 3.657600000000000000e+04
3.742921033303919093e-02, 3.866700000000000000e+04
3.745408024023721971e-02, 3.954400000000000000e+04
3.747895014743525544e-02, 3.902400000000000000e+04
3.750382005463328422e-02, 3.722100000000000000e+04
3.752868996183131994e-02, 3.450100000000000000e+04
3.755355986902935567e-02, 3.143000000000000000e+04
3.757842977622738445e-02, 2.863900000000000000e+04
3.760329968342542017e-02, 2.669300000000000000e+04
3.762816959062344896e-02, 2.598900000000000000e+04
3.765303949782148468e-02, 2.666300000000000000e+04
3.767790940501951347e-02, 2.858400000000000000e+04
3.770277931221754919e-02, 3.135600000000000000e+04
3.772764921941558491e-02, 3.441700000000000000e+04
3.775251912661361370e-02, 3.712800000000000000e+04
3.777738903381164942e-02, 3.893700000000000000e+04
3.780225894100967821e-02, 3.947100000000000000e+04
3.782712884820771393e-02, 3.861400000000000000e+04
3.785199875540574271e-02, 3.654100000000000000e+04
3.787686866260377844e-02, 3.368400000000000000e+04
3.790173856980180722e-02, 3.063600000000000000e+04
3.792660847699984294e-02, 2.802600000000000000e+04
3.795147838419787867e-02, 2.638900000000000000e+04
3.797634829139590745e-02, 2.606400000000000000e+04
3.800121819859394318e-02, 2.711700000000000000e+04
3.802608810579197196e-02, 2.933700000000000000e+04
3.805095801299000768e-02, 3.226300000000000000e+04
3.807582792018803647e-02, 3.529600000000000000e+04
3.810069782738607219e-02, 3.780300000000000000e+04
3.812556773458410792e-02, 3.926800000000000000e+04
3.815043764178213670e-02, 3.939400000000000000e+04
3.817530754898017242e-02, 3.815500000000000000e+04
3.820017745617820121e-02, 3.580100000000000000e+04
3.822504736337623693e-02, 3.282200000000000000e+04
3.824991727057426572e-02, 2.982400000000000000e+04
3.827478717777230144e-02, 2.743300000000000000e+04
3.829965708497033022e-02, 2.613700000000000000e+04
3.832452699216836595e-02, 2.619800000000000000e+04
3.834939689936640167e-02, 2.760100000000000000e+04
3.837426680656443045e-02, 3.006800000000000000e+04
3.839913671376246618e-02, 3.308800000000000000e+04
3.842400662096049496e-02, 3.604700000000000000e+04
3.844887652815853069e-02, 3.833600000000000000e+04
3.847374643535655947e-02, 3.947900000000000000e+04
3.849861634255459519e-02, 3.923800000000000000e+04
3.852348624975263092e-02, 3.767000000000000000e+04
3.854835615695065970e-02, 3.509200000000000000e+04
3.857322606414869542e-02, 3.204300000000000000e+04
3.859809597134672421e-02, 2.914800000000000000e+04
3.862296587854475993e-02, 2.701500000000000000e+04
3.864783578574278872e-02, 2.606300000000000000e+04
3.867270569294082444e-02, 2.649200000000000000e+04
3.869757560013885322e-02, 2.821600000000000000e+04
3.872244550733688895e-02, 3.088000000000000000e+04
3.874731541453492467e-02, 3.394300000000000000e+04
3.877218532173295346e-02, 3.677200000000000000e+04
3.879705522893098918e-02, 3.878800000000000000e+04
3.882192513612901796e-02, 3.958300000000000000e+04
3.884679504332705369e-02, 3.898400000000000000e+04
3.887166495052508247e-02, 3.711300000000000000e+04
3.889653485772311819e-02, 3.435400000000000000e+04
3.892140476492115392e-02, 3.128700000000000000e+04
3.894627467211918270e-02, 2.855100000000000000e+04
3.897114457931721843e-02, 2.669800000000000000e+04
3.899601448651524721e-02, 2.610200000000000000e+04
3.902088439371328293e-02, 2.689000000000000000e+04
3.904575430091131172e-02, 2.890300000000000000e+04
3.907062420810934744e-02, 3.172500000000000000e+04
3.909549411530737623e-02, 3.478000000000000000e+04
3.912036402250541195e-02, 3.742800000000000000e+04
3.914523392970344767e-02, 3.912400000000000000e+04
3.917010383690147646e-02, 3.952100000000000000e+04
3.919497374409951218e-02, 3.853500000000000000e+04
3.921984365129754097e-02, 3.636600000000000000e+04
3.924471355849557669e-02, 3.345900000000000000e+04
3.926958346569360547e-02, 3.040900000000000000e+04
3.929445337289164120e-02, 2.784900000000000000e+04
3.931932328008967692e-02, 2.630200000000000000e+04
3.934419318728770570e-02, 2.608000000000000000e+04
3.936906309448574143e-02, 2.722700000000000000e+04
3.939393300168377021e-02, 2.951600000000000000e+04
3.941880290888180594e-02, 3.247100000000000000e+04
3.944367281607983472e-02, 3.549300000000000000e+04
3.946854272327787044e-02, 3.795900000000000000e+04
3.949341263047589923e-02, 3.935800000000000000e+04
3.951828253767393495e-02, 3.939900000000000000e+04
3.954315244487197067e-02, 3.807900000000000000e+04
3.956802235206999946e-02, 3.566500000000000000e+04
3.959289225926803518e-02, 3.266200000000000000e+04
3.961776216646606397e-02, 2.968400000000000000e+04
3.964263207366409969e-02, 2.735800000000000000e+04
3.966750198086212847e-02, 2.614600000000000000e+04
3.969237188806016420e-02, 2.629800000000000000e+04
3.971724179525819298e-02, 2.778100000000000000e+04
3.974211170245622871e-02, 3.029600000000000000e+04
3.976698160965426443e-02, 3.332800000000000000e+04
3.979185151685229321e-02, 3.625500000000000000e+04
3.981672142405032894e-02, 3.847300000000000000e+04
3.984159133124835772e-02, 3.953400000000000000e+04
3.986646123844639344e-02, 3.921300000000000000e+04
3.989133114564442223e-02, 3.757400000000000000e+04
3.991620105284245795e-02, 3.495100000000000000e+04
3.994107096004049368e-02, 3.189500000000000000e+04
3.996594086723852246e-02, 2.904200000000000000e+04
3.999081077443655818e-02, 2.697600000000000000e+04
4.001568068163458697e-02, 2.611000000000000000e+04
4.004055058883262269e-02, 2.662600000000000000e+04
4.006542049603065148e-02, 2.842000000000000000e+04
4.009029040322868720e-02, 3.112200000000000000e+04
4.011516031042671598e-02, 3.418100000000000000e+04
4.014003021762475171e-02, 3.696000000000000000e+04
4.016490012482278743e-02, 3.888100000000000000e+04
4.018977003202081622e-02, 3.955400000000000000e+04
4.021463993921885194e-02, 3.883700000000000000e+04
4.023950984641688072e-02, 3.687600000000000000e+04
4.026437975361491645e-02, 3.407100000000000000e+04
4.028924966081294523e-02, 3.099900000000000000e+04
4.031411956801098095e-02, 2.829400000000000000e+04
4.033898947520901668e-02, 2.650100000000000000e+04
4.036385938240704546e-02, 2.597800000000000000e+04
4.038872928960508119e-02, 2.684200000000000000e+04
4.041359919680310997e-02, 2.892300000000000000e+04
4.043846910400114569e-02, 3.178500000000000000e+04
4.046333901119917448e-02, 3.483800000000000000e+04
4.048820891839721020e-02, 3.744400000000000000e+04
4.051307882559523899e-02, 3.907500000000000000e+04
4.053794873279327471e-02, 3.939300000000000000e+04
4.056281863999131043e-02, 3.833300000000000000e+04
4.058768854718933922e-02, 3.611300000000000000e+04
4.061255845438737494e-02, 3.319000000000000000e+04
4.063742836158540372e-02, 3.016700000000000000e+04
4.066229826878343945e-02, 2.768100000000000000e+04
4.068716817598146823e-02, 2.623100000000000000e+04
4.071203808317950396e-02, 2.611200000000000000e+04
4.073690799037753968e-02, 2.735300000000000000e+04
4.076177789757556846e-02, 2.970600000000000000e+04
4.078664780477360419e-02, 3.267800000000000000e+04
4.081151771197163297e-02, 3.565900000000000000e+04
4.083638761916966869e-02, 3.804400000000000000e+04
4.086125752636769748e-02, 3.933600000000000000e+04
4.088612743356573320e-02, 3.927000000000000000e+04
4.091099734076376199e-02, 3.786300000000000000e+04
4.093586724796179771e-02, 3.539500000000000000e+04
4.096073715515983343e-02, 3.238200000000000000e+04
4.098560706235786222e-02, 2.944900000000000000e+04
4.101047696955589794e-02, 2.720100000000000000e+04
4.103534687675392673e-02, 2.608700000000000000e+04
4.106021678395196245e-02, 2.634300000000000000e+04
4.108508669114999123e-02, 2.791400000000000000e+04
4.110995659834802696e-02, 3.048600000000000000e+04
4.113482650554606268e-02, 3.353400000000000000e+04
4.115969641274409146e-02, 3.643000000000000000e+04
4.118456631994212719e-02, 3.858700000000000000e+04
4.120943622714015597e-02, 3.955700000000000000e+04
4.123430613433819170e-02, 3.913500000000000000e+04
4.125917604153622048e-02, 3.741000000000000000e+04
4.128404594873425620e-02, 3.473600000000000000e+04
4.130891585593228499e-02, 3.168400000000000000e+04
4.133378576313032071e-02, 2.887300000000000000e+04
4.135865567032835644e-02, 2.687300000000000000e+04
4.138352557752638522e-02, 2.607900000000000000e+04
4.140839548472442094e-02, 2.666600000000000000e+04
4.143326539192244973e-02, 2.852200000000000000e+04
4.145813529912048545e-02, 3.126000000000000000e+04
4.148300520631851424e-02, 3.431900000000000000e+04
4.150787511351654996e-02, 3.706900000000000000e+04
4.153274502071458568e-02, 3.894100000000000000e+04
4.155761492791261447e-02, 3.955400000000000000e+04
4.158248483511065019e-02, 3.878200000000000000e+04
4.160735474230867897e-02, 3.677800000000000000e+04
4.163222464950671470e-02, 3.395200000000000000e+04
4.165709455670474348e-02, 3.089200000000000000e+04
4.168196446390277921e-02, 2.823000000000000000e+04
4.170683437110080799e-02, 2.650400000000000000e+04
4.173170427829884371e-02, 2.606900000000000000e+04
4.175657418549687944e-02, 2.702000000000000000e+04
4.178144409269490822e-02, 2.916500000000000000e+04
4.180631399989294394e-02, 3.204800000000000000e+04
4.183118390709097273e-02, 3.507100000000000000e+04
4.185605381428900845e-02, 3.761700000000000000e+04
4.188092372148703724e-02, 3.915800000000000000e+04
4.190579362868507296e-02, 3.937400000000000000e+04
4.193066353588310868e-02, 3.822400000000000000e+04
4.195553344308113747e-02, 3.593500000000000000e+04
4.198040335027917319e-02, 3.298600000000000000e+04
4.200527325747720198e-02, 2.998800000000000000e+04
4.203014316467523770e-02, 2.756400000000000000e+04
4.205501307187326648e-02, 2.619700000000000000e+04
4.207988297907130221e-02, 2.615600000000000000e+04
4.210475288626933099e-02, 2.745800000000000000e+04
4.212962279346736671e-02, 2.985300000000000000e+04
4.215449270066540244e-02, 3.284500000000000000e+04
4.217936260786343122e-02, 3.582100000000000000e+04
4.220423251506146695e-02, 3.817200000000000000e+04
4.222910242225949573e-02, 3.941000000000000000e+04
4.225397232945753145e-02, 3.927700000000000000e+04
4.227884223665556024e-02, 3.780000000000000000e+04
4.230371214385359596e-02, 3.528300000000000000e+04
4.232858205105163169e-02, 3.226500000000000000e+04
4.235345195824966047e-02, 2.936200000000000000e+04
4.237832186544769619e-02, 2.716700000000000000e+04
4.240319177264572498e-02, 2.611400000000000000e+04
4.242806167984376070e-02, 2.643000000000000000e+04
4.245293158704178949e-02, 2.805600000000000000e+04
4.247780149423982521e-02, 3.066100000000000000e+04
4.250267140143785399e-02, 3.370700000000000000e+04
4.252754130863588972e-02, 3.657000000000000000e+04
4.255241121583392544e-02, 3.865700000000000000e+04
4.257728112303195422e-02, 3.954000000000000000e+04
4.260215103022998995e-02, 3.904200000000000000e+04
4.262702093742801873e-02, 3.726100000000000000e+04
4.265189084462605446e-02, 3.455500000000000000e+04
4.267676075182408324e-02, 3.149100000000000000e+04
4.270163065902211896e-02, 2.870200000000000000e+04
4.272650056622014775e-02, 2.675300000000000000e+04
4.275137047341818347e-02, 2.604200000000000000e+04
4.277624038061621919e-02, 2.672400000000000000e+04
4.280111028781424798e-02, 2.865900000000000000e+04
4.282598019501228370e-02, 3.144200000000000000e+04
4.285085010221031249e-02, 3.450800000000000000e+04
4.287572000940834821e-02, 3.721700000000000000e+04
4.290058991660637699e-02, 3.901900000000000000e+04
4.292545982380441272e-02, 3.954400000000000000e+04
4.295032973100244844e-02, 3.867700000000000000e+04
4.297519963820047723e-02, 3.659500000000000000e+04
4.300006954539851295e-02, 3.372900000000000000e+04
4.302493945259654173e-02, 3.067300000000000000e+04
4.304980935979457746e-02, 2.805600000000000000e+04
4.307467926699260624e-02, 2.641300000000000000e+04
4.309954917419064196e-02, 2.606700000000000000e+04
4.312441908138867075e-02, 2.709300000000000000e+04
4.314928898858670647e-02, 2.929100000000000000e+04
4.317415889578474220e-02, 3.220500000000000000e+04
4.319902880298277098e-02, 3.523300000000000000e+04
4.322389871018080670e-02, 3.775300000000000000e+04
4.324876861737883549e-02, 3.924500000000000000e+04
4.327363852457687121e-02, 3.939700000000000000e+04
4.329850843177490000e-02, 3.817600000000000000e+04
4.332337833897293572e-02, 3.583300000000000000e+04
4.334824824617097144e-02, 3.286000000000000000e+04
4.337311815336900023e-02, 2.986300000000000000e+04
4.339798806056703595e-02, 2.746800000000000000e+04
4.342285796776506474e-02, 2.615000000000000000e+04
4.344772787496310046e-02, 2.618400000000000000e+04
4.347259778216112924e-02, 2.756600000000000000e+04
4.349746768935916497e-02, 3.002000000000000000e+04
4.352233759655719375e-02, 3.303400000000000000e+04
4.354720750375522947e-02, 3.599200000000000000e+04
4.357207741095326520e-02, 3.828400000000000000e+04
4.359694731815129398e-02, 3.943300000000000000e+04
4.362181722534932971e-02, 3.919900000000000000e+04
4.364668713254735849e-02, 3.763800000000000000e+04
4.367155703974539421e-02, 3.506600000000000000e+04
4.369642694694342300e-02, 3.202200000000000000e+04
4.372129685414145872e-02, 2.913100000000000000e+04
4.374616676133949444e-02, 2.700000000000000000e+04
4.377103666853752323e-02, 2.605200000000000000e+04
4.379590657573555895e-02, 2.648400000000000000e+04
4.382077648293358774e-02, 2.821000000000000000e+04
4.384564639013162346e-02, 3.087500000000000000e+04
4.387051629732965224e-02, 3.393900000000000000e+04
4.389538620452768797e-02, 3.676800000000000000e+04
4.392025611172571675e-02, 3.878500000000000000e+04
4.394512601892375248e-02, 3.958000000000000000e+04
4.396999592612178820e-02, 3.898200000000000000e+04
4.399486583331981698e-02, 3.711300000000000000e+04
4.401973574051785271e-02, 3.435400000000000000e+04
4.404460564771588149e-02, 3.128300000000000000e+04
4.406947555491391721e-02, 2.852700000000000000e+04
4.409434546211194600e-02, 2.665200000000000000e+04
4.411921536930998172e-02, 2.604100000000000000e+04
4.414408527650801745e-02, 2.682200000000000000e+04
4.416895518370604623e-02, 2.883400000000000000e+04
4.419382509090408195e-02, 3.165900000000000000e+04
4.421869499810211074e-02, 3.472100000000000000e+04
4.424356490530014646e-02, 3.738600000000000000e+04
4.426843481249817525e-02, 3.911200000000000000e+04
4.429330471969621097e-02, 3.953700000000000000e+04
4.431817462689423975e-02, 3.857000000000000000e+04
4.434304453409227548e-02, 3.641200000000000000e+04
4.436791444129031120e-02, 3.351000000000000000e+04
4.439278434848833998e-02, 3.045900000000000000e+04
4.441765425568637571e-02, 2.789500000000000000e+04
4.444252416288440449e-02, 2.634100000000000000e+04
4.446739407008244022e-02, 2.611300000000000000e+04
4.449226397728046900e-02, 2.725500000000000000e+04
4.451713388447850472e-02, 2.953900000000000000e+04
4.454200379167654045e-02, 3.249000000000000000e+04
4.456687369887456923e-02, 3.550700000000000000e+04
4.459174360607260496e-02, 3.797000000000000000e+04
4.461661351327063374e-02, 3.936800000000000000e+04
4.464148342046866946e-02, 3.940700000000000000e+04
4.466635332766669825e-02, 3.808500000000000000e+04
4.469122323486473397e-02, 3.567000000000000000e+04
4.471609314206276276e-02, 3.266600000000000000e+04
4.474096304926079848e-02, 2.968600000000000000e+04
4.476583295645883420e-02, 2.735900000000000000e+04
4.479070286365686299e-02, 2.614700000000000000e+04
4.481557277085489871e-02, 2.629800000000000000e+04
4.484044267805292749e-02, 2.778200000000000000e+04
4.486531258525096322e-02, 3.029700000000000000e+04
4.489018249244899200e-02, 3.332800000000000000e+04
4.491505239964702773e-02, 3.625400000000000000e+04
4.493992230684506345e-02, 3.847000000000000000e+04
4.496479221404309223e-02, 3.951100000000000000e+04
4.498966212124112796e-02, 3.916800000000000000e+04
4.501453202843915674e-02, 3.752400000000000000e+04
4.503940193563719246e-02, 3.491500000000000000e+04
4.506427184283522125e-02, 3.187600000000000000e+04
4.508914175003325697e-02, 2.902200000000000000e+04
4.511401165723128576e-02, 2.694500000000000000e+04
4.513888156442932148e-02, 2.606700000000000000e+04
4.516375147162735720e-02, 2.657800000000000000e+04
4.518862137882538599e-02, 2.837000000000000000e+04
4.521349128602342171e-02, 3.107400000000000000e+04
4.523836119322145050e-02, 3.413800000000000000e+04
4.526323110041948622e-02, 3.692700000000000000e+04
4.528810100761751500e-02, 3.887600000000000000e+04
4.531297091481555073e-02, 3.957600000000000000e+04
4.533784082201358645e-02, 3.887700000000000000e+04
4.536271072921161523e-02, 3.692800000000000000e+04
4.538758063640965096e-02, 3.412700000000000000e+04
4.541245054360767974e-02, 3.105400000000000000e+04
4.543732045080571547e-02, 2.834500000000000000e+04
4.546219035800374425e-02, 2.655500000000000000e+04
4.548706026520177997e-02, 2.604700000000000000e+04
4.551193017239980876e-02, 2.692400000000000000e+04
4.553680007959784448e-02, 2.901200000000000000e+04
4.556166998679588021e-02, 3.187400000000000000e+04
4.558653989399390899e-02, 3.492900000000000000e+04
4.561140980119194471e-02, 3.754800000000000000e+04
4.563627970838997350e-02, 3.919100000000000000e+04
4.566114961558800922e-02, 3.951300000000000000e+04
4.568601952278603801e-02, 3.844900000000000000e+04
4.571088942998407373e-02, 3.622000000000000000e+04
4.573575933718210251e-02, 3.328500000000000000e+04
4.576062924438013824e-02, 3.024900000000000000e+04
4.578549915157817396e-02, 2.773700000000000000e+04
4.581036905877620274e-02, 2.625200000000000000e+04
4.583523896597423847e-02, 2.610300000000000000e+04
4.586010887317226725e-02, 2.732300000000000000e+04
4.588497878037030298e-02, 2.966500000000000000e+04
4.590984868756833176e-02, 3.264100000000000000e+04
4.593471859476636748e-02, 3.564500000000000000e+04
4.595958850196440321e-02, 3.805300000000000000e+04
4.598445840916243199e-02, 3.936300000000000000e+04
4.600932831636046771e-02, 3.930800000000000000e+04
4.603419822355849650e-02, 3.791100000000000000e+04
4.605906813075653222e-02, 3.546400000000000000e+04
4.608393803795456101e-02, 3.246900000000000000e+04
4.610880794515259673e-02, 2.953100000000000000e+04
4.613367785235062551e-02, 2.726200000000000000e+04
4.615854775954866124e-02, 2.612400000000000000e+04
4.618341766674669696e-02, 2.636000000000000000e+04
4.620828757394472575e-02, 2.791800000000000000e+04
4.623315748114276147e-02, 3.048100000000000000e+04
4.625802738834079025e-02, 3.352400000000000000e+04
4.628289729553882598e-02, 3.641600000000000000e+04
4.630776720273685476e-02, 3.855500000000000000e+04
4.633263710993489048e-02, 3.950300000000000000e+04
4.635750701713292621e-02, 3.906600000000000000e+04
4.638237692433095499e-02, 3.733400000000000000e+04
4.640724683152899072e-02, 3.465800000000000000e+04
4.643211673872701950e-02, 3.159400000000000000e+04
4.645698664592505522e-02, 2.876800000000000000e+04
4.648185655312308401e-02, 2.676500000000000000e+04
4.650672646032111973e-02, 2.599100000000000000e+04
4.653159636751914852e-02, 2.660500000000000000e+04
4.655646627471718424e-02, 2.848600000000000000e+04
4.658133618191521996e-02, 3.124200000000000000e+04
4.660620608911324875e-02, 3.431200000000000000e+04
4.663107599631128447e-02, 3.705000000000000000e+04
4.665594590350931326e-02, 3.890500000000000000e+04
4.668081581070734898e-02, 3.949300000000000000e+04
4.670568571790537776e-02, 3.869100000000000000e+04
4.673055562510341349e-02, 3.666700000000000000e+04
4.675542553230144921e-02, 3.383000000000000000e+04
4.678029543949947799e-02, 3.077100000000000000e+04
4.680516534669751372e-02, 2.811700000000000000e+04
4.683003525389554250e-02, 2.640300000000000000e+04
4.685490516109357823e-02, 2.598200000000000000e+04
4.687977506829160701e-02, 2.694600000000000000e+04
4.690464497548964273e-02, 2.910400000000000000e+04
4.692951488268767152e-02, 3.200400000000000000e+04
4.695438478988570724e-02, 3.505800000000000000e+04
4.697925469708374296e-02, 3.763400000000000000e+04
4.700412460428177175e-02, 3.919600000000000000e+04
4.702899451147980747e-02, 3.942500000000000000e+04
4.705386441867783626e-02, 3.827900000000000000e+04
4.707873432587587198e-02, 3.599000000000000000e+04
4.710360423307390076e-02, 3.303700000000000000e+04
4.712847414027193649e-02, 3.003000000000000000e+04
4.715334404746997221e-02, 2.760000000000000000e+04
4.717821395466800100e-02, 2.622800000000000000e+04
4.720308386186603672e-02, 2.619900000000000000e+04
4.722795376906406550e-02, 2.752000000000000000e+04
4.725282367626210123e-02, 2.992700000000000000e+04
4.727769358346013001e-02, 3.292500000000000000e+04
4.730256349065816573e-02, 3.590000000000000000e+04
4.732743339785619452e-02, 3.823100000000000000e+04
4.735230330505423024e-02, 3.943900000000000000e+04
4.737717321225226597e-02, 3.928200000000000000e+04
4.740204311945029475e-02, 3.780700000000000000e+04
4.742691302664833047e-02, 3.530000000000000000e+04
4.745178293384635926e-02, 3.227800000000000000e+04
4.747665284104439498e-02, 2.935800000000000000e+04
4.750152274824242377e-02, 2.715000000000000000e+04
4.752639265544045949e-02, 2.610500000000000000e+04
4.755126256263849521e-02, 2.643700000000000000e+04
4.757613246983652400e-02, 2.806900000000000000e+04
4.760100237703455972e-02, 3.066000000000000000e+04
4.762587228423258850e-02, 3.369100000000000000e+04
4.765074219143062423e-02, 3.652400000000000000e+04
4.767561209862865301e-02, 3.858200000000000000e+04
4.770048200582668874e-02, 3.943800000000000000e+04
4.772535191302471752e-02, 3.890900000000000000e+04
4.775022182022275324e-02, 3.710800000000000000e+04
4.777509172742078897e-02, 3.439500000000000000e+04
4.779996163461881775e-02, 3.133600000000000000e+04
4.782483154181685348e-02, 2.855900000000000000e+04
4.784970144901488226e-02, 2.662600000000000000e+04
4.787457135621291798e-02, 2.593400000000000000e+04
4.789944126341094677e-02, 2.663300000000000000e+04
4.792431117060898249e-02, 2.858400000000000000e+04
4.794918107780701821e-02, 3.138200000000000000e+04
4.797405098500504700e-02, 3.445900000000000000e+04
4.799892089220308272e-02, 3.717900000000000000e+04
4.802379079940111151e-02, 3.898000000000000000e+04
4.804866070659914723e-02, 3.949000000000000000e+04
4.807353061379717601e-02, 3.860800000000000000e+04
4.809840052099521174e-02, 3.651900000000000000e+04
4.812327042819324052e-02, 3.365000000000000000e+04
4.814814033539127625e-02, 3.060300000000000000e+04
4.817301024258931197e-02, 2.801400000000000000e+04
4.819788014978734075e-02, 2.640000000000000000e+04
4.822275005698537648e-02, 2.609200000000000000e+04
4.824761996418340526e-02, 2.715600000000000000e+04
4.827248987138144098e-02, 2.938000000000000000e+04
4.829735977857946977e-02, 3.230700000000000000e+04
4.832222968577750549e-02, 3.533800000000000000e+04
4.834709959297554122e-02, 3.784100000000000000e+04
4.837196950017357000e-02, 3.930200000000000000e+04
4.839683940737160572e-02, 3.942400000000000000e+04
4.842170931456963451e-02, 3.819700000000000000e+04
4.844657922176767023e-02, 3.586100000000000000e+04
4.847144912896569902e-02, 3.289500000000000000e+04
4.849631903616373474e-02, 2.990300000000000000e+04
4.852118894336176352e-02, 2.751100000000000000e+04
4.854605885055979925e-02, 2.620800000000000000e+04
4.857092875775783497e-02, 2.626100000000000000e+04
4.859579866495586375e-02, 2.765100000000000000e+04
4.862066857215389948e-02, 3.008800000000000000e+04
4.864553847935192826e-02, 3.307900000000000000e+04
4.867040838654996399e-02, 3.600300000000000000e+04
4.869527829374799277e-02, 3.825600000000000000e+04
4.872014820094602849e-02, 3.937600000000000000e+04
4.874501810814406422e-02, 3.912400000000000000e+04
4.876988801534209300e-02, 3.755600000000000000e+04
4.879475792254012873e-02, 3.498500000000000000e+04
4.881962782973815751e-02, 3.194600000000000000e+04
4.884449773693619323e-02, 2.906200000000000000e+04
4.886936764413422202e-02, 2.692300000000000000e+04
4.889423755133225774e-02, 2.596200000000000000e+04
4.891910745853028653e-02, 2.637800000000000000e+04
4.894397736572832225e-02, 2.808200000000000000e+04
4.896884727292635797e-02, 3.073100000000000000e+04
4.899371718012438676e-02, 3.379000000000000000e+04
4.901858708732242248e-02, 3.662400000000000000e+04
4.904345699452045126e-02, 3.864700000000000000e+04
4.906832690171848699e-02, 3.943600000000000000e+04
4.909319680891651577e-02, 3.883300000000000000e+04
4.911806671611455150e-02, 3.696700000000000000e+04
4.914293662331258028e-02, 3.421700000000000000e+04
4.916780653051061600e-02, 3.115900000000000000e+04
4.919267643770865173e-02, 2.841900000000000000e+04
4.921754634490668051e-02, 2.656000000000000000e+04
4.924241625210471623e-02, 2.596400000000000000e+04
4.926728615930274502e-02, 2.675800000000000000e+04
4.929215606650078074e-02, 2.878100000000000000e+04
4.931702597369880953e-02, 3.160000000000000000e+04
4.934189588089684525e-02, 3.464800000000000000e+04
4.936676578809488097e-02, 3.730200000000000000e+04
4.939163569529290976e-02, 3.902400000000000000e+04
4.941650560249094548e-02, 3.945200000000000000e+04
4.944137550968897427e-02, 3.850700000000000000e+04
4.946624541688700999e-02, 3.638000000000000000e+04
4.949111532408503877e-02, 3.350600000000000000e+04
4.951598523128307450e-02, 3.047600000000000000e+04
4.954085513848110328e-02, 2.792400000000000000e+04
4.956572504567913900e-02, 2.636400000000000000e+04
4.959059495287717473e-02, 2.611500000000000000e+04
4.961546486007520351e-02, 2.723500000000000000e+04
4.964033476727323924e-02, 2.950300000000000000e+04
4.966520467447126802e-02, 3.244600000000000000e+04
4.969007458166930374e-02, 3.546000000000000000e+04
4.971494448886733253e-02, 3.792400000000000000e+04
4.973981439606536825e-02, 3.932600000000000000e+04
4.976468430326340397e-02, 3.937100000000000000e+04
4.978955421046143276e-02, 3.805500000000000000e+04
4.981442411765946848e-02, 3.564500000000000000e+04
4.983929402485749727e-02, 3.264500000000000000e+04
4.986416393205553299e-02, 2.967000000000000000e+04
4.988903383925356178e-02, 2.733100000000000000e+04
4.991390374645159750e-02, 2.609900000000000000e+04
4.993877365364962628e-02, 2.623400000000000000e+04
4.996364356084766201e-02, 2.770900000000000000e+04
4.998851346804569773e-02, 3.022200000000000000e+04
5.001338337524372651e-02, 3.325700000000000000e+04
5.003825328244176224e-02, 3.619000000000000000e+04
5.006312318963979102e-02, 3.841600000000000000e+04
5.008799309683782675e-02, 3.948400000000000000e+04
5.011286300403585553e-02, 3.917200000000000000e+04
5.013773291123389125e-02, 3.754200000000000000e+04
5.016260281843192698e-02, 3.492600000000000000e+04
5.018747272562995576e-02, 3.187500000000000000e+04
5.021234263282799148e-02, 2.900900000000000000e+04
5.023721254002602027e-02, 2.692400000000000000e+04
5.026208244722405599e-02, 2.603800000000000000e+04
5.028695235442208478e-02, 2.652600000000000000e+04
5.031182226162012050e-02, 2.829800000000000000e+04
5.033669216881814928e-02, 3.098900000000000000e+04
5.036156207601618501e-02, 3.404900000000000000e+04
5.038643198321422073e-02, 3.683700000000000000e+04
5.041130189041224952e-02, 3.877300000000000000e+04
5.043617179761028524e-02, 3.946000000000000000e+04
5.046104170480831402e-02, 3.875800000000000000e+04
5.048591161200634975e-02, 3.681100000000000000e+04
5.051078151920437853e-02, 3.401800000000000000e+04
5.053565142640241425e-02, 3.095700000000000000e+04
5.056052133360044998e-02, 2.826000000000000000e+04
5.058539124079847876e-02, 2.647500000000000000e+04
5.061026114799651449e-02, 2.595800000000000000e+04
5.063513105519454327e-02, 2.682600000000000000e+04
5.066000096239257899e-02, 2.890900000000000000e+04
5.068487086959060778e-02, 3.177400000000000000e+04
5.070974077678864350e-02, 3.483600000000000000e+04
5.073461068398667229e-02, 3.746500000000000000e+04
5.075948059118470801e-02, 3.911900000000000000e+04
5.078435049838274373e-02, 3.946500000000000000e+04
5.080922040558077252e-02, 3.843500000000000000e+04
5.083409031277880824e-02, 3.623600000000000000e+04
5.085896021997683702e-02, 3.334100000000000000e+04
5.088383012717487275e-02, 3.033700000000000000e+04
5.090870003437290153e-02, 2.785400000000000000e+04
5.093356994157093726e-02, 2.639900000000000000e+04
5.095843984876897298e-02, 2.626800000000000000e+04
5.098330975596700176e-02, 2.749100000000000000e+04
5.100817966316503749e-02, 2.982600000000000000e+04
5.103304957036306627e-02, 3.278800000000000000e+04
5.105791947756110200e-02, 3.577400000000000000e+04
5.108278938475913078e-02, 3.816400000000000000e+04
5.110765929195716650e-02, 3.947100000000000000e+04
5.113252919915519529e-02, 3.942200000000000000e+04
5.115739910635323101e-02, 3.802300000000000000e+04
5.118226901355126673e-02, 3.555200000000000000e+04
5.120713892074929552e-02, 3.252900000000000000e+04
5.123200882794733124e-02, 2.956600000000000000e+04
5.125687873514536003e-02, 2.727800000000000000e+04
5.128174864234339575e-02, 2.612700000000000000e+04
5.130661854954142453e-02, 2.635500000000000000e+04
5.133148845673946026e-02, 2.790800000000000000e+04
5.135635836393749598e-02, 3.046900000000000000e+04
5.138122827113552477e-02, 3.351100000000000000e+04
5.140609817833356049e-02, 3.640500000000000000e+04
5.143096808553158927e-02, 3.854600000000000000e+04
5.145583799272962500e-02, 3.949600000000000000e+04
5.148070789992765378e-02, 3.906000000000000000e+04
5.150557780712568950e-02, 3.732900000000000000e+04
5.153044771432371829e-02, 3.465500000000000000e+04
5.155531762152175401e-02, 3.159100000000000000e+04
5.158018752871978974e-02, 2.876500000000000000e+04
5.160505743591781852e-02, 2.675800000000000000e+04
5.162992734311585424e-02, 2.596500000000000000e+04
5.165479725031388303e-02, 2.655800000000000000e+04
5.167966715751191875e-02, 2.842300000000000000e+04
5.170453706470994754e-02, 3.117200000000000000e+04
5.172940697190798326e-02, 3.424400000000000000e+04
5.175427687910601898e-02, 3.700600000000000000e+04
5.177914678630404777e-02, 3.888900000000000000e+04
5.180401669350208349e-02, 3.951000000000000000e+04
5.182888660070011227e-02, 3.874600000000000000e+04
5.185375650789814800e-02, 3.675200000000000000e+04
5.187862641509617678e-02, 3.394900000000000000e+04
5.190349632229421251e-02, 3.091600000000000000e+04
5.192836622949224129e-02, 2.828300000000000000e+04
5.195323613669027701e-02, 2.659100000000000000e+04
5.197810604388831274e-02, 2.618200000000000000e+04
5.200297595108634152e-02, 2.714500000000000000e+04
5.202784585828437725e-02, 2.929100000000000000e+04
5.205271576548240603e-02, 3.217300000000000000e+04
5.207758567268044175e-02, 3.520600000000000000e+04
5.210245557987847054e-02, 3.776000000000000000e+04
5.212732548707650626e-02, 3.930200000000000000e+04
5.215219539427453505e-02, 3.951100000000000000e+04
5.217706530147257077e-02, 3.834800000000000000e+04
5.220193520867060649e-02, 3.604500000000000000e+04
5.222680511586863528e-02, 3.307900000000000000e+04
5.225167502306667100e-02, 3.005500000000000000e+04
5.227654493026469978e-02, 2.759400000000000000e+04
5.230141483746273551e-02, 2.619500000000000000e+04
5.232628474466076429e-02, 2.613300000000000000e+04
5.235115465185880002e-02, 2.742300000000000000e+04
5.237602455905683574e-02, 2.980900000000000000e+04
5.240089446625486452e-02, 3.280000000000000000e+04
5.242576437345290025e-02, 3.577800000000000000e+04
5.245063428065092903e-02, 3.811900000000000000e+04
5.247550418784896475e-02, 3.934000000000000000e+04
5.250037409504699354e-02, 3.919400000000000000e+04
5.252524400224502926e-02, 3.771200000000000000e+04
5.255011390944305805e-02, 3.519600000000000000e+04
5.257498381664109377e-02, 3.218000000000000000e+04
5.259985372383912949e-02, 2.928500000000000000e+04
5.262472363103715828e-02, 2.710300000000000000e+04
5.264959353823519400e-02, 2.608000000000000000e+04
5.267446344543322279e-02, 2.642800000000000000e+04
5.269933335263125851e-02, 2.807900000000000000e+04
5.272420325982928729e-02, 3.070000000000000000e+04
5.274907316702732302e-02, 3.375400000000000000e+04
5.277394307422535874e-02, 3.661800000000000000e+04
5.279881298142338752e-02, 3.870300000000000000e+04
5.282368288862142325e-02, 3.958000000000000000e+04
5.284855279581945203e-02, 3.907600000000000000e+04
5.287342270301748776e-02, 3.729000000000000000e+04
5.289829261021551654e-02, 3.458100000000000000e+04
5.292316251741355226e-02, 3.151300000000000000e+04
5.294803242461158105e-02, 2.872300000000000000e+04
5.297290233180961677e-02, 2.679100000000000000e+04
5.299777223900765249e-02, 2.609900000000000000e+04
5.302264214620568128e-02, 2.679300000000000000e+04
5.304751205340371700e-02, 2.873400000000000000e+04
5.307238196060174579e-02, 3.151500000000000000e+04
5.309725186779978151e-02, 3.455900000000000000e+04
5.312212177499781030e-02, 3.723800000000000000e+04
5.314699168219584602e-02, 3.900700000000000000e+04
5.317186158939388174e-02, 3.949200000000000000e+04
5.319673149659191053e-02, 3.859500000000000000e+04
5.322160140378994625e-02, 3.649600000000000000e+04
5.324647131098797503e-02, 3.362400000000000000e+04
5.327134121818601076e-02, 3.057500000000000000e+04
5.329621112538403954e-02, 2.798700000000000000e+04
5.332108103258207527e-02, 2.637700000000000000e+04
5.334595093978010405e-02, 2.607200000000000000e+04
5.337082084697813977e-02, 2.713900000000000000e+04
5.339569075417617550e-02, 2.936600000000000000e+04
5.342056066137420428e-02, 3.229600000000000000e+04
5.344543056857224000e-02, 3.532900000000000000e+04
5.347030047577026879e-02, 3.784500000000000000e+04
5.349517038296830451e-02, 3.932900000000000000e+04
5.352004029016633330e-02, 3.947100000000000000e+04
5.354491019736436902e-02, 3.824100000000000000e+04
5.356978010456240474e-02, 3.588800000000000000e+04
5.359465001176043353e-02, 3.291100000000000000e+04
5.361951991895846925e-02, 2.992600000000000000e+04
5.364438982615649804e-02, 2.754600000000000000e+04
5.366925973335453376e-02, 2.625200000000000000e+04
5.369412964055256254e-02, 2.630900000000000000e+04
5.371899954775059827e-02, 2.770400000000000000e+04
5.374386945494862705e-02, 3.016000000000000000e+04
5.376873936214666277e-02, 3.316800000000000000e+04
5.379360926934469850e-02, 3.611300000000000000e+04
5.381847917654272728e-02, 3.839100000000000000e+04
5.384334908374076301e-02, 3.952500000000000000e+04
5.386821899093879179e-02, 3.927600000000000000e+04
5.389308889813682751e-02, 3.770100000000000000e+04
5.391795880533485630e-02, 3.511700000000000000e+04
5.394282871253289202e-02, 3.206300000000000000e+04
5.396769861973092774e-02, 2.916200000000000000e+04
5.399256852692895653e-02, 2.702300000000000000e+04
5.401743843412699225e-02, 2.606900000000000000e+04
5.404230834132502104e-02, 2.649600000000000000e+04
5.406717824852305676e-02, 2.821900000000000000e+04
5.409204815572108555e-02, 3.088200000000000000e+04
5.411691806291912127e-02, 3.393000000000000000e+04
5.414178797011715005e-02, 3.673600000000000000e+04
5.416665787731518578e-02, 3.872900000000000000e+04
5.419152778451322150e-02, 3.949200000000000000e+04
5.421639769171125028e-02, 3.886800000000000000e+04
5.424126759890928601e-02, 3.698600000000000000e+04
5.426613750610731479e-02, 3.422600000000000000e+04
5.429100741330535052e-02, 3.116300000000000000e+04
5.431587732050337930e-02, 2.843700000000000000e+04
5.434074722770141502e-02, 2.659800000000000000e+04
5.436561713489945075e-02, 2.601700000000000000e+04
5.439048704209747953e-02, 2.682000000000000000e+04
5.441535694929551525e-02, 2.884700000000000000e+04
5.444022685649354404e-02, 3.168000000000000000e+04
5.446509676369157976e-02, 3.474500000000000000e+04
5.448996667088960855e-02, 3.740900000000000000e+04
5.451483657808764427e-02, 3.913300000000000000e+04
5.453970648528567305e-02, 3.955700000000000000e+04
5.456457639248370878e-02, 3.858800000000000000e+04
5.458944629968174450e-02, 3.642800000000000000e+04
5.461431620687977329e-02, 3.352300000000000000e+04
5.463918611407780901e-02, 3.047100000000000000e+04
5.466405602127583779e-02, 2.790500000000000000e+04
5.468892592847387352e-02, 2.634800000000000000e+04
