0.000000000000000000e+00, 6.472000000000000000e+03
1.126658308233938502e-05, 6.525000000000000000e+03
2.253316616467877003e-05, 6.864000000000000000e+03
3.379974924701815335e-05, 7.709000000000000000e+03
4.506633232935754006e-05, 9.227000000000000000e+03
5.633291541169692677e-05, 1.151500000000000000e+04
6.759949849403630671e-05, 1.459900000000000000e+04
7.886608157637570019e-05, 1.842900000000000000e+04
9.013266465871508013e-05, 2.289500000000000000e+04
1.013992477410544601e-04, 2.785700000000000000e+04
1.126658308233938535e-04, 3.317800000000000000e+04
1.239324139057332470e-04, 3.872300000000000000e+04
1.351989969880726134e-04, 4.440600000000000000e+04
1.464655800704120069e-04, 5.012600000000000000e+04
1.577321631527514004e-04, 5.579200000000000000e+04
1.689987462350907668e-04, 6.131300000000000000e+04
1.802653293174301603e-04, 1.079000000000000000e+03
1.915319123997695537e-04, 6.093000000000000000e+03
2.027984954821089201e-04, 1.077800000000000000e+04
2.140650785644483136e-04, 1.510200000000000000e+04
2.253316616467877071e-04, 1.905300000000000000e+04
2.365982447291270735e-04, 2.262400000000000000e+04
2.478648278114664941e-04, 2.581000000000000000e+04
2.591314108938058604e-04, 2.860800000000000000e+04
2.703979939761452268e-04, 3.102600000000000000e+04
2.816645770584846474e-04, 3.307900000000000000e+04
2.929311601408240138e-04, 3.478100000000000000e+04
3.041977432231633802e-04, 3.613400000000000000e+04
3.154643263055028008e-04, 3.714900000000000000e+04
3.267309093878421672e-04, 3.783900000000000000e+04
3.379974924701815335e-04, 3.820000000000000000e+04
3.492640755525209541e-04, 3.825000000000000000e+04
3.605306586348603205e-04, 3.799600000000000000e+04
3.717972417171996869e-04, 3.746500000000000000e+04
3.830638247995391075e-04, 3.667400000000000000e+04
3.943304078818784739e-04, 3.562700000000000000e+04
4.055969909642178402e-04, 3.432800000000000000e+04
4.168635740465572608e-04, 3.279300000000000000e+04
4.281301571288966272e-04, 3.105800000000000000e+04
4.393967402112359936e-04, 2.913700000000000000e+04
4.506633232935754142e-04, 2.703400000000000000e+04
4.619299063759147806e-04, 2.474600000000000000e+04
4.731964894582541470e-04, 2.228800000000000000e+04
4.844630725405935675e-04, 1.969100000000000000e+04
4.957296556229329881e-04, 1.697100000000000000e+04
5.069962387052723545e-04, 1.415200000000000000e+04
5.182628217876117209e-04, 1.125200000000000000e+04
5.295294048699510873e-04, 8.286000000000000000e+03
5.407959879522904537e-04, 5.265000000000000000e+03
5.520625710346298200e-04, 2.207000000000000000e+03
5.633291541169692948e-04, 6.466100000000000000e+04
5.745957371993086612e-04, 6.157900000000000000e+04
5.858623202816480276e-04, 5.853100000000000000e+04
5.971289033639873940e-04, 5.553100000000000000e+04
6.083954864463267604e-04, 5.259900000000000000e+04
6.196620695286661267e-04, 4.973400000000000000e+04
6.309286526110056015e-04, 4.695800000000000000e+04
6.421952356933449679e-04, 4.427300000000000000e+04
6.534618187756843343e-04, 4.170400000000000000e+04
6.647284018580237007e-04, 3.925300000000000000e+04
6.759949849403630671e-04, 3.694400000000000000e+04
6.872615680227024335e-04, 3.477200000000000000e+04
6.985281511050419083e-04, 3.275500000000000000e+04
7.097947341873812746e-04, 3.089700000000000000e+04
7.210613172697206410e-04, 2.923000000000000000e+04
7.323279003520600074e-04, 2.777700000000000000e+04
7.435944834343993738e-04, 2.654200000000000000e+04
7.548610665167387402e-04, 2.552200000000000000e+04
7.661276495990782150e-04, 2.472500000000000000e+04
7.773942326814175813e-04, 2.415400000000000000e+04
7.886608157637569477e-04, 2.380200000000000000e+04
7.999273988460963141e-04, 2.365900000000000000e+04
8.111939819284356805e-04, 2.372500000000000000e+04
8.224605650107751553e-04, 2.400400000000000000e+04
8.337271480931145217e-04, 2.450900000000000000e+04
8.449937311754538881e-04, 2.524800000000000000e+04
8.562603142577932544e-04, 2.621500000000000000e+04
8.675268973401326208e-04, 2.741400000000000000e+04
8.787934804224719872e-04, 2.883500000000000000e+04
8.900600635048114620e-04, 3.046400000000000000e+04
9.013266465871508284e-04, 3.228600000000000000e+04
9.125932296694901948e-04, 3.427000000000000000e+04
9.238598127518295611e-04, 3.640200000000000000e+04
9.351263958341689275e-04, 3.866700000000000000e+04
9.463929789165082939e-04, 4.106600000000000000e+04
9.576595619988477687e-04, 4.359800000000000000e+04
9.689261450811871351e-04, 4.624600000000000000e+04
9.801927281635263930e-04, 4.898400000000000000e+04
9.914593112458659763e-04, 5.179300000000000000e+04
1.002725894328205343e-03, 5.466100000000000000e+04
1.013992477410544709e-03, 5.758300000000000000e+04
1.025259060492884075e-03, 6.055700000000000000e+04
1.036525643575223442e-03, 6.358300000000000000e+04
1.047792226657562808e-03, 1.107000000000000000e+03
1.059058809739902175e-03, 4.172000000000000000e+03
1.070325392822241541e-03, 7.202000000000000000e+03
1.081591975904580907e-03, 1.017400000000000000e+04
1.092858558986920274e-03, 1.307000000000000000e+04
1.104125142069259640e-03, 1.591200000000000000e+04
1.115391725151599006e-03, 1.868500000000000000e+04
1.126658308233938590e-03, 2.138200000000000000e+04
1.137924891316277956e-03, 2.397700000000000000e+04
1.149191474398617322e-03, 2.645000000000000000e+04
1.160458057480956689e-03, 2.877000000000000000e+04
1.171724640563296055e-03, 3.092700000000000000e+04
1.182991223645635422e-03, 3.290600000000000000e+04
1.194257806727974788e-03, 3.470300000000000000e+04
1.205524389810314154e-03, 3.631400000000000000e+04
1.216790972892653521e-03, 3.772900000000000000e+04
1.228057555974992887e-03, 3.893900000000000000e+04
1.239324139057332253e-03, 3.994500000000000000e+04
1.250590722139671837e-03, 4.075200000000000000e+04
1.261857305222011203e-03, 4.136100000000000000e+04
1.273123888304350569e-03, 4.175500000000000000e+04
1.284390471386689936e-03, 4.193000000000000000e+04
1.295657054469029302e-03, 4.187900000000000000e+04
1.306923637551368669e-03, 4.158800000000000000e+04
1.318190220633708035e-03, 4.106700000000000000e+04
1.329456803716047401e-03, 4.031500000000000000e+04
1.340723386798386768e-03, 3.935100000000000000e+04
1.351989969880726134e-03, 3.818500000000000000e+04
1.363256552963065501e-03, 3.680900000000000000e+04
1.374523136045404867e-03, 3.522600000000000000e+04
1.385789719127744450e-03, 3.345100000000000000e+04
1.397056302210083817e-03, 3.151100000000000000e+04
1.408322885292423183e-03, 2.941400000000000000e+04
1.419589468374762549e-03, 2.715600000000000000e+04
1.430856051457101916e-03, 2.472600000000000000e+04
1.442122634539441282e-03, 2.214200000000000000e+04
1.453389217621780648e-03, 1.943400000000000000e+04
1.464655800704120015e-03, 1.662700000000000000e+04
1.475922383786459381e-03, 1.374000000000000000e+04
1.487188966868798748e-03, 1.079100000000000000e+04
1.498455549951138114e-03, 7.789000000000000000e+03
1.509722133033477480e-03, 4.745000000000000000e+03
1.520988716115817064e-03, 1.674000000000000000e+03
1.532255299198156430e-03, 6.412200000000000000e+04
1.543521882280495796e-03, 6.104300000000000000e+04
1.554788465362835163e-03, 5.800400000000000000e+04
1.566055048445174529e-03, 5.501500000000000000e+04
1.577321631527513895e-03, 5.209600000000000000e+04
1.588588214609853262e-03, 4.924700000000000000e+04
1.599854797692192628e-03, 4.648700000000000000e+04
1.611121380774531995e-03, 4.381800000000000000e+04
1.622387963856871361e-03, 4.126400000000000000e+04
1.633654546939210727e-03, 3.883000000000000000e+04
1.644921130021550311e-03, 3.653600000000000000e+04
1.656187713103889677e-03, 3.438500000000000000e+04
1.667454296186229043e-03, 3.239200000000000000e+04
1.678720879268568410e-03, 3.056500000000000000e+04
1.689987462350907776e-03, 2.893900000000000000e+04
1.701254045433247142e-03, 2.753000000000000000e+04
1.712520628515586509e-03, 2.633800000000000000e+04
1.723787211597925875e-03, 2.536300000000000000e+04
1.735053794680265242e-03, 2.461200000000000000e+04
1.746320377762604608e-03, 2.408600000000000000e+04
1.757586960844943974e-03, 2.377700000000000000e+04
1.768853543927283341e-03, 2.367500000000000000e+04
1.780120127009622924e-03, 2.378100000000000000e+04
1.791386710091962290e-03, 2.410600000000000000e+04
1.802653293174301657e-03, 2.467100000000000000e+04
1.813919876256641023e-03, 2.548000000000000000e+04
1.825186459338980390e-03, 2.652300000000000000e+04
1.836453042421319756e-03, 2.778600000000000000e+04
1.847719625503659122e-03, 2.925700000000000000e+04
1.858986208585998489e-03, 3.092100000000000000e+04
1.870252791668337855e-03, 3.276300000000000000e+04
1.881519374750677221e-03, 3.475800000000000000e+04
1.892785957833016588e-03, 3.689300000000000000e+04
1.904052540915355954e-03, 3.916100000000000000e+04
1.915319123997695537e-03, 4.156300000000000000e+04
1.926585707080034904e-03, 4.409800000000000000e+04
1.937852290162374270e-03, 4.674800000000000000e+04
1.949118873244713637e-03, 4.948700000000000000e+04
1.960385456327052786e-03, 5.229700000000000000e+04
1.971652039409392369e-03, 5.516700000000000000e+04
1.982918622491731953e-03, 5.809600000000000000e+04
1.994185205574071102e-03, 6.108300000000000000e+04
2.005451788656410685e-03, 6.412500000000000000e+04
2.016718371738749835e-03, 1.661000000000000000e+03
2.027984954821089418e-03, 4.728000000000000000e+03
2.039251537903428568e-03, 7.753000000000000000e+03
2.050518120985768151e-03, 1.071100000000000000e+04
2.061784704068107300e-03, 1.359500000000000000e+04
2.073051287150446884e-03, 1.642300000000000000e+04
2.084317870232786033e-03, 1.917900000000000000e+04
2.095584453315125616e-03, 2.185800000000000000e+04
2.106851036397465200e-03, 2.442900000000000000e+04
2.118117619479804349e-03, 2.687200000000000000e+04
2.129384202562143932e-03, 2.916200000000000000e+04
2.140650785644483082e-03, 3.128400000000000000e+04
2.151917368726822665e-03, 3.323000000000000000e+04
2.163183951809161815e-03, 3.498000000000000000e+04
2.174450534891501398e-03, 3.652600000000000000e+04
2.185717117973840547e-03, 3.786000000000000000e+04
2.196983701056180131e-03, 3.897900000000000000e+04
2.208250284138519280e-03, 3.988900000000000000e+04
2.219516867220858863e-03, 4.060000000000000000e+04
2.230783450303198013e-03, 4.111500000000000000e+04
2.242050033385537596e-03, 4.142100000000000000e+04
2.253316616467877179e-03, 4.151700000000000000e+04
2.264583199550216329e-03, 4.139700000000000000e+04
2.275849782632555912e-03, 4.104800000000000000e+04
2.287116365714895062e-03, 4.048000000000000000e+04
2.298382948797234645e-03, 3.969200000000000000e+04
2.309649531879573794e-03, 3.870200000000000000e+04
2.320916114961913378e-03, 3.751700000000000000e+04
2.332182698044252527e-03, 3.612500000000000000e+04
2.343449281126592110e-03, 3.452500000000000000e+04
2.354715864208931260e-03, 3.273000000000000000e+04
2.365982447291270843e-03, 3.076400000000000000e+04
2.377249030373610426e-03, 2.864000000000000000e+04
2.388515613455949576e-03, 2.635500000000000000e+04
2.399782196538289159e-03, 2.391000000000000000e+04
2.411048779620628309e-03, 2.132500000000000000e+04
2.422315362702967892e-03, 1.863000000000000000e+04
2.433581945785307041e-03, 1.584300000000000000e+04
2.444848528867646625e-03, 1.298300000000000000e+04
2.456115111949985774e-03, 1.006300000000000000e+04
2.467381695032325357e-03, 7.090000000000000000e+03
2.478648278114664507e-03, 4.072000000000000000e+03
2.489914861197004090e-03, 1.026000000000000000e+03
2.501181444279343673e-03, 6.349800000000000000e+04
2.512448027361682823e-03, 6.044500000000000000e+04
2.523714610444022406e-03, 5.743000000000000000e+04
2.534981193526361556e-03, 5.446300000000000000e+04
2.546247776608701139e-03, 5.155900000000000000e+04
2.557514359691040289e-03, 4.872500000000000000e+04
2.568780942773379872e-03, 4.597800000000000000e+04
2.580047525855719021e-03, 4.332700000000000000e+04
2.591314108938058604e-03, 4.079400000000000000e+04
2.602580692020397754e-03, 3.838700000000000000e+04
2.613847275102737337e-03, 3.612300000000000000e+04
2.625113858185076487e-03, 3.400500000000000000e+04
2.636380441267416070e-03, 3.204500000000000000e+04
2.647647024349755653e-03, 3.025700000000000000e+04
2.658913607432094803e-03, 2.867600000000000000e+04
2.670180190514434386e-03, 2.731100000000000000e+04
2.681446773596773536e-03, 2.616100000000000000e+04
2.692713356679113119e-03, 2.523000000000000000e+04
2.703979939761452268e-03, 2.452000000000000000e+04
2.715246522843791852e-03, 2.402900000000000000e+04
2.726513105926131001e-03, 2.374700000000000000e+04
2.737779689008470584e-03, 2.366600000000000000e+04
2.749046272090809734e-03, 2.379000000000000000e+04
2.760312855173149317e-03, 2.413000000000000000e+04
2.771579438255488900e-03, 2.469800000000000000e+04
2.782846021337828050e-03, 2.549700000000000000e+04
2.794112604420167633e-03, 2.652400000000000000e+04
2.805379187502506783e-03, 2.777000000000000000e+04
2.816645770584846366e-03, 2.922600000000000000e+04
2.827912353667185515e-03, 3.088100000000000000e+04
2.839178936749525099e-03, 3.272100000000000000e+04
2.850445519831864248e-03, 3.472300000000000000e+04
2.861712102914203831e-03, 3.687200000000000000e+04
2.872978685996542981e-03, 3.916400000000000000e+04
2.884245269078882564e-03, 4.160100000000000000e+04
2.895511852161222147e-03, 4.418100000000000000e+04
2.906778435243561297e-03, 4.688400000000000000e+04
2.918045018325900880e-03, 4.967900000000000000e+04
2.929311601408240030e-03, 5.254700000000000000e+04
2.940578184490579613e-03, 5.547300000000000000e+04
2.951844767572918762e-03, 5.845100000000000000e+04
2.963111350655258346e-03, 6.147800000000000000e+04
2.974377933737597495e-03, 6.454800000000000000e+04
2.985644516819937078e-03, 2.099000000000000000e+03
2.996911099902276228e-03, 5.168000000000000000e+03
3.008177682984615811e-03, 8.189000000000000000e+03
3.019444266066954961e-03, 1.113400000000000000e+04
3.030710849149294544e-03, 1.400900000000000000e+04
3.041977432231634127e-03, 1.682800000000000000e+04
3.053244015313973277e-03, 1.957400000000000000e+04
3.064510598396312860e-03, 2.223800000000000000e+04
3.075777181478652009e-03, 2.479300000000000000e+04
3.087043764560991593e-03, 2.721700000000000000e+04
3.098310347643330742e-03, 2.949100000000000000e+04
3.109576930725670325e-03, 3.159500000000000000e+04
3.120843513808009475e-03, 3.352400000000000000e+04
3.132110096890349058e-03, 3.526900000000000000e+04
3.143376679972688208e-03, 3.682500000000000000e+04
3.154643263055027791e-03, 3.818000000000000000e+04
3.165909846137367374e-03, 3.932800000000000000e+04
3.177176429219706524e-03, 4.026700000000000000e+04
3.188443012302046107e-03, 4.100400000000000000e+04
3.199709595384385256e-03, 4.153100000000000000e+04
3.210976178466724840e-03, 4.183800000000000000e+04
3.222242761549063989e-03, 4.192200000000000000e+04
3.233509344631403572e-03, 4.177500000000000000e+04
3.244775927713742722e-03, 4.139000000000000000e+04
3.256042510796082305e-03, 4.077400000000000000e+04
3.267309093878421455e-03, 3.992400000000000000e+04
3.278575676960761038e-03, 3.885600000000000000e+04
3.289842260043100621e-03, 3.757900000000000000e+04
3.301108843125439771e-03, 3.608800000000000000e+04
3.312375426207779354e-03, 3.439600000000000000e+04
3.323642009290118503e-03, 3.252800000000000000e+04
3.334908592372458087e-03, 3.050700000000000000e+04
3.346175175454797236e-03, 2.833900000000000000e+04
3.357441758537136819e-03, 2.602000000000000000e+04
3.368708341619475969e-03, 2.354700000000000000e+04
3.379974924701815552e-03, 2.094400000000000000e+04
3.391241507784154702e-03, 1.823500000000000000e+04
3.402508090866494285e-03, 1.543900000000000000e+04
3.413774673948833435e-03, 1.256900000000000000e+04
3.425041257031173018e-03, 9.640000000000000000e+03
3.436307840113512601e-03, 6.657000000000000000e+03
3.447574423195851751e-03, 3.628000000000000000e+03
3.458841006278191334e-03, 5.660000000000000000e+02
3.470107589360530483e-03, 6.302300000000000000e+04
3.481374172442870066e-03, 5.995700000000000000e+04
3.492640755525209216e-03, 5.693100000000000000e+04
3.503907338607548799e-03, 5.396300000000000000e+04
3.515173921689887949e-03, 5.106100000000000000e+04
3.526440504772227532e-03, 4.823800000000000000e+04
3.537707087854566682e-03, 4.550600000000000000e+04
3.548973670936906265e-03, 4.287800000000000000e+04
3.560240254019245848e-03, 4.036900000000000000e+04
3.571506837101584998e-03, 3.799100000000000000e+04
3.582773420183924581e-03, 3.575400000000000000e+04
3.594040003266263730e-03, 3.366800000000000000e+04
3.605306586348603314e-03, 3.174000000000000000e+04
3.616573169430942463e-03, 2.998800000000000000e+04
3.627839752513282046e-03, 2.844600000000000000e+04
3.639106335595621196e-03, 2.711700000000000000e+04
3.650372918677960779e-03, 2.599900000000000000e+04
3.661639501760299929e-03, 2.509500000000000000e+04
3.672906084842639512e-03, 2.441100000000000000e+04
3.684172667924979095e-03, 2.394800000000000000e+04
3.695439251007318245e-03, 2.369800000000000000e+04
3.706705834089657828e-03, 2.365400000000000000e+04
3.717972417171996977e-03, 2.382000000000000000e+04
3.729239000254336561e-03, 2.420600000000000000e+04
3.740505583336675710e-03, 2.482500000000000000e+04
3.751772166419015293e-03, 2.567400000000000000e+04
3.763038749501354443e-03, 2.674900000000000000e+04
3.774305332583694026e-03, 2.804000000000000000e+04
3.785571915666033176e-03, 2.954000000000000000e+04
3.796838498748372759e-03, 3.123600000000000000e+04
3.808105081830711908e-03, 3.310800000000000000e+04
3.819371664913051492e-03, 3.514700000000000000e+04
3.830638247995391075e-03, 3.733800000000000000e+04
3.841904831077730224e-03, 3.967700000000000000e+04
3.853171414160069808e-03, 4.216200000000000000e+04
3.864437997242408957e-03, 4.478100000000000000e+04
3.875704580324748540e-03, 4.750700000000000000e+04
3.886971163407087690e-03, 5.031400000000000000e+04
3.898237746489427273e-03, 5.318300000000000000e+04
3.909504329571766856e-03, 5.610500000000000000e+04
3.920770912654105572e-03, 5.907400000000000000e+04
3.932037495736445155e-03, 6.209400000000000000e+04
3.943304078818784739e-03, 6.515400000000000000e+04
3.954570661901124322e-03, 2.690000000000000000e+03
3.965837244983463905e-03, 5.739000000000000000e+03
3.977103828065802621e-03, 8.737000000000000000e+03
3.988370411148142204e-03, 1.166000000000000000e+04
3.999636994230481787e-03, 1.451900000000000000e+04
4.010903577312821371e-03, 1.732500000000000000e+04
4.022170160395160086e-03, 2.006000000000000000e+04
4.033436743477499670e-03, 2.271200000000000000e+04
4.044703326559839253e-03, 2.525300000000000000e+04
4.055969909642178836e-03, 2.765500000000000000e+04
4.067236492724517552e-03, 2.990100000000000000e+04
4.078503075806857135e-03, 3.197200000000000000e+04
4.089769658889196718e-03, 3.386500000000000000e+04
4.101036241971536302e-03, 3.557300000000000000e+04
4.112302825053875885e-03, 3.708800000000000000e+04
4.123569408136214601e-03, 3.840000000000000000e+04
4.134835991218554184e-03, 3.950500000000000000e+04
4.146102574300893767e-03, 4.040300000000000000e+04
4.157369157383233350e-03, 4.109900000000000000e+04
4.168635740465572066e-03, 4.158400000000000000e+04
4.179902323547911649e-03, 4.185100000000000000e+04
4.191168906630251233e-03, 4.190300000000000000e+04
4.202435489712590816e-03, 4.172800000000000000e+04
4.213702072794930399e-03, 4.132200000000000000e+04
4.224968655877269115e-03, 4.068900000000000000e+04
4.236235238959608698e-03, 3.983800000000000000e+04
4.247501822041948281e-03, 3.878100000000000000e+04
4.258768405124287865e-03, 3.752200000000000000e+04
4.270034988206626581e-03, 3.605100000000000000e+04
4.281301571288966164e-03, 3.437600000000000000e+04
4.292568154371305747e-03, 3.252300000000000000e+04
4.303834737453645330e-03, 3.050900000000000000e+04
4.315101320535984046e-03, 2.833700000000000000e+04
4.326367903618323629e-03, 2.600100000000000000e+04
4.337634486700663212e-03, 2.350400000000000000e+04
4.348901069783002796e-03, 2.087500000000000000e+04
4.360167652865342379e-03, 1.814200000000000000e+04
4.371434235947681095e-03, 1.533400000000000000e+04
4.382700819030020678e-03, 1.246600000000000000e+04
4.393967402112360261e-03, 9.548000000000000000e+03
4.405233985194699844e-03, 6.581000000000000000e+03
4.416500568277038560e-03, 3.572000000000000000e+03
4.427767151359378144e-03, 5.330000000000000000e+02
4.439033734441717727e-03, 6.301300000000000000e+04
4.450300317524057310e-03, 5.997300000000000000e+04
4.461566900606396026e-03, 5.696500000000000000e+04
4.472833483688735609e-03, 5.401100000000000000e+04
4.484100066771075192e-03, 5.111500000000000000e+04
4.495366649853414776e-03, 4.829500000000000000e+04
4.506633232935754359e-03, 4.555800000000000000e+04
4.517899816018093075e-03, 4.292500000000000000e+04
4.529166399100432658e-03, 4.040700000000000000e+04
4.540432982182772241e-03, 3.802200000000000000e+04
4.551699565265111824e-03, 3.577500000000000000e+04
4.562966148347450540e-03, 3.367700000000000000e+04
4.574232731429790123e-03, 3.173600000000000000e+04
4.585499314512129707e-03, 2.997600000000000000e+04
4.596765897594469290e-03, 2.842900000000000000e+04
4.608032480676808873e-03, 2.710000000000000000e+04
4.619299063759147589e-03, 2.598900000000000000e+04
4.630565646841487172e-03, 2.510100000000000000e+04
4.641832229923826755e-03, 2.443900000000000000e+04
4.653098813006166339e-03, 2.400300000000000000e+04
4.664365396088505054e-03, 2.378000000000000000e+04
4.675631979170844638e-03, 2.376600000000000000e+04
4.686898562253184221e-03, 2.396500000000000000e+04
4.698165145335523804e-03, 2.438900000000000000e+04
4.709431728417862520e-03, 2.504500000000000000e+04
4.720698311500202103e-03, 2.593200000000000000e+04
4.731964894582541686e-03, 2.704800000000000000e+04
4.743231477664881270e-03, 2.838900000000000000e+04
4.754498060747220853e-03, 2.994600000000000000e+04
4.765764643829559569e-03, 3.170400000000000000e+04
4.777031226911899152e-03, 3.363500000000000000e+04
4.788297809994238735e-03, 3.572200000000000000e+04
4.799564393076578318e-03, 3.794500000000000000e+04
4.810830976158917034e-03, 4.030300000000000000e+04
4.822097559241256617e-03, 4.279600000000000000e+04
4.833364142323596201e-03, 4.541100000000000000e+04
4.844630725405935784e-03, 4.812600000000000000e+04
4.855897308488274500e-03, 5.091500000000000000e+04
4.867163891570614083e-03, 5.376700000000000000e+04
4.878430474652953666e-03, 5.667300000000000000e+04
4.889697057735293249e-03, 5.963100000000000000e+04
4.900963640817632833e-03, 6.264200000000000000e+04
4.912230223899971548e-03, 1.560000000000000000e+02
4.923496806982311132e-03, 3.204000000000000000e+03
4.934763390064650715e-03, 6.208000000000000000e+03
4.946029973146990298e-03, 9.146000000000000000e+03
4.957296556229329014e-03, 1.199700000000000000e+04
4.968563139311668597e-03, 1.478700000000000000e+04
4.979829722394008180e-03, 1.752000000000000000e+04
4.991096305476347764e-03, 2.018800000000000000e+04
5.002362888558687347e-03, 2.277500000000000000e+04
5.013629471641026063e-03, 2.525900000000000000e+04
5.024896054723365646e-03, 2.761000000000000000e+04
5.036162637805705229e-03, 2.981400000000000000e+04
5.047429220888044812e-03, 3.185100000000000000e+04
5.058695803970383528e-03, 3.371800000000000000e+04
5.069962387052723111e-03, 3.540600000000000000e+04
5.081228970135062695e-03, 3.690600000000000000e+04
5.092495553217402278e-03, 3.820600000000000000e+04
5.103762136299740994e-03, 3.930400000000000000e+04
5.115028719382080577e-03, 4.020200000000000000e+04
5.126295302464420160e-03, 4.090300000000000000e+04
5.137561885546759743e-03, 4.139400000000000000e+04
5.148828468629099327e-03, 4.166500000000000000e+04
5.160095051711438043e-03, 4.171200000000000000e+04
5.171361634793777626e-03, 4.152100000000000000e+04
5.182628217876117209e-03, 4.109400000000000000e+04
5.193894800958456792e-03, 4.043200000000000000e+04
5.205161384040795508e-03, 3.955200000000000000e+04
5.216427967123135091e-03, 3.846400000000000000e+04
5.227694550205474674e-03, 3.717000000000000000e+04
5.238961133287814258e-03, 3.566400000000000000e+04
5.250227716370152974e-03, 3.395600000000000000e+04
5.261494299452492557e-03, 3.207600000000000000e+04
5.272760882534832140e-03, 3.003600000000000000e+04
5.284027465617171723e-03, 2.784400000000000000e+04
5.295294048699511306e-03, 2.550100000000000000e+04
5.306560631781850022e-03, 2.301300000000000000e+04
5.317827214864189606e-03, 2.040700000000000000e+04
5.329093797946529189e-03, 1.769900000000000000e+04
5.340360381028868772e-03, 1.490500000000000000e+04
5.351626964111207488e-03, 1.203700000000000000e+04
5.362893547193547071e-03, 9.103000000000000000e+03
5.374160130275886654e-03, 6.111000000000000000e+03
5.385426713358226238e-03, 3.074000000000000000e+03
5.396693296440565821e-03, 3.000000000000000000e+00
5.407959879522904537e-03, 6.245800000000000000e+04
5.419226462605244120e-03, 5.939900000000000000e+04
5.430493045687583703e-03, 5.637800000000000000e+04
5.441759628769923286e-03, 5.341800000000000000e+04
5.453026211852262002e-03, 5.052000000000000000e+04
5.464292794934601585e-03, 4.770500000000000000e+04
5.475559378016941169e-03, 4.497700000000000000e+04
5.486825961099280752e-03, 4.235800000000000000e+04
5.498092544181619468e-03, 3.985400000000000000e+04
5.509359127263959051e-03, 3.748800000000000000e+04
5.520625710346298634e-03, 3.526400000000000000e+04
5.531892293428638217e-03, 3.319600000000000000e+04
5.543158876510977801e-03, 3.129100000000000000e+04
5.554425459593316516e-03, 2.957700000000000000e+04
5.565692042675656100e-03, 2.808100000000000000e+04
5.576958625757995683e-03, 2.680400000000000000e+04
5.588225208840335266e-03, 2.574600000000000000e+04
5.599491791922673982e-03, 2.491000000000000000e+04
5.610758375005013565e-03, 2.430200000000000000e+04
5.622024958087353148e-03, 2.391500000000000000e+04
5.633291541169692732e-03, 2.373900000000000000e+04
5.644558124252031447e-03, 2.377100000000000000e+04
5.655824707334371031e-03, 2.400700000000000000e+04
5.667091290416710614e-03, 2.446200000000000000e+04
5.678357873499050197e-03, 2.514200000000000000e+04
5.689624456581389780e-03, 2.604700000000000000e+04
5.700891039663728496e-03, 2.717300000000000000e+04
5.712157622746068079e-03, 2.851100000000000000e+04
5.723424205828407663e-03, 3.005500000000000000e+04
5.734690788910747246e-03, 3.179500000000000000e+04
5.745957371993085962e-03, 3.370500000000000000e+04
5.757223955075425545e-03, 3.577300000000000000e+04
5.768490538157765128e-03, 3.798500000000000000e+04
5.779757121240104711e-03, 4.034300000000000000e+04
5.791023704322444295e-03, 4.284500000000000000e+04
5.802290287404783010e-03, 4.547600000000000000e+04
5.813556870487122594e-03, 4.820900000000000000e+04
5.824823453569462177e-03, 5.102100000000000000e+04
5.836090036651801760e-03, 5.388600000000000000e+04
5.847356619734140476e-03, 5.679200000000000000e+04
5.858623202816480059e-03, 5.973800000000000000e+04
5.869889785898819642e-03, 6.273200000000000000e+04
5.881156368981159226e-03, 2.240000000000000000e+02
5.892422952063497942e-03, 3.260000000000000000e+03
5.903689535145837525e-03, 6.269000000000000000e+03
5.914956118228177108e-03, 9.229000000000000000e+03
5.926222701310516691e-03, 1.212000000000000000e+04
5.937489284392856274e-03, 1.496400000000000000e+04
5.948755867475194990e-03, 1.775100000000000000e+04
5.960022450557534573e-03, 2.047200000000000000e+04
5.971289033639874157e-03, 2.310200000000000000e+04
5.982555616722213740e-03, 2.561700000000000000e+04
5.993822199804552456e-03, 2.798800000000000000e+04
6.005088782886892039e-03, 3.020000000000000000e+04
6.016355365969231622e-03, 3.223700000000000000e+04
6.027621949051571205e-03, 3.409800000000000000e+04
6.038888532133909921e-03, 3.577600000000000000e+04
6.050155115216249505e-03, 3.726200000000000000e+04
6.061421698298589088e-03, 3.854300000000000000e+04
6.072688281380928671e-03, 3.961400000000000000e+04
6.083954864463268254e-03, 4.048000000000000000e+04
6.095221447545606970e-03, 4.114100000000000000e+04
6.106488030627946553e-03, 4.158200000000000000e+04
6.117754613710286136e-03, 4.180000000000000000e+04
6.129021196792625720e-03, 4.179000000000000000e+04
6.140287779874964436e-03, 4.153800000000000000e+04
6.151554362957304019e-03, 4.105400000000000000e+04
6.162820946039643602e-03, 4.033500000000000000e+04
6.174087529121983185e-03, 3.940300000000000000e+04
6.185354112204322768e-03, 3.826700000000000000e+04
6.196620695286661484e-03, 3.692400000000000000e+04
6.207887278369001068e-03, 3.537800000000000000e+04
6.219153861451340651e-03, 3.364700000000000000e+04
6.230420444533680234e-03, 3.175900000000000000e+04
6.241687027616018950e-03, 2.972200000000000000e+04
6.252953610698358533e-03, 2.753200000000000000e+04
6.264220193780698116e-03, 2.517800000000000000e+04
6.275486776863037700e-03, 2.266900000000000000e+04
6.286753359945376415e-03, 2.003300000000000000e+04
6.298019943027715999e-03, 1.728900000000000000e+04
6.309286526110055582e-03, 1.445600000000000000e+04
6.320553109192395165e-03, 1.154900000000000000e+04
6.331819692274734748e-03, 8.577000000000000000e+03
6.343086275357073464e-03, 5.551000000000000000e+03
6.354352858439413047e-03, 2.486000000000000000e+03
6.365619441521752631e-03, 6.493000000000000000e+04
6.376886024604092214e-03, 6.183500000000000000e+04
6.388152607686430930e-03, 5.877300000000000000e+04
6.399419190768770513e-03, 5.575200000000000000e+04
6.410685773851110096e-03, 5.279500000000000000e+04
6.421952356933449679e-03, 4.990200000000000000e+04
6.433218940015788395e-03, 4.709600000000000000e+04
6.444485523098127978e-03, 4.438100000000000000e+04
6.455752106180467562e-03, 4.178400000000000000e+04
6.467018689262807145e-03, 3.930800000000000000e+04
6.478285272345146728e-03, 3.697700000000000000e+04
6.489551855427485444e-03, 3.479000000000000000e+04
6.500818438509825027e-03, 3.276300000000000000e+04
6.512085021592164610e-03, 3.090100000000000000e+04
6.523351604674504194e-03, 2.923700000000000000e+04
6.534618187756842909e-03, 2.779100000000000000e+04
6.545884770839182493e-03, 2.656400000000000000e+04
6.557151353921522076e-03, 2.555400000000000000e+04
6.568417937003861659e-03, 2.476600000000000000e+04
6.579684520086201242e-03, 2.420000000000000000e+04
6.590951103168539958e-03, 2.384800000000000000e+04
6.602217686250879541e-03, 2.369800000000000000e+04
6.613484269333219125e-03, 2.375400000000000000e+04
6.624750852415558708e-03, 2.402000000000000000e+04
6.636017435497897424e-03, 2.451200000000000000e+04
6.647284018580237007e-03, 2.523800000000000000e+04
6.658550601662576590e-03, 2.619100000000000000e+04
6.669817184744916173e-03, 2.736700000000000000e+04
6.681083767827254889e-03, 2.875700000000000000e+04
6.692350350909594472e-03, 3.035000000000000000e+04
6.703616933991934056e-03, 3.213400000000000000e+04
6.714883517074273639e-03, 3.408500000000000000e+04
6.726150100156613222e-03, 3.618900000000000000e+04
6.737416683238951938e-03, 3.843500000000000000e+04
6.748683266321291521e-03, 4.082600000000000000e+04
6.759949849403631104e-03, 4.335800000000000000e+04
6.771216432485970688e-03, 4.602000000000000000e+04
6.782483015568309404e-03, 4.878400000000000000e+04
6.793749598650648987e-03, 5.162800000000000000e+04
6.805016181732988570e-03, 5.453700000000000000e+04
6.816282764815328153e-03, 5.750100000000000000e+04
6.827549347897666869e-03, 6.051400000000000000e+04
6.838815930980006452e-03, 6.357500000000000000e+04
6.850082514062346035e-03, 1.128000000000000000e+03
6.861349097144685619e-03, 4.210000000000000000e+03
6.872615680227025202e-03, 7.250000000000000000e+03
6.883882263309363918e-03, 1.022400000000000000e+04
6.895148846391703501e-03, 1.312000000000000000e+04
6.906415429474043084e-03, 1.596000000000000000e+04
6.917682012556382667e-03, 1.872900000000000000e+04
6.928948595638721383e-03, 2.142400000000000000e+04
6.940215178721060967e-03, 2.401400000000000000e+04
6.951481761803400550e-03, 2.648300000000000000e+04
6.962748344885740133e-03, 2.880400000000000000e+04
6.974014927968079716e-03, 3.096400000000000000e+04
6.985281511050418432e-03, 3.294700000000000000e+04
6.996548094132758015e-03, 3.475000000000000000e+04
7.007814677215097598e-03, 3.636600000000000000e+04
7.019081260297437182e-03, 3.778500000000000000e+04
7.030347843379775898e-03, 3.899700000000000000e+04
7.041614426462115481e-03, 4.000000000000000000e+04
7.052881009544455064e-03, 4.079900000000000000e+04
7.064147592626794647e-03, 4.139300000000000000e+04
7.075414175709133363e-03, 4.176900000000000000e+04
7.086680758791472946e-03, 4.192300000000000000e+04
7.097947341873812530e-03, 4.185000000000000000e+04
7.109213924956152113e-03, 4.153700000000000000e+04
7.120480508038491696e-03, 4.099400000000000000e+04
7.131747091120830412e-03, 4.022400000000000000e+04
7.143013674203169995e-03, 3.925100000000000000e+04
7.154280257285509578e-03, 3.808900000000000000e+04
7.165546840367849162e-03, 3.672600000000000000e+04
7.176813423450187877e-03, 3.516300000000000000e+04
7.188080006532527461e-03, 3.341200000000000000e+04
7.199346589614867044e-03, 3.149600000000000000e+04
7.210613172697206627e-03, 2.942200000000000000e+04
7.221879755779545343e-03, 2.718700000000000000e+04
7.233146338861884926e-03, 2.478500000000000000e+04
7.244412921944224509e-03, 2.223100000000000000e+04
7.255679505026564093e-03, 1.955400000000000000e+04
7.266946088108903676e-03, 1.677500000000000000e+04
7.278212671191242392e-03, 1.391100000000000000e+04
7.289479254273581975e-03, 1.097900000000000000e+04
7.300745837355921558e-03, 7.986000000000000000e+03
7.312012420438261141e-03, 4.944000000000000000e+03
7.323279003520599857e-03, 1.868000000000000000e+03
7.334545586602939440e-03, 6.430200000000000000e+04
7.345812169685279024e-03, 6.120200000000000000e+04
7.357078752767618607e-03, 5.813700000000000000e+04
7.368345335849958190e-03, 5.512000000000000000e+04
7.379611918932296906e-03, 5.217300000000000000e+04
7.390878502014636489e-03, 4.929600000000000000e+04
7.402145085096976072e-03, 4.651200000000000000e+04
7.413411668179315656e-03, 4.382500000000000000e+04
7.424678251261654371e-03, 4.125900000000000000e+04
7.435944834343993955e-03, 3.881800000000000000e+04
7.447211417426333538e-03, 3.652300000000000000e+04
7.458478000508673121e-03, 3.437300000000000000e+04
7.469744583591011837e-03, 3.238300000000000000e+04
7.481011166673351420e-03, 3.056200000000000000e+04
7.492277749755691003e-03, 2.894400000000000000e+04
7.503544332838030587e-03, 2.754500000000000000e+04
7.514810915920370170e-03, 2.637600000000000000e+04
7.526077499002708886e-03, 2.544100000000000000e+04
7.537344082085048469e-03, 2.474100000000000000e+04
7.548610665167388052e-03, 2.427300000000000000e+04
7.559877248249727635e-03, 2.402200000000000000e+04
7.571143831332066351e-03, 2.397300000000000000e+04
7.582410414414405934e-03, 2.412400000000000000e+04
7.593676997496745518e-03, 2.447900000000000000e+04
7.604943580579085101e-03, 2.505100000000000000e+04
7.616210163661423817e-03, 2.584400000000000000e+04
7.627476746743763400e-03, 2.685400000000000000e+04
7.638743329826102983e-03, 2.807300000000000000e+04
7.650009912908442566e-03, 2.949500000000000000e+04
7.661276495990782150e-03, 3.111100000000000000e+04
7.672543079073120866e-03, 3.290800000000000000e+04
7.683809662155460449e-03, 3.486600000000000000e+04
7.695076245237800032e-03, 3.697100000000000000e+04
7.706342828320139615e-03, 3.922400000000000000e+04
7.717609411402478331e-03, 4.162700000000000000e+04
7.728875994484817914e-03, 4.417400000000000000e+04
7.740142577567157497e-03, 4.684300000000000000e+04
7.751409160649497081e-03, 4.960400000000000000e+04
7.762675743731836664e-03, 5.243600000000000000e+04
7.773942326814175380e-03, 5.532600000000000000e+04
7.785208909896514963e-03, 5.826800000000000000e+04
7.796475492978854546e-03, 6.126000000000000000e+04
7.807742076061194129e-03, 6.429800000000000000e+04
7.819008659143533713e-03, 1.824000000000000000e+03
7.830275242225872429e-03, 4.876000000000000000e+03
7.841541825308211144e-03, 7.885000000000000000e+03
7.852808408390551595e-03, 1.082500000000000000e+04
7.864074991472890311e-03, 1.369300000000000000e+04
7.875341574555230761e-03, 1.650900000000000000e+04
7.886608157637569477e-03, 1.925500000000000000e+04
7.897874740719908193e-03, 2.192600000000000000e+04
7.909141323802248644e-03, 2.449500000000000000e+04
7.920407906884587360e-03, 2.693900000000000000e+04
7.931674489966927810e-03, 2.923100000000000000e+04
7.942941073049266526e-03, 3.135600000000000000e+04
7.954207656131605242e-03, 3.330500000000000000e+04
7.965474239213945692e-03, 3.507000000000000000e+04
7.976740822296284408e-03, 3.664700000000000000e+04
7.988007405378623124e-03, 3.802500000000000000e+04
7.999273988460963575e-03, 3.919600000000000000e+04
8.010540571543302291e-03, 4.015800000000000000e+04
8.021807154625642741e-03, 4.091700000000000000e+04
8.033073737707981457e-03, 4.147000000000000000e+04
8.044340320790320173e-03, 4.180300000000000000e+04
8.055606903872660624e-03, 4.191500000000000000e+04
8.066873486954999339e-03, 4.180200000000000000e+04
8.078140070037339790e-03, 4.145700000000000000e+04
8.089406653119678506e-03, 4.089000000000000000e+04
8.100673236202017222e-03, 4.010300000000000000e+04
8.111939819284357672e-03, 3.911100000000000000e+04
8.123206402366696388e-03, 3.792000000000000000e+04
8.134472985449035104e-03, 3.651800000000000000e+04
8.145739568531375555e-03, 3.491100000000000000e+04
8.157006151613714270e-03, 3.311700000000000000e+04
8.168272734696054721e-03, 3.115700000000000000e+04
8.179539317778393437e-03, 2.904000000000000000e+04
8.190805900860732153e-03, 2.675900000000000000e+04
8.202072483943072603e-03, 2.431300000000000000e+04
8.213339067025411319e-03, 2.172400000000000000e+04
8.224605650107751770e-03, 1.901800000000000000e+04
8.235872233190090486e-03, 1.621500000000000000e+04
8.247138816272429201e-03, 1.333900000000000000e+04
8.258405399354769652e-03, 1.041400000000000000e+04
8.269671982437108368e-03, 7.448000000000000000e+03
8.280938565519447084e-03, 4.447000000000000000e+03
8.292205148601787534e-03, 1.420000000000000000e+03
8.303471731684126250e-03, 6.391300000000000000e+04
8.314738314766466701e-03, 6.087600000000000000e+04
8.326004897848805417e-03, 5.787200000000000000e+04
8.337271480931144133e-03, 5.491300000000000000e+04
8.348538064013484583e-03, 5.201300000000000000e+04
8.359804647095823299e-03, 4.917700000000000000e+04
8.371071230178163750e-03, 4.642400000000000000e+04
8.382337813260502465e-03, 4.376300000000000000e+04
8.393604396342841181e-03, 4.121400000000000000e+04
8.404870979425181632e-03, 3.878900000000000000e+04
8.416137562507520348e-03, 3.650200000000000000e+04
8.427404145589860798e-03, 3.436600000000000000e+04
8.438670728672199514e-03, 3.240500000000000000e+04
8.449937311754538230e-03, 3.063300000000000000e+04
8.461203894836878681e-03, 2.907900000000000000e+04
8.472470477919217396e-03, 2.774700000000000000e+04
8.483737061001556112e-03, 2.663100000000000000e+04
8.495003644083896563e-03, 2.572700000000000000e+04
8.506270227166235279e-03, 2.504000000000000000e+04
8.517536810248575729e-03, 2.456700000000000000e+04
8.528803393330914445e-03, 2.429900000000000000e+04
8.540069976413253161e-03, 2.422800000000000000e+04
8.551336559495593612e-03, 2.435800000000000000e+04
8.562603142577932328e-03, 2.470000000000000000e+04
8.573869725660272778e-03, 2.526500000000000000e+04
8.585136308742611494e-03, 2.605700000000000000e+04
8.596402891824950210e-03, 2.707300000000000000e+04
8.607669474907290660e-03, 2.830500000000000000e+04
8.618936057989629376e-03, 2.975600000000000000e+04
8.630202641071968092e-03, 3.141400000000000000e+04
8.641469224154308543e-03, 3.326100000000000000e+04
8.652735807236647259e-03, 3.527200000000000000e+04
8.664002390318987709e-03, 3.742900000000000000e+04
8.675268973401326425e-03, 3.972400000000000000e+04
8.686535556483665141e-03, 4.215700000000000000e+04
8.697802139566005591e-03, 4.472100000000000000e+04
8.709068722648344307e-03, 4.739500000000000000e+04
8.720335305730684758e-03, 5.015000000000000000e+04
8.731601888813023474e-03, 5.297300000000000000e+04
8.742868471895362190e-03, 5.585200000000000000e+04
8.754135054977702640e-03, 5.878500000000000000e+04
8.765401638060041356e-03, 6.177200000000000000e+04
8.776668221142380072e-03, 6.480500000000000000e+04
8.787934804224720522e-03, 2.323000000000000000e+03
8.799201387307059238e-03, 5.366000000000000000e+03
8.810467970389399689e-03, 8.368000000000000000e+03
8.821734553471738405e-03, 1.130200000000000000e+04
8.833001136554077121e-03, 1.417000000000000000e+04
8.844267719636417571e-03, 1.698400000000000000e+04
8.855534302718756287e-03, 1.972700000000000000e+04
8.866800885801096738e-03, 2.238900000000000000e+04
8.878067468883435454e-03, 2.494000000000000000e+04
8.889334051965774169e-03, 2.735700000000000000e+04
8.900600635048114620e-03, 2.961900000000000000e+04
8.911867218130453336e-03, 3.170700000000000000e+04
8.923133801212792052e-03, 3.362000000000000000e+04
8.934400384295132502e-03, 3.534800000000000000e+04
8.945666967377471218e-03, 3.688500000000000000e+04
8.956933550459811669e-03, 3.822300000000000000e+04
8.968200133542150385e-03, 3.935300000000000000e+04
8.979466716624489100e-03, 4.027700000000000000e+04
8.990733299706829551e-03, 4.100500000000000000e+04
9.001999882789168267e-03, 4.153000000000000000e+04
9.013266465871508717e-03, 4.184000000000000000e+04
9.024533048953847433e-03, 4.193100000000000000e+04
9.035799632036186149e-03, 4.179200000000000000e+04
9.047066215118526600e-03, 4.141600000000000000e+04
9.058332798200865316e-03, 4.080900000000000000e+04
9.069599381283204032e-03, 3.997900000000000000e+04
9.080865964365544482e-03, 3.894000000000000000e+04
9.092132547447883198e-03, 3.769900000000000000e+04
9.103399130530223649e-03, 3.624600000000000000e+04
9.114665713612562364e-03, 3.458900000000000000e+04
9.125932296694901080e-03, 3.275100000000000000e+04
9.137198879777241531e-03, 3.075200000000000000e+04
9.148465462859580247e-03, 2.859600000000000000e+04
9.159732045941920697e-03, 2.627800000000000000e+04
9.170998629024259413e-03, 2.379200000000000000e+04
9.182265212106598129e-03, 2.116300000000000000e+04
9.193531795188938580e-03, 1.841600000000000000e+04
9.204798378271277295e-03, 1.557700000000000000e+04
9.216064961353617746e-03, 1.266300000000000000e+04
9.227331544435956462e-03, 9.691000000000000000e+03
9.238598127518295178e-03, 6.669000000000000000e+03
9.249864710600635628e-03, 3.609000000000000000e+03
9.261131293682974344e-03, 5.260000000000000000e+02
9.272397876765313060e-03, 6.297000000000000000e+04
9.283664459847653511e-03, 5.990100000000000000e+04
9.294931042929992226e-03, 5.687600000000000000e+04
9.306197626012332677e-03, 5.391100000000000000e+04
9.317464209094671393e-03, 5.101400000000000000e+04
9.328730792177010109e-03, 4.819700000000000000e+04
9.339997375259350559e-03, 4.546900000000000000e+04
9.351263958341689275e-03, 4.284700000000000000e+04
9.362530541424029726e-03, 4.034000000000000000e+04
9.373797124506368442e-03, 3.796200000000000000e+04
9.385063707588707158e-03, 3.572200000000000000e+04
9.396330290671047608e-03, 3.363000000000000000e+04
9.407596873753386324e-03, 3.169600000000000000e+04
9.418863456835725040e-03, 2.993700000000000000e+04
9.430130039918065490e-03, 2.839100000000000000e+04
9.441396623000404206e-03, 2.706100000000000000e+04
9.452663206082744657e-03, 2.594700000000000000e+04
9.463929789165083373e-03, 2.505300000000000000e+04
9.475196372247422089e-03, 2.438500000000000000e+04
9.486462955329762539e-03, 2.393900000000000000e+04
9.497729538412101255e-03, 2.370700000000000000e+04
9.508996121494441706e-03, 2.368200000000000000e+04
9.520262704576780421e-03, 2.386700000000000000e+04
9.531529287659119137e-03, 2.427200000000000000e+04
9.542795870741459588e-03, 2.490100000000000000e+04
9.554062453823798304e-03, 2.575100000000000000e+04
9.565329036906137020e-03, 2.681800000000000000e+04
9.576595619988477470e-03, 2.809400000000000000e+04
9.587862203070816186e-03, 2.957400000000000000e+04
9.599128786153156637e-03, 3.124900000000000000e+04
9.610395369235495353e-03, 3.310100000000000000e+04
9.621661952317834068e-03, 3.511500000000000000e+04
9.632928535400174519e-03, 3.727600000000000000e+04
9.644195118482513235e-03, 3.958200000000000000e+04
9.655461701564853685e-03, 4.203400000000000000e+04
9.666728284647192401e-03, 4.462300000000000000e+04
9.677994867729531117e-03, 4.732400000000000000e+04
9.689261450811871568e-03, 5.011200000000000000e+04
9.700528033894210284e-03, 5.297100000000000000e+04
9.711794616976548999e-03, 5.589100000000000000e+04
9.723061200058889450e-03, 5.887000000000000000e+04
9.734327783141228166e-03, 6.191000000000000000e+04
9.745594366223568616e-03, 6.499600000000000000e+04
9.756860949305907332e-03, 2.563000000000000000e+03
9.768127532388246048e-03, 5.644000000000000000e+03
9.779394115470586499e-03, 8.674000000000000000e+03
9.790660698552925215e-03, 1.162500000000000000e+04
9.801927281635265665e-03, 1.450900000000000000e+04
9.813193864717604381e-03, 1.733100000000000000e+04
9.824460447799943097e-03, 2.007800000000000000e+04
9.835727030882283548e-03, 2.273400000000000000e+04
9.846993613964622263e-03, 2.527500000000000000e+04
9.858260197046960979e-03, 2.767400000000000000e+04
9.869526780129301430e-03, 2.991500000000000000e+04
9.880793363211640146e-03, 3.197900000000000000e+04
9.892059946293980596e-03, 3.386600000000000000e+04
9.903326529376319312e-03, 3.556800000000000000e+04
9.914593112458658028e-03, 3.708100000000000000e+04
9.925859695540998479e-03, 3.839700000000000000e+04
9.937126278623337194e-03, 3.950700000000000000e+04
9.948392861705677645e-03, 4.041200000000000000e+04
9.959659444788016361e-03, 4.111600000000000000e+04
9.970926027870355077e-03, 4.160900000000000000e+04
9.982192610952695527e-03, 4.188100000000000000e+04
9.993459194035034243e-03, 4.192900000000000000e+04
1.000472577711737469e-02, 4.174100000000000000e+04
1.001599236019971341e-02, 4.131700000000000000e+04
1.002725894328205213e-02, 4.066000000000000000e+04
1.003852552636439258e-02, 3.978500000000000000e+04
1.004979210944673129e-02, 3.870400000000000000e+04
1.006105869252907001e-02, 3.742000000000000000e+04
1.007232527561141046e-02, 3.592600000000000000e+04
1.008359185869374917e-02, 3.423900000000000000e+04
1.009485844177608962e-02, 3.238900000000000000e+04
1.010612502485842834e-02, 3.039000000000000000e+04
1.011739160794076706e-02, 2.824400000000000000e+04
1.012865819102310751e-02, 2.593800000000000000e+04
1.013992477410544622e-02, 2.347300000000000000e+04
1.015119135718778667e-02, 2.087500000000000000e+04
1.016245794027012539e-02, 1.816300000000000000e+04
1.017372452335246411e-02, 1.535800000000000000e+04
1.018499110643480456e-02, 1.247300000000000000e+04
1.019625768951714327e-02, 9.522000000000000000e+03
1.020752427259948199e-02, 6.513000000000000000e+03
1.021879085568182244e-02, 3.458000000000000000e+03
1.023005743876416115e-02, 3.730000000000000000e+02
1.024132402184650160e-02, 6.281200000000000000e+04
1.025259060492884032e-02, 5.973700000000000000e+04
1.026385718801117904e-02, 5.670100000000000000e+04
1.027512377109351949e-02, 5.372300000000000000e+04
1.028639035417585820e-02, 5.080700000000000000e+04
1.029765693725819865e-02, 4.797200000000000000e+04
1.030892352034053737e-02, 4.522600000000000000e+04
1.032019010342287609e-02, 4.259000000000000000e+04
1.033145668650521654e-02, 4.007400000000000000e+04
1.034272326958755525e-02, 3.769700000000000000e+04
1.035398985266989397e-02, 3.546200000000000000e+04
1.036525643575223442e-02, 3.338400000000000000e+04
1.037652301883457313e-02, 3.146800000000000000e+04
1.038778960191691358e-02, 2.973700000000000000e+04
1.039905618499925230e-02, 2.822300000000000000e+04
1.041032276808159102e-02, 2.692700000000000000e+04
1.042158935116393147e-02, 2.584800000000000000e+04
1.043285593424627018e-02, 2.499100000000000000e+04
1.044412251732861063e-02, 2.435900000000000000e+04
1.045538910041094935e-02, 2.394600000000000000e+04
1.046665568349328806e-02, 2.373800000000000000e+04
1.047792226657562852e-02, 2.373100000000000000e+04
1.048918884965796723e-02, 2.393100000000000000e+04
1.050045543274030595e-02, 2.435100000000000000e+04
1.051172201582264640e-02, 2.500100000000000000e+04
1.052298859890498511e-02, 2.588100000000000000e+04
1.053425518198732556e-02, 2.698500000000000000e+04
1.054552176506966428e-02, 2.830600000000000000e+04
1.055678834815200300e-02, 2.983400000000000000e+04
1.056805493123434345e-02, 3.155800000000000000e+04
1.057932151431668216e-02, 3.345500000000000000e+04
1.059058809739902261e-02, 3.551200000000000000e+04
1.060185468048136133e-02, 3.771300000000000000e+04
1.061312126356370004e-02, 4.005700000000000000e+04
1.062438784664604050e-02, 4.254500000000000000e+04
1.063565442972837921e-02, 4.515800000000000000e+04
1.064692101281071793e-02, 4.786300000000000000e+04
1.065818759589305838e-02, 5.063500000000000000e+04
1.066945417897539709e-02, 5.346200000000000000e+04
1.068072076205773754e-02, 5.634200000000000000e+04
1.069198734514007626e-02, 5.927400000000000000e+04
1.070325392822241498e-02, 6.226400000000000000e+04
1.071452051130475543e-02, 6.530100000000000000e+04
1.072578709438709414e-02, 2.818000000000000000e+03
1.073705367746943459e-02, 5.851000000000000000e+03
1.074832026055177331e-02, 8.839000000000000000e+03
1.075958684363411202e-02, 1.175700000000000000e+04
1.077085342671645248e-02, 1.462300000000000000e+04
1.078212000979879119e-02, 1.743300000000000000e+04
1.079338659288113164e-02, 2.017400000000000000e+04
1.080465317596347036e-02, 2.282400000000000000e+04
1.081591975904580907e-02, 2.536100000000000000e+04
1.082718634212814952e-02, 2.774000000000000000e+04
1.083845292521048824e-02, 2.994300000000000000e+04
1.084971950829282696e-02, 3.195400000000000000e+04
1.086098609137516741e-02, 3.377700000000000000e+04
1.087225267445750612e-02, 3.541200000000000000e+04
1.088351925753984657e-02, 3.685500000000000000e+04
1.089478584062218529e-02, 3.810200000000000000e+04
1.090605242370452400e-02, 3.914900000000000000e+04
1.091731900678686445e-02, 4.000100000000000000e+04
1.092858558986920317e-02, 4.066000000000000000e+04
1.093985217295154362e-02, 4.111400000000000000e+04
1.095111875603388234e-02, 4.135500000000000000e+04
1.096238533911622105e-02, 4.137800000000000000e+04
1.097365192219856150e-02, 4.116800000000000000e+04
1.098491850528090022e-02, 4.073000000000000000e+04
1.099618508836323894e-02, 4.006300000000000000e+04
1.100745167144557939e-02, 3.918800000000000000e+04
1.101871825452791810e-02, 3.811900000000000000e+04
1.102998483761025855e-02, 3.685600000000000000e+04
1.104125142069259727e-02, 3.538800000000000000e+04
1.105251800377493598e-02, 3.372300000000000000e+04
1.106378458685727643e-02, 3.188700000000000000e+04
1.107505116993961515e-02, 2.988900000000000000e+04
1.108631775302195560e-02, 2.773000000000000000e+04
1.109758433610429432e-02, 2.540200000000000000e+04
1.110885091918663303e-02, 2.291100000000000000e+04
1.112011750226897348e-02, 2.028900000000000000e+04
1.113138408535131220e-02, 1.755500000000000000e+04
1.114265066843365092e-02, 1.473000000000000000e+04
1.115391725151599137e-02, 1.183000000000000000e+04
1.116518383459833008e-02, 8.866000000000000000e+03
1.117645041768067053e-02, 5.847000000000000000e+03
1.118771700076300925e-02, 2.795000000000000000e+03
1.119898358384534796e-02, 6.526800000000000000e+04
1.121025016692768841e-02, 6.221600000000000000e+04
1.122151675001002713e-02, 5.920500000000000000e+04
1.123278333309236758e-02, 5.624100000000000000e+04
1.124404991617470630e-02, 5.334200000000000000e+04
1.125531649925704501e-02, 5.050300000000000000e+04
1.126658308233938546e-02, 4.774300000000000000e+04
1.127784966542172418e-02, 4.506300000000000000e+04
1.128911624850406289e-02, 4.248600000000000000e+04
1.130038283158640335e-02, 4.001800000000000000e+04
1.131164941466874206e-02, 3.768100000000000000e+04
1.132291599775108251e-02, 3.547700000000000000e+04
1.133418258083342123e-02, 3.342400000000000000e+04
1.134544916391575994e-02, 3.152700000000000000e+04
1.135671574699810039e-02, 2.981800000000000000e+04
1.136798233008043911e-02, 2.832200000000000000e+04
1.137924891316277956e-02, 2.703700000000000000e+04
1.139051549624511828e-02, 2.596400000000000000e+04
1.140178207932745699e-02, 2.510800000000000000e+04
1.141304866240979744e-02, 2.447600000000000000e+04
1.142431524549213616e-02, 2.406500000000000000e+04
1.143558182857447487e-02, 2.386400000000000000e+04
1.144684841165681533e-02, 2.387300000000000000e+04
1.145811499473915404e-02, 2.409700000000000000e+04
1.146938157782149449e-02, 2.454900000000000000e+04
1.148064816090383321e-02, 2.523600000000000000e+04
1.149191474398617192e-02, 2.615400000000000000e+04
1.150318132706851237e-02, 2.729700000000000000e+04
1.151444791015085109e-02, 2.865500000000000000e+04
1.152571449323319154e-02, 3.021800000000000000e+04
1.153698107631553026e-02, 3.197500000000000000e+04
1.154824765939786897e-02, 3.390100000000000000e+04
1.155951424248020942e-02, 3.599100000000000000e+04
1.157078082556254814e-02, 3.823100000000000000e+04
1.158204740864488859e-02, 4.062100000000000000e+04
1.159331399172722731e-02, 4.315400000000000000e+04
1.160458057480956602e-02, 4.581200000000000000e+04
1.161584715789190647e-02, 4.856800000000000000e+04
1.162711374097424519e-02, 5.139700000000000000e+04
1.163838032405658390e-02, 5.428400000000000000e+04
1.164964690713892435e-02, 5.722300000000000000e+04
1.166091349022126307e-02, 6.020900000000000000e+04
1.167218007330360352e-02, 6.324500000000000000e+04
1.168344665638594224e-02, 7.760000000000000000e+02
1.169471323946828095e-02, 3.843000000000000000e+03
1.170597982255062140e-02, 6.874000000000000000e+03
1.171724640563296012e-02, 9.846000000000000000e+03
1.172851298871530057e-02, 1.274000000000000000e+04
1.173977957179763928e-02, 1.558100000000000000e+04
1.175104615487997800e-02, 1.836000000000000000e+04
1.176231273796231845e-02, 2.106800000000000000e+04
1.177357932104465717e-02, 2.367900000000000000e+04
1.178484590412699588e-02, 2.617300000000000000e+04
1.179611248720933633e-02, 2.851700000000000000e+04
1.180737907029167505e-02, 3.069900000000000000e+04
1.181864565337401550e-02, 3.270400000000000000e+04
1.182991223645635422e-02, 3.452700000000000000e+04
1.184117881953869293e-02, 3.616400000000000000e+04
1.185244540262103338e-02, 3.760500000000000000e+04
1.186371198570337210e-02, 3.884000000000000000e+04
1.187497856878571255e-02, 3.986600000000000000e+04
1.188624515186805126e-02, 4.068800000000000000e+04
1.189751173495038998e-02, 4.130700000000000000e+04
1.190877831803273043e-02, 4.170900000000000000e+04
1.192004490111506915e-02, 4.189200000000000000e+04
1.193131148419740786e-02, 4.185600000000000000e+04
1.194257806727974831e-02, 4.158800000000000000e+04
1.195384465036208703e-02, 4.109600000000000000e+04
1.196511123344442748e-02, 4.037800000000000000e+04
1.197637781652676620e-02, 3.945000000000000000e+04
1.198764439960910491e-02, 3.832100000000000000e+04
1.199891098269144536e-02, 3.698400000000000000e+04
1.201017756577378408e-02, 3.543900000000000000e+04
1.202144414885612453e-02, 3.369600000000000000e+04
1.203271073193846324e-02, 3.178400000000000000e+04
1.204397731502080196e-02, 2.971400000000000000e+04
1.205524389810314241e-02, 2.748400000000000000e+04
1.206651048118548113e-02, 2.508800000000000000e+04
1.207777706426781984e-02, 2.253800000000000000e+04
1.208904364735016029e-02, 1.986600000000000000e+04
1.210031023043249901e-02, 1.709100000000000000e+04
1.211157681351483946e-02, 1.422900000000000000e+04
1.212284339659717818e-02, 1.129300000000000000e+04
1.213410997967951689e-02, 8.294000000000000000e+03
1.214537656276185734e-02, 5.243000000000000000e+03
1.215664314584419606e-02, 2.158000000000000000e+03
1.216790972892653651e-02, 6.458700000000000000e+04
1.217917631200887522e-02, 6.148400000000000000e+04
1.219044289509121394e-02, 5.842000000000000000e+04
1.220170947817355439e-02, 5.540600000000000000e+04
1.221297606125589311e-02, 5.246300000000000000e+04
1.222424264433823182e-02, 4.959100000000000000e+04
1.223550922742057227e-02, 4.681000000000000000e+04
1.224677581050291099e-02, 4.412300000000000000e+04
1.225804239358525144e-02, 4.155500000000000000e+04
1.226930897666759016e-02, 3.910800000000000000e+04
1.228057555974992887e-02, 3.680300000000000000e+04
1.229184214283226932e-02, 3.464300000000000000e+04
1.230310872591460804e-02, 3.265700000000000000e+04
1.231437530899694849e-02, 3.085200000000000000e+04
1.232564189207928720e-02, 2.925800000000000000e+04
1.233690847516162592e-02, 2.788500000000000000e+04
1.234817505824396637e-02, 2.673000000000000000e+04
1.235944164132630509e-02, 2.578500000000000000e+04
1.237070822440864554e-02, 2.505400000000000000e+04
1.238197480749098425e-02, 2.453600000000000000e+04
1.239324139057332297e-02, 2.422500000000000000e+04
1.240450797365566342e-02, 2.411000000000000000e+04
1.241577455673800214e-02, 2.419300000000000000e+04
1.242704113982034085e-02, 2.448100000000000000e+04
1.243830772290268130e-02, 2.498700000000000000e+04
1.244957430598502002e-02, 2.572000000000000000e+04
1.246084088906736047e-02, 2.667600000000000000e+04
1.247210747214969918e-02, 2.784900000000000000e+04
1.248337405523203790e-02, 2.923900000000000000e+04
1.249464063831437835e-02, 3.083900000000000000e+04
1.250590722139671707e-02, 3.263700000000000000e+04
1.251717380447905752e-02, 3.460300000000000000e+04
1.252844038756139623e-02, 3.672000000000000000e+04
1.253970697064373495e-02, 3.897500000000000000e+04
1.255097355372607540e-02, 4.136800000000000000e+04
1.256224013680841411e-02, 4.389500000000000000e+04
1.257350671989075283e-02, 4.653900000000000000e+04
1.258477330297309328e-02, 4.927300000000000000e+04
1.259603988605543200e-02, 5.207700000000000000e+04
1.260730646913777245e-02, 5.494100000000000000e+04
1.261857305222011116e-02, 5.785800000000000000e+04
1.262983963530244988e-02, 6.082800000000000000e+04
1.264110621838479033e-02, 6.384900000000000000e+04
1.265237280146712905e-02, 1.365000000000000000e+03
1.266363938454946950e-02, 4.416000000000000000e+03
1.267490596763180821e-02, 7.433000000000000000e+03
1.268617255071414693e-02, 1.039200000000000000e+04
1.269743913379648738e-02, 1.327700000000000000e+04
1.270870571687882609e-02, 1.611100000000000000e+04
1.271997229996116481e-02, 1.887700000000000000e+04
1.273123888304350526e-02, 2.156800000000000000e+04
1.274250546612584398e-02, 2.415500000000000000e+04
1.275377204920818443e-02, 2.661800000000000000e+04
1.276503863229052314e-02, 2.892900000000000000e+04
1.277630521537286186e-02, 3.107400000000000000e+04
1.278757179845520231e-02, 3.304200000000000000e+04
1.279883838153754103e-02, 3.482700000000000000e+04
1.281010496461988148e-02, 3.642500000000000000e+04
1.282137154770222019e-02, 3.782700000000000000e+04
1.283263813078455891e-02, 3.902200000000000000e+04
1.284390471386689936e-02, 4.001000000000000000e+04
1.285517129694923807e-02, 4.079900000000000000e+04
1.286643788003157679e-02, 4.138900000000000000e+04
1.287770446311391724e-02, 4.176600000000000000e+04
1.288897104619625596e-02, 4.192600000000000000e+04
1.290023762927859641e-02, 4.186200000000000000e+04
1.291150421236093512e-02, 4.155800000000000000e+04
1.292277079544327384e-02, 4.102400000000000000e+04
1.293403737852561429e-02, 4.026100000000000000e+04
1.294530396160795301e-02, 3.928600000000000000e+04
1.295657054469029346e-02, 3.810900000000000000e+04
1.296783712777263217e-02, 3.672200000000000000e+04
1.297910371085497089e-02, 3.512800000000000000e+04
1.299037029393731134e-02, 3.334300000000000000e+04
1.300163687701965005e-02, 3.139300000000000000e+04
1.301290346010198877e-02, 2.928700000000000000e+04
1.302417004318432922e-02, 2.702100000000000000e+04
1.303543662626666794e-02, 2.459000000000000000e+04
1.304670320934900839e-02, 2.200700000000000000e+04
1.305796979243134710e-02, 1.929900000000000000e+04
1.306923637551368582e-02, 1.648900000000000000e+04
1.308050295859602627e-02, 1.359800000000000000e+04
1.309176954167836499e-02, 1.064200000000000000e+04
1.310303612476070544e-02, 7.632000000000000000e+03
1.311430270784304415e-02, 4.579000000000000000e+03
1.312556929092538287e-02, 1.499000000000000000e+03
1.313683587400772332e-02, 6.394100000000000000e+04
1.314810245709006203e-02, 6.085700000000000000e+04
1.315936904017240248e-02, 5.781500000000000000e+04
1.317063562325474120e-02, 5.482700000000000000e+04
1.318190220633707992e-02, 5.190800000000000000e+04
1.319316878941942037e-02, 4.906200000000000000e+04
1.320443537250175908e-02, 4.630600000000000000e+04
1.321570195558409780e-02, 4.364600000000000000e+04
1.322696853866643825e-02, 4.110400000000000000e+04
1.323823512174877697e-02, 3.868200000000000000e+04
1.324950170483111742e-02, 3.640000000000000000e+04
1.326076828791345613e-02, 3.426000000000000000e+04
1.327203487099579485e-02, 3.227600000000000000e+04
1.328330145407813530e-02, 3.045900000000000000e+04
1.329456803716047401e-02, 2.884600000000000000e+04
1.330583462024281446e-02, 2.744800000000000000e+04
1.331710120332515318e-02, 2.626700000000000000e+04
1.332836778640749190e-02, 2.530400000000000000e+04
1.333963436948983235e-02, 2.456500000000000000e+04
1.335090095257217106e-02, 2.405200000000000000e+04
1.336216753565450978e-02, 2.375500000000000000e+04
1.337343411873685023e-02, 2.366500000000000000e+04
1.338470070181918894e-02, 2.378400000000000000e+04
1.339596728490152940e-02, 2.411900000000000000e+04
1.340723386798386811e-02, 2.468200000000000000e+04
1.341850045106620683e-02, 2.547000000000000000e+04
1.342976703414854728e-02, 2.647500000000000000e+04
1.344103361723088599e-02, 2.768900000000000000e+04
1.345230020031322644e-02, 2.910700000000000000e+04
1.346356678339556516e-02, 3.072000000000000000e+04
1.347483336647790388e-02, 3.251800000000000000e+04
1.348609994956024433e-02, 3.448000000000000000e+04
1.349736653264258304e-02, 3.659300000000000000e+04
1.350863311572492176e-02, 3.885000000000000000e+04
1.351989969880726221e-02, 4.125400000000000000e+04
1.353116628188960092e-02, 4.380000000000000000e+04
1.354243286497194138e-02, 4.646700000000000000e+04
1.355369944805428009e-02, 4.922800000000000000e+04
1.356496603113661881e-02, 5.206500000000000000e+04
1.357623261421895926e-02, 5.496500000000000000e+04
1.358749919730129797e-02, 5.792300000000000000e+04
1.359876578038363842e-02, 6.093800000000000000e+04
1.361003236346597714e-02, 6.400700000000000000e+04
1.362129894654831586e-02, 1.570000000000000000e+03
1.363256552963065631e-02, 4.662000000000000000e+03
1.364383211271299502e-02, 7.711000000000000000e+03
1.365509869579533374e-02, 1.069100000000000000e+04
1.366636527887767419e-02, 1.359600000000000000e+04
1.367763186196001290e-02, 1.644400000000000000e+04
1.368889844504235336e-02, 1.921700000000000000e+04
1.370016502812469207e-02, 2.190900000000000000e+04
1.371143161120703079e-02, 2.449100000000000000e+04
1.372269819428937124e-02, 2.694000000000000000e+04
1.373396477737170995e-02, 2.923400000000000000e+04
1.374523136045405040e-02, 3.135600000000000000e+04
1.375649794353638912e-02, 3.330100000000000000e+04
1.376776452661872784e-02, 3.506000000000000000e+04
1.377903110970106829e-02, 3.663100000000000000e+04
1.379029769278340700e-02, 3.800400000000000000e+04
1.380156427586574572e-02, 3.917500000000000000e+04
1.381283085894808617e-02, 4.014100000000000000e+04
1.382409744203042488e-02, 4.090700000000000000e+04
1.383536402511276533e-02, 4.146900000000000000e+04
1.384663060819510405e-02, 4.181100000000000000e+04
1.385789719127744277e-02, 4.193200000000000000e+04
1.386916377435978322e-02, 4.182200000000000000e+04
1.388043035744212193e-02, 4.147300000000000000e+04
1.389169694052446238e-02, 4.089200000000000000e+04
1.390296352360680110e-02, 4.008500000000000000e+04
1.391423010668913982e-02, 3.906900000000000000e+04
1.392549668977148027e-02, 3.785100000000000000e+04
1.393676327285381898e-02, 3.642100000000000000e+04
1.394802985593615943e-02, 3.478800000000000000e+04
1.395929643901849815e-02, 3.297000000000000000e+04
1.397056302210083686e-02, 3.098500000000000000e+04
1.398182960518317731e-02, 2.883700000000000000e+04
1.399309618826551603e-02, 2.652100000000000000e+04
1.400436277134785475e-02, 2.404000000000000000e+04
1.401562935443019520e-02, 2.141700000000000000e+04
1.402689593751253391e-02, 1.868200000000000000e+04
1.403816252059487436e-02, 1.585800000000000000e+04
1.404942910367721308e-02, 1.296200000000000000e+04
1.406069568675955180e-02, 1.000900000000000000e+04
1.407196226984189225e-02, 7.006000000000000000e+03
1.408322885292423096e-02, 3.963000000000000000e+03
1.409449543600657141e-02, 8.950000000000000000e+02
1.410576201908891013e-02, 6.335000000000000000e+04
1.411702860217124884e-02, 6.028500000000000000e+04
1.412829518525358929e-02, 5.726200000000000000e+04
1.413956176833592801e-02, 5.429500000000000000e+04
1.415082835141826673e-02, 5.139400000000000000e+04
1.416209493450060718e-02, 4.856400000000000000e+04
1.417336151758294589e-02, 4.582100000000000000e+04
1.418462810066528634e-02, 4.317500000000000000e+04
1.419589468374762506e-02, 4.064700000000000000e+04
1.420716126682996377e-02, 3.824600000000000000e+04
1.421842784991230423e-02, 3.598700000000000000e+04
1.422969443299464294e-02, 3.387500000000000000e+04
1.424096101607698339e-02, 3.192300000000000000e+04
1.425222759915932211e-02, 3.014500000000000000e+04
1.426349418224166082e-02, 2.857500000000000000e+04
1.427476076532400127e-02, 2.722200000000000000e+04
1.428602734840633999e-02, 2.608500000000000000e+04
1.429729393148867871e-02, 2.516700000000000000e+04
1.430856051457101916e-02, 2.447300000000000000e+04
1.431982709765335787e-02, 2.400200000000000000e+04
1.433109368073569832e-02, 2.374300000000000000e+04
1.434236026381803704e-02, 2.368400000000000000e+04
1.435362684690037575e-02, 2.382700000000000000e+04
1.436489342998271621e-02, 2.418200000000000000e+04
1.437616001306505492e-02, 2.476400000000000000e+04
1.438742659614739537e-02, 2.557400000000000000e+04
1.439869317922973409e-02, 2.661000000000000000e+04
1.440995976231207280e-02, 2.786300000000000000e+04
1.442122634539441325e-02, 2.932700000000000000e+04
1.443249292847675197e-02, 3.099000000000000000e+04
1.444375951155909069e-02, 3.283500000000000000e+04
1.445502609464143114e-02, 3.484300000000000000e+04
1.446629267772376985e-02, 3.699900000000000000e+04
1.447755926080611030e-02, 3.929700000000000000e+04
1.448882584388844902e-02, 4.174100000000000000e+04
1.450009242697078773e-02, 4.432100000000000000e+04
1.451135901005312819e-02, 4.701100000000000000e+04
1.452262559313546690e-02, 4.977400000000000000e+04
1.453389217621780735e-02, 5.259300000000000000e+04
1.454515875930014607e-02, 5.546000000000000000e+04
1.455642534238248478e-02, 5.837700000000000000e+04
1.456769192546482523e-02, 6.134700000000000000e+04
1.457895850854716395e-02, 6.436700000000000000e+04
1.459022509162950267e-02, 1.877000000000000000e+03
1.460149167471184312e-02, 4.915000000000000000e+03
1.461275825779418183e-02, 7.914000000000000000e+03
1.462402484087652228e-02, 1.084900000000000000e+04
1.463529142395886100e-02, 1.372500000000000000e+04
1.464655800704119971e-02, 1.655200000000000000e+04
1.465782459012354016e-02, 1.931200000000000000e+04
1.466909117320587888e-02, 2.199300000000000000e+04
1.468035775628821933e-02, 2.456700000000000000e+04
1.469162433937055805e-02, 2.700600000000000000e+04
1.470289092245289676e-02, 2.929400000000000000e+04
1.471415750553523721e-02, 3.141200000000000000e+04
1.472542408861757593e-02, 3.335700000000000000e+04
1.473669067169991638e-02, 3.511800000000000000e+04
1.474795725478225510e-02, 3.668900000000000000e+04
1.475922383786459381e-02, 3.805800000000000000e+04
1.477049042094693426e-02, 3.921800000000000000e+04
1.478175700402927298e-02, 4.016800000000000000e+04
1.479302358711161169e-02, 4.091400000000000000e+04
1.480429017019395214e-02, 4.144700000000000000e+04
1.481555675327629086e-02, 4.175700000000000000e+04
1.482682333635863131e-02, 4.184200000000000000e+04
1.483808991944097003e-02, 4.169300000000000000e+04
1.484935650252330874e-02, 4.130500000000000000e+04
1.486062308560564919e-02, 4.068500000000000000e+04
1.487188966868798791e-02, 3.984200000000000000e+04
1.488315625177032836e-02, 3.879400000000000000e+04
1.489442283485266708e-02, 3.755400000000000000e+04
1.490568941793500579e-02, 3.611300000000000000e+04
1.491695600101734624e-02, 3.447700000000000000e+04
1.492822258409968496e-02, 3.266600000000000000e+04
1.493948916718202367e-02, 3.069700000000000000e+04
1.495075575026436412e-02, 2.857100000000000000e+04
1.496202233334670284e-02, 2.628100000000000000e+04
1.497328891642904329e-02, 2.382500000000000000e+04
1.498455549951138201e-02, 2.123000000000000000e+04
1.499582208259372072e-02, 1.851800000000000000e+04
1.500708866567606117e-02, 1.571100000000000000e+04
1.501835524875839989e-02, 1.282500000000000000e+04
1.502962183184074034e-02, 9.872000000000000000e+03
1.504088841492307906e-02, 6.862000000000000000e+03
1.505215499800541777e-02, 3.807000000000000000e+03
1.506342158108775822e-02, 7.200000000000000000e+02
1.507468816417009694e-02, 6.315200000000000000e+04
1.508595474725243565e-02, 6.006300000000000000e+04
1.509722133033477610e-02, 5.701200000000000000e+04
1.510848791341711482e-02, 5.402100000000000000e+04
1.511975449649945527e-02, 5.109600000000000000e+04
1.513102107958179399e-02, 4.825300000000000000e+04
1.514228766266413270e-02, 4.550200000000000000e+04
1.515355424574647315e-02, 4.285900000000000000e+04
1.516482082882881187e-02, 4.033600000000000000e+04
1.517608741191115232e-02, 3.794900000000000000e+04
1.518735399499349104e-02, 3.570500000000000000e+04
1.519862057807582975e-02, 3.361400000000000000e+04
1.520988716115817020e-02, 3.168400000000000000e+04
1.522115374424050892e-02, 2.993400000000000000e+04
1.523242032732284763e-02, 2.839800000000000000e+04
1.524368691040518808e-02, 2.707800000000000000e+04
1.525495349348752680e-02, 2.597200000000000000e+04
1.526622007656986725e-02, 2.508100000000000000e+04
1.527748665965220597e-02, 2.440900000000000000e+04
1.528875324273454468e-02, 2.395700000000000000e+04
1.530001982581688513e-02, 2.371600000000000000e+04
1.531128640889922385e-02, 2.368000000000000000e+04
1.532255299198156430e-02, 2.385500000000000000e+04
1.533381957506390302e-02, 2.425100000000000000e+04
1.534508615814624173e-02, 2.488000000000000000e+04
1.535635274122858218e-02, 2.573900000000000000e+04
1.536761932431092090e-02, 2.682500000000000000e+04
1.537888590739325961e-02, 2.812700000000000000e+04
1.539015249047560006e-02, 2.963700000000000000e+04
1.540141907355793878e-02, 3.134400000000000000e+04
1.541268565664027923e-02, 3.322500000000000000e+04
1.542395223972261795e-02, 3.526700000000000000e+04
1.543521882280495666e-02, 3.745300000000000000e+04
1.544648540588729711e-02, 3.978600000000000000e+04
1.545775198896963583e-02, 4.226900000000000000e+04
1.546901857205197628e-02, 4.489100000000000000e+04
1.548028515513431499e-02, 4.762500000000000000e+04
1.549155173821665371e-02, 5.044000000000000000e+04
1.550281832129899416e-02, 5.332100000000000000e+04
1.551408490438133288e-02, 5.625600000000000000e+04
1.552535148746367333e-02, 5.923800000000000000e+04
1.553661807054601204e-02, 6.227100000000000000e+04
1.554788465362835076e-02, 6.534100000000000000e+04
1.555915123671069121e-02, 2.884000000000000000e+03
1.557041781979302993e-02, 5.936000000000000000e+03
1.558168440287536864e-02, 8.935000000000000000e+03
1.559295098595770909e-02, 1.185700000000000000e+04
1.560421756904004781e-02, 1.471500000000000000e+04
1.561548415212238826e-02, 1.751300000000000000e+04
1.562675073520472524e-02, 2.024000000000000000e+04
1.563801731828706743e-02, 2.288100000000000000e+04
1.564928390136940614e-02, 2.541100000000000000e+04
1.566055048445174486e-02, 2.780200000000000000e+04
1.567181706753408357e-02, 3.003800000000000000e+04
1.568308365061642229e-02, 3.209900000000000000e+04
1.569435023369876447e-02, 3.398200000000000000e+04
1.570561681678110319e-02, 3.568000000000000000e+04
1.571688339986344191e-02, 3.718400000000000000e+04
1.572814998294578062e-02, 3.848600000000000000e+04
1.573941656602811934e-02, 3.957800000000000000e+04
1.575068314911046152e-02, 4.046500000000000000e+04
1.576194973219280024e-02, 4.114800000000000000e+04
1.577321631527513895e-02, 4.162000000000000000e+04
1.578448289835747767e-02, 4.187000000000000000e+04
1.579574948143981639e-02, 4.189900000000000000e+04
1.580701606452215857e-02, 4.169800000000000000e+04
1.581828264760449729e-02, 4.127100000000000000e+04
1.582954923068683600e-02, 4.061900000000000000e+04
1.584081581376917472e-02, 3.975500000000000000e+04
1.585208239685151344e-02, 3.868800000000000000e+04
1.586334897993385562e-02, 3.741900000000000000e+04
1.587461556301619434e-02, 3.594000000000000000e+04
1.588588214609853305e-02, 3.425800000000000000e+04
1.589714872918087177e-02, 3.240100000000000000e+04
1.590841531226321048e-02, 3.038200000000000000e+04
1.591968189534555267e-02, 2.820400000000000000e+04
1.593094847842789138e-02, 2.586100000000000000e+04
1.594221506151023010e-02, 2.335700000000000000e+04
1.595348164459256882e-02, 2.072200000000000000e+04
1.596474822767490753e-02, 1.797700000000000000e+04
1.597601481075724625e-02, 1.514400000000000000e+04
1.598728139383958843e-02, 1.224700000000000000e+04
1.599854797692192715e-02, 9.306000000000000000e+03
1.600981456000426587e-02, 6.327000000000000000e+03
1.602108114308660458e-02, 3.315000000000000000e+03
1.603234772616894330e-02, 2.800000000000000000e+02
1.604361430925128548e-02, 6.277100000000000000e+04
1.605488089233362420e-02, 5.974600000000000000e+04
1.606614747541596291e-02, 5.675500000000000000e+04
1.607741405849830163e-02, 5.381900000000000000e+04
1.608868064158064035e-02, 5.094000000000000000e+04
1.609994722466298253e-02, 4.813600000000000000e+04
1.611121380774532125e-02, 4.541300000000000000e+04
1.612248039082765996e-02, 4.279500000000000000e+04
1.613374697390999868e-02, 4.028800000000000000e+04
1.614501355699233739e-02, 3.791500000000000000e+04
1.615628014007467958e-02, 3.568000000000000000e+04
1.616754672315701830e-02, 3.359800000000000000e+04
1.617881330623935701e-02, 3.167100000000000000e+04
1.619007988932169573e-02, 2.992600000000000000e+04
1.620134647240403444e-02, 2.839200000000000000e+04
1.621261305548637663e-02, 2.707500000000000000e+04
1.622387963856871534e-02, 2.597300000000000000e+04
1.623514622165105406e-02, 2.509400000000000000e+04
1.624641280473339278e-02, 2.444100000000000000e+04
1.625767938781573149e-02, 2.401200000000000000e+04
1.626894597089807021e-02, 2.379700000000000000e+04
1.628021255398041239e-02, 2.379200000000000000e+04
1.629147913706275111e-02, 2.400000000000000000e+04
1.630274572014508982e-02, 2.443300000000000000e+04
1.631401230322742854e-02, 2.510100000000000000e+04
1.632527888630976726e-02, 2.599900000000000000e+04
1.633654546939210944e-02, 2.712200000000000000e+04
1.634781205247444816e-02, 2.845800000000000000e+04
1.635907863555678687e-02, 2.999100000000000000e+04
1.637034521863912559e-02, 3.170700000000000000e+04
1.638161180172146431e-02, 3.358500000000000000e+04
1.639287838480380649e-02, 3.561400000000000000e+04
1.640414496788614521e-02, 3.778300000000000000e+04
1.641541155096848392e-02, 4.009500000000000000e+04
1.642667813405082264e-02, 4.255200000000000000e+04
1.643794471713316135e-02, 4.514300000000000000e+04
1.644921130021550354e-02, 4.784300000000000000e+04
1.646047788329784226e-02, 5.062900000000000000e+04
1.647174446638018097e-02, 5.348700000000000000e+04
1.648301104946251969e-02, 5.640800000000000000e+04
1.649427763254485840e-02, 5.938600000000000000e+04
1.650554421562720059e-02, 6.242300000000000000e+04
1.651681079870953930e-02, 6.550200000000000000e+04
1.652807738179187802e-02, 3.054000000000000000e+03
1.653934396487421674e-02, 6.115000000000000000e+03
1.655061054795655545e-02, 9.125000000000000000e+03
1.656187713103889417e-02, 1.206200000000000000e+04
1.657314371412123635e-02, 1.494200000000000000e+04
1.658441029720357507e-02, 1.776100000000000000e+04
1.659567688028591378e-02, 2.050600000000000000e+04
1.660694346336825250e-02, 2.315700000000000000e+04
1.661821004645059122e-02, 2.568900000000000000e+04
1.662947662953293340e-02, 2.807200000000000000e+04
1.664074321261527212e-02, 3.029400000000000000e+04
1.665200979569761083e-02, 3.233700000000000000e+04
1.666327637877994955e-02, 3.419800000000000000e+04
1.667454296186228827e-02, 3.587100000000000000e+04
1.668580954494463045e-02, 3.734800000000000000e+04
1.669707612802696917e-02, 3.861900000000000000e+04
1.670834271110930788e-02, 3.968000000000000000e+04
1.671960929419164660e-02, 4.053600000000000000e+04
1.673087587727398531e-02, 4.119100000000000000e+04
1.674214246035632750e-02, 4.163600000000000000e+04
1.675340904343866621e-02, 4.186600000000000000e+04
1.676467562652100493e-02, 4.187600000000000000e+04
1.677594220960334365e-02, 4.165000000000000000e+04
1.678720879268568236e-02, 4.119300000000000000e+04
1.679847537576802455e-02, 4.050300000000000000e+04
1.680974195885036326e-02, 3.959900000000000000e+04
1.682100854193270198e-02, 3.848900000000000000e+04
1.683227512501504070e-02, 3.717300000000000000e+04
1.684354170809737941e-02, 3.564600000000000000e+04
1.685480829117972160e-02, 3.391900000000000000e+04
1.686607487426206031e-02, 3.202200000000000000e+04
1.687734145734439903e-02, 2.996700000000000000e+04
1.688860804042673774e-02, 2.775300000000000000e+04
1.689987462350907646e-02, 2.537400000000000000e+04
1.691114120659141518e-02, 2.283500000000000000e+04
1.692240778967375736e-02, 2.016500000000000000e+04
1.693367437275609608e-02, 1.738400000000000000e+04
1.694494095583843479e-02, 1.451600000000000000e+04
1.695620753892077351e-02, 1.157800000000000000e+04
1.696747412200311222e-02, 8.583000000000000000e+03
1.697874070508545441e-02, 5.542000000000000000e+03
1.699000728816779313e-02, 2.470000000000000000e+03
1.700127387125013184e-02, 6.491200000000000000e+04
1.701254045433247056e-02, 6.182100000000000000e+04
1.702380703741480927e-02, 5.876500000000000000e+04
1.703507362049715146e-02, 5.575700000000000000e+04
1.704634020357949017e-02, 5.281700000000000000e+04
1.705760678666182889e-02, 4.994400000000000000e+04
1.706887336974416761e-02, 4.716000000000000000e+04
1.708013995282650632e-02, 4.446700000000000000e+04
1.709140653590884851e-02, 4.188800000000000000e+04
1.710267311899118722e-02, 3.942600000000000000e+04
1.711393970207352594e-02, 3.710000000000000000e+04
1.712520628515586466e-02, 3.491300000000000000e+04
1.713647286823820337e-02, 3.288100000000000000e+04
1.714773945132054556e-02, 3.100800000000000000e+04
1.715900603440288427e-02, 2.932700000000000000e+04
1.717027261748522299e-02, 2.786100000000000000e+04
1.718153920056756170e-02, 2.661300000000000000e+04
1.719280578364990042e-02, 2.558200000000000000e+04
1.720407236673223914e-02, 2.477200000000000000e+04
1.721533894981458132e-02, 2.418900000000000000e+04
1.722660553289692004e-02, 2.382500000000000000e+04
1.723787211597925875e-02, 2.367100000000000000e+04
1.724913869906159747e-02, 2.372400000000000000e+04
1.726040528214393618e-02, 2.399000000000000000e+04
1.727167186522627837e-02, 2.448000000000000000e+04
1.728293844830861709e-02, 2.519300000000000000e+04
1.729420503139095580e-02, 2.612500000000000000e+04
1.730547161447329452e-02, 2.727100000000000000e+04
1.731673819755563323e-02, 2.862500000000000000e+04
1.732800478063797542e-02, 3.017900000000000000e+04
1.733927136372031413e-02, 3.192400000000000000e+04
1.735053794680265285e-02, 3.383800000000000000e+04
1.736180452988499157e-02, 3.590800000000000000e+04
1.737307111296733028e-02, 3.812300000000000000e+04
1.738433769604967247e-02, 4.048400000000000000e+04
1.739560427913201118e-02, 4.299000000000000000e+04
1.740687086221434990e-02, 4.562400000000000000e+04
1.741813744529668861e-02, 4.836000000000000000e+04
1.742940402837902733e-02, 5.117600000000000000e+04
1.744067061146136952e-02, 5.405900000000000000e+04
1.745193719454370823e-02, 5.700200000000000000e+04
1.746320377762604695e-02, 6.000300000000000000e+04
1.747447036070838566e-02, 6.306200000000000000e+04
1.748573694379072438e-02, 6.230000000000000000e+02
1.749700352687306656e-02, 3.724000000000000000e+03
1.750827010995540528e-02, 6.787000000000000000e+03
1.751953669303774400e-02, 9.790000000000000000e+03
1.753080327612008271e-02, 1.271300000000000000e+04
1.754206985920242143e-02, 1.557600000000000000e+04
1.755333644228476014e-02, 1.837000000000000000e+04
1.756460302536710233e-02, 2.108700000000000000e+04
1.757586960844944104e-02, 2.370100000000000000e+04
1.758713619153177976e-02, 2.619300000000000000e+04
1.759840277461411848e-02, 2.853300000000000000e+04
1.760966935769645719e-02, 3.071000000000000000e+04
1.762093594077879938e-02, 3.270900000000000000e+04
1.763220252386113809e-02, 3.452500000000000000e+04
1.764346910694347681e-02, 3.615800000000000000e+04
1.765473569002581553e-02, 3.759900000000000000e+04
1.766600227310815424e-02, 3.883700000000000000e+04
1.767726885619049643e-02, 3.987000000000000000e+04
1.768853543927283514e-02, 4.070000000000000000e+04
1.769980202235517386e-02, 4.132700000000000000e+04
1.771106860543751257e-02, 4.173700000000000000e+04
1.772233518851985129e-02, 4.192500000000000000e+04
1.773360177160219348e-02, 4.188700000000000000e+04
1.774486835468453219e-02, 4.160800000000000000e+04
1.775613493776687091e-02, 4.109900000000000000e+04
1.776740152084920962e-02, 4.035700000000000000e+04
1.777866810393154834e-02, 3.940300000000000000e+04
1.778993468701389052e-02, 3.824700000000000000e+04
1.780120127009622924e-02, 3.688300000000000000e+04
1.781246785317856796e-02, 3.531200000000000000e+04
1.782373443626090667e-02, 3.354900000000000000e+04
1.783500101934324539e-02, 3.163300000000000000e+04
1.784626760242558410e-02, 2.957300000000000000e+04
1.785753418550792629e-02, 2.736400000000000000e+04
1.786880076859026500e-02, 2.499800000000000000e+04
1.788006735167260372e-02, 2.248300000000000000e+04
1.789133393475494244e-02, 1.984600000000000000e+04
1.790260051783728115e-02, 1.710300000000000000e+04
1.791386710091962334e-02, 1.427200000000000000e+04
1.792513368400196205e-02, 1.136700000000000000e+04
1.793640026708430077e-02, 8.398000000000000000e+03
1.794766685016663949e-02, 5.375000000000000000e+03
1.795893343324897820e-02, 2.312000000000000000e+03
1.797020001633132039e-02, 6.475800000000000000e+04
1.798146659941365910e-02, 6.166700000000000000e+04
1.799273318249599782e-02, 5.860800000000000000e+04
1.800399976557833653e-02, 5.559400000000000000e+04
1.801526634866067525e-02, 5.264500000000000000e+04
1.802653293174301743e-02, 4.976100000000000000e+04
1.803779951482535615e-02, 4.696200000000000000e+04
1.804906609790769487e-02, 4.425400000000000000e+04
1.806033268099003358e-02, 4.166200000000000000e+04
1.807159926407237230e-02, 3.919100000000000000e+04
1.808286584715471448e-02, 3.686500000000000000e+04
1.809413243023705320e-02, 3.468200000000000000e+04
1.810539901331939192e-02, 3.266000000000000000e+04
1.811666559640173063e-02, 3.080500000000000000e+04
1.812793217948406935e-02, 2.915100000000000000e+04
1.813919876256640806e-02, 2.771500000000000000e+04
1.815046534564875025e-02, 2.649800000000000000e+04
1.816173192873108896e-02, 2.549900000000000000e+04
1.817299851181342768e-02, 2.472500000000000000e+04
1.818426509489576640e-02, 2.417600000000000000e+04
1.819553167797810511e-02, 2.384500000000000000e+04
1.820679826106044730e-02, 2.371700000000000000e+04
1.821806484414278601e-02, 2.379100000000000000e+04
1.822933142722512473e-02, 2.407400000000000000e+04
1.824059801030746344e-02, 2.457900000000000000e+04
1.825186459338980216e-02, 2.531500000000000000e+04
1.826313117647214435e-02, 2.627800000000000000e+04
1.827439775955448306e-02, 2.746200000000000000e+04
1.828566434263682178e-02, 2.885800000000000000e+04
1.829693092571916049e-02, 3.045800000000000000e+04
1.830819750880149921e-02, 3.224900000000000000e+04
1.831946409188384139e-02, 3.420500000000000000e+04
1.833073067496618011e-02, 3.631500000000000000e+04
1.834199725804851883e-02, 3.856800000000000000e+04
1.835326384113085754e-02, 4.096600000000000000e+04
1.836453042421319626e-02, 4.350400000000000000e+04
1.837579700729553844e-02, 4.616500000000000000e+04
1.838706359037787716e-02, 4.892500000000000000e+04
1.839833017346021588e-02, 5.176500000000000000e+04
1.840959675654255459e-02, 5.467300000000000000e+04
1.842086333962489331e-02, 5.764000000000000000e+04
1.843212992270723549e-02, 6.065900000000000000e+04
1.844339650578957421e-02, 6.372800000000000000e+04
1.845466308887191292e-02, 1.288000000000000000e+03
1.846592967195425164e-02, 4.376000000000000000e+03
1.847719625503659036e-02, 7.420000000000000000e+03
1.848846283811892907e-02, 1.039600000000000000e+04
1.849972942120127126e-02, 1.329300000000000000e+04
1.851099600428360997e-02, 1.613500000000000000e+04
1.852226258736594869e-02, 1.890400000000000000e+04
1.853352917044828740e-02, 2.159600000000000000e+04
1.854479575353062612e-02, 2.418100000000000000e+04
1.855606233661296831e-02, 2.664000000000000000e+04
1.856732891969530702e-02, 2.894800000000000000e+04
1.857859550277764574e-02, 3.109200000000000000e+04
1.858986208585998445e-02, 3.306200000000000000e+04
1.860112866894232317e-02, 3.485100000000000000e+04
1.861239525202466535e-02, 3.645500000000000000e+04
1.862366183510700407e-02, 3.786300000000000000e+04
1.863492841818934279e-02, 3.906500000000000000e+04
1.864619500127168150e-02, 4.005700000000000000e+04
1.865746158435402022e-02, 4.084600000000000000e+04
1.866872816743636240e-02, 4.142900000000000000e+04
1.867999475051870112e-02, 4.179200000000000000e+04
1.869126133360103983e-02, 4.193300000000000000e+04
1.870252791668337855e-02, 4.184700000000000000e+04
1.871379449976571727e-02, 4.152000000000000000e+04
1.872506108284805945e-02, 4.096300000000000000e+04
1.873632766593039817e-02, 4.017800000000000000e+04
1.874759424901273688e-02, 3.918400000000000000e+04
1.875886083209507560e-02, 3.799400000000000000e+04
1.877012741517741432e-02, 3.660400000000000000e+04
1.878139399825975303e-02, 3.502000000000000000e+04
1.879266058134209522e-02, 3.325400000000000000e+04
1.880392716442443393e-02, 3.133000000000000000e+04
1.881519374750677265e-02, 2.925200000000000000e+04
1.882646033058911136e-02, 2.701400000000000000e+04
1.883772691367145008e-02, 2.461000000000000000e+04
1.884899349675379226e-02, 2.205700000000000000e+04
1.886026007983613098e-02, 1.938100000000000000e+04
1.887152666291846970e-02, 1.660300000000000000e+04
1.888279324600080841e-02, 1.374100000000000000e+04
1.889405982908314713e-02, 1.081000000000000000e+04
1.890532641216548931e-02, 7.817000000000000000e+03
1.891659299524782803e-02, 4.774000000000000000e+03
1.892785957833016675e-02, 1.698000000000000000e+03
1.893912616141250546e-02, 6.413600000000000000e+04
1.895039274449484418e-02, 6.104200000000000000e+04
1.896165932757718636e-02, 5.798400000000000000e+04
1.897292591065952508e-02, 5.497200000000000000e+04
1.898419249374186379e-02, 5.202800000000000000e+04
1.899545907682420251e-02, 4.915400000000000000e+04
1.900672565990654123e-02, 4.637200000000000000e+04
1.901799224298888341e-02, 4.368800000000000000e+04
1.902925882607122213e-02, 4.112500000000000000e+04
1.904052540915356084e-02, 3.868900000000000000e+04
1.905179199223589956e-02, 3.639800000000000000e+04
1.906305857531823827e-02, 3.425300000000000000e+04
1.907432515840058046e-02, 3.227000000000000000e+04
1.908559174148291918e-02, 3.045800000000000000e+04
1.909685832456525789e-02, 2.885200000000000000e+04
1.910812490764759661e-02, 2.746200000000000000e+04
1.911939149072993532e-02, 2.629100000000000000e+04
1.913065807381227404e-02, 2.533600000000000000e+04
1.914192465689461622e-02, 2.460000000000000000e+04
1.915319123997695494e-02, 2.408400000000000000e+04
1.916445782305929366e-02, 2.378000000000000000e+04
1.917572440614163237e-02, 2.368000000000000000e+04
1.918699098922397109e-02, 2.378700000000000000e+04
1.919825757230631327e-02, 2.411100000000000000e+04
1.920952415538865199e-02, 2.466300000000000000e+04
1.922079073847099071e-02, 2.544900000000000000e+04
1.923205732155332942e-02, 2.646200000000000000e+04
1.924332390463566814e-02, 2.769500000000000000e+04
1.925459048771801032e-02, 2.913900000000000000e+04
1.926585707080034904e-02, 3.078300000000000000e+04
1.927712365388268775e-02, 3.261200000000000000e+04
1.928839023696502647e-02, 3.460500000000000000e+04
1.929965682004736519e-02, 3.674500000000000000e+04
1.931092340312970737e-02, 3.902800000000000000e+04
1.932218998621204609e-02, 4.146000000000000000e+04
1.933345656929438480e-02, 4.403700000000000000e+04
1.934472315237672352e-02, 4.673600000000000000e+04
1.935598973545906223e-02, 4.952800000000000000e+04
1.936725631854140442e-02, 5.239200000000000000e+04
1.937852290162374314e-02, 5.531200000000000000e+04
1.938978948470608185e-02, 5.828400000000000000e+04
1.940105606778842057e-02, 6.130500000000000000e+04
1.941232265087075928e-02, 6.436900000000000000e+04
1.942358923395309800e-02, 1.916000000000000000e+03
1.943485581703544018e-02, 4.984000000000000000e+03
1.944612240011777890e-02, 8.005000000000000000e+03
1.945738898320011762e-02, 1.095300000000000000e+04
1.946865556628245633e-02, 1.383000000000000000e+04
1.947992214936479505e-02, 1.665100000000000000e+04
1.949118873244713723e-02, 1.940000000000000000e+04
1.950245531552947595e-02, 2.207300000000000000e+04
1.951372189861181466e-02, 2.463900000000000000e+04
1.952498848169415338e-02, 2.707800000000000000e+04
1.953625506477649210e-02, 2.936400000000000000e+04
1.954752164785883428e-02, 3.147900000000000000e+04
1.955878823094117300e-02, 3.341900000000000000e+04
1.957005481402351171e-02, 3.517400000000000000e+04
1.958132139710585043e-02, 3.674000000000000000e+04
1.959258798018818915e-02, 3.810600000000000000e+04
1.960385456327053133e-02, 3.926400000000000000e+04
1.961512114635287005e-02, 4.021300000000000000e+04
1.962638772943520876e-02, 4.096000000000000000e+04
1.963765431251754748e-02, 4.149900000000000000e+04
1.964892089559988619e-02, 4.181800000000000000e+04
1.966018747868222838e-02, 4.191600000000000000e+04
1.967145406176456710e-02, 4.178300000000000000e+04
1.968272064484690581e-02, 4.141100000000000000e+04
1.969398722792924453e-02, 4.080300000000000000e+04
1.970525381101158324e-02, 3.995600000000000000e+04
1.971652039409392196e-02, 3.889300000000000000e+04
1.972778697717626414e-02, 3.762500000000000000e+04
1.973905356025860286e-02, 3.614600000000000000e+04
1.975032014334094158e-02, 3.446900000000000000e+04
1.976158672642328029e-02, 3.261600000000000000e+04
1.977285330950561901e-02, 3.061000000000000000e+04
1.978411989258796119e-02, 2.845800000000000000e+04
1.979538647567029991e-02, 2.615500000000000000e+04
1.980665305875263862e-02, 2.369700000000000000e+04
1.981791964183497734e-02, 2.110800000000000000e+04
1.982918622491731606e-02, 1.840900000000000000e+04
1.984045280799965824e-02, 1.562200000000000000e+04
1.985171939108199696e-02, 1.276000000000000000e+04
1.986298597416433567e-02, 9.836000000000000000e+03
1.987425255724667439e-02, 6.854000000000000000e+03
1.988551914032901310e-02, 3.822000000000000000e+03
1.989678572341135529e-02, 7.580000000000000000e+02
1.990805230649369401e-02, 6.321300000000000000e+04
1.991931888957603272e-02, 6.014300000000000000e+04
1.993058547265837144e-02, 5.711500000000000000e+04
1.994185205574071015e-02, 5.414400000000000000e+04
1.995311863882305234e-02, 5.124000000000000000e+04
1.996438522190539105e-02, 4.841400000000000000e+04
1.997565180498772977e-02, 4.567800000000000000e+04
1.998691838807006849e-02, 4.304500000000000000e+04
1.999818497115240720e-02, 4.053000000000000000e+04
2.000945155423474939e-02, 3.814400000000000000e+04
2.002071813731708810e-02, 3.590000000000000000e+04
2.003198472039942682e-02, 3.380400000000000000e+04
2.004325130348176554e-02, 3.186600000000000000e+04
2.005451788656410425e-02, 3.010100000000000000e+04
2.006578446964644297e-02, 2.854100000000000000e+04
2.007705105272878515e-02, 2.719300000000000000e+04
2.008831763581112387e-02, 2.605700000000000000e+04
2.009958421889346258e-02, 2.513700000000000000e+04
2.011085080197580130e-02, 2.443800000000000000e+04
2.012211738505814002e-02, 2.396300000000000000e+04
2.013338396814048220e-02, 2.370100000000000000e+04
2.014465055122282092e-02, 2.364700000000000000e+04
2.015591713430515963e-02, 2.380200000000000000e+04
2.016718371738749835e-02, 2.417700000000000000e+04
2.017845030046983706e-02, 2.478300000000000000e+04
2.018971688355217925e-02, 2.561900000000000000e+04
2.020098346663451797e-02, 2.668200000000000000e+04
2.021225004971685668e-02, 2.796100000000000000e+04
2.022351663279919540e-02, 2.944900000000000000e+04
2.023478321588153411e-02, 3.113500000000000000e+04
2.024604979896387630e-02, 3.301000000000000000e+04
2.025731638204621501e-02, 3.505400000000000000e+04
2.026858296512855373e-02, 3.724800000000000000e+04
2.027984954821089245e-02, 3.958400000000000000e+04
2.029111613129323116e-02, 4.206100000000000000e+04
2.030238271437557335e-02, 4.466800000000000000e+04
2.031364929745791206e-02, 4.738100000000000000e+04
2.032491588054025078e-02, 5.017400000000000000e+04
2.033618246362258949e-02, 5.303000000000000000e+04
2.034744904670492821e-02, 5.593800000000000000e+04
2.035871562978726693e-02, 5.889600000000000000e+04
2.036998221286960911e-02, 6.190500000000000000e+04
2.038124879595194783e-02, 6.495600000000000000e+04
2.039251537903428654e-02, 2.487000000000000000e+03
2.040378196211662526e-02, 5.535000000000000000e+03
2.041504854519896398e-02, 8.536000000000000000e+03
2.042631512828130616e-02, 1.146700000000000000e+04
2.043758171136364488e-02, 1.433300000000000000e+04
2.044884829444598359e-02, 1.714600000000000000e+04
2.046011487752832231e-02, 1.988800000000000000e+04
2.047138146061066102e-02, 2.254600000000000000e+04
2.048264804369300321e-02, 2.509400000000000000e+04
2.049391462677534193e-02, 2.750400000000000000e+04
2.050518120985768064e-02, 2.975900000000000000e+04
2.051644779294001936e-02, 3.183900000000000000e+04
2.052771437602235807e-02, 3.374300000000000000e+04
2.053898095910470026e-02, 3.546000000000000000e+04
2.055024754218703897e-02, 3.698600000000000000e+04
2.056151412526937769e-02, 3.831100000000000000e+04
2.057278070835171641e-02, 3.942900000000000000e+04
2.058404729143405512e-02, 4.034000000000000000e+04
2.059531387451639731e-02, 4.105000000000000000e+04
2.060658045759873602e-02, 4.155600000000000000e+04
2.061784704068107474e-02, 4.184800000000000000e+04
2.062911362376341345e-02, 4.192300000000000000e+04
2.064038020684575217e-02, 4.176800000000000000e+04
2.065164678992809436e-02, 4.137800000000000000e+04
2.066291337301043307e-02, 4.075800000000000000e+04
2.067417995609277179e-02, 3.991700000000000000e+04
2.068544653917511050e-02, 3.886800000000000000e+04
2.069671312225744922e-02, 3.761600000000000000e+04
2.070797970533978793e-02, 3.615200000000000000e+04
2.071924628842213012e-02, 3.448400000000000000e+04
2.073051287150446884e-02, 3.263800000000000000e+04
2.074177945458680755e-02, 3.063000000000000000e+04
2.075304603766914627e-02, 2.846500000000000000e+04
2.076431262075148498e-02, 2.613800000000000000e+04
2.077557920383382717e-02, 2.364900000000000000e+04
2.078684578691616588e-02, 2.103300000000000000e+04
2.079811236999850460e-02, 1.832000000000000000e+04
2.080937895308084332e-02, 1.553100000000000000e+04
2.082064553616318203e-02, 1.267700000000000000e+04
2.083191211924552422e-02, 9.767000000000000000e+03
2.084317870232786293e-02, 6.803000000000000000e+03
2.085444528541020165e-02, 3.793000000000000000e+03
2.086571186849254037e-02, 7.480000000000000000e+02
2.087697845157487908e-02, 6.322100000000000000e+04
2.088824503465722127e-02, 6.017000000000000000e+04
2.089951161773955998e-02, 5.715200000000000000e+04
2.091077820082189870e-02, 5.418700000000000000e+04
2.092204478390423741e-02, 5.128200000000000000e+04
2.093331136698657613e-02, 4.845100000000000000e+04
2.094457795006891832e-02, 4.570500000000000000e+04
2.095584453315125703e-02, 4.306300000000000000e+04
2.096711111623359575e-02, 4.053500000000000000e+04
2.097837769931593446e-02, 3.813600000000000000e+04
2.098964428239827318e-02, 3.587500000000000000e+04
2.100091086548061189e-02, 3.376400000000000000e+04
2.101217744856295408e-02, 3.181200000000000000e+04
2.102344403164529280e-02, 3.004100000000000000e+04
2.103471061472763151e-02, 2.848400000000000000e+04
2.104597719780997023e-02, 2.714500000000000000e+04
2.105724378089230894e-02, 2.602500000000000000e+04
2.106851036397465113e-02, 2.512700000000000000e+04
2.107977694705698984e-02, 2.445600000000000000e+04
2.109104353013932856e-02, 2.401100000000000000e+04
2.110231011322166728e-02, 2.377800000000000000e+04
2.111357669630400599e-02, 2.375500000000000000e+04
2.112484327938634818e-02, 2.394300000000000000e+04
2.113610986246868689e-02, 2.435400000000000000e+04
2.114737644555102561e-02, 2.499800000000000000e+04
2.115864302863336432e-02, 2.587500000000000000e+04
2.116990961171570304e-02, 2.698700000000000000e+04
2.118117619479804523e-02, 2.832500000000000000e+04
2.119244277788038394e-02, 2.987700000000000000e+04
2.120370936096272266e-02, 3.162600000000000000e+04
2.121497594404506137e-02, 3.354700000000000000e+04
2.122624252712740009e-02, 3.562200000000000000e+04
2.123750911020974227e-02, 3.783100000000000000e+04
2.124877569329208099e-02, 4.017400000000000000e+04
2.126004227637441971e-02, 4.265200000000000000e+04
2.127130885945675842e-02, 4.525400000000000000e+04
2.128257544253909714e-02, 4.795700000000000000e+04
2.129384202562143585e-02, 5.073800000000000000e+04
2.130510860870377804e-02, 5.358200000000000000e+04
2.131637519178611676e-02, 5.648200000000000000e+04
2.132764177486845547e-02, 5.943300000000000000e+04
2.133890835795079419e-02, 6.243800000000000000e+04
2.135017494103313290e-02, 6.547100000000000000e+04
2.136144152411547509e-02, 2.963000000000000000e+03
2.137270810719781380e-02, 5.953000000000000000e+03
2.138397469028015252e-02, 8.886000000000000000e+03
2.139524127336249124e-02, 1.174100000000000000e+04
2.140650785644482995e-02, 1.453900000000000000e+04
2.141777443952717214e-02, 1.728600000000000000e+04
2.142904102260951085e-02, 1.997000000000000000e+04
2.144030760569184957e-02, 2.257600000000000000e+04
2.145157418877418828e-02, 2.508000000000000000e+04
2.146284077185652700e-02, 2.745200000000000000e+04
2.147410735493886919e-02, 2.967700000000000000e+04
2.148537393802120790e-02, 3.173400000000000000e+04
2.149664052110354662e-02, 3.361900000000000000e+04
2.150790710418588533e-02, 3.532500000000000000e+04
2.151917368726822405e-02, 3.684100000000000000e+04
2.153044027035056623e-02, 3.816000000000000000e+04
2.154170685343290495e-02, 3.927800000000000000e+04
2.155297343651524367e-02, 4.019300000000000000e+04
2.156424001959758238e-02, 4.090900000000000000e+04
2.157550660267992110e-02, 4.141200000000000000e+04
2.158677318576226328e-02, 4.169500000000000000e+04
2.159803976884460200e-02, 4.175300000000000000e+04
2.160930635192694071e-02, 4.157100000000000000e+04
2.162057293500927943e-02, 4.115400000000000000e+04
2.163183951809161815e-02, 4.050200000000000000e+04
2.164310610117395686e-02, 3.963000000000000000e+04
2.165437268425629905e-02, 3.855100000000000000e+04
2.166563926733863776e-02, 3.726700000000000000e+04
2.167690585042097648e-02, 3.577000000000000000e+04
2.168817243350331520e-02, 3.407200000000000000e+04
2.169943901658565391e-02, 3.219900000000000000e+04
2.171070559966799610e-02, 3.016000000000000000e+04
2.172197218275033481e-02, 2.795500000000000000e+04
2.173323876583267353e-02, 2.558200000000000000e+04
2.174450534891501224e-02, 2.304600000000000000e+04
2.175577193199735096e-02, 2.038400000000000000e+04
2.176703851507969315e-02, 1.761600000000000000e+04
2.177830509816203186e-02, 1.476600000000000000e+04
2.178957168124437058e-02, 1.184900000000000000e+04
2.180083826432670929e-02, 8.878000000000000000e+03
2.181210484740904801e-02, 5.861000000000000000e+03
2.182337143049139019e-02, 2.809000000000000000e+03
2.183463801357372891e-02, 6.527000000000000000e+04
2.184590459665606763e-02, 6.219200000000000000e+04
2.185717117973840634e-02, 5.914300000000000000e+04
2.186843776282074506e-02, 5.613800000000000000e+04
2.187970434590308724e-02, 5.319700000000000000e+04
2.189097092898542596e-02, 5.032000000000000000e+04
2.190223751206776467e-02, 4.752300000000000000e+04
2.191350409515010339e-02, 4.481400000000000000e+04
2.192477067823244211e-02, 4.221300000000000000e+04
2.193603726131478082e-02, 3.972900000000000000e+04
2.194730384439712301e-02, 3.738200000000000000e+04
2.195857042747946172e-02, 3.517500000000000000e+04
2.196983701056180044e-02, 3.312400000000000000e+04
2.198110359364413915e-02, 3.123400000000000000e+04
2.199237017672647787e-02, 2.953000000000000000e+04
2.200363675980882006e-02, 2.804100000000000000e+04
2.201490334289115877e-02, 2.677000000000000000e+04
2.202616992597349749e-02, 2.571500000000000000e+04
2.203743650905583620e-02, 2.488000000000000000e+04
2.204870309213817492e-02, 2.427000000000000000e+04
2.205996967522051710e-02, 2.388100000000000000e+04
2.207123625830285582e-02, 2.369700000000000000e+04
2.208250284138519454e-02, 2.371400000000000000e+04
2.209376942446753325e-02, 2.393400000000000000e+04
2.210503600754987197e-02, 2.437300000000000000e+04
2.211630259063221415e-02, 2.504100000000000000e+04
2.212756917371455287e-02, 2.593600000000000000e+04
2.213883575679689159e-02, 2.705400000000000000e+04
2.215010233987923030e-02, 2.838700000000000000e+04
2.216136892296156902e-02, 2.992700000000000000e+04
2.217263550604391120e-02, 3.166300000000000000e+04
2.218390208912624992e-02, 3.356900000000000000e+04
2.219516867220858863e-02, 3.563500000000000000e+04
2.220643525529092735e-02, 3.784400000000000000e+04
2.221770183837326607e-02, 4.019700000000000000e+04
2.222896842145560825e-02, 4.269300000000000000e+04
2.224023500453794697e-02, 4.531900000000000000e+04
2.225150158762028568e-02, 4.804900000000000000e+04
2.226276817070262440e-02, 5.086100000000000000e+04
2.227403475378496311e-02, 5.374400000000000000e+04
2.228530133686730183e-02, 5.669000000000000000e+04
2.229656791994964402e-02, 5.969100000000000000e+04
2.230783450303198273e-02, 6.274800000000000000e+04
2.231910108611432145e-02, 3.050000000000000000e+02
2.233036766919666016e-02, 3.402000000000000000e+03
2.234163425227899888e-02, 6.465000000000000000e+03
2.235290083536134106e-02, 9.469000000000000000e+03
2.236416741844367978e-02, 1.239200000000000000e+04
2.237543400152601850e-02, 1.525300000000000000e+04
2.238670058460835721e-02, 1.804800000000000000e+04
2.239796716769069593e-02, 2.076800000000000000e+04
2.240923375077303811e-02, 2.339000000000000000e+04
2.242050033385537683e-02, 2.589400000000000000e+04
2.243176691693771554e-02, 2.825000000000000000e+04
2.244303350002005426e-02, 3.044200000000000000e+04
2.245430008310239298e-02, 3.244100000000000000e+04
2.246556666618473516e-02, 3.424200000000000000e+04
2.247683324926707388e-02, 3.584500000000000000e+04
2.248809983234941259e-02, 3.724800000000000000e+04
2.249936641543175131e-02, 3.844700000000000000e+04
2.251063299851409003e-02, 3.944400000000000000e+04
2.252189958159643221e-02, 4.024500000000000000e+04
2.253316616467877093e-02, 4.085500000000000000e+04
2.254443274776110964e-02, 4.126100000000000000e+04
2.255569933084344836e-02, 4.145800000000000000e+04
2.256696591392578707e-02, 4.144100000000000000e+04
2.257823249700812579e-02, 4.119400000000000000e+04
2.258949908009046798e-02, 4.072400000000000000e+04
2.260076566317280669e-02, 4.002700000000000000e+04
2.261203224625514541e-02, 3.912200000000000000e+04
2.262329882933748412e-02, 3.801700000000000000e+04
2.263456541241982284e-02, 3.671400000000000000e+04
2.264583199550216502e-02, 3.521500000000000000e+04
2.265709857858450374e-02, 3.352800000000000000e+04
2.266836516166684246e-02, 3.167900000000000000e+04
2.267963174474918117e-02, 2.967700000000000000e+04
2.269089832783151989e-02, 2.751700000000000000e+04
2.270216491091386207e-02, 2.519000000000000000e+04
2.271343149399620079e-02, 2.270400000000000000e+04
2.272469807707853950e-02, 2.008800000000000000e+04
2.273596466016087822e-02, 1.736000000000000000e+04
2.274723124324321694e-02, 1.454100000000000000e+04
2.275849782632555912e-02, 1.164600000000000000e+04
2.276976440940789784e-02, 8.686000000000000000e+03
2.278103099249023655e-02, 5.670000000000000000e+03
2.279229757557257527e-02, 2.613000000000000000e+03
2.280356415865491398e-02, 6.506400000000000000e+04
2.281483074173725617e-02, 6.197300000000000000e+04
2.282609732481959489e-02, 5.890900000000000000e+04
2.283736390790193360e-02, 5.588500000000000000e+04
2.284863049098427232e-02, 5.292400000000000000e+04
2.285989707406661103e-02, 5.002900000000000000e+04
2.287116365714894975e-02, 4.722100000000000000e+04
2.288243024023129193e-02, 4.450600000000000000e+04
2.289369682331363065e-02, 4.190700000000000000e+04
2.290496340639596937e-02, 3.942900000000000000e+04
2.291622998947830808e-02, 3.709500000000000000e+04
2.292749657256064680e-02, 3.490300000000000000e+04
2.293876315564298898e-02, 3.287100000000000000e+04
2.295002973872532770e-02, 3.100200000000000000e+04
2.296129632180766642e-02, 2.932900000000000000e+04
2.297256290489000513e-02, 2.787200000000000000e+04
2.298382948797234385e-02, 2.663300000000000000e+04
2.299509607105468603e-02, 2.561700000000000000e+04
2.300636265413702475e-02, 2.484000000000000000e+04
2.301762923721936346e-02, 2.430200000000000000e+04
2.302889582030170218e-02, 2.399400000000000000e+04
2.304016240338404090e-02, 2.389700000000000000e+04
2.305142898646638308e-02, 2.400600000000000000e+04
2.306269556954872180e-02, 2.431900000000000000e+04
2.307396215263106051e-02, 2.484900000000000000e+04
2.308522873571339923e-02, 2.560000000000000000e+04
2.309649531879573794e-02, 2.656800000000000000e+04
2.310776190187808013e-02, 2.774600000000000000e+04
2.311902848496041885e-02, 2.912700000000000000e+04
2.313029506804275756e-02, 3.070300000000000000e+04
2.314156165112509628e-02, 3.246400000000000000e+04
2.315282823420743499e-02, 3.438500000000000000e+04
2.316409481728977718e-02, 3.645700000000000000e+04
2.317536140037211589e-02, 3.866900000000000000e+04
2.318662798345445461e-02, 4.103000000000000000e+04
2.319789456653679333e-02, 4.353800000000000000e+04
2.320916114961913204e-02, 4.617600000000000000e+04
2.322042773270147076e-02, 4.891500000000000000e+04
2.323169431578381294e-02, 5.173100000000000000e+04
2.324296089886615166e-02, 5.460800000000000000e+04
2.325422748194849037e-02, 5.753900000000000000e+04
2.326549406503082909e-02, 6.051800000000000000e+04
2.327676064811316781e-02, 6.354800000000000000e+04
2.328802723119550999e-02, 1.072000000000000000e+03
2.329929381427784871e-02, 4.131000000000000000e+03
2.331056039736018742e-02, 7.152000000000000000e+03
2.332182698044252614e-02, 1.011200000000000000e+04
2.333309356352486486e-02, 1.299600000000000000e+04
2.334436014660720704e-02, 1.582600000000000000e+04
2.335562672968954576e-02, 1.858900000000000000e+04
2.336689331277188447e-02, 2.128000000000000000e+04
2.337815989585422319e-02, 2.387500000000000000e+04
2.338942647893656190e-02, 2.635300000000000000e+04
2.340069306201890409e-02, 2.868300000000000000e+04
2.341195964510124281e-02, 3.085100000000000000e+04
2.342322622818358152e-02, 3.284300000000000000e+04
2.343449281126592024e-02, 3.465400000000000000e+04
2.344575939434825895e-02, 3.627800000000000000e+04
2.345702597743060114e-02, 3.770600000000000000e+04
2.346829256051293985e-02, 3.892800000000000000e+04
2.347955914359527857e-02, 3.994100000000000000e+04
2.349082572667761729e-02, 4.075000000000000000e+04
2.350209230975995600e-02, 4.135600000000000000e+04
2.351335889284229472e-02, 4.174300000000000000e+04
2.352462547592463690e-02, 4.191000000000000000e+04
2.353589205900697562e-02, 4.185200000000000000e+04
2.354715864208931433e-02, 4.155800000000000000e+04
2.355842522517165305e-02, 4.104300000000000000e+04
2.356969180825399177e-02, 4.030500000000000000e+04
2.358095839133633395e-02, 3.936200000000000000e+04
2.359222497441867267e-02, 3.822100000000000000e+04
2.360349155750101138e-02, 3.687500000000000000e+04
2.361475814058335010e-02, 3.532100000000000000e+04
2.362602472366568881e-02, 3.357300000000000000e+04
2.363729130674803100e-02, 3.165600000000000000e+04
2.364855788983036972e-02, 2.958200000000000000e+04
2.365982447291270843e-02, 2.734500000000000000e+04
2.367109105599504715e-02, 2.494200000000000000e+04
2.368235763907738586e-02, 2.238700000000000000e+04
2.369362422215972805e-02, 1.971000000000000000e+04
2.370489080524206676e-02, 1.693000000000000000e+04
2.371615738832440548e-02, 1.406700000000000000e+04
2.372742397140674420e-02, 1.113900000000000000e+04
2.373869055448908291e-02, 8.167000000000000000e+03
2.374995713757142510e-02, 5.162000000000000000e+03
2.376122372065376381e-02, 2.137000000000000000e+03
2.377249030373610253e-02, 6.463100000000000000e+04
2.378375688681844125e-02, 6.159300000000000000e+04
2.379502346990077996e-02, 5.858700000000000000e+04
2.380629005298312215e-02, 5.562300000000000000e+04
2.381755663606546086e-02, 5.271800000000000000e+04
2.382882321914779958e-02, 4.987200000000000000e+04
2.384008980223013829e-02, 4.710600000000000000e+04
2.385135638531247701e-02, 4.442600000000000000e+04
2.386262296839481573e-02, 4.185500000000000000e+04
2.387388955147715791e-02, 3.939900000000000000e+04
2.388515613455949663e-02, 3.708200000000000000e+04
2.389642271764183534e-02, 3.490300000000000000e+04
2.390768930072417406e-02, 3.288000000000000000e+04
2.391895588380651277e-02, 3.101700000000000000e+04
2.393022246688885496e-02, 2.934900000000000000e+04
2.394148904997119368e-02, 2.789500000000000000e+04
2.395275563305353239e-02, 2.665700000000000000e+04
2.396402221613587111e-02, 2.563700000000000000e+04
2.397528879921820982e-02, 2.484000000000000000e+04
2.398655538230055201e-02, 2.427100000000000000e+04
2.399782196538289072e-02, 2.392200000000000000e+04
2.400908854846522944e-02, 2.378400000000000000e+04
2.402035513154756816e-02, 2.385700000000000000e+04
2.403162171462990687e-02, 2.414600000000000000e+04
2.404288829771224906e-02, 2.466600000000000000e+04
2.405415488079458777e-02, 2.542000000000000000e+04
2.406542146387692649e-02, 2.640200000000000000e+04
2.407668804695926520e-02, 2.760600000000000000e+04
2.408795463004160392e-02, 2.902100000000000000e+04
2.409922121312394611e-02, 3.063800000000000000e+04
2.411048779620628482e-02, 3.245100000000000000e+04
2.412175437928862354e-02, 3.443700000000000000e+04
2.413302096237096225e-02, 3.658100000000000000e+04
2.414428754545330097e-02, 3.886800000000000000e+04
2.415555412853563969e-02, 4.129700000000000000e+04
2.416682071161798187e-02, 4.386200000000000000e+04
2.417808729470032059e-02, 4.654200000000000000e+04
2.418935387778265930e-02, 4.931000000000000000e+04
2.420062046086499802e-02, 5.214500000000000000e+04
2.421188704394733673e-02, 5.503500000000000000e+04
2.422315362702967892e-02, 5.797700000000000000e+04
2.423442021011201764e-02, 6.096800000000000000e+04
2.424568679319435635e-02, 6.400600000000000000e+04
2.425695337627669507e-02, 1.535000000000000000e+03
2.426821995935903378e-02, 4.592000000000000000e+03
2.427948654244137597e-02, 7.608000000000000000e+03
2.429075312552371468e-02, 1.055000000000000000e+04
2.430201970860605340e-02, 1.339900000000000000e+04
2.431328629168839212e-02, 1.617900000000000000e+04
2.432455287477073083e-02, 1.887900000000000000e+04
2.433581945785307302e-02, 2.150000000000000000e+04
2.434708604093541173e-02, 2.401800000000000000e+04
2.435835262401775045e-02, 2.641800000000000000e+04
2.436961920710008916e-02, 2.867600000000000000e+04
2.438088579018242788e-02, 3.077800000000000000e+04
2.439215237326477007e-02, 3.271600000000000000e+04
2.440341895634710878e-02, 3.448200000000000000e+04
2.441468553942944750e-02, 3.607000000000000000e+04
2.442595212251178621e-02, 3.746900000000000000e+04
2.443721870559412493e-02, 3.866800000000000000e+04
2.444848528867646364e-02, 3.966500000000000000e+04
2.445975187175880583e-02, 4.046200000000000000e+04
2.447101845484114455e-02, 4.105800000000000000e+04
2.448228503792348326e-02, 4.144100000000000000e+04
2.449355162100582198e-02, 4.160900000000000000e+04
2.450481820408816069e-02, 4.155500000000000000e+04
2.451608478717050288e-02, 4.126400000000000000e+04
2.452735137025284159e-02, 4.074600000000000000e+04
2.453861795333518031e-02, 3.999800000000000000e+04
2.454988453641751903e-02, 3.903800000000000000e+04
2.456115111949985774e-02, 3.787500000000000000e+04
2.457241770258219993e-02, 3.649800000000000000e+04
2.458368428566453864e-02, 3.491300000000000000e+04
2.459495086874687736e-02, 3.313700000000000000e+04
2.460621745182921608e-02, 3.119300000000000000e+04
2.461748403491155479e-02, 2.909200000000000000e+04
2.462875061799389698e-02, 2.682700000000000000e+04
2.464001720107623569e-02, 2.439700000000000000e+04
2.465128378415857441e-02, 2.182100000000000000e+04
2.466255036724091312e-02, 1.912400000000000000e+04
2.467381695032325184e-02, 1.632200000000000000e+04
2.468508353340559403e-02, 1.343500000000000000e+04
2.469635011648793274e-02, 1.048000000000000000e+04
2.470761669957027146e-02, 7.468000000000000000e+03
2.471888328265261017e-02, 4.410000000000000000e+03
2.473014986573494889e-02, 1.325000000000000000e+03
2.474141644881729107e-02, 6.376100000000000000e+04
2.475268303189962979e-02, 6.067400000000000000e+04
2.476394961498196851e-02, 5.763000000000000000e+04
2.477521619806430722e-02, 5.464100000000000000e+04
