0.000000000000000000e+00, 1.267900000000000000e+04
1.795496897164128804e-05, 6.054400000000000000e+04
3.590993794328257608e-05, 4.443600000000000000e+04
5.386490691492386073e-05, 3.381100000000000000e+04
7.181987588656515216e-05, 5.248000000000000000e+03
8.977484485820643682e-05, 5.363600000000000000e+04
1.077298138298477215e-04, 4.418200000000000000e+04
1.256847828014890061e-04, 3.993700000000000000e+04
1.436397517731303043e-04, 4.512500000000000000e+04
1.615947207447715754e-04, 4.289600000000000000e+04
1.795496897164128736e-04, 5.192700000000000000e+04
1.975046586880541718e-04, 4.870000000000000000e+04
2.154596276596954429e-04, 5.114800000000000000e+04
2.334145966313367411e-04, 4.740900000000000000e+04
2.513695656029780122e-04, 5.032700000000000000e+04
2.693245345746193104e-04, 4.509600000000000000e+04
2.872795035462606087e-04, 5.069600000000000000e+04
3.052344725179019069e-04, 4.550400000000000000e+04
3.231894414895431509e-04, 4.694500000000000000e+04
3.411444104611844491e-04, 4.700900000000000000e+04
3.590993794328257473e-04, 4.279200000000000000e+04
3.770543484044670455e-04, 3.997200000000000000e+04
3.950093173761083437e-04, 4.011600000000000000e+04
4.129642863477495877e-04, 4.233400000000000000e+04
4.309192553193908859e-04, 3.966900000000000000e+04
4.488742242910321841e-04, 3.179500000000000000e+04
4.668291932626734823e-04, 3.075300000000000000e+04
4.847841622343147805e-04, 2.522300000000000000e+04
5.027391312059560245e-04, 1.946600000000000000e+04
5.206941001775973769e-04, 2.210600000000000000e+04
5.386490691492386209e-04, 1.533700000000000000e+04
5.566040381208798649e-04, 1.956100000000000000e+04
5.745590070925212173e-04, 1.324800000000000000e+04
5.925139760641624613e-04, 8.534000000000000000e+03
6.104689450358038137e-04, 3.450000000000000000e+03
6.284239140074450577e-04, 6.375700000000000000e+04
6.463788829790863017e-04, 2.250000000000000000e+03
6.643338519507276541e-04, 6.168300000000000000e+04
6.822888209223688981e-04, 5.579900000000000000e+04
7.002437898940102505e-04, 4.841700000000000000e+04
7.181987588656514945e-04, 4.651300000000000000e+04
7.361537278372927385e-04, 4.807100000000000000e+04
7.541086968089340909e-04, 4.213500000000000000e+04
7.720636657805753349e-04, 3.851000000000000000e+04
7.900186347522166874e-04, 3.797600000000000000e+04
8.079736037238579313e-04, 3.530200000000000000e+04
8.259285726954991753e-04, 3.234200000000000000e+04
8.438835416671405278e-04, 2.965900000000000000e+04
8.618385106387817718e-04, 2.280700000000000000e+04
8.797934796104231242e-04, 2.478000000000000000e+04
8.977484485820643682e-04, 2.677200000000000000e+04
9.157034175537056122e-04, 1.870400000000000000e+04
9.336583865253469646e-04, 2.222300000000000000e+04
9.516133554969882086e-04, 1.429700000000000000e+04
9.695683244686295610e-04, 1.966200000000000000e+04
9.875232934402709134e-04, 1.303200000000000000e+04
1.005478262411912049e-03, 1.908600000000000000e+04
1.023433231383553401e-03, 1.278200000000000000e+04
1.041388200355194754e-03, 1.898100000000000000e+04
1.059343169326835889e-03, 1.273900000000000000e+04
1.077298138298477242e-03, 1.896300000000000000e+04
1.095253107270118594e-03, 1.420400000000000000e+04
1.113208076241759730e-03, 2.053300000000000000e+04
1.131163045213401082e-03, 2.424600000000000000e+04
1.149118014185042435e-03, 2.539200000000000000e+04
1.167072983156683787e-03, 2.566400000000000000e+04
1.185027952128324923e-03, 2.905200000000000000e+04
1.202982921099966275e-03, 3.143000000000000000e+04
1.220937890071607627e-03, 3.269400000000000000e+04
1.238892859043248763e-03, 3.329300000000000000e+04
1.256847828014890115e-03, 3.697400000000000000e+04
1.274802796986531468e-03, 3.913800000000000000e+04
1.292757765958172603e-03, 4.643500000000000000e+04
1.310712734929813956e-03, 5.097600000000000000e+04
1.328667703901455308e-03, 5.054300000000000000e+04
1.346622672873096661e-03, 5.495100000000000000e+04
1.364577641844737796e-03, 5.900900000000000000e+04
1.382532610816379149e-03, 6.473800000000000000e+04
1.400487579788020501e-03, 1.501000000000000000e+03
1.418442548759661637e-03, 6.389900000000000000e+04
1.436397517731302989e-03, 4.003000000000000000e+03
1.454352486702944341e-03, 8.266000000000000000e+03
1.472307455674585477e-03, 1.601000000000000000e+04
1.490262424646226829e-03, 1.779600000000000000e+04
1.508217393617868182e-03, 1.974400000000000000e+04
1.526172362589509534e-03, 2.243500000000000000e+04
1.544127331561150670e-03, 2.638000000000000000e+04
1.562082300532792022e-03, 3.031700000000000000e+04
1.580037269504433375e-03, 3.313300000000000000e+04
1.597992238476074510e-03, 3.478700000000000000e+04
1.615947207447715863e-03, 4.007100000000000000e+04
1.633902176419357215e-03, 4.296000000000000000e+04
1.651857145390998351e-03, 4.063200000000000000e+04
1.669812114362639703e-03, 3.852500000000000000e+04
1.687767083334281056e-03, 4.324700000000000000e+04
1.705722052305922408e-03, 4.407500000000000000e+04
1.723677021277563544e-03, 5.307800000000000000e+04
1.741631990249204896e-03, 4.779700000000000000e+04
1.759586959220846248e-03, 5.227300000000000000e+04
1.777541928192487384e-03, 4.675100000000000000e+04
1.795496897164128736e-03, 5.163000000000000000e+04
1.813451866135770089e-03, 4.562600000000000000e+04
1.831406835107411224e-03, 4.812700000000000000e+04
1.849361804079052577e-03, 4.664900000000000000e+04
1.867316773050693929e-03, 4.505100000000000000e+04
1.885271742022335282e-03, 4.843000000000000000e+04
1.903226710993976417e-03, 4.356300000000000000e+04
1.921181679965617770e-03, 3.998500000000000000e+04
1.939136648937259122e-03, 3.867300000000000000e+04
1.957091617908900474e-03, 4.191100000000000000e+04
1.975046586880541827e-03, 3.897400000000000000e+04
1.993001555852182746e-03, 3.097000000000000000e+04
2.010956524823824098e-03, 3.017900000000000000e+04
2.028911493795465450e-03, 2.777800000000000000e+04
2.046866462767106803e-03, 1.972900000000000000e+04
2.064821431738748155e-03, 2.275100000000000000e+04
2.082776400710389508e-03, 1.446700000000000000e+04
2.100731369682030426e-03, 1.681900000000000000e+04
2.118686338653671779e-03, 1.288600000000000000e+04
2.136641307625313131e-03, 4.989000000000000000e+03
2.154596276596954484e-03, 3.820000000000000000e+03
2.172551245568595836e-03, 3.000000000000000000e+00
2.190506214540237188e-03, 6.516300000000000000e+04
2.208461183511878541e-03, 6.149700000000000000e+04
2.226416152483519460e-03, 5.333600000000000000e+04
2.244371121455160812e-03, 4.673600000000000000e+04
2.262326090426802164e-03, 4.595300000000000000e+04
2.280281059398443517e-03, 4.576900000000000000e+04
2.298236028370084869e-03, 4.162600000000000000e+04
2.316190997341726222e-03, 3.791000000000000000e+04
2.334145966313367574e-03, 3.461600000000000000e+04
2.352100935285008493e-03, 3.126900000000000000e+04
2.370055904256649845e-03, 3.009400000000000000e+04
2.388010873228291198e-03, 2.936700000000000000e+04
2.405965842199932550e-03, 2.198600000000000000e+04
2.423920811171573902e-03, 2.328400000000000000e+04
2.441875780143215255e-03, 2.600800000000000000e+04
2.459830749114856174e-03, 1.828800000000000000e+04
2.477785718086497526e-03, 2.107700000000000000e+04
2.495740687058138878e-03, 1.423700000000000000e+04
2.513695656029780231e-03, 1.881700000000000000e+04
2.531650625001421583e-03, 1.218100000000000000e+04
2.549605593973062936e-03, 1.834400000000000000e+04
2.567560562944704288e-03, 1.226300000000000000e+04
2.585515531916345207e-03, 1.846200000000000000e+04
2.603470500887986559e-03, 1.233600000000000000e+04
2.621425469859627912e-03, 1.850000000000000000e+04
2.639380438831269264e-03, 1.781700000000000000e+04
2.657335407802910617e-03, 2.414500000000000000e+04
2.675290376774551969e-03, 2.276400000000000000e+04
2.693245345746193321e-03, 2.505700000000000000e+04
2.711200314717834240e-03, 2.667300000000000000e+04
2.729155283689475592e-03, 2.995800000000000000e+04
2.747110252661116945e-03, 3.209100000000000000e+04
2.765065221632758297e-03, 3.319400000000000000e+04
2.783020190604399650e-03, 3.370900000000000000e+04
2.800975159576041002e-03, 3.634100000000000000e+04
2.818930128547681921e-03, 4.133700000000000000e+04
2.836885097519323273e-03, 4.447800000000000000e+04
2.854840066490964626e-03, 5.027500000000000000e+04
2.872795035462605978e-03, 5.165700000000000000e+04
2.890750004434247331e-03, 5.322500000000000000e+04
2.908704973405888683e-03, 5.754200000000000000e+04
2.926659942377530035e-03, 6.090100000000000000e+04
2.944614911349170954e-03, 1.719000000000000000e+03
2.962569880320812307e-03, 9.700000000000000000e+01
2.980524849292453659e-03, 3.500000000000000000e+03
2.998479818264095011e-03, 1.094400000000000000e+04
3.016434787235736364e-03, 1.541600000000000000e+04
3.034389756207377716e-03, 1.802500000000000000e+04
3.052344725179019069e-03, 2.155600000000000000e+04
3.070299694150659987e-03, 2.113100000000000000e+04
3.088254663122301340e-03, 2.548300000000000000e+04
3.106209632093942692e-03, 2.912000000000000000e+04
3.124164601065584045e-03, 3.566700000000000000e+04
3.142119570037225397e-03, 3.658400000000000000e+04
3.160074539008866749e-03, 3.954000000000000000e+04
3.178029507980507668e-03, 4.208600000000000000e+04
3.195984476952149021e-03, 4.181000000000000000e+04
3.213939445923790373e-03, 3.931500000000000000e+04
3.231894414895431725e-03, 4.070600000000000000e+04
3.249849383867073078e-03, 4.539200000000000000e+04
3.267804352838714430e-03, 5.433800000000000000e+04
3.285759321810355783e-03, 4.781800000000000000e+04
3.303714290781996701e-03, 5.349600000000000000e+04
3.321669259753638054e-03, 4.691000000000000000e+04
3.339624228725279406e-03, 5.013400000000000000e+04
3.357579197696920759e-03, 4.660700000000000000e+04
3.375534166668562111e-03, 4.568600000000000000e+04
3.393489135640203463e-03, 4.801300000000000000e+04
3.411444104611844816e-03, 4.439900000000000000e+04
3.429399073583485735e-03, 4.845400000000000000e+04
3.447354042555127087e-03, 4.470000000000000000e+04
3.465309011526768439e-03, 4.065000000000000000e+04
3.483263980498409792e-03, 3.855400000000000000e+04
3.501218949470051144e-03, 3.882100000000000000e+04
3.519173918441692497e-03, 3.593700000000000000e+04
3.537128887413333415e-03, 3.043500000000000000e+04
3.555083856384974768e-03, 3.022200000000000000e+04
3.573038825356616120e-03, 2.780900000000000000e+04
3.590993794328257473e-03, 1.989600000000000000e+04
3.608948763299898825e-03, 2.220000000000000000e+04
3.626903732271540177e-03, 1.504100000000000000e+04
3.644858701243181530e-03, 1.368700000000000000e+04
3.662813670214822449e-03, 1.271700000000000000e+04
3.680768639186463801e-03, 1.835000000000000000e+03
3.698723608158105153e-03, 4.497000000000000000e+03
3.716678577129746506e-03, 1.765000000000000000e+03
3.734633546101387858e-03, 6.163900000000000000e+04
3.752588515073029211e-03, 5.913400000000000000e+04
3.770543484044670563e-03, 5.107100000000000000e+04
3.788498453016311482e-03, 4.860400000000000000e+04
3.806453421987952834e-03, 4.672400000000000000e+04
3.824408390959594187e-03, 4.380300000000000000e+04
3.842363359931235539e-03, 4.353200000000000000e+04
3.860318328902876892e-03, 3.948100000000000000e+04
3.878273297874518244e-03, 3.640000000000000000e+04
3.896228266846159163e-03, 2.925600000000000000e+04
3.914183235817800949e-03, 2.827500000000000000e+04
3.932138204789442301e-03, 2.856500000000000000e+04
3.950093173761083654e-03, 2.443300000000000000e+04
3.968048142732724139e-03, 2.211800000000000000e+04
3.986003111704365491e-03, 2.470800000000000000e+04
4.003958080676006843e-03, 2.099800000000000000e+04
4.021913049647648196e-03, 1.964900000000000000e+04
4.039868018619289548e-03, 1.584000000000000000e+04
4.057822987590930901e-03, 1.780200000000000000e+04
4.075777956562572253e-03, 1.517900000000000000e+04
4.093732925534213606e-03, 1.756600000000000000e+04
4.111687894505854958e-03, 1.509400000000000000e+04
4.129642863477496310e-03, 1.753500000000000000e+04
4.147597832449137663e-03, 1.508300000000000000e+04
4.165552801420779015e-03, 1.753100000000000000e+04
4.183507770392420368e-03, 1.981500000000000000e+04
4.201462739364060853e-03, 2.604300000000000000e+04
4.219417708335702205e-03, 2.094600000000000000e+04
4.237372677307343558e-03, 2.400300000000000000e+04
4.255327646278984910e-03, 2.651000000000000000e+04
4.273282615250626262e-03, 2.963500000000000000e+04
4.291237584222267615e-03, 3.154200000000000000e+04
4.309192553193908967e-03, 3.250400000000000000e+04
4.327147522165550320e-03, 3.253300000000000000e+04
4.345102491137191672e-03, 3.694700000000000000e+04
4.363057460108833024e-03, 4.167400000000000000e+04
4.381012429080474377e-03, 4.590000000000000000e+04
4.398967398052115729e-03, 4.974200000000000000e+04
4.416922367023757082e-03, 5.300500000000000000e+04
4.434877335995397567e-03, 5.318900000000000000e+04
4.452832304967038919e-03, 5.744200000000000000e+04
4.470787273938680272e-03, 6.044800000000000000e+04
4.488742242910321624e-03, 2.014000000000000000e+03
4.506697211881962976e-03, 3.853000000000000000e+03
4.524652180853604329e-03, 5.348000000000000000e+03
4.542607149825245681e-03, 1.175200000000000000e+04
4.560562118796887034e-03, 1.537800000000000000e+04
4.578517087768528386e-03, 1.967400000000000000e+04
4.596472056740169738e-03, 2.133500000000000000e+04
4.614427025711811091e-03, 2.146900000000000000e+04
4.632381994683452443e-03, 2.576300000000000000e+04
4.650336963655093796e-03, 2.880400000000000000e+04
4.668291932626735148e-03, 3.619300000000000000e+04
4.686246901598375633e-03, 3.794600000000000000e+04
4.704201870570016986e-03, 3.888000000000000000e+04
4.722156839541658338e-03, 3.939600000000000000e+04
4.740111808513299690e-03, 4.207300000000000000e+04
4.758066777484941043e-03, 4.079100000000000000e+04
4.776021746456582395e-03, 4.016000000000000000e+04
4.793976715428223748e-03, 4.718700000000000000e+04
4.811931684399865100e-03, 5.421400000000000000e+04
4.829886653371506453e-03, 4.844900000000000000e+04
4.847841622343147805e-03, 5.325700000000000000e+04
4.865796591314789157e-03, 4.760800000000000000e+04
4.883751560286430510e-03, 4.701200000000000000e+04
4.901706529258071862e-03, 4.786200000000000000e+04
4.919661498229712347e-03, 4.528300000000000000e+04
4.937616467201353700e-03, 4.923000000000000000e+04
4.955571436172995052e-03, 4.458400000000000000e+04
4.973526405144636404e-03, 4.500700000000000000e+04
4.991481374116277757e-03, 4.523300000000000000e+04
5.009436343087919109e-03, 4.162500000000000000e+04
5.027391312059560462e-03, 3.894400000000000000e+04
5.045346281031201814e-03, 3.791400000000000000e+04
5.063301250002843167e-03, 3.509800000000000000e+04
5.081256218974484519e-03, 3.133100000000000000e+04
5.099211187946125871e-03, 3.091600000000000000e+04
5.117166156917767224e-03, 2.548800000000000000e+04
5.135121125889408576e-03, 2.143900000000000000e+04
5.153076094861049061e-03, 1.962700000000000000e+04
5.171031063832690414e-03, 1.699800000000000000e+04
5.188986032804331766e-03, 1.316800000000000000e+04
5.206941001775973119e-03, 1.215500000000000000e+04
5.224895970747614471e-03, 2.615000000000000000e+03
5.242850939719255823e-03, 4.275000000000000000e+03
5.260805908690897176e-03, 1.766000000000000000e+03
5.278760877662538528e-03, 6.309700000000000000e+04
5.296715846634179881e-03, 5.748700000000000000e+04
5.314670815605821233e-03, 5.204700000000000000e+04
5.332625784577462585e-03, 4.851600000000000000e+04
5.350580753549103938e-03, 4.896100000000000000e+04
5.368535722520745290e-03, 4.444900000000000000e+04
5.386490691492386643e-03, 4.370200000000000000e+04
5.404445660464027128e-03, 3.964100000000000000e+04
5.422400629435668480e-03, 3.684400000000000000e+04
5.440355598407309833e-03, 3.063400000000000000e+04
5.458310567378951185e-03, 2.615700000000000000e+04
5.476265536350592537e-03, 2.713200000000000000e+04
5.494220505322233890e-03, 2.573200000000000000e+04
5.512175474293875242e-03, 2.261900000000000000e+04
5.530130443265516595e-03, 2.316700000000000000e+04
5.548085412237157947e-03, 2.195400000000000000e+04
5.566040381208799299e-03, 1.848300000000000000e+04
5.583995350180440652e-03, 1.870200000000000000e+04
5.601950319152082004e-03, 1.676100000000000000e+04
5.619905288123723357e-03, 1.788800000000000000e+04
5.637860257095363842e-03, 1.640000000000000000e+04
5.655815226067005194e-03, 1.773400000000000000e+04
5.673770195038646547e-03, 1.633600000000000000e+04
5.691725164010287899e-03, 1.770800000000000000e+04
5.709680132981929251e-03, 1.632600000000000000e+04
5.727635101953570604e-03, 2.055600000000000000e+04
5.745590070925211956e-03, 2.652400000000000000e+04
5.763545039896853309e-03, 2.188400000000000000e+04
5.781500008868494661e-03, 2.254400000000000000e+04
5.799454977840136014e-03, 2.557800000000000000e+04
5.817409946811777366e-03, 2.833900000000000000e+04
5.835364915783418718e-03, 3.032500000000000000e+04
5.853319884755060071e-03, 3.139000000000000000e+04
5.871274853726700556e-03, 3.336800000000000000e+04
5.889229822698341908e-03, 3.961900000000000000e+04
5.907184791669983261e-03, 4.294000000000000000e+04
5.925139760641624613e-03, 4.756200000000000000e+04
5.943094729613265965e-03, 4.886800000000000000e+04
5.961049698584907318e-03, 5.349400000000000000e+04
5.979004667556548670e-03, 5.545100000000000000e+04
5.996959636528190023e-03, 5.959800000000000000e+04
6.014914605499831375e-03, 6.230300000000000000e+04
6.032869574471472728e-03, 1.100000000000000000e+02
6.050824543443114080e-03, 6.839000000000000000e+03
6.068779512414755432e-03, 6.994000000000000000e+03
6.086734481386396785e-03, 1.137700000000000000e+04
6.104689450358038137e-03, 1.754600000000000000e+04
6.122644419329678622e-03, 2.168300000000000000e+04
6.140599388301319975e-03, 2.066000000000000000e+04
6.158554357272961327e-03, 2.106400000000000000e+04
6.176509326244602680e-03, 2.541600000000000000e+04
6.194464295216244032e-03, 2.846400000000000000e+04
6.212419264187885384e-03, 3.412300000000000000e+04
6.230374233159526737e-03, 4.003800000000000000e+04
6.248329202131168089e-03, 3.945300000000000000e+04
6.266284171102809442e-03, 3.847900000000000000e+04
6.284239140074450794e-03, 3.947500000000000000e+04
6.302194109046092146e-03, 4.258000000000000000e+04
6.320149078017733499e-03, 4.058500000000000000e+04
6.338104046989374851e-03, 4.897700000000000000e+04
6.356059015961015336e-03, 5.093200000000000000e+04
6.374013984932656689e-03, 4.940800000000000000e+04
6.391968953904298041e-03, 5.139200000000000000e+04
6.409923922875939394e-03, 4.849500000000000000e+04
6.427878891847580746e-03, 4.595100000000000000e+04
6.445833860819222098e-03, 4.883800000000000000e+04
6.463788829790863451e-03, 4.453900000000000000e+04
6.481743798762504803e-03, 5.049000000000000000e+04
6.499698767734146156e-03, 4.509500000000000000e+04
6.517653736705787508e-03, 4.316000000000000000e+04
6.535608705677428860e-03, 4.277200000000000000e+04
6.553563674649070213e-03, 4.314800000000000000e+04
6.571518643620711565e-03, 4.009000000000000000e+04
6.589473612592352050e-03, 3.818100000000000000e+04
6.607428581563993403e-03, 3.548300000000000000e+04
6.625383550535634755e-03, 3.300400000000000000e+04
6.643338519507276108e-03, 2.879700000000000000e+04
6.661293488478917460e-03, 2.475800000000000000e+04
6.679248457450558812e-03, 2.385400000000000000e+04
6.697203426422200165e-03, 1.991800000000000000e+04
6.715158395393841517e-03, 1.940800000000000000e+04
6.733113364365482870e-03, 1.415500000000000000e+04
6.751068333337124222e-03, 1.055100000000000000e+04
6.769023302308765574e-03, 2.792000000000000000e+03
6.786978271280406927e-03, 7.590000000000000000e+02
6.804933240252048279e-03, 2.088000000000000000e+03
6.822888209223689632e-03, 6.201900000000000000e+04
6.840843178195330117e-03, 5.649900000000000000e+04
6.858798147166971469e-03, 5.185900000000000000e+04
6.876753116138612822e-03, 4.672900000000000000e+04
6.894708085110254174e-03, 5.010400000000000000e+04
6.912663054081895526e-03, 4.470800000000000000e+04
6.930618023053536879e-03, 4.244700000000000000e+04
6.948572992025178231e-03, 3.851500000000000000e+04
6.966527960996819584e-03, 3.600100000000000000e+04
6.984482929968460936e-03, 3.077400000000000000e+04
7.002437898940102289e-03, 2.557800000000000000e+04
7.020392867911743641e-03, 2.566400000000000000e+04
7.038347836883384993e-03, 2.576200000000000000e+04
7.056302805855026346e-03, 2.574800000000000000e+04
7.074257774826666831e-03, 2.182500000000000000e+04
7.092212743798308183e-03, 2.293200000000000000e+04
7.110167712769949536e-03, 1.698000000000000000e+04
7.128122681741590888e-03, 1.983900000000000000e+04
7.146077650713232240e-03, 1.539100000000000000e+04
7.164032619684873593e-03, 1.910000000000000000e+04
7.181987588656514945e-03, 1.506600000000000000e+04
7.199942557628156298e-03, 1.896200000000000000e+04
7.217897526599797650e-03, 1.500900000000000000e+04
7.235852495571439003e-03, 1.893900000000000000e+04
7.253807464543080355e-03, 1.500000000000000000e+04
7.271762433514721707e-03, 2.018800000000000000e+04
7.289717402486363060e-03, 2.608300000000000000e+04
7.307672371458003545e-03, 2.369100000000000000e+04
7.325627340429644897e-03, 2.190400000000000000e+04
7.343582309401286250e-03, 2.516200000000000000e+04
7.361537278372927602e-03, 2.794100000000000000e+04
7.379492247344568955e-03, 2.950600000000000000e+04
7.397447216316210307e-03, 3.026900000000000000e+04
7.415402185287851659e-03, 3.607600000000000000e+04
7.433357154259493012e-03, 3.992800000000000000e+04
7.451312123231134364e-03, 4.586700000000000000e+04
7.469267092202775717e-03, 4.765700000000000000e+04
7.487222061174417069e-03, 5.027700000000000000e+04
7.505177030146058421e-03, 5.570400000000000000e+04
7.523131999117699774e-03, 5.881300000000000000e+04
7.541086968089341126e-03, 6.276200000000000000e+04
7.559041937060981611e-03, 6.294300000000000000e+04
7.576996906032622964e-03, 6.238100000000000000e+04
7.594951875004264316e-03, 6.338000000000000000e+03
7.612906843975905669e-03, 6.176000000000000000e+03
7.630861812947547021e-03, 1.202900000000000000e+04
7.648816781919188373e-03, 1.845700000000000000e+04
7.666771750890829726e-03, 1.968500000000000000e+04
7.684726719862471078e-03, 2.011300000000000000e+04
7.702681688834112431e-03, 2.250100000000000000e+04
7.720636657805753783e-03, 2.684900000000000000e+04
7.738591626777395135e-03, 2.964300000000000000e+04
7.756546595749036488e-03, 3.342700000000000000e+04
7.774501564720677840e-03, 4.230900000000000000e+04
7.792456533692318325e-03, 4.067700000000000000e+04
7.810411502663959678e-03, 3.870600000000000000e+04
7.828366471635601898e-03, 3.812800000000000000e+04
7.846321440607243250e-03, 4.450700000000000000e+04
7.864276409578884602e-03, 4.173800000000000000e+04
7.882231378550525955e-03, 5.041200000000000000e+04
7.900186347522167307e-03, 4.946000000000000000e+04
7.918141316493806925e-03, 5.021900000000000000e+04
7.936096285465448277e-03, 4.834300000000000000e+04
7.954051254437089630e-03, 4.944800000000000000e+04
7.972006223408730982e-03, 4.508400000000000000e+04
7.989961192380372335e-03, 5.023100000000000000e+04
8.007916161352013687e-03, 4.493200000000000000e+04
8.025871130323655039e-03, 4.913900000000000000e+04
8.043826099295296392e-03, 4.615000000000000000e+04
8.061781068266937744e-03, 4.263400000000000000e+04
8.079736037238579097e-03, 4.058100000000000000e+04
8.097691006210220449e-03, 4.206000000000000000e+04
8.115645975181861801e-03, 4.166000000000000000e+04
8.133600944153503154e-03, 3.921100000000000000e+04
8.151555913125144506e-03, 3.225000000000000000e+04
8.169510882096785859e-03, 3.102700000000000000e+04
8.187465851068427211e-03, 2.651700000000000000e+04
8.205420820040068564e-03, 2.316800000000000000e+04
8.223375789011709916e-03, 2.407300000000000000e+04
8.241330757983351268e-03, 1.783000000000000000e+04
8.259285726954992621e-03, 2.050700000000000000e+04
8.277240695926633973e-03, 1.448100000000000000e+04
8.295195664898275326e-03, 1.009000000000000000e+04
8.313150633869916678e-03, 4.071000000000000000e+03
8.331105602841558030e-03, 6.376500000000000000e+04
8.349060571813199383e-03, 3.026000000000000000e+03
8.367015540784840735e-03, 6.094300000000000000e+04
8.384970509756480353e-03, 5.671300000000000000e+04
8.402925478728121705e-03, 5.014500000000000000e+04
8.420880447699763058e-03, 4.554800000000000000e+04
8.438835416671404410e-03, 4.933000000000000000e+04
8.456790385643045763e-03, 4.286000000000000000e+04
8.474745354614687115e-03, 4.029900000000000000e+04
8.492700323586328467e-03, 3.687200000000000000e+04
8.510655292557969820e-03, 3.475700000000000000e+04
8.528610261529611172e-03, 3.179300000000000000e+04
8.546565230501252525e-03, 2.833300000000000000e+04
8.564520199472893877e-03, 2.397400000000000000e+04
8.582475168444535230e-03, 2.538800000000000000e+04
8.600430137416176582e-03, 2.675600000000000000e+04
8.618385106387817934e-03, 1.995900000000000000e+04
8.636340075359459287e-03, 2.272900000000000000e+04
8.654295044331100639e-03, 1.535600000000000000e+04
8.672250013302741992e-03, 1.996100000000000000e+04
8.690204982274383344e-03, 1.396900000000000000e+04
8.708159951246024696e-03, 1.932400000000000000e+04
8.726114920217666049e-03, 1.369100000000000000e+04
8.744069889189307401e-03, 1.888900000000000000e+04
8.762024858160948754e-03, 1.392600000000000000e+04
8.779979827132590106e-03, 1.911100000000000000e+04
8.797934796104231459e-03, 1.405400000000000000e+04
8.815889765075872811e-03, 1.997400000000000000e+04
8.833844734047514163e-03, 2.531500000000000000e+04
8.851799703019155516e-03, 2.522100000000000000e+04
8.869754671990795133e-03, 2.417300000000000000e+04
8.887709640962436486e-03, 2.754000000000000000e+04
8.905664609934077838e-03, 3.007000000000000000e+04
8.923619578905719191e-03, 3.144500000000000000e+04
8.941574547877360543e-03, 3.210400000000000000e+04
8.959529516849001896e-03, 3.713200000000000000e+04
8.977484485820643248e-03, 3.887300000000000000e+04
8.995439454792284600e-03, 4.681700000000000000e+04
9.013394423763925953e-03, 4.990500000000000000e+04
9.031349392735567305e-03, 4.915000000000000000e+04
9.049304361707208658e-03, 5.508200000000000000e+04
9.067259330678850010e-03, 5.912100000000000000e+04
9.085214299650491362e-03, 6.318300000000000000e+04
9.103169268622132715e-03, 2.700000000000000000e+01
9.121124237593774067e-03, 6.236600000000000000e+04
9.139079206565415420e-03, 5.202000000000000000e+03
9.157034175537056772e-03, 6.849000000000000000e+03
9.174989144508698125e-03, 1.443100000000000000e+04
9.192944113480339477e-03, 1.868300000000000000e+04
9.210899082451980829e-03, 1.916200000000000000e+04
9.228854051423622182e-03, 2.149000000000000000e+04
9.246809020395263534e-03, 2.497100000000000000e+04
9.264763989366904887e-03, 2.909200000000000000e+04
9.282718958338546239e-03, 3.158600000000000000e+04
9.300673927310187591e-03, 3.396200000000000000e+04
9.318628896281828944e-03, 4.310300000000000000e+04
9.336583865253470296e-03, 4.221400000000000000e+04
9.354538834225109914e-03, 3.955700000000000000e+04
9.372493803196751266e-03, 3.809100000000000000e+04
9.390448772168392619e-03, 4.439800000000000000e+04
9.408403741140033971e-03, 4.261200000000000000e+04
9.426358710111675324e-03, 5.181700000000000000e+04
9.444313679083316676e-03, 4.801800000000000000e+04
9.462268648054958028e-03, 5.138400000000000000e+04
9.480223617026599381e-03, 4.702500000000000000e+04
9.498178585998240733e-03, 5.073200000000000000e+04
9.516133554969882086e-03, 4.520000000000000000e+04
9.534088523941523438e-03, 5.021200000000000000e+04
9.552043492913164791e-03, 4.585100000000000000e+04
9.569998461884806143e-03, 4.614700000000000000e+04
9.587953430856447495e-03, 4.746900000000000000e+04
9.605908399828088848e-03, 4.012300000000000000e+04
9.623863368799730200e-03, 3.785600000000000000e+04
9.641818337771371553e-03, 3.894700000000000000e+04
9.659773306743012905e-03, 4.177000000000000000e+04
9.677728275714654257e-03, 3.941600000000000000e+04
9.695683244686295610e-03, 3.168600000000000000e+04
9.713638213657936962e-03, 3.070800000000000000e+04
9.731593182629578315e-03, 2.718200000000000000e+04
9.749548151601219667e-03, 2.063200000000000000e+04
9.767503120572861020e-03, 2.291700000000000000e+04
9.785458089544502372e-03, 1.516900000000000000e+04
9.803413058516143724e-03, 1.905500000000000000e+04
9.821368027487783342e-03, 1.296300000000000000e+04
9.839322996459424694e-03, 7.537000000000000000e+03
9.857277965431066047e-03, 3.339000000000000000e+03
9.875232934402707399e-03, 6.415100000000000000e+04
9.893187903374348752e-03, 3.523000000000000000e+03
9.911142872345990104e-03, 6.305000000000000000e+04
9.929097841317631457e-03, 5.661000000000000000e+04
9.947052810289272809e-03, 4.882100000000000000e+04
9.965007779260914161e-03, 4.669900000000000000e+04
9.982962748232555514e-03, 4.815200000000000000e+04
1.000091771720419687e-02, 4.216900000000000000e+04
1.001887268617583822e-02, 3.852400000000000000e+04
1.003682765514747957e-02, 3.496000000000000000e+04
1.005478262411912092e-02, 3.288500000000000000e+04
1.007273759309076228e-02, 3.105800000000000000e+04
1.009069256206240363e-02, 2.940100000000000000e+04
1.010864753103404498e-02, 2.191200000000000000e+04
1.012660250000568633e-02, 2.426500000000000000e+04
1.014455746897732769e-02, 2.657400000000000000e+04
1.016251243794896904e-02, 1.805800000000000000e+04
1.018046740692061039e-02, 2.188000000000000000e+04
1.019842237589225174e-02, 1.377500000000000000e+04
1.021637734486389310e-02, 1.933400000000000000e+04
1.023433231383553445e-02, 1.286400000000000000e+04
1.025228728280717580e-02, 1.900800000000000000e+04
1.027024225177881715e-02, 1.274700000000000000e+04
1.028819722075045850e-02, 1.896600000000000000e+04
1.030615218972209812e-02, 1.273300000000000000e+04
1.032410715869373947e-02, 1.896100000000000000e+04
1.034206212766538083e-02, 1.555300000000000000e+04
1.036001709663702218e-02, 2.181600000000000000e+04
1.037797206560866353e-02, 2.388600000000000000e+04
1.039592703458030488e-02, 2.541900000000000000e+04
1.041388200355194624e-02, 2.617700000000000000e+04
1.043183697252358759e-02, 2.952800000000000000e+04
1.044979194149522894e-02, 3.181800000000000000e+04
1.046774691046687029e-02, 3.302500000000000000e+04
1.048570187943851165e-02, 3.494300000000000000e+04
1.050365684841015300e-02, 3.922100000000000000e+04
1.052161181738179435e-02, 4.052900000000000000e+04
1.053956678635343570e-02, 4.714100000000000000e+04
1.055752175532507706e-02, 5.130200000000000000e+04
1.057547672429671841e-02, 5.068600000000000000e+04
1.059343169326835976e-02, 5.501200000000000000e+04
1.061138666224000111e-02, 5.903400000000000000e+04
1.062934163121164247e-02, 6.252300000000000000e+04
1.064729660018328382e-02, 4.340000000000000000e+02
1.066525156915492517e-02, 6.377700000000000000e+04
1.068320653812656652e-02, 3.310000000000000000e+03
1.070116150709820788e-02, 8.929000000000000000e+03
1.071911647606984923e-02, 1.608500000000000000e+04
1.073707144504149058e-02, 1.766000000000000000e+04
1.075502641401313193e-02, 2.022800000000000000e+04
1.077298138298477329e-02, 2.231200000000000000e+04
1.079093635195641290e-02, 2.739000000000000000e+04
1.080889132092805426e-02, 3.121000000000000000e+04
1.082684628989969561e-02, 3.364100000000000000e+04
1.084480125887133696e-02, 3.503500000000000000e+04
1.086275622784297831e-02, 4.018300000000000000e+04
1.088071119681461967e-02, 4.300900000000000000e+04
1.089866616578626102e-02, 4.065300000000000000e+04
1.091662113475790237e-02, 3.853300000000000000e+04
1.093457610372954372e-02, 4.178500000000000000e+04
1.095253107270118507e-02, 4.421800000000000000e+04
1.097048604167282643e-02, 5.336600000000000000e+04
1.098844101064446778e-02, 4.766500000000000000e+04
1.100639597961610913e-02, 5.265100000000000000e+04
1.102435094858775048e-02, 4.671900000000000000e+04
1.104230591755939184e-02, 5.155700000000000000e+04
1.106026088653103319e-02, 4.591100000000000000e+04
1.107821585550267454e-02, 4.859200000000000000e+04
1.109617082447431589e-02, 4.694400000000000000e+04
1.111412579344595725e-02, 4.520200000000000000e+04
1.113208076241759860e-02, 4.850000000000000000e+04
1.115003573138923995e-02, 4.359400000000000000e+04
1.116799070036088130e-02, 3.999800000000000000e+04
1.118594566933252266e-02, 3.867800000000000000e+04
1.120390063830416401e-02, 4.022600000000000000e+04
1.122185560727580536e-02, 3.739400000000000000e+04
1.123981057624744671e-02, 3.044800000000000000e+04
1.125776554521908807e-02, 2.996200000000000000e+04
1.127572051419072768e-02, 2.815000000000000000e+04
1.129367548316236904e-02, 1.958100000000000000e+04
1.131163045213401039e-02, 2.291100000000000000e+04
1.132958542110565174e-02, 1.446500000000000000e+04
1.134754039007729309e-02, 1.542200000000000000e+04
1.136549535904893445e-02, 1.146800000000000000e+04
1.138345032802057580e-02, 3.228000000000000000e+03
1.140140529699221715e-02, 2.746000000000000000e+03
1.141936026596385850e-02, 6.499700000000000000e+04
1.143731523493549986e-02, 6.491300000000000000e+04
1.145527020390714121e-02, 6.138800000000000000e+04
1.147322517287878256e-02, 5.329000000000000000e+04
1.149118014185042391e-02, 4.806700000000000000e+04
1.150913511082206526e-02, 4.696100000000000000e+04
1.152709007979370662e-02, 4.543300000000000000e+04
1.154504504876534797e-02, 4.236300000000000000e+04
1.156300001773698932e-02, 3.839400000000000000e+04
1.158095498670863067e-02, 3.511500000000000000e+04
1.159890995568027203e-02, 3.046100000000000000e+04
1.161686492465191338e-02, 2.953900000000000000e+04
1.163481989362355473e-02, 2.919100000000000000e+04
1.165277486259519608e-02, 2.129500000000000000e+04
1.167072983156683744e-02, 2.281400000000000000e+04
1.168868480053847879e-02, 2.576100000000000000e+04
1.170663976951012014e-02, 1.817200000000000000e+04
1.172459473848176149e-02, 2.102500000000000000e+04
1.174254970745340111e-02, 1.421500000000000000e+04
1.176050467642504246e-02, 1.880800000000000000e+04
1.177845964539668382e-02, 1.313700000000000000e+04
1.179641461436832517e-02, 1.832100000000000000e+04
1.181436958333996652e-02, 1.292800000000000000e+04
1.183232455231160787e-02, 1.823400000000000000e+04
1.185027952128324923e-02, 1.289200000000000000e+04
1.186823449025489058e-02, 1.821900000000000000e+04
1.188618945922653193e-02, 1.865400000000000000e+04
1.190414442819817328e-02, 2.496900000000000000e+04
1.192209939716981464e-02, 2.217200000000000000e+04
1.194005436614145599e-02, 2.476400000000000000e+04
1.195800933511309734e-02, 2.608600000000000000e+04
1.197596430408473869e-02, 2.957600000000000000e+04
1.199391927305638005e-02, 3.189400000000000000e+04
1.201187424202802140e-02, 3.310200000000000000e+04
1.202982921099966275e-02, 3.366900000000000000e+04
1.204778417997130410e-02, 3.632300000000000000e+04
1.206573914894294546e-02, 4.133000000000000000e+04
1.208369411791458681e-02, 4.530600000000000000e+04
1.210164908688622816e-02, 5.079500000000000000e+04
1.211960405585786951e-02, 5.266700000000000000e+04
1.213755902482951086e-02, 5.301400000000000000e+04
1.215551399380115222e-02, 5.725100000000000000e+04
1.217346896277279357e-02, 6.045600000000000000e+04
1.219142393174443492e-02, 2.128000000000000000e+03
1.220937890071607627e-02, 1.247000000000000000e+03
1.222733386968771589e-02, 3.938000000000000000e+03
1.224528883865935724e-02, 9.339000000000000000e+03
1.226324380763099860e-02, 1.396500000000000000e+04
1.228119877660263995e-02, 1.719600000000000000e+04
1.229915374557428130e-02, 2.114900000000000000e+04
1.231710871454592265e-02, 2.094700000000000000e+04
1.233506368351756401e-02, 2.540300000000000000e+04
1.235301865248920536e-02, 2.908600000000000000e+04
1.237097362146084671e-02, 3.565400000000000000e+04
1.238892859043248806e-02, 3.648800000000000000e+04
1.240688355940412942e-02, 3.891200000000000000e+04
1.242483852837577077e-02, 4.083800000000000000e+04
1.244279349734741212e-02, 4.231000000000000000e+04
1.246074846631905347e-02, 3.973800000000000000e+04
1.247870343529069483e-02, 4.038300000000000000e+04
1.249665840426233618e-02, 4.598200000000000000e+04
1.251461337323397753e-02, 5.480000000000000000e+04
1.253256834220561888e-02, 4.798100000000000000e+04
1.255052331117726024e-02, 5.391200000000000000e+04
1.256847828014890159e-02, 4.718600000000000000e+04
1.258643324912054294e-02, 5.027800000000000000e+04
1.260438821809218429e-02, 4.667400000000000000e+04
1.262234318706382565e-02, 4.571500000000000000e+04
1.264029815603546700e-02, 4.802600000000000000e+04
1.265825312500710835e-02, 4.440500000000000000e+04
1.267620809397874970e-02, 4.710500000000000000e+04
1.269416306295039105e-02, 4.476800000000000000e+04
1.271211803192203067e-02, 4.078500000000000000e+04
1.273007300089367203e-02, 3.852600000000000000e+04
1.274802796986531338e-02, 3.833600000000000000e+04
1.276598293883695473e-02, 3.548100000000000000e+04
1.278393790780859608e-02, 3.062000000000000000e+04
1.280189287678023743e-02, 3.052700000000000000e+04
1.281984784575187879e-02, 2.713100000000000000e+04
1.283780281472352014e-02, 1.785300000000000000e+04
1.285575778369516149e-02, 2.042800000000000000e+04
1.287371275266680284e-02, 1.403700000000000000e+04
1.289166772163844420e-02, 1.319700000000000000e+04
1.290962269061008555e-02, 1.249500000000000000e+04
1.292757765958172690e-02, 1.739000000000000000e+03
1.294553262855336825e-02, 4.457000000000000000e+03
1.296348759752500961e-02, 1.749000000000000000e+03
1.298144256649665096e-02, 6.282600000000000000e+04
1.299939753546829231e-02, 5.946100000000000000e+04
1.301735250443993366e-02, 5.148100000000000000e+04
1.303530747341157502e-02, 4.896000000000000000e+04
1.305326244238321637e-02, 4.729500000000000000e+04
1.307121741135485772e-02, 4.371100000000000000e+04
1.308917238032649907e-02, 4.379700000000000000e+04
1.310712734929814043e-02, 3.971600000000000000e+04
1.312508231826978178e-02, 3.672600000000000000e+04
1.314303728724142313e-02, 2.838600000000000000e+04
1.316099225621306448e-02, 2.761300000000000000e+04
1.317894722518470410e-02, 2.820400000000000000e+04
1.319690219415634545e-02, 2.426000000000000000e+04
1.321485716312798681e-02, 2.204100000000000000e+04
1.323281213209962816e-02, 2.467500000000000000e+04
1.325076710107126951e-02, 2.098400000000000000e+04
1.326872207004291086e-02, 1.964300000000000000e+04
1.328667703901455222e-02, 1.730300000000000000e+04
1.330463200798619357e-02, 1.766000000000000000e+04
1.332258697695783492e-02, 1.635700000000000000e+04
1.334054194592947627e-02, 1.723700000000000000e+04
1.335849691490111762e-02, 1.617700000000000000e+04
1.337645188387275898e-02, 1.716200000000000000e+04
1.339440685284440033e-02, 1.614600000000000000e+04
1.341236182181604168e-02, 1.715000000000000000e+04
1.343031679078768303e-02, 1.940900000000000000e+04
1.344827175975932439e-02, 2.580200000000000000e+04
1.346622672873096574e-02, 2.082600000000000000e+04
1.348418169770260709e-02, 2.394800000000000000e+04
1.350213666667424844e-02, 2.648600000000000000e+04
1.352009163564588980e-02, 2.962400000000000000e+04
1.353804660461753115e-02, 3.153800000000000000e+04
1.355600157358917250e-02, 3.250200000000000000e+04
1.357395654256081385e-02, 3.294600000000000000e+04
1.359191151153245521e-02, 3.845000000000000000e+04
1.360986648050409656e-02, 4.194400000000000000e+04
1.362782144947573791e-02, 4.680500000000000000e+04
1.364577641844737926e-02, 4.909900000000000000e+04
1.366373138741901888e-02, 5.287300000000000000e+04
1.368168635639066023e-02, 5.372100000000000000e+04
1.369964132536230159e-02, 5.794900000000000000e+04
1.371759629433394294e-02, 6.085100000000000000e+04
1.373555126330558429e-02, 3.681000000000000000e+03
1.375350623227722564e-02, 4.990000000000000000e+03
1.377146120124886700e-02, 5.946000000000000000e+03
1.378941617022050835e-02, 1.203300000000000000e+04
1.380737113919214970e-02, 1.550300000000000000e+04
1.382532610816379105e-02, 1.972700000000000000e+04
1.384328107713543241e-02, 2.135700000000000000e+04
1.386123604610707376e-02, 2.039500000000000000e+04
1.387919101507871511e-02, 2.488100000000000000e+04
1.389714598405035646e-02, 2.819800000000000000e+04
1.391510095302199781e-02, 3.549200000000000000e+04
1.393305592199363917e-02, 3.855300000000000000e+04
1.395101089096528052e-02, 3.895400000000000000e+04
1.396896585993692187e-02, 3.892400000000000000e+04
1.398692082890856322e-02, 4.134700000000000000e+04
1.400487579788020458e-02, 4.136200000000000000e+04
1.402283076685184593e-02, 3.777900000000000000e+04
1.404078573582348728e-02, 4.494000000000000000e+04
1.405874070479512863e-02, 5.291600000000000000e+04
1.407669567376676999e-02, 4.781000000000000000e+04
1.409465064273841134e-02, 5.296600000000000000e+04
1.411260561171005269e-02, 4.748200000000000000e+04
1.413056058068169404e-02, 4.695900000000000000e+04
1.414851554965333366e-02, 4.784000000000000000e+04
1.416647051862497501e-02, 4.463500000000000000e+04
1.418442548759661637e-02, 4.947900000000000000e+04
1.420238045656825772e-02, 4.461100000000000000e+04
1.422033542553989907e-02, 4.418400000000000000e+04
1.423829039451154042e-02, 4.475600000000000000e+04
1.425624536348318178e-02, 4.209500000000000000e+04
1.427420033245482313e-02, 3.926300000000000000e+04
1.429215530142646448e-02, 3.789700000000000000e+04
1.431011027039810583e-02, 3.511400000000000000e+04
1.432806523936974719e-02, 3.205300000000000000e+04
1.434602020834138854e-02, 3.142800000000000000e+04
1.436397517731302989e-02, 2.576100000000000000e+04
1.438193014628467124e-02, 2.156800000000000000e+04
1.439988511525631260e-02, 1.968500000000000000e+04
1.441784008422795395e-02, 1.702300000000000000e+04
1.443579505319959530e-02, 1.317800000000000000e+04
1.445375002217123665e-02, 1.069400000000000000e+04
1.447170499114287801e-02, 1.668000000000000000e+03
1.448965996011451936e-02, 2.787000000000000000e+03
1.450761492908616071e-02, 1.389000000000000000e+03
1.452556989805780206e-02, 6.285300000000000000e+04
1.454352486702944341e-02, 5.675300000000000000e+04
1.456147983600108477e-02, 5.217800000000000000e+04
1.457943480497272612e-02, 4.803700000000000000e+04
1.459738977394436747e-02, 4.960000000000000000e+04
1.461534474291600709e-02, 4.327000000000000000e+04
1.463329971188764844e-02, 4.278200000000000000e+04
1.465125468085928979e-02, 3.913500000000000000e+04
1.466920964983093115e-02, 3.660000000000000000e+04
1.468716461880257250e-02, 3.052400000000000000e+04
1.470511958777421385e-02, 2.611000000000000000e+04
1.472307455674585520e-02, 2.711300000000000000e+04
1.474102952571749656e-02, 2.572400000000000000e+04
1.475898449468913791e-02, 2.430300000000000000e+04
1.477693946366077926e-02, 2.305900000000000000e+04
1.479489443263242061e-02, 2.258300000000000000e+04
1.481284940160406197e-02, 1.807000000000000000e+04
1.483080437057570332e-02, 1.924800000000000000e+04
1.484875933954734467e-02, 1.632800000000000000e+04
1.486671430851898602e-02, 1.843000000000000000e+04
1.488466927749062738e-02, 1.596700000000000000e+04
1.490262424646226873e-02, 1.827700000000000000e+04
1.492057921543391008e-02, 1.590300000000000000e+04
1.493853418440555143e-02, 1.733100000000000000e+04
1.495648915337719279e-02, 1.611200000000000000e+04
1.497444412234883414e-02, 2.045100000000000000e+04
1.499239909132047549e-02, 2.647600000000000000e+04
1.501035406029211684e-02, 2.186400000000000000e+04
1.502830902926375820e-02, 2.253500000000000000e+04
1.504626399823539955e-02, 2.557400000000000000e+04
1.506421896720704090e-02, 2.849600000000000000e+04
1.508217393617868225e-02, 3.019100000000000000e+04
1.510012890515032187e-02, 3.102700000000000000e+04
1.511808387412196322e-02, 3.423000000000000000e+04
1.513603884309360458e-02, 3.993000000000000000e+04
1.515399381206524593e-02, 4.387900000000000000e+04
1.517194878103688728e-02, 4.761100000000000000e+04
1.518990375000852863e-02, 4.924800000000000000e+04
1.520785871898016998e-02, 5.284700000000000000e+04
1.522581368795181134e-02, 5.423200000000000000e+04
1.524376865692345269e-02, 5.881200000000000000e+04
1.526172362589509404e-02, 6.189800000000000000e+04
1.527967859486673539e-02, 6.545700000000000000e+04
1.529763356383837675e-02, 6.756000000000000000e+03
1.531558853281001810e-02, 6.958000000000000000e+03
1.533354350178165945e-02, 1.136200000000000000e+04
1.535149847075330080e-02, 1.690000000000000000e+04
1.536945343972494216e-02, 2.074000000000000000e+04
1.538740840869658351e-02, 1.996500000000000000e+04
1.540536337766822486e-02, 2.127900000000000000e+04
1.542331834663986621e-02, 2.572600000000000000e+04
1.544127331561150757e-02, 2.872700000000000000e+04
1.545922828458314892e-02, 3.371400000000000000e+04
1.547718325355479027e-02, 4.078600000000000000e+04
1.549513822252643162e-02, 3.980500000000000000e+04
1.551309319149807298e-02, 3.908800000000000000e+04
1.553104816046971433e-02, 3.986500000000000000e+04
1.554900312944135568e-02, 4.278000000000000000e+04
1.556695809841299703e-02, 4.067800000000000000e+04
1.558491306738463665e-02, 4.901800000000000000e+04
1.560286803635627800e-02, 5.094900000000000000e+04
1.562082300532791936e-02, 4.941500000000000000e+04
1.563877797429956071e-02, 4.993000000000000000e+04
1.565673294327120380e-02, 4.863800000000000000e+04
1.567468791224284341e-02, 4.546600000000000000e+04
1.569264288121448650e-02, 4.926200000000000000e+04
1.571059785018612612e-02, 4.458400000000000000e+04
1.572855281915776920e-02, 5.046600000000000000e+04
1.574650778812940882e-02, 4.540500000000000000e+04
1.576446275710105191e-02, 4.286400000000000000e+04
1.578241772607269153e-02, 4.184400000000000000e+04
1.580037269504433461e-02, 4.371000000000000000e+04
1.581832766401597423e-02, 4.060800000000000000e+04
1.583628263298761385e-02, 3.847900000000000000e+04
1.585423760195925694e-02, 3.562900000000000000e+04
1.587219257093089655e-02, 3.307000000000000000e+04
1.589014753990253964e-02, 2.882500000000000000e+04
1.590810250887417926e-02, 2.477000000000000000e+04
1.592605747784582235e-02, 2.385800000000000000e+04
1.594401244681746196e-02, 1.891000000000000000e+04
1.596196741578910505e-02, 1.983100000000000000e+04
1.597992238476074467e-02, 1.443900000000000000e+04
1.599787735373238776e-02, 1.061700000000000000e+04
1.601583232270402737e-02, 3.532000000000000000e+03
1.603378729167567046e-02, 6.504500000000000000e+04
1.605174226064731008e-02, 2.725000000000000000e+03
1.606969722961895317e-02, 6.131400000000000000e+04
1.608765219859059278e-02, 5.513200000000000000e+04
1.610560716756223587e-02, 5.061700000000000000e+04
1.612356213653387549e-02, 4.601800000000000000e+04
1.614151710550551858e-02, 4.975500000000000000e+04
1.615947207447715819e-02, 4.454900000000000000e+04
1.617742704344880128e-02, 4.237800000000000000e+04
1.619538201242044090e-02, 3.848600000000000000e+04
1.621333698139208399e-02, 3.598900000000000000e+04
1.623129195036372360e-02, 3.185300000000000000e+04
1.624924691933536669e-02, 2.672900000000000000e+04
1.626720188830700631e-02, 2.531800000000000000e+04
1.628515685727864939e-02, 2.581600000000000000e+04
1.630311182625028901e-02, 2.627800000000000000e+04
1.632106679522192863e-02, 2.122700000000000000e+04
1.633902176419357172e-02, 2.296000000000000000e+04
1.635697673316521134e-02, 1.643900000000000000e+04
1.637493170213685442e-02, 1.997100000000000000e+04
1.639288667110849404e-02, 1.491800000000000000e+04
1.641084164008013713e-02, 1.874600000000000000e+04
1.642879660905177674e-02, 1.487400000000000000e+04
1.644675157802341983e-02, 1.887000000000000000e+04
1.646470654699505945e-02, 1.496800000000000000e+04
1.648266151596670254e-02, 1.892100000000000000e+04
1.650061648493834215e-02, 1.499300000000000000e+04
1.651857145390998524e-02, 2.041900000000000000e+04
1.653652642288162486e-02, 2.602700000000000000e+04
1.655448139185326795e-02, 2.443200000000000000e+04
1.657243636082490756e-02, 2.232600000000000000e+04
1.659039132979655065e-02, 2.562400000000000000e+04
1.660834629876819027e-02, 2.831400000000000000e+04
1.662630126773983336e-02, 2.981100000000000000e+04
1.664425623671147297e-02, 3.053600000000000000e+04
1.666221120568311606e-02, 3.759000000000000000e+04
1.668016617465475568e-02, 4.213500000000000000e+04
1.669812114362639877e-02, 4.724600000000000000e+04
1.671607611259803838e-02, 4.835900000000000000e+04
1.673403108156968147e-02, 5.060300000000000000e+04
1.675198605054132109e-02, 5.584600000000000000e+04
1.676994101951296071e-02, 5.887300000000000000e+04
1.678789598848460379e-02, 6.278700000000000000e+04
1.680585095745624341e-02, 6.519100000000000000e+04
1.682380592642788650e-02, 6.283600000000000000e+04
1.684176089539952612e-02, 6.624000000000000000e+03
1.685971586437116920e-02, 6.376000000000000000e+03
1.687767083334280882e-02, 1.280100000000000000e+04
1.689562580231445191e-02, 1.893800000000000000e+04
1.691358077128609153e-02, 1.930700000000000000e+04
1.693153574025773461e-02, 2.044800000000000000e+04
1.694949070922937423e-02, 2.325700000000000000e+04
1.696744567820101732e-02, 2.785400000000000000e+04
1.698540064717265693e-02, 3.026300000000000000e+04
1.700335561614430002e-02, 3.374100000000000000e+04
1.702131058511593964e-02, 4.245400000000000000e+04
1.703926555408758273e-02, 4.074100000000000000e+04
1.705722052305922234e-02, 3.873300000000000000e+04
1.707517549203086543e-02, 3.813900000000000000e+04
1.709313046100250505e-02, 4.451200000000000000e+04
1.711108542997414814e-02, 4.164900000000000000e+04
1.712904039894578775e-02, 5.070700000000000000e+04
1.714699536791743084e-02, 4.876100000000000000e+04
1.716495033688907046e-02, 5.055800000000000000e+04
1.718290530586071355e-02, 4.775400000000000000e+04
1.720086027483235316e-02, 4.986000000000000000e+04
1.721881524380399625e-02, 4.503800000000000000e+04
1.723677021277563587e-02, 5.071600000000000000e+04
1.725472518174727549e-02, 4.519200000000000000e+04
1.727268015071891857e-02, 4.962200000000000000e+04
1.729063511969055819e-02, 4.646000000000000000e+04
1.730859008866220128e-02, 4.279400000000000000e+04
1.732654505763384090e-02, 4.065600000000000000e+04
1.734450002660548398e-02, 4.209300000000000000e+04
1.736245499557712360e-02, 4.167400000000000000e+04
1.738040996454876669e-02, 3.921700000000000000e+04
1.739836493352040631e-02, 3.385600000000000000e+04
1.741631990249204939e-02, 3.232600000000000000e+04
1.743427487146368901e-02, 2.725700000000000000e+04
1.745222984043533210e-02, 2.270400000000000000e+04
1.747018480940697172e-02, 2.396200000000000000e+04
1.748813977837861480e-02, 1.704200000000000000e+04
1.750609474735025442e-02, 2.034800000000000000e+04
1.752404971632189751e-02, 1.406200000000000000e+04
1.754200468529353713e-02, 9.447000000000000000e+03
1.755995965426518021e-02, 2.293000000000000000e+03
1.757791462323681983e-02, 6.258100000000000000e+04
1.759586959220846292e-02, 2.408000000000000000e+03
1.761382456118010253e-02, 6.065300000000000000e+04
1.763177953015174562e-02, 5.658500000000000000e+04
1.764973449912338524e-02, 5.009000000000000000e+04
1.766768946809502833e-02, 4.552500000000000000e+04
1.768564443706666794e-02, 4.932100000000000000e+04
1.770359940603831103e-02, 4.349600000000000000e+04
1.772155437500995065e-02, 4.027800000000000000e+04
1.773950934398159027e-02, 3.655600000000000000e+04
1.775746431295323335e-02, 3.431300000000000000e+04
1.777541928192487297e-02, 3.170200000000000000e+04
1.779337425089651606e-02, 2.888100000000000000e+04
1.781132921986815568e-02, 2.330400000000000000e+04
1.782928418883979876e-02, 2.507400000000000000e+04
1.784723915781143838e-02, 2.680200000000000000e+04
1.786519412678308147e-02, 1.932400000000000000e+04
1.788314909575472109e-02, 2.227000000000000000e+04
1.790110406472636417e-02, 1.511000000000000000e+04
1.791905903369800379e-02, 1.984400000000000000e+04
1.793701400266964688e-02, 1.391700000000000000e+04
1.795496897164128650e-02, 1.930200000000000000e+04
1.797292394061292958e-02, 1.368200000000000000e+04
1.799087890958456920e-02, 1.920300000000000000e+04
1.800883387855621229e-02, 1.364200000000000000e+04
1.802678884752785191e-02, 1.918700000000000000e+04
1.804474381649949499e-02, 1.414700000000000000e+04
1.806269878547113461e-02, 2.020900000000000000e+04
1.808065375444277770e-02, 2.488500000000000000e+04
1.809860872341441732e-02, 2.540600000000000000e+04
1.811656369238606040e-02, 2.503600000000000000e+04
1.813451866135770002e-02, 2.841100000000000000e+04
1.815247363032934311e-02, 2.939600000000000000e+04
1.817042859930098272e-02, 3.085400000000000000e+04
1.818838356827262581e-02, 3.176900000000000000e+04
1.820633853724426543e-02, 3.696800000000000000e+04
1.822429350621590505e-02, 3.879900000000000000e+04
1.824224847518754813e-02, 4.678500000000000000e+04
1.826020344415918775e-02, 4.989200000000000000e+04
1.827815841313083084e-02, 5.006400000000000000e+04
1.829611338210247046e-02, 5.587000000000000000e+04
1.831406835107411354e-02, 5.966700000000000000e+04
1.833202332004575316e-02, 6.336100000000000000e+04
1.834997828901739625e-02, 6.551000000000000000e+04
1.836793325798903587e-02, 6.263900000000000000e+04
1.838588822696067895e-02, 4.240000000000000000e+03
1.840384319593231857e-02, 7.393000000000000000e+03
1.842179816490396166e-02, 1.540100000000000000e+04
1.843975313387560128e-02, 1.676300000000000000e+04
1.845770810284724436e-02, 1.767200000000000000e+04
1.847566307181888398e-02, 2.067300000000000000e+04
1.849361804079052707e-02, 2.457700000000000000e+04
1.851157300976216669e-02, 2.891600000000000000e+04
1.852952797873380977e-02, 3.151000000000000000e+04
1.854748294770544939e-02, 3.393000000000000000e+04
1.856543791667709248e-02, 4.174000000000000000e+04
1.858339288564873210e-02, 4.227500000000000000e+04
1.860134785462037518e-02, 3.969000000000000000e+04
1.861930282359201480e-02, 3.806200000000000000e+04
1.863725779256365789e-02, 4.364600000000000000e+04
1.865521276153529751e-02, 4.310800000000000000e+04
1.867316773050694059e-02, 5.234000000000000000e+04
1.869112269947858021e-02, 4.780700000000000000e+04
1.870907766845021983e-02, 5.180400000000000000e+04
1.872703263742186292e-02, 4.735000000000000000e+04
1.874498760639350253e-02, 5.091000000000000000e+04
1.876294257536514562e-02, 4.528600000000000000e+04
1.878089754433678524e-02, 5.025100000000000000e+04
1.879885251330842832e-02, 4.586800000000000000e+04
1.881680748228006794e-02, 4.615400000000000000e+04
1.883476245125171103e-02, 4.747100000000000000e+04
1.885271742022335065e-02, 4.298900000000000000e+04
1.887067238919499373e-02, 3.986900000000000000e+04
1.888862735816663335e-02, 3.946000000000000000e+04
1.890658232713827644e-02, 4.199300000000000000e+04
1.892453729610991606e-02, 3.925400000000000000e+04
1.894249226508155914e-02, 3.114000000000000000e+04
1.896044723405319876e-02, 3.030500000000000000e+04
1.897840220302484185e-02, 2.739800000000000000e+04
1.899635717199648147e-02, 2.004700000000000000e+04
1.901431214096812455e-02, 2.400000000000000000e+04
1.903226710993976417e-02, 1.601400000000000000e+04
1.905022207891140726e-02, 1.952000000000000000e+04
1.906817704788304688e-02, 1.318700000000000000e+04
1.908613201685468996e-02, 7.637000000000000000e+03
1.910408698582632958e-02, 3.382000000000000000e+03
1.912204195479797267e-02, 6.416900000000000000e+04
1.913999692376961229e-02, 1.553000000000000000e+03
1.915795189274125537e-02, 6.187900000000000000e+04
1.917590686171289499e-02, 5.510400000000000000e+04
1.919386183068453461e-02, 4.794000000000000000e+04
1.921181679965617770e-02, 4.688400000000000000e+04
1.922977176862781731e-02, 4.727700000000000000e+04
1.924772673759946040e-02, 4.184300000000000000e+04
1.926568170657110002e-02, 3.807200000000000000e+04
1.928363667554274311e-02, 3.460600000000000000e+04
1.930159164451438272e-02, 3.210400000000000000e+04
1.931954661348602581e-02, 3.029500000000000000e+04
1.933750158245766543e-02, 2.895700000000000000e+04
1.935545655142930851e-02, 2.169200000000000000e+04
1.937341152040094813e-02, 2.416500000000000000e+04
1.939136648937259122e-02, 2.653100000000000000e+04
1.940932145834423084e-02, 1.804000000000000000e+04
1.942727642731587392e-02, 2.187200000000000000e+04
1.944523139628751354e-02, 1.377200000000000000e+04
1.946318636525915663e-02, 1.942300000000000000e+04
1.948114133423079625e-02, 1.257000000000000000e+04
1.949909630320243933e-02, 1.887700000000000000e+04
1.951705127217407895e-02, 1.233300000000000000e+04
1.953500624114572204e-02, 1.877800000000000000e+04
1.955296121011736166e-02, 1.229300000000000000e+04
1.957091617908900474e-02, 1.876200000000000000e+04
1.958887114806064436e-02, 1.679600000000000000e+04
1.960682611703228745e-02, 2.141700000000000000e+04
1.962478108600392707e-02, 2.344500000000000000e+04
1.964273605497556668e-02, 2.515500000000000000e+04
1.966069102394720977e-02, 2.604500000000000000e+04
1.967864599291884939e-02, 2.946700000000000000e+04
1.969660096189049248e-02, 3.179200000000000000e+04
1.971455593086213209e-02, 3.301400000000000000e+04
1.973251089983377518e-02, 3.358900000000000000e+04
1.975046586880541480e-02, 3.669500000000000000e+04
1.976842083777705789e-02, 3.977400000000000000e+04
1.978637580674869750e-02, 4.601100000000000000e+04
1.980433077572034059e-02, 5.112500000000000000e+04
1.982228574469198021e-02, 5.120000000000000000e+04
1.984024071366362330e-02, 5.425600000000000000e+04
1.985819568263526291e-02, 5.840000000000000000e+04
1.987615065160690600e-02, 6.180500000000000000e+04
1.989410562057854562e-02, 6.517600000000000000e+04
1.991206058955018871e-02, 6.226300000000000000e+04
1.993001555852182832e-02, 2.333000000000000000e+03
1.994797052749347141e-02, 8.425000000000000000e+03
1.996592549646511103e-02, 1.585000000000000000e+04
1.998388046543675411e-02, 1.755700000000000000e+04
2.000183543440839373e-02, 2.018400000000000000e+04
2.001979040338003682e-02, 2.229400000000000000e+04
2.003774537235167644e-02, 2.642300000000000000e+04
2.005570034132331952e-02, 3.026800000000000000e+04
2.007365531029495914e-02, 3.395500000000000000e+04
2.009161027926660223e-02, 3.530300000000000000e+04
2.010956524823824185e-02, 3.952400000000000000e+04
2.012752021720988146e-02, 4.261800000000000000e+04
2.014547518618152455e-02, 4.116200000000000000e+04
2.016343015515316417e-02, 3.887000000000000000e+04
2.018138512412480726e-02, 4.115000000000000000e+04
2.019934009309644687e-02, 4.479600000000000000e+04
2.021729506206808996e-02, 5.385800000000000000e+04
2.023525003103972958e-02, 4.794200000000000000e+04
2.025320500001137267e-02, 5.278600000000000000e+04
2.027115996898301228e-02, 4.678000000000000000e+04
2.028911493795465537e-02, 5.158300000000000000e+04
2.030706990692629499e-02, 4.592200000000000000e+04
2.032502487589793808e-02, 4.713100000000000000e+04
2.034297984486957769e-02, 4.708800000000000000e+04
2.036093481384122078e-02, 4.471700000000000000e+04
2.037888978281286040e-02, 4.841300000000000000e+04
2.039684475178450349e-02, 4.392600000000000000e+04
2.041479972075614310e-02, 4.017900000000000000e+04
2.043275468972778619e-02, 3.850300000000000000e+04
2.045070965869942581e-02, 3.940000000000000000e+04
2.046866462767106890e-02, 3.654800000000000000e+04
2.048661959664270851e-02, 2.838600000000000000e+04
2.050457456561435160e-02, 2.783900000000000000e+04
2.052252953458599122e-02, 2.690000000000000000e+04
2.054048450355763430e-02, 1.896000000000000000e+04
2.055843947252927392e-02, 2.262800000000000000e+04
2.057639444150091701e-02, 1.434100000000000000e+04
2.059434941047255663e-02, 1.537100000000000000e+04
2.061230437944419625e-02, 1.313400000000000000e+04
2.063025934841583933e-02, 3.526000000000000000e+03
2.064821431738747895e-02, 4.369000000000000000e+03
2.066616928635912204e-02, 9.490000000000000000e+02
2.068412425533076165e-02, 6.399800000000000000e+04
2.070207922430240474e-02, 6.098800000000000000e+04
2.072003419327404436e-02, 5.230200000000000000e+04
2.073798916224568745e-02, 4.862200000000000000e+04
2.075594413121732706e-02, 4.673400000000000000e+04
2.077389910018897015e-02, 4.441700000000000000e+04
2.079185406916060977e-02, 4.131000000000000000e+04
2.080980903813225286e-02, 3.777300000000000000e+04
2.082776400710389247e-02, 3.480600000000000000e+04
2.084571897607553556e-02, 3.032000000000000000e+04
2.086367394504717518e-02, 2.947700000000000000e+04
2.088162891401881827e-02, 2.916500000000000000e+04
2.089958388299045788e-02, 2.263400000000000000e+04
2.091753885196210097e-02, 2.274300000000000000e+04
2.093549382093374059e-02, 2.562500000000000000e+04
2.095344878990538368e-02, 1.902900000000000000e+04
2.097140375887702329e-02, 2.062500000000000000e+04
2.098935872784866638e-02, 1.509700000000000000e+04
2.100731369682030600e-02, 1.845800000000000000e+04
2.102526866579194909e-02, 1.405300000000000000e+04
2.104322363476358870e-02, 1.798900000000000000e+04
2.106117860373523179e-02, 1.250100000000000000e+04
2.107913357270687141e-02, 1.797200000000000000e+04
2.109708854167851103e-02, 1.276000000000000000e+04
2.111504351065015411e-02, 1.815800000000000000e+04
2.113299847962179373e-02, 1.862700000000000000e+04
2.115095344859343682e-02, 2.495800000000000000e+04
2.116890841756507644e-02, 2.216700000000000000e+04
2.118686338653671952e-02, 2.476200000000000000e+04
2.120481835550835914e-02, 2.672400000000000000e+04
2.122277332448000223e-02, 2.996200000000000000e+04
2.124072829345164184e-02, 3.201900000000000000e+04
2.125868326242328493e-02, 3.307400000000000000e+04
2.127663823139492455e-02, 3.356400000000000000e+04
2.129459320036656764e-02, 3.673700000000000000e+04
2.131254816933820725e-02, 4.174300000000000000e+04
2.133050313830985034e-02, 4.551100000000000000e+04
2.134845810728148996e-02, 5.036900000000000000e+04
2.136641307625313305e-02, 5.147200000000000000e+04
2.138436804522477266e-02, 5.221600000000000000e+04
2.140232301419641575e-02, 5.683500000000000000e+04
2.142027798316805537e-02, 6.026000000000000000e+04
2.143823295213969846e-02, 2.042000000000000000e+03
2.145618792111133807e-02, 1.211000000000000000e+03
2.147414289008298116e-02, 3.923000000000000000e+03
2.149209785905462078e-02, 1.157100000000000000e+04
2.151005282802626387e-02, 1.518600000000000000e+04
2.152800779699790348e-02, 1.844800000000000000e+04
2.154596276596954657e-02, 2.184300000000000000e+04
2.156391773494118619e-02, 2.065900000000000000e+04
2.158187270391282581e-02, 2.508300000000000000e+04
2.159982767288446889e-02, 2.861500000000000000e+04
2.161778264185610851e-02, 3.603200000000000000e+04
2.163573761082775160e-02, 3.715100000000000000e+04
2.165369257979939122e-02, 3.958800000000000000e+04
2.167164754877103430e-02, 4.123500000000000000e+04
2.168960251774267392e-02, 4.250700000000000000e+04
2.170755748671431701e-02, 3.982800000000000000e+04
2.172551245568595663e-02, 4.042200000000000000e+04
2.174346742465759971e-02, 4.599900000000000000e+04
2.176142239362923933e-02, 5.480700000000000000e+04
2.177937736260088242e-02, 4.798400000000000000e+04
2.179733233157252204e-02, 5.391300000000000000e+04
2.181528730054416512e-02, 4.709600000000000000e+04
2.183324226951580474e-02, 4.888400000000000000e+04
2.185119723848744783e-02, 4.700200000000000000e+04
2.186915220745908744e-02, 4.520600000000000000e+04
2.188710717643073053e-02, 4.849600000000000000e+04
2.190506214540237015e-02, 4.439000000000000000e+04
2.192301711437401324e-02, 4.591800000000000000e+04
2.194097208334565285e-02, 4.523300000000000000e+04
2.195892705231729594e-02, 4.126600000000000000e+04
2.197688202128893556e-02, 3.881000000000000000e+04
2.199483699026057865e-02, 3.847700000000000000e+04
2.201279195923221826e-02, 3.554600000000000000e+04
2.203074692820386135e-02, 3.064800000000000000e+04
2.204870189717550097e-02, 3.053900000000000000e+04
2.206665686614714059e-02, 2.713600000000000000e+04
2.208461183511878367e-02, 2.028800000000000000e+04
2.210256680409042329e-02, 2.140500000000000000e+04
2.212052177306206638e-02, 1.556800000000000000e+04
2.213847674203370600e-02, 1.326900000000000000e+04
2.215643171100534908e-02, 1.208700000000000000e+04
2.217438667997698870e-02, 1.500000000000000000e+03
2.219234164894863179e-02, 4.147000000000000000e+03
2.221029661792027141e-02, 1.715000000000000000e+03
2.222825158689191449e-02, 6.274400000000000000e+04
2.224620655586355411e-02, 6.092800000000000000e+04
2.226416152483519720e-02, 5.294100000000000000e+04
2.228211649380683682e-02, 4.981300000000000000e+04
2.230007146277847990e-02, 4.771700000000000000e+04
2.231802643175011952e-02, 4.390400000000000000e+04
2.233598140072176261e-02, 4.388000000000000000e+04
2.235393636969340223e-02, 3.975200000000000000e+04
2.237189133866504531e-02, 3.674000000000000000e+04
2.238984630763668493e-02, 2.935200000000000000e+04
2.240780127660832802e-02, 2.759500000000000000e+04
2.242575624557996763e-02, 2.814400000000000000e+04
2.244371121455161072e-02, 2.503000000000000000e+04
2.246166618352325034e-02, 2.248400000000000000e+04
2.247962115249489343e-02, 2.418900000000000000e+04
2.249757612146653304e-02, 2.168900000000000000e+04
2.251553109043817613e-02, 1.913400000000000000e+04
2.253348605940981575e-02, 1.811600000000000000e+04
2.255144102838145537e-02, 1.723000000000000000e+04
2.256939599735309845e-02, 1.594900000000000000e+04
2.258735096632473807e-02, 1.700100000000000000e+04
2.260530593529638116e-02, 1.606000000000000000e+04
2.262326090426802078e-02, 1.710900000000000000e+04
2.264121587323966386e-02, 1.612300000000000000e+04
2.265917084221130348e-02, 1.714000000000000000e+04
2.267712581118294657e-02, 2.017700000000000000e+04
2.269508078015458619e-02, 2.633500000000000000e+04
2.271303574912622927e-02, 2.083200000000000000e+04
2.273099071809786889e-02, 2.355200000000000000e+04
2.274894568706951198e-02, 2.626900000000000000e+04
2.276690065604115160e-02, 2.932900000000000000e+04
2.278485562501279468e-02, 3.116400000000000000e+04
2.280281059398443430e-02, 3.208200000000000000e+04
2.282076556295607739e-02, 3.301600000000000000e+04
2.283872053192771701e-02, 3.771000000000000000e+04
2.285667550089936009e-02, 4.115600000000000000e+04
2.287463046987099971e-02, 4.633800000000000000e+04
2.289258543884264280e-02, 4.886600000000000000e+04
2.291054040781428242e-02, 5.276600000000000000e+04
2.292849537678592550e-02, 5.367500000000000000e+04
2.294645034575756512e-02, 5.792900000000000000e+04
2.296440531472920821e-02, 6.084300000000000000e+04
2.298236028370084783e-02, 1.577000000000000000e+03
2.300031525267248744e-02, 5.280000000000000000e+03
2.301827022164413053e-02, 6.273000000000000000e+03
2.303622519061577015e-02, 1.138000000000000000e+04
2.305418015958741323e-02, 1.574400000000000000e+04
2.307213512855905285e-02, 2.044200000000000000e+04
2.309009009753069594e-02, 2.062800000000000000e+04
2.310804506650233556e-02, 2.053300000000000000e+04
2.312600003547397864e-02, 2.502600000000000000e+04
2.314395500444561826e-02, 2.915800000000000000e+04
2.316190997341726135e-02, 3.615800000000000000e+04
2.317986494238890097e-02, 3.890500000000000000e+04
2.319781991136054405e-02, 3.912100000000000000e+04
2.321577488033218367e-02, 3.899800000000000000e+04
2.323372984930382676e-02, 4.137800000000000000e+04
2.325168481827546638e-02, 4.137500000000000000e+04
2.326963978724710946e-02, 4.021800000000000000e+04
2.328759475621874908e-02, 4.778900000000000000e+04
2.330554972519039217e-02, 5.328600000000000000e+04
2.332350469416203179e-02, 4.874000000000000000e+04
2.334145966313367487e-02, 5.230600000000000000e+04
2.335941463210531449e-02, 4.792200000000000000e+04
2.337736960107695758e-02, 4.634600000000000000e+04
2.339532457004859720e-02, 4.831700000000000000e+04
2.341327953902024028e-02, 4.453200000000000000e+04
2.343123450799187990e-02, 4.998100000000000000e+04
2.344918947696352299e-02, 4.498100000000000000e+04
2.346714444593516261e-02, 4.438400000000000000e+04
2.348509941490680222e-02, 4.485200000000000000e+04
2.350305438387844531e-02, 4.213700000000000000e+04
2.352100935285008493e-02, 3.928100000000000000e+04
2.353896432182172802e-02, 3.790500000000000000e+04
2.355691929079336763e-02, 3.511700000000000000e+04
2.357487425976501072e-02, 3.182100000000000000e+04
2.359282922873665034e-02, 3.052400000000000000e+04
2.361078419770829342e-02, 2.504000000000000000e+04
2.362873916667993304e-02, 2.216700000000000000e+04
2.364669413565157613e-02, 1.915900000000000000e+04
2.366464910462321575e-02, 1.786600000000000000e+04
2.368260407359485883e-02, 1.342700000000000000e+04
2.370055904256649845e-02, 1.042800000000000000e+04
2.371851401153814154e-02, 2.102000000000000000e+03
2.373646898050978116e-02, 1.195000000000000000e+03
2.375442394948142424e-02, 4.200000000000000000e+01
2.377237891845306386e-02, 6.209600000000000000e+04
2.379033388742470695e-02, 5.638500000000000000e+04
2.380828885639634657e-02, 5.201200000000000000e+04
2.382624382536798965e-02, 4.796500000000000000e+04
2.384419879433962927e-02, 4.957000000000000000e+04
2.386215376331127236e-02, 4.472300000000000000e+04
2.388010873228291198e-02, 4.340700000000000000e+04
2.389806370125455506e-02, 3.938100000000000000e+04
2.391601867022619468e-02, 3.668000000000000000e+04
2.393397363919783777e-02, 3.122800000000000000e+04
2.395192860816947739e-02, 2.592800000000000000e+04
2.396988357714111700e-02, 2.656000000000000000e+04
2.398783854611276009e-02, 2.587400000000000000e+04
2.400579351508439971e-02, 2.515700000000000000e+04
2.402374848405604280e-02, 2.246300000000000000e+04
2.404170345302768241e-02, 2.205000000000000000e+04
2.405965842199932550e-02, 1.776600000000000000e+04
2.407761339097096512e-02, 1.909900000000000000e+04
2.409556835994260821e-02, 1.626100000000000000e+04
2.411352332891424782e-02, 1.840100000000000000e+04
2.413147829788589091e-02, 1.595400000000000000e+04
2.414943326685753053e-02, 1.827200000000000000e+04
2.416738823582917361e-02, 1.590100000000000000e+04
2.418534320480081323e-02, 1.825000000000000000e+04
2.420329817377245632e-02, 1.589200000000000000e+04
2.422125314274409594e-02, 2.059200000000000000e+04
2.423920811171573902e-02, 2.644900000000000000e+04
2.425716308068737864e-02, 2.294400000000000000e+04
2.427511804965902173e-02, 2.199900000000000000e+04
2.429307301863066135e-02, 2.514600000000000000e+04
2.431102798760230443e-02, 2.799100000000000000e+04
2.432898295657394405e-02, 3.263800000000000000e+04
2.434693792554558714e-02, 3.283400000000000000e+04
2.436489289451722676e-02, 3.520700000000000000e+04
2.438284786348886984e-02, 4.039700000000000000e+04
2.440080283246050946e-02, 4.408700000000000000e+04
2.441875780143215255e-02, 4.770000000000000000e+04
2.443671277040379217e-02, 4.928600000000000000e+04
2.445466773937543178e-02, 5.421200000000000000e+04
2.447262270834707487e-02, 5.660500000000000000e+04
2.449057767731871449e-02, 6.069100000000000000e+04
2.450853264629035758e-02, 6.329700000000000000e+04
2.452648761526199719e-02, 6.466500000000000000e+04
2.454444258423364028e-02, 7.065000000000000000e+03
2.456239755320527990e-02, 6.874000000000000000e+03
2.458035252217692299e-02, 1.168600000000000000e+04
2.459830749114856260e-02, 1.766400000000000000e+04
2.461626246012020569e-02, 2.172200000000000000e+04
2.463421742909184531e-02, 2.097100000000000000e+04
2.465217239806348840e-02, 2.187100000000000000e+04
2.467012736703512801e-02, 2.602000000000000000e+04
2.468808233600677110e-02, 2.886100000000000000e+04
2.470603730497841072e-02, 3.377300000000000000e+04
2.472399227395005381e-02, 4.081100000000000000e+04
2.474194724292169342e-02, 3.981500000000000000e+04
2.475990221189333651e-02, 3.845300000000000000e+04
2.477785718086497613e-02, 3.885400000000000000e+04
2.479581214983661921e-02, 4.321400000000000000e+04
2.481376711880825883e-02, 4.088200000000000000e+04
2.483172208777990192e-02, 4.956200000000000000e+04
2.484967705675154154e-02, 5.004600000000000000e+04
2.486763202572318462e-02, 4.977500000000000000e+04
2.488558699469482424e-02, 4.903600000000000000e+04
2.490354196366646733e-02, 4.902900000000000000e+04
2.492149693263810695e-02, 4.585800000000000000e+04
2.493945190160974656e-02, 4.949100000000000000e+04
2.495740687058138965e-02, 4.469800000000000000e+04
2.497536183955302927e-02, 5.051800000000000000e+04
2.499331680852467236e-02, 4.542800000000000000e+04
2.501127177749631197e-02, 4.287400000000000000e+04
2.502922674646795506e-02, 4.184800000000000000e+04
2.504718171543959468e-02, 4.320000000000000000e+04
2.506513668441123777e-02, 4.057800000000000000e+04
2.508309165338287738e-02, 3.845600000000000000e+04
2.510104662235452047e-02, 3.529500000000000000e+04
2.511900159132616009e-02, 3.316600000000000000e+04
2.513695656029780318e-02, 2.805600000000000000e+04
2.515491152926944279e-02, 2.436300000000000000e+04
2.517286649824108588e-02, 2.427600000000000000e+04
2.519082146721272550e-02, 1.855900000000000000e+04
2.520877643618436859e-02, 2.090200000000000000e+04
2.522673140515600820e-02, 1.549800000000000000e+04
2.524468637412765129e-02, 1.123600000000000000e+04
2.526264134309929091e-02, 3.838000000000000000e+03
2.528059631207093400e-02, 6.518400000000000000e+04
2.529855128104257361e-02, 2.786000000000000000e+03
2.531650625001421670e-02, 6.134000000000000000e+04
2.533446121898585632e-02, 5.683000000000000000e+04
2.535241618795749940e-02, 5.143400000000000000e+04
2.537037115692913902e-02, 4.592300000000000000e+04
2.538832612590078211e-02, 5.002400000000000000e+04
2.540628109487242173e-02, 4.444000000000000000e+04
2.542423606384406135e-02, 4.180600000000000000e+04
2.544219103281570443e-02, 3.793600000000000000e+04
2.546014600178734405e-02, 3.551400000000000000e+04
2.547810097075898714e-02, 3.193400000000000000e+04
2.549605593973062675e-02, 2.597300000000000000e+04
2.551401090870226984e-02, 2.477000000000000000e+04
2.553196587767390946e-02, 2.552100000000000000e+04
2.554992084664555255e-02, 2.613700000000000000e+04
2.556787581561719216e-02, 2.116400000000000000e+04
2.558583078458883525e-02, 2.293300000000000000e+04
2.560378575356047487e-02, 1.642800000000000000e+04
2.562174072253211796e-02, 1.996600000000000000e+04
2.563969569150375757e-02, 1.491600000000000000e+04
2.565765066047540066e-02, 1.926600000000000000e+04
2.567560562944704028e-02, 1.460900000000000000e+04
2.569356059841868337e-02, 1.913600000000000000e+04
2.571151556739032298e-02, 1.455500000000000000e+04
2.572947053636196607e-02, 1.911400000000000000e+04
2.574742550533360569e-02, 1.454600000000000000e+04
2.576538047430524878e-02, 2.023400000000000000e+04
2.578333544327688839e-02, 2.570500000000000000e+04
2.580129041224853148e-02, 2.382200000000000000e+04
2.581924538122017110e-02, 2.193300000000000000e+04
2.583720035019181419e-02, 2.542100000000000000e+04
2.585515531916345380e-02, 2.821900000000000000e+04
2.587311028813509342e-02, 2.976900000000000000e+04
2.589106525710673651e-02, 3.051800000000000000e+04
2.590902022607837613e-02, 3.662300000000000000e+04
2.592697519505001921e-02, 3.969500000000000000e+04
2.594493016402165883e-02, 4.642100000000000000e+04
2.596288513299330192e-02, 4.815400000000000000e+04
2.598084010196494154e-02, 5.041300000000000000e+04
2.599879507093658462e-02, 5.600500000000000000e+04
2.601675003990822424e-02, 5.938800000000000000e+04
2.603470500887986733e-02, 6.325700000000000000e+04
2.605265997785150694e-02, 4.800000000000000000e+01
2.607061494682315003e-02, 6.150800000000000000e+04
2.608856991579478965e-02, 5.175000000000000000e+03
2.610652488476643274e-02, 5.512000000000000000e+03
2.612447985373807235e-02, 1.236900000000000000e+04
2.614243482270971544e-02, 1.874100000000000000e+04
2.616038979168135506e-02, 1.922100000000000000e+04
2.617834476065299815e-02, 2.041200000000000000e+04
2.619629972962463776e-02, 2.324200000000000000e+04
2.621425469859628085e-02, 2.753000000000000000e+04
2.623220966756792047e-02, 3.022500000000000000e+04
2.625016463653956356e-02, 3.349300000000000000e+04
2.626811960551120317e-02, 4.255700000000000000e+04
2.628607457448284626e-02, 4.117900000000000000e+04
2.630402954345448588e-02, 3.896600000000000000e+04
2.632198451242612897e-02, 3.798600000000000000e+04
2.633993948139776858e-02, 4.464900000000000000e+04
2.635789445036940820e-02, 4.210000000000000000e+04
2.637584941934105129e-02, 5.126300000000000000e+04
2.639380438831269091e-02, 4.910000000000000000e+04
2.641175935728433399e-02, 5.072900000000000000e+04
2.642971432625597361e-02, 4.783200000000000000e+04
2.644766929522761670e-02, 4.989400000000000000e+04
2.646562426419925632e-02, 4.505300000000000000e+04
2.648357923317089940e-02, 5.072200000000000000e+04
2.650153420214253902e-02, 4.519500000000000000e+04
2.651948917111418211e-02, 4.793500000000000000e+04
2.653744414008582173e-02, 4.656800000000000000e+04
2.655539910905746481e-02, 4.267100000000000000e+04
2.657335407802910443e-02, 4.020500000000000000e+04
2.659130904700074752e-02, 4.097400000000000000e+04
2.660926401597238714e-02, 4.224300000000000000e+04
2.662721898494403022e-02, 3.967400000000000000e+04
2.664517395391566984e-02, 3.269000000000000000e+04
2.666312892288731293e-02, 3.310500000000000000e+04
2.668108389185895254e-02, 2.796000000000000000e+04
2.669903886083059563e-02, 2.310500000000000000e+04
2.671699382980223525e-02, 2.415900000000000000e+04
2.673494879877387834e-02, 1.713100000000000000e+04
2.675290376774551795e-02, 2.038700000000000000e+04
2.677085873671716104e-02, 1.407800000000000000e+04
2.678881370568880066e-02, 9.454000000000000000e+03
2.680676867466044375e-02, 3.900000000000000000e+03
2.682472364363208336e-02, 6.362700000000000000e+04
2.684267861260372298e-02, 2.757000000000000000e+03
2.686063358157536607e-02, 6.119300000000000000e+04
2.687858855054700569e-02, 5.634400000000000000e+04
2.689654351951864877e-02, 4.932800000000000000e+04
2.691449848849028839e-02, 4.588500000000000000e+04
2.693245345746193148e-02, 4.876100000000000000e+04
2.695040842643357110e-02, 4.286200000000000000e+04
2.696836339540521418e-02, 4.237400000000000000e+04
2.698631836437685380e-02, 3.820200000000000000e+04
2.700427333334849689e-02, 3.522000000000000000e+04
2.702222830232013651e-02, 3.213900000000000000e+04
2.704018327129177959e-02, 2.907800000000000000e+04
2.705813824026341921e-02, 2.338800000000000000e+04
2.707609320923506230e-02, 2.510900000000000000e+04
2.709404817820670192e-02, 2.681700000000000000e+04
2.711200314717834500e-02, 1.933000000000000000e+04
2.712995811614998462e-02, 2.250600000000000000e+04
2.714791308512162771e-02, 1.482300000000000000e+04
2.716586805409326733e-02, 1.984300000000000000e+04
2.718382302306491041e-02, 1.349800000000000000e+04
2.720177799203655003e-02, 1.923700000000000000e+04
2.721973296100819312e-02, 1.323500000000000000e+04
2.723768792997983273e-02, 1.912600000000000000e+04
2.725564289895147582e-02, 1.318900000000000000e+04
2.727359786792311544e-02, 1.887500000000000000e+04
2.729155283689475853e-02, 1.398200000000000000e+04
2.730950780586639814e-02, 2.013100000000000000e+04
2.732746277483803776e-02, 2.485000000000000000e+04
2.734541774380968085e-02, 2.539100000000000000e+04
2.736337271278132047e-02, 2.503100000000000000e+04
2.738132768175296355e-02, 2.840900000000000000e+04
2.739928265072460317e-02, 3.086000000000000000e+04
2.741723761969624626e-02, 3.217800000000000000e+04
2.743519258866788588e-02, 3.280500000000000000e+04
2.745314755763952896e-02, 3.712500000000000000e+04
2.747110252661116858e-02, 3.882200000000000000e+04
2.748905749558281167e-02, 4.671100000000000000e+04
2.750701246455445129e-02, 5.058000000000000000e+04
2.752496743352609437e-02, 5.015300000000000000e+04
2.754292240249773399e-02, 5.549800000000000000e+04
2.756087737146937708e-02, 5.835000000000000000e+04
2.757883234044101670e-02, 6.247100000000000000e+04
2.759678730941265978e-02, 6.504300000000000000e+04
2.761474227838429940e-02, 6.242000000000000000e+04
2.763269724735594249e-02, 4.143000000000000000e+03
2.765065221632758211e-02, 7.352000000000000000e+03
2.766860718529922519e-02, 1.538400000000000000e+04
2.768656215427086481e-02, 1.808900000000000000e+04
2.770451712324250790e-02, 1.936600000000000000e+04
2.772247209221414752e-02, 2.217200000000000000e+04
2.774042706118579060e-02, 2.590900000000000000e+04
2.775838203015743022e-02, 2.994200000000000000e+04
2.777633699912907331e-02, 3.234000000000000000e+04
2.779429196810071293e-02, 3.433600000000000000e+04
2.781224693707235254e-02, 4.080600000000000000e+04
2.783020190604399563e-02, 4.286800000000000000e+04
2.784815687501563525e-02, 3.711900000000000000e+04
2.786611184398727833e-02, 3.615600000000000000e+04
2.788406681295891795e-02, 4.261400000000000000e+04
2.790202178193056104e-02, 4.261500000000000000e+04
2.791997675090220066e-02, 5.211900000000000000e+04
2.793793171987384374e-02, 4.771300000000000000e+04
2.795588668884548336e-02, 5.176400000000000000e+04
2.797384165781712645e-02, 4.681400000000000000e+04
2.799179662678876607e-02, 5.116900000000000000e+04
2.800975159576040915e-02, 4.538000000000000000e+04
2.802770656473204877e-02, 4.934000000000000000e+04
2.804566153370369186e-02, 4.623500000000000000e+04
2.806361650267533148e-02, 4.552200000000000000e+04
2.808157147164697456e-02, 4.794400000000000000e+04
2.809952644061861418e-02, 4.324700000000000000e+04
2.811748140959025727e-02, 3.987700000000000000e+04
2.813543637856189689e-02, 4.006900000000000000e+04
2.815339134753353997e-02, 4.242600000000000000e+04
2.817134631650517959e-02, 3.948500000000000000e+04
2.818930128547682268e-02, 3.125000000000000000e+04
2.820725625444846230e-02, 3.035300000000000000e+04
2.822521122342010538e-02, 2.741800000000000000e+04
2.824316619239174500e-02, 2.005500000000000000e+04
2.826112116136338809e-02, 2.273900000000000000e+04
2.827907613033502771e-02, 1.468900000000000000e+04
2.829703109930666732e-02, 1.803900000000000000e+04
2.831498606827831041e-02, 1.281200000000000000e+04
2.833294103724995003e-02, 6.330000000000000000e+03
2.835089600622159312e-02, 3.466000000000000000e+03
2.836885097519323273e-02, 6.475200000000000000e+04
2.838680594416487582e-02, 6.620000000000000000e+02
2.840476091313651544e-02, 6.180300000000000000e+04
2.842271588210815852e-02, 5.363600000000000000e+04
2.844067085107979814e-02, 4.690400000000000000e+04
2.845862582005144123e-02, 4.633300000000000000e+04
2.847658078902308085e-02, 4.701500000000000000e+04
2.849453575799472393e-02, 4.172700000000000000e+04
2.851249072696636355e-02, 3.802300000000000000e+04
2.853044569593800664e-02, 3.458600000000000000e+04
2.854840066490964626e-02, 3.209600000000000000e+04
2.856635563388128934e-02, 3.061000000000000000e+04
2.858431060285292896e-02, 2.944500000000000000e+04
2.860226557182457205e-02, 2.172400000000000000e+04
2.862022054079621167e-02, 2.379300000000000000e+04
2.863817550976785475e-02, 2.632800000000000000e+04
2.865613047873949437e-02, 1.794500000000000000e+04
2.867408544771113746e-02, 2.149700000000000000e+04
2.869204041668277708e-02, 1.377700000000000000e+04
2.870999538565442016e-02, 1.914100000000000000e+04
2.872795035462605978e-02, 1.211600000000000000e+04
2.874590532359769940e-02, 1.859000000000000000e+04
2.876386029256934249e-02, 1.218600000000000000e+04
2.878181526154098210e-02, 1.871000000000000000e+04
2.879977023051262519e-02, 1.226300000000000000e+04
2.881772519948426481e-02, 1.874900000000000000e+04
2.883568016845590790e-02, 1.679100000000000000e+04
2.885363513742754751e-02, 2.310300000000000000e+04
2.887159010639919060e-02, 2.333700000000000000e+04
2.888954507537083022e-02, 2.527900000000000000e+04
2.890750004434247331e-02, 2.649600000000000000e+04
2.892545501331411292e-02, 2.981900000000000000e+04
2.894340998228575601e-02, 3.203000000000000000e+04
2.896136495125739563e-02, 3.318400000000000000e+04
2.897931992022903872e-02, 3.372500000000000000e+04
2.899727488920067833e-02, 3.631000000000000000e+04
2.901522985817232142e-02, 3.900300000000000000e+04
2.903318482714396104e-02, 4.515200000000000000e+04
2.905113979611560412e-02, 5.061100000000000000e+04
2.906909476508724374e-02, 5.094300000000000000e+04
2.908704973405888683e-02, 5.413800000000000000e+04
2.910500470303052645e-02, 5.834800000000000000e+04
2.912295967200216953e-02, 6.178300000000000000e+04
2.914091464097380915e-02, 9.820000000000000000e+02
2.915886960994545224e-02, 6.462600000000000000e+04
2.917682457891709186e-02, 3.281000000000000000e+03
2.919477954788873494e-02, 9.885000000000000000e+03
2.921273451686037456e-02, 1.589800000000000000e+04
2.923068948583201418e-02, 1.775500000000000000e+04
2.924864445480365727e-02, 2.084200000000000000e+04
2.926659942377529688e-02, 2.186500000000000000e+04
2.928455439274693997e-02, 2.611700000000000000e+04
2.930250936171857959e-02, 2.985700000000000000e+04
2.932046433069022268e-02, 3.169200000000000000e+04
2.933841929966186229e-02, 3.374300000000000000e+04
2.935637426863350538e-02, 3.870000000000000000e+04
2.937432923760514500e-02, 4.222900000000000000e+04
2.939228420657678809e-02, 4.099000000000000000e+04
2.941023917554842770e-02, 3.879700000000000000e+04
2.942819414452007079e-02, 4.112000000000000000e+04
2.944614911349171041e-02, 4.478300000000000000e+04
2.946410408246335350e-02, 5.385300000000000000e+04
2.948205905143499311e-02, 4.770700000000000000e+04
2.950001402040663620e-02, 5.307400000000000000e+04
2.951796898937827582e-02, 4.678100000000000000e+04
2.953592395834991891e-02, 5.104200000000000000e+04
2.955387892732155852e-02, 4.624100000000000000e+04
2.957183389629320161e-02, 4.632000000000000000e+04
2.958978886526484123e-02, 4.754200000000000000e+04
2.960774383423648431e-02, 4.227900000000000000e+04
2.962569880320812393e-02, 4.600700000000000000e+04
2.964365377217976702e-02, 4.252200000000000000e+04
2.966160874115140664e-02, 3.948400000000000000e+04
2.967956371012304972e-02, 3.818600000000000000e+04
2.969751867909468934e-02, 3.926200000000000000e+04
2.971547364806632896e-02, 3.649000000000000000e+04
2.973342861703797205e-02, 3.034000000000000000e+04
2.975138358600961166e-02, 3.001500000000000000e+04
2.976933855498125475e-02, 2.815900000000000000e+04
2.978729352395289437e-02, 1.965100000000000000e+04
2.980524849292453746e-02, 2.271600000000000000e+04
2.982320346189617707e-02, 1.466500000000000000e+04
2.984115843086782016e-02, 1.439200000000000000e+04
2.985911339983945978e-02, 1.308500000000000000e+04
2.987706836881110287e-02, 2.499000000000000000e+03
2.989502333778274248e-02, 3.119000000000000000e+03
2.991297830675438557e-02, 6.496400000000000000e+04
2.993093327572602519e-02, 6.307300000000000000e+04
2.994888824469766828e-02, 6.052200000000000000e+04
2.996684321366930789e-02, 5.208700000000000000e+04
2.998479818264095098e-02, 4.852900000000000000e+04
3.000275315161259060e-02, 4.669500000000000000e+04
3.002070812058423369e-02, 4.440100000000000000e+04
3.003866308955587330e-02, 4.308100000000000000e+04
3.005661805852751639e-02, 3.905700000000000000e+04
3.007457302749915601e-02, 3.587500000000000000e+04
3.009252799647079910e-02, 2.960900000000000000e+04
3.011048296544243871e-02, 2.892600000000000000e+04
3.012843793441408180e-02, 2.891800000000000000e+04
3.014639290338572142e-02, 2.364600000000000000e+04
3.016434787235736451e-02, 2.218600000000000000e+04
3.018230284132900412e-02, 2.519000000000000000e+04
3.020025781030064374e-02, 1.843200000000000000e+04
3.021821277927228683e-02, 2.025400000000000000e+04
3.023616774824392645e-02, 1.490900000000000000e+04
3.025412271721556953e-02, 1.837100000000000000e+04
3.027207768618720915e-02, 1.401500000000000000e+04
3.029003265515885224e-02, 1.797300000000000000e+04
3.030798762413049185e-02, 1.384500000000000000e+04
3.032594259310213494e-02, 1.790300000000000000e+04
3.034389756207377456e-02, 1.381600000000000000e+04
3.036185253104541765e-02, 1.789100000000000000e+04
3.037980750001705726e-02, 1.931200000000000000e+04
3.039776246898870035e-02, 2.559400000000000000e+04
3.041571743796033997e-02, 2.156400000000000000e+04
3.043367240693198306e-02, 2.441000000000000000e+04
3.045162737590362267e-02, 2.666600000000000000e+04
3.046958234487526576e-02, 2.985000000000000000e+04
3.048753731384690538e-02, 3.131100000000000000e+04
3.050549228281854847e-02, 3.258300000000000000e+04
3.052344725179018808e-02, 3.330400000000000000e+04
3.054140222076183117e-02, 3.661500000000000000e+04
3.055935718973347079e-02, 4.168900000000000000e+04
3.057731215870511388e-02, 4.548700000000000000e+04
3.059526712767675349e-02, 5.035900000000000000e+04
3.061322209664839658e-02, 5.296600000000000000e+04
3.063117706562003620e-02, 5.294800000000000000e+04
3.064913203459167929e-02, 5.720000000000000000e+04
3.066708700356331890e-02, 6.030500000000000000e+04
3.068504197253495852e-02, 2.208000000000000000e+03
3.070299694150660161e-02, 2.503000000000000000e+03
3.072095191047824123e-02, 4.562000000000000000e+03
3.073890687944988431e-02, 1.183100000000000000e+04
3.075686184842152393e-02, 1.422400000000000000e+04
3.077481681739316702e-02, 1.656700000000000000e+04
3.079277178636480664e-02, 2.062600000000000000e+04
3.081072675533644972e-02, 2.003100000000000000e+04
3.082868172430808934e-02, 2.479000000000000000e+04
3.084663669327973243e-02, 2.848600000000000000e+04
3.086459166225137205e-02, 3.597700000000000000e+04
3.088254663122301513e-02, 3.712800000000000000e+04
3.090050160019465475e-02, 3.880700000000000000e+04
3.091845656916629784e-02, 4.000400000000000000e+04
3.093641153813793745e-02, 4.240200000000000000e+04
3.095436650710958054e-02, 4.024400000000000000e+04
3.097232147608122016e-02, 4.021100000000000000e+04
3.099027644505286325e-02, 4.658400000000000000e+04
3.100823141402450286e-02, 5.473800000000000000e+04
3.102618638299614595e-02, 4.819400000000000000e+04
3.104414135196778557e-02, 5.381200000000000000e+04
3.106209632093942866e-02, 4.733000000000000000e+04
3.108005128991106827e-02, 4.931600000000000000e+04
3.109800625888271136e-02, 4.728000000000000000e+04
3.111596122785435098e-02, 4.534900000000000000e+04
3.113391619682599407e-02, 4.856300000000000000e+04
3.115187116579763368e-02, 4.441900000000000000e+04
3.116982613476927330e-02, 4.593000000000000000e+04
3.118778110374091639e-02, 4.523800000000000000e+04
3.120573607271255601e-02, 4.117800000000000000e+04
3.122369104168419909e-02, 3.869100000000000000e+04
3.124164601065583871e-02, 3.805400000000000000e+04
3.125960097962748180e-02, 3.521400000000000000e+04
3.127755594859912142e-02, 3.092600000000000000e+04
3.129551091757076103e-02, 3.093500000000000000e+04
3.131346588654240759e-02, 2.617500000000000000e+04
3.133142085551404721e-02, 2.080700000000000000e+04
3.134937582448568683e-02, 2.036500000000000000e+04
3.136733079345732644e-02, 1.352900000000000000e+04
3.138528576242897300e-02, 1.194900000000000000e+04
3.140324073140061262e-02, 1.140500000000000000e+04
3.142119570037225224e-02, 1.181000000000000000e+03
3.143915066934389185e-02, 4.007000000000000000e+03
3.145710563831553841e-02, 1.656000000000000000e+03
3.147506060728717803e-02, 6.271900000000000000e+04
3.149301557625881764e-02, 5.848500000000000000e+04
3.151097054523045726e-02, 5.159800000000000000e+04
3.152892551420210382e-02, 4.881700000000000000e+04
3.154688048317374344e-02, 4.800600000000000000e+04
3.156483545214538305e-02, 4.392100000000000000e+04
3.158279042111702267e-02, 4.383700000000000000e+04
3.160074539008866923e-02, 3.975900000000000000e+04
3.161870035906030885e-02, 3.686500000000000000e+04
3.163665532803194846e-02, 2.982100000000000000e+04
3.165461029700358808e-02, 2.688500000000000000e+04
3.167256526597522770e-02, 2.750500000000000000e+04
3.169052023494687426e-02, 2.466500000000000000e+04
3.170847520391851387e-02, 2.230500000000000000e+04
3.172643017289015349e-02, 2.410800000000000000e+04
3.174438514186179311e-02, 2.165400000000000000e+04
3.176234011083343967e-02, 1.911900000000000000e+04
3.178029507980507928e-02, 1.811000000000000000e+04
3.179825004877671890e-02, 1.722800000000000000e+04
3.181620501774835852e-02, 1.721200000000000000e+04
3.183415998672000508e-02, 1.682900000000000000e+04
3.185211495569164469e-02, 1.704200000000000000e+04
3.187006992466328431e-02, 1.675800000000000000e+04
3.188802489363492393e-02, 1.701300000000000000e+04
3.190597986260657049e-02, 1.674600000000000000e+04
3.192393483157821010e-02, 2.042300000000000000e+04
3.194188980054984972e-02, 2.649100000000000000e+04
3.195984476952148934e-02, 2.020400000000000000e+04
3.197779973849313589e-02, 2.308400000000000000e+04
3.199575470746477551e-02, 2.601600000000000000e+04
3.201370967643641513e-02, 2.920800000000000000e+04
3.203166464540805475e-02, 3.111000000000000000e+04
3.204961961437970130e-02, 3.205900000000000000e+04
3.206757458335134092e-02, 3.300600000000000000e+04
3.208552955232298054e-02, 3.917100000000000000e+04
3.210348452129462016e-02, 4.229700000000000000e+04
3.212143949026625978e-02, 4.730900000000000000e+04
3.213939445923790633e-02, 4.880700000000000000e+04
3.215734942820954595e-02, 5.304200000000000000e+04
3.217530439718118557e-02, 5.448300000000000000e+04
3.219325936615282518e-02, 5.867600000000000000e+04
3.221121433512447174e-02, 6.147900000000000000e+04
3.222916930409611136e-02, 9.360000000000000000e+02
3.224712427306775098e-02, 6.771000000000000000e+03
3.226507924203939059e-02, 7.669000000000000000e+03
3.228303421101103715e-02, 1.218500000000000000e+04
3.230098917998267677e-02, 1.614000000000000000e+04
3.231894414895431639e-02, 2.062200000000000000e+04
3.233689911792595600e-02, 2.070600000000000000e+04
3.235485408689760256e-02, 2.056500000000000000e+04
3.237280905586924218e-02, 2.504000000000000000e+04
3.239076402484088180e-02, 2.824400000000000000e+04
3.240871899381252141e-02, 3.469200000000000000e+04
3.242667396278416797e-02, 3.928600000000000000e+04
3.244462893175580759e-02, 3.916400000000000000e+04
3.246258390072744721e-02, 3.863100000000000000e+04
3.248053886969908682e-02, 4.029800000000000000e+04
3.249849383867073338e-02, 4.196100000000000000e+04
3.251644880764237300e-02, 4.035800000000000000e+04
3.253440377661401262e-02, 4.838500000000000000e+04
3.255235874558565223e-02, 5.369200000000000000e+04
3.257031371455729879e-02, 4.895400000000000000e+04
3.258826868352893841e-02, 5.240700000000000000e+04
3.260622365250057803e-02, 4.796700000000000000e+04
3.262417862147221764e-02, 4.636500000000000000e+04
3.264213359044385726e-02, 4.832500000000000000e+04
3.266008855941550382e-02, 4.453500000000000000e+04
3.267804352838714343e-02, 4.998300000000000000e+04
3.269599849735878305e-02, 4.482400000000000000e+04
3.271395346633042267e-02, 4.359300000000000000e+04
3.273190843530206923e-02, 4.392700000000000000e+04
3.274986340427370884e-02, 4.260800000000000000e+04
3.276781837324534846e-02, 3.964900000000000000e+04
3.278577334221698808e-02, 3.799100000000000000e+04
3.280372831118863464e-02, 3.524700000000000000e+04
3.282168328016027425e-02, 3.238100000000000000e+04
3.283963824913191387e-02, 3.115300000000000000e+04
3.285759321810355349e-02, 2.582100000000000000e+04
3.287554818707520005e-02, 2.264400000000000000e+04
3.289350315604683966e-02, 1.939900000000000000e+04
3.291145812501847928e-02, 1.797600000000000000e+04
3.292941309399011890e-02, 1.347500000000000000e+04
3.294736806296176546e-02, 1.044900000000000000e+04
3.296532303193340507e-02, 2.110000000000000000e+03
3.298327800090504469e-02, 1.838000000000000000e+03
3.300123296987668431e-02, 1.624000000000000000e+03
3.301918793884833087e-02, 6.253800000000000000e+04
3.303714290781997048e-02, 5.646200000000000000e+04
3.305509787679161010e-02, 5.211700000000000000e+04
3.307305284576324972e-02, 4.743900000000000000e+04
3.309100781473488934e-02, 4.997200000000000000e+04
3.310896278370653589e-02, 4.481400000000000000e+04
3.312691775267817551e-02, 4.298800000000000000e+04
3.314487272164981513e-02, 3.836200000000000000e+04
3.316282769062145475e-02, 3.600800000000000000e+04
3.318078265959310130e-02, 3.087800000000000000e+04
3.319873762856474092e-02, 2.576400000000000000e+04
3.321669259753638054e-02, 2.648800000000000000e+04
3.323464756650802016e-02, 2.584300000000000000e+04
3.325260253547966671e-02, 2.514500000000000000e+04
3.327055750445130633e-02, 2.245800000000000000e+04
3.328851247342294595e-02, 2.282000000000000000e+04
3.330646744239458557e-02, 1.752800000000000000e+04
3.332442241136623212e-02, 1.960400000000000000e+04
3.334237738033787174e-02, 1.586300000000000000e+04
3.336033234930951136e-02, 1.882600000000000000e+04
3.337828731828115097e-02, 1.552000000000000000e+04
3.339624228725279753e-02, 1.868000000000000000e+04
3.341419725622443715e-02, 1.546000000000000000e+04
3.343215222519607677e-02, 2.063300000000000000e+04
3.345010719416771638e-02, 1.840700000000000000e+04
3.346806216313936294e-02, 2.208100000000000000e+04
3.348601713211100256e-02, 2.719000000000000000e+04
3.350397210108264218e-02, 2.328300000000000000e+04
3.352192707005428179e-02, 2.214700000000000000e+04
3.353988203902592141e-02, 2.520800000000000000e+04
3.355783700799756797e-02, 2.801600000000000000e+04
3.357579197696920759e-02, 2.962800000000000000e+04
3.359374694594084720e-02, 3.041900000000000000e+04
3.361170191491248682e-02, 3.528800000000000000e+04
3.362965688388413338e-02, 4.001300000000000000e+04
3.364761185285577300e-02, 4.503100000000000000e+04
3.366556682182741261e-02, 4.746100000000000000e+04
3.368352179079905223e-02, 4.990000000000000000e+04
3.370147675977069879e-02, 5.511300000000000000e+04
3.371943172874233841e-02, 5.789700000000000000e+04
3.373738669771397802e-02, 5.931400000000000000e+04
3.375534166668561764e-02, 6.215200000000000000e+04
3.377329663565726420e-02, 6.402400000000000000e+04
3.379125160462890382e-02, 6.754000000000000000e+03
3.380920657360054343e-02, 6.734000000000000000e+03
3.382716154257218305e-02, 1.162600000000000000e+04
3.384511651154382961e-02, 1.763900000000000000e+04
3.386307148051546922e-02, 2.036100000000000000e+04
3.388102644948710884e-02, 1.995100000000000000e+04
3.389898141845874846e-02, 2.183900000000000000e+04
3.391693638743039502e-02, 2.624200000000000000e+04
3.393489135640203463e-02, 2.913900000000000000e+04
3.395284632537367425e-02, 3.349500000000000000e+04
3.397080129434531387e-02, 4.154700000000000000e+04
3.398875626331696043e-02, 4.021600000000000000e+04
3.400671123228860004e-02, 3.852900000000000000e+04
3.402466620126023966e-02, 3.706100000000000000e+04
3.404262117023187928e-02, 4.081200000000000000e+04
3.406057613920351890e-02, 3.939900000000000000e+04
3.407853110817516545e-02, 4.881100000000000000e+04
3.409648607714680507e-02, 4.969900000000000000e+04
3.411444104611844469e-02, 4.962300000000000000e+04
3.413239601509008431e-02, 4.897200000000000000e+04
3.415035098406173086e-02, 4.900200000000000000e+04
3.416830595303337048e-02, 4.520700000000000000e+04
3.418626092200501010e-02, 4.974000000000000000e+04
3.420421589097664972e-02, 4.472400000000000000e+04
3.422217085994829627e-02, 4.999900000000000000e+04
3.424012582891993589e-02, 4.576000000000000000e+04
3.425808079789157551e-02, 4.269400000000000000e+04
3.427603576686321513e-02, 4.112100000000000000e+04
3.429399073583486168e-02, 4.281800000000000000e+04
3.431194570480650130e-02, 4.110300000000000000e+04
3.432990067377814092e-02, 3.593800000000000000e+04
3.434785564274978054e-02, 3.327800000000000000e+04
3.436581061172142709e-02, 3.204900000000000000e+04
3.438376558069306671e-02, 2.751600000000000000e+04
3.440172054966470633e-02, 2.412000000000000000e+04
3.441967551863634595e-02, 2.417100000000000000e+04
3.443763048760799250e-02, 1.851600000000000000e+04
3.445558545657963212e-02, 2.037300000000000000e+04
3.447354042555127174e-02, 1.462900000000000000e+04
3.449149539452291136e-02, 1.049500000000000000e+04
3.450945036349455097e-02, 3.963000000000000000e+03
3.452740533246619753e-02, 6.422500000000000000e+04
3.454536030143783715e-02, 3.028000000000000000e+03
3.456331527040947676e-02, 6.097100000000000000e+04
3.458127023938111638e-02, 5.688100000000000000e+04
3.459922520835276294e-02, 5.085100000000000000e+04
3.461718017732440256e-02, 4.503300000000000000e+04
3.463513514629604217e-02, 4.895500000000000000e+04
3.465309011526768179e-02, 4.379100000000000000e+04
3.467104508423932835e-02, 4.147900000000000000e+04
3.468900005321096797e-02, 3.778600000000000000e+04
3.470695502218260758e-02, 3.544900000000000000e+04
3.472490999115424720e-02, 3.190700000000000000e+04
3.474286496012589376e-02, 2.764900000000000000e+04
3.476081992909753338e-02, 2.465800000000000000e+04
3.477877489806917299e-02, 2.564300000000000000e+04
3.479672986704081261e-02, 2.658800000000000000e+04
3.481468483601245917e-02, 2.059500000000000000e+04
3.483263980498409879e-02, 2.288400000000000000e+04
3.485059477395573840e-02, 1.589600000000000000e+04
3.486854974292737802e-02, 2.000700000000000000e+04
3.488650471189902458e-02, 1.444300000000000000e+04
3.490445968087066420e-02, 1.933700000000000000e+04
3.492241464984230381e-02, 1.415000000000000000e+04
3.494036961881394343e-02, 1.880000000000000000e+04
3.495832458778558999e-02, 1.437400000000000000e+04
3.497627955675722961e-02, 1.902800000000000000e+04
3.499423452572886922e-02, 1.450800000000000000e+04
3.501218949470050884e-02, 2.021700000000000000e+04
3.503014446367214846e-02, 2.569800000000000000e+04
3.504809943264379501e-02, 2.490300000000000000e+04
3.506605440161543463e-02, 2.308400000000000000e+04
3.508400937058707425e-02, 2.642600000000000000e+04
3.510196433955871387e-02, 2.903600000000000000e+04
3.511991930853036042e-02, 3.047200000000000000e+04
3.513787427750200004e-02, 3.116300000000000000e+04
3.515582924647363966e-02, 3.697400000000000000e+04
3.517378421544527928e-02, 3.934100000000000000e+04
3.519173918441692583e-02, 4.808000000000000000e+04
3.520969415338856545e-02, 5.008900000000000000e+04
3.522764912236020507e-02, 5.158100000000000000e+04
3.524560409133184469e-02, 5.659200000000000000e+04
3.526355906030349124e-02, 5.965700000000000000e+04
3.528151402927513086e-02, 6.337500000000000000e+04
3.529946899824677048e-02, 9.700000000000000000e+01
3.531742396721841010e-02, 6.248900000000000000e+04
3.533537893619005665e-02, 6.035000000000000000e+03
3.535333390516169627e-02, 6.513000000000000000e+03
3.537128887413333589e-02, 1.356300000000000000e+04
3.538924384310497551e-02, 1.897900000000000000e+04
3.540719881207662206e-02, 1.913400000000000000e+04
3.542515378104826168e-02, 2.091000000000000000e+04
3.544310875001990130e-02, 2.408300000000000000e+04
3.546106371899154092e-02, 2.828700000000000000e+04
3.547901868796318053e-02, 3.087800000000000000e+04
3.549697365693482709e-02, 3.431600000000000000e+04
3.551492862590646671e-02, 4.306100000000000000e+04
3.553288359487810633e-02, 4.143400000000000000e+04
3.555083856384974594e-02, 3.908300000000000000e+04
3.556879353282139250e-02, 3.803800000000000000e+04
3.558674850179303212e-02, 4.467100000000000000e+04
3.560470347076467174e-02, 4.210800000000000000e+04
3.562265843973631135e-02, 5.126600000000000000e+04
3.564061340870795791e-02, 4.832900000000000000e+04
3.565856837767959753e-02, 5.096700000000000000e+04
3.567652334665123715e-02, 4.732800000000000000e+04
3.569447831562287676e-02, 5.029200000000000000e+04
3.571243328459452332e-02, 4.508200000000000000e+04
3.573038825356616294e-02, 5.069000000000000000e+04
3.574834322253780255e-02, 4.550100000000000000e+04
3.576629819150944217e-02, 4.694400000000000000e+04
3.578425316048108873e-02, 4.700900000000000000e+04
3.580220812945272835e-02, 4.311000000000000000e+04
3.582016309842436796e-02, 4.046200000000000000e+04
3.583811806739600758e-02, 4.110200000000000000e+04
3.585607303636765414e-02, 4.230100000000000000e+04
3.587402800533929376e-02, 3.969900000000000000e+04
3.589198297431093337e-02, 3.270100000000000000e+04
3.590993794328257299e-02, 3.142200000000000000e+04
3.592789291225421955e-02, 2.714900000000000000e+04
3.594584788122585917e-02, 2.151400000000000000e+04
3.596380285019749878e-02, 2.332000000000000000e+04
3.598175781916913840e-02, 1.594200000000000000e+04
3.599971278814077802e-02, 1.983800000000000000e+04
3.601766775711242458e-02, 1.336900000000000000e+04
3.603562272608406419e-02, 8.585000000000000000e+03
3.605357769505570381e-02, 3.471000000000000000e+03
3.607153266402734343e-02, 6.207800000000000000e+04
3.608948763299898999e-02, 1.350000000000000000e+03
3.610744260197062960e-02, 6.038700000000000000e+04
3.612539757094226922e-02, 5.594900000000000000e+04
3.614335253991390884e-02, 4.914800000000000000e+04
3.616130750888555540e-02, 4.580700000000000000e+04
3.617926247785719501e-02, 4.872900000000000000e+04
3.619721744682883463e-02, 4.284900000000000000e+04
3.621517241580047425e-02, 3.941400000000000000e+04
3.623312738477212080e-02, 3.577600000000000000e+04
3.625108235374376042e-02, 3.362100000000000000e+04
3.626903732271540004e-02, 3.142400000000000000e+04
3.628699229168703966e-02, 2.921900000000000000e+04
3.630494726065868621e-02, 2.261000000000000000e+04
3.632290222963032583e-02, 2.469500000000000000e+04
3.634085719860196545e-02, 2.673700000000000000e+04
3.635881216757360507e-02, 1.868900000000000000e+04
3.637676713654525162e-02, 2.221800000000000000e+04
3.639472210551689124e-02, 1.429500000000000000e+04
3.641267707448853086e-02, 1.950300000000000000e+04
3.643063204346017048e-02, 1.332300000000000000e+04
3.644858701243181009e-02, 1.915600000000000000e+04
3.646654198140345665e-02, 1.319900000000000000e+04
3.648449695037509627e-02, 1.911100000000000000e+04
3.650245191934673589e-02, 1.318300000000000000e+04
3.652040688831837550e-02, 1.910500000000000000e+04
3.653836185729002206e-02, 1.465300000000000000e+04
3.655631682626166168e-02, 2.083500000000000000e+04
3.657427179523330130e-02, 2.440400000000000000e+04
3.659222676420494091e-02, 2.546600000000000000e+04
3.661018173317658747e-02, 2.569700000000000000e+04
3.662813670214822709e-02, 2.906600000000000000e+04
3.664609167111986671e-02, 3.143600000000000000e+04
3.666404664009150632e-02, 3.269700000000000000e+04
3.668200160906315288e-02, 3.202900000000000000e+04
3.669995657803479250e-02, 3.650700000000000000e+04
3.671791154700643212e-02, 3.848000000000000000e+04
3.673586651597807173e-02, 4.654500000000000000e+04
3.675382148494971829e-02, 5.050600000000000000e+04
3.677177645392135791e-02, 5.012100000000000000e+04
3.678973142289299753e-02, 5.548400000000000000e+04
3.680768639186463714e-02, 5.943600000000000000e+04
3.682564136083628370e-02, 6.303900000000000000e+04
3.684359632980792332e-02, 8.000000000000000000e+01
3.686155129877956294e-02, 6.310200000000000000e+04
3.687950626775120255e-02, 3.616000000000000000e+03
3.689746123672284217e-02, 8.091000000000000000e+03
3.691541620569448873e-02, 1.593400000000000000e+04
3.693337117466612834e-02, 1.776500000000000000e+04
3.695132614363776796e-02, 1.973100000000000000e+04
3.696928111260940758e-02, 2.019200000000000000e+04
3.698723608158105414e-02, 2.420100000000000000e+04
3.700519105055269375e-02, 2.897700000000000000e+04
3.702314601952433337e-02, 3.186900000000000000e+04
3.704110098849597299e-02, 3.412300000000000000e+04
3.705905595746761955e-02, 4.071500000000000000e+04
3.707701092643925916e-02, 4.282900000000000000e+04
3.709496589541089878e-02, 4.012400000000000000e+04
3.711292086438253840e-02, 3.824600000000000000e+04
3.713087583335418496e-02, 4.260400000000000000e+04
3.714883080232582457e-02, 4.365200000000000000e+04
3.716678577129746419e-02, 5.285900000000000000e+04
3.718474074026910381e-02, 4.769400000000000000e+04
3.720269570924075037e-02, 5.222700000000000000e+04
3.722065067821238998e-02, 4.673200000000000000e+04
3.723860564718402960e-02, 5.162200000000000000e+04
3.725656061615566922e-02, 4.562300000000000000e+04
3.727451558512731578e-02, 4.981300000000000000e+04
3.729247055409895539e-02, 4.654200000000000000e+04
3.731042552307059501e-02, 4.568000000000000000e+04
3.732838049204223463e-02, 4.801800000000000000e+04
3.734633546101388119e-02, 4.328000000000000000e+04
3.736429042998552080e-02, 3.989100000000000000e+04
3.738224539895716042e-02, 3.899200000000000000e+04
3.740020036792880004e-02, 4.127600000000000000e+04
3.741815533690043966e-02, 3.848100000000000000e+04
3.743611030587208621e-02, 3.070000000000000000e+04
3.745406527484372583e-02, 3.004800000000000000e+04
3.747202024381536545e-02, 2.772000000000000000e+04
3.748997521278700507e-02, 1.970400000000000000e+04
3.750793018175865162e-02, 2.274000000000000000e+04
3.752588515073029124e-02, 1.446300000000000000e+04
3.754384011970193086e-02, 1.681700000000000000e+04
3.756179508867357048e-02, 1.396900000000000000e+04
3.757975005764521703e-02, 7.382000000000000000e+03
3.759770502661685665e-02, 4.069000000000000000e+03
3.761565999558849627e-02, 6.504800000000000000e+04
3.763361496456013588e-02, 7.960000000000000000e+02
3.765156993353178244e-02, 6.186100000000000000e+04
3.766952490250342206e-02, 5.429900000000000000e+04
3.768747987147506168e-02, 4.785400000000000000e+04
3.770543484044670129e-02, 4.703100000000000000e+04
3.772338980941834785e-02, 4.639500000000000000e+04
3.774134477838998747e-02, 4.193600000000000000e+04
3.775929974736162709e-02, 3.805100000000000000e+04
3.777725471633326670e-02, 3.467700000000000000e+04
3.779520968530491326e-02, 3.129500000000000000e+04
3.781316465427655288e-02, 3.010400000000000000e+04
3.783111962324819250e-02, 2.937100000000000000e+04
3.784907459221983211e-02, 2.198800000000000000e+04
3.786702956119147173e-02, 2.638200000000000000e+04
3.788498453016311829e-02, 2.813900000000000000e+04
3.790293949913475791e-02, 1.890700000000000000e+04
3.792089446810639752e-02, 2.195200000000000000e+04
3.793884943707803714e-02, 1.397900000000000000e+04
3.795680440604968370e-02, 1.922700000000000000e+04
3.797475937502132332e-02, 1.266400000000000000e+04
3.799271434399296293e-02, 1.863600000000000000e+04
3.801066931296460255e-02, 1.240900000000000000e+04
3.802862428193624911e-02, 1.853000000000000000e+04
3.804657925090788873e-02, 1.236600000000000000e+04
3.806453421987952834e-02, 1.851200000000000000e+04
3.808248918885116796e-02, 1.782200000000000000e+04
3.810044415782281452e-02, 2.414700000000000000e+04
3.811839912679445413e-02, 2.276500000000000000e+04
3.813635409576609375e-02, 2.505700000000000000e+04
3.815430906473773337e-02, 2.865100000000000000e+04
3.817226403370937993e-02, 3.214300000000000000e+04
3.819021900268101954e-02, 3.341200000000000000e+04
3.820817397165265916e-02, 3.387300000000000000e+04
3.822612894062429878e-02, 3.404100000000000000e+04
3.824408390959594534e-02, 3.644800000000000000e+04
3.826203887856758495e-02, 4.074800000000000000e+04
3.827999384753922457e-02, 4.548300000000000000e+04
3.829794881651086419e-02, 5.106500000000000000e+04
3.831590378548251075e-02, 5.209300000000000000e+04
3.833385875445415036e-02, 5.343500000000000000e+04
3.835181372342578998e-02, 5.763600000000000000e+04
3.836976869239742960e-02, 6.094100000000000000e+04
3.838772366136906922e-02, 1.736000000000000000e+03
3.840567863034071577e-02, 1.040000000000000000e+02
3.842363359931235539e-02, 3.503000000000000000e+03
3.844158856828399501e-02, 1.094500000000000000e+04
3.845954353725563463e-02, 1.408300000000000000e+04
3.847749850622728118e-02, 1.632800000000000000e+04
3.849545347519892080e-02, 2.005600000000000000e+04
3.851340844417056042e-02, 2.148600000000000000e+04
3.853136341314220004e-02, 2.594600000000000000e+04
3.854931838211384659e-02, 2.978400000000000000e+04
3.856727335108548621e-02, 3.477200000000000000e+04
3.858522832005712583e-02, 3.586300000000000000e+04
3.860318328902876545e-02, 3.914000000000000000e+04
3.862113825800041200e-02, 4.189200000000000000e+04
3.863909322697205162e-02, 4.172300000000000000e+04
3.865704819594369124e-02, 3.927700000000000000e+04
3.867500316491533086e-02, 4.069000000000000000e+04
3.869295813388697741e-02, 4.538500000000000000e+04
3.871091310285861703e-02, 5.433600000000000000e+04
3.872886807183025665e-02, 4.781700000000000000e+04
3.874682304080189627e-02, 5.349500000000000000e+04
3.876477800977354282e-02, 4.706700000000000000e+04
3.878273297874518244e-02, 5.119200000000000000e+04
3.880068794771682206e-02, 4.631200000000000000e+04
3.881864291668846167e-02, 4.635100000000000000e+04
3.883659788566010129e-02, 4.755600000000000000e+04
3.885455285463174785e-02, 4.450900000000000000e+04
3.887250782360338747e-02, 4.795400000000000000e+04
3.889046279257502708e-02, 4.433100000000000000e+04
3.890841776154666670e-02, 4.045000000000000000e+04
3.892637273051831326e-02, 3.845900000000000000e+04
3.894432769948995288e-02, 3.877800000000000000e+04
3.896228266846159249e-02, 3.591900000000000000e+04
3.898023763743323211e-02, 3.042700000000000000e+04
3.899819260640487867e-02, 3.021800000000000000e+04
3.901614757537651829e-02, 2.780800000000000000e+04
3.903410254434815790e-02, 1.989500000000000000e+04
3.905205751331979752e-02, 2.380000000000000000e+04
3.907001248229144408e-02, 1.540600000000000000e+04
3.908796745126308370e-02, 1.478300000000000000e+04
3.910592242023472331e-02, 1.326900000000000000e+04
3.912387738920636293e-02, 2.580000000000000000e+03
3.914183235817800949e-02, 4.619000000000000000e+03
3.915978732714964911e-02, 1.538000000000000000e+03
3.917774229612128872e-02, 6.324200000000000000e+04
3.919569726509292834e-02, 6.030400000000000000e+04
3.921365223406457490e-02, 5.170200000000000000e+04
3.923160720303621452e-02, 4.890400000000000000e+04
3.924956217200785413e-02, 4.685800000000000000e+04
3.926751714097949375e-02, 4.386000000000000000e+04
3.928547210995113337e-02, 4.355600000000000000e+04
3.930342707892277992e-02, 3.949100000000000000e+04
3.932138204789441954e-02, 3.640400000000000000e+04
3.933933701686605916e-02, 2.874600000000000000e+04
3.935729198583769878e-02, 2.824400000000000000e+04
3.937524695480934533e-02, 2.854100000000000000e+04
3.939320192378098495e-02, 2.346400000000000000e+04
3.941115689275262457e-02, 2.210400000000000000e+04
3.942911186172426419e-02, 2.515500000000000000e+04
3.944706683069591074e-02, 2.010500000000000000e+04
3.946502179966755036e-02, 2.014100000000000000e+04
3.948297676863918998e-02, 1.630400000000000000e+04
