0.000000000000000000e+00, 2.828200000000000000e+04
2.448559857009507048e-05, 2.718800000000000000e+04
4.897119714019014096e-05, 2.389100000000000000e+04
7.345679571028521484e-05, 1.905600000000000000e+04
9.794239428038028193e-05, 1.280500000000000000e+04
1.224279928504753490e-04, 8.220000000000000000e+03
1.469135914205704297e-04, 4.608000000000000000e+03
1.713991899906654832e-04, 4.433000000000000000e+03
1.958847885607605639e-04, 6.227000000000000000e+03
2.203703871308556445e-04, 9.422000000000000000e+03
2.448559857009506980e-04, 1.430100000000000000e+04
2.693415842710457516e-04, 2.061100000000000000e+04
2.938271828411408593e-04, 2.474000000000000000e+04
3.183127814112359129e-04, 2.743800000000000000e+04
3.427983799813309664e-04, 2.820400000000000000e+04
3.672839785514260742e-04, 2.717100000000000000e+04
3.917695771215211277e-04, 2.176200000000000000e+04
4.162551756916161813e-04, 1.735800000000000000e+04
4.407407742617112890e-04, 1.200200000000000000e+04
4.652263728318063426e-04, 6.395000000000000000e+03
4.897119714019013961e-04, 3.705000000000000000e+03
5.141975699719964496e-04, 3.223000000000000000e+03
5.386831685420915032e-04, 6.543000000000000000e+03
5.631687671121866651e-04, 1.146700000000000000e+04
5.876543656822817187e-04, 1.677100000000000000e+04
6.121399642523767722e-04, 2.178000000000000000e+04
6.366255628224718258e-04, 2.617500000000000000e+04
6.611111613925668793e-04, 2.874900000000000000e+04
6.855967599626619328e-04, 2.794300000000000000e+04
7.100823585327570948e-04, 2.596800000000000000e+04
7.345679571028521484e-04, 2.117900000000000000e+04
7.590535556729472019e-04, 1.714100000000000000e+04
7.835391542430422554e-04, 1.077500000000000000e+04
8.080247528131373090e-04, 6.110000000000000000e+03
8.325103513832323625e-04, 3.966000000000000000e+03
8.569959499533275245e-04, 3.513000000000000000e+03
8.814815485234225780e-04, 8.008000000000000000e+03
9.059671470935176316e-04, 1.219800000000000000e+04
9.304527456636126851e-04, 1.814800000000000000e+04
9.549383442337077386e-04, 2.262700000000000000e+04
9.794239428038027922e-04, 2.669700000000000000e+04
1.003909541373897846e-03, 2.969800000000000000e+04
1.028395139943992899e-03, 2.782400000000000000e+04
1.052880738514087953e-03, 2.433500000000000000e+04
1.077366337084183006e-03, 1.998200000000000000e+04
1.101851935654278277e-03, 1.421700000000000000e+04
1.126337534224373330e-03, 9.483000000000000000e+03
1.150823132794468384e-03, 6.644000000000000000e+03
1.175308731364563437e-03, 4.493000000000000000e+03
1.199794329934658491e-03, 6.631000000000000000e+03
1.224279928504753544e-03, 8.042000000000000000e+03
1.248765527074848598e-03, 1.374000000000000000e+04
1.273251125644943652e-03, 1.934200000000000000e+04
1.297736724215038705e-03, 2.343900000000000000e+04
1.322222322785133759e-03, 2.754600000000000000e+04
1.346707921355228812e-03, 2.940100000000000000e+04
1.371193519925323866e-03, 2.769300000000000000e+04
1.395679118495419136e-03, 2.358300000000000000e+04
1.420164717065514190e-03, 1.862800000000000000e+04
1.444650315635609243e-03, 1.202100000000000000e+04
1.469135914205704297e-03, 7.455000000000000000e+03
1.493621512775799350e-03, 5.751000000000000000e+03
1.518107111345894404e-03, 4.782000000000000000e+03
1.542592709915989457e-03, 6.203000000000000000e+03
1.567078308486084511e-03, 9.794000000000000000e+03
1.591563907056179564e-03, 1.569100000000000000e+04
1.616049505626274618e-03, 2.092700000000000000e+04
1.640535104196369671e-03, 2.550700000000000000e+04
1.665020702766464725e-03, 2.841100000000000000e+04
1.689506301336559779e-03, 2.894200000000000000e+04
1.713991899906655049e-03, 2.613000000000000000e+04
1.738477498476750102e-03, 2.137300000000000000e+04
1.762963097046845156e-03, 1.684300000000000000e+04
1.787448695616940210e-03, 1.294700000000000000e+04
1.811934294187035263e-03, 7.367000000000000000e+03
1.836419892757130317e-03, 4.326000000000000000e+03
1.860905491327225370e-03, 4.538000000000000000e+03
1.885391089897320424e-03, 6.885000000000000000e+03
1.909876688467415477e-03, 1.136500000000000000e+04
1.934362287037510531e-03, 1.690300000000000000e+04
1.958847885607605584e-03, 2.137300000000000000e+04
1.983333484177700855e-03, 2.650800000000000000e+04
2.007819082747795691e-03, 2.831000000000000000e+04
2.032304681317890962e-03, 2.875500000000000000e+04
2.056790279887985799e-03, 2.600500000000000000e+04
2.081275878458081069e-03, 2.017700000000000000e+04
2.105761477028175906e-03, 1.569600000000000000e+04
2.130247075598271176e-03, 1.092300000000000000e+04
2.154732674168366013e-03, 6.411000000000000000e+03
2.179218272738461283e-03, 3.246000000000000000e+03
2.203703871308556553e-03, 4.828000000000000000e+03
2.228189469878651390e-03, 7.548000000000000000e+03
2.252675068448746661e-03, 1.259900000000000000e+04
2.277160667018841497e-03, 1.721100000000000000e+04
2.301646265588936768e-03, 2.274700000000000000e+04
2.326131864159031604e-03, 2.625300000000000000e+04
2.350617462729126875e-03, 2.821600000000000000e+04
2.375103061299221711e-03, 2.849500000000000000e+04
2.399588659869316982e-03, 2.411600000000000000e+04
2.424074258439411819e-03, 1.956500000000000000e+04
2.448559857009507089e-03, 1.408500000000000000e+04
2.473045455579601926e-03, 8.779000000000000000e+03
2.497531054149697196e-03, 6.093000000000000000e+03
2.522016652719792466e-03, 3.767000000000000000e+03
2.546502251289887303e-03, 6.106000000000000000e+03
2.570987849859982573e-03, 8.426000000000000000e+03
2.595473448430077410e-03, 1.362100000000000000e+04
2.619959047000172681e-03, 1.934700000000000000e+04
2.644444645570267517e-03, 2.446900000000000000e+04
2.668930244140362788e-03, 2.605800000000000000e+04
2.693415842710457624e-03, 2.795800000000000000e+04
2.717901441280552895e-03, 2.652900000000000000e+04
2.742387039850647731e-03, 2.301600000000000000e+04
2.766872638420743002e-03, 1.684200000000000000e+04
2.791358236990838272e-03, 1.186000000000000000e+04
2.815843835560933109e-03, 7.957000000000000000e+03
2.840329434131028379e-03, 5.374000000000000000e+03
2.864815032701123216e-03, 4.326000000000000000e+03
2.889300631271218486e-03, 5.499000000000000000e+03
2.913786229841313323e-03, 9.718000000000000000e+03
2.938271828411408593e-03, 1.541800000000000000e+04
2.962757426981503430e-03, 2.130200000000000000e+04
2.987243025551598700e-03, 2.677100000000000000e+04
3.011728624121693537e-03, 2.933800000000000000e+04
3.036214222691788808e-03, 2.796400000000000000e+04
3.060699821261883644e-03, 2.614000000000000000e+04
3.085185419831978915e-03, 2.245300000000000000e+04
3.109671018402074185e-03, 1.603800000000000000e+04
3.134156616972169022e-03, 1.111400000000000000e+04
3.158642215542264292e-03, 6.783000000000000000e+03
3.183127814112359129e-03, 4.961000000000000000e+03
3.207613412682454399e-03, 4.741000000000000000e+03
3.232099011252549236e-03, 7.462000000000000000e+03
3.256584609822644506e-03, 1.188100000000000000e+04
3.281070208392739343e-03, 1.561700000000000000e+04
3.305555806962834613e-03, 2.219700000000000000e+04
3.330041405532929450e-03, 2.638700000000000000e+04
3.354527004103024720e-03, 2.873600000000000000e+04
3.379012602673119557e-03, 2.837900000000000000e+04
3.403498201243214828e-03, 2.573200000000000000e+04
3.427983799813310098e-03, 2.054400000000000000e+04
3.452469398383404935e-03, 1.550800000000000000e+04
3.476954996953500205e-03, 9.855000000000000000e+03
3.501440595523595042e-03, 5.767000000000000000e+03
3.525926194093690312e-03, 4.303000000000000000e+03
3.550411792663785149e-03, 5.105000000000000000e+03
3.574897391233880419e-03, 8.042000000000000000e+03
3.599382989803975256e-03, 1.316700000000000000e+04
3.623868588374070526e-03, 1.775900000000000000e+04
3.648354186944165363e-03, 2.309600000000000000e+04
3.672839785514260633e-03, 2.594700000000000000e+04
3.697325384084355470e-03, 2.812500000000000000e+04
3.721810982654450740e-03, 2.728200000000000000e+04
3.746296581224546011e-03, 2.478600000000000000e+04
3.770782179794640847e-03, 1.958900000000000000e+04
3.795267778364736118e-03, 1.287100000000000000e+04
3.819753376934830955e-03, 9.240000000000000000e+03
3.844238975504926225e-03, 4.990000000000000000e+03
3.868724574075021062e-03, 2.973000000000000000e+03
3.893210172645116332e-03, 5.235000000000000000e+03
3.917695771215211169e-03, 8.822000000000000000e+03
3.942181369785306005e-03, 1.482900000000000000e+04
3.966666968355401710e-03, 2.035800000000000000e+04
3.991152566925496546e-03, 2.525700000000000000e+04
4.015638165495591383e-03, 2.661100000000000000e+04
4.040123764065687087e-03, 2.768400000000000000e+04
4.064609362635781924e-03, 2.648100000000000000e+04
4.089094961205876760e-03, 2.275600000000000000e+04
4.113580559775971597e-03, 1.737500000000000000e+04
4.138066158346067301e-03, 1.165800000000000000e+04
4.162551756916162138e-03, 7.232000000000000000e+03
4.187037355486256975e-03, 5.269000000000000000e+03
4.211522954056351811e-03, 3.644000000000000000e+03
4.236008552626447515e-03, 6.544000000000000000e+03
4.260494151196542352e-03, 1.040400000000000000e+04
4.284979749766637189e-03, 1.557600000000000000e+04
4.309465348336732025e-03, 2.148400000000000000e+04
4.333950946906827729e-03, 2.640600000000000000e+04
4.358436545476922566e-03, 3.006900000000000000e+04
4.382922144047017403e-03, 2.754300000000000000e+04
4.407407742617113107e-03, 2.694500000000000000e+04
4.431893341187207944e-03, 2.211200000000000000e+04
4.456378939757302780e-03, 1.679200000000000000e+04
4.480864538327397617e-03, 1.117700000000000000e+04
4.505350136897493321e-03, 5.702000000000000000e+03
4.529835735467588158e-03, 4.703000000000000000e+03
4.554321334037682995e-03, 4.187000000000000000e+03
4.578806932607777831e-03, 7.047000000000000000e+03
4.603292531177873535e-03, 1.264500000000000000e+04
4.627778129747968372e-03, 1.604400000000000000e+04
4.652263728318063209e-03, 2.151400000000000000e+04
4.676749326888158913e-03, 2.606100000000000000e+04
4.701234925458253749e-03, 2.923200000000000000e+04
4.725720524028348586e-03, 2.748300000000000000e+04
4.750206122598443423e-03, 2.519600000000000000e+04
4.774691721168539127e-03, 2.152500000000000000e+04
4.799177319738633964e-03, 1.545100000000000000e+04
4.823662918308728800e-03, 1.005200000000000000e+04
4.848148516878823637e-03, 6.290000000000000000e+03
4.872634115448919341e-03, 4.831000000000000000e+03
4.897119714019014178e-03, 5.773000000000000000e+03
4.921605312589109014e-03, 8.126000000000000000e+03
4.946090911159203851e-03, 1.335300000000000000e+04
4.970576509729299555e-03, 1.809700000000000000e+04
4.995062108299394392e-03, 2.384800000000000000e+04
5.019547706869489229e-03, 2.660100000000000000e+04
5.044033305439584933e-03, 2.864100000000000000e+04
5.068518904009679769e-03, 2.718900000000000000e+04
5.093004502579774606e-03, 2.389100000000000000e+04
5.117490101149869443e-03, 1.905600000000000000e+04
5.141975699719965147e-03, 1.293900000000000000e+04
5.166461298290059984e-03, 8.221000000000000000e+03
5.190946896860154820e-03, 5.030000000000000000e+03
5.215432495430249657e-03, 4.450000000000000000e+03
5.239918094000345361e-03, 6.227000000000000000e+03
5.264403692570440198e-03, 9.163000000000000000e+03
5.288889291140535034e-03, 1.430000000000000000e+04
5.313374889710630739e-03, 2.061100000000000000e+04
5.337860488280725575e-03, 2.477000000000000000e+04
5.362346086850820412e-03, 2.743800000000000000e+04
5.386831685420915249e-03, 2.820400000000000000e+04
5.411317283991010953e-03, 2.717100000000000000e+04
5.435802882561105789e-03, 2.176200000000000000e+04
5.460288481131200626e-03, 1.737300000000000000e+04
5.484774079701295463e-03, 1.200200000000000000e+04
5.509259678271391167e-03, 6.345000000000000000e+03
5.533745276841486004e-03, 3.703000000000000000e+03
5.558230875411580840e-03, 3.223000000000000000e+03
5.582716473981676544e-03, 6.730000000000000000e+03
5.607202072551771381e-03, 1.146700000000000000e+04
5.631687671121866218e-03, 1.640400000000000000e+04
5.656173269691961054e-03, 2.178300000000000000e+04
5.680658868262056758e-03, 2.617500000000000000e+04
5.705144466832151595e-03, 2.880400000000000000e+04
5.729630065402246432e-03, 2.794400000000000000e+04
5.754115663972341269e-03, 2.596800000000000000e+04
5.778601262542436973e-03, 2.118700000000000000e+04
5.803086861112531809e-03, 1.714100000000000000e+04
5.827572459682626646e-03, 1.018600000000000000e+04
5.852058058252721483e-03, 6.106000000000000000e+03
5.876543656822817187e-03, 3.966000000000000000e+03
5.901029255392912024e-03, 3.513000000000000000e+03
5.925514853963006860e-03, 8.008000000000000000e+03
5.950000452533102564e-03, 1.292700000000000000e+04
5.974486051103197401e-03, 1.815700000000000000e+04
5.998971649673292238e-03, 2.262700000000000000e+04
6.023457248243387074e-03, 2.672900000000000000e+04
6.047942846813482778e-03, 2.969900000000000000e+04
6.072428445383577615e-03, 2.782400000000000000e+04
6.096914043953672452e-03, 2.433500000000000000e+04
6.121399642523767289e-03, 1.998200000000000000e+04
6.145885241093862993e-03, 1.455400000000000000e+04
6.170370839663957829e-03, 9.485000000000000000e+03
6.194856438234052666e-03, 6.644000000000000000e+03
6.219342036804148370e-03, 4.544000000000000000e+03
6.243827635374243207e-03, 6.631000000000000000e+03
6.268313233944338043e-03, 7.470000000000000000e+03
6.292798832514432880e-03, 1.373600000000000000e+04
6.317284431084528584e-03, 1.934200000000000000e+04
6.341770029654623421e-03, 2.339700000000000000e+04
6.366255628224718258e-03, 2.754600000000000000e+04
6.390741226794813094e-03, 2.940100000000000000e+04
6.415226825364908798e-03, 2.769300000000000000e+04
6.439712423935003635e-03, 2.358300000000000000e+04
6.464198022505098472e-03, 1.858700000000000000e+04
6.488683621075193309e-03, 1.202100000000000000e+04
6.513169219645289013e-03, 7.455000000000000000e+03
6.537654818215383849e-03, 5.729000000000000000e+03
6.562140416785478686e-03, 4.782000000000000000e+03
6.586626015355574390e-03, 6.133000000000000000e+03
6.611111613925669227e-03, 9.793000000000000000e+03
6.635597212495764063e-03, 1.569100000000000000e+04
6.660082811065858900e-03, 2.086600000000000000e+04
6.684568409635954604e-03, 2.550700000000000000e+04
6.709054008206049441e-03, 2.848000000000000000e+04
6.733539606776144278e-03, 2.894300000000000000e+04
6.758025205346239114e-03, 2.613000000000000000e+04
6.782510803916334818e-03, 2.139500000000000000e+04
6.806996402486429655e-03, 1.684300000000000000e+04
6.831482001056524492e-03, 1.233300000000000000e+04
6.855967599626620196e-03, 7.354000000000000000e+03
6.880453198196715033e-03, 4.326000000000000000e+03
6.904938796766809869e-03, 4.538000000000000000e+03
6.929424395336904706e-03, 6.885000000000000000e+03
6.953909993907000410e-03, 1.136500000000000000e+04
6.978395592477095247e-03, 1.690900000000000000e+04
7.002881191047190083e-03, 2.137300000000000000e+04
7.027366789617284920e-03, 2.693700000000000000e+04
7.051852388187380624e-03, 2.831200000000000000e+04
7.076337986757475461e-03, 2.875500000000000000e+04
7.100823585327570298e-03, 2.592000000000000000e+04
7.125309183897666002e-03, 2.017600000000000000e+04
7.149794782467760838e-03, 1.560200000000000000e+04
7.174280381037855675e-03, 1.092000000000000000e+04
7.198765979607950512e-03, 6.411000000000000000e+03
7.223251578178046216e-03, 3.216000000000000000e+03
7.247737176748141052e-03, 4.828000000000000000e+03
7.272222775318235889e-03, 7.548000000000000000e+03
7.296708373888330726e-03, 1.259900000000000000e+04
7.321193972458426430e-03, 1.721100000000000000e+04
7.345679571028521267e-03, 2.280600000000000000e+04
7.370165169598616103e-03, 2.625400000000000000e+04
7.394650768168710940e-03, 2.821600000000000000e+04
7.419136366738806644e-03, 2.849500000000000000e+04
7.443621965308901481e-03, 2.411600000000000000e+04
7.468107563878996318e-03, 2.012000000000000000e+04
7.492593162449092022e-03, 1.408800000000000000e+04
7.517078761019186858e-03, 8.779000000000000000e+03
7.541564359589281695e-03, 6.027000000000000000e+03
7.566049958159376532e-03, 3.767000000000000000e+03
7.590535556729472236e-03, 6.101000000000000000e+03
7.615021155299567072e-03, 8.424000000000000000e+03
7.639506753869661909e-03, 1.362100000000000000e+04
7.663992352439756746e-03, 1.931300000000000000e+04
7.688477951009852450e-03, 2.446800000000000000e+04
7.712963549579947287e-03, 2.648000000000000000e+04
7.737449148150042123e-03, 2.797500000000000000e+04
7.761934746720137827e-03, 2.653000000000000000e+04
7.786420345290232664e-03, 2.289500000000000000e+04
7.810905943860327501e-03, 1.684100000000000000e+04
7.835391542430422337e-03, 1.186000000000000000e+04
7.859877141000518042e-03, 7.948000000000000000e+03
7.884362739570612011e-03, 5.374000000000000000e+03
7.908848338140707715e-03, 4.326000000000000000e+03
7.933333936710803419e-03, 5.499000000000000000e+03
7.957819535280897388e-03, 9.718000000000000000e+03
7.982305133850993092e-03, 1.539700000000000000e+04
8.006790732421088796e-03, 2.130200000000000000e+04
8.031276330991182766e-03, 2.677100000000000000e+04
8.055761929561278470e-03, 2.933800000000000000e+04
8.080247528131374174e-03, 2.796400000000000000e+04
8.104733126701468143e-03, 2.591400000000000000e+04
8.129218725271563847e-03, 2.245200000000000000e+04
8.153704323841657817e-03, 1.603800000000000000e+04
8.178189922411753521e-03, 1.112100000000000000e+04
8.202675520981849225e-03, 6.783000000000000000e+03
8.227161119551943194e-03, 4.898000000000000000e+03
8.251646718122038898e-03, 4.740000000000000000e+03
8.276132316692134602e-03, 7.462000000000000000e+03
8.300617915262228572e-03, 1.194700000000000000e+04
8.325103513832324276e-03, 1.561700000000000000e+04
8.349589112402418245e-03, 2.226000000000000000e+04
8.374074710972513949e-03, 2.638900000000000000e+04
8.398560309542609653e-03, 2.873600000000000000e+04
8.423045908112703622e-03, 2.837900000000000000e+04
8.447531506682799327e-03, 2.573200000000000000e+04
8.472017105252895031e-03, 2.044100000000000000e+04
8.496502703822989000e-03, 1.551100000000000000e+04
8.520988302393084704e-03, 9.855000000000000000e+03
8.545473900963180408e-03, 5.767000000000000000e+03
8.569959499533274377e-03, 4.303000000000000000e+03
8.594445098103370081e-03, 5.105000000000000000e+03
8.618930696673464051e-03, 8.036000000000000000e+03
8.643416295243559755e-03, 1.316700000000000000e+04
8.667901893813655459e-03, 1.769200000000000000e+04
8.692387492383749428e-03, 2.309500000000000000e+04
8.716873090953845132e-03, 2.594700000000000000e+04
8.741358689523940836e-03, 2.812500000000000000e+04
8.765844288094034806e-03, 2.728200000000000000e+04
8.790329886664130510e-03, 2.402500000000000000e+04
8.814815485234226214e-03, 1.958100000000000000e+04
8.839301083804320183e-03, 1.287100000000000000e+04
8.863786682374415887e-03, 9.112000000000000000e+03
8.888272280944509857e-03, 4.990000000000000000e+03
8.912757879514605561e-03, 2.973000000000000000e+03
8.937243478084701265e-03, 5.235000000000000000e+03
8.961729076654795234e-03, 8.822000000000000000e+03
8.986214675224890938e-03, 1.478000000000000000e+04
9.010700273794986642e-03, 2.035800000000000000e+04
9.035185872365080612e-03, 2.525700000000000000e+04
9.059671470935176316e-03, 2.661100000000000000e+04
9.084157069505272020e-03, 2.768400000000000000e+04
9.108642668075365989e-03, 2.655500000000000000e+04
9.133128266645461693e-03, 2.275700000000000000e+04
9.157613865215555662e-03, 1.737500000000000000e+04
9.182099463785651366e-03, 1.167500000000000000e+04
9.206585062355747071e-03, 7.232000000000000000e+03
9.231070660925841040e-03, 4.518000000000000000e+03
9.255556259495936744e-03, 3.637000000000000000e+03
9.280041858066032448e-03, 6.544000000000000000e+03
9.304527456636126417e-03, 1.058300000000000000e+04
9.329013055206222121e-03, 1.557600000000000000e+04
9.353498653776317825e-03, 2.116700000000000000e+04
9.377984252346411795e-03, 2.641000000000000000e+04
9.402469850916507499e-03, 3.006900000000000000e+04
9.426955449486601468e-03, 2.714600000000000000e+04
9.451441048056697172e-03, 2.694300000000000000e+04
9.475926646626792876e-03, 2.211200000000000000e+04
9.500412245196886846e-03, 1.683300000000000000e+04
9.524897843766982550e-03, 1.117700000000000000e+04
9.549383442337078254e-03, 5.702000000000000000e+03
9.573869040907172223e-03, 4.703000000000000000e+03
9.598354639477267927e-03, 4.187000000000000000e+03
9.622840238047363631e-03, 6.962000000000000000e+03
9.647325836617457601e-03, 1.264500000000000000e+04
9.671811435187553305e-03, 1.600800000000000000e+04
9.696297033757647274e-03, 2.151200000000000000e+04
9.720782632327742978e-03, 2.606100000000000000e+04
9.745268230897838682e-03, 2.937200000000000000e+04
9.769753829467932651e-03, 2.748400000000000000e+04
9.794239428038028356e-03, 2.519600000000000000e+04
9.818725026608124060e-03, 2.153100000000000000e+04
9.843210625178218029e-03, 1.545100000000000000e+04
9.867696223748313733e-03, 9.729000000000000000e+03
9.892181822318407702e-03, 6.289000000000000000e+03
9.916667420888503406e-03, 4.831000000000000000e+03
9.941153019458599110e-03, 5.832000000000000000e+03
9.965638618028693080e-03, 8.126000000000000000e+03
9.990124216598788784e-03, 1.328000000000000000e+04
1.001460981516888449e-02, 1.809600000000000000e+04
1.003909541373897846e-02, 2.384800000000000000e+04
1.006358101230907416e-02, 2.660100000000000000e+04
1.008806661087916987e-02, 2.864100000000000000e+04
1.011255220944926383e-02, 2.713100000000000000e+04
1.013703780801935954e-02, 2.389300000000000000e+04
1.016152340658945351e-02, 1.905600000000000000e+04
1.018600900515954921e-02, 1.297900000000000000e+04
1.021049460372964492e-02, 8.221000000000000000e+03
1.023498020229973889e-02, 5.030000000000000000e+03
1.025946580086983459e-02, 4.428000000000000000e+03
1.028395139943993029e-02, 6.227000000000000000e+03
1.030843699801002426e-02, 9.094000000000000000e+03
1.033292259658011997e-02, 1.429900000000000000e+04
1.035740819515021567e-02, 2.061100000000000000e+04
1.038189379372030964e-02, 2.478000000000000000e+04
1.040637939229040534e-02, 2.743800000000000000e+04
1.043086499086049931e-02, 2.746500000000000000e+04
1.045535058943059502e-02, 2.716500000000000000e+04
1.047983618800069072e-02, 2.176200000000000000e+04
1.050432178657078469e-02, 1.739400000000000000e+04
1.052880738514088040e-02, 1.200200000000000000e+04
1.055329298371097610e-02, 6.345000000000000000e+03
1.057777858228107007e-02, 3.703000000000000000e+03
1.060226418085116577e-02, 3.223000000000000000e+03
1.062674977942126148e-02, 6.504000000000000000e+03
1.065123537799135545e-02, 1.146600000000000000e+04
1.067572097656145115e-02, 1.640400000000000000e+04
1.070020657513154512e-02, 2.179700000000000000e+04
1.072469217370164082e-02, 2.617500000000000000e+04
1.074917777227173653e-02, 2.880400000000000000e+04
1.077366337084183050e-02, 2.794400000000000000e+04
1.079814896941192620e-02, 2.596800000000000000e+04
1.082263456798202191e-02, 2.120200000000000000e+04
1.084712016655211587e-02, 1.714100000000000000e+04
1.087160576512221158e-02, 1.018600000000000000e+04
1.089609136369230728e-02, 6.106000000000000000e+03
1.092057696226240125e-02, 3.966000000000000000e+03
1.094506256083249696e-02, 3.676000000000000000e+03
1.096954815940259093e-02, 8.008000000000000000e+03
1.099403375797268663e-02, 1.227500000000000000e+04
1.101851935654278233e-02, 1.814400000000000000e+04
1.104300495511287630e-02, 2.262700000000000000e+04
1.106749055368297201e-02, 2.672900000000000000e+04
1.109197615225306771e-02, 2.969900000000000000e+04
1.111646175082316168e-02, 2.782400000000000000e+04
1.114094734939325738e-02, 2.434200000000000000e+04
1.116543294796335309e-02, 1.998200000000000000e+04
1.118991854653344706e-02, 1.401600000000000000e+04
1.121440414510354276e-02, 9.481000000000000000e+03
1.123888974367363673e-02, 6.644000000000000000e+03
1.126337534224373244e-02, 4.482000000000000000e+03
1.128786094081382814e-02, 6.631000000000000000e+03
1.131234653938392211e-02, 7.453000000000000000e+03
1.133683213795401781e-02, 1.373500000000000000e+04
1.136131773652411352e-02, 1.934200000000000000e+04
1.138580333509420749e-02, 2.332600000000000000e+04
1.141028893366430319e-02, 2.754600000000000000e+04
1.143477453223439716e-02, 2.927300000000000000e+04
1.145926013080449286e-02, 2.769900000000000000e+04
1.148374572937458857e-02, 2.358300000000000000e+04
1.150823132794468254e-02, 1.888300000000000000e+04
1.153271692651477824e-02, 1.202200000000000000e+04
1.155720252508487395e-02, 7.455000000000000000e+03
1.158168812365496791e-02, 5.782000000000000000e+03
1.160617372222506362e-02, 4.782000000000000000e+03
1.163065932079515932e-02, 6.133000000000000000e+03
1.165514491936525329e-02, 9.793000000000000000e+03
1.167963051793534900e-02, 1.569100000000000000e+04
1.170411611650544297e-02, 2.097500000000000000e+04
1.172860171507553867e-02, 2.550800000000000000e+04
1.175308731364563437e-02, 2.848000000000000000e+04
1.177757291221572834e-02, 2.894300000000000000e+04
1.180205851078582405e-02, 2.613000000000000000e+04
1.182654410935591975e-02, 2.143200000000000000e+04
1.185102970792601372e-02, 1.684300000000000000e+04
1.187551530649610942e-02, 1.233300000000000000e+04
1.190000090506620513e-02, 7.384000000000000000e+03
1.192448650363629910e-02, 4.327000000000000000e+03
1.194897210220639480e-02, 4.471000000000000000e+03
1.197345770077648877e-02, 6.884000000000000000e+03
1.199794329934658448e-02, 1.136500000000000000e+04
1.202242889791668018e-02, 1.693100000000000000e+04
1.204691449648677415e-02, 2.137300000000000000e+04
1.207140009505686985e-02, 2.693700000000000000e+04
1.209588569362696556e-02, 2.831200000000000000e+04
1.212037129219705953e-02, 2.875500000000000000e+04
1.214485689076715523e-02, 2.602400000000000000e+04
1.216934248933725093e-02, 2.017700000000000000e+04
1.219382808790734490e-02, 1.568100000000000000e+04
1.221831368647744061e-02, 1.091800000000000000e+04
1.224279928504753458e-02, 6.411000000000000000e+03
1.226728488361763028e-02, 3.216000000000000000e+03
1.229177048218772599e-02, 4.828000000000000000e+03
1.231625608075781995e-02, 7.548000000000000000e+03
1.234074167932791566e-02, 1.259400000000000000e+04
1.236522727789801136e-02, 1.721100000000000000e+04
1.238971287646810533e-02, 2.228900000000000000e+04
1.241419847503820104e-02, 2.625000000000000000e+04
1.243868407360829674e-02, 2.821600000000000000e+04
1.246316967217839071e-02, 2.850900000000000000e+04
1.248765527074848641e-02, 2.411600000000000000e+04
1.251214086931858038e-02, 2.012000000000000000e+04
1.253662646788867609e-02, 1.408800000000000000e+04
1.256111206645877179e-02, 8.779000000000000000e+03
1.258559766502886576e-02, 5.996000000000000000e+03
1.261008326359896146e-02, 3.766000000000000000e+03
1.263456886216905717e-02, 6.101000000000000000e+03
1.265905446073915114e-02, 8.424000000000000000e+03
1.268354005930924684e-02, 1.362100000000000000e+04
1.270802565787934255e-02, 1.959600000000000000e+04
1.273251125644943652e-02, 2.447000000000000000e+04
1.275699685501953222e-02, 2.648000000000000000e+04
1.278148245358962619e-02, 2.797500000000000000e+04
1.280596805215972189e-02, 2.653000000000000000e+04
1.283045365072981760e-02, 2.339500000000000000e+04
1.285493924929991157e-02, 1.684400000000000000e+04
1.287942484787000727e-02, 1.186000000000000000e+04
1.290391044644010297e-02, 7.929000000000000000e+03
1.292839604501019694e-02, 5.374000000000000000e+03
1.295288164358029265e-02, 4.291000000000000000e+03
1.297736724215038662e-02, 5.498000000000000000e+03
1.300185284072048232e-02, 9.718000000000000000e+03
1.302633843929057803e-02, 1.536200000000000000e+04
1.305082403786067199e-02, 2.130200000000000000e+04
1.307530963643076770e-02, 2.677100000000000000e+04
1.309979523500086340e-02, 2.931500000000000000e+04
1.312428083357095737e-02, 2.796400000000000000e+04
1.314876643214105308e-02, 2.618400000000000000e+04
1.317325203071114878e-02, 2.245300000000000000e+04
1.319773762928124275e-02, 1.603800000000000000e+04
1.322222322785133845e-02, 1.108200000000000000e+04
1.324670882642143242e-02, 6.783000000000000000e+03
1.327119442499152813e-02, 4.898000000000000000e+03
1.329568002356162383e-02, 4.740000000000000000e+03
1.332016562213171780e-02, 7.462000000000000000e+03
1.334465122070181350e-02, 1.186600000000000000e+04
1.336913681927190921e-02, 1.561700000000000000e+04
1.339362241784200318e-02, 2.220200000000000000e+04
1.341810801641209888e-02, 2.639100000000000000e+04
1.344259361498219459e-02, 2.873600000000000000e+04
1.346707921355228856e-02, 2.841300000000000000e+04
1.349156481212238426e-02, 2.573300000000000000e+04
1.351605041069247823e-02, 2.044100000000000000e+04
1.354053600926257393e-02, 1.548400000000000000e+04
1.356502160783266964e-02, 9.855000000000000000e+03
1.358950720640276361e-02, 5.704000000000000000e+03
1.361399280497285931e-02, 4.303000000000000000e+03
1.363847840354295501e-02, 5.105000000000000000e+03
1.366296400211304898e-02, 8.036000000000000000e+03
1.368744960068314469e-02, 1.316700000000000000e+04
1.371193519925324039e-02, 1.830100000000000000e+04
1.373642079782333436e-02, 2.309900000000000000e+04
1.376090639639343007e-02, 2.594700000000000000e+04
1.378539199496352403e-02, 2.812500000000000000e+04
1.380987759353361974e-02, 2.728200000000000000e+04
1.383436319210371544e-02, 2.480300000000000000e+04
1.385884879067380941e-02, 1.959000000000000000e+04
1.388333438924390512e-02, 1.287100000000000000e+04
1.390781998781400082e-02, 9.338000000000000000e+03
1.393230558638409479e-02, 4.991000000000000000e+03
1.395679118495419049e-02, 3.101000000000000000e+03
1.398127678352428620e-02, 5.230000000000000000e+03
1.400576238209438017e-02, 8.822000000000000000e+03
1.403024798066447587e-02, 1.471200000000000000e+04
1.405473357923456984e-02, 2.035700000000000000e+04
1.407921917780466554e-02, 2.525700000000000000e+04
1.410370477637476125e-02, 2.654600000000000000e+04
1.412819037494485522e-02, 2.768400000000000000e+04
1.415267597351495092e-02, 2.655500000000000000e+04
1.417716157208504663e-02, 2.275700000000000000e+04
1.420164717065514060e-02, 1.737500000000000000e+04
1.422613276922523630e-02, 1.156500000000000000e+04
1.425061836779533200e-02, 7.231000000000000000e+03
1.427510396636542597e-02, 4.518000000000000000e+03
1.429958956493552168e-02, 3.637000000000000000e+03
1.432407516350561565e-02, 6.544000000000000000e+03
1.434856076207571135e-02, 1.036700000000000000e+04
1.437304636064580705e-02, 1.557500000000000000e+04
1.439753195921590102e-02, 2.116700000000000000e+04
1.442201755778599673e-02, 2.641700000000000000e+04
1.444650315635609243e-02, 3.006900000000000000e+04
1.447098875492618640e-02, 2.761000000000000000e+04
1.449547435349628210e-02, 2.694500000000000000e+04
1.451995995206637607e-02, 2.211200000000000000e+04
1.454444555063647178e-02, 1.675600000000000000e+04
1.456893114920656748e-02, 1.117700000000000000e+04
1.459341674777666145e-02, 5.652000000000000000e+03
1.461790234634675716e-02, 4.702000000000000000e+03
1.464238794491685286e-02, 4.187000000000000000e+03
1.466687354348694683e-02, 6.962000000000000000e+03
1.469135914205704253e-02, 1.264500000000000000e+04
1.471584474062713824e-02, 1.669600000000000000e+04
1.474033033919723221e-02, 2.152500000000000000e+04
1.476481593776732791e-02, 2.606100000000000000e+04
1.478930153633742188e-02, 2.937200000000000000e+04
1.481378713490751758e-02, 2.748400000000000000e+04
1.483827273347761329e-02, 2.519600000000000000e+04
1.486275833204770726e-02, 2.153100000000000000e+04
1.488724393061780296e-02, 1.545100000000000000e+04
1.491172952918789867e-02, 9.656000000000000000e+03
1.493621512775799264e-02, 6.288000000000000000e+03
1.496070072632808834e-02, 4.831000000000000000e+03
1.498518632489818404e-02, 5.759000000000000000e+03
1.500967192346827801e-02, 8.126000000000000000e+03
1.503415752203837372e-02, 1.400800000000000000e+04
1.505864312060846769e-02, 1.810600000000000000e+04
1.508312871917856339e-02, 2.384800000000000000e+04
1.510761431774865909e-02, 2.663800000000000000e+04
1.513209991631875306e-02, 2.864100000000000000e+04
1.515658551488884877e-02, 2.713100000000000000e+04
1.518107111345894447e-02, 2.389300000000000000e+04
1.520555671202903844e-02, 1.905600000000000000e+04
1.523004231059913414e-02, 1.309300000000000000e+04
1.525452790916922985e-02, 8.222000000000000000e+03
1.527901350773932382e-02, 5.030000000000000000e+03
1.530349910630941952e-02, 4.428000000000000000e+03
1.532798470487951349e-02, 6.227000000000000000e+03
1.535247030344960920e-02, 9.094000000000000000e+03
1.537695590201970490e-02, 1.429900000000000000e+04
1.540144150058979887e-02, 2.061100000000000000e+04
1.542592709915989457e-02, 2.480000000000000000e+04
1.545041269772999028e-02, 2.743800000000000000e+04
1.547489829630008425e-02, 2.824000000000000000e+04
1.549938389487017995e-02, 2.717300000000000000e+04
1.552386949344027565e-02, 2.176200000000000000e+04
1.554835509201036962e-02, 1.718800000000000000e+04
1.557284069058046533e-02, 1.200100000000000000e+04
1.559732628915055930e-02, 6.683000000000000000e+03
1.562181188772065500e-02, 3.699000000000000000e+03
1.564629748629075071e-02, 3.223000000000000000e+03
1.567078308486084467e-02, 6.504000000000000000e+03
1.569526868343093864e-02, 1.146600000000000000e+04
1.571975428200103608e-02, 1.640400000000000000e+04
1.574423988057113005e-02, 2.179700000000000000e+04
1.576872547914122402e-02, 2.617500000000000000e+04
1.579321107771132146e-02, 2.880400000000000000e+04
1.581769667628141543e-02, 2.794400000000000000e+04
1.584218227485150940e-02, 2.596800000000000000e+04
1.586666787342160684e-02, 2.105500000000000000e+04
1.589115347199170081e-02, 1.714000000000000000e+04
1.591563907056179478e-02, 1.024400000000000000e+04
1.594012466913189222e-02, 6.103000000000000000e+03
1.596461026770198618e-02, 3.966000000000000000e+03
1.598909586627208015e-02, 3.480000000000000000e+03
1.601358146484217759e-02, 8.007000000000000000e+03
1.603806706341227156e-02, 1.227500000000000000e+04
1.606255266198236553e-02, 1.817200000000000000e+04
1.608703826055246297e-02, 2.262700000000000000e+04
1.611152385912255694e-02, 2.679800000000000000e+04
1.613600945769265091e-02, 2.969900000000000000e+04
1.616049505626274835e-02, 2.782400000000000000e+04
1.618498065483284232e-02, 2.434200000000000000e+04
1.620946625340293629e-02, 1.998200000000000000e+04
1.623395185197303026e-02, 1.398100000000000000e+04
1.625843745054312769e-02, 9.480000000000000000e+03
1.628292304911322166e-02, 6.644000000000000000e+03
1.630740864768331563e-02, 4.482000000000000000e+03
1.633189424625341307e-02, 6.631000000000000000e+03
1.635637984482350704e-02, 7.791000000000000000e+03
1.638086544339360101e-02, 1.375300000000000000e+04
1.640535104196369845e-02, 1.934200000000000000e+04
1.642983664053379242e-02, 2.359700000000000000e+04
1.645432223910388639e-02, 2.754700000000000000e+04
1.647880783767398383e-02, 2.927300000000000000e+04
1.650329343624407780e-02, 2.769900000000000000e+04
1.652777903481417177e-02, 2.358300000000000000e+04
1.655226463338426920e-02, 1.902900000000000000e+04
1.657675023195436317e-02, 1.202400000000000000e+04
1.660123583052445714e-02, 7.455000000000000000e+03
1.662572142909455458e-02, 5.716000000000000000e+03
1.665020702766464855e-02, 4.782000000000000000e+03
1.667469262623474252e-02, 6.907000000000000000e+03
1.669917822480483649e-02, 9.803000000000000000e+03
1.672366382337493393e-02, 1.569100000000000000e+04
1.674814942194502790e-02, 2.077900000000000000e+04
1.677263502051512187e-02, 2.550700000000000000e+04
1.679712061908521931e-02, 2.848000000000000000e+04
1.682160621765531328e-02, 2.894300000000000000e+04
1.684609181622540724e-02, 2.613000000000000000e+04
1.687057741479550468e-02, 2.106600000000000000e+04
1.689506301336559865e-02, 1.684100000000000000e+04
1.691954861193569262e-02, 1.233300000000000000e+04
1.694403421050579006e-02, 7.347000000000000000e+03
1.696851980907588403e-02, 4.326000000000000000e+03
1.699300540764597800e-02, 4.471000000000000000e+03
1.701749100621607544e-02, 6.884000000000000000e+03
1.704197660478616941e-02, 1.136500000000000000e+04
1.706646220335626338e-02, 1.683300000000000000e+04
1.709094780192636082e-02, 2.137300000000000000e+04
1.711543340049645479e-02, 2.695400000000000000e+04
1.713991899906654875e-02, 2.831400000000000000e+04
1.716440459763664619e-02, 2.875500000000000000e+04
1.718889019620674016e-02, 2.579800000000000000e+04
1.721337579477683413e-02, 2.017600000000000000e+04
1.723786139334692810e-02, 1.580900000000000000e+04
1.726234699191702554e-02, 1.091300000000000000e+04
1.728683259048711951e-02, 6.411000000000000000e+03
1.731131818905721348e-02, 3.216000000000000000e+03
1.733580378762731092e-02, 4.828000000000000000e+03
1.736028938619740489e-02, 7.548000000000000000e+03
1.738477498476749886e-02, 1.258100000000000000e+04
1.740926058333759630e-02, 1.721100000000000000e+04
1.743374618190769026e-02, 2.215300000000000000e+04
1.745823178047778423e-02, 2.624800000000000000e+04
1.748271737904788167e-02, 2.821600000000000000e+04
1.750720297761797564e-02, 2.850900000000000000e+04
1.753168857618806961e-02, 2.411600000000000000e+04
1.755617417475816705e-02, 1.999400000000000000e+04
1.758065977332826102e-02, 1.409300000000000000e+04
1.760514537189835499e-02, 8.779000000000000000e+03
1.762963097046845243e-02, 5.996000000000000000e+03
1.765411656903854640e-02, 3.766000000000000000e+03
1.767860216760864037e-02, 6.101000000000000000e+03
1.770308776617873781e-02, 8.454000000000000000e+03
1.772757336474883177e-02, 1.362100000000000000e+04
1.775205896331892574e-02, 1.913200000000000000e+04
1.777654456188901971e-02, 2.446700000000000000e+04
1.780103016045911715e-02, 2.648000000000000000e+04
1.782551575902921112e-02, 2.797500000000000000e+04
1.785000135759930509e-02, 2.653000000000000000e+04
1.787448695616940253e-02, 2.344400000000000000e+04
1.789897255473949650e-02, 1.684500000000000000e+04
1.792345815330959047e-02, 1.186000000000000000e+04
1.794794375187968791e-02, 8.084000000000000000e+03
1.797242935044978188e-02, 5.375000000000000000e+03
1.799691494901987585e-02, 4.291000000000000000e+03
1.802140054758997328e-02, 5.498000000000000000e+03
1.804588614616006725e-02, 9.718000000000000000e+03
1.807037174473016122e-02, 1.531300000000000000e+04
1.809485734330025866e-02, 2.130200000000000000e+04
1.811934294187035263e-02, 2.677100000000000000e+04
1.814382854044044660e-02, 2.934400000000000000e+04
1.816831413901054404e-02, 2.796400000000000000e+04
1.819279973758063801e-02, 2.625800000000000000e+04
1.821728533615073198e-02, 2.245400000000000000e+04
1.824177093472082595e-02, 1.603800000000000000e+04
1.826625653329092339e-02, 1.115800000000000000e+04
1.829074213186101736e-02, 6.783000000000000000e+03
1.831522773043111132e-02, 4.898000000000000000e+03
1.833971332900120876e-02, 4.740000000000000000e+03
1.836419892757130273e-02, 7.462000000000000000e+03
1.838868452614139670e-02, 1.183400000000000000e+04
1.841317012471149414e-02, 1.561700000000000000e+04
1.843765572328158811e-02, 2.196200000000000000e+04
1.846214132185168208e-02, 2.637200000000000000e+04
1.848662692042177952e-02, 2.873600000000000000e+04
1.851111251899187349e-02, 2.841300000000000000e+04
1.853559811756196746e-02, 2.573300000000000000e+04
1.856008371613206490e-02, 2.044100000000000000e+04
1.858456931470215887e-02, 1.552500000000000000e+04
1.860905491327225283e-02, 9.855000000000000000e+03
1.863354051184235027e-02, 5.704000000000000000e+03
1.865802611041244424e-02, 4.303000000000000000e+03
1.868251170898253821e-02, 5.105000000000000000e+03
1.870699730755263565e-02, 8.017000000000000000e+03
1.873148290612272962e-02, 1.316700000000000000e+04
1.875596850469282359e-02, 1.752600000000000000e+04
1.878045410326291756e-02, 2.309100000000000000e+04
1.880493970183301500e-02, 2.594700000000000000e+04
1.882942530040310897e-02, 2.812500000000000000e+04
1.885391089897320294e-02, 2.728200000000000000e+04
1.887839649754330038e-02, 2.446500000000000000e+04
1.890288209611339434e-02, 1.959500000000000000e+04
1.892736769468348831e-02, 1.287100000000000000e+04
1.895185329325358575e-02, 9.449000000000000000e+03
1.897633889182367972e-02, 4.992000000000000000e+03
1.900082449039377369e-02, 3.101000000000000000e+03
1.902531008896387113e-02, 5.230000000000000000e+03
1.904979568753396510e-02, 8.822000000000000000e+03
1.907428128610405907e-02, 1.533500000000000000e+04
1.909876688467415651e-02, 2.036200000000000000e+04
1.912325248324425048e-02, 2.525700000000000000e+04
1.914773808181434445e-02, 2.662700000000000000e+04
1.917222368038444189e-02, 2.768400000000000000e+04
1.919670927895453585e-02, 2.649600000000000000e+04
1.922119487752462982e-02, 2.275900000000000000e+04
1.924568047609472726e-02, 1.737500000000000000e+04
1.927016607466482123e-02, 1.176800000000000000e+04
1.929465167323491520e-02, 7.232000000000000000e+03
1.931913727180500917e-02, 4.518000000000000000e+03
1.934362287037510661e-02, 3.637000000000000000e+03
1.936810846894520058e-02, 6.544000000000000000e+03
1.939259406751529455e-02, 1.030300000000000000e+04
1.941707966608539199e-02, 1.557500000000000000e+04
1.944156526465548596e-02, 2.116700000000000000e+04
1.946605086322557993e-02, 2.643000000000000000e+04
1.949053646179567736e-02, 3.006900000000000000e+04
1.951502206036577133e-02, 2.761000000000000000e+04
1.953950765893586530e-02, 2.694500000000000000e+04
1.956399325750596274e-02, 2.211200000000000000e+04
1.958847885607605671e-02, 1.687100000000000000e+04
1.961296445464615068e-02, 1.117700000000000000e+04
1.963745005321624812e-02, 5.652000000000000000e+03
1.966193565178634209e-02, 4.702000000000000000e+03
1.968642125035643606e-02, 4.187000000000000000e+03
1.971090684892653350e-02, 6.917000000000000000e+03
1.973539244749662747e-02, 1.264500000000000000e+04
1.975987804606672144e-02, 1.669600000000000000e+04
1.978436364463681540e-02, 2.153900000000000000e+04
1.980884924320691284e-02, 2.606100000000000000e+04
1.983333484177700681e-02, 2.937200000000000000e+04
1.985782044034710078e-02, 2.748400000000000000e+04
1.988230603891719822e-02, 2.519600000000000000e+04
1.990679163748729219e-02, 2.154300000000000000e+04
1.993127723605738616e-02, 1.545100000000000000e+04
1.995576283462748360e-02, 9.613000000000000000e+03
1.998024843319757757e-02, 6.286000000000000000e+03
2.000473403176767154e-02, 4.831000000000000000e+03
2.002921963033776898e-02, 5.759000000000000000e+03
2.005370522890786295e-02, 8.126000000000000000e+03
2.007819082747795691e-02, 1.377800000000000000e+04
2.010267642604805435e-02, 1.810900000000000000e+04
2.012716202461814832e-02, 2.384800000000000000e+04
2.015164762318824229e-02, 2.663800000000000000e+04
2.017613322175833973e-02, 2.864100000000000000e+04
2.020061882032843370e-02, 2.713100000000000000e+04
2.022510441889852767e-02, 2.390100000000000000e+04
2.024959001746862511e-02, 1.905600000000000000e+04
2.027407561603871908e-02, 1.255500000000000000e+04
2.029856121460881305e-02, 8.218000000000000000e+03
2.032304681317890702e-02, 5.030000000000000000e+03
2.034753241174900446e-02, 4.523000000000000000e+03
2.037201801031909842e-02, 6.227000000000000000e+03
2.039650360888919239e-02, 9.044000000000000000e+03
2.042098920745928983e-02, 1.429800000000000000e+04
2.044547480602938380e-02, 2.061100000000000000e+04
2.046996040459947777e-02, 2.483200000000000000e+04
2.049444600316957521e-02, 2.743800000000000000e+04
2.051893160173966918e-02, 2.824000000000000000e+04
2.054341720030976315e-02, 2.717300000000000000e+04
2.056790279887986059e-02, 2.176200000000000000e+04
2.059238839744995456e-02, 1.707000000000000000e+04
2.061687399602004853e-02, 1.200000000000000000e+04
2.064135959459014596e-02, 6.683000000000000000e+03
2.066584519316023993e-02, 3.699000000000000000e+03
2.069033079173033390e-02, 3.223000000000000000e+03
2.071481639030043134e-02, 6.431000000000000000e+03
2.073930198887052531e-02, 1.146600000000000000e+04
2.076378758744061928e-02, 1.640400000000000000e+04
2.078827318601071672e-02, 2.183400000000000000e+04
2.081275878458081069e-02, 2.617500000000000000e+04
2.083724438315090466e-02, 2.880400000000000000e+04
2.086172998172099863e-02, 2.794400000000000000e+04
2.088621558029109607e-02, 2.596800000000000000e+04
2.091070117886119004e-02, 2.123400000000000000e+04
2.093518677743128401e-02, 1.714100000000000000e+04
2.095967237600138144e-02, 1.048400000000000000e+04
2.098415797457147541e-02, 6.099000000000000000e+03
2.100864357314156938e-02, 3.966000000000000000e+03
2.103312917171166682e-02, 3.480000000000000000e+03
2.105761477028176079e-02, 8.007000000000000000e+03
2.108210036885185476e-02, 1.227500000000000000e+04
2.110658596742195220e-02, 1.811900000000000000e+04
2.113107156599204617e-02, 2.262700000000000000e+04
2.115555716456214014e-02, 2.679800000000000000e+04
2.118004276313223758e-02, 2.969900000000000000e+04
2.120452836170233155e-02, 2.782400000000000000e+04
2.122901396027242552e-02, 2.436100000000000000e+04
2.125349955884252295e-02, 1.998200000000000000e+04
2.127798515741261692e-02, 1.406000000000000000e+04
2.130247075598271089e-02, 9.477000000000000000e+03
2.132695635455280486e-02, 6.644000000000000000e+03
2.135144195312290230e-02, 4.433000000000000000e+03
2.137592755169299627e-02, 6.631000000000000000e+03
2.140041315026309024e-02, 7.791000000000000000e+03
2.142489874883318768e-02, 1.376500000000000000e+04
2.144938434740328165e-02, 1.934200000000000000e+04
2.147386994597337562e-02, 2.366200000000000000e+04
2.149835554454347306e-02, 2.754700000000000000e+04
2.152284114311356703e-02, 2.927300000000000000e+04
2.154732674168366099e-02, 2.769900000000000000e+04
2.157181234025375843e-02, 2.358300000000000000e+04
2.159629793882385240e-02, 1.827800000000000000e+04
2.162078353739394637e-02, 1.201700000000000000e+04
2.164526913596404381e-02, 7.455000000000000000e+03
2.166975473453413778e-02, 5.716000000000000000e+03
2.169424033310423175e-02, 4.782000000000000000e+03
2.171872593167432919e-02, 6.191000000000000000e+03
2.174321153024442316e-02, 9.790000000000000000e+03
2.176769712881451713e-02, 1.569100000000000000e+04
2.179218272738461457e-02, 2.106200000000000000e+04
2.181666832595470853e-02, 2.550800000000000000e+04
2.184115392452480250e-02, 2.848000000000000000e+04
2.186563952309489647e-02, 2.890200000000000000e+04
2.189012512166499391e-02, 2.613000000000000000e+04
2.191461072023508788e-02, 2.092300000000000000e+04
2.193909631880518185e-02, 1.684000000000000000e+04
2.196358191737527929e-02, 1.233300000000000000e+04
2.198806751594537326e-02, 7.334000000000000000e+03
2.201255311451546723e-02, 4.326000000000000000e+03
2.203703871308556467e-02, 4.471000000000000000e+03
2.206152431165565864e-02, 6.884000000000000000e+03
2.208600991022575261e-02, 1.136500000000000000e+04
2.211049550879585004e-02, 1.680300000000000000e+04
2.213498110736594401e-02, 2.137200000000000000e+04
2.215946670593603798e-02, 2.695400000000000000e+04
2.218395230450613542e-02, 2.829100000000000000e+04
2.220843790307622939e-02, 2.875500000000000000e+04
2.223292350164632336e-02, 2.606900000000000000e+04
2.225740910021642080e-02, 2.017700000000000000e+04
2.228189469878651477e-02, 1.580900000000000000e+04
2.230638029735660874e-02, 1.090500000000000000e+04
2.233086589592670618e-02, 6.411000000000000000e+03
2.235535149449680015e-02, 3.143000000000000000e+03
2.237983709306689412e-02, 4.827000000000000000e+03
2.240432269163698809e-02, 7.548000000000000000e+03
2.242880829020708552e-02, 1.268100000000000000e+04
2.245329388877717949e-02, 1.721200000000000000e+04
2.247777948734727346e-02, 2.292200000000000000e+04
2.250226508591737090e-02, 2.625600000000000000e+04
2.252675068448746487e-02, 2.821600000000000000e+04
2.255123628305755884e-02, 2.827200000000000000e+04
2.257572188162765628e-02, 2.411500000000000000e+04
2.260020748019775025e-02, 1.999400000000000000e+04
2.262469307876784422e-02, 1.409800000000000000e+04
2.264917867733794166e-02, 8.779000000000000000e+03
2.267366427590803563e-02, 6.425000000000000000e+03
2.269814987447812960e-02, 3.769000000000000000e+03
2.272263547304822703e-02, 6.101000000000000000e+03
2.274712107161832100e-02, 8.417000000000000000e+03
2.277160667018841497e-02, 1.362100000000000000e+04
2.279609226875851241e-02, 1.974200000000000000e+04
2.282057786732860638e-02, 2.447100000000000000e+04
2.284506346589870035e-02, 2.648000000000000000e+04
2.286954906446879432e-02, 2.786000000000000000e+04
2.289403466303889176e-02, 2.652900000000000000e+04
2.291852026160898573e-02, 2.270600000000000000e+04
2.294300586017907970e-02, 1.683400000000000000e+04
2.296749145874917714e-02, 1.186000000000000000e+04
2.299197705731927110e-02, 7.896000000000000000e+03
2.301646265588936507e-02, 5.374000000000000000e+03
2.304094825445946251e-02, 4.291000000000000000e+03
2.306543385302955648e-02, 5.498000000000000000e+03
2.308991945159965045e-02, 9.718000000000000000e+03
2.311440505016974789e-02, 1.525200000000000000e+04
2.313889064873984186e-02, 2.130100000000000000e+04
2.316337624730993583e-02, 2.677100000000000000e+04
2.318786184588003327e-02, 2.927800000000000000e+04
2.321234744445012724e-02, 2.796400000000000000e+04
2.323683304302022121e-02, 2.625800000000000000e+04
2.326131864159031865e-02, 2.245400000000000000e+04
2.328580424016041261e-02, 1.603800000000000000e+04
2.331028983873050658e-02, 1.104800000000000000e+04
2.333477543730060402e-02, 6.783000000000000000e+03
2.335926103587069799e-02, 5.002000000000000000e+03
2.338374663444079196e-02, 4.737000000000000000e+03
2.340823223301088593e-02, 7.462000000000000000e+03
2.343271783158098337e-02, 1.209300000000000000e+04
2.345720343015107734e-02, 1.561800000000000000e+04
2.348168902872117131e-02, 2.196200000000000000e+04
2.350617462729126875e-02, 2.639600000000000000e+04
2.353066022586136272e-02, 2.873600000000000000e+04
2.355514582443145669e-02, 2.787700000000000000e+04
2.357963142300155412e-02, 2.572900000000000000e+04
2.360411702157164809e-02, 2.044100000000000000e+04
2.362860262014174206e-02, 1.553900000000000000e+04
2.365308821871183950e-02, 9.855000000000000000e+03
2.367757381728193347e-02, 6.465000000000000000e+03
2.370205941585202744e-02, 4.310000000000000000e+03
2.372654501442212488e-02, 5.105000000000000000e+03
2.375103061299221885e-02, 8.017000000000000000e+03
2.377551621156231282e-02, 1.316700000000000000e+04
2.380000181013241026e-02, 1.821400000000000000e+04
2.382448740870250423e-02, 2.310400000000000000e+04
2.384897300727259820e-02, 2.594700000000000000e+04
2.387345860584269563e-02, 2.818000000000000000e+04
2.389794420441278960e-02, 2.728300000000000000e+04
2.392242980298288357e-02, 2.446500000000000000e+04
2.394691540155297754e-02, 1.960300000000000000e+04
2.397140100012307498e-02, 1.287100000000000000e+04
2.399588659869316895e-02, 9.002000000000000000e+03
2.402037219726326292e-02, 4.989000000000000000e+03
2.404485779583336036e-02, 3.101000000000000000e+03
2.406934339440345433e-02, 5.230000000000000000e+03
2.409382899297354830e-02, 8.822000000000000000e+03
2.411831459154364574e-02, 1.458400000000000000e+04
2.414280019011373971e-02, 2.035500000000000000e+04
2.416728578868383367e-02, 2.525700000000000000e+04
2.419177138725393111e-02, 2.644800000000000000e+04
2.421625698582402508e-02, 2.768300000000000000e+04
2.424074258439411905e-02, 2.649600000000000000e+04
2.426522818296421649e-02, 2.275900000000000000e+04
2.428971378153431046e-02, 1.737500000000000000e+04
2.431419938010440443e-02, 1.188100000000000000e+04
2.433868497867450187e-02, 7.233000000000000000e+03
2.436317057724459584e-02, 4.518000000000000000e+03
2.438765617581468981e-02, 3.629000000000000000e+03
2.441214177438478378e-02, 6.544000000000000000e+03
2.443662737295488122e-02, 1.023000000000000000e+04
2.446111297152497518e-02, 1.557400000000000000e+04
2.448559857009506915e-02, 2.116700000000000000e+04
2.451008416866516659e-02, 2.643000000000000000e+04
2.453456976723526056e-02, 3.006900000000000000e+04
2.455905536580535453e-02, 2.684200000000000000e+04
2.458354096437545197e-02, 2.693500000000000000e+04
2.460802656294554594e-02, 2.211200000000000000e+04
2.463251216151563991e-02, 1.665900000000000000e+04
2.465699776008573735e-02, 1.117600000000000000e+04
2.468148335865583132e-02, 5.652000000000000000e+03
2.470596895722592529e-02, 4.696000000000000000e+03
2.473045455579602273e-02, 4.187000000000000000e+03
2.475494015436611669e-02, 6.917000000000000000e+03
2.477942575293621066e-02, 1.264500000000000000e+04
2.480391135150630810e-02, 1.669600000000000000e+04
2.482839695007640207e-02, 2.148000000000000000e+04
2.485288254864649604e-02, 2.606000000000000000e+04
2.487736814721659348e-02, 2.944100000000000000e+04
2.490185374578668745e-02, 2.748500000000000000e+04
2.492633934435678142e-02, 2.519600000000000000e+04
2.495082494292687539e-02, 2.156500000000000000e+04
2.497531054149697283e-02, 1.545100000000000000e+04
2.499979614006706680e-02, 1.016900000000000000e+04
2.502428173863716077e-02, 6.302000000000000000e+03
2.504876733720725820e-02, 4.831000000000000000e+03
2.507325293577735217e-02, 6.043000000000000000e+03
2.509773853434744614e-02, 8.127000000000000000e+03
2.512222413291754358e-02, 1.377800000000000000e+04
2.514670973148763755e-02, 1.812100000000000000e+04
2.517119533005773152e-02, 2.384800000000000000e+04
2.519568092862782896e-02, 2.670800000000000000e+04
2.522016652719792293e-02, 2.864200000000000000e+04
2.524465212576801690e-02, 2.713100000000000000e+04
2.526913772433811434e-02, 2.390100000000000000e+04
2.529362332290820831e-02, 1.905600000000000000e+04
2.531810892147830228e-02, 1.329500000000000000e+04
2.534259452004839971e-02, 8.225000000000000000e+03
2.536708011861849368e-02, 5.030000000000000000e+03
2.539156571718858765e-02, 4.407000000000000000e+03
2.541605131575868509e-02, 6.226000000000000000e+03
2.544053691432877906e-02, 9.174000000000000000e+03
2.546502251289887303e-02, 1.429500000000000000e+04
2.548950811146896700e-02, 2.061100000000000000e+04
2.551399371003906444e-02, 2.451000000000000000e+04
2.553847930860915841e-02, 2.743700000000000000e+04
2.556296490717925238e-02, 2.824000000000000000e+04
2.558745050574934982e-02, 2.718100000000000000e+04
2.561193610431944379e-02, 2.176200000000000000e+04
2.563642170288953775e-02, 1.699800000000000000e+04
2.566090730145963519e-02, 1.199900000000000000e+04
2.568539290002972916e-02, 6.683000000000000000e+03
2.570987849859982313e-02, 3.684000000000000000e+03
2.573436409716992057e-02, 3.223000000000000000e+03
2.575884969574001454e-02, 7.205000000000000000e+03
2.578333529431010851e-02, 1.147500000000000000e+04
2.580782089288020595e-02, 1.640400000000000000e+04
2.583230649145029992e-02, 2.186800000000000000e+04
2.585679209002039389e-02, 2.617500000000000000e+04
2.588127768859049133e-02, 2.857400000000000000e+04
2.590576328716058530e-02, 2.794700000000000000e+04
2.593024888573067926e-02, 2.596800000000000000e+04
2.595473448430077323e-02, 2.128400000000000000e+04
2.597922008287087067e-02, 1.714100000000000000e+04
2.600370568144096464e-02, 1.048400000000000000e+04
2.602819128001105861e-02, 6.144000000000000000e+03
2.605267687858115605e-02, 3.966000000000000000e+03
2.607716247715125002e-02, 4.089000000000000000e+03
2.610164807572134399e-02, 8.012000000000000000e+03
2.612613367429144143e-02, 1.227500000000000000e+04
2.615061927286153540e-02, 1.821300000000000000e+04
2.617510487143162937e-02, 2.262700000000000000e+04
2.619959047000172681e-02, 2.681500000000000000e+04
2.622407606857182077e-02, 2.970100000000000000e+04
2.624856166714191474e-02, 2.782400000000000000e+04
2.627304726571201218e-02, 2.413600000000000000e+04
2.629753286428210615e-02, 1.998100000000000000e+04
2.632201846285220012e-02, 1.418800000000000000e+04
2.634650406142229756e-02, 9.472000000000000000e+03
2.637098965999239153e-02, 6.644000000000000000e+03
2.639547525856248550e-02, 4.433000000000000000e+03
2.641996085713258294e-02, 6.631000000000000000e+03
2.644444645570267691e-02, 7.791000000000000000e+03
2.646893205427277088e-02, 1.372200000000000000e+04
2.649341765284286485e-02, 1.934200000000000000e+04
2.651790325141296228e-02, 2.299900000000000000e+04
2.654238884998305625e-02, 2.754200000000000000e+04
2.656687444855315022e-02, 2.927300000000000000e+04
2.659136004712324766e-02, 2.771900000000000000e+04
2.661584564569334163e-02, 2.358300000000000000e+04
2.664033124426343560e-02, 1.895200000000000000e+04
2.666481684283353304e-02, 1.202800000000000000e+04
2.668930244140362701e-02, 7.455000000000000000e+03
2.671378803997372098e-02, 5.679000000000000000e+03
2.673827363854381842e-02, 4.781000000000000000e+03
2.676275923711391239e-02, 6.191000000000000000e+03
2.678724483568400636e-02, 9.820000000000000000e+03
2.681173043425410379e-02, 1.569100000000000000e+04
2.683621603282419776e-02, 2.112900000000000000e+04
2.686070163139429173e-02, 2.550900000000000000e+04
2.688518722996438917e-02, 2.848000000000000000e+04
2.690967282853448314e-02, 2.895300000000000000e+04
2.693415842710457711e-02, 2.613000000000000000e+04
2.695864402567467455e-02, 2.156900000000000000e+04
2.698312962424476852e-02, 1.684400000000000000e+04
2.700761522281486249e-02, 1.233300000000000000e+04
2.703210082138495646e-02, 7.307000000000000000e+03
2.705658641995505390e-02, 4.326000000000000000e+03
2.708107201852514787e-02, 4.664000000000000000e+03
2.710555761709524183e-02, 6.881000000000000000e+03
2.713004321566533927e-02, 1.136500000000000000e+04
2.715452881423543324e-02, 1.705000000000000000e+04
2.717901441280552721e-02, 2.137300000000000000e+04
2.720350001137562465e-02, 2.695400000000000000e+04
2.722798560994571862e-02, 2.831900000000000000e+04
2.725247120851581259e-02, 2.875500000000000000e+04
2.727695680708591003e-02, 2.555200000000000000e+04
2.730144240565600400e-02, 2.017400000000000000e+04
2.732592800422609797e-02, 1.580900000000000000e+04
2.735041360279619541e-02, 1.089200000000000000e+04
2.737489920136628938e-02, 6.411000000000000000e+03
2.739938479993638334e-02, 3.143000000000000000e+03
2.742387039850648078e-02, 4.827000000000000000e+03
2.744835599707657475e-02, 7.548000000000000000e+03
2.747284159564666872e-02, 1.273800000000000000e+04
2.749732719421676269e-02, 1.721200000000000000e+04
2.752181279278686013e-02, 2.260600000000000000e+04
2.754629839135695410e-02, 2.626000000000000000e+04
2.757078398992704807e-02, 2.821600000000000000e+04
2.759526958849714551e-02, 2.855600000000000000e+04
2.761975518706723948e-02, 2.411600000000000000e+04
2.764424078563733345e-02, 1.999400000000000000e+04
2.766872638420743089e-02, 1.410600000000000000e+04
2.769321198277752485e-02, 8.779000000000000000e+03
2.771769758134761882e-02, 5.926000000000000000e+03
2.774218317991771626e-02, 3.766000000000000000e+03
2.776666877848781023e-02, 6.101000000000000000e+03
2.779115437705790420e-02, 8.398000000000000000e+03
2.781563997562800164e-02, 1.362100000000000000e+04
2.784012557419809561e-02, 1.977700000000000000e+04
2.786461117276818958e-02, 2.447300000000000000e+04
2.788909677133828702e-02, 2.648000000000000000e+04
2.791358236990838099e-02, 2.800100000000000000e+04
2.793806796847847496e-02, 2.653000000000000000e+04
2.796255356704857239e-02, 2.331400000000000000e+04
2.798703916561866636e-02, 1.682500000000000000e+04
2.801152476418876033e-02, 1.186000000000000000e+04
2.803601036275885430e-02, 7.838000000000000000e+03
2.806049596132895174e-02, 5.373000000000000000e+03
2.808498155989904571e-02, 4.291000000000000000e+03
2.810946715846913968e-02, 5.489000000000000000e+03
2.813395275703923712e-02, 9.718000000000000000e+03
2.815843835560933109e-02, 1.510900000000000000e+04
2.818292395417942506e-02, 2.129900000000000000e+04
2.820740955274952250e-02, 2.677100000000000000e+04
2.823189515131961647e-02, 2.935900000000000000e+04
2.825638074988971044e-02, 2.796400000000000000e+04
2.828086634845980787e-02, 2.620000000000000000e+04
2.830535194702990184e-02, 2.245700000000000000e+04
2.832983754559999581e-02, 1.603800000000000000e+04
2.835432314417009325e-02, 1.101400000000000000e+04
2.837880874274018722e-02, 6.783000000000000000e+03
2.840329434131028119e-02, 5.002000000000000000e+03
2.842777993988037863e-02, 4.737000000000000000e+03
2.845226553845047260e-02, 7.462000000000000000e+03
2.847675113702056657e-02, 1.221400000000000000e+04
2.850123673559066401e-02, 1.561900000000000000e+04
2.852572233416075798e-02, 2.196200000000000000e+04
2.855020793273085195e-02, 2.640600000000000000e+04
2.857469353130094591e-02, 2.873600000000000000e+04
2.859917912987104335e-02, 2.848600000000000000e+04
2.862366472844113732e-02, 2.573300000000000000e+04
2.864815032701123129e-02, 2.044100000000000000e+04
2.867263592558132873e-02, 1.542000000000000000e+04
2.869712152415142270e-02, 9.855000000000000000e+03
2.872160712272151667e-02, 5.687000000000000000e+03
2.874609272129161411e-02, 4.301000000000000000e+03
2.877057831986170808e-02, 5.105000000000000000e+03
2.879506391843180205e-02, 7.972000000000000000e+03
2.881954951700189949e-02, 1.316600000000000000e+04
2.884403511557199346e-02, 1.808600000000000000e+04
2.886852071414208742e-02, 2.310900000000000000e+04
2.889300631271218486e-02, 2.594700000000000000e+04
2.891749191128227883e-02, 2.818000000000000000e+04
2.894197750985237280e-02, 2.728300000000000000e+04
2.896646310842247024e-02, 2.446500000000000000e+04
2.899094870699256421e-02, 1.961800000000000000e+04
2.901543430556265818e-02, 1.287100000000000000e+04
2.903991990413275215e-02, 8.939000000000000000e+03
2.906440550270284959e-02, 4.988000000000000000e+03
2.908889110127294356e-02, 3.101000000000000000e+03
2.911337669984303753e-02, 5.206000000000000000e+03
2.913786229841313496e-02, 8.822000000000000000e+03
2.916234789698322893e-02, 1.491700000000000000e+04
2.918683349555332290e-02, 2.034900000000000000e+04
2.921131909412342034e-02, 2.525700000000000000e+04
2.923580469269351431e-02, 2.666400000000000000e+04
2.926029029126360828e-02, 2.768400000000000000e+04
2.928477588983370572e-02, 2.649600000000000000e+04
2.930926148840379969e-02, 2.276700000000000000e+04
2.933374708697389366e-02, 1.737500000000000000e+04
2.935823268554399110e-02, 1.141800000000000000e+04
2.938271828411408507e-02, 7.230000000000000000e+03
2.940720388268417904e-02, 4.518000000000000000e+03
2.943168948125427647e-02, 3.629000000000000000e+03
2.945617507982437044e-02, 6.544000000000000000e+03
2.948066067839446441e-02, 1.021300000000000000e+04
2.950514627696456185e-02, 1.557200000000000000e+04
2.952963187553465582e-02, 2.116700000000000000e+04
2.955411747410474979e-02, 2.645700000000000000e+04
2.957860307267484376e-02, 3.006900000000000000e+04
2.960308867124494120e-02, 2.753000000000000000e+04
2.962757426981503517e-02, 2.694800000000000000e+04
2.965205986838512914e-02, 2.211200000000000000e+04
2.967654546695522658e-02, 1.660400000000000000e+04
2.970103106552532055e-02, 1.117600000000000000e+04
2.972551666409541452e-02, 5.652000000000000000e+03
2.975000226266551195e-02, 4.696000000000000000e+03
2.977448786123560592e-02, 4.187000000000000000e+03
2.979897345980569989e-02, 6.844000000000000000e+03
2.982345905837579733e-02, 1.264400000000000000e+04
2.984794465694589130e-02, 1.669600000000000000e+04
2.987243025551598527e-02, 2.144300000000000000e+04
2.989691585408608271e-02, 2.606000000000000000e+04
2.992140145265617668e-02, 2.944100000000000000e+04
2.994588705122627065e-02, 2.748500000000000000e+04
2.997037264979636809e-02, 2.519600000000000000e+04
2.999485824836646206e-02, 2.160200000000000000e+04
3.001934384693655603e-02, 1.545100000000000000e+04
3.004382944550665346e-02, 9.929000000000000000e+03
3.006831504407674743e-02, 6.282000000000000000e+03
3.009280064264684140e-02, 4.831000000000000000e+03
3.011728624121693537e-02, 5.706000000000000000e+03
3.014177183978703281e-02, 8.125000000000000000e+03
3.016625743835712678e-02, 1.377800000000000000e+04
3.019074303692722075e-02, 1.807000000000000000e+04
3.021522863549731819e-02, 2.384800000000000000e+04
3.023971423406741216e-02, 2.670800000000000000e+04
3.026419983263750613e-02, 2.864200000000000000e+04
3.028868543120760357e-02, 2.713100000000000000e+04
3.031317102977769753e-02, 2.392000000000000000e+04
3.033765662834779150e-02, 1.905600000000000000e+04
3.036214222691788894e-02, 1.320700000000000000e+04
3.038662782548798291e-02, 8.230000000000000000e+03
3.041111342405807688e-02, 5.030000000000000000e+03
3.043559902262817432e-02, 4.407000000000000000e+03
3.046008462119826829e-02, 6.226000000000000000e+03
3.048457021976836226e-02, 9.174000000000000000e+03
3.050905581833845970e-02, 1.428900000000000000e+04
3.053354141690855367e-02, 2.061100000000000000e+04
3.055802701547864764e-02, 2.489100000000000000e+04
3.058251261404874161e-02, 2.743900000000000000e+04
3.060699821261883904e-02, 2.824000000000000000e+04
3.063148381118893301e-02, 2.718100000000000000e+04
3.065596940975902698e-02, 2.176200000000000000e+04
3.068045500832912442e-02, 1.692900000000000000e+04
3.070494060689921839e-02, 1.199800000000000000e+04
3.072942620546931236e-02, 6.683000000000000000e+03
3.075391180403940980e-02, 3.684000000000000000e+03
3.077839740260950377e-02, 3.223000000000000000e+03
3.080288300117959774e-02, 6.489000000000000000e+03
3.082736859974969518e-02, 1.146300000000000000e+04
3.085185419831978915e-02, 1.640400000000000000e+04
3.087633979688988312e-02, 2.158500000000000000e+04
3.090082539545998055e-02, 2.617400000000000000e+04
3.092531099403007452e-02, 2.857400000000000000e+04
3.094979659260016849e-02, 2.794700000000000000e+04
3.097428219117026593e-02, 2.596800000000000000e+04
3.099876778974035990e-02, 2.078100000000000000e+04
3.102325338831045387e-02, 1.713800000000000000e+04
3.104773898688055131e-02, 1.048400000000000000e+04
3.107222458545064528e-02, 6.088000000000000000e+03
3.109671018402073925e-02, 3.966000000000000000e+03
3.112119578259083322e-02, 3.409000000000000000e+03
3.114568138116093066e-02, 8.006000000000000000e+03
3.117016697973102463e-02, 1.227500000000000000e+04
3.119465257830111860e-02, 1.807300000000000000e+04
3.121913817687121603e-02, 2.262600000000000000e+04
3.124362377544131000e-02, 2.681500000000000000e+04
3.126810937401140744e-02, 2.967800000000000000e+04
3.129259497258150141e-02, 2.782400000000000000e+04
3.131708057115159538e-02, 2.440600000000000000e+04
3.134156616972168935e-02, 1.998200000000000000e+04
3.136605176829178332e-02, 1.418800000000000000e+04
3.139053736686187729e-02, 9.463000000000000000e+03
3.141502296543197820e-02, 6.644000000000000000e+03
3.143950856400207217e-02, 4.433000000000000000e+03
3.146399416257216614e-02, 6.631000000000000000e+03
3.148847976114226010e-02, 7.791000000000000000e+03
3.151296535971235407e-02, 1.370700000000000000e+04
3.153745095828244804e-02, 1.934200000000000000e+04
3.156193655685254895e-02, 2.372600000000000000e+04
3.158642215542264292e-02, 2.754900000000000000e+04
3.161090775399273689e-02, 2.927300000000000000e+04
3.163539335256283086e-02, 2.771900000000000000e+04
3.165987895113292483e-02, 2.358300000000000000e+04
3.168436454970301880e-02, 1.853000000000000000e+04
3.170885014827311971e-02, 1.203800000000000000e+04
3.173333574684321368e-02, 7.455000000000000000e+03
3.175782134541330765e-02, 6.109000000000000000e+03
3.178230694398340161e-02, 4.784000000000000000e+03
3.180679254255349558e-02, 6.191000000000000000e+03
3.183127814112358955e-02, 9.783000000000000000e+03
3.185576373969368352e-02, 1.569100000000000000e+04
3.188024933826378443e-02, 2.119900000000000000e+04
3.190473493683387840e-02, 2.551000000000000000e+04
3.192922053540397237e-02, 2.848000000000000000e+04
3.195370613397406634e-02, 2.895300000000000000e+04
3.197819173254416031e-02, 2.613000000000000000e+04
3.200267733111425428e-02, 2.084700000000000000e+04
3.202716292968435519e-02, 1.683500000000000000e+04
3.205164852825444916e-02, 1.233300000000000000e+04
3.207613412682454312e-02, 7.578000000000000000e+03
3.210061972539463709e-02, 4.327000000000000000e+03
3.212510532396473106e-02, 4.664000000000000000e+03
3.214959092253482503e-02, 6.881000000000000000e+03
3.217407652110492594e-02, 1.136500000000000000e+04
3.219856211967501991e-02, 1.718100000000000000e+04
3.222304771824511388e-02, 2.137500000000000000e+04
3.224753331681520785e-02, 2.695400000000000000e+04
3.227201891538530182e-02, 2.825300000000000000e+04
3.229650451395539579e-02, 2.875400000000000000e+04
3.232099011252549670e-02, 2.614300000000000000e+04
3.234547571109559067e-02, 2.017800000000000000e+04
3.236996130966568463e-02, 1.580900000000000000e+04
3.239444690823577860e-02, 1.086800000000000000e+04
3.241893250680587257e-02, 6.411000000000000000e+03
3.244341810537596654e-02, 3.143000000000000000e+03
3.246790370394606051e-02, 4.827000000000000000e+03
3.249238930251616142e-02, 7.548000000000000000e+03
3.251687490108625539e-02, 1.283100000000000000e+04
3.254136049965634936e-02, 1.721300000000000000e+04
3.256584609822644333e-02, 2.260600000000000000e+04
3.259033169679653730e-02, 2.622300000000000000e+04
3.261481729536663127e-02, 2.821600000000000000e+04
3.263930289393673218e-02, 2.855600000000000000e+04
3.266378849250682614e-02, 2.411600000000000000e+04
3.268827409107692011e-02, 1.999400000000000000e+04
3.271275968964701408e-02, 1.413200000000000000e+04
3.273724528821710805e-02, 8.779000000000000000e+03
3.276173088678720202e-02, 6.687000000000000000e+03
3.278621648535730293e-02, 3.773000000000000000e+03
3.281070208392739690e-02, 6.101000000000000000e+03
3.283518768249749087e-02, 8.586000000000000000e+03
3.285967328106758484e-02, 1.362100000000000000e+04
3.288415887963767881e-02, 1.958400000000000000e+04
3.290864447820777278e-02, 2.447600000000000000e+04
3.293313007677786675e-02, 2.648000000000000000e+04
3.295761567534796765e-02, 2.800100000000000000e+04
3.298210127391806162e-02, 2.653000000000000000e+04
3.300658687248815559e-02, 2.331400000000000000e+04
3.303107247105824956e-02, 1.686200000000000000e+04
3.305555806962834353e-02, 1.186000000000000000e+04
3.308004366819843750e-02, 8.429000000000000000e+03
3.310452926676853841e-02, 5.378000000000000000e+03
3.312901486533863238e-02, 4.291000000000000000e+03
3.315350046390872635e-02, 5.489000000000000000e+03
3.317798606247882032e-02, 9.718000000000000000e+03
3.320247166104891429e-02, 1.588700000000000000e+04
3.322695725961900826e-02, 2.130800000000000000e+04
3.325144285818910916e-02, 2.677100000000000000e+04
3.327592845675920313e-02, 2.939600000000000000e+04
3.330041405532929710e-02, 2.796400000000000000e+04
3.332489965389939107e-02, 2.620000000000000000e+04
3.334938525246948504e-02, 2.245700000000000000e+04
3.337387085103957901e-02, 1.603800000000000000e+04
3.339835644960967298e-02, 1.096000000000000000e+04
3.342284204817977389e-02, 6.782000000000000000e+03
3.344732764674986786e-02, 5.002000000000000000e+03
3.347181324531996183e-02, 4.737000000000000000e+03
3.349629884389005580e-02, 7.462000000000000000e+03
3.352078444246014977e-02, 1.236000000000000000e+04
3.354527004103024374e-02, 1.562100000000000000e+04
3.356975563960034464e-02, 2.196200000000000000e+04
3.359424123817043861e-02, 2.630200000000000000e+04
3.361872683674053258e-02, 2.873600000000000000e+04
3.364321243531062655e-02, 2.848600000000000000e+04
3.366769803388072052e-02, 2.573300000000000000e+04
3.369218363245081449e-02, 2.044100000000000000e+04
3.371666923102091540e-02, 1.562600000000000000e+04
3.374115482959100937e-02, 9.856000000000000000e+03
3.376564042816110334e-02, 5.687000000000000000e+03
3.379012602673119731e-02, 4.295000000000000000e+03
3.381461162530129128e-02, 5.105000000000000000e+03
3.383909722387138524e-02, 8.418000000000000000e+03
3.386358282244148615e-02, 1.316900000000000000e+04
3.388806842101158012e-02, 1.808600000000000000e+04
3.391255401958167409e-02, 2.311800000000000000e+04
3.393703961815176806e-02, 2.594700000000000000e+04
3.396152521672186203e-02, 2.818000000000000000e+04
3.398601081529195600e-02, 2.728300000000000000e+04
3.401049641386204997e-02, 2.446500000000000000e+04
3.403498201243215088e-02, 1.964000000000000000e+04
3.405946761100224485e-02, 1.287100000000000000e+04
3.408395320957233882e-02, 9.099000000000000000e+03
3.410843880814243279e-02, 4.985000000000000000e+03
3.413292440671252675e-02, 3.101000000000000000e+03
3.415741000528262072e-02, 5.206000000000000000e+03
3.418189560385272163e-02, 8.822000000000000000e+03
3.420638120242281560e-02, 1.491700000000000000e+04
3.423086680099290957e-02, 2.037500000000000000e+04
3.425535239956300354e-02, 2.525700000000000000e+04
3.427983799813309751e-02, 2.673300000000000000e+04
3.430432359670319148e-02, 2.768500000000000000e+04
3.432880919527329239e-02, 2.649600000000000000e+04
3.435329479384338636e-02, 2.276700000000000000e+04
3.437778039241348033e-02, 1.737500000000000000e+04
3.440226599098357430e-02, 1.134700000000000000e+04
3.442675158955366826e-02, 7.229000000000000000e+03
3.445123718812376223e-02, 4.518000000000000000e+03
3.447572278669385620e-02, 3.800000000000000000e+03
3.450020838526395711e-02, 6.545000000000000000e+03
3.452469398383405108e-02, 1.048400000000000000e+04
3.454917958240414505e-02, 1.556900000000000000e+04
3.457366518097423902e-02, 2.116700000000000000e+04
3.459815077954433299e-02, 2.650900000000000000e+04
3.462263637811442696e-02, 3.006900000000000000e+04
3.464712197668452787e-02, 2.753000000000000000e+04
3.467160757525462184e-02, 2.694800000000000000e+04
3.469609317382471581e-02, 2.211200000000000000e+04
3.472057877239480977e-02, 1.708500000000000000e+04
3.474506437096490374e-02, 1.117900000000000000e+04
3.476954996953499771e-02, 5.652000000000000000e+03
3.479403556810509862e-02, 4.681000000000000000e+03
3.481852116667519259e-02, 4.186000000000000000e+03
3.484300676524528656e-02, 7.613000000000000000e+03
3.486749236381538053e-02, 1.265200000000000000e+04
3.489197796238547450e-02, 1.669600000000000000e+04
3.491646356095556847e-02, 2.138000000000000000e+04
3.494094915952566244e-02, 2.606000000000000000e+04
3.496543475809576335e-02, 2.944100000000000000e+04
3.498992035666585732e-02, 2.748500000000000000e+04
3.501440595523595128e-02, 2.519600000000000000e+04
3.503889155380604525e-02, 2.165200000000000000e+04
3.506337715237613922e-02, 1.545100000000000000e+04
3.508786275094623319e-02, 9.929000000000000000e+03
3.511234834951633410e-02, 6.274000000000000000e+03
3.513683394808642807e-02, 4.831000000000000000e+03
3.516131954665652204e-02, 5.706000000000000000e+03
3.518580514522661601e-02, 8.125000000000000000e+03
3.521029074379670998e-02, 1.377800000000000000e+04
3.523477634236680395e-02, 1.803200000000000000e+04
3.525926194093690486e-02, 2.384800000000000000e+04
3.528374753950699882e-02, 2.672400000000000000e+04
3.530823313807709279e-02, 2.864400000000000000e+04
3.533271873664718676e-02, 2.713100000000000000e+04
3.535720433521728073e-02, 2.369400000000000000e+04
3.538168993378737470e-02, 1.905500000000000000e+04
3.540617553235747561e-02, 1.271300000000000000e+04
3.543066113092756958e-02, 8.239000000000000000e+03
3.545514672949766355e-02, 5.030000000000000000e+03
3.547963232806775752e-02, 4.821000000000000000e+03
3.550411792663785149e-02, 6.229000000000000000e+03
3.552860352520794546e-02, 9.174000000000000000e+03
3.555308912377803943e-02, 1.427900000000000000e+04
3.557757472234814033e-02, 2.061000000000000000e+04
3.560206032091823430e-02, 2.496300000000000000e+04
3.562654591948832827e-02, 2.744000000000000000e+04
3.565103151805842224e-02, 2.824000000000000000e+04
3.567551711662851621e-02, 2.704700000000000000e+04
3.570000271519861018e-02, 2.176200000000000000e+04
3.572448831376871109e-02, 1.705500000000000000e+04
3.574897391233880506e-02, 1.199300000000000000e+04
3.577345951090889903e-02, 6.683000000000000000e+03
3.579794510947899300e-02, 3.647000000000000000e+03
3.582243070804908697e-02, 3.223000000000000000e+03
3.584691630661918094e-02, 6.489000000000000000e+03
3.587140190518928184e-02, 1.145700000000000000e+04
3.589588750375937581e-02, 1.640400000000000000e+04
3.592037310232946978e-02, 2.145700000000000000e+04
3.594485870089956375e-02, 2.617300000000000000e+04
3.596934429946965772e-02, 2.857400000000000000e+04
3.599382989803975169e-02, 2.787000000000000000e+04
3.601831549660984566e-02, 2.596800000000000000e+04
3.604280109517994657e-02, 2.142600000000000000e+04
3.606728669375004054e-02, 1.714300000000000000e+04
3.609177229232013451e-02, 1.048400000000000000e+04
3.611625789089022848e-02, 6.065000000000000000e+03
3.614074348946032245e-02, 3.966000000000000000e+03
3.616522908803041642e-02, 3.409000000000000000e+03
3.618971468660051732e-02, 8.006000000000000000e+03
3.621420028517061129e-02, 1.227500000000000000e+04
3.623868588374070526e-02, 1.798300000000000000e+04
3.626317148231079923e-02, 2.262600000000000000e+04
3.628765708088089320e-02, 2.681500000000000000e+04
3.631214267945098717e-02, 2.970700000000000000e+04
3.633662827802108808e-02, 2.782400000000000000e+04
3.636111387659118205e-02, 2.388900000000000000e+04
3.638559947516127602e-02, 1.997900000000000000e+04
3.641008507373136999e-02, 1.418800000000000000e+04
3.643457067230146396e-02, 9.446000000000000000e+03
3.645905627087155793e-02, 6.644000000000000000e+03
3.648354186944165189e-02, 4.407000000000000000e+03
3.650802746801175280e-02, 6.629000000000000000e+03
3.653251306658184677e-02, 7.791000000000000000e+03
3.655699866515194074e-02, 1.385900000000000000e+04
3.658148426372203471e-02, 1.934200000000000000e+04
3.660596986229212868e-02, 2.356600000000000000e+04
3.663045546086222265e-02, 2.755200000000000000e+04
3.665494105943232356e-02, 2.927300000000000000e+04
3.667942665800241753e-02, 2.738200000000000000e+04
3.670391225657251150e-02, 2.358200000000000000e+04
3.672839785514260547e-02, 1.853000000000000000e+04
3.675288345371269944e-02, 1.204700000000000000e+04
3.677736905228279340e-02, 7.455000000000000000e+03
3.680185465085289431e-02, 5.610000000000000000e+03
3.682634024942298828e-02, 4.781000000000000000e+03
3.685082584799308225e-02, 6.191000000000000000e+03
3.687531144656317622e-02, 9.767000000000000000e+03
3.689979704513327019e-02, 1.569100000000000000e+04
3.692428264370336416e-02, 2.119200000000000000e+04
3.694876824227346507e-02, 2.551200000000000000e+04
3.697325384084355904e-02, 2.848000000000000000e+04
3.699773943941365301e-02, 2.874700000000000000e+04
3.702222503798374698e-02, 2.613000000000000000e+04
3.704671063655384095e-02, 2.145600000000000000e+04
3.707119623512393491e-02, 1.684900000000000000e+04
3.709568183369402888e-02, 1.233300000000000000e+04
3.712016743226412979e-02, 7.255000000000000000e+03
3.714465303083422376e-02, 4.326000000000000000e+03
3.716913862940431773e-02, 4.664000000000000000e+03
3.719362422797441170e-02, 6.940000000000000000e+03
3.721810982654450567e-02, 1.136500000000000000e+04
3.724259542511459964e-02, 1.655300000000000000e+04
3.726708102368470055e-02, 2.137000000000000000e+04
3.729156662225479452e-02, 2.695400000000000000e+04
3.731605222082488849e-02, 2.833400000000000000e+04
3.734053781939498246e-02, 2.875500000000000000e+04
3.736502341796507642e-02, 2.608500000000000000e+04
3.738950901653517039e-02, 2.018000000000000000e+04
3.741399461510527130e-02, 1.580900000000000000e+04
3.743848021367536527e-02, 1.082700000000000000e+04
3.746296581224545924e-02, 6.411000000000000000e+03
3.748745141081555321e-02, 3.143000000000000000e+03
3.751193700938564718e-02, 4.822000000000000000e+03
3.753642260795574115e-02, 7.548000000000000000e+03
3.756090820652583512e-02, 1.239600000000000000e+04
3.758539380509593603e-02, 1.721000000000000000e+04
3.760987940366603000e-02, 2.260600000000000000e+04
3.763436500223612396e-02, 2.626900000000000000e+04
3.765885060080621793e-02, 2.821600000000000000e+04
3.768333619937631190e-02, 2.787600000000000000e+04
3.770782179794640587e-02, 2.411100000000000000e+04
3.773230739651650678e-02, 1.999400000000000000e+04
3.775679299508660075e-02, 1.401700000000000000e+04
3.778127859365669472e-02, 8.779000000000000000e+03
3.780576419222678869e-02, 5.909000000000000000e+03
3.783024979079688266e-02, 3.764000000000000000e+03
3.785473538936697663e-02, 6.101000000000000000e+03
3.787922098793707754e-02, 8.360000000000000000e+03
3.790370658650717151e-02, 1.362000000000000000e+04
3.792819218507726547e-02, 1.958400000000000000e+04
3.795267778364735944e-02, 2.448200000000000000e+04
3.797716338221745341e-02, 2.648000000000000000e+04
3.800164898078754738e-02, 2.751900000000000000e+04
3.802613457935764135e-02, 2.652700000000000000e+04
3.805062017792774226e-02, 2.331400000000000000e+04
3.807510577649783623e-02, 1.686200000000000000e+04
3.809959137506793020e-02, 1.186000000000000000e+04
3.812407697363802417e-02, 7.766000000000000000e+03
3.814856257220811814e-02, 5.372000000000000000e+03
3.817304817077821211e-02, 4.291000000000000000e+03
3.819753376934831302e-02, 5.651000000000000000e+03
3.822201936791840698e-02, 9.719000000000000000e+03
3.824650496648850095e-02, 1.523500000000000000e+04
3.827099056505859492e-02, 2.129400000000000000e+04
3.829547616362868889e-02, 2.677100000000000000e+04
3.831996176219878286e-02, 2.939600000000000000e+04
3.834444736076888377e-02, 2.796400000000000000e+04
3.836893295933897774e-02, 2.620000000000000000e+04
3.839341855790907171e-02, 2.246400000000000000e+04
3.841790415647916568e-02, 1.603800000000000000e+04
3.844238975504925965e-02, 1.088900000000000000e+04
3.846687535361935362e-02, 6.782000000000000000e+03
3.849136095218945453e-02, 5.002000000000000000e+03
3.851584655075954849e-02, 4.723000000000000000e+03
3.854033214932964246e-02, 7.462000000000000000e+03
3.856481774789973643e-02, 1.163200000000000000e+04
3.858930334646983040e-02, 1.561300000000000000e+04
3.861378894503992437e-02, 2.196200000000000000e+04
3.863827454361001834e-02, 2.642900000000000000e+04
3.866276014218011925e-02, 2.873600000000000000e+04
3.868724574075021322e-02, 2.812000000000000000e+04
3.871173133932030719e-02, 2.573700000000000000e+04
3.873621693789040116e-02, 2.044100000000000000e+04
3.876070253646049513e-02, 1.568100000000000000e+04
3.878518813503058910e-02, 9.856000000000000000e+03
3.880967373360069000e-02, 5.687000000000000000e+03
3.883415933217078397e-02, 4.295000000000000000e+03
3.885864493074087794e-02, 5.105000000000000000e+03
3.888313052931097191e-02, 7.901000000000000000e+03
3.890761612788106588e-02, 1.316600000000000000e+04
3.893210172645115985e-02, 1.808600000000000000e+04
3.895658732502126076e-02, 2.313500000000000000e+04
3.898107292359135473e-02, 2.594700000000000000e+04
3.900555852216144870e-02, 2.815800000000000000e+04
3.903004412073154267e-02, 2.728500000000000000e+04
3.905452971930163664e-02, 2.446500000000000000e+04
3.907901531787173061e-02, 1.942500000000000000e+04
3.910350091644182458e-02, 1.287000000000000000e+04
3.912798651501192548e-02, 9.099000000000000000e+03
3.915247211358201945e-02, 4.985000000000000000e+03
3.917695771215211342e-02, 3.101000000000000000e+03
3.920144331072220739e-02, 5.604000000000000000e+03
3.922592890929230136e-02, 8.824000000000000000e+03
3.925041450786239533e-02, 1.491700000000000000e+04
3.927490010643249624e-02, 2.033400000000000000e+04
3.929938570500259021e-02, 2.525700000000000000e+04
3.932387130357268418e-02, 2.673300000000000000e+04
3.934835690214277815e-02, 2.768500000000000000e+04
3.937284250071287212e-02, 2.649600000000000000e+04
3.939732809928296609e-02, 2.278600000000000000e+04
3.942181369785306699e-02, 1.737500000000000000e+04
3.944629929642316096e-02, 1.135500000000000000e+04
3.947078489499325493e-02, 7.227000000000000000e+03
3.949527049356334890e-02, 4.518000000000000000e+03
3.951975609213344287e-02, 3.594000000000000000e+03
3.954424169070353684e-02, 6.544000000000000000e+03
3.956872728927363081e-02, 1.048400000000000000e+04
3.959321288784373172e-02, 1.556300000000000000e+04
3.961769848641382569e-02, 2.116700000000000000e+04
3.964218408498391966e-02, 2.650900000000000000e+04
3.966666968355401363e-02, 3.006900000000000000e+04
3.969115528212410760e-02, 2.753000000000000000e+04
3.971564088069420156e-02, 2.695900000000000000e+04
3.974012647926430247e-02, 2.211200000000000000e+04
3.976461207783439644e-02, 1.640300000000000000e+04
3.978909767640449041e-02, 1.117300000000000000e+04
3.981358327497458438e-02, 5.652000000000000000e+03
3.983806887354467835e-02, 4.681000000000000000e+03
3.986255447211477232e-02, 4.186000000000000000e+03
3.988704007068487323e-02, 6.838000000000000000e+03
3.991152566925496720e-02, 1.264200000000000000e+04
3.993601126782506117e-02, 1.669600000000000000e+04
3.996049686639515514e-02, 2.161700000000000000e+04
3.998498246496524910e-02, 2.606100000000000000e+04
4.000946806353534307e-02, 2.944100000000000000e+04
4.003395366210544398e-02, 2.749100000000000000e+04
4.005843926067553795e-02, 2.519600000000000000e+04
4.008292485924563192e-02, 2.172500000000000000e+04
4.010741045781572589e-02, 1.545200000000000000e+04
4.013189605638581986e-02, 9.929000000000000000e+03
4.015638165495591383e-02, 6.274000000000000000e+03
4.018086725352600780e-02, 4.831000000000000000e+03
4.020535285209610871e-02, 5.670000000000000000e+03
4.022983845066620268e-02, 8.124000000000000000e+03
4.025432404923629665e-02, 1.377800000000000000e+04
4.027880964780639061e-02, 1.820200000000000000e+04
4.030329524637648458e-02, 2.384900000000000000e+04
4.032778084494657855e-02, 2.672400000000000000e+04
4.035226644351667946e-02, 2.864400000000000000e+04
4.037675204208677343e-02, 2.713100000000000000e+04
4.040123764065686740e-02, 2.396500000000000000e+04
4.042572323922696137e-02, 1.905700000000000000e+04
4.045020883779705534e-02, 1.271300000000000000e+04
4.047469443636714931e-02, 8.255000000000000000e+03
4.049918003493725022e-02, 5.030000000000000000e+03
4.052366563350734419e-02, 4.339000000000000000e+03
4.054815123207743816e-02, 6.226000000000000000e+03
4.057263683064753212e-02, 9.174000000000000000e+03
4.059712242921762609e-02, 1.426400000000000000e+04
4.062160802778772006e-02, 2.061000000000000000e+04
4.064609362635781403e-02, 2.496300000000000000e+04
4.067057922492791494e-02, 2.744000000000000000e+04
4.069506482349800891e-02, 2.824000000000000000e+04
4.071955042206810288e-02, 2.720900000000000000e+04
4.074403602063819685e-02, 2.176300000000000000e+04
4.076852161920829082e-02, 1.747700000000000000e+04
4.079300721777838479e-02, 1.198900000000000000e+04
4.081749281634848570e-02, 6.683000000000000000e+03
4.084197841491857967e-02, 3.647000000000000000e+03
4.086646401348867363e-02, 3.223000000000000000e+03
4.089094961205876760e-02, 6.489000000000000000e+03
4.091543521062886157e-02, 1.151400000000000000e+04
4.093992080919895554e-02, 1.640400000000000000e+04
4.096440640776905645e-02, 2.131300000000000000e+04
4.098889200633915042e-02, 2.617100000000000000e+04
4.101337760490924439e-02, 2.857400000000000000e+04
4.103786320347933836e-02, 2.796400000000000000e+04
4.106234880204943233e-02, 2.596800000000000000e+04
4.108683440061952630e-02, 2.138700000000000000e+04
4.111131999918962027e-02, 1.714500000000000000e+04
4.113580559775972117e-02, 1.048400000000000000e+04
4.116029119632981514e-02, 6.065000000000000000e+03
4.118477679489990911e-02, 3.966000000000000000e+03
4.120926239347000308e-02, 3.537000000000000000e+03
4.123374799204009705e-02, 8.001000000000000000e+03
4.125823359061019102e-02, 1.227500000000000000e+04
4.128271918918029193e-02, 1.839600000000000000e+04
4.130720478775038590e-02, 2.262800000000000000e+04
4.133169038632047987e-02, 2.681500000000000000e+04
4.135617598489057384e-02, 2.970700000000000000e+04
4.138066158346066781e-02, 2.782400000000000000e+04
4.140514718203076178e-02, 2.448000000000000000e+04
4.142963278060086268e-02, 1.998300000000000000e+04
4.145411837917095665e-02, 1.418800000000000000e+04
4.147860397774105062e-02, 9.580000000000000000e+03
4.150308957631114459e-02, 6.644000000000000000e+03
4.152757517488123856e-02, 4.407000000000000000e+03
4.155206077345133253e-02, 6.629000000000000000e+03
4.157654637202143344e-02, 7.791000000000000000e+03
4.160103197059152741e-02, 1.364300000000000000e+04
4.162551756916162138e-02, 1.934100000000000000e+04
4.165000316773171535e-02, 2.356600000000000000e+04
4.167448876630180932e-02, 2.751500000000000000e+04
4.169897436487190329e-02, 2.927300000000000000e+04
4.172345996344199726e-02, 2.777900000000000000e+04
4.174794556201209816e-02, 2.358400000000000000e+04
4.177243116058219213e-02, 1.853000000000000000e+04
4.179691675915228610e-02, 1.198500000000000000e+04
4.182140235772238007e-02, 7.455000000000000000e+03
4.184588795629247404e-02, 5.610000000000000000e+03
4.187037355486256801e-02, 4.781000000000000000e+03
4.189485915343266892e-02, 6.191000000000000000e+03
4.191934475200276289e-02, 9.922000000000000000e+03
4.194383035057285686e-02, 1.569100000000000000e+04
4.196831594914295083e-02, 2.069700000000000000e+04
4.199280154771304480e-02, 2.549600000000000000e+04
4.201728714628313877e-02, 2.848000000000000000e+04
4.204177274485323967e-02, 2.899400000000000000e+04
4.206625834342333364e-02, 2.613100000000000000e+04
4.209074394199342761e-02, 2.145600000000000000e+04
4.211522954056352158e-02, 1.681300000000000000e+04
4.213971513913361555e-02, 1.233200000000000000e+04
4.216420073770370952e-02, 7.846000000000000000e+03
4.218868633627380349e-02, 4.330000000000000000e+03
4.221317193484390440e-02, 4.664000000000000000e+03
4.223765753341399837e-02, 6.867000000000000000e+03
4.226214313198409234e-02, 1.136500000000000000e+04
4.228662873055418631e-02, 1.730400000000000000e+04
4.231111432912428028e-02, 2.137700000000000000e+04
4.233559992769437424e-02, 2.695400000000000000e+04
4.236008552626447515e-02, 2.833400000000000000e+04
4.238457112483456912e-02, 2.875500000000000000e+04
4.240905672340466309e-02, 2.608500000000000000e+04
4.243354232197475706e-02, 2.018000000000000000e+04
4.245802792054485103e-02, 1.580900000000000000e+04
4.248251351911494500e-02, 1.076700000000000000e+04
4.250699911768504591e-02, 6.410000000000000000e+03
4.253148471625513988e-02, 3.143000000000000000e+03
4.255597031482523385e-02, 4.822000000000000000e+03
4.258045591339532782e-02, 7.548000000000000000e+03
4.260494151196542179e-02, 1.304100000000000000e+04
4.262942711053551575e-02, 1.721500000000000000e+04
4.265391270910560972e-02, 2.260600000000000000e+04
4.267839830767571063e-02, 2.616400000000000000e+04
4.270288390624580460e-02, 2.821600000000000000e+04
4.272736950481589857e-02, 2.861500000000000000e+04
4.275185510338599254e-02, 2.411700000000000000e+04
4.277634070195608651e-02, 1.999400000000000000e+04
4.280082630052618048e-02, 1.398700000000000000e+04
4.282531189909628139e-02, 8.778000000000000000e+03
4.284979749766637536e-02, 5.909000000000000000e+03
4.287428309623646933e-02, 3.764000000000000000e+03
4.289876869480656330e-02, 6.101000000000000000e+03
4.292325429337665726e-02, 8.294000000000000000e+03
4.294773989194675123e-02, 1.362000000000000000e+04
4.297222549051685214e-02, 1.958400000000000000e+04
4.299671108908694611e-02, 2.449400000000000000e+04
4.302119668765704008e-02, 2.648000000000000000e+04
4.304568228622713405e-02, 2.807300000000000000e+04
4.307016788479722802e-02, 2.653000000000000000e+04
4.309465348336732199e-02, 2.331400000000000000e+04
4.311913908193742290e-02, 1.675900000000000000e+04
4.314362468050751687e-02, 1.186000000000000000e+04
4.316811027907761084e-02, 8.482000000000000000e+03
4.319259587764770481e-02, 5.385000000000000000e+03
4.321708147621779877e-02, 4.291000000000000000e+03
4.324156707478789274e-02, 5.455000000000000000e+03
4.326605267335798671e-02, 9.718000000000000000e+03
4.329053827192808762e-02, 1.523500000000000000e+04
4.331502387049818159e-02, 2.128300000000000000e+04
4.333950946906827556e-02, 2.677100000000000000e+04
4.336399506763836953e-02, 2.889600000000000000e+04
4.338848066620846350e-02, 2.796100000000000000e+04
4.341296626477855747e-02, 2.620000000000000000e+04
4.343745186334865838e-02, 2.239400000000000000e+04
4.346193746191875235e-02, 1.603800000000000000e+04
4.348642306048884631e-02, 1.082900000000000000e+04
4.351090865905894028e-02, 6.780000000000000000e+03
4.353539425762903425e-02, 5.002000000000000000e+03
4.355987985619912822e-02, 4.723000000000000000e+03
4.358436545476922913e-02, 7.462000000000000000e+03
4.360885105333932310e-02, 1.224000000000000000e+04
4.363333665190941707e-02, 1.562700000000000000e+04
4.365782225047951104e-02, 2.196200000000000000e+04
4.368230784904960501e-02, 2.648100000000000000e+04
4.370679344761969898e-02, 2.873600000000000000e+04
4.373127904618979295e-02, 2.812000000000000000e+04
4.375576464475989386e-02, 2.573700000000000000e+04
4.378025024332998782e-02, 2.044100000000000000e+04
4.380473584190008179e-02, 1.582200000000000000e+04
4.382922144047017576e-02, 9.857000000000000000e+03
4.385370703904026973e-02, 5.687000000000000000e+03
4.387819263761036370e-02, 4.295000000000000000e+03
4.390267823618046461e-02, 5.105000000000000000e+03
4.392716383475055858e-02, 7.858000000000000000e+03
4.395164943332065255e-02, 1.316400000000000000e+04
4.397613503189074652e-02, 1.808600000000000000e+04
4.400062063046084049e-02, 2.316400000000000000e+04
4.402510622903093446e-02, 2.594700000000000000e+04
4.404959182760103537e-02, 2.815800000000000000e+04
4.407407742617112933e-02, 2.728500000000000000e+04
4.409856302474122330e-02, 2.446500000000000000e+04
4.412304862331131727e-02, 1.974100000000000000e+04
4.414753422188141124e-02, 1.287100000000000000e+04
4.417201982045150521e-02, 9.099000000000000000e+03
4.419650541902159918e-02, 4.976000000000000000e+03
4.422099101759170009e-02, 3.101000000000000000e+03
4.424547661616179406e-02, 5.140000000000000000e+03
4.426996221473188803e-02, 8.821000000000000000e+03
4.429444781330198200e-02, 1.491700000000000000e+04
4.431893341187207597e-02, 2.030300000000000000e+04
4.434341901044216994e-02, 2.525700000000000000e+04
4.436790460901227084e-02, 2.595500000000000000e+04
4.439239020758236481e-02, 2.767500000000000000e+04
4.441687580615245878e-02, 2.649600000000000000e+04
4.444136140472255275e-02, 2.282400000000000000e+04
4.446584700329264672e-02, 1.737600000000000000e+04
4.449033260186274069e-02, 1.172100000000000000e+04
4.451481820043284160e-02, 7.248000000000000000e+03
4.453930379900293557e-02, 4.518000000000000000e+03
4.456378939757302954e-02, 3.594000000000000000e+03
4.458827499614312351e-02, 6.544000000000000000e+03
4.461276059471321748e-02, 1.048400000000000000e+04
4.463724619328331145e-02, 1.555300000000000000e+04
4.466173179185341235e-02, 2.116700000000000000e+04
4.468621739042350632e-02, 2.658100000000000000e+04
4.471070298899360029e-02, 3.007000000000000000e+04
4.473518858756369426e-02, 2.753000000000000000e+04
4.475967418613378823e-02, 2.695900000000000000e+04
4.478415978470388220e-02, 2.211200000000000000e+04
4.480864538327397617e-02, 1.715800000000000000e+04
4.483313098184407708e-02, 1.118400000000000000e+04
4.485761658041417105e-02, 5.652000000000000000e+03
4.488210217898426502e-02, 4.940000000000000000e+03
4.490658777755435899e-02, 4.188000000000000000e+03
4.493107337612445296e-02, 7.078000000000000000e+03
4.495555897469454693e-02, 1.263700000000000000e+04
4.498004457326464783e-02, 1.669600000000000000e+04
4.500453017183474180e-02, 2.167700000000000000e+04
4.502901577040483577e-02, 2.606100000000000000e+04
4.505350136897492974e-02, 2.944100000000000000e+04
4.507798696754502371e-02, 2.749100000000000000e+04
4.510247256611511768e-02, 2.519600000000000000e+04
4.512695816468521859e-02, 2.179200000000000000e+04
4.515144376325531256e-02, 1.545300000000000000e+04
4.517592936182540653e-02, 9.929000000000000000e+03
4.520041496039550050e-02, 6.251000000000000000e+03
4.522490055896559447e-02, 4.831000000000000000e+03
4.524938615753568844e-02, 6.165000000000000000e+03
4.527387175610578240e-02, 8.140000000000000000e+03
4.529835735467588331e-02, 1.377800000000000000e+04
4.532284295324597728e-02, 1.825000000000000000e+04
4.534732855181607125e-02, 2.384900000000000000e+04
4.537181415038616522e-02, 2.672400000000000000e+04
4.539629974895625919e-02, 2.865100000000000000e+04
4.542078534752635316e-02, 2.713100000000000000e+04
4.544527094609645407e-02, 2.403500000000000000e+04
4.546975654466654804e-02, 1.905700000000000000e+04
4.549424214323664201e-02, 1.271300000000000000e+04
4.551872774180673598e-02, 8.269000000000000000e+03
4.554321334037682995e-02, 5.030000000000000000e+03
4.556769893894692391e-02, 4.339000000000000000e+03
4.559218453751702482e-02, 6.226000000000000000e+03
4.561667013608711879e-02, 9.174000000000000000e+03
4.564115573465721276e-02, 1.441600000000000000e+04
4.566564133322730673e-02, 2.061100000000000000e+04
4.569012693179740070e-02, 2.480300000000000000e+04
4.571461253036749467e-02, 2.744300000000000000e+04
4.573909812893758864e-02, 2.824000000000000000e+04
4.576358372750768955e-02, 2.720900000000000000e+04
4.578806932607778352e-02, 2.176300000000000000e+04
4.581255492464787749e-02, 1.747700000000000000e+04
4.583704052321797145e-02, 1.202200000000000000e+04
4.586152612178806542e-02, 6.683000000000000000e+03
4.588601172035815939e-02, 4.219000000000000000e+03
4.591049731892826030e-02, 3.227000000000000000e+03
4.593498291749835427e-02, 6.489000000000000000e+03
4.595946851606844824e-02, 1.144400000000000000e+04
4.598395411463854221e-02, 1.640400000000000000e+04
4.600843971320863618e-02, 2.128500000000000000e+04
4.603292531177873015e-02, 2.616700000000000000e+04
4.605741091034883106e-02, 2.857400000000000000e+04
4.608189650891892503e-02, 2.796400000000000000e+04
4.610638210748901900e-02, 2.596800000000000000e+04
4.613086770605911296e-02, 2.111600000000000000e+04
4.615535330462920693e-02, 1.712600000000000000e+04
4.617983890319930090e-02, 1.048400000000000000e+04
4.620432450176940181e-02, 6.013000000000000000e+03
4.622881010033949578e-02, 3.965000000000000000e+03
4.625329569890958975e-02, 3.537000000000000000e+03
4.627778129747968372e-02, 8.049000000000000000e+03
4.630226689604977769e-02, 1.227500000000000000e+04
4.632675249461987166e-02, 1.846900000000000000e+04
4.635123809318996563e-02, 2.262900000000000000e+04
4.637572369176006654e-02, 2.681500000000000000e+04
4.640020929033016051e-02, 2.972500000000000000e+04
4.642469488890025447e-02, 2.782400000000000000e+04
4.644918048747034844e-02, 2.448500000000000000e+04
4.647366608604044241e-02, 1.998500000000000000e+04
4.649815168461053638e-02, 1.418800000000000000e+04
4.652263728318063729e-02, 9.378000000000000000e+03
4.654712288175073126e-02, 6.643000000000000000e+03
4.657160848032082523e-02, 4.407000000000000000e+03
4.659609407889091920e-02, 6.629000000000000000e+03
4.662057967746101317e-02, 7.791000000000000000e+03
4.664506527603110714e-02, 1.401600000000000000e+04
4.666955087460120805e-02, 1.934300000000000000e+04
4.669403647317130202e-02, 2.356600000000000000e+04
4.671852207174139598e-02, 2.756100000000000000e+04
4.674300767031148995e-02, 2.927300000000000000e+04
4.676749326888158392e-02, 2.777900000000000000e+04
4.679197886745167789e-02, 2.358400000000000000e+04
4.681646446602177186e-02, 1.853000000000000000e+04
4.684095006459187277e-02, 1.207900000000000000e+04
4.686543566316196674e-02, 7.455000000000000000e+03
4.688992126173206071e-02, 6.348000000000000000e+03
4.691440686030215468e-02, 4.792000000000000000e+03
4.693889245887224865e-02, 6.191000000000000000e+03
4.696337805744234262e-02, 9.735000000000000000e+03
4.698786365601244353e-02, 1.569000000000000000e+04
4.701234925458253749e-02, 2.082500000000000000e+04
4.703683485315263146e-02, 2.548400000000000000e+04
4.706132045172272543e-02, 2.848000000000000000e+04
4.708580605029281940e-02, 2.899400000000000000e+04
4.711029164886291337e-02, 2.613100000000000000e+04
4.713477724743301428e-02, 2.145600000000000000e+04
4.715926284600310825e-02, 1.680000000000000000e+04
4.718374844457320222e-02, 1.233200000000000000e+04
4.720823404314329619e-02, 7.183000000000000000e+03
4.723271964171339016e-02, 4.325000000000000000e+03
4.725720524028348413e-02, 4.664000000000000000e+03
4.728169083885357810e-02, 7.001000000000000000e+03
4.730617643742367900e-02, 1.136500000000000000e+04
4.733066203599377297e-02, 1.677900000000000000e+04
4.735514763456386694e-02, 2.136300000000000000e+04
4.737963323313396091e-02, 2.695400000000000000e+04
4.740411883170405488e-02, 2.837800000000000000e+04
4.742860443027414885e-02, 2.875500000000000000e+04
4.745309002884424976e-02, 2.608500000000000000e+04
4.747757562741434373e-02, 2.018600000000000000e+04
4.750206122598443770e-02, 1.580900000000000000e+04
4.752654682455453167e-02, 1.069500000000000000e+04
4.755103242312462564e-02, 6.410000000000000000e+03
4.757551802169471961e-02, 3.143000000000000000e+03
4.760000362026482051e-02, 4.822000000000000000e+03
4.762448921883491448e-02, 7.548000000000000000e+03
4.764897481740500845e-02, 1.309100000000000000e+04
4.767346041597510242e-02, 1.721600000000000000e+04
4.769794601454519639e-02, 2.260600000000000000e+04
4.772243161311529036e-02, 2.629100000000000000e+04
4.774691721168539127e-02, 2.821600000000000000e+04
4.777140281025548524e-02, 2.848700000000000000e+04
4.779588840882557921e-02, 2.409700000000000000e+04
4.782037400739567318e-02, 1.999400000000000000e+04
4.784485960596576715e-02, 1.388400000000000000e+04
4.786934520453586112e-02, 8.778000000000000000e+03
4.789383080310595509e-02, 5.909000000000000000e+03
4.791831640167605599e-02, 3.756000000000000000e+03
4.794280200024614996e-02, 6.101000000000000000e+03
4.796728759881624393e-02, 8.294000000000000000e+03
4.799177319738633790e-02, 1.362000000000000000e+04
4.801625879595643187e-02, 1.958400000000000000e+04
4.804074439452652584e-02, 2.440400000000000000e+04
4.806522999309662675e-02, 2.648000000000000000e+04
4.808971559166672072e-02, 2.807300000000000000e+04
4.811420119023681469e-02, 2.653000000000000000e+04
4.813868678880690866e-02, 2.331400000000000000e+04
4.816317238737700263e-02, 1.694300000000000000e+04
4.818765798594709659e-02, 1.186000000000000000e+04
4.821214358451719750e-02, 7.926000000000000000e+03
4.823662918308729147e-02, 5.369000000000000000e+03
4.826111478165738544e-02, 4.291000000000000000e+03
4.828560038022747941e-02, 5.394000000000000000e+03
4.831008597879757338e-02, 9.718000000000000000e+03
4.833457157736766735e-02, 1.523500000000000000e+04
4.835905717593776132e-02, 2.127300000000000000e+04
4.838354277450786223e-02, 2.677100000000000000e+04
4.840802837307795620e-02, 2.946900000000000000e+04
4.843251397164805017e-02, 2.796500000000000000e+04
4.845699957021814414e-02, 2.620000000000000000e+04
4.848148516878823810e-02, 2.248000000000000000e+04
4.850597076735833207e-02, 1.603800000000000000e+04
4.853045636592843298e-02, 1.083700000000000000e+04
4.855494196449852695e-02, 6.778000000000000000e+03
4.857942756306862092e-02, 5.002000000000000000e+03
4.860391316163871489e-02, 4.723000000000000000e+03
4.862839876020880886e-02, 7.462000000000000000e+03
4.865288435877890283e-02, 1.190300000000000000e+04
4.867736995734900374e-02, 1.560400000000000000e+04
4.870185555591909771e-02, 2.196200000000000000e+04
4.872634115448919168e-02, 2.648100000000000000e+04
4.875082675305928565e-02, 2.873600000000000000e+04
4.877531235162937961e-02, 2.812000000000000000e+04
4.879979795019947358e-02, 2.567800000000000000e+04
4.882428354876956755e-02, 2.044000000000000000e+04
4.884876914733966846e-02, 1.587700000000000000e+04
4.887325474590976243e-02, 9.859000000000000000e+03
4.889774034447985640e-02, 5.687000000000000000e+03
4.892222594304995037e-02, 4.273000000000000000e+03
4.894671154162004434e-02, 5.105000000000000000e+03
4.897119714019013831e-02, 8.414000000000000000e+03
4.899568273876023922e-02, 1.318000000000000000e+04
4.902016833733033319e-02, 1.808600000000000000e+04
4.904465393590042716e-02, 2.321000000000000000e+04
4.906913953447052112e-02, 2.594800000000000000e+04
4.909362513304061509e-02, 2.815800000000000000e+04
4.911811073161070906e-02, 2.728500000000000000e+04
4.914259633018080997e-02, 2.446500000000000000e+04
4.916708192875090394e-02, 1.981000000000000000e+04
4.919156752732099791e-02, 1.287200000000000000e+04
4.921605312589109188e-02, 9.099000000000000000e+03
4.924053872446118585e-02, 4.976000000000000000e+03
4.926502432303127982e-02, 3.101000000000000000e+03
4.928950992160138073e-02, 5.080000000000000000e+03
4.931399552017147470e-02, 8.820000000000000000e+03
4.933848111874156867e-02, 1.491700000000000000e+04
4.936296671731166263e-02, 2.027700000000000000e+04
4.938745231588175660e-02, 2.525700000000000000e+04
4.941193791445185057e-02, 2.669400000000000000e+04
4.943642351302194454e-02, 2.768700000000000000e+04
4.946090911159204545e-02, 2.649600000000000000e+04
4.948539471016213942e-02, 2.250200000000000000e+04
4.950988030873223339e-02, 1.737400000000000000e+04
4.953436590730232736e-02, 1.172100000000000000e+04
4.955885150587242133e-02, 7.217000000000000000e+03
4.958333710444251530e-02, 4.518000000000000000e+03
4.960782270301261621e-02, 4.221000000000000000e+03
4.963230830158271017e-02, 6.548000000000000000e+03
4.965679390015280414e-02, 1.048400000000000000e+04
4.968127949872289811e-02, 1.553800000000000000e+04
4.970576509729299208e-02, 2.116700000000000000e+04
4.973025069586308605e-02, 2.658100000000000000e+04
4.975473629443318696e-02, 3.007000000000000000e+04
4.977922189300328093e-02, 2.753000000000000000e+04
4.980370749157337490e-02, 2.699300000000000000e+04
4.982819309014346887e-02, 2.211200000000000000e+04
4.985267868871356284e-02, 1.673600000000000000e+04
4.987716428728365681e-02, 1.118800000000000000e+04
4.990164988585375078e-02, 5.652000000000000000e+03
4.992613548442385168e-02, 4.631000000000000000e+03
4.995062108299394565e-02, 4.186000000000000000e+03
4.997510668156403962e-02, 7.078000000000000000e+03
4.999959228013413359e-02, 1.268300000000000000e+04
5.002407787870422756e-02, 1.669600000000000000e+04
5.004856347727432153e-02, 2.175100000000000000e+04
5.007304907584442244e-02, 2.606200000000000000e+04
5.009753467441451641e-02, 2.944100000000000000e+04
5.012202027298461038e-02, 2.737600000000000000e+04
5.014650587155470435e-02, 2.519500000000000000e+04
5.017099147012479832e-02, 2.180800000000000000e+04
5.019547706869489229e-02, 1.545500000000000000e+04
5.021996266726499319e-02, 9.929000000000000000e+03
5.024444826583508716e-02, 6.251000000000000000e+03
5.026893386440518113e-02, 4.831000000000000000e+03
5.029341946297527510e-02, 6.037000000000000000e+03
5.031790506154536907e-02, 8.120000000000000000e+03
5.034239066011546304e-02, 1.377800000000000000e+04
5.036687625868555701e-02, 1.789900000000000000e+04
5.039136185725565792e-02, 2.384700000000000000e+04
5.041584745582575189e-02, 2.672400000000000000e+04
5.044033305439584586e-02, 2.865100000000000000e+04
5.046481865296593983e-02, 2.713100000000000000e+04
5.048930425153603380e-02, 2.409800000000000000e+04
5.051378985010612777e-02, 1.905900000000000000e+04
5.053827544867622867e-02, 1.271300000000000000e+04
5.056276104724632264e-02, 8.180000000000000000e+03
5.058724664581641661e-02, 5.030000000000000000e+03
5.061173224438651058e-02, 4.991000000000000000e+03
5.063621784295660455e-02, 6.240000000000000000e+03
5.066070344152669852e-02, 9.174000000000000000e+03
5.068518904009679943e-02, 1.420100000000000000e+04
5.070967463866689340e-02, 2.061000000000000000e+04
5.073416023723698737e-02, 2.480300000000000000e+04
5.075864583580708134e-02, 2.744300000000000000e+04
5.078313143437717531e-02, 2.824000000000000000e+04
5.080761703294726928e-02, 2.727600000000000000e+04
5.083210263151737018e-02, 2.176300000000000000e+04
5.085658823008746415e-02, 1.747700000000000000e+04
5.088107382865755812e-02, 1.195700000000000000e+04
5.090555942722765209e-02, 6.682000000000000000e+03
5.093004502579774606e-02, 3.574000000000000000e+03
5.095453062436784003e-02, 3.222000000000000000e+03
5.097901622293793400e-02, 6.489000000000000000e+03
5.100350182150803491e-02, 1.141700000000000000e+04
5.102798742007812888e-02, 1.640400000000000000e+04
5.105247301864822285e-02, 2.197300000000000000e+04
5.107695861721831682e-02, 2.618000000000000000e+04
5.110144421578841079e-02, 2.857400000000000000e+04
5.112592981435850475e-02, 2.766800000000000000e+04
5.115041541292860566e-02, 2.596700000000000000e+04
5.117490101149869963e-02, 2.111600000000000000e+04
5.119938661006879360e-02, 1.715400000000000000e+04
5.122387220863888757e-02, 1.048400000000000000e+04
5.124835780720898154e-02, 6.604000000000000000e+03
5.127284340577907551e-02, 3.969000000000000000e+03
5.129732900434917642e-02, 3.537000000000000000e+03
5.132181460291927039e-02, 7.990000000000000000e+03
5.134630020148936436e-02, 1.227500000000000000e+04
5.137078580005945833e-02, 1.855100000000000000e+04
5.139527139862955230e-02, 2.263200000000000000e+04
5.141975699719964626e-02, 2.681500000000000000e+04
5.144424259576974023e-02, 2.972500000000000000e+04
5.146872819433984114e-02, 2.782400000000000000e+04
5.149321379290993511e-02, 2.416900000000000000e+04
5.151769939148002908e-02, 1.998900000000000000e+04
5.154218499005012305e-02, 1.418800000000000000e+04
5.156667058862021702e-02, 9.378000000000000000e+03
5.159115618719031099e-02, 6.643000000000000000e+03
5.161564178576041190e-02, 4.407000000000000000e+03
5.164012738433050587e-02, 6.670000000000000000e+03
5.166461298290059984e-02, 7.791000000000000000e+03
5.168909858147069381e-02, 1.416200000000000000e+04
5.171358418004078777e-02, 1.934500000000000000e+04
5.173806977861088174e-02, 2.356600000000000000e+04
5.176255537718098265e-02, 2.756100000000000000e+04
5.178704097575107662e-02, 2.927300000000000000e+04
5.181152657432117059e-02, 2.781400000000000000e+04
5.183601217289126456e-02, 2.358500000000000000e+04
5.186049777146135853e-02, 1.853000000000000000e+04
5.188498337003145250e-02, 1.190300000000000000e+04
5.190946896860154647e-02, 7.455000000000000000e+03
5.193395456717164738e-02, 5.740000000000000000e+03
5.195844016574174135e-02, 4.778000000000000000e+03
5.198292576431183531e-02, 6.191000000000000000e+03
5.200741136288192928e-02, 9.676000000000000000e+03
5.203189696145202325e-02, 1.569000000000000000e+04
5.205638256002211722e-02, 2.082500000000000000e+04
5.208086815859221813e-02, 2.546400000000000000e+04
5.210535375716231210e-02, 2.848000000000000000e+04
5.212983935573240607e-02, 2.906300000000000000e+04
5.215432495430250004e-02, 2.613200000000000000e+04
5.217881055287259401e-02, 2.145600000000000000e+04
5.220329615144268798e-02, 1.688100000000000000e+04
5.222778175001278889e-02, 1.233300000000000000e+04
5.225226734858288286e-02, 7.899000000000000000e+03
5.227675294715297682e-02, 4.337000000000000000e+03
5.230123854572307079e-02, 4.664000000000000000e+03
5.232572414429316476e-02, 6.839000000000000000e+03
5.235020974286325873e-02, 1.136500000000000000e+04
5.237469534143335964e-02, 1.677900000000000000e+04
5.239918094000345361e-02, 2.138900000000000000e+04
5.242366653857354758e-02, 2.695400000000000000e+04
5.244815213714364155e-02, 2.837800000000000000e+04
5.247263773571373552e-02, 2.875500000000000000e+04
5.249712333428382949e-02, 2.608500000000000000e+04
5.252160893285392346e-02, 2.019700000000000000e+04
5.254609453142402437e-02, 1.580900000000000000e+04
5.257058012999411833e-02, 1.143500000000000000e+04
5.259506572856421230e-02, 6.416000000000000000e+03
5.261955132713430627e-02, 3.143000000000000000e+03
5.264403692570440024e-02, 4.797000000000000000e+03
5.266852252427449421e-02, 7.548000000000000000e+03
5.269300812284459512e-02, 1.292100000000000000e+04
5.271749372141468909e-02, 1.722200000000000000e+04
5.274197931998478306e-02, 2.260600000000000000e+04
5.276646491855487703e-02, 2.629100000000000000e+04
5.279095051712497100e-02, 2.821600000000000000e+04
5.281543611569506497e-02, 2.848700000000000000e+04
5.283992171426516588e-02, 2.412200000000000000e+04
5.286440731283525984e-02, 1.999400000000000000e+04
5.288889291140535381e-02, 1.381600000000000000e+04
5.291337850997544778e-02, 8.777000000000000000e+03
5.293786410854554175e-02, 5.909000000000000000e+03
5.296234970711563572e-02, 3.756000000000000000e+03
5.298683530568572969e-02, 6.101000000000000000e+03
5.301132090425583060e-02, 8.231000000000000000e+03
5.303580650282592457e-02, 1.361900000000000000e+04
5.306029210139601854e-02, 1.958400000000000000e+04
5.308477769996611251e-02, 2.435100000000000000e+04
5.310926329853620648e-02, 2.647900000000000000e+04
5.313374889710630045e-02, 2.784300000000000000e+04
5.315823449567640135e-02, 2.653400000000000000e+04
5.318272009424649532e-02, 2.331400000000000000e+04
5.320720569281658929e-02, 1.694300000000000000e+04
5.323169129138668326e-02, 1.186000000000000000e+04
5.325617688995677723e-02, 7.926000000000000000e+03
5.328066248852687120e-02, 5.361000000000000000e+03
5.330514808709697211e-02, 4.291000000000000000e+03
5.332963368566706608e-02, 5.394000000000000000e+03
5.335411928423716005e-02, 9.718000000000000000e+03
5.337860488280725402e-02, 1.523500000000000000e+04
5.340309048137734799e-02, 2.135000000000000000e+04
5.342757607994744196e-02, 2.677100000000000000e+04
5.345206167851753593e-02, 2.946900000000000000e+04
5.347654727708763683e-02, 2.796500000000000000e+04
5.350103287565773080e-02, 2.620000000000000000e+04
5.352551847422782477e-02, 2.250700000000000000e+04
5.355000407279791874e-02, 1.603800000000000000e+04
5.357448967136801271e-02, 1.096500000000000000e+04
5.359897526993810668e-02, 6.773000000000000000e+03
5.362346086850820759e-02, 5.002000000000000000e+03
5.364794646707830156e-02, 4.668000000000000000e+03
5.367243206564839553e-02, 7.462000000000000000e+03
5.369691766421848950e-02, 1.190300000000000000e+04
5.372140326278858347e-02, 1.559300000000000000e+04
5.374588886135867744e-02, 2.196200000000000000e+04
5.377037445992877834e-02, 2.581800000000000000e+04
5.379486005849887231e-02, 2.873100000000000000e+04
5.381934565706896628e-02, 2.812000000000000000e+04
5.384383125563906025e-02, 2.575100000000000000e+04
