0.000000000000000000e+00, 1.029500000000000000e+04
1.153751503739094667e-05, 1.050300000000000000e+04
2.307503007478189333e-05, 1.097800000000000000e+04
3.461254511217283492e-05, 1.168400000000000000e+04
4.615006014956378667e-05, 1.260200000000000000e+04
5.768757518695473164e-05, 1.372700000000000000e+04
6.922509022434566984e-05, 1.503800000000000000e+04
8.076260526173661481e-05, 1.652500000000000000e+04
9.230012029912757333e-05, 1.819800000000000000e+04
1.038376353365185183e-04, 1.999900000000000000e+04
1.153751503739094633e-04, 2.188400000000000000e+04
1.269126654113004083e-04, 2.386000000000000000e+04
1.384501804486913397e-04, 2.593700000000000000e+04
1.499876954860822982e-04, 2.806500000000000000e+04
1.615252105234732296e-04, 2.857100000000000000e+04
1.730627255608641881e-04, 2.719400000000000000e+04
1.846002405982551467e-04, 2.632800000000000000e+04
1.961377556356460781e-04, 2.586200000000000000e+04
2.076752706730370366e-04, 2.580500000000000000e+04
2.192127857104279680e-04, 2.602800000000000000e+04
2.307503007478189266e-04, 2.657900000000000000e+04
2.422878157852098580e-04, 2.735800000000000000e+04
2.538253308226008165e-04, 2.836800000000000000e+04
2.653628458599917479e-04, 2.957400000000000000e+04
2.769003608973826793e-04, 3.089800000000000000e+04
2.884378759347736650e-04, 3.234200000000000000e+04
2.999753909721645964e-04, 3.388900000000000000e+04
3.115129060095555278e-04, 3.552900000000000000e+04
3.230504210469464592e-04, 3.720800000000000000e+04
3.345879360843374449e-04, 3.888400000000000000e+04
3.461254511217283763e-04, 3.671800000000000000e+04
3.576629661591193077e-04, 3.500400000000000000e+04
3.692004811965102933e-04, 3.364600000000000000e+04
3.807379962339012248e-04, 3.267500000000000000e+04
3.922755112712921562e-04, 3.195000000000000000e+04
4.038130263086830876e-04, 3.152400000000000000e+04
4.153505413460740732e-04, 3.129300000000000000e+04
4.268880563834650047e-04, 3.120700000000000000e+04
4.384255714208559361e-04, 3.126600000000000000e+04
4.499630864582468675e-04, 3.142600000000000000e+04
4.615006014956378531e-04, 3.170200000000000000e+04
4.730381165330287845e-04, 3.203000000000000000e+04
4.845756315704197160e-04, 3.236300000000000000e+04
4.961131466078107016e-04, 3.270700000000000000e+04
5.076506616452016330e-04, 3.307500000000000000e+04
5.191881766825925644e-04, 3.345800000000000000e+04
5.307256917199834959e-04, 3.380600000000000000e+04
5.422632067573744273e-04, 3.412600000000000000e+04
5.538007217947653587e-04, 3.440400000000000000e+04
5.653382368321563985e-04, 3.463100000000000000e+04
5.768757518695473300e-04, 3.480700000000000000e+04
5.884132669069382614e-04, 3.492500000000000000e+04
5.999507819443291928e-04, 3.496000000000000000e+04
6.114882969817201242e-04, 3.497100000000000000e+04
6.230258120191110556e-04, 3.495400000000000000e+04
6.345633270565019871e-04, 3.484000000000000000e+04
6.461008420938929185e-04, 3.472000000000000000e+04
6.576383571312839583e-04, 3.449900000000000000e+04
6.691758721686748897e-04, 3.428500000000000000e+04
6.807133872060658212e-04, 3.398100000000000000e+04
6.922509022434567526e-04, 3.369700000000000000e+04
7.037884172808476840e-04, 3.332900000000000000e+04
7.153259323182386154e-04, 3.299400000000000000e+04
7.268634473556295468e-04, 3.258400000000000000e+04
7.384009623930205867e-04, 3.221600000000000000e+04
7.499384774304115181e-04, 3.180900000000000000e+04
7.614759924678024495e-04, 3.145400000000000000e+04
7.730135075051933809e-04, 3.111000000000000000e+04
7.845510225425843124e-04, 3.078800000000000000e+04
7.960885375799752438e-04, 3.048100000000000000e+04
8.076260526173661752e-04, 3.021900000000000000e+04
8.191635676547571066e-04, 2.999700000000000000e+04
8.307010826921481465e-04, 2.981100000000000000e+04
8.422385977295390779e-04, 2.965800000000000000e+04
8.537761127669300093e-04, 2.957000000000000000e+04
8.653136278043209407e-04, 2.955800000000000000e+04
8.768511428417118721e-04, 2.962600000000000000e+04
8.883886578791028036e-04, 2.980000000000000000e+04
8.999261729164937350e-04, 3.002800000000000000e+04
9.114636879538847748e-04, 3.033400000000000000e+04
9.230012029912757062e-04, 3.072800000000000000e+04
9.345387180286666377e-04, 3.120400000000000000e+04
9.460762330660575691e-04, 3.177700000000000000e+04
9.576137481034485005e-04, 3.238300000000000000e+04
9.691512631408394319e-04, 3.309800000000000000e+04
9.806887781782303633e-04, 3.390400000000000000e+04
9.922262932156214032e-04, 3.480000000000000000e+04
1.003763808253012226e-03, 3.578800000000000000e+04
1.015301323290403266e-03, 3.685900000000000000e+04
1.026838838327794089e-03, 3.797700000000000000e+04
1.038376353365185129e-03, 3.918000000000000000e+04
1.049913868402576169e-03, 4.046000000000000000e+04
1.061451383439966992e-03, 4.182800000000000000e+04
1.072988898477358032e-03, 4.150000000000000000e+04
1.084526413514748855e-03, 3.937000000000000000e+04
1.096063928552139894e-03, 3.773900000000000000e+04
1.107601443589530717e-03, 3.654400000000000000e+04
1.119138958626921757e-03, 3.572700000000000000e+04
1.130676473664312797e-03, 3.529600000000000000e+04
1.142213988701703620e-03, 3.519900000000000000e+04
1.153751503739094660e-03, 3.546700000000000000e+04
1.165289018776485483e-03, 3.594500000000000000e+04
1.176826533813876523e-03, 3.670700000000000000e+04
1.188364048851267346e-03, 3.761700000000000000e+04
1.199901563888658386e-03, 3.873300000000000000e+04
1.211439078926049425e-03, 3.995800000000000000e+04
1.222976593963440248e-03, 4.132300000000000000e+04
1.234514109000831288e-03, 4.079600000000000000e+04
1.246051624038222111e-03, 3.871000000000000000e+04
1.257589139075613151e-03, 3.715100000000000000e+04
1.269126654113003974e-03, 3.602100000000000000e+04
1.280664169150395014e-03, 3.527100000000000000e+04
1.292201684187785837e-03, 3.487100000000000000e+04
1.303739199225176877e-03, 3.478200000000000000e+04
1.315276714262567917e-03, 3.493800000000000000e+04
1.326814229299958740e-03, 3.527800000000000000e+04
1.338351744337349779e-03, 3.581100000000000000e+04
1.349889259374740602e-03, 3.647000000000000000e+04
1.361426774412131642e-03, 3.719900000000000000e+04
1.372964289449522465e-03, 3.805600000000000000e+04
1.384501804486913505e-03, 3.892600000000000000e+04
1.396039319524304545e-03, 3.986800000000000000e+04
1.407576834561695368e-03, 4.082600000000000000e+04
1.419114349599086408e-03, 4.173000000000000000e+04
1.430651864636477231e-03, 4.264700000000000000e+04
1.442189379673868271e-03, 4.351100000000000000e+04
1.453726894711259094e-03, 4.434700000000000000e+04
1.465264409748650134e-03, 4.511700000000000000e+04
1.476801924786041173e-03, 4.578900000000000000e+04
1.488339439823431996e-03, 4.638700000000000000e+04
1.499876954860823036e-03, 4.690200000000000000e+04
1.511414469898213859e-03, 4.735800000000000000e+04
1.522951984935604899e-03, 4.773600000000000000e+04
1.534489499972995722e-03, 4.801500000000000000e+04
1.546027015010386762e-03, 4.820600000000000000e+04
1.557564530047777802e-03, 4.828800000000000000e+04
1.569102045085168625e-03, 4.829500000000000000e+04
1.580639560122559665e-03, 4.822100000000000000e+04
1.592177075159950488e-03, 4.803900000000000000e+04
1.603714590197341527e-03, 4.779200000000000000e+04
1.615252105234732350e-03, 4.751100000000000000e+04
1.626789620272123390e-03, 4.712600000000000000e+04
1.638327135309514213e-03, 4.669700000000000000e+04
1.649864650346905253e-03, 4.617500000000000000e+04
1.661402165384296293e-03, 4.563600000000000000e+04
1.672939680421687116e-03, 4.502100000000000000e+04
1.684477195459078156e-03, 4.440600000000000000e+04
1.696014710496468979e-03, 4.372600000000000000e+04
1.707552225533860019e-03, 4.305900000000000000e+04
1.719089740571250842e-03, 4.234000000000000000e+04
1.730627255608641881e-03, 4.164200000000000000e+04
1.742164770646032921e-03, 4.093100000000000000e+04
1.753702285683423744e-03, 4.027400000000000000e+04
1.765239800720814784e-03, 3.961000000000000000e+04
1.776777315758205607e-03, 3.899200000000000000e+04
1.788314830795596647e-03, 3.839600000000000000e+04
1.799852345832987470e-03, 3.785000000000000000e+04
1.811389860870378510e-03, 3.734900000000000000e+04
1.822927375907769550e-03, 3.689100000000000000e+04
1.834464890945160373e-03, 3.648900000000000000e+04
1.846002405982551412e-03, 3.617400000000000000e+04
1.857539921019942235e-03, 3.592600000000000000e+04
1.869077436057333275e-03, 3.577500000000000000e+04
1.880614951094724098e-03, 3.570100000000000000e+04
1.892152466132115138e-03, 3.570600000000000000e+04
1.903689981169506178e-03, 3.578900000000000000e+04
1.915227496206897001e-03, 3.597200000000000000e+04
1.926765011244288041e-03, 3.624200000000000000e+04
1.938302526281678864e-03, 3.662000000000000000e+04
1.949840041319069904e-03, 3.705000000000000000e+04
1.961377556356460727e-03, 3.757400000000000000e+04
1.972915071393851767e-03, 3.820100000000000000e+04
1.984452586431242806e-03, 3.893400000000000000e+04
1.995990101468633846e-03, 3.976900000000000000e+04
2.007527616506024452e-03, 4.067300000000000000e+04
2.019065131543415492e-03, 4.164800000000000000e+04
2.030602646580806532e-03, 4.271700000000000000e+04
2.042140161618197572e-03, 4.386600000000000000e+04
2.053677676655588178e-03, 4.409900000000000000e+04
2.065215191692979218e-03, 4.166400000000000000e+04
2.076752706730370258e-03, 3.977200000000000000e+04
2.088290221767761298e-03, 3.834900000000000000e+04
2.099827736805152337e-03, 3.734500000000000000e+04
2.111365251842542944e-03, 3.669600000000000000e+04
2.122902766879933983e-03, 3.639800000000000000e+04
2.134440281917325023e-03, 3.643600000000000000e+04
2.145977796954716063e-03, 3.680700000000000000e+04
2.157515311992107103e-03, 3.737200000000000000e+04
2.169052827029497709e-03, 3.820500000000000000e+04
2.180590342066888749e-03, 3.917200000000000000e+04
2.192127857104279789e-03, 4.032200000000000000e+04
2.203665372141670829e-03, 4.159200000000000000e+04
2.215202887179061435e-03, 4.297700000000000000e+04
2.226740402216452475e-03, 4.060700000000000000e+04
2.238277917253843514e-03, 3.875300000000000000e+04
2.249815432291234554e-03, 3.739700000000000000e+04
2.261352947328625594e-03, 3.645400000000000000e+04
2.272890462366016200e-03, 3.585800000000000000e+04
2.284427977403407240e-03, 3.558600000000000000e+04
2.295965492440798280e-03, 3.560600000000000000e+04
2.307503007478189320e-03, 3.585500000000000000e+04
2.319040522515579926e-03, 3.627600000000000000e+04
2.330578037552970966e-03, 3.686900000000000000e+04
2.342115552590362006e-03, 3.756600000000000000e+04
2.353653067627753045e-03, 3.834300000000000000e+04
2.365190582665144085e-03, 3.921400000000000000e+04
2.376728097702534691e-03, 4.011500000000000000e+04
2.388265612739925731e-03, 4.104600000000000000e+04
2.399803127777316771e-03, 4.198500000000000000e+04
2.411340642814707811e-03, 4.287000000000000000e+04
2.422878157852098851e-03, 4.376300000000000000e+04
2.434415672889489457e-03, 4.460500000000000000e+04
2.445953187926880497e-03, 4.542000000000000000e+04
2.457490702964271537e-03, 4.616100000000000000e+04
2.469028218001662577e-03, 4.681800000000000000e+04
2.480565733039053183e-03, 4.738100000000000000e+04
2.492103248076444223e-03, 4.788200000000000000e+04
2.503640763113835262e-03, 4.830100000000000000e+04
2.515178278151226302e-03, 4.864400000000000000e+04
2.526715793188617342e-03, 4.888800000000000000e+04
2.538253308226007948e-03, 4.904500000000000000e+04
2.549790823263398988e-03, 4.909200000000000000e+04
2.561328338300790028e-03, 4.904700000000000000e+04
2.572865853338181068e-03, 4.894100000000000000e+04
2.584403368375571674e-03, 4.872300000000000000e+04
2.595940883412962714e-03, 4.844000000000000000e+04
2.607478398450353754e-03, 4.811400000000000000e+04
2.619015913487744793e-03, 4.769900000000000000e+04
2.630553428525135833e-03, 4.722800000000000000e+04
2.642090943562526439e-03, 4.668800000000000000e+04
2.653628458599917479e-03, 4.611000000000000000e+04
2.665165973637308519e-03, 4.548100000000000000e+04
2.676703488674699559e-03, 4.482900000000000000e+04
2.688241003712090599e-03, 4.413900000000000000e+04
2.699778518749481205e-03, 4.343700000000000000e+04
2.711316033786872245e-03, 4.270900000000000000e+04
2.722853548824263285e-03, 4.197900000000000000e+04
2.734391063861654324e-03, 4.126100000000000000e+04
2.745928578899044931e-03, 4.059700000000000000e+04
2.757466093936435970e-03, 3.992000000000000000e+04
2.769003608973827010e-03, 3.927800000000000000e+04
2.780541124011218050e-03, 3.866800000000000000e+04
2.792078639048609090e-03, 3.810900000000000000e+04
2.803616154085999696e-03, 3.759600000000000000e+04
2.815153669123390736e-03, 3.712600000000000000e+04
2.826691184160781776e-03, 3.670700000000000000e+04
2.838228699198172816e-03, 3.637200000000000000e+04
2.849766214235563856e-03, 3.610500000000000000e+04
2.861303729272954462e-03, 3.593600000000000000e+04
2.872841244310345502e-03, 3.584600000000000000e+04
2.884378759347736541e-03, 3.584800000000000000e+04
2.895916274385127581e-03, 3.592800000000000000e+04
2.907453789422518187e-03, 3.610800000000000000e+04
2.918991304459909227e-03, 3.637500000000000000e+04
2.930528819497300267e-03, 3.673600000000000000e+04
2.942066334534691307e-03, 3.718600000000000000e+04
2.953603849572082347e-03, 3.770600000000000000e+04
2.965141364609472953e-03, 3.834600000000000000e+04
2.976678879646863993e-03, 3.910200000000000000e+04
2.988216394684255033e-03, 3.995100000000000000e+04
2.999753909721646072e-03, 4.086200000000000000e+04
3.011291424759036679e-03, 4.184500000000000000e+04
3.022828939796427718e-03, 4.292100000000000000e+04
3.034366454833818758e-03, 4.407400000000000000e+04
3.045903969871209798e-03, 4.357100000000000000e+04
3.057441484908600838e-03, 4.125100000000000000e+04
3.068978999945991444e-03, 3.943900000000000000e+04
3.080516514983382484e-03, 3.808700000000000000e+04
3.092054030020773524e-03, 3.714600000000000000e+04
3.103591545058164564e-03, 3.657700000000000000e+04
3.115129060095555603e-03, 3.632800000000000000e+04
3.126666575132946210e-03, 3.643200000000000000e+04
3.138204090170337249e-03, 3.683700000000000000e+04
3.149741605207728289e-03, 3.745600000000000000e+04
3.161279120245119329e-03, 3.832000000000000000e+04
3.172816635282509935e-03, 3.933000000000000000e+04
3.184354150319900975e-03, 4.050100000000000000e+04
3.195891665357292015e-03, 4.180600000000000000e+04
3.207429180394683055e-03, 4.243600000000000000e+04
3.218966695432074095e-03, 4.018200000000000000e+04
3.230504210469464701e-03, 3.841500000000000000e+04
3.242041725506855741e-03, 3.713400000000000000e+04
3.253579240544246780e-03, 3.626000000000000000e+04
3.265116755581637820e-03, 3.574300000000000000e+04
3.276654270619028426e-03, 3.552400000000000000e+04
3.288191785656419466e-03, 3.559000000000000000e+04
3.299729300693810506e-03, 3.587700000000000000e+04
3.311266815731201546e-03, 3.633300000000000000e+04
3.322804330768592586e-03, 3.693900000000000000e+04
3.334341845805983192e-03, 3.766100000000000000e+04
3.345879360843374232e-03, 3.844100000000000000e+04
3.357416875880765272e-03, 3.930000000000000000e+04
3.368954390918156312e-03, 4.020500000000000000e+04
3.380491905955547351e-03, 4.113700000000000000e+04
3.392029420992937958e-03, 4.207800000000000000e+04
3.403566936030328997e-03, 4.296600000000000000e+04
3.415104451067720037e-03, 4.384200000000000000e+04
3.426641966105111077e-03, 4.470500000000000000e+04
3.438179481142501683e-03, 4.550300000000000000e+04
3.449716996179892723e-03, 4.623900000000000000e+04
3.461254511217283763e-03, 4.688100000000000000e+04
3.472792026254674803e-03, 4.742600000000000000e+04
3.484329541292065843e-03, 4.793200000000000000e+04
3.495867056329456449e-03, 4.833300000000000000e+04
3.507404571366847489e-03, 4.866000000000000000e+04
3.518942086404238528e-03, 4.889000000000000000e+04
3.530479601441629568e-03, 4.902600000000000000e+04
3.542017116479020608e-03, 4.905600000000000000e+04
3.553554631516411214e-03, 4.899100000000000000e+04
3.565092146553802254e-03, 4.886200000000000000e+04
3.576629661591193294e-03, 4.864200000000000000e+04
3.588167176628584334e-03, 4.835800000000000000e+04
3.599704691665974940e-03, 4.800800000000000000e+04
3.611242206703365980e-03, 4.759500000000000000e+04
3.622779721740757020e-03, 4.710300000000000000e+04
3.634317236778148059e-03, 4.656900000000000000e+04
3.645854751815539099e-03, 4.597300000000000000e+04
3.657392266852929705e-03, 4.535100000000000000e+04
3.668929781890320745e-03, 4.468300000000000000e+04
3.680467296927711785e-03, 4.400300000000000000e+04
3.692004811965102825e-03, 4.328700000000000000e+04
3.703542327002493431e-03, 4.257000000000000000e+04
3.715079842039884471e-03, 4.182800000000000000e+04
3.726617357077275511e-03, 4.111400000000000000e+04
3.738154872114666551e-03, 4.045400000000000000e+04
3.749692387152057590e-03, 3.978300000000000000e+04
3.761229902189448197e-03, 3.913500000000000000e+04
3.772767417226839236e-03, 3.853900000000000000e+04
3.784304932264230276e-03, 3.799200000000000000e+04
3.795842447301621316e-03, 3.748900000000000000e+04
3.807379962339012356e-03, 3.702900000000000000e+04
3.818917477376402962e-03, 3.663600000000000000e+04
3.830454992413794002e-03, 3.630800000000000000e+04
3.841992507451185042e-03, 3.607000000000000000e+04
3.853530022488576082e-03, 3.591000000000000000e+04
3.865067537525966688e-03, 3.583900000000000000e+04
3.876605052563357728e-03, 3.586300000000000000e+04
3.888142567600748768e-03, 3.596400000000000000e+04
3.899680082638139807e-03, 3.614700000000000000e+04
3.911217597675530414e-03, 3.641600000000000000e+04
3.922755112712921453e-03, 3.676500000000000000e+04
3.934292627750312493e-03, 3.723100000000000000e+04
3.945830142787703533e-03, 3.775300000000000000e+04
3.957367657825094573e-03, 3.840000000000000000e+04
3.968905172862485613e-03, 3.916100000000000000e+04
3.980442687899876653e-03, 3.999600000000000000e+04
3.991980202937267692e-03, 4.091300000000000000e+04
4.003517717974657865e-03, 4.190300000000000000e+04
4.015055233012048905e-03, 4.298400000000000000e+04
4.026592748049439945e-03, 4.414200000000000000e+04
4.038130263086830984e-03, 4.513700000000000000e+04
4.049667778124222024e-03, 4.266000000000000000e+04
4.061205293161613064e-03, 4.068700000000000000e+04
4.072742808199004104e-03, 3.918600000000000000e+04
4.084280323236395144e-03, 3.809900000000000000e+04
4.095817838273786184e-03, 3.740100000000000000e+04
4.107355353311176356e-03, 3.701900000000000000e+04
4.118892868348567396e-03, 3.701900000000000000e+04
4.130430383385958436e-03, 3.731400000000000000e+04
4.141967898423349476e-03, 3.785000000000000000e+04
4.153505413460740515e-03, 3.861500000000000000e+04
4.165042928498131555e-03, 3.956100000000000000e+04
4.176580443535522595e-03, 4.065300000000000000e+04
4.188117958572913635e-03, 4.190900000000000000e+04
4.199655473610304675e-03, 4.323500000000000000e+04
4.211192988647694847e-03, 4.083600000000000000e+04
4.222730503685085887e-03, 3.895100000000000000e+04
4.234268018722476927e-03, 3.754700000000000000e+04
4.245805533759867967e-03, 3.656200000000000000e+04
4.257343048797259007e-03, 3.595100000000000000e+04
4.268880563834650047e-03, 3.566200000000000000e+04
4.280418078872041086e-03, 3.562500000000000000e+04
4.291955593909432126e-03, 3.581200000000000000e+04
4.303493108946823166e-03, 3.618900000000000000e+04
4.315030623984214206e-03, 3.671900000000000000e+04
4.326568139021604378e-03, 3.737200000000000000e+04
4.338105654058995418e-03, 3.812500000000000000e+04
4.349643169096386458e-03, 3.893800000000000000e+04
4.361180684133777498e-03, 3.982600000000000000e+04
4.372718199171168538e-03, 4.072300000000000000e+04
4.384255714208559578e-03, 4.163500000000000000e+04
4.395793229245950617e-03, 4.249800000000000000e+04
4.407330744283341657e-03, 4.334200000000000000e+04
4.418868259320732697e-03, 4.420100000000000000e+04
4.430405774358122870e-03, 4.497600000000000000e+04
4.441943289395513909e-03, 4.569300000000000000e+04
4.453480804432904949e-03, 4.630900000000000000e+04
4.465018319470295989e-03, 4.683800000000000000e+04
4.476555834507687029e-03, 4.732800000000000000e+04
4.488093349545078069e-03, 4.770900000000000000e+04
4.499630864582469109e-03, 4.802000000000000000e+04
4.511168379619860148e-03, 4.823800000000000000e+04
4.522705894657251188e-03, 4.837300000000000000e+04
4.534243409694641361e-03, 4.840600000000000000e+04
4.545780924732032401e-03, 4.834600000000000000e+04
4.557318439769423440e-03, 4.820100000000000000e+04
4.568855954806814480e-03, 4.799000000000000000e+04
4.580393469844205520e-03, 4.771900000000000000e+04
4.591930984881596560e-03, 4.735900000000000000e+04
4.603468499918987600e-03, 4.696200000000000000e+04
4.615006014956378640e-03, 4.646400000000000000e+04
4.626543529993769679e-03, 4.594800000000000000e+04
4.638081045031159852e-03, 4.535000000000000000e+04
4.649618560068550892e-03, 4.475000000000000000e+04
4.661156075105941932e-03, 4.408200000000000000e+04
4.672693590143332971e-03, 4.341700000000000000e+04
4.684231105180724011e-03, 4.270400000000000000e+04
4.695768620218115051e-03, 4.200500000000000000e+04
4.707306135255506091e-03, 4.126900000000000000e+04
4.718843650292897131e-03, 4.058200000000000000e+04
4.730381165330288171e-03, 3.994500000000000000e+04
4.741918680367678343e-03, 3.930000000000000000e+04
4.753456195405069383e-03, 3.867600000000000000e+04
4.764993710442460423e-03, 3.810400000000000000e+04
4.776531225479851463e-03, 3.757900000000000000e+04
4.788068740517242503e-03, 3.709900000000000000e+04
4.799606255554633542e-03, 3.665900000000000000e+04
4.811143770592024582e-03, 3.628700000000000000e+04
4.822681285629415622e-03, 3.597800000000000000e+04
4.834218800666806662e-03, 3.577700000000000000e+04
4.845756315704197702e-03, 3.564400000000000000e+04
4.857293830741587874e-03, 3.557900000000000000e+04
4.868831345778978914e-03, 3.562200000000000000e+04
4.880368860816369954e-03, 3.574000000000000000e+04
4.891906375853760994e-03, 3.595500000000000000e+04
4.903443890891152034e-03, 3.625300000000000000e+04
4.914981405928543073e-03, 3.662200000000000000e+04
4.926518920965934113e-03, 3.711500000000000000e+04
4.938056436003325153e-03, 3.767500000000000000e+04
4.949593951040716193e-03, 3.836200000000000000e+04
4.961131466078106365e-03, 3.914000000000000000e+04
4.972668981115497405e-03, 4.000300000000000000e+04
4.984206496152888445e-03, 4.094900000000000000e+04
4.995744011190279485e-03, 4.196600000000000000e+04
5.007281526227670525e-03, 4.307100000000000000e+04
5.018819041265061565e-03, 4.424900000000000000e+04
5.030356556302452604e-03, 4.450500000000000000e+04
5.041894071339843644e-03, 4.214600000000000000e+04
5.053431586377234684e-03, 4.028400000000000000e+04
5.064969101414624857e-03, 3.887300000000000000e+04
5.076506616452015896e-03, 3.787600000000000000e+04
5.088044131489406936e-03, 3.728000000000000000e+04
5.099581646526797976e-03, 3.699200000000000000e+04
5.111119161564189016e-03, 3.708400000000000000e+04
5.122656676601580056e-03, 3.743800000000000000e+04
5.134194191638971096e-03, 3.804800000000000000e+04
5.145731706676362135e-03, 3.885600000000000000e+04
5.157269221713753175e-03, 3.986100000000000000e+04
5.168806736751143348e-03, 4.098100000000000000e+04
5.180344251788534388e-03, 4.227100000000000000e+04
5.191881766825925427e-03, 4.261600000000000000e+04
5.203419281863316467e-03, 4.035100000000000000e+04
5.214956796900707507e-03, 3.861000000000000000e+04
5.226494311938098547e-03, 3.731800000000000000e+04
5.238031826975489587e-03, 3.643300000000000000e+04
5.249569342012880627e-03, 3.591100000000000000e+04
5.261106857050271667e-03, 3.570900000000000000e+04
5.272644372087662706e-03, 3.576400000000000000e+04
5.284181887125052879e-03, 3.601300000000000000e+04
5.295719402162443919e-03, 3.646000000000000000e+04
5.307256917199834959e-03, 3.705300000000000000e+04
5.318794432237225998e-03, 3.773600000000000000e+04
5.330331947274617038e-03, 3.853700000000000000e+04
5.341869462312008078e-03, 3.936800000000000000e+04
5.353406977349399118e-03, 4.028700000000000000e+04
5.364944492386790158e-03, 4.119900000000000000e+04
5.376482007424181198e-03, 4.211000000000000000e+04
5.388019522461571370e-03, 4.298400000000000000e+04
5.399557037498962410e-03, 4.383000000000000000e+04
5.411094552536353450e-03, 4.470000000000000000e+04
5.422632067573744490e-03, 4.548700000000000000e+04
5.434169582611135529e-03, 4.619800000000000000e+04
5.445707097648526569e-03, 4.680700000000000000e+04
5.457244612685917609e-03, 4.734600000000000000e+04
5.468782127723308649e-03, 4.783300000000000000e+04
5.480319642760699689e-03, 4.820900000000000000e+04
5.491857157798089861e-03, 4.851200000000000000e+04
5.503394672835480901e-03, 4.872100000000000000e+04
5.514932187872871941e-03, 4.884400000000000000e+04
5.526469702910262981e-03, 4.886600000000000000e+04
5.538007217947654021e-03, 4.879700000000000000e+04
5.549544732985045060e-03, 4.862100000000000000e+04
5.561082248022436100e-03, 4.839900000000000000e+04
5.572619763059827140e-03, 4.811900000000000000e+04
5.584157278097218180e-03, 4.772900000000000000e+04
5.595694793134608352e-03, 4.734700000000000000e+04
5.607232308171999392e-03, 4.684600000000000000e+04
5.618769823209390432e-03, 4.634200000000000000e+04
5.630307338246781472e-03, 4.573700000000000000e+04
5.641844853284172512e-03, 4.514500000000000000e+04
5.653382368321563552e-03, 4.446600000000000000e+04
5.664919883358954592e-03, 4.381400000000000000e+04
5.676457398396345631e-03, 4.308800000000000000e+04
5.687994913433736671e-03, 4.239900000000000000e+04
5.699532428471127711e-03, 4.166500000000000000e+04
5.711069943508517884e-03, 4.098400000000000000e+04
5.722607458545908923e-03, 4.033400000000000000e+04
5.734144973583299963e-03, 3.969200000000000000e+04
5.745682488620691003e-03, 3.907100000000000000e+04
5.757220003658082043e-03, 3.849900000000000000e+04
5.768757518695473083e-03, 3.797400000000000000e+04
5.780295033732864123e-03, 3.749900000000000000e+04
5.791832548770255162e-03, 3.707700000000000000e+04
5.803370063807646202e-03, 3.672000000000000000e+04
5.814907578845036375e-03, 3.643100000000000000e+04
5.826445093882427415e-03, 3.624200000000000000e+04
5.837982608919818454e-03, 3.613500000000000000e+04
5.849520123957209494e-03, 3.608800000000000000e+04
5.861057638994600534e-03, 3.614400000000000000e+04
5.872595154031991574e-03, 3.628300000000000000e+04
5.884132669069382614e-03, 3.651400000000000000e+04
5.895670184106773654e-03, 3.683600000000000000e+04
5.907207699144164693e-03, 3.721400000000000000e+04
5.918745214181554866e-03, 3.771200000000000000e+04
5.930282729218945906e-03, 3.829600000000000000e+04
5.941820244256336946e-03, 3.899200000000000000e+04
5.953357759293727985e-03, 3.977500000000000000e+04
5.964895274331119025e-03, 4.065100000000000000e+04
5.976432789368510065e-03, 4.160100000000000000e+04
5.987970304405901105e-03, 4.263200000000000000e+04
5.999507819443292145e-03, 4.374700000000000000e+04
6.011045334480683185e-03, 4.493800000000000000e+04
6.022582849518073357e-03, 4.234600000000000000e+04
6.034120364555464397e-03, 4.032600000000000000e+04
6.045657879592855437e-03, 3.878600000000000000e+04
6.057195394630246477e-03, 3.765500000000000000e+04
6.068732909667637516e-03, 3.690400000000000000e+04
6.080270424705028556e-03, 3.652700000000000000e+04
6.091807939742419596e-03, 3.645800000000000000e+04
6.103345454779810636e-03, 3.674600000000000000e+04
6.114882969817201676e-03, 3.725200000000000000e+04
6.126420484854592716e-03, 3.801900000000000000e+04
6.137957999891982888e-03, 3.894300000000000000e+04
6.149495514929373928e-03, 4.006600000000000000e+04
6.161033029966764968e-03, 4.128000000000000000e+04
6.172570545004156008e-03, 4.265200000000000000e+04
6.184108060041547048e-03, 4.138700000000000000e+04
6.195645575078938087e-03, 3.938700000000000000e+04
6.207183090116329127e-03, 3.789600000000000000e+04
6.218720605153720167e-03, 3.681100000000000000e+04
6.230258120191111207e-03, 3.610700000000000000e+04
6.241795635228501379e-03, 3.574500000000000000e+04
6.253333150265892419e-03, 3.568700000000000000e+04
6.264870665303283459e-03, 3.586600000000000000e+04
6.276408180340674499e-03, 3.622400000000000000e+04
6.287945695378065539e-03, 3.676800000000000000e+04
6.299483210415456579e-03, 3.744300000000000000e+04
6.311020725452847618e-03, 3.817900000000000000e+04
6.322558240490238658e-03, 3.904300000000000000e+04
6.334095755527629698e-03, 3.991000000000000000e+04
6.345633270565019871e-03, 4.085700000000000000e+04
6.357170785602410910e-03, 4.181900000000000000e+04
6.368708300639801950e-03, 4.274600000000000000e+04
6.380245815677192990e-03, 4.365700000000000000e+04
6.391783330714584030e-03, 4.452200000000000000e+04
6.403320845751975070e-03, 4.537200000000000000e+04
6.414858360789366110e-03, 4.615600000000000000e+04
6.426395875826757149e-03, 4.684000000000000000e+04
6.437933390864148189e-03, 4.744000000000000000e+04
6.449470905901538362e-03, 4.795700000000000000e+04
6.461008420938929402e-03, 4.841600000000000000e+04
6.472545935976320441e-03, 4.878300000000000000e+04
6.484083451013711481e-03, 4.905900000000000000e+04
6.495620966051102521e-03, 4.924300000000000000e+04
6.507158481088493561e-03, 4.932400000000000000e+04
6.518695996125884601e-03, 4.932400000000000000e+04
6.530233511163275641e-03, 4.923300000000000000e+04
6.541771026200666680e-03, 4.903200000000000000e+04
6.553308541238056853e-03, 4.880500000000000000e+04
6.564846056275447893e-03, 4.852700000000000000e+04
6.576383571312838933e-03, 4.813400000000000000e+04
6.587921086350229972e-03, 4.771800000000000000e+04
6.599458601387621012e-03, 4.718700000000000000e+04
6.610996116425012052e-03, 4.665300000000000000e+04
6.622533631462403092e-03, 4.602300000000000000e+04
6.634071146499794132e-03, 4.540500000000000000e+04
6.645608661537185172e-03, 4.470500000000000000e+04
6.657146176574576212e-03, 4.403200000000000000e+04
6.668683691611966384e-03, 4.328700000000000000e+04
6.680221206649357424e-03, 4.258000000000000000e+04
6.691758721686748464e-03, 4.184200000000000000e+04
6.703296236724139504e-03, 4.115700000000000000e+04
6.714833751761530543e-03, 4.047900000000000000e+04
6.726371266798921583e-03, 3.983500000000000000e+04
6.737908781836312623e-03, 3.922400000000000000e+04
6.749446296873703663e-03, 3.867100000000000000e+04
6.760983811911094703e-03, 3.816100000000000000e+04
6.772521326948484875e-03, 3.769100000000000000e+04
6.784058841985875915e-03, 3.725900000000000000e+04
6.795596357023266955e-03, 3.689600000000000000e+04
6.807133872060657995e-03, 3.661400000000000000e+04
6.818671387098049035e-03, 3.641900000000000000e+04
6.830208902135440074e-03, 3.631600000000000000e+04
6.841746417172831114e-03, 3.628000000000000000e+04
6.853283932210222154e-03, 3.632600000000000000e+04
6.864821447247613194e-03, 3.647200000000000000e+04
6.876358962285003366e-03, 3.670800000000000000e+04
6.887896477322394406e-03, 3.705300000000000000e+04
6.899433992359785446e-03, 3.743900000000000000e+04
6.910971507397176486e-03, 3.793700000000000000e+04
6.922509022434567526e-03, 3.853800000000000000e+04
6.934046537471958566e-03, 3.921700000000000000e+04
6.945584052509349605e-03, 3.999700000000000000e+04
6.957121567546740645e-03, 4.086800000000000000e+04
6.968659082584131685e-03, 4.179600000000000000e+04
6.980196597621521858e-03, 4.281800000000000000e+04
6.991734112658912897e-03, 4.392300000000000000e+04
7.003271627696303937e-03, 4.512500000000000000e+04
7.014809142733694977e-03, 4.415500000000000000e+04
7.026346657771086017e-03, 4.192500000000000000e+04
7.037884172808477057e-03, 4.019600000000000000e+04
7.049421687845868097e-03, 3.891000000000000000e+04
7.060959202883259136e-03, 3.800100000000000000e+04
7.072496717920650176e-03, 3.747900000000000000e+04
7.084034232958041216e-03, 3.730100000000000000e+04
7.095571747995431389e-03, 3.748700000000000000e+04
7.107109263032822428e-03, 3.788300000000000000e+04
7.118646778070213468e-03, 3.857000000000000000e+04
7.130184293107604508e-03, 3.940800000000000000e+04
7.141721808144995548e-03, 4.045300000000000000e+04
7.153259323182386588e-03, 4.160900000000000000e+04
7.164796838219777628e-03, 4.290800000000000000e+04
7.176334353257168668e-03, 4.183700000000000000e+04
7.187871868294559707e-03, 3.974700000000000000e+04
7.199409383331949880e-03, 3.818000000000000000e+04
7.210946898369340920e-03, 3.703900000000000000e+04
7.222484413406731960e-03, 3.626900000000000000e+04
7.234021928444122999e-03, 3.584700000000000000e+04
7.245559443481514039e-03, 3.573500000000000000e+04
7.257096958518905079e-03, 3.586700000000000000e+04
7.268634473556296119e-03, 3.618300000000000000e+04
7.280171988593687159e-03, 3.669100000000000000e+04
7.291709503631078199e-03, 3.731700000000000000e+04
7.303247018668468371e-03, 3.802200000000000000e+04
7.314784533705859411e-03, 3.886200000000000000e+04
7.326322048743250451e-03, 3.971400000000000000e+04
7.337859563780641491e-03, 4.063700000000000000e+04
7.349397078818032530e-03, 4.157500000000000000e+04
7.360934593855423570e-03, 4.246000000000000000e+04
7.372472108892814610e-03, 4.335700000000000000e+04
7.384009623930205650e-03, 4.420000000000000000e+04
7.395547138967596690e-03, 4.502100000000000000e+04
7.407084654004986862e-03, 4.578000000000000000e+04
7.418622169042377902e-03, 4.644300000000000000e+04
7.430159684079768942e-03, 4.702600000000000000e+04
7.441697199117159982e-03, 4.753000000000000000e+04
7.453234714154551022e-03, 4.796800000000000000e+04
7.464772229191942061e-03, 4.833000000000000000e+04
7.476309744229333101e-03, 4.859200000000000000e+04
7.487847259266724141e-03, 4.876400000000000000e+04
7.499384774304115181e-03, 4.882000000000000000e+04
7.510922289341506221e-03, 4.880300000000000000e+04
7.522459804378896393e-03, 4.870500000000000000e+04
7.533997319416287433e-03, 4.850000000000000000e+04
7.545534834453678473e-03, 4.823200000000000000e+04
7.557072349491069513e-03, 4.793000000000000000e+04
7.568609864528460553e-03, 4.752500000000000000e+04
7.580147379565851593e-03, 4.707700000000000000e+04
7.591684894603242632e-03, 4.654400000000000000e+04
7.603222409640633672e-03, 4.598800000000000000e+04
7.614759924678024712e-03, 4.536300000000000000e+04
7.626297439715414885e-03, 4.473000000000000000e+04
7.637834954752805924e-03, 4.404200000000000000e+04
7.649372469790196964e-03, 4.335800000000000000e+04
7.660909984827588004e-03, 4.263000000000000000e+04
7.672447499864979044e-03, 4.191600000000000000e+04
7.683985014902370084e-03, 4.119800000000000000e+04
7.695522529939761124e-03, 4.052500000000000000e+04
7.707060044977152163e-03, 3.984700000000000000e+04
7.718597560014543203e-03, 3.921500000000000000e+04
7.730135075051933376e-03, 3.860700000000000000e+04
7.741672590089324416e-03, 3.804900000000000000e+04
7.753210105126715455e-03, 3.753700000000000000e+04
7.764747620164106495e-03, 3.706800000000000000e+04
7.776285135201497535e-03, 3.664000000000000000e+04
7.787822650238888575e-03, 3.630100000000000000e+04
7.799360165276279615e-03, 3.602700000000000000e+04
7.810897680313670655e-03, 3.585600000000000000e+04
7.822435195351060827e-03, 3.576100000000000000e+04
7.833972710388452734e-03, 3.575300000000000000e+04
7.845510225425842907e-03, 3.582400000000000000e+04
7.857047740463234814e-03, 3.599600000000000000e+04
7.868585255500624986e-03, 3.625700000000000000e+04
7.880122770538016894e-03, 3.663400000000000000e+04
7.891660285575407066e-03, 3.707000000000000000e+04
7.903197800612797239e-03, 3.760100000000000000e+04
7.914735315650189146e-03, 3.823200000000000000e+04
7.926272830687579318e-03, 3.896900000000000000e+04
7.937810345724971225e-03, 3.980800000000000000e+04
7.949347860762361398e-03, 4.071500000000000000e+04
7.960885375799753305e-03, 4.168500000000000000e+04
7.972422890837143478e-03, 4.275000000000000000e+04
7.983960405874535385e-03, 4.389400000000000000e+04
7.995497920911925557e-03, 4.387500000000000000e+04
8.007035435949315730e-03, 4.147500000000000000e+04
8.018572950986707637e-03, 3.960600000000000000e+04
8.030110466024097809e-03, 3.820400000000000000e+04
8.041647981061489717e-03, 3.721900000000000000e+04
8.053185496098879889e-03, 3.659500000000000000e+04
8.064723011136271796e-03, 3.631100000000000000e+04
8.076260526173661969e-03, 3.637100000000000000e+04
8.087798041211053876e-03, 3.676000000000000000e+04
8.099335556248444049e-03, 3.734200000000000000e+04
8.110873071285834221e-03, 3.819000000000000000e+04
8.122410586323226128e-03, 3.917100000000000000e+04
8.133948101360616301e-03, 4.033100000000000000e+04
8.145485616398008208e-03, 4.161200000000000000e+04
8.157023131435398380e-03, 4.274300000000000000e+04
8.168560646472790288e-03, 4.041100000000000000e+04
8.180098161510180460e-03, 3.858600000000000000e+04
8.191635676547572367e-03, 3.725400000000000000e+04
8.203173191584962540e-03, 3.633600000000000000e+04
8.214710706622352712e-03, 3.576600000000000000e+04
8.226248221659744619e-03, 3.551200000000000000e+04
8.237785736697134792e-03, 3.554800000000000000e+04
8.249323251734526699e-03, 3.581100000000000000e+04
8.260860766771916872e-03, 3.625200000000000000e+04
8.272398281809308779e-03, 3.686300000000000000e+04
8.283935796846698951e-03, 3.757600000000000000e+04
8.295473311884090858e-03, 3.836700000000000000e+04
8.307010826921481031e-03, 3.925000000000000000e+04
8.318548341958871203e-03, 4.016100000000000000e+04
8.330085856996263111e-03, 4.111300000000000000e+04
8.341623372033653283e-03, 4.207400000000000000e+04
8.353160887071045190e-03, 4.297800000000000000e+04
8.364698402108435363e-03, 4.388300000000000000e+04
8.376235917145827270e-03, 4.474300000000000000e+04
8.387773432183217442e-03, 4.556600000000000000e+04
8.399310947220609350e-03, 4.631300000000000000e+04
8.410848462257999522e-03, 4.697500000000000000e+04
8.422385977295389695e-03, 4.753900000000000000e+04
8.433923492332781602e-03, 4.805100000000000000e+04
8.445461007370171774e-03, 4.849000000000000000e+04
8.456998522407563681e-03, 4.885000000000000000e+04
8.468536037444953854e-03, 4.910900000000000000e+04
8.480073552482345761e-03, 4.927700000000000000e+04
8.491611067519735934e-03, 4.933300000000000000e+04
8.503148582557127841e-03, 4.929600000000000000e+04
8.514686097594518013e-03, 4.919600000000000000e+04
8.526223612631908186e-03, 4.898900000000000000e+04
8.537761127669300093e-03, 4.871700000000000000e+04
8.549298642706690265e-03, 4.839000000000000000e+04
8.560836157744082173e-03, 4.798200000000000000e+04
8.572373672781472345e-03, 4.750700000000000000e+04
8.583911187818864252e-03, 4.697100000000000000e+04
8.595448702856254425e-03, 4.638800000000000000e+04
8.606986217893646332e-03, 4.576100000000000000e+04
8.618523732931036505e-03, 4.510200000000000000e+04
8.630061247968428412e-03, 4.440500000000000000e+04
8.641598763005818584e-03, 4.369600000000000000e+04
8.653136278043208757e-03, 4.296000000000000000e+04
8.664673793080600664e-03, 4.222300000000000000e+04
8.676211308117990836e-03, 4.149800000000000000e+04
8.687748823155382744e-03, 4.082600000000000000e+04
8.699286338192772916e-03, 4.014200000000000000e+04
8.710823853230164823e-03, 3.949200000000000000e+04
8.722361368267554996e-03, 3.888300000000000000e+04
8.733898883304946903e-03, 3.832300000000000000e+04
8.745436398342337075e-03, 3.780800000000000000e+04
8.756973913379727248e-03, 3.733500000000000000e+04
8.768511428417119155e-03, 3.692100000000000000e+04
8.780048943454509328e-03, 3.658300000000000000e+04
8.791586458491901235e-03, 3.632000000000000000e+04
8.803123973529291407e-03, 3.614500000000000000e+04
8.814661488566683314e-03, 3.605000000000000000e+04
8.826199003604073487e-03, 3.603800000000000000e+04
8.837736518641465394e-03, 3.610600000000000000e+04
8.849274033678855567e-03, 3.627400000000000000e+04
8.860811548716245739e-03, 3.653100000000000000e+04
8.872349063753637646e-03, 3.688200000000000000e+04
8.883886578791027819e-03, 3.732300000000000000e+04
8.895424093828419726e-03, 3.783400000000000000e+04
8.906961608865809898e-03, 3.845800000000000000e+04
8.918499123903201806e-03, 3.920000000000000000e+04
8.930036638940591978e-03, 4.003000000000000000e+04
8.941574153977983885e-03, 4.092800000000000000e+04
8.953111669015374058e-03, 4.190200000000000000e+04
8.964649184052764230e-03, 4.296800000000000000e+04
8.976186699090156138e-03, 4.411400000000000000e+04
8.987724214127546310e-03, 4.535400000000000000e+04
8.999261729164938217e-03, 4.305100000000000000e+04
9.010799244202328390e-03, 4.099200000000000000e+04
9.022336759239720297e-03, 3.941500000000000000e+04
9.033874274277110469e-03, 3.827000000000000000e+04
9.045411789314502377e-03, 3.751700000000000000e+04
9.056949304351892549e-03, 3.710200000000000000e+04
9.068486819389282722e-03, 3.705700000000000000e+04
9.080024334426674629e-03, 3.732800000000000000e+04
9.091561849464064801e-03, 3.782700000000000000e+04
9.103099364501456708e-03, 3.857600000000000000e+04
9.114636879538846881e-03, 3.949200000000000000e+04
9.126174394576238788e-03, 4.057100000000000000e+04
9.137711909613628961e-03, 4.180300000000000000e+04
9.149249424651020868e-03, 4.312200000000000000e+04
9.160786939688411040e-03, 4.094400000000000000e+04
9.172324454725801213e-03, 3.901400000000000000e+04
9.183861969763193120e-03, 3.758300000000000000e+04
9.195399484800583292e-03, 3.657000000000000000e+04
9.206936999837975200e-03, 3.591100000000000000e+04
9.218474514875365372e-03, 3.556700000000000000e+04
9.230012029912757279e-03, 3.552200000000000000e+04
9.241549544950147452e-03, 3.571200000000000000e+04
9.253087059987539359e-03, 3.608200000000000000e+04
9.264624575024929531e-03, 3.661300000000000000e+04
9.276162090062319704e-03, 3.727100000000000000e+04
9.287699605099711611e-03, 3.801800000000000000e+04
9.299237120137101784e-03, 3.884200000000000000e+04
9.310774635174493691e-03, 3.972600000000000000e+04
9.322312150211883863e-03, 4.063300000000000000e+04
9.333849665249275770e-03, 4.155500000000000000e+04
9.345387180286665943e-03, 4.242700000000000000e+04
9.356924695324057850e-03, 4.328500000000000000e+04
9.368462210361448023e-03, 4.414500000000000000e+04
9.379999725398838195e-03, 4.493200000000000000e+04
9.391537240436230102e-03, 4.568200000000000000e+04
9.403074755473620275e-03, 4.633700000000000000e+04
9.414612270511012182e-03, 4.689500000000000000e+04
9.426149785548402354e-03, 4.741600000000000000e+04
9.437687300585794262e-03, 4.783200000000000000e+04
9.449224815623184434e-03, 4.817300000000000000e+04
9.460762330660576341e-03, 4.841800000000000000e+04
9.472299845697966514e-03, 4.857600000000000000e+04
9.483837360735356686e-03, 4.862700000000000000e+04
9.495374875772748594e-03, 4.858300000000000000e+04
9.506912390810138766e-03, 4.846600000000000000e+04
9.518449905847530673e-03, 4.826500000000000000e+04
9.529987420884920846e-03, 4.800000000000000000e+04
9.541524935922312753e-03, 4.766000000000000000e+04
9.553062450959702925e-03, 4.726500000000000000e+04
9.564599965997094833e-03, 4.678200000000000000e+04
9.576137481034485005e-03, 4.625700000000000000e+04
9.587674996071876912e-03, 4.567100000000000000e+04
9.599212511109267085e-03, 4.505900000000000000e+04
9.610750026146657257e-03, 4.440000000000000000e+04
9.622287541184049164e-03, 4.372900000000000000e+04
9.633825056221439337e-03, 4.302300000000000000e+04
9.645362571258831244e-03, 4.231500000000000000e+04
9.656900086296221417e-03, 4.158100000000000000e+04
9.668437601333613324e-03, 4.088400000000000000e+04
9.679975116371003496e-03, 4.023900000000000000e+04
9.691512631408395403e-03, 3.958200000000000000e+04
9.703050146445785576e-03, 3.894700000000000000e+04
9.714587661483175748e-03, 3.836300000000000000e+04
9.726125176520567656e-03, 3.782800000000000000e+04
9.737662691557957828e-03, 3.733700000000000000e+04
9.749200206595349735e-03, 3.688700000000000000e+04
9.760737721632739908e-03, 3.649800000000000000e+04
9.772275236670131815e-03, 3.617200000000000000e+04
9.783812751707521987e-03, 3.593600000000000000e+04
9.795350266744913895e-03, 3.577900000000000000e+04
9.806887781782304067e-03, 3.571100000000000000e+04
9.818425296819694240e-03, 3.573800000000000000e+04
9.829962811857086147e-03, 3.584200000000000000e+04
9.841500326894476319e-03, 3.604300000000000000e+04
9.853037841931868226e-03, 3.632900000000000000e+04
9.864575356969258399e-03, 3.668900000000000000e+04
9.876112872006650306e-03, 3.717100000000000000e+04
9.887650387044040479e-03, 3.770900000000000000e+04
9.899187902081432386e-03, 3.837400000000000000e+04
9.910725417118822558e-03, 3.914700000000000000e+04
9.922262932156212731e-03, 3.999300000000000000e+04
9.933800447193604638e-03, 4.092300000000000000e+04
9.945337962230994810e-03, 4.190500000000000000e+04
9.956875477268386718e-03, 4.297700000000000000e+04
9.968412992305776890e-03, 4.412500000000000000e+04
9.979950507343168797e-03, 4.536900000000000000e+04
9.991488022380558970e-03, 4.285400000000000000e+04
1.000302553741795088e-02, 4.084800000000000000e+04
1.001456305245534105e-02, 3.931600000000000000e+04
1.002610056749273122e-02, 3.821200000000000000e+04
1.003763808253012313e-02, 3.751600000000000000e+04
1.004917559756751330e-02, 3.713300000000000000e+04
1.006071311260490521e-02, 3.713600000000000000e+04
1.007225062764229538e-02, 3.742600000000000000e+04
1.008378814267968729e-02, 3.796500000000000000e+04
1.009532565771707746e-02, 3.872500000000000000e+04
1.010686317275446937e-02, 3.967400000000000000e+04
1.011840068779185954e-02, 4.075900000000000000e+04
1.012993820282924971e-02, 4.201700000000000000e+04
1.014147571786664162e-02, 4.308900000000000000e+04
1.015301323290403179e-02, 4.072200000000000000e+04
1.016455074794142370e-02, 3.886500000000000000e+04
1.017608826297881387e-02, 3.748500000000000000e+04
1.018762577801620578e-02, 3.652300000000000000e+04
1.019916329305359595e-02, 3.593200000000000000e+04
1.021070080809098786e-02, 3.566000000000000000e+04
1.022223832312837803e-02, 3.566200000000000000e+04
1.023377583816576820e-02, 3.587500000000000000e+04
1.024531335320316011e-02, 3.628200000000000000e+04
1.025685086824055028e-02, 3.683800000000000000e+04
1.026838838327794219e-02, 3.750600000000000000e+04
1.027992589831533236e-02, 3.827900000000000000e+04
1.029146341335272427e-02, 3.910200000000000000e+04
1.030300092839011444e-02, 4.000600000000000000e+04
1.031453844342750635e-02, 4.090800000000000000e+04
1.032607595846489652e-02, 4.184000000000000000e+04
1.033761347350228670e-02, 4.271900000000000000e+04
1.034915098853967860e-02, 4.357800000000000000e+04
1.036068850357706878e-02, 4.444700000000000000e+04
1.037222601861446068e-02, 4.523100000000000000e+04
1.038376353365185085e-02, 4.595600000000000000e+04
1.039530104868924276e-02, 4.657700000000000000e+04
1.040683856372663293e-02, 4.711500000000000000e+04
1.041837607876402484e-02, 4.761600000000000000e+04
1.042991359380141501e-02, 4.800400000000000000e+04
1.044145110883880692e-02, 4.831900000000000000e+04
1.045298862387619709e-02, 4.854000000000000000e+04
1.046452613891358727e-02, 4.867700000000000000e+04
1.047606365395097917e-02, 4.870900000000000000e+04
1.048760116898836935e-02, 4.864900000000000000e+04
1.049913868402576125e-02, 4.849400000000000000e+04
1.051067619906315143e-02, 4.828200000000000000e+04
1.052221371410054333e-02, 4.800100000000000000e+04
1.053375122913793351e-02, 4.763000000000000000e+04
1.054528874417532541e-02, 4.722300000000000000e+04
1.055682625921271559e-02, 4.671600000000000000e+04
1.056836377425010576e-02, 4.619100000000000000e+04
1.057990128928749766e-02, 4.558300000000000000e+04
1.059143880432488784e-02, 4.497500000000000000e+04
1.060297631936227974e-02, 4.429700000000000000e+04
1.061451383439966992e-02, 4.363200000000000000e+04
1.062605134943706182e-02, 4.290900000000000000e+04
1.063758886447445200e-02, 4.220900000000000000e+04
1.064912637951184390e-02, 4.146700000000000000e+04
1.066066389454923408e-02, 4.077800000000000000e+04
1.067220140958662425e-02, 4.013500000000000000e+04
1.068373892462401616e-02, 3.948800000000000000e+04
1.069527643966140633e-02, 3.886100000000000000e+04
1.070681395469879824e-02, 3.827800000000000000e+04
1.071835146973618841e-02, 3.774400000000000000e+04
1.072988898477358032e-02, 3.725400000000000000e+04
1.074142649981097049e-02, 3.680500000000000000e+04
1.075296401484836240e-02, 3.642400000000000000e+04
1.076450152988575257e-02, 3.610700000000000000e+04
1.077603904492314274e-02, 3.589900000000000000e+04
1.078757655996053465e-02, 3.576600000000000000e+04
1.079911407499792482e-02, 3.570400000000000000e+04
1.081065159003531673e-02, 3.575100000000000000e+04
1.082218910507270690e-02, 3.587500000000000000e+04
1.083372662011009881e-02, 3.609400000000000000e+04
1.084526413514748898e-02, 3.639800000000000000e+04
1.085680165018488089e-02, 3.676900000000000000e+04
1.086833916522227106e-02, 3.726400000000000000e+04
1.087987668025966123e-02, 3.783200000000000000e+04
1.089141419529705314e-02, 3.852600000000000000e+04
1.090295171033444331e-02, 3.931700000000000000e+04
1.091448922537183522e-02, 4.019100000000000000e+04
1.092602674040922539e-02, 4.114600000000000000e+04
1.093756425544661730e-02, 4.217000000000000000e+04
1.094910177048400747e-02, 4.328000000000000000e+04
1.096063928552139938e-02, 4.446200000000000000e+04
1.097217680055878955e-02, 4.255800000000000000e+04
1.098371431559617972e-02, 4.045600000000000000e+04
1.099525183063357163e-02, 3.883400000000000000e+04
1.100678934567096180e-02, 3.763300000000000000e+04
1.101832686070835371e-02, 3.682600000000000000e+04
1.102986437574574388e-02, 3.640100000000000000e+04
1.104140189078313579e-02, 3.627500000000000000e+04
1.105293940582052596e-02, 3.651300000000000000e+04
1.106447692085791787e-02, 3.699000000000000000e+04
1.107601443589530804e-02, 3.771800000000000000e+04
1.108755195093269821e-02, 3.863100000000000000e+04
1.109908946597009012e-02, 3.972900000000000000e+04
1.111062698100748029e-02, 4.093200000000000000e+04
1.112216449604487220e-02, 4.229600000000000000e+04
1.113370201108226237e-02, 4.148500000000000000e+04
1.114523952611965428e-02, 3.942400000000000000e+04
1.115677704115704445e-02, 3.786600000000000000e+04
1.116831455619443636e-02, 3.673300000000000000e+04
1.117985207123182653e-02, 3.598900000000000000e+04
1.119138958626921670e-02, 3.559200000000000000e+04
1.120292710130660861e-02, 3.550500000000000000e+04
1.121446461634399878e-02, 3.565900000000000000e+04
1.122600213138139069e-02, 3.599400000000000000e+04
1.123753964641878086e-02, 3.652000000000000000e+04
1.124907716145617277e-02, 3.718100000000000000e+04
1.126061467649356294e-02, 3.791100000000000000e+04
1.127215219153095485e-02, 3.874400000000000000e+04
1.128368970656834502e-02, 3.960200000000000000e+04
1.129522722160573520e-02, 4.054400000000000000e+04
1.130676473664312710e-02, 4.147500000000000000e+04
1.131830225168051728e-02, 4.240300000000000000e+04
1.132983976671790918e-02, 4.328900000000000000e+04
1.134137728175529936e-02, 4.414600000000000000e+04
1.135291479679269126e-02, 4.500500000000000000e+04
1.136445231183008144e-02, 4.578500000000000000e+04
1.137598982686747334e-02, 4.648100000000000000e+04
1.138752734190486351e-02, 4.708000000000000000e+04
1.139906485694225542e-02, 4.760800000000000000e+04
1.141060237197964559e-02, 4.808200000000000000e+04
1.142213988701703577e-02, 4.844900000000000000e+04
1.143367740205442767e-02, 4.873900000000000000e+04
1.144521491709181785e-02, 4.893200000000000000e+04
1.145675243212920975e-02, 4.903600000000000000e+04
1.146828994716659993e-02, 4.904200000000000000e+04
1.147982746220399183e-02, 4.895700000000000000e+04
1.149136497724138201e-02, 4.876600000000000000e+04
1.150290249227877391e-02, 4.853100000000000000e+04
1.151444000731616409e-02, 4.823900000000000000e+04
1.152597752235355426e-02, 4.783700000000000000e+04
1.153751503739094617e-02, 4.742000000000000000e+04
1.154905255242833634e-02, 4.688500000000000000e+04
1.156059006746572825e-02, 4.635400000000000000e+04
1.157212758250311842e-02, 4.572100000000000000e+04
1.158366509754051032e-02, 4.510800000000000000e+04
1.159520261257790050e-02, 4.440800000000000000e+04
1.160674012761529240e-02, 4.374000000000000000e+04
1.161827764265268258e-02, 4.299700000000000000e+04
1.162981515769007275e-02, 4.229700000000000000e+04
1.164135267272746466e-02, 4.154800000000000000e+04
1.165289018776485483e-02, 4.085500000000000000e+04
1.166442770280224674e-02, 4.019400000000000000e+04
1.167596521783963691e-02, 3.954400000000000000e+04
1.168750273287702882e-02, 3.891500000000000000e+04
1.169904024791441899e-02, 3.833800000000000000e+04
1.171057776295181090e-02, 3.780800000000000000e+04
1.172211527798920107e-02, 3.732100000000000000e+04
1.173365279302659124e-02, 3.687600000000000000e+04
1.174519030806398315e-02, 3.649700000000000000e+04
1.175672782310137332e-02, 3.619900000000000000e+04
1.176826533813876523e-02, 3.599500000000000000e+04
1.177980285317615540e-02, 3.588200000000000000e+04
1.179134036821354731e-02, 3.583300000000000000e+04
1.180287788325093748e-02, 3.587800000000000000e+04
1.181441539828832939e-02, 3.601700000000000000e+04
1.182595291332571956e-02, 3.624800000000000000e+04
1.183749042836310973e-02, 3.655800000000000000e+04
1.184902794340050164e-02, 3.692500000000000000e+04
1.186056545843789181e-02, 3.741400000000000000e+04
1.187210297347528372e-02, 3.799200000000000000e+04
1.188364048851267389e-02, 3.868400000000000000e+04
1.189517800355006580e-02, 3.946400000000000000e+04
1.190671551858745597e-02, 4.033900000000000000e+04
1.191825303362484788e-02, 4.128300000000000000e+04
1.192979054866223805e-02, 4.230800000000000000e+04
1.194132806369962822e-02, 4.341900000000000000e+04
1.195286557873702013e-02, 4.461400000000000000e+04
1.196440309377441030e-02, 4.413300000000000000e+04
1.197594060881180221e-02, 4.185400000000000000e+04
1.198747812384919238e-02, 4.008300000000000000e+04
1.199901563888658429e-02, 3.874600000000000000e+04
1.201055315392397446e-02, 3.780400000000000000e+04
1.202209066896136637e-02, 3.726400000000000000e+04
1.203362818399875654e-02, 3.704700000000000000e+04
1.204516569903614671e-02, 3.720300000000000000e+04
1.205670321407353862e-02, 3.759000000000000000e+04
1.206824072911092879e-02, 3.825100000000000000e+04
1.207977824414832070e-02, 3.908100000000000000e+04
1.209131575918571087e-02, 4.012100000000000000e+04
1.210285327422310278e-02, 4.126000000000000000e+04
1.211439078926049295e-02, 4.256000000000000000e+04
1.212592830429788486e-02, 4.219600000000000000e+04
1.213746581933527503e-02, 4.002300000000000000e+04
1.214900333437266521e-02, 3.838100000000000000e+04
1.216054084941005711e-02, 3.716000000000000000e+04
1.217207836444744729e-02, 3.633200000000000000e+04
1.218361587948483919e-02, 3.585900000000000000e+04
1.219515339452222936e-02, 3.570300000000000000e+04
1.220669090955962127e-02, 3.579600000000000000e+04
1.221822842459701144e-02, 3.608500000000000000e+04
1.222976593963440335e-02, 3.656900000000000000e+04
1.224130345467179352e-02, 3.719200000000000000e+04
1.225284096970918543e-02, 3.788300000000000000e+04
1.226437848474657560e-02, 3.870800000000000000e+04
1.227591599978396578e-02, 3.954200000000000000e+04
1.228745351482135768e-02, 4.046200000000000000e+04
1.229899102985874786e-02, 4.139100000000000000e+04
1.231052854489613976e-02, 4.227900000000000000e+04
1.232206605993352994e-02, 4.316900000000000000e+04
1.233360357497092184e-02, 4.401200000000000000e+04
1.234514109000831202e-02, 4.484000000000000000e+04
1.235667860504570392e-02, 4.560900000000000000e+04
1.236821612008309410e-02, 4.627700000000000000e+04
1.237975363512048427e-02, 4.687000000000000000e+04
1.239129115015787617e-02, 4.737900000000000000e+04
1.240282866519526635e-02, 4.782900000000000000e+04
1.241436618023265825e-02, 4.818500000000000000e+04
1.242590369527004843e-02, 4.845300000000000000e+04
1.243744121030744033e-02, 4.863200000000000000e+04
1.244897872534483051e-02, 4.871200000000000000e+04
1.246051624038222241e-02, 4.871200000000000000e+04
1.247205375541961259e-02, 4.862500000000000000e+04
1.248359127045700276e-02, 4.842800000000000000e+04
1.249512878549439467e-02, 4.817700000000000000e+04
1.250666630053178484e-02, 4.788900000000000000e+04
1.251820381556917675e-02, 4.748800000000000000e+04
1.252974133060656692e-02, 4.706000000000000000e+04
1.254127884564395883e-02, 4.652900000000000000e+04
1.255281636068134900e-02, 4.599000000000000000e+04
1.256435387571874090e-02, 4.536500000000000000e+04
1.257589139075613108e-02, 4.474700000000000000e+04
1.258742890579352125e-02, 4.405700000000000000e+04
1.259896642083091316e-02, 4.341700000000000000e+04
1.261050393586830333e-02, 4.270400000000000000e+04
1.262204145090569524e-02, 4.202600000000000000e+04
1.263357896594308541e-02, 4.131700000000000000e+04
1.264511648098047732e-02, 4.066000000000000000e+04
1.265665399601786749e-02, 4.000700000000000000e+04
1.266819151105525940e-02, 3.938700000000000000e+04
1.267972902609264957e-02, 3.878600000000000000e+04
1.269126654113003974e-02, 3.823400000000000000e+04
1.270280405616743165e-02, 3.772700000000000000e+04
1.271434157120482182e-02, 3.726100000000000000e+04
1.272587908624221373e-02, 3.683300000000000000e+04
1.273741660127960390e-02, 3.648200000000000000e+04
1.274895411631699581e-02, 3.620800000000000000e+04
1.276049163135438598e-02, 3.602500000000000000e+04
1.277202914639177789e-02, 3.593100000000000000e+04
1.278356666142916806e-02, 3.590100000000000000e+04
1.279510417646655823e-02, 3.594800000000000000e+04
1.280664169150395014e-02, 3.609600000000000000e+04
1.281817920654134031e-02, 3.633500000000000000e+04
1.282971672157873222e-02, 3.668300000000000000e+04
1.284125423661612239e-02, 3.707400000000000000e+04
1.285279175165351430e-02, 3.757700000000000000e+04
1.286432926669090447e-02, 3.818400000000000000e+04
1.287586678172829638e-02, 3.888900000000000000e+04
1.288740429676568655e-02, 3.969600000000000000e+04
1.289894181180307672e-02, 4.059000000000000000e+04
1.291047932684046863e-02, 4.153800000000000000e+04
1.292201684187785880e-02, 4.258100000000000000e+04
1.293355435691525071e-02, 4.370700000000000000e+04
1.294509187195264088e-02, 4.493200000000000000e+04
1.295662938699003279e-02, 4.374500000000000000e+04
1.296816690202742296e-02, 4.155900000000000000e+04
1.297970441706481487e-02, 3.987700000000000000e+04
1.299124193210220504e-02, 3.863500000000000000e+04
1.300277944713959521e-02, 3.776600000000000000e+04
1.301431696217698712e-02, 3.728000000000000000e+04
1.302585447721437729e-02, 3.713400000000000000e+04
1.303739199225176920e-02, 3.734900000000000000e+04
1.304892950728915937e-02, 3.777100000000000000e+04
1.306046702232655128e-02, 3.848000000000000000e+04
1.307200453736394145e-02, 3.933300000000000000e+04
1.308354205240133336e-02, 4.039000000000000000e+04
1.309507956743872353e-02, 4.156500000000000000e+04
1.310661708247611371e-02, 4.287200000000000000e+04
1.311815459751350561e-02, 4.158000000000000000e+04
1.312969211255089579e-02, 3.952600000000000000e+04
1.314122962758828769e-02, 3.799000000000000000e+04
1.315276714262567787e-02, 3.688400000000000000e+04
1.316430465766306977e-02, 3.614100000000000000e+04
1.317584217270045994e-02, 3.574900000000000000e+04
1.318737968773785185e-02, 3.566400000000000000e+04
1.319891720277524202e-02, 3.582000000000000000e+04
1.321045471781263393e-02, 3.615700000000000000e+04
1.322199223285002410e-02, 3.668400000000000000e+04
1.323352974788741428e-02, 3.732700000000000000e+04
1.324506726292480618e-02, 3.804700000000000000e+04
1.325660477796219636e-02, 3.888500000000000000e+04
1.326814229299958826e-02, 3.974200000000000000e+04
1.327967980803697844e-02, 4.066300000000000000e+04
1.329121732307437034e-02, 4.159800000000000000e+04
1.330275483811176052e-02, 4.248000000000000000e+04
1.331429235314915242e-02, 4.337500000000000000e+04
1.332582986818654260e-02, 4.421600000000000000e+04
1.333736738322393277e-02, 4.503600000000000000e+04
1.334890489826132468e-02, 4.578500000000000000e+04
1.336044241329871485e-02, 4.646200000000000000e+04
1.337197992833610675e-02, 4.705800000000000000e+04
1.338351744337349693e-02, 4.757400000000000000e+04
1.339505495841088883e-02, 4.802200000000000000e+04
1.340659247344827901e-02, 4.839200000000000000e+04
1.341812998848567091e-02, 4.866000000000000000e+04
1.342966750352306109e-02, 4.883900000000000000e+04
1.344120501856045126e-02, 4.890600000000000000e+04
1.345274253359784317e-02, 4.889400000000000000e+04
1.346428004863523334e-02, 4.880600000000000000e+04
1.347581756367262525e-02, 4.861000000000000000e+04
1.348735507871001542e-02, 4.834700000000000000e+04
1.349889259374740733e-02, 4.804500000000000000e+04
1.351043010878479750e-02, 4.764600000000000000e+04
1.352196762382218941e-02, 4.719500000000000000e+04
1.353350513885957958e-02, 4.666700000000000000e+04
1.354504265389696975e-02, 4.610600000000000000e+04
1.355658016893436166e-02, 4.547700000000000000e+04
1.356811768397175183e-02, 4.484000000000000000e+04
1.357965519900914374e-02, 4.414800000000000000e+04
1.359119271404653391e-02, 4.346000000000000000e+04
1.360273022908392582e-02, 4.272900000000000000e+04
1.361426774412131599e-02, 4.201100000000000000e+04
1.362580525915870790e-02, 4.128900000000000000e+04
1.363734277419609807e-02, 4.062100000000000000e+04
1.364888028923348824e-02, 3.994200000000000000e+04
1.366041780427088015e-02, 3.930900000000000000e+04
1.367195531930827032e-02, 3.870300000000000000e+04
1.368349283434566223e-02, 3.814700000000000000e+04
1.369503034938305240e-02, 3.763600000000000000e+04
1.370656786442044431e-02, 3.716700000000000000e+04
1.371810537945783448e-02, 3.674400000000000000e+04
1.372964289449522639e-02, 3.640800000000000000e+04
1.374118040953261656e-02, 3.612500000000000000e+04
1.375271792457000673e-02, 3.594600000000000000e+04
1.376425543960739864e-02, 3.584400000000000000e+04
1.377579295464478881e-02, 3.582900000000000000e+04
1.378733046968218072e-02, 3.589400000000000000e+04
1.379886798471957089e-02, 3.606000000000000000e+04
1.381040549975696280e-02, 3.631500000000000000e+04
1.382194301479435297e-02, 3.667700000000000000e+04
1.383348052983174488e-02, 3.710300000000000000e+04
1.384501804486913505e-02, 3.761700000000000000e+04
1.385655555990652522e-02, 3.823500000000000000e+04
1.386809307494391713e-02, 3.896600000000000000e+04
1.387963058998130730e-02, 3.979700000000000000e+04
1.389116810501869921e-02, 4.069300000000000000e+04
1.390270562005608938e-02, 4.166000000000000000e+04
1.391424313509348129e-02, 4.272200000000000000e+04
1.392578065013087146e-02, 4.385400000000000000e+04
1.393731816516826337e-02, 4.507200000000000000e+04
1.394885568020565354e-02, 4.365400000000000000e+04
1.396039319524304372e-02, 4.148800000000000000e+04
1.397193071028043562e-02, 3.981700000000000000e+04
1.398346822531782579e-02, 3.858800000000000000e+04
1.399500574035521770e-02, 3.774500000000000000e+04
1.400654325539260787e-02, 3.726300000000000000e+04
1.401808077042999978e-02, 3.714400000000000000e+04
1.402961828546738995e-02, 3.736600000000000000e+04
1.404115580050478186e-02, 3.780500000000000000e+04
1.405269331554217203e-02, 3.851700000000000000e+04
1.406423083057956394e-02, 3.938500000000000000e+04
1.407576834561695411e-02, 4.043800000000000000e+04
1.408730586065434429e-02, 4.163100000000000000e+04
1.409884337569173619e-02, 4.293200000000000000e+04
1.411038089072912637e-02, 4.142300000000000000e+04
1.412191840576651827e-02, 3.939700000000000000e+04
1.413345592080390845e-02, 3.788600000000000000e+04
1.414499343584130035e-02, 3.680800000000000000e+04
1.415653095087869053e-02, 3.609400000000000000e+04
1.416806846591608243e-02, 3.571200000000000000e+04
1.417960598095347260e-02, 3.563500000000000000e+04
1.419114349599086278e-02, 3.579800000000000000e+04
1.420268101102825468e-02, 3.614200000000000000e+04
1.421421852606564486e-02, 3.666300000000000000e+04
1.422575604110303676e-02, 3.730100000000000000e+04
1.423729355614042694e-02, 3.802900000000000000e+04
1.424883107117781884e-02, 3.885000000000000000e+04
1.426036858621520902e-02, 3.971600000000000000e+04
1.427190610125260092e-02, 4.062300000000000000e+04
1.428344361628999110e-02, 4.154400000000000000e+04
1.429498113132738127e-02, 4.241600000000000000e+04
1.430651864636477318e-02, 4.330900000000000000e+04
1.431805616140216335e-02, 4.416200000000000000e+04
1.432959367643955526e-02, 4.497900000000000000e+04
1.434113119147694543e-02, 4.572400000000000000e+04
1.435266870651433734e-02, 4.638600000000000000e+04
1.436420622155172751e-02, 4.695200000000000000e+04
1.437574373658911941e-02, 4.746400000000000000e+04
1.438728125162650959e-02, 4.788700000000000000e+04
1.439881876666389976e-02, 4.823500000000000000e+04
1.441035628170129167e-02, 4.848600000000000000e+04
1.442189379673868184e-02, 4.864800000000000000e+04
1.443343131177607375e-02, 4.870300000000000000e+04
1.444496882681346392e-02, 4.866300000000000000e+04
1.445650634185085583e-02, 4.856100000000000000e+04
1.446804385688824600e-02, 4.836000000000000000e+04
1.447958137192563791e-02, 4.809900000000000000e+04
1.449111888696302808e-02, 4.780300000000000000e+04
1.450265640200041825e-02, 4.742400000000000000e+04
1.451419391703781016e-02, 4.697700000000000000e+04
1.452573143207520033e-02, 4.646800000000000000e+04
1.453726894711259224e-02, 4.591000000000000000e+04
1.454880646214998241e-02, 4.530700000000000000e+04
1.456034397718737432e-02, 4.467100000000000000e+04
1.457188149222476449e-02, 4.400300000000000000e+04
1.458341900726215640e-02, 4.331400000000000000e+04
1.459495652229954657e-02, 4.260500000000000000e+04
1.460649403733693674e-02, 4.188500000000000000e+04
1.461803155237432865e-02, 4.118300000000000000e+04
1.462956906741171882e-02, 4.053300000000000000e+04
1.464110658244911073e-02, 3.987000000000000000e+04
1.465264409748650090e-02, 3.923400000000000000e+04
1.466418161252389281e-02, 3.864300000000000000e+04
1.467571912756128298e-02, 3.812300000000000000e+04
1.468725664259867489e-02, 3.764400000000000000e+04
1.469879415763606506e-02, 3.720400000000000000e+04
1.471033167267345523e-02, 3.681900000000000000e+04
1.472186918771084714e-02, 3.650600000000000000e+04
1.473340670274823731e-02, 3.626700000000000000e+04
1.474494421778562922e-02, 3.611300000000000000e+04
1.475648173282301939e-02, 3.604400000000000000e+04
1.476801924786041130e-02, 3.606300000000000000e+04
1.477955676289780147e-02, 3.615800000000000000e+04
1.479109427793519338e-02, 3.635000000000000000e+04
1.480263179297258355e-02, 3.662700000000000000e+04
1.481416930800997372e-02, 3.698800000000000000e+04
1.482570682304736563e-02, 3.745200000000000000e+04
1.483724433808475580e-02, 3.797600000000000000e+04
1.484878185312214771e-02, 3.861800000000000000e+04
1.486031936815953788e-02, 3.937500000000000000e+04
1.487185688319692979e-02, 4.022600000000000000e+04
1.488339439823431996e-02, 4.114200000000000000e+04
1.489493191327171187e-02, 4.213000000000000000e+04
1.490646942830910204e-02, 4.320900000000000000e+04
1.491800694334649222e-02, 4.436400000000000000e+04
1.492954445838388412e-02, 4.361900000000000000e+04
1.494108197342127430e-02, 4.133500000000000000e+04
1.495261948845866620e-02, 3.954700000000000000e+04
1.496415700349605638e-02, 3.821600000000000000e+04
1.497569451853344828e-02, 3.729300000000000000e+04
1.498723203357083845e-02, 3.674700000000000000e+04
1.499876954860823036e-02, 3.651000000000000000e+04
1.501030706364562053e-02, 3.663100000000000000e+04
1.502184457868301244e-02, 3.704300000000000000e+04
1.503338209372040261e-02, 3.767600000000000000e+04
1.504491960875779279e-02, 3.853400000000000000e+04
1.505645712379518469e-02, 3.955500000000000000e+04
1.506799463883257487e-02, 4.072800000000000000e+04
1.507953215386996677e-02, 4.204000000000000000e+04
1.509106966890735695e-02, 4.241800000000000000e+04
1.510260718394474885e-02, 4.019500000000000000e+04
1.511414469898213903e-02, 3.845600000000000000e+04
1.512568221401953093e-02, 3.719600000000000000e+04
1.513721972905692111e-02, 3.633900000000000000e+04
1.514875724409431128e-02, 3.584100000000000000e+04
1.516029475913170319e-02, 3.563900000000000000e+04
1.517183227416909336e-02, 3.571600000000000000e+04
1.518336978920648526e-02, 3.600800000000000000e+04
1.519490730424387544e-02, 3.647200000000000000e+04
1.520644481928126734e-02, 3.707900000000000000e+04
1.521798233431865752e-02, 3.780300000000000000e+04
1.522951984935604942e-02, 3.861100000000000000e+04
1.524105736439343960e-02, 3.948200000000000000e+04
1.525259487943082977e-02, 4.041600000000000000e+04
1.526413239446822168e-02, 4.136500000000000000e+04
1.527566990950561185e-02, 4.232200000000000000e+04
1.528720742454300376e-02, 4.322100000000000000e+04
1.529874493958039393e-02, 4.410100000000000000e+04
1.531028245461778584e-02, 4.497700000000000000e+04
1.532181996965517601e-02, 4.577500000000000000e+04
1.533335748469256792e-02, 4.651400000000000000e+04
1.534489499972995809e-02, 4.715200000000000000e+04
1.535643251476734826e-02, 4.769300000000000000e+04
1.536797002980474017e-02, 4.819900000000000000e+04
1.537950754484213034e-02, 4.859400000000000000e+04
1.539104505987952225e-02, 4.891400000000000000e+04
1.540258257491691242e-02, 4.913700000000000000e+04
1.541412008995430433e-02, 4.927300000000000000e+04
1.542565760499169450e-02, 4.930300000000000000e+04
1.543719512002908641e-02, 4.922900000000000000e+04
1.544873263506647658e-02, 4.908400000000000000e+04
1.546027015010386675e-02, 4.885600000000000000e+04
1.547180766514125866e-02, 4.856600000000000000e+04
1.548334518017864883e-02, 4.820000000000000000e+04
1.549488269521604074e-02, 4.778100000000000000e+04
1.550642021025343091e-02, 4.727500000000000000e+04
1.551795772529082282e-02, 4.673500000000000000e+04
1.552949524032821299e-02, 4.612700000000000000e+04
1.554103275536560490e-02, 4.550100000000000000e+04
1.555257027040299507e-02, 4.482100000000000000e+04
1.556410778544038524e-02, 4.413700000000000000e+04
1.557564530047777715e-02, 4.341000000000000000e+04
1.558718281551516732e-02, 4.269000000000000000e+04
1.559872033055255923e-02, 4.193700000000000000e+04
1.561025784558994940e-02, 4.122900000000000000e+04
1.562179536062734131e-02, 4.059500000000000000e+04
1.563333287566473148e-02, 3.994800000000000000e+04
1.564487039070212165e-02, 3.931900000000000000e+04
1.565640790573951530e-02, 3.874000000000000000e+04
1.566794542077690547e-02, 3.820700000000000000e+04
1.567948293581429564e-02, 3.771700000000000000e+04
1.569102045085168581e-02, 3.726700000000000000e+04
1.570255796588907599e-02, 3.688400000000000000e+04
1.571409548092646963e-02, 3.656100000000000000e+04
1.572563299596385980e-02, 3.633500000000000000e+04
1.573717051100124997e-02, 3.618200000000000000e+04
1.574870802603864015e-02, 3.611300000000000000e+04
1.576024554107603379e-02, 3.614300000000000000e+04
1.577178305611342396e-02, 3.624900000000000000e+04
1.578332057115081413e-02, 3.644900000000000000e+04
1.579485808618820430e-02, 3.673400000000000000e+04
1.580639560122559448e-02, 3.710400000000000000e+04
1.581793311626298812e-02, 3.759600000000000000e+04
1.582947063130037829e-02, 3.814000000000000000e+04
1.584100814633776846e-02, 3.881000000000000000e+04
1.585254566137515864e-02, 3.958400000000000000e+04
1.586408317641255228e-02, 4.043100000000000000e+04
1.587562069144994245e-02, 4.135900000000000000e+04
1.588715820648733262e-02, 4.235900000000000000e+04
1.589869572152472280e-02, 4.344600000000000000e+04
1.591023323656211297e-02, 4.460800000000000000e+04
1.592177075159950661e-02, 4.315200000000000000e+04
1.593330826663689678e-02, 4.097500000000000000e+04
1.594484578167428696e-02, 3.927300000000000000e+04
1.595638329671167713e-02, 3.801300000000000000e+04
1.596792081174907077e-02, 3.715200000000000000e+04
1.597945832678646094e-02, 3.667900000000000000e+04
1.599099584182385111e-02, 3.649500000000000000e+04
1.600253335686124129e-02, 3.668000000000000000e+04
1.601407087189863146e-02, 3.713300000000000000e+04
1.602560838693602510e-02, 3.781600000000000000e+04
1.603714590197341527e-02, 3.870400000000000000e+04
1.604868341701080545e-02, 3.976600000000000000e+04
1.606022093204819562e-02, 4.095000000000000000e+04
1.607175844708558926e-02, 4.229300000000000000e+04
1.608329596212297943e-02, 4.194100000000000000e+04
1.609483347716036961e-02, 3.981200000000000000e+04
1.610637099219775978e-02, 3.817700000000000000e+04
1.611790850723514995e-02, 3.698800000000000000e+04
1.612944602227254359e-02, 3.619500000000000000e+04
1.614098353730993377e-02, 3.575500000000000000e+04
1.615252105234732394e-02, 3.562300000000000000e+04
1.616405856738471411e-02, 3.574300000000000000e+04
1.617559608242210775e-02, 3.606100000000000000e+04
1.618713359745949792e-02, 3.656600000000000000e+04
1.619867111249688810e-02, 3.720800000000000000e+04
1.621020862753427827e-02, 3.795000000000000000e+04
1.622174614257166844e-02, 3.878700000000000000e+04
1.623328365760906208e-02, 3.966400000000000000e+04
1.624482117264645226e-02, 4.061300000000000000e+04
1.625635868768384243e-02, 4.155400000000000000e+04
1.626789620272123260e-02, 4.250100000000000000e+04
1.627943371775862624e-02, 4.339300000000000000e+04
1.629097123279601642e-02, 4.425900000000000000e+04
1.630250874783340659e-02, 4.513300000000000000e+04
1.631404626287079676e-02, 4.591900000000000000e+04
1.632558377790818693e-02, 4.663500000000000000e+04
1.633712129294558058e-02, 4.724500000000000000e+04
1.634865880798297075e-02, 4.777900000000000000e+04
1.636019632302036092e-02, 4.826700000000000000e+04
1.637173383805775109e-02, 4.863300000000000000e+04
1.638327135309514473e-02, 4.892700000000000000e+04
1.639480886813253491e-02, 4.912600000000000000e+04
1.640634638316992508e-02, 4.924200000000000000e+04
1.641788389820731525e-02, 4.925400000000000000e+04
1.642942141324470542e-02, 4.917400000000000000e+04
1.644095892828209907e-02, 4.899900000000000000e+04
1.645249644331948924e-02, 4.876800000000000000e+04
1.646403395835687941e-02, 4.847500000000000000e+04
1.647557147339426958e-02, 4.808500000000000000e+04
1.648710898843166323e-02, 4.766700000000000000e+04
1.649864650346905340e-02, 4.714100000000000000e+04
1.651018401850644357e-02, 4.660500000000000000e+04
1.652172153354383374e-02, 4.597900000000000000e+04
1.653325904858122392e-02, 4.536000000000000000e+04
1.654479656361861756e-02, 4.466400000000000000e+04
1.655633407865600773e-02, 4.398900000000000000e+04
1.656787159369339790e-02, 4.324900000000000000e+04
1.657940910873078807e-02, 4.253200000000000000e+04
1.659094662376818172e-02, 4.177400000000000000e+04
1.660248413880557189e-02, 4.107100000000000000e+04
1.661402165384296206e-02, 4.041300000000000000e+04
1.662555916888035223e-02, 3.975200000000000000e+04
1.663709668391774241e-02, 3.911200000000000000e+04
1.664863419895513605e-02, 3.852500000000000000e+04
1.666017171399252622e-02, 3.798500000000000000e+04
1.667170922902991639e-02, 3.749000000000000000e+04
1.668324674406730657e-02, 3.703500000000000000e+04
1.669478425910470021e-02, 3.664900000000000000e+04
1.670632177414209038e-02, 3.633000000000000000e+04
1.671785928917948055e-02, 3.611800000000000000e+04
1.672939680421687073e-02, 3.598600000000000000e+04
1.674093431925426090e-02, 3.591900000000000000e+04
1.675247183429165454e-02, 3.597300000000000000e+04
1.676400934932904471e-02, 3.611000000000000000e+04
1.677554686436643488e-02, 3.634000000000000000e+04
1.678708437940382506e-02, 3.665200000000000000e+04
1.679862189444121870e-02, 3.703000000000000000e+04
1.681015940947860887e-02, 3.752900000000000000e+04
1.682169692451599904e-02, 3.810000000000000000e+04
1.683323443955338922e-02, 3.879400000000000000e+04
1.684477195459077939e-02, 3.957300000000000000e+04
1.685630946962817303e-02, 4.044000000000000000e+04
1.686784698466556320e-02, 4.138700000000000000e+04
1.687938449970295338e-02, 4.240400000000000000e+04
1.689092201474034355e-02, 4.350800000000000000e+04
1.690245952977773719e-02, 4.468600000000000000e+04
1.691399704481512736e-02, 4.254400000000000000e+04
1.692553455985251754e-02, 4.046300000000000000e+04
1.693707207488990771e-02, 3.886800000000000000e+04
1.694860958992729788e-02, 3.769000000000000000e+04
1.696014710496469152e-02, 3.690300000000000000e+04
1.697168462000208169e-02, 3.649700000000000000e+04
1.698322213503947187e-02, 3.638500000000000000e+04
1.699475965007686204e-02, 3.663600000000000000e+04
1.700629716511425568e-02, 3.712400000000000000e+04
1.701783468015164585e-02, 3.786200000000000000e+04
1.702937219518903603e-02, 3.877500000000000000e+04
1.704090971022642620e-02, 3.988000000000000000e+04
1.705244722526381637e-02, 4.108200000000000000e+04
1.706398474030121001e-02, 4.244300000000000000e+04
1.707552225533860019e-02, 4.139800000000000000e+04
1.708705977037599036e-02, 3.936300000000000000e+04
1.709859728541338053e-02, 3.783500000000000000e+04
1.711013480045077417e-02, 3.672100000000000000e+04
1.712167231548816435e-02, 3.599400000000000000e+04
1.713320983052555452e-02, 3.562000000000000000e+04
1.714474734556294469e-02, 3.555200000000000000e+04
1.715628486060033486e-02, 3.572400000000000000e+04
1.716782237563772850e-02, 3.607400000000000000e+04
1.717935989067511868e-02, 3.661300000000000000e+04
1.719089740571250885e-02, 3.728500000000000000e+04
1.720243492074989902e-02, 3.803100000000000000e+04
1.721397243578729266e-02, 3.889200000000000000e+04
1.722550995082468284e-02, 3.976900000000000000e+04
1.723704746586207301e-02, 4.072800000000000000e+04
1.724858498089946318e-02, 4.167700000000000000e+04
1.726012249593685682e-02, 4.260900000000000000e+04
1.727166001097424700e-02, 4.351000000000000000e+04
1.728319752601163717e-02, 4.437300000000000000e+04
1.729473504104902734e-02, 4.523100000000000000e+04
1.730627255608641751e-02, 4.602000000000000000e+04
1.731781007112381116e-02, 4.673300000000000000e+04
1.732934758616120133e-02, 4.734600000000000000e+04
1.734088510119859150e-02, 4.788600000000000000e+04
1.735242261623598167e-02, 4.836800000000000000e+04
1.736396013127337531e-02, 4.874300000000000000e+04
1.737549764631076549e-02, 4.903700000000000000e+04
1.738703516134815566e-02, 4.923700000000000000e+04
1.739857267638554583e-02, 4.934700000000000000e+04
1.741011019142293600e-02, 4.936000000000000000e+04
1.742164770646032965e-02, 4.928000000000000000e+04
1.743318522149771982e-02, 4.908900000000000000e+04
1.744472273653510999e-02, 4.885200000000000000e+04
1.745626025157250016e-02, 4.856000000000000000e+04
1.746779776660989381e-02, 4.815600000000000000e+04
1.747933528164728398e-02, 4.773400000000000000e+04
1.749087279668467415e-02, 4.719000000000000000e+04
1.750241031172206432e-02, 4.664900000000000000e+04
1.751394782675945450e-02, 4.600700000000000000e+04
1.752548534179684814e-02, 4.538500000000000000e+04
1.753702285683423831e-02, 4.467600000000000000e+04
1.754856037187162848e-02, 4.400000000000000000e+04
1.756009788690901866e-02, 4.324800000000000000e+04
1.757163540194641230e-02, 4.253900000000000000e+04
1.758317291698380247e-02, 4.178900000000000000e+04
1.759471043202119264e-02, 4.109500000000000000e+04
1.760624794705858281e-02, 4.042400000000000000e+04
1.761778546209597299e-02, 3.977100000000000000e+04
1.762932297713336663e-02, 3.913900000000000000e+04
1.764086049217075680e-02, 3.855900000000000000e+04
1.765239800720814697e-02, 3.802500000000000000e+04
1.766393552224553715e-02, 3.753500000000000000e+04
1.767547303728293079e-02, 3.708500000000000000e+04
1.768701055232032096e-02, 3.671900000000000000e+04
1.769854806735771113e-02, 3.643600000000000000e+04
1.771008558239510131e-02, 3.624500000000000000e+04
1.772162309743249148e-02, 3.614400000000000000e+04
1.773316061246988512e-02, 3.610200000000000000e+04
1.774469812750727529e-02, 3.615400000000000000e+04
1.775623564254466547e-02, 3.629800000000000000e+04
1.776777315758205564e-02, 3.653200000000000000e+04
1.777931067261944928e-02, 3.686500000000000000e+04
1.779084818765683945e-02, 3.724600000000000000e+04
1.780238570269422962e-02, 3.774500000000000000e+04
1.781392321773161980e-02, 3.833800000000000000e+04
1.782546073276900997e-02, 3.903400000000000000e+04
1.783699824780640361e-02, 3.982500000000000000e+04
1.784853576284379378e-02, 4.070700000000000000e+04
1.786007327788118396e-02, 4.165000000000000000e+04
1.787161079291857413e-02, 4.267900000000000000e+04
1.788314830795596777e-02, 4.377000000000000000e+04
1.789468582299335794e-02, 4.494500000000000000e+04
1.790622333803074812e-02, 4.444600000000000000e+04
1.791776085306813829e-02, 4.215000000000000000e+04
1.792929836810552846e-02, 4.036300000000000000e+04
1.794083588314292210e-02, 3.901100000000000000e+04
1.795237339818031228e-02, 3.805500000000000000e+04
1.796391091321770245e-02, 3.749300000000000000e+04
1.797544842825509262e-02, 3.726400000000000000e+04
1.798698594329248626e-02, 3.740800000000000000e+04
1.799852345832987643e-02, 3.777800000000000000e+04
1.801006097336726661e-02, 3.842900000000000000e+04
1.802159848840465678e-02, 3.924300000000000000e+04
1.803313600344204695e-02, 4.026900000000000000e+04
1.804467351847944059e-02, 4.140000000000000000e+04
1.805621103351683077e-02, 4.268600000000000000e+04
1.806774854855422094e-02, 4.207500000000000000e+04
1.807928606359161111e-02, 3.992700000000000000e+04
1.809082357862900475e-02, 3.830600000000000000e+04
1.810236109366639493e-02, 3.710600000000000000e+04
1.811389860870378510e-02, 3.629500000000000000e+04
1.812543612374117527e-02, 3.583800000000000000e+04
1.813697363877856544e-02, 3.569500000000000000e+04
1.814851115381595908e-02, 3.580000000000000000e+04
1.816004866885334926e-02, 3.609300000000000000e+04
1.817158618389073943e-02, 3.658000000000000000e+04
1.818312369892812960e-02, 3.720100000000000000e+04
1.819466121396552324e-02, 3.789200000000000000e+04
1.820619872900291342e-02, 3.871500000000000000e+04
1.821773624404030359e-02, 3.954900000000000000e+04
1.822927375907769376e-02, 4.046300000000000000e+04
1.824081127411508393e-02, 4.139200000000000000e+04
1.825234878915247758e-02, 4.227300000000000000e+04
1.826388630418986775e-02, 4.317500000000000000e+04
1.827542381922725792e-02, 4.402800000000000000e+04
1.828696133426464809e-02, 4.486500000000000000e+04
1.829849884930204174e-02, 4.564200000000000000e+04
1.831003636433943191e-02, 4.631700000000000000e+04
1.832157387937682208e-02, 4.691600000000000000e+04
1.833311139441421225e-02, 4.743000000000000000e+04
1.834464890945160243e-02, 4.788700000000000000e+04
1.835618642448899607e-02, 4.826000000000000000e+04
1.836772393952638624e-02, 4.853700000000000000e+04
1.837926145456377641e-02, 4.872300000000000000e+04
1.839079896960116658e-02, 4.880300000000000000e+04
1.840233648463856023e-02, 4.880800000000000000e+04
1.841387399967595040e-02, 4.872500000000000000e+04
1.842541151471334057e-02, 4.853300000000000000e+04
1.843694902975073074e-02, 4.827900000000000000e+04
1.844848654478812092e-02, 4.799100000000000000e+04
1.846002405982551456e-02, 4.758500000000000000e+04
1.847156157486290473e-02, 4.715300000000000000e+04
1.848309908990029490e-02, 4.661700000000000000e+04
1.849463660493768508e-02, 4.607400000000000000e+04
1.850617411997507872e-02, 4.544500000000000000e+04
1.851771163501246889e-02, 4.482300000000000000e+04
1.852924915004985906e-02, 4.412900000000000000e+04
1.854078666508724924e-02, 4.345500000000000000e+04
1.855232418012463941e-02, 4.272000000000000000e+04
1.856386169516203305e-02, 4.201600000000000000e+04
1.857539921019942322e-02, 4.129000000000000000e+04
1.858693672523681339e-02, 4.061800000000000000e+04
1.859847424027420357e-02, 3.994500000000000000e+04
1.861001175531159721e-02, 3.931500000000000000e+04
1.862154927034898738e-02, 3.870500000000000000e+04
1.863308678538637755e-02, 3.814600000000000000e+04
1.864462430042376773e-02, 3.762500000000000000e+04
1.865616181546115790e-02, 3.714700000000000000e+04
1.866769933049855154e-02, 3.671000000000000000e+04
1.867923684553594171e-02, 3.635100000000000000e+04
1.869077436057333189e-02, 3.607000000000000000e+04
1.870231187561072206e-02, 3.588100000000000000e+04
1.871384939064811570e-02, 3.578300000000000000e+04
1.872538690568550587e-02, 3.575800000000000000e+04
1.873692442072289605e-02, 3.581400000000000000e+04
1.874846193576028622e-02, 3.597300000000000000e+04
1.875999945079767639e-02, 3.622200000000000000e+04
1.877153696583507003e-02, 3.658100000000000000e+04
1.878307448087246020e-02, 3.698700000000000000e+04
1.879461199590985038e-02, 3.749800000000000000e+04
1.880614951094724055e-02, 3.811300000000000000e+04
1.881768702598463419e-02, 3.882900000000000000e+04
1.882922454102202436e-02, 3.964900000000000000e+04
1.884076205605941454e-02, 4.056100000000000000e+04
1.885229957109680471e-02, 4.152500000000000000e+04
1.886383708613419488e-02, 4.258400000000000000e+04
1.887537460117158852e-02, 4.372300000000000000e+04
1.888691211620897870e-02, 4.419600000000000000e+04
1.889844963124636887e-02, 4.171900000000000000e+04
1.890998714628375904e-02, 3.979600000000000000e+04
1.892152466132115268e-02, 3.834500000000000000e+04
1.893306217635854286e-02, 3.731500000000000000e+04
1.894459969139593303e-02, 3.663900000000000000e+04
1.895613720643332320e-02, 3.632200000000000000e+04
1.896767472147071337e-02, 3.633700000000000000e+04
1.897921223650810701e-02, 3.669400000000000000e+04
1.899074975154549719e-02, 3.724300000000000000e+04
1.900228726658288736e-02, 3.806600000000000000e+04
1.901382478162027753e-02, 3.902200000000000000e+04
1.902536229665767117e-02, 4.017400000000000000e+04
1.903689981169506135e-02, 4.143300000000000000e+04
1.904843732673245152e-02, 4.281600000000000000e+04
1.905997484176984169e-02, 4.066300000000000000e+04
1.907151235680723533e-02, 3.878200000000000000e+04
1.908304987184462551e-02, 3.740100000000000000e+04
1.909458738688201568e-02, 3.643300000000000000e+04
1.910612490191940585e-02, 3.581500000000000000e+04
1.911766241695679602e-02, 3.552600000000000000e+04
1.912919993199418967e-02, 3.553300000000000000e+04
1.914073744703157984e-02, 3.577000000000000000e+04
1.915227496206897001e-02, 3.618000000000000000e+04
1.916381247710636018e-02, 3.676900000000000000e+04
1.917534999214375382e-02, 3.746200000000000000e+04
1.918688750718114400e-02, 3.823200000000000000e+04
1.919842502221853417e-02, 3.910400000000000000e+04
1.920996253725592434e-02, 4.000000000000000000e+04
1.922150005229331451e-02, 4.096100000000000000e+04
1.923303756733070816e-02, 4.193000000000000000e+04
1.924457508236809833e-02, 4.284200000000000000e+04
1.925611259740548850e-02, 4.376000000000000000e+04
1.926765011244287867e-02, 4.462200000000000000e+04
1.927918762748027232e-02, 4.545700000000000000e+04
1.929072514251766249e-02, 4.622000000000000000e+04
1.930226265755505266e-02, 4.689100000000000000e+04
1.931380017259244283e-02, 4.747400000000000000e+04
1.932533768762983301e-02, 4.798300000000000000e+04
1.933687520266722665e-02, 4.841700000000000000e+04
1.934841271770461682e-02, 4.877200000000000000e+04
1.935995023274200699e-02, 4.902700000000000000e+04
1.937148774777939716e-02, 4.919200000000000000e+04
1.938302526281679081e-02, 4.924600000000000000e+04
1.939456277785418098e-02, 4.921300000000000000e+04
1.940610029289157115e-02, 4.913600000000000000e+04
1.941763780792896132e-02, 4.894800000000000000e+04
1.942917532296635150e-02, 4.869100000000000000e+04
1.944071283800374514e-02, 4.839300000000000000e+04
1.945225035304113531e-02, 4.799600000000000000e+04
1.946378786807852548e-02, 4.754600000000000000e+04
1.947532538311591566e-02, 4.701700000000000000e+04
1.948686289815330930e-02, 4.645500000000000000e+04
1.949840041319069947e-02, 4.583000000000000000e+04
1.950993792822808964e-02, 4.518800000000000000e+04
1.952147544326547982e-02, 4.449900000000000000e+04
1.953301295830286999e-02, 4.380400000000000000e+04
1.954455047334026363e-02, 4.307200000000000000e+04
1.955608798837765380e-02, 4.234600000000000000e+04
1.956762550341504397e-02, 4.162300000000000000e+04
1.957916301845243415e-02, 4.095200000000000000e+04
1.959070053348982779e-02, 4.026200000000000000e+04
1.960223804852721796e-02, 3.961800000000000000e+04
1.961377556356460813e-02, 3.900200000000000000e+04
1.962531307860199831e-02, 3.843500000000000000e+04
1.963685059363938848e-02, 3.791400000000000000e+04
1.964838810867678212e-02, 3.743500000000000000e+04
1.965992562371417229e-02, 3.700100000000000000e+04
1.967146313875156247e-02, 3.665600000000000000e+04
1.968300065378895264e-02, 3.637500000000000000e+04
1.969453816882634628e-02, 3.619700000000000000e+04
1.970607568386373645e-02, 3.609400000000000000e+04
1.971761319890112663e-02, 3.608100000000000000e+04
1.972915071393851680e-02, 3.614800000000000000e+04
1.974068822897590697e-02, 3.631500000000000000e+04
1.975222574401330061e-02, 3.657000000000000000e+04
1.976376325905069078e-02, 3.692600000000000000e+04
1.977530077408808096e-02, 3.735700000000000000e+04
1.978683828912547113e-02, 3.785200000000000000e+04
1.979837580416286477e-02, 3.845300000000000000e+04
1.980991331920025494e-02, 3.916800000000000000e+04
1.982145083423764512e-02, 3.998400000000000000e+04
1.983298834927503529e-02, 4.086700000000000000e+04
1.984452586431242546e-02, 4.182100000000000000e+04
1.985606337934981910e-02, 4.287100000000000000e+04
1.986760089438720928e-02, 4.400200000000000000e+04
1.987913840942459945e-02, 4.523000000000000000e+04
1.989067592446198962e-02, 4.336200000000000000e+04
1.990221343949938326e-02, 4.126000000000000000e+04
1.991375095453677344e-02, 3.964600000000000000e+04
1.992528846957416361e-02, 3.846800000000000000e+04
1.993682598461155378e-02, 3.767800000000000000e+04
1.994836349964894395e-02, 3.723600000000000000e+04
1.995990101468633759e-02, 3.716000000000000000e+04
1.997143852972372777e-02, 3.741800000000000000e+04
1.998297604476111794e-02, 3.789100000000000000e+04
1.999451355979850811e-02, 3.863100000000000000e+04
2.000605107483590175e-02, 3.952400000000000000e+04
2.001758858987329193e-02, 4.059800000000000000e+04
2.002912610491068210e-02, 4.181000000000000000e+04
2.004066361994807227e-02, 4.312700000000000000e+04
2.005220113498546244e-02, 4.116600000000000000e+04
2.006373865002285609e-02, 3.920100000000000000e+04
2.007527616506024626e-02, 3.774400000000000000e+04
2.008681368009763643e-02, 3.671300000000000000e+04
2.009835119513502660e-02, 3.604900000000000000e+04
2.010988871017242025e-02, 3.570500000000000000e+04
2.012142622520981042e-02, 3.566000000000000000e+04
2.013296374024720059e-02, 3.585100000000000000e+04
2.014450125528459076e-02, 3.622100000000000000e+04
2.015603877032198094e-02, 3.676500000000000000e+04
2.016757628535937458e-02, 3.742900000000000000e+04
2.017911380039676475e-02, 3.817900000000000000e+04
2.019065131543415492e-02, 3.902000000000000000e+04
2.020218883047154509e-02, 3.990300000000000000e+04
2.021372634550893874e-02, 4.082300000000000000e+04
2.022526386054632891e-02, 4.175600000000000000e+04
2.023680137558371908e-02, 4.263700000000000000e+04
2.024833889062110925e-02, 4.351700000000000000e+04
2.025987640565849943e-02, 4.436800000000000000e+04
2.027141392069589307e-02, 4.517300000000000000e+04
2.028295143573328324e-02, 4.590900000000000000e+04
2.029448895077067341e-02, 4.655900000000000000e+04
2.030602646580806359e-02, 4.711200000000000000e+04
2.031756398084545723e-02, 4.762000000000000000e+04
2.032910149588284740e-02, 4.803100000000000000e+04
2.034063901092023757e-02, 4.836800000000000000e+04
2.035217652595762775e-02, 4.860000000000000000e+04
2.036371404099501792e-02, 4.874700000000000000e+04
2.037525155603241156e-02, 4.878600000000000000e+04
2.038678907106980173e-02, 4.873300000000000000e+04
2.039832658610719190e-02, 4.861900000000000000e+04
2.040986410114458208e-02, 4.840800000000000000e+04
2.042140161618197572e-02, 4.813300000000000000e+04
2.043293913121936589e-02, 4.779800000000000000e+04
2.044447664625675606e-02, 4.739300000000000000e+04
2.045601416129414624e-02, 4.691600000000000000e+04
2.046755167633153641e-02, 4.638700000000000000e+04
2.047908919136893005e-02, 4.580500000000000000e+04
2.049062670640632022e-02, 4.518900000000000000e+04
2.050216422144371040e-02, 4.453300000000000000e+04
2.051370173648110057e-02, 4.385700000000000000e+04
2.052523925151849421e-02, 4.315300000000000000e+04
2.053677676655588438e-02, 4.243200000000000000e+04
2.054831428159327456e-02, 4.170100000000000000e+04
2.055985179663066473e-02, 4.099100000000000000e+04
2.057138931166805490e-02, 4.033500000000000000e+04
2.058292682670544854e-02, 3.966700000000000000e+04
2.059446434174283871e-02, 3.902600000000000000e+04
2.060600185678022889e-02, 3.843300000000000000e+04
2.061753937181761906e-02, 3.788900000000000000e+04
2.062907688685501270e-02, 3.738900000000000000e+04
2.064061440189240287e-02, 3.693200000000000000e+04
2.065215191692979305e-02, 3.653900000000000000e+04
2.066368943196718322e-02, 3.621400000000000000e+04
2.067522694700457339e-02, 3.597200000000000000e+04
2.068676446204196703e-02, 3.581200000000000000e+04
2.069830197707935721e-02, 3.574300000000000000e+04
2.070983949211674738e-02, 3.576400000000000000e+04
2.072137700715413755e-02, 3.584700000000000000e+04
2.073291452219153119e-02, 3.603000000000000000e+04
2.074445203722892136e-02, 3.630000000000000000e+04
2.075598955226631154e-02, 3.665600000000000000e+04
2.076752706730370171e-02, 3.711700000000000000e+04
2.077906458234109188e-02, 3.763900000000000000e+04
2.079060209737848552e-02, 3.828100000000000000e+04
2.080213961241587570e-02, 3.903900000000000000e+04
2.081367712745326587e-02, 3.987700000000000000e+04
2.082521464249065604e-02, 4.079000000000000000e+04
2.083675215752804968e-02, 4.177700000000000000e+04
2.084828967256543986e-02, 4.285700000000000000e+04
2.085982718760283003e-02, 4.401300000000000000e+04
2.087136470264022020e-02, 4.526400000000000000e+04
2.088290221767761384e-02, 4.275100000000000000e+04
2.089443973271500402e-02, 4.074900000000000000e+04
2.090597724775239419e-02, 3.922500000000000000e+04
2.091751476278978436e-02, 3.813500000000000000e+04
2.092905227782717453e-02, 3.743800000000000000e+04
2.094058979286456817e-02, 3.706600000000000000e+04
2.095212730790195835e-02, 3.706500000000000000e+04
2.096366482293934852e-02, 3.736800000000000000e+04
2.097520233797673869e-02, 3.790300000000000000e+04
2.098673985301413233e-02, 3.867600000000000000e+04
2.099827736805152251e-02, 3.962000000000000000e+04
2.100981488308891268e-02, 4.071600000000000000e+04
2.102135239812630285e-02, 4.197000000000000000e+04
2.103288991316369302e-02, 4.330100000000000000e+04
2.104442742820108667e-02, 4.090600000000000000e+04
2.105596494323847684e-02, 3.901700000000000000e+04
2.106750245827586701e-02, 3.761600000000000000e+04
2.107903997331325718e-02, 3.663400000000000000e+04
2.109057748835065083e-02, 3.602600000000000000e+04
2.110211500338804100e-02, 3.573000000000000000e+04
2.111365251842543117e-02, 3.572600000000000000e+04
2.112519003346282134e-02, 3.594600000000000000e+04
2.113672754850021152e-02, 3.634700000000000000e+04
2.114826506353760516e-02, 3.690000000000000000e+04
2.115980257857499533e-02, 3.757500000000000000e+04
2.117134009361238550e-02, 3.834200000000000000e+04
2.118287760864977567e-02, 3.917400000000000000e+04
2.119441512368716932e-02, 4.007000000000000000e+04
2.120595263872455949e-02, 4.098100000000000000e+04
2.121749015376194966e-02, 4.190400000000000000e+04
2.122902766879933983e-02, 4.277600000000000000e+04
2.124056518383673001e-02, 4.362900000000000000e+04
2.125210269887412365e-02, 4.449000000000000000e+04
2.126364021391151382e-02, 4.527100000000000000e+04
2.127517772894890399e-02, 4.599500000000000000e+04
2.128671524398629417e-02, 4.661800000000000000e+04
2.129825275902368781e-02, 4.714100000000000000e+04
2.130979027406107798e-02, 4.763300000000000000e+04
2.132132778909846815e-02, 4.801800000000000000e+04
2.133286530413585833e-02, 4.833100000000000000e+04
2.134440281917324850e-02, 4.854900000000000000e+04
2.135594033421064214e-02, 4.868400000000000000e+04
2.136747784924803231e-02, 4.871500000000000000e+04
2.137901536428542248e-02, 4.865200000000000000e+04
2.139055287932281266e-02, 4.851100000000000000e+04
2.140209039436020630e-02, 4.829600000000000000e+04
2.141362790939759647e-02, 4.801900000000000000e+04
2.142516542443498664e-02, 4.766000000000000000e+04
2.143670293947237682e-02, 4.725600000000000000e+04
2.144824045450976699e-02, 4.675800000000000000e+04
2.145977796954716063e-02, 4.623400000000000000e+04
2.147131548458455080e-02, 4.563400000000000000e+04
2.148285299962194098e-02, 4.501800000000000000e+04
2.149439051465933115e-02, 4.434800000000000000e+04
2.150592802969672479e-02, 4.367500000000000000e+04
2.151746554473411496e-02, 4.295900000000000000e+04
2.152900305977150514e-02, 4.225100000000000000e+04
2.154054057480889531e-02, 4.151000000000000000e+04
2.155207808984628548e-02, 4.081300000000000000e+04
2.156361560488367912e-02, 4.016900000000000000e+04
2.157515311992106929e-02, 3.951400000000000000e+04
2.158669063495845947e-02, 3.888000000000000000e+04
2.159822814999584964e-02, 3.829900000000000000e+04
2.160976566503324328e-02, 3.776500000000000000e+04
2.162130318007063345e-02, 3.727600000000000000e+04
2.163284069510802363e-02, 3.682800000000000000e+04
2.164437821014541380e-02, 3.644900000000000000e+04
2.165591572518280397e-02, 3.613000000000000000e+04
2.166745324022019761e-02, 3.593300000000000000e+04
2.167899075525758779e-02, 3.580600000000000000e+04
2.169052827029497796e-02, 3.576300000000000000e+04
2.170206578533236813e-02, 3.581600000000000000e+04
2.171360330036976177e-02, 3.594300000000000000e+04
2.172514081540715195e-02, 3.616400000000000000e+04
2.173667833044454212e-02, 3.646700000000000000e+04
2.174821584548193229e-02, 3.684000000000000000e+04
2.175975336051932246e-02, 3.733600000000000000e+04
2.177129087555671610e-02, 3.789000000000000000e+04
2.178282839059410628e-02, 3.857100000000000000e+04
2.179436590563149645e-02, 3.935000000000000000e+04
2.180590342066888662e-02, 4.020600000000000000e+04
2.181744093570628026e-02, 4.114500000000000000e+04
2.182897845074367044e-02, 4.215400000000000000e+04
2.184051596578106061e-02, 4.325200000000000000e+04
2.185205348081845078e-02, 4.440200000000000000e+04
2.186359099585584095e-02, 4.513300000000000000e+04
2.187512851089323460e-02, 4.268100000000000000e+04
2.188666602593062477e-02, 4.073000000000000000e+04
2.189820354096801494e-02, 3.924400000000000000e+04
2.190974105600540511e-02, 3.818100000000000000e+04
2.192127857104279876e-02, 3.752400000000000000e+04
2.193281608608018893e-02, 3.717600000000000000e+04
2.194435360111757910e-02, 3.721300000000000000e+04
2.195589111615496927e-02, 3.752600000000000000e+04
2.196742863119235945e-02, 3.809200000000000000e+04
2.197896614622975309e-02, 3.886800000000000000e+04
2.199050366126714326e-02, 3.983700000000000000e+04
2.200204117630453343e-02, 4.093300000000000000e+04
2.201357869134192360e-02, 4.220100000000000000e+04
2.202511620637931725e-02, 4.277300000000000000e+04
2.203665372141670742e-02, 4.047100000000000000e+04
2.204819123645409759e-02, 3.868100000000000000e+04
2.205972875149148776e-02, 3.735400000000000000e+04
2.207126626652887794e-02, 3.643700000000000000e+04
2.208280378156627158e-02, 3.588700000000000000e+04
2.209434129660366175e-02, 3.565800000000000000e+04
2.210587881164105192e-02, 3.569200000000000000e+04
2.211741632667844210e-02, 3.592600000000000000e+04
2.212895384171583574e-02, 3.635800000000000000e+04
2.214049135675322591e-02, 3.693600000000000000e+04
2.215202887179061608e-02, 3.761500000000000000e+04
2.216356638682800625e-02, 3.840500000000000000e+04
2.217510390186539643e-02, 3.923500000000000000e+04
2.218664141690279007e-02, 4.015000000000000000e+04
2.219817893194018024e-02, 4.105800000000000000e+04
2.220971644697757041e-02, 4.197500000000000000e+04
2.222125396201496059e-02, 4.285300000000000000e+04
2.223279147705235423e-02, 4.371500000000000000e+04
2.224432899208974440e-02, 4.458700000000000000e+04
2.225586650712713457e-02, 4.537300000000000000e+04
2.226740402216452475e-02, 4.609100000000000000e+04
2.227894153720191492e-02, 4.670600000000000000e+04
2.229047905223930856e-02, 4.724600000000000000e+04
2.230201656727669873e-02, 4.774000000000000000e+04
2.231355408231408891e-02, 4.812200000000000000e+04
2.232509159735147908e-02, 4.843100000000000000e+04
2.233662911238887272e-02, 4.864600000000000000e+04
2.234816662742626289e-02, 4.877700000000000000e+04
2.235970414246365306e-02, 4.880400000000000000e+04
2.237124165750104324e-02, 4.873900000000000000e+04
2.238277917253843341e-02, 4.857200000000000000e+04
2.239431668757582705e-02, 4.835600000000000000e+04
2.240585420261321722e-02, 4.807900000000000000e+04
2.241739171765060740e-02, 4.769700000000000000e+04
2.242892923268799757e-02, 4.728700000000000000e+04
2.244046674772539121e-02, 4.676900000000000000e+04
2.245200426276278138e-02, 4.624200000000000000e+04
2.246354177780017156e-02, 4.562500000000000000e+04
2.247507929283756173e-02, 4.501600000000000000e+04
2.248661680787495190e-02, 4.433000000000000000e+04
2.249815432291234554e-02, 4.366400000000000000e+04
2.250969183794973572e-02, 4.293400000000000000e+04
2.252122935298712589e-02, 4.223400000000000000e+04
2.253276686802451606e-02, 4.149100000000000000e+04
2.254430438306190970e-02, 4.080300000000000000e+04
2.255584189809929987e-02, 4.015500000000000000e+04
2.256737941313669005e-02, 3.950800000000000000e+04
2.257891692817408022e-02, 3.888300000000000000e+04
2.259045444321147039e-02, 3.830800000000000000e+04
2.260199195824886403e-02, 3.778100000000000000e+04
2.261352947328625421e-02, 3.729000000000000000e+04
2.262506698832364438e-02, 3.684000000000000000e+04
2.263660450336103455e-02, 3.645800000000000000e+04
2.264814201839842819e-02, 3.614300000000000000e+04
2.265967953343581837e-02, 3.593700000000000000e+04
2.267121704847320854e-02, 3.580900000000000000e+04
2.268275456351059871e-02, 3.574800000000000000e+04
2.269429207854799235e-02, 3.579500000000000000e+04
2.270582959358538253e-02, 3.592300000000000000e+04
2.271736710862277270e-02, 3.614500000000000000e+04
2.272890462366016287e-02, 3.645600000000000000e+04
2.274044213869755304e-02, 3.683000000000000000e+04
2.275197965373494668e-02, 3.732500000000000000e+04
2.276351716877233686e-02, 3.790200000000000000e+04
2.277505468380972703e-02, 3.859800000000000000e+04
2.278659219884711720e-02, 3.937900000000000000e+04
2.279812971388451084e-02, 4.024100000000000000e+04
2.280966722892190102e-02, 4.117300000000000000e+04
2.282120474395929119e-02, 4.217800000000000000e+04
2.283274225899668136e-02, 4.327200000000000000e+04
2.284427977403407153e-02, 4.444200000000000000e+04
2.285581728907146518e-02, 4.468800000000000000e+04
2.286735480410885535e-02, 4.231200000000000000e+04
2.287889231914624552e-02, 4.044700000000000000e+04
2.289042983418363569e-02, 3.902200000000000000e+04
2.290196734922102934e-02, 3.801000000000000000e+04
2.291350486425841951e-02, 3.740000000000000000e+04
2.292504237929580968e-02, 3.711400000000000000e+04
2.293657989433319985e-02, 3.720800000000000000e+04
2.294811740937059003e-02, 3.754900000000000000e+04
2.295965492440798367e-02, 3.816100000000000000e+04
2.297119243944537384e-02, 3.895600000000000000e+04
2.298272995448276401e-02, 3.996400000000000000e+04
2.299426746952015418e-02, 4.107900000000000000e+04
2.300580498455754783e-02, 4.236400000000000000e+04
2.301734249959493800e-02, 4.246300000000000000e+04
2.302888001463232817e-02, 4.022200000000000000e+04
2.304041752966971834e-02, 3.851000000000000000e+04
2.305195504470710852e-02, 3.723100000000000000e+04
2.306349255974450216e-02, 3.635600000000000000e+04
2.307503007478189233e-02, 3.584300000000000000e+04
2.308656758981928250e-02, 3.565100000000000000e+04
2.309810510485667268e-02, 3.571300000000000000e+04
2.310964261989406632e-02, 3.596700000000000000e+04
2.312118013493145649e-02, 3.642100000000000000e+04
2.313271764996884666e-02, 3.701900000000000000e+04
2.314425516500623684e-02, 3.769300000000000000e+04
2.315579268004362701e-02, 3.850000000000000000e+04
2.316733019508102065e-02, 3.931400000000000000e+04
2.317886771011841082e-02, 4.021300000000000000e+04
2.319040522515580099e-02, 4.111100000000000000e+04
2.320194274019319117e-02, 4.199900000000000000e+04
2.321348025523058481e-02, 4.286400000000000000e+04
2.322501777026797498e-02, 4.369800000000000000e+04
2.323655528530536515e-02, 4.453200000000000000e+04
2.324809280034275533e-02, 4.529800000000000000e+04
2.325963031538014550e-02, 4.597500000000000000e+04
2.327116783041753914e-02, 4.656600000000000000e+04
2.328270534545492931e-02, 4.708500000000000000e+04
2.329424286049231949e-02, 4.755000000000000000e+04
2.330578037552970966e-02, 4.791700000000000000e+04
2.331731789056710330e-02, 4.820400000000000000e+04
2.332885540560449347e-02, 4.840000000000000000e+04
2.334039292064188365e-02, 4.850300000000000000e+04
2.335193043567927382e-02, 4.851800000000000000e+04
2.336346795071666399e-02, 4.843700000000000000e+04
2.337500546575405763e-02, 4.824700000000000000e+04
2.338654298079144780e-02, 4.801500000000000000e+04
2.339808049582883798e-02, 4.773000000000000000e+04
2.340961801086622815e-02, 4.733500000000000000e+04
2.342115552590362179e-02, 4.692400000000000000e+04
2.343269304094101196e-02, 4.639700000000000000e+04
2.344423055597840214e-02, 4.587400000000000000e+04
2.345576807101579231e-02, 4.525100000000000000e+04
2.346730558605318248e-02, 4.464700000000000000e+04
2.347884310109057612e-02, 4.395800000000000000e+04
2.349038061612796630e-02, 4.330100000000000000e+04
2.350191813116535647e-02, 4.257000000000000000e+04
2.351345564620274664e-02, 4.188100000000000000e+04
2.352499316124014028e-02, 4.115600000000000000e+04
2.353653067627753045e-02, 4.048900000000000000e+04
2.354806819131492063e-02, 3.986300000000000000e+04
2.355960570635231080e-02, 3.925200000000000000e+04
2.357114322138970097e-02, 3.865900000000000000e+04
2.358268073642709461e-02, 3.811500000000000000e+04
2.359421825146448479e-02, 3.761500000000000000e+04
2.360575576650187496e-02, 3.715500000000000000e+04
2.361729328153926513e-02, 3.673400000000000000e+04
2.362883079657665877e-02, 3.638000000000000000e+04
2.364036831161404895e-02, 3.610700000000000000e+04
2.365190582665143912e-02, 3.592100000000000000e+04
2.366344334168882929e-02, 3.582900000000000000e+04
2.367498085672621946e-02, 3.580000000000000000e+04
2.368651837176361311e-02, 3.585800000000000000e+04
2.369805588680100328e-02, 3.601300000000000000e+04
2.370959340183839345e-02, 3.625900000000000000e+04
2.372113091687578362e-02, 3.660900000000000000e+04
2.373266843191317726e-02, 3.698500000000000000e+04
2.374420594695056744e-02, 3.748100000000000000e+04
2.375574346198795761e-02, 3.807300000000000000e+04
2.376728097702534778e-02, 3.876800000000000000e+04
2.377881849206273795e-02, 3.955900000000000000e+04
2.379035600710013160e-02, 4.044300000000000000e+04
2.380189352213752177e-02, 4.138700000000000000e+04
2.381343103717491194e-02, 4.241900000000000000e+04
2.382496855221230211e-02, 4.353600000000000000e+04
2.383650606724969576e-02, 4.474300000000000000e+04
2.384804358228708593e-02, 4.402300000000000000e+04
2.385958109732447610e-02, 4.177500000000000000e+04
2.387111861236186627e-02, 4.003200000000000000e+04
2.388265612739925645e-02, 3.872800000000000000e+04
2.389419364243665009e-02, 3.780800000000000000e+04
2.390573115747404026e-02, 3.727800000000000000e+04
2.391726867251143043e-02, 3.708600000000000000e+04
2.392880618754882061e-02, 3.726300000000000000e+04
2.394034370258621425e-02, 3.766300000000000000e+04
2.395188121762360442e-02, 3.834100000000000000e+04
2.396341873266099459e-02, 3.917900000000000000e+04
2.397495624769838476e-02, 4.022600000000000000e+04
2.398649376273577494e-02, 4.137600000000000000e+04
2.399803127777316858e-02, 4.267900000000000000e+04
2.400956879281055875e-02, 4.184300000000000000e+04
2.402110630784794892e-02, 3.972900000000000000e+04
2.403264382288533910e-02, 3.814200000000000000e+04
2.404418133792273274e-02, 3.697500000000000000e+04
2.405571885296012291e-02, 3.618900000000000000e+04
2.406725636799751308e-02, 3.575400000000000000e+04
2.407879388303490326e-02, 3.563100000000000000e+04
2.409033139807229343e-02, 3.575400000000000000e+04
2.410186891310968707e-02, 3.606200000000000000e+04
2.411340642814707724e-02, 3.654900000000000000e+04
2.412494394318446742e-02, 3.716300000000000000e+04
2.413648145822185759e-02, 3.784500000000000000e+04
2.414801897325925123e-02, 3.866300000000000000e+04
2.415955648829664140e-02, 3.949100000000000000e+04
2.417109400333403157e-02, 4.040100000000000000e+04
2.418263151837142175e-02, 4.132600000000000000e+04
2.419416903340881192e-02, 4.220300000000000000e+04
2.420570654844620556e-02, 4.309100000000000000e+04
2.421724406348359573e-02, 4.393000000000000000e+04
2.422878157852098591e-02, 4.474900000000000000e+04
2.424031909355837608e-02, 4.551100000000000000e+04
2.425185660859576972e-02, 4.617400000000000000e+04
2.426339412363315989e-02, 4.676200000000000000e+04
2.427493163867055007e-02, 4.726800000000000000e+04
2.428646915370794024e-02, 4.771400000000000000e+04
2.429800666874533041e-02, 4.808100000000000000e+04
2.430954418378272405e-02, 4.834300000000000000e+04
2.432108169882011423e-02, 4.851700000000000000e+04
2.433261921385750440e-02, 4.858600000000000000e+04
2.434415672889489457e-02, 4.858200000000000000e+04
2.435569424393228821e-02, 4.849300000000000000e+04
2.436723175896967838e-02, 4.829600000000000000e+04
2.437876927400706856e-02, 4.803900000000000000e+04
2.439030678904445873e-02, 4.774900000000000000e+04
2.440184430408184890e-02, 4.734900000000000000e+04
2.441338181911924254e-02, 4.691600000000000000e+04
2.442491933415663272e-02, 4.638800000000000000e+04
2.443645684919402289e-02, 4.584500000000000000e+04
2.444799436423141306e-02, 4.522400000000000000e+04
2.445953187926880670e-02, 4.460300000000000000e+04
2.447106939430619688e-02, 4.391800000000000000e+04
2.448260690934358705e-02, 4.324600000000000000e+04
2.449414442438097722e-02, 4.251200000000000000e+04
2.450568193941837086e-02, 4.181000000000000000e+04
2.451721945445576104e-02, 4.108700000000000000e+04
2.452875696949315121e-02, 4.041800000000000000e+04
2.454029448453054138e-02, 3.974900000000000000e+04
2.455183199956793155e-02, 3.912200000000000000e+04
2.456336951460532519e-02, 3.851700000000000000e+04
2.457490702964271537e-02, 3.796200000000000000e+04
2.458644454468010554e-02, 3.745300000000000000e+04
2.459798205971749571e-02, 3.698600000000000000e+04
2.460951957475488935e-02, 3.655900000000000000e+04
2.462105708979227953e-02, 3.621700000000000000e+04
2.463259460482966970e-02, 3.594500000000000000e+04
2.464413211986705987e-02, 3.577200000000000000e+04
2.465566963490445004e-02, 3.568000000000000000e+04
2.466720714994184369e-02, 3.566800000000000000e+04
2.467874466497923386e-02, 3.573600000000000000e+04
2.469028218001662403e-02, 3.592100000000000000e+04
2.470181969505401420e-02, 3.619400000000000000e+04
2.471335721009140785e-02, 3.657400000000000000e+04
2.472489472512879802e-02, 3.699800000000000000e+04
2.473643224016618819e-02, 3.752500000000000000e+04
2.474796975520357836e-02, 3.815500000000000000e+04
2.475950727024096854e-02, 3.888300000000000000e+04
2.477104478527836218e-02, 3.971400000000000000e+04
2.478258230031575235e-02, 4.062100000000000000e+04
2.479411981535314252e-02, 4.158500000000000000e+04
2.480565733039053269e-02, 4.264500000000000000e+04
2.481719484542792634e-02, 4.378500000000000000e+04
2.482873236046531651e-02, 4.502300000000000000e+04
2.484026987550270668e-02, 4.338100000000000000e+04
2.485180739054009685e-02, 4.126100000000000000e+04
2.486334490557748703e-02, 3.963000000000000000e+04
2.487488242061488067e-02, 3.844500000000000000e+04
2.488641993565227084e-02, 3.762800000000000000e+04
2.489795745068966101e-02, 3.718400000000000000e+04
2.490949496572705119e-02, 3.708300000000000000e+04
2.492103248076444483e-02, 3.733400000000000000e+04
2.493256999580183500e-02, 3.778800000000000000e+04
2.494410751083922517e-02, 3.852500000000000000e+04
2.495564502587661534e-02, 3.940300000000000000e+04
2.496718254091400552e-02, 4.047800000000000000e+04
2.497872005595139916e-02, 4.167500000000000000e+04
2.499025757098878933e-02, 4.299500000000000000e+04
2.500179508602617950e-02, 4.148600000000000000e+04
2.501333260106356968e-02, 3.946900000000000000e+04
2.502487011610096332e-02, 3.796500000000000000e+04
2.503640763113835349e-02, 3.689100000000000000e+04
2.504794514617574366e-02, 3.617700000000000000e+04
2.505948266121313384e-02, 3.579900000000000000e+04
2.507102017625052401e-02, 3.573400000000000000e+04
2.508255769128791765e-02, 3.590600000000000000e+04
2.509409520632530782e-02, 3.625900000000000000e+04
2.510563272136269800e-02, 3.679600000000000000e+04
2.511717023640008817e-02, 3.744400000000000000e+04
2.512870775143748181e-02, 3.817400000000000000e+04
2.514024526647487198e-02, 3.901200000000000000e+04
2.515178278151226215e-02, 3.987700000000000000e+04
2.516332029654965233e-02, 4.079700000000000000e+04
2.517485781158704250e-02, 4.173000000000000000e+04
2.518639532662443614e-02, 4.261100000000000000e+04
2.519793284166182631e-02, 4.350100000000000000e+04
2.520947035669921649e-02, 4.434200000000000000e+04
2.522100787173660666e-02, 4.515700000000000000e+04
2.523254538677400030e-02, 4.589800000000000000e+04
2.524408290181139047e-02, 4.655600000000000000e+04
2.525562041684878065e-02, 4.713200000000000000e+04
2.526715793188617082e-02, 4.765000000000000000e+04
2.527869544692356099e-02, 4.809200000000000000e+04
2.529023296196095463e-02, 4.845600000000000000e+04
2.530177047699834481e-02, 4.872000000000000000e+04
2.531330799203573498e-02, 4.889400000000000000e+04
2.532484550707312515e-02, 4.895700000000000000e+04
2.533638302211051879e-02, 4.893300000000000000e+04
2.534792053714790896e-02, 4.884200000000000000e+04
2.535945805218529914e-02, 4.864300000000000000e+04
2.537099556722268931e-02, 4.837800000000000000e+04
