0.000000000000000000e+00, 8.844000000000000000e+03
3.978730970666742009e-06, 8.944000000000000000e+03
7.957461941333484018e-06, 9.043000000000000000e+03
1.193619291200022433e-05, 9.141000000000000000e+03
1.591492388266696804e-05, 9.236000000000000000e+03
1.989365485333370666e-05, 9.327000000000000000e+03
2.387238582400044867e-05, 9.415000000000000000e+03
2.785111679466719067e-05, 9.499000000000000000e+03
3.182984776533393607e-05, 9.581000000000000000e+03
3.580857873600067808e-05, 9.659000000000000000e+03
3.978730970666741331e-05, 9.735000000000000000e+03
4.376604067733415532e-05, 9.810000000000000000e+03
4.774477164800089733e-05, 9.883000000000000000e+03
5.172350261866763934e-05, 9.957000000000000000e+03
5.570223358933438135e-05, 1.003100000000000000e+04
5.968096456000112336e-05, 1.010700000000000000e+04
6.365969553066787214e-05, 1.018600000000000000e+04
6.763842650133460737e-05, 1.027100000000000000e+04
7.161715747200135616e-05, 1.036300000000000000e+04
7.559588844266809139e-05, 1.046200000000000000e+04
7.957461941333482662e-05, 1.057300000000000000e+04
8.355335038400157541e-05, 1.069400000000000000e+04
8.753208135466831064e-05, 1.082900000000000000e+04
9.151081232533505943e-05, 1.097800000000000000e+04
9.548954329600179466e-05, 1.114200000000000000e+04
9.946827426666854345e-05, 1.132400000000000000e+04
1.034470052373352787e-04, 1.152400000000000000e+04
1.074257362080020275e-04, 1.174300000000000000e+04
1.114044671786687627e-04, 1.198300000000000000e+04
1.153831981493355115e-04, 1.224400000000000000e+04
1.193619291200022467e-04, 1.252800000000000000e+04
1.233406600906689955e-04, 1.283500000000000000e+04
1.273193910613357443e-04, 1.316500000000000000e+04
1.312981220320024660e-04, 1.352000000000000000e+04
1.352768530026692147e-04, 1.390000000000000000e+04
1.392555839733359635e-04, 1.430600000000000000e+04
1.432343149440027123e-04, 1.473700000000000000e+04
1.472130459146694340e-04, 1.519400000000000000e+04
1.511917768853361828e-04, 1.567600000000000000e+04
1.551705078560029316e-04, 1.618200000000000000e+04
1.591492388266696532e-04, 1.671000000000000000e+04
1.631279697973364020e-04, 1.726300000000000000e+04
1.671067007680031508e-04, 1.783800000000000000e+04
1.710854317386698996e-04, 1.843500000000000000e+04
1.750641627093366213e-04, 1.905200000000000000e+04
1.790428936800033701e-04, 1.968800000000000000e+04
1.830216246506701189e-04, 2.034100000000000000e+04
1.870003556213368676e-04, 2.100900000000000000e+04
1.909790865920035893e-04, 2.169100000000000000e+04
1.949578175626703381e-04, 2.238400000000000000e+04
1.989365485333370869e-04, 2.308600000000000000e+04
2.029152795040038357e-04, 2.379600000000000000e+04
2.068940104746705574e-04, 2.451100000000000000e+04
2.108727414453373061e-04, 2.522800000000000000e+04
2.148514724160040549e-04, 2.594700000000000000e+04
2.188302033866707766e-04, 2.666300000000000000e+04
2.228089343573375254e-04, 2.737600000000000000e+04
2.267876653280042742e-04, 2.808200000000000000e+04
2.307663962986710230e-04, 2.877900000000000000e+04
2.347451272693377446e-04, 2.946400000000000000e+04
2.387238582400044934e-04, 3.013400000000000000e+04
2.427025892106712422e-04, 3.078700000000000000e+04
2.466813201813379910e-04, 3.142100000000000000e+04
2.506600511520047127e-04, 3.203400000000000000e+04
2.546387821226714886e-04, 3.262300000000000000e+04
2.586175130933382102e-04, 3.318700000000000000e+04
2.625962440640049319e-04, 3.372300000000000000e+04
2.665749750346717078e-04, 3.423000000000000000e+04
2.705537060053384295e-04, 3.470700000000000000e+04
2.745324369760051512e-04, 3.515100000000000000e+04
2.785111679466719271e-04, 3.556100000000000000e+04
2.824898989173386487e-04, 3.593400000000000000e+04
2.864686298880054246e-04, 3.627100000000000000e+04
2.904473608586721463e-04, 3.657100000000000000e+04
2.944260918293388680e-04, 3.683200000000000000e+04
2.984048228000056439e-04, 3.705400000000000000e+04
3.023835537706723656e-04, 3.723700000000000000e+04
3.063622847413390872e-04, 3.738000000000000000e+04
3.103410157120058631e-04, 3.748200000000000000e+04
3.143197466826725848e-04, 3.754300000000000000e+04
3.182984776533393065e-04, 3.756500000000000000e+04
3.222772086240060824e-04, 3.754800000000000000e+04
3.262559395946728041e-04, 3.749300000000000000e+04
3.302346705653395800e-04, 3.740000000000000000e+04
3.342134015360063016e-04, 3.727000000000000000e+04
3.381921325066730233e-04, 3.710600000000000000e+04
3.421708634773397992e-04, 3.690600000000000000e+04
3.461495944480065209e-04, 3.667500000000000000e+04
3.501283254186732426e-04, 3.641200000000000000e+04
3.541070563893400185e-04, 3.612000000000000000e+04
3.580857873600067401e-04, 3.580100000000000000e+04
3.620645183306734618e-04, 3.545600000000000000e+04
3.660432493013402377e-04, 3.508800000000000000e+04
3.700219802720069594e-04, 3.470100000000000000e+04
3.740007112426737353e-04, 3.429700000000000000e+04
3.779794422133404570e-04, 3.387800000000000000e+04
3.819581731840071786e-04, 3.344700000000000000e+04
3.859369041546739545e-04, 3.300600000000000000e+04
3.899156351253406762e-04, 3.255800000000000000e+04
3.938943660960073979e-04, 3.210500000000000000e+04
3.978730970666741738e-04, 3.164900000000000000e+04
4.018518280373408955e-04, 3.119300000000000000e+04
4.058305590080076714e-04, 3.074100000000000000e+04
4.098092899786743930e-04, 3.029400000000000000e+04
4.137880209493411147e-04, 2.985700000000000000e+04
4.177667519200078906e-04, 2.943000000000000000e+04
4.217454828906746123e-04, 2.901700000000000000e+04
4.257242138613413340e-04, 2.862100000000000000e+04
4.297029448320081099e-04, 2.824300000000000000e+04
4.336816758026748315e-04, 2.788500000000000000e+04
4.376604067733415532e-04, 2.755000000000000000e+04
4.416391377440083291e-04, 2.724000000000000000e+04
4.456178687146750508e-04, 2.695600000000000000e+04
4.495965996853418267e-04, 2.670000000000000000e+04
4.535753306560085484e-04, 2.647400000000000000e+04
4.575540616266752700e-04, 2.627900000000000000e+04
4.615327925973420459e-04, 2.611500000000000000e+04
4.655115235680087676e-04, 2.598400000000000000e+04
4.694902545386754893e-04, 2.588700000000000000e+04
4.734689855093422652e-04, 2.582400000000000000e+04
4.774477164800089869e-04, 2.579500000000000000e+04
4.814264474506757627e-04, 2.580300000000000000e+04
4.854051784213424844e-04, 2.584700000000000000e+04
4.893839093920092061e-04, 2.592600000000000000e+04
4.933626403626759820e-04, 2.603900000000000000e+04
4.973413713333427579e-04, 2.618600000000000000e+04
5.013201023040094254e-04, 2.636500000000000000e+04
5.052988332746762012e-04, 2.657800000000000000e+04
5.092775642453429771e-04, 2.682400000000000000e+04
5.132562952160096446e-04, 2.710000000000000000e+04
5.172350261866764205e-04, 2.740600000000000000e+04
5.212137571573431964e-04, 2.774000000000000000e+04
5.251924881280098639e-04, 2.810000000000000000e+04
5.291712190986766397e-04, 2.848300000000000000e+04
5.331499500693434156e-04, 2.888800000000000000e+04
5.371286810400100831e-04, 2.931300000000000000e+04
5.411074120106768590e-04, 2.975600000000000000e+04
5.450861429813436349e-04, 3.021500000000000000e+04
5.490648739520103024e-04, 3.068500000000000000e+04
5.530436049226770782e-04, 3.116700000000000000e+04
5.570223358933438541e-04, 3.165700000000000000e+04
5.610010668640105216e-04, 3.215200000000000000e+04
5.649797978346772975e-04, 3.265100000000000000e+04
5.689585288053440734e-04, 3.314900000000000000e+04
5.729372597760108493e-04, 3.364400000000000000e+04
5.769159907466775167e-04, 3.413300000000000000e+04
5.808947217173442926e-04, 3.461400000000000000e+04
5.848734526880110685e-04, 3.508400000000000000e+04
5.888521836586777360e-04, 3.554200000000000000e+04
5.928309146293445119e-04, 3.598500000000000000e+04
5.968096456000112878e-04, 3.641000000000000000e+04
6.007883765706779552e-04, 3.681500000000000000e+04
6.047671075413447311e-04, 3.719800000000000000e+04
6.087458385120115070e-04, 3.755800000000000000e+04
6.127245694826781745e-04, 3.789200000000000000e+04
6.167033004533449504e-04, 3.819800000000000000e+04
6.206820314240117263e-04, 3.847500000000000000e+04
6.246607623946783937e-04, 3.872000000000000000e+04
6.286394933653451696e-04, 3.893400000000000000e+04
6.326182243360119455e-04, 3.911500000000000000e+04
6.365969553066786130e-04, 3.926300000000000000e+04
6.405756862773453889e-04, 3.937600000000000000e+04
6.445544172480121648e-04, 3.945400000000000000e+04
6.485331482186789407e-04, 3.949700000000000000e+04
6.525118791893456081e-04, 3.950300000000000000e+04
6.564906101600123840e-04, 3.947300000000000000e+04
6.604693411306791599e-04, 3.940700000000000000e+04
6.644480721013458274e-04, 3.930600000000000000e+04
6.684268030720126033e-04, 3.917000000000000000e+04
6.724055340426793792e-04, 3.900100000000000000e+04
6.763842650133460466e-04, 3.879700000000000000e+04
6.803629959840128225e-04, 3.856100000000000000e+04
6.843417269546795984e-04, 3.829400000000000000e+04
6.883204579253462659e-04, 3.799700000000000000e+04
6.922991888960130418e-04, 3.767200000000000000e+04
6.962779198666798177e-04, 3.732100000000000000e+04
7.002566508373464851e-04, 3.694500000000000000e+04
7.042353818080132610e-04, 3.654600000000000000e+04
7.082141127786800369e-04, 3.612600000000000000e+04
7.121928437493467044e-04, 3.568800000000000000e+04
7.161715747200134803e-04, 3.523500000000000000e+04
7.201503056906802562e-04, 3.476900000000000000e+04
7.241290366613469236e-04, 3.429300000000000000e+04
7.281077676320136995e-04, 3.380800000000000000e+04
7.320864986026804754e-04, 3.331800000000000000e+04
7.360652295733472513e-04, 3.282500000000000000e+04
7.400439605440139188e-04, 3.233100000000000000e+04
7.440226915146806947e-04, 3.184000000000000000e+04
7.480014224853474706e-04, 3.135300000000000000e+04
7.519801534560141380e-04, 3.087400000000000000e+04
7.559588844266809139e-04, 3.040500000000000000e+04
7.599376153973476898e-04, 2.995000000000000000e+04
7.639163463680143573e-04, 2.951100000000000000e+04
7.678950773386811332e-04, 2.908900000000000000e+04
7.718738083093479091e-04, 2.868900000000000000e+04
7.758525392800145765e-04, 2.831000000000000000e+04
7.798312702506813524e-04, 2.795500000000000000e+04
7.838100012213481283e-04, 2.762600000000000000e+04
7.877887321920147958e-04, 2.732500000000000000e+04
7.917674631626815717e-04, 2.705300000000000000e+04
7.957461941333483476e-04, 2.681100000000000000e+04
7.997249251040150150e-04, 2.660200000000000000e+04
8.037036560746817909e-04, 2.642600000000000000e+04
8.076823870453485668e-04, 2.628300000000000000e+04
8.116611180160153427e-04, 2.617500000000000000e+04
8.156398489866820102e-04, 2.610100000000000000e+04
8.196185799573487861e-04, 2.606400000000000000e+04
8.235973109280155620e-04, 2.606400000000000000e+04
8.275760418986822294e-04, 2.610000000000000000e+04
8.315547728693490053e-04, 2.617200000000000000e+04
8.355335038400157812e-04, 2.627900000000000000e+04
8.395122348106824487e-04, 2.642000000000000000e+04
8.434909657813492246e-04, 2.659400000000000000e+04
8.474696967520160005e-04, 2.680300000000000000e+04
8.514484277226826679e-04, 2.704400000000000000e+04
8.554271586933494438e-04, 2.731600000000000000e+04
8.594058896640162197e-04, 2.761800000000000000e+04
8.633846206346828872e-04, 2.794800000000000000e+04
8.673633516053496631e-04, 2.830400000000000000e+04
8.713420825760164390e-04, 2.868300000000000000e+04
8.753208135466831064e-04, 2.908500000000000000e+04
8.792995445173498823e-04, 2.950600000000000000e+04
8.832782754880166582e-04, 2.994500000000000000e+04
8.872570064586834341e-04, 3.040000000000000000e+04
8.912357374293501016e-04, 3.086700000000000000e+04
8.952144684000168775e-04, 3.134500000000000000e+04
8.991931993706836533e-04, 3.183100000000000000e+04
9.031719303413503208e-04, 3.232300000000000000e+04
9.071506613120170967e-04, 3.281700000000000000e+04
9.111293922826838726e-04, 3.331200000000000000e+04
9.151081232533505401e-04, 3.380400000000000000e+04
9.190868542240173160e-04, 3.429100000000000000e+04
9.230655851946840918e-04, 3.476900000000000000e+04
9.270443161653507593e-04, 3.523700000000000000e+04
9.310230471360175352e-04, 3.569200000000000000e+04
9.350017781066843111e-04, 3.613200000000000000e+04
9.389805090773509786e-04, 3.655400000000000000e+04
9.429592400480177545e-04, 3.695600000000000000e+04
9.469379710186845303e-04, 3.733600000000000000e+04
9.509167019893511978e-04, 3.769200000000000000e+04
9.548954329600179737e-04, 3.802200000000000000e+04
9.588741639306847496e-04, 3.832500000000000000e+04
9.628528949013515255e-04, 3.859900000000000000e+04
9.668316258720181930e-04, 3.884100000000000000e+04
9.708103568426849688e-04, 3.905100000000000000e+04
9.747890878133517447e-04, 3.922800000000000000e+04
9.787678187840184122e-04, 3.937200000000000000e+04
9.827465497546851881e-04, 3.948000000000000000e+04
9.867252807253519640e-04, 3.955300000000000000e+04
9.907040116960187399e-04, 3.958900000000000000e+04
9.946827426666855158e-04, 3.958900000000000000e+04
9.986614736373520748e-04, 3.955300000000000000e+04
1.002640204608018851e-03, 3.948000000000000000e+04
1.006618935578685627e-03, 3.937200000000000000e+04
1.010597666549352402e-03, 3.922900000000000000e+04
1.014576397520019178e-03, 3.905200000000000000e+04
1.018555128490685954e-03, 3.884100000000000000e+04
1.022533859461352513e-03, 3.859800000000000000e+04
1.026512590432019289e-03, 3.832400000000000000e+04
1.030491321402686065e-03, 3.802000000000000000e+04
1.034470052373352841e-03, 3.768800000000000000e+04
1.038448783344019617e-03, 3.733000000000000000e+04
1.042427514314686393e-03, 3.694800000000000000e+04
1.046406245285352952e-03, 3.654300000000000000e+04
1.050384976256019728e-03, 3.611700000000000000e+04
1.054363707226686504e-03, 3.567500000000000000e+04
1.058342438197353279e-03, 3.521700000000000000e+04
1.062321169168020055e-03, 3.474700000000000000e+04
1.066299900138686831e-03, 3.426700000000000000e+04
1.070278631109353607e-03, 3.378000000000000000e+04
1.074257362080020166e-03, 3.328700000000000000e+04
1.078236093050686942e-03, 3.279200000000000000e+04
1.082214824021353718e-03, 3.229700000000000000e+04
1.086193554992020494e-03, 3.180500000000000000e+04
1.090172285962687270e-03, 3.131800000000000000e+04
1.094151016933354046e-03, 3.084100000000000000e+04
1.098129747904020605e-03, 3.037500000000000000e+04
1.102108478874687381e-03, 2.992200000000000000e+04
1.106087209845354156e-03, 2.948600000000000000e+04
1.110065940816020932e-03, 2.906800000000000000e+04
1.114044671786687708e-03, 2.867100000000000000e+04
1.118023402757354484e-03, 2.829600000000000000e+04
1.122002133728021043e-03, 2.794400000000000000e+04
1.125980864698687819e-03, 2.761900000000000000e+04
1.129959595669354595e-03, 2.732100000000000000e+04
1.133938326640021371e-03, 2.705300000000000000e+04
1.137917057610688147e-03, 2.681700000000000000e+04
1.141895788581354923e-03, 2.661200000000000000e+04
1.145874519552021699e-03, 2.644000000000000000e+04
1.149853250522688258e-03, 2.630200000000000000e+04
1.153831981493355033e-03, 2.619700000000000000e+04
1.157810712464021809e-03, 2.612800000000000000e+04
1.161789443434688585e-03, 2.609400000000000000e+04
1.165768174405355361e-03, 2.609700000000000000e+04
1.169746905376022137e-03, 2.613500000000000000e+04
1.173725636346688696e-03, 2.620900000000000000e+04
1.177704367317355472e-03, 2.631700000000000000e+04
1.181683098288022248e-03, 2.646000000000000000e+04
1.185661829258689024e-03, 2.663500000000000000e+04
1.189640560229355800e-03, 2.684500000000000000e+04
1.193619291200022576e-03, 2.708700000000000000e+04
1.197598022170689135e-03, 2.736100000000000000e+04
1.201576753141355910e-03, 2.766300000000000000e+04
1.205555484112022686e-03, 2.799400000000000000e+04
1.209534215082689462e-03, 2.835000000000000000e+04
1.213512946053356238e-03, 2.872900000000000000e+04
1.217491677024023014e-03, 2.913100000000000000e+04
1.221470407994689790e-03, 2.955200000000000000e+04
1.225449138965356349e-03, 2.999100000000000000e+04
1.229427869936023125e-03, 3.044500000000000000e+04
1.233406600906689901e-03, 3.091200000000000000e+04
1.237385331877356677e-03, 3.138900000000000000e+04
1.241364062848023453e-03, 3.187400000000000000e+04
1.245342793818690228e-03, 3.236400000000000000e+04
1.249321524789356787e-03, 3.285700000000000000e+04
1.253300255760023563e-03, 3.335000000000000000e+04
1.257278986730690339e-03, 3.384000000000000000e+04
1.261257717701357115e-03, 3.432300000000000000e+04
1.265236448672023891e-03, 3.479900000000000000e+04
1.269215179642690667e-03, 3.526400000000000000e+04
1.273193910613357226e-03, 3.571500000000000000e+04
1.277172641584024002e-03, 3.615200000000000000e+04
1.281151372554690778e-03, 3.656900000000000000e+04
1.285130103525357554e-03, 3.696600000000000000e+04
1.289108834496024330e-03, 3.734000000000000000e+04
1.293087565466691105e-03, 3.769000000000000000e+04
1.297066296437357881e-03, 3.801400000000000000e+04
1.301045027408024440e-03, 3.830900000000000000e+04
1.305023758378691216e-03, 3.857400000000000000e+04
1.309002489349357992e-03, 3.880700000000000000e+04
1.312981220320024768e-03, 3.900900000000000000e+04
1.316959951290691544e-03, 3.917700000000000000e+04
1.320938682261358320e-03, 3.931000000000000000e+04
1.324917413232024879e-03, 3.940900000000000000e+04
1.328896144202691655e-03, 3.947200000000000000e+04
1.332874875173358431e-03, 3.949900000000000000e+04
1.336853606144025207e-03, 3.949000000000000000e+04
1.340832337114691982e-03, 3.944400000000000000e+04
1.344811068085358758e-03, 3.936200000000000000e+04
1.348789799056025317e-03, 3.924600000000000000e+04
1.352768530026692093e-03, 3.909400000000000000e+04
1.356747260997358869e-03, 3.890900000000000000e+04
1.360725991968025645e-03, 3.869000000000000000e+04
1.364704722938692421e-03, 3.844000000000000000e+04
1.368683453909359197e-03, 3.815900000000000000e+04
1.372662184880025973e-03, 3.784900000000000000e+04
1.376640915850692532e-03, 3.751200000000000000e+04
1.380619646821359308e-03, 3.714900000000000000e+04
1.384598377792026084e-03, 3.676200000000000000e+04
1.388577108762692859e-03, 3.635300000000000000e+04
1.392555839733359635e-03, 3.592400000000000000e+04
1.396534570704026411e-03, 3.548000000000000000e+04
1.400513301674692970e-03, 3.502000000000000000e+04
1.404492032645359746e-03, 3.454900000000000000e+04
1.408470763616026522e-03, 3.406800000000000000e+04
1.412449494586693298e-03, 3.358100000000000000e+04
1.416428225557360074e-03, 3.308800000000000000e+04
1.420406956528026850e-03, 3.259400000000000000e+04
1.424385687498693409e-03, 3.210000000000000000e+04
1.428364418469360185e-03, 3.160800000000000000e+04
1.432343149440026961e-03, 3.112300000000000000e+04
1.436321880410693736e-03, 3.064700000000000000e+04
1.440300611381360512e-03, 3.018200000000000000e+04
1.444279342352027288e-03, 2.973100000000000000e+04
1.448258073322693847e-03, 2.929600000000000000e+04
1.452236804293360623e-03, 2.888000000000000000e+04
1.456215535264027399e-03, 2.848500000000000000e+04
1.460194266234694175e-03, 2.811300000000000000e+04
1.464172997205360951e-03, 2.776500000000000000e+04
1.468151728176027727e-03, 2.744300000000000000e+04
1.472130459146694503e-03, 2.714900000000000000e+04
1.476109190117361062e-03, 2.688500000000000000e+04
1.480087921088027838e-03, 2.665200000000000000e+04
1.484066652058694613e-03, 2.645100000000000000e+04
1.488045383029361389e-03, 2.628300000000000000e+04
1.492024114000028165e-03, 2.614800000000000000e+04
1.496002844970694941e-03, 2.604900000000000000e+04
1.499981575941361500e-03, 2.598400000000000000e+04
1.503960306912028276e-03, 2.595700000000000000e+04
1.507939037882695052e-03, 2.596600000000000000e+04
1.511917768853361828e-03, 2.601100000000000000e+04
1.515896499824028604e-03, 2.609200000000000000e+04
1.519875230794695380e-03, 2.620700000000000000e+04
1.523853961765361939e-03, 2.635700000000000000e+04
1.527832692736028715e-03, 2.654000000000000000e+04
1.531811423706695490e-03, 2.675800000000000000e+04
1.535790154677362266e-03, 2.700700000000000000e+04
1.539768885648029042e-03, 2.728900000000000000e+04
1.543747616618695818e-03, 2.759900000000000000e+04
1.547726347589362594e-03, 2.793700000000000000e+04
1.551705078560029153e-03, 2.830000000000000000e+04
1.555683809530695929e-03, 2.868700000000000000e+04
1.559662540501362705e-03, 2.909500000000000000e+04
1.563641271472029481e-03, 2.952300000000000000e+04
1.567620002442696257e-03, 2.996700000000000000e+04
1.571598733413363033e-03, 3.042700000000000000e+04
1.575577464384029592e-03, 3.089800000000000000e+04
1.579556195354696367e-03, 3.138000000000000000e+04
1.583534926325363143e-03, 3.186900000000000000e+04
1.587513657296029919e-03, 3.236300000000000000e+04
1.591492388266696695e-03, 3.285800000000000000e+04
1.595471119237363471e-03, 3.335400000000000000e+04
1.599449850208030030e-03, 3.384500000000000000e+04
1.603428581178696806e-03, 3.433000000000000000e+04
1.607407312149363582e-03, 3.480700000000000000e+04
1.611386043120030358e-03, 3.527200000000000000e+04
1.615364774090697134e-03, 3.572500000000000000e+04
1.619343505061363910e-03, 3.616200000000000000e+04
1.623322236032030685e-03, 3.658000000000000000e+04
1.627300967002697244e-03, 3.697700000000000000e+04
1.631279697973364020e-03, 3.735100000000000000e+04
1.635258428944030796e-03, 3.770200000000000000e+04
1.639237159914697572e-03, 3.802600000000000000e+04
1.643215890885364348e-03, 3.832100000000000000e+04
1.647194621856031124e-03, 3.858600000000000000e+04
1.651173352826697683e-03, 3.881900000000000000e+04
1.655152083797364459e-03, 3.902000000000000000e+04
1.659130814768031235e-03, 3.918700000000000000e+04
1.663109545738698011e-03, 3.931900000000000000e+04
1.667088276709364787e-03, 3.941700000000000000e+04
1.671067007680031562e-03, 3.947800000000000000e+04
1.675045738650698121e-03, 3.950200000000000000e+04
1.679024469621364897e-03, 3.949000000000000000e+04
1.683003200592031673e-03, 3.944100000000000000e+04
1.686981931562698449e-03, 3.935600000000000000e+04
1.690960662533365225e-03, 3.923600000000000000e+04
1.694939393504032001e-03, 3.908200000000000000e+04
1.698918124474698777e-03, 3.889300000000000000e+04
1.702896855445365336e-03, 3.867100000000000000e+04
1.706875586416032112e-03, 3.841800000000000000e+04
1.710854317386698888e-03, 3.813400000000000000e+04
1.714833048357365664e-03, 3.782100000000000000e+04
1.718811779328032439e-03, 3.748100000000000000e+04
1.722790510298699215e-03, 3.711500000000000000e+04
1.726769241269365774e-03, 3.672600000000000000e+04
1.730747972240032550e-03, 3.631400000000000000e+04
1.734726703210699326e-03, 3.588400000000000000e+04
1.738705434181366102e-03, 3.543700000000000000e+04
1.742684165152032878e-03, 3.497600000000000000e+04
1.746662896122699654e-03, 3.450300000000000000e+04
1.750641627093366213e-03, 3.402100000000000000e+04
1.754620358064032989e-03, 3.353300000000000000e+04
1.758599089034699765e-03, 3.304000000000000000e+04
1.762577820005366541e-03, 3.254500000000000000e+04
1.766556550976033316e-03, 3.205200000000000000e+04
1.770535281946700092e-03, 3.156100000000000000e+04
1.774514012917366868e-03, 3.107700000000000000e+04
1.778492743888033427e-03, 3.060300000000000000e+04
1.782471474858700203e-03, 3.014000000000000000e+04
1.786450205829366979e-03, 2.969200000000000000e+04
1.790428936800033755e-03, 2.926000000000000000e+04
1.794407667770700531e-03, 2.884800000000000000e+04
1.798386398741367307e-03, 2.845600000000000000e+04
1.802365129712033866e-03, 2.808800000000000000e+04
1.806343860682700642e-03, 2.774300000000000000e+04
1.810322591653367418e-03, 2.742500000000000000e+04
1.814301322624034193e-03, 2.713500000000000000e+04
1.818280053594700969e-03, 2.687500000000000000e+04
1.822258784565367745e-03, 2.664600000000000000e+04
1.826237515536034304e-03, 2.645000000000000000e+04
1.830216246506701080e-03, 2.628700000000000000e+04
1.834194977477367856e-03, 2.615800000000000000e+04
1.838173708448034632e-03, 2.606400000000000000e+04
1.842152439418701408e-03, 2.600600000000000000e+04
1.846131170389368184e-03, 2.598400000000000000e+04
1.850109901360034960e-03, 2.599900000000000000e+04
1.854088632330701519e-03, 2.605100000000000000e+04
1.858067363301368295e-03, 2.613800000000000000e+04
1.862046094272035070e-03, 2.625900000000000000e+04
1.866024825242701846e-03, 2.641400000000000000e+04
1.870003556213368622e-03, 2.660200000000000000e+04
1.873982287184035398e-03, 2.682400000000000000e+04
1.877961018154701957e-03, 2.707600000000000000e+04
1.881939749125368733e-03, 2.736000000000000000e+04
1.885918480096035509e-03, 2.767200000000000000e+04
1.889897211066702285e-03, 2.801100000000000000e+04
1.893875942037369061e-03, 2.837500000000000000e+04
1.897854673008035837e-03, 2.876200000000000000e+04
1.901833403978702396e-03, 2.917000000000000000e+04
1.905812134949369172e-03, 2.959700000000000000e+04
1.909790865920035947e-03, 3.004100000000000000e+04
1.913769596890702723e-03, 3.049900000000000000e+04
1.917748327861369499e-03, 3.096900000000000000e+04
1.921727058832036275e-03, 3.144800000000000000e+04
1.925705789802703051e-03, 3.193500000000000000e+04
1.929684520773369610e-03, 3.242500000000000000e+04
1.933663251744036386e-03, 3.291700000000000000e+04
1.937641982714703162e-03, 3.340700000000000000e+04
1.941620713685369938e-03, 3.389300000000000000e+04
1.945599444656036714e-03, 3.437300000000000000e+04
1.949578175626703489e-03, 3.484200000000000000e+04
1.953556906597370049e-03, 3.530100000000000000e+04
1.957535637568036824e-03, 3.574500000000000000e+04
1.961514368538703600e-03, 3.617400000000000000e+04
1.965493099509370376e-03, 3.658300000000000000e+04
1.969471830480037152e-03, 3.697100000000000000e+04
1.973450561450703928e-03, 3.733700000000000000e+04
1.977429292421370704e-03, 3.767800000000000000e+04
1.981408023392037480e-03, 3.799300000000000000e+04
1.985386754362704256e-03, 3.827800000000000000e+04
1.989365485333371032e-03, 3.853300000000000000e+04
1.993344216304037374e-03, 3.875700000000000000e+04
1.997322947274704150e-03, 3.894800000000000000e+04
2.001301678245370926e-03, 3.910500000000000000e+04
2.005280409216037701e-03, 3.922800000000000000e+04
2.009259140186704477e-03, 3.931600000000000000e+04
2.013237871157371253e-03, 3.936700000000000000e+04
2.017216602128038029e-03, 3.938300000000000000e+04
2.021195333098704805e-03, 3.936200000000000000e+04
2.025174064069371581e-03, 3.930500000000000000e+04
2.029152795040038357e-03, 3.921300000000000000e+04
2.033131526010705133e-03, 3.908600000000000000e+04
2.037110256981371909e-03, 3.892500000000000000e+04
2.041088987952038251e-03, 3.873000000000000000e+04
2.045067718922705027e-03, 3.850300000000000000e+04
2.049046449893371803e-03, 3.824400000000000000e+04
2.053025180864038578e-03, 3.795600000000000000e+04
2.057003911834705354e-03, 3.763800000000000000e+04
2.060982642805372130e-03, 3.729400000000000000e+04
2.064961373776038906e-03, 3.692500000000000000e+04
2.068940104746705682e-03, 3.653300000000000000e+04
2.072918835717372458e-03, 3.611900000000000000e+04
2.076897566688039234e-03, 3.568600000000000000e+04
2.080876297658706010e-03, 3.523800000000000000e+04
2.084855028629372786e-03, 3.477700000000000000e+04
2.088833759600039561e-03, 3.430400000000000000e+04
2.092812490570705904e-03, 3.382200000000000000e+04
2.096791221541372680e-03, 3.333500000000000000e+04
2.100769952512039455e-03, 3.284400000000000000e+04
2.104748683482706231e-03, 3.235100000000000000e+04
2.108727414453373007e-03, 3.186000000000000000e+04
2.112706145424039783e-03, 3.137300000000000000e+04
2.116684876394706559e-03, 3.089300000000000000e+04
2.120663607365373335e-03, 3.042300000000000000e+04
2.124642338336040111e-03, 2.996500000000000000e+04
2.128621069306706887e-03, 2.952200000000000000e+04
2.132599800277373663e-03, 2.909500000000000000e+04
2.136578531248040438e-03, 2.868800000000000000e+04
2.140557262218707214e-03, 2.830200000000000000e+04
2.144535993189373557e-03, 2.793800000000000000e+04
2.148514724160040332e-03, 2.760000000000000000e+04
2.152493455130707108e-03, 2.728900000000000000e+04
2.156472186101373884e-03, 2.700600000000000000e+04
2.160450917072040660e-03, 2.675400000000000000e+04
2.164429648042707436e-03, 2.653300000000000000e+04
2.168408379013374212e-03, 2.634600000000000000e+04
2.172387109984040988e-03, 2.619100000000000000e+04
2.176365840954707764e-03, 2.607100000000000000e+04
2.180344571925374540e-03, 2.598600000000000000e+04
2.184323302896041315e-03, 2.593700000000000000e+04
2.188302033866708091e-03, 2.592400000000000000e+04
2.192280764837374434e-03, 2.594800000000000000e+04
2.196259495808041209e-03, 2.600700000000000000e+04
2.200238226778707985e-03, 2.610100000000000000e+04
2.204216957749374761e-03, 2.622900000000000000e+04
2.208195688720041537e-03, 2.639000000000000000e+04
2.212174419690708313e-03, 2.658600000000000000e+04
2.216153150661375089e-03, 2.681400000000000000e+04
2.220131881632041865e-03, 2.707400000000000000e+04
2.224110612602708641e-03, 2.736400000000000000e+04
2.228089343573375417e-03, 2.768300000000000000e+04
2.232068074544042192e-03, 2.802900000000000000e+04
2.236046805514708968e-03, 2.839900000000000000e+04
2.240025536485375744e-03, 2.879200000000000000e+04
2.244004267456042086e-03, 2.920600000000000000e+04
2.247982998426708862e-03, 2.963800000000000000e+04
2.251961729397375638e-03, 3.008700000000000000e+04
2.255940460368042414e-03, 3.054900000000000000e+04
2.259919191338709190e-03, 3.102200000000000000e+04
2.263897922309375966e-03, 3.150300000000000000e+04
2.267876653280042742e-03, 3.199100000000000000e+04
2.271855384250709518e-03, 3.248200000000000000e+04
2.275834115221376294e-03, 3.297500000000000000e+04
2.279812846192043069e-03, 3.346500000000000000e+04
2.283791577162709845e-03, 3.395100000000000000e+04
2.287770308133376621e-03, 3.443000000000000000e+04
2.291749039104043397e-03, 3.489900000000000000e+04
2.295727770074709739e-03, 3.535600000000000000e+04
2.299706501045376515e-03, 3.580000000000000000e+04
2.303685232016043291e-03, 3.622600000000000000e+04
2.307663962986710067e-03, 3.663300000000000000e+04
2.311642693957376843e-03, 3.701900000000000000e+04
2.315621424928043619e-03, 3.738200000000000000e+04
2.319600155898710395e-03, 3.772000000000000000e+04
2.323578886869377171e-03, 3.803200000000000000e+04
2.327557617840043946e-03, 3.831400000000000000e+04
2.331536348810710722e-03, 3.856700000000000000e+04
2.335515079781377498e-03, 3.878800000000000000e+04
2.339493810752044274e-03, 3.897600000000000000e+04
2.343472541722710616e-03, 3.913200000000000000e+04
2.347451272693377392e-03, 3.925300000000000000e+04
2.351430003664044168e-03, 3.933800000000000000e+04
2.355408734634710944e-03, 3.938800000000000000e+04
2.359387465605377720e-03, 3.940200000000000000e+04
2.363366196576044496e-03, 3.937900000000000000e+04
2.367344927546711272e-03, 3.932000000000000000e+04
2.371323658517378048e-03, 3.922600000000000000e+04
2.375302389488044823e-03, 3.909600000000000000e+04
2.379281120458711599e-03, 3.893300000000000000e+04
2.383259851429378375e-03, 3.873600000000000000e+04
2.387238582400045151e-03, 3.850600000000000000e+04
2.391217313370711927e-03, 3.824500000000000000e+04
2.395196044341378269e-03, 3.795400000000000000e+04
2.399174775312045045e-03, 3.763400000000000000e+04
2.403153506282711821e-03, 3.728800000000000000e+04
2.407132237253378597e-03, 3.691600000000000000e+04
2.411110968224045373e-03, 3.652200000000000000e+04
2.415089699194712149e-03, 3.610600000000000000e+04
2.419068430165378925e-03, 3.567200000000000000e+04
2.423047161136045700e-03, 3.522300000000000000e+04
2.427025892106712476e-03, 3.476000000000000000e+04
2.431004623077379252e-03, 3.428600000000000000e+04
2.434983354048046028e-03, 3.380400000000000000e+04
2.438962085018712804e-03, 3.331700000000000000e+04
2.442940815989379580e-03, 3.282600000000000000e+04
2.446919546960045922e-03, 3.233400000000000000e+04
2.450898277930712698e-03, 3.184300000000000000e+04
2.454877008901379474e-03, 3.135700000000000000e+04
2.458855739872046250e-03, 3.087800000000000000e+04
2.462834470842713026e-03, 3.040900000000000000e+04
2.466813201813379802e-03, 2.995200000000000000e+04
2.470791932784046577e-03, 2.951000000000000000e+04
2.474770663754713353e-03, 2.908600000000000000e+04
2.478749394725380129e-03, 2.868100000000000000e+04
2.482728125696046905e-03, 2.829900000000000000e+04
2.486706856666713681e-03, 2.793900000000000000e+04
2.490685587637380457e-03, 2.760400000000000000e+04
2.494664318608046799e-03, 2.729700000000000000e+04
2.498643049578713575e-03, 2.701900000000000000e+04
2.502621780549380351e-03, 2.677200000000000000e+04
2.506600511520047127e-03, 2.655600000000000000e+04
2.510579242490713903e-03, 2.637400000000000000e+04
2.514557973461380679e-03, 2.622400000000000000e+04
2.518536704432047454e-03, 2.611000000000000000e+04
2.522515435402714230e-03, 2.603100000000000000e+04
2.526494166373381006e-03, 2.598700000000000000e+04
2.530472897344047782e-03, 2.598100000000000000e+04
2.534451628314714558e-03, 2.601200000000000000e+04
2.538430359285381334e-03, 2.607900000000000000e+04
2.542409090256048110e-03, 2.618100000000000000e+04
2.546387821226714452e-03, 2.631700000000000000e+04
2.550366552197381228e-03, 2.648700000000000000e+04
2.554345283168048004e-03, 2.669100000000000000e+04
2.558324014138714780e-03, 2.692700000000000000e+04
2.562302745109381556e-03, 2.719600000000000000e+04
2.566281476080048331e-03, 2.749400000000000000e+04
2.570260207050715107e-03, 2.782100000000000000e+04
2.574238938021381883e-03, 2.817300000000000000e+04
2.578217668992048659e-03, 2.855100000000000000e+04
2.582196399962715435e-03, 2.895000000000000000e+04
2.586175130933382211e-03, 2.936900000000000000e+04
2.590153861904048987e-03, 2.980700000000000000e+04
2.594132592874715763e-03, 3.026100000000000000e+04
2.598111323845382105e-03, 3.072800000000000000e+04
2.602090054816048881e-03, 3.120500000000000000e+04
2.606068785786715657e-03, 3.169200000000000000e+04
2.610047516757382433e-03, 3.218400000000000000e+04
2.614026247728049208e-03, 3.268000000000000000e+04
2.618004978698715984e-03, 3.317600000000000000e+04
2.621983709669382760e-03, 3.367000000000000000e+04
2.625962440640049536e-03, 3.415800000000000000e+04
2.629941171610716312e-03, 3.463900000000000000e+04
2.633919902581383088e-03, 3.511000000000000000e+04
2.637898633552049864e-03, 3.556800000000000000e+04
2.641877364522716640e-03, 3.601200000000000000e+04
2.645856095493382982e-03, 3.643800000000000000e+04
2.649834826464049758e-03, 3.684300000000000000e+04
2.653813557434716534e-03, 3.722600000000000000e+04
2.657792288405383310e-03, 3.758600000000000000e+04
2.661771019376050085e-03, 3.792000000000000000e+04
2.665749750346716861e-03, 3.822600000000000000e+04
2.669728481317383637e-03, 3.850100000000000000e+04
2.673707212288050413e-03, 3.874600000000000000e+04
2.677685943258717189e-03, 3.895800000000000000e+04
2.681664674229383965e-03, 3.913800000000000000e+04
2.685643405200050741e-03, 3.928300000000000000e+04
2.689622136170717517e-03, 3.939300000000000000e+04
2.693600867141384293e-03, 3.946800000000000000e+04
2.697579598112050635e-03, 3.950700000000000000e+04
2.701558329082717411e-03, 3.951000000000000000e+04
2.705537060053384187e-03, 3.947500000000000000e+04
2.709515791024050962e-03, 3.940500000000000000e+04
2.713494521994717738e-03, 3.930000000000000000e+04
2.717473252965384514e-03, 3.915900000000000000e+04
2.721451983936051290e-03, 3.898500000000000000e+04
2.725430714906718066e-03, 3.877600000000000000e+04
2.729409445877384842e-03, 3.853600000000000000e+04
2.733388176848051618e-03, 3.826500000000000000e+04
2.737366907818718394e-03, 3.796400000000000000e+04
2.741345638789385170e-03, 3.763500000000000000e+04
2.745324369760051945e-03, 3.727900000000000000e+04
2.749303100730718288e-03, 3.689900000000000000e+04
2.753281831701385064e-03, 3.649700000000000000e+04
2.757260562672051839e-03, 3.607400000000000000e+04
2.761239293642718615e-03, 3.563400000000000000e+04
2.765218024613385391e-03, 3.517800000000000000e+04
2.769196755584052167e-03, 3.471000000000000000e+04
2.773175486554718943e-03, 3.423200000000000000e+04
2.777154217525385719e-03, 3.374600000000000000e+04
2.781132948496052495e-03, 3.325500000000000000e+04
2.785111679466719271e-03, 3.276100000000000000e+04
2.789090410437386047e-03, 3.226600000000000000e+04
2.793069141408052822e-03, 3.177400000000000000e+04
2.797047872378719165e-03, 3.128600000000000000e+04
2.801026603349385941e-03, 3.080600000000000000e+04
2.805005334320052716e-03, 3.033700000000000000e+04
2.808984065290719492e-03, 2.988100000000000000e+04
2.812962796261386268e-03, 2.944100000000000000e+04
2.816941527232053044e-03, 2.901900000000000000e+04
2.820920258202719820e-03, 2.861600000000000000e+04
2.824898989173386596e-03, 2.823700000000000000e+04
2.828877720144053372e-03, 2.788000000000000000e+04
2.832856451114720148e-03, 2.755000000000000000e+04
2.836835182085386924e-03, 2.724700000000000000e+04
2.840813913056053699e-03, 2.697300000000000000e+04
2.844792644026720475e-03, 2.673100000000000000e+04
2.848771374997386818e-03, 2.652200000000000000e+04
2.852750105968053593e-03, 2.634500000000000000e+04
2.856728836938720369e-03, 2.620300000000000000e+04
2.860707567909387145e-03, 2.609500000000000000e+04
2.864686298880053921e-03, 2.602200000000000000e+04
2.868665029850720697e-03, 2.598600000000000000e+04
2.872643760821387473e-03, 2.598700000000000000e+04
2.876622491792054249e-03, 2.602400000000000000e+04
2.880601222762721025e-03, 2.609800000000000000e+04
2.884579953733387801e-03, 2.620600000000000000e+04
2.888558684704054576e-03, 2.634800000000000000e+04
2.892537415674721352e-03, 2.652400000000000000e+04
2.896516146645387695e-03, 2.673400000000000000e+04
2.900494877616054470e-03, 2.697600000000000000e+04
2.904473608586721246e-03, 2.725100000000000000e+04
2.908452339557388022e-03, 2.755400000000000000e+04
2.912431070528054798e-03, 2.788600000000000000e+04
2.916409801498721574e-03, 2.824300000000000000e+04
2.920388532469388350e-03, 2.862400000000000000e+04
2.924367263440055126e-03, 2.902800000000000000e+04
2.928345994410721902e-03, 2.945100000000000000e+04
2.932324725381388678e-03, 2.989200000000000000e+04
2.936303456352055453e-03, 3.034800000000000000e+04
2.940282187322722229e-03, 3.081700000000000000e+04
2.944260918293389005e-03, 3.129700000000000000e+04
2.948239649264055347e-03, 3.178400000000000000e+04
2.952218380234722123e-03, 3.227700000000000000e+04
2.956197111205388899e-03, 3.277300000000000000e+04
2.960175842176055675e-03, 3.326900000000000000e+04
2.964154573146722451e-03, 3.376200000000000000e+04
2.968133304117389227e-03, 3.424900000000000000e+04
2.972112035088056003e-03, 3.472800000000000000e+04
2.976090766058722779e-03, 3.519700000000000000e+04
2.980069497029389555e-03, 3.565300000000000000e+04
2.984048228000056330e-03, 3.609400000000000000e+04
2.988026958970723106e-03, 3.651700000000000000e+04
2.992005689941389882e-03, 3.692000000000000000e+04
2.995984420912056658e-03, 3.730100000000000000e+04
2.999963151882723000e-03, 3.765900000000000000e+04
3.003941882853389776e-03, 3.799000000000000000e+04
3.007920613824056552e-03, 3.829400000000000000e+04
3.011899344794723328e-03, 3.856700000000000000e+04
3.015878075765390104e-03, 3.880900000000000000e+04
3.019856806736056880e-03, 3.901900000000000000e+04
3.023835537706723656e-03, 3.919500000000000000e+04
3.027814268677390432e-03, 3.933800000000000000e+04
3.031792999648057207e-03, 3.944500000000000000e+04
3.035771730618723983e-03, 3.951700000000000000e+04
3.039750461589390759e-03, 3.955100000000000000e+04
3.043729192560057535e-03, 3.955000000000000000e+04
3.047707923530723877e-03, 3.951100000000000000e+04
3.051686654501390653e-03, 3.943600000000000000e+04
3.055665385472057429e-03, 3.932700000000000000e+04
3.059644116442724205e-03, 3.918100000000000000e+04
3.063622847413390981e-03, 3.900200000000000000e+04
3.067601578384057757e-03, 3.879000000000000000e+04
3.071580309354724533e-03, 3.854500000000000000e+04
3.075559040325391309e-03, 3.826900000000000000e+04
3.079537771296058084e-03, 3.796400000000000000e+04
3.083516502266724860e-03, 3.763100000000000000e+04
3.087495233237391636e-03, 3.727200000000000000e+04
3.091473964208058412e-03, 3.688800000000000000e+04
3.095452695178725188e-03, 3.648300000000000000e+04
3.099431426149391530e-03, 3.605700000000000000e+04
3.103410157120058306e-03, 3.561400000000000000e+04
3.107388888090725082e-03, 3.515700000000000000e+04
3.111367619061391858e-03, 3.468900000000000000e+04
3.115346350032058634e-03, 3.421100000000000000e+04
3.119325081002725410e-03, 3.372600000000000000e+04
3.123303811973392186e-03, 3.323700000000000000e+04
3.127282542944058961e-03, 3.274500000000000000e+04
3.131261273914725737e-03, 3.225300000000000000e+04
3.135240004885392513e-03, 3.176400000000000000e+04
3.139218735856059289e-03, 3.128100000000000000e+04
3.143197466826726065e-03, 3.080600000000000000e+04
3.147176197797392841e-03, 3.034200000000000000e+04
3.151154928768059183e-03, 2.989100000000000000e+04
3.155133659738725959e-03, 2.945700000000000000e+04
3.159112390709392735e-03, 2.904000000000000000e+04
3.163091121680059511e-03, 2.864400000000000000e+04
3.167069852650726287e-03, 2.827100000000000000e+04
3.171048583621393063e-03, 2.792100000000000000e+04
3.175027314592059838e-03, 2.759600000000000000e+04
3.179006045562726614e-03, 2.729800000000000000e+04
3.182984776533393390e-03, 2.703000000000000000e+04
3.186963507504060166e-03, 2.679300000000000000e+04
3.190942238474726942e-03, 2.658800000000000000e+04
3.194920969445393718e-03, 2.641500000000000000e+04
3.198899700416060060e-03, 2.627600000000000000e+04
3.202878431386726836e-03, 2.617100000000000000e+04
3.206857162357393612e-03, 2.610200000000000000e+04
3.210835893328060388e-03, 2.606900000000000000e+04
3.214814624298727164e-03, 2.607300000000000000e+04
3.218793355269393940e-03, 2.611300000000000000e+04
3.222772086240060715e-03, 2.618800000000000000e+04
3.226750817210727491e-03, 2.629900000000000000e+04
3.230729548181394267e-03, 2.644300000000000000e+04
3.234708279152061043e-03, 2.662100000000000000e+04
3.238687010122727819e-03, 2.683400000000000000e+04
3.242665741093394595e-03, 2.707800000000000000e+04
3.246644472064061371e-03, 2.735400000000000000e+04
3.250623203034727713e-03, 2.766000000000000000e+04
3.254601934005394489e-03, 2.799300000000000000e+04
3.258580664976061265e-03, 2.835100000000000000e+04
3.262559395946728041e-03, 2.873400000000000000e+04
3.266538126917394817e-03, 2.913800000000000000e+04
3.270516857888061592e-03, 2.956100000000000000e+04
3.274495588858728368e-03, 3.000300000000000000e+04
3.278474319829395144e-03, 3.045900000000000000e+04
3.282453050800061920e-03, 3.092700000000000000e+04
3.286431781770728696e-03, 3.140500000000000000e+04
3.290410512741395472e-03, 3.189200000000000000e+04
3.294389243712062248e-03, 3.238300000000000000e+04
3.298367974682729024e-03, 3.287700000000000000e+04
3.302346705653395366e-03, 3.337000000000000000e+04
3.306325436624062142e-03, 3.385900000000000000e+04
3.310304167594728918e-03, 3.434200000000000000e+04
3.314282898565395694e-03, 3.481600000000000000e+04
3.318261629536062469e-03, 3.527800000000000000e+04
3.322240360506729245e-03, 3.572700000000000000e+04
3.326219091477396021e-03, 3.616100000000000000e+04
3.330197822448062797e-03, 3.657600000000000000e+04
3.334176553418729573e-03, 3.697100000000000000e+04
3.338155284389396349e-03, 3.734300000000000000e+04
3.342134015360063125e-03, 3.769100000000000000e+04
3.346112746330729901e-03, 3.801300000000000000e+04
3.350091477301396243e-03, 3.830700000000000000e+04
3.354070208272063019e-03, 3.857000000000000000e+04
3.358048939242729795e-03, 3.880200000000000000e+04
3.362027670213396571e-03, 3.900200000000000000e+04
3.366006401184063346e-03, 3.916900000000000000e+04
3.369985132154730122e-03, 3.930200000000000000e+04
3.373963863125396898e-03, 3.940100000000000000e+04
3.377942594096063674e-03, 3.946500000000000000e+04
3.381921325066730450e-03, 3.949300000000000000e+04
3.385900056037397226e-03, 3.948500000000000000e+04
3.389878787008064002e-03, 3.944100000000000000e+04
3.393857517978730778e-03, 3.936100000000000000e+04
3.397836248949397554e-03, 3.924600000000000000e+04
3.401814979920063896e-03, 3.909700000000000000e+04
3.405793710890730672e-03, 3.891400000000000000e+04
3.409772441861397448e-03, 3.869800000000000000e+04
3.413751172832064223e-03, 3.845000000000000000e+04
3.417729903802730999e-03, 3.817200000000000000e+04
3.421708634773397775e-03, 3.786400000000000000e+04
3.425687365744064551e-03, 3.752900000000000000e+04
3.429666096714731327e-03, 3.716800000000000000e+04
3.433644827685398103e-03, 3.678300000000000000e+04
3.437623558656064879e-03, 3.637600000000000000e+04
3.441602289626731655e-03, 3.594900000000000000e+04
3.445581020597398431e-03, 3.550600000000000000e+04
3.449559751568065206e-03, 3.504800000000000000e+04
3.453538482538731549e-03, 3.457800000000000000e+04
3.457517213509398325e-03, 3.409800000000000000e+04
3.461495944480065100e-03, 3.361100000000000000e+04
3.465474675450731876e-03, 3.312000000000000000e+04
3.469453406421398652e-03, 3.262700000000000000e+04
3.473432137392065428e-03, 3.213400000000000000e+04
3.477410868362732204e-03, 3.164400000000000000e+04
3.481389599333398980e-03, 3.116000000000000000e+04
3.485368330304065756e-03, 3.068500000000000000e+04
3.489347061274732532e-03, 3.022200000000000000e+04
3.493325792245399308e-03, 2.977200000000000000e+04
3.497304523216066083e-03, 2.933800000000000000e+04
3.501283254186732426e-03, 2.892300000000000000e+04
3.505261985157399202e-03, 2.852800000000000000e+04
3.509240716128065977e-03, 2.815600000000000000e+04
3.513219447098732753e-03, 2.780800000000000000e+04
3.517198178069399529e-03, 2.748500000000000000e+04
3.521176909040066305e-03, 2.719100000000000000e+04
3.525155640010733081e-03, 2.692700000000000000e+04
3.529134370981399857e-03, 2.669500000000000000e+04
3.533113101952066633e-03, 2.649400000000000000e+04
3.537091832922733409e-03, 2.632700000000000000e+04
3.541070563893400185e-03, 2.619400000000000000e+04
3.545049294864066960e-03, 2.609500000000000000e+04
3.549028025834733736e-03, 2.603200000000000000e+04
3.553006756805400079e-03, 2.600600000000000000e+04
3.556985487776066854e-03, 2.601700000000000000e+04
3.560964218746733630e-03, 2.606400000000000000e+04
3.564942949717400406e-03, 2.614700000000000000e+04
3.568921680688067182e-03, 2.626500000000000000e+04
3.572900411658733958e-03, 2.641600000000000000e+04
3.576879142629400734e-03, 2.660200000000000000e+04
3.580857873600067510e-03, 2.682200000000000000e+04
3.584836604570734286e-03, 2.707300000000000000e+04
3.588815335541401062e-03, 2.735600000000000000e+04
3.592794066512067837e-03, 2.766800000000000000e+04
3.596772797482734613e-03, 2.800700000000000000e+04
3.600751528453401389e-03, 2.837100000000000000e+04
3.604730259424067731e-03, 2.875900000000000000e+04
3.608708990394734507e-03, 2.916800000000000000e+04
3.612687721365401283e-03, 2.959600000000000000e+04
3.616666452336068059e-03, 3.004100000000000000e+04
3.620645183306734835e-03, 3.050100000000000000e+04
3.624623914277401611e-03, 3.097200000000000000e+04
3.628602645248068387e-03, 3.145400000000000000e+04
3.632581376218735163e-03, 3.194300000000000000e+04
3.636560107189401939e-03, 3.243700000000000000e+04
3.640538838160068714e-03, 3.293200000000000000e+04
3.644517569130735490e-03, 3.342700000000000000e+04
3.648496300101402266e-03, 3.391800000000000000e+04
3.652475031072068608e-03, 3.440300000000000000e+04
3.656453762042735384e-03, 3.487900000000000000e+04
3.660432493013402160e-03, 3.534300000000000000e+04
3.664411223984068936e-03, 3.579400000000000000e+04
3.668389954954735712e-03, 3.622900000000000000e+04
3.672368685925402488e-03, 3.664500000000000000e+04
3.676347416896069264e-03, 3.704000000000000000e+04
3.680326147866736040e-03, 3.741200000000000000e+04
3.684304878837402816e-03, 3.776000000000000000e+04
3.688283609808069591e-03, 3.808100000000000000e+04
3.692262340778736367e-03, 3.837300000000000000e+04
3.696241071749403143e-03, 3.863400000000000000e+04
3.700219802720069919e-03, 3.886300000000000000e+04
3.704198533690736261e-03, 3.905900000000000000e+04
3.708177264661403037e-03, 3.922200000000000000e+04
3.712155995632069813e-03, 3.935000000000000000e+04
3.716134726602736589e-03, 3.944300000000000000e+04
3.720113457573403365e-03, 3.950000000000000000e+04
3.724092188544070141e-03, 3.952000000000000000e+04
3.728070919514736917e-03, 3.950400000000000000e+04
3.732049650485403693e-03, 3.945100000000000000e+04
3.736028381456070468e-03, 3.936300000000000000e+04
3.740007112426737244e-03, 3.924000000000000000e+04
3.743985843397404020e-03, 3.908300000000000000e+04
3.747964574368070796e-03, 3.889100000000000000e+04
3.751943305338737572e-03, 3.866700000000000000e+04
3.755922036309403914e-03, 3.841100000000000000e+04
3.759900767280070690e-03, 3.812400000000000000e+04
3.763879498250737466e-03, 3.780900000000000000e+04
3.767858229221404242e-03, 3.746600000000000000e+04
3.771836960192071018e-03, 3.709800000000000000e+04
3.775815691162737794e-03, 3.670600000000000000e+04
3.779794422133404570e-03, 3.629300000000000000e+04
3.783773153104071345e-03, 3.586100000000000000e+04
3.787751884074738121e-03, 3.541300000000000000e+04
3.791730615045404897e-03, 3.495000000000000000e+04
3.795709346016071673e-03, 3.447600000000000000e+04
3.799688076986738449e-03, 3.399400000000000000e+04
3.803666807957404791e-03, 3.350400000000000000e+04
3.807645538928071567e-03, 3.301100000000000000e+04
3.811624269898738343e-03, 3.251700000000000000e+04
3.815603000869405119e-03, 3.202300000000000000e+04
3.819581731840071895e-03, 3.153300000000000000e+04
3.823560462810738671e-03, 3.104900000000000000e+04
3.827539193781405447e-03, 3.057500000000000000e+04
3.831517924752072222e-03, 3.011200000000000000e+04
3.835496655722738998e-03, 2.966400000000000000e+04
3.839475386693405774e-03, 2.923200000000000000e+04
3.843454117664072550e-03, 2.881900000000000000e+04
3.847432848634739326e-03, 2.842800000000000000e+04
3.851411579605406102e-03, 2.805900000000000000e+04
3.855390310576072444e-03, 2.771600000000000000e+04
3.859369041546739220e-03, 2.739800000000000000e+04
3.863347772517405996e-03, 2.710900000000000000e+04
3.867326503488072772e-03, 2.685100000000000000e+04
3.871305234458739548e-03, 2.662500000000000000e+04
3.875283965429406324e-03, 2.643100000000000000e+04
3.879262696400073099e-03, 2.627000000000000000e+04
3.883241427370739875e-03, 2.614400000000000000e+04
3.887220158341406651e-03, 2.605300000000000000e+04
3.891198889312073427e-03, 2.599800000000000000e+04
3.895177620282740203e-03, 2.598000000000000000e+04
3.899156351253406979e-03, 2.599800000000000000e+04
3.903135082224073755e-03, 2.605300000000000000e+04
3.907113813194740097e-03, 2.614400000000000000e+04
3.911092544165406873e-03, 2.626900000000000000e+04
3.915071275136073649e-03, 2.642700000000000000e+04
3.919050006106740425e-03, 2.662000000000000000e+04
3.923028737077407201e-03, 2.684700000000000000e+04
3.927007468048073976e-03, 2.710500000000000000e+04
3.930986199018740752e-03, 2.739400000000000000e+04
3.934964929989407528e-03, 2.771200000000000000e+04
3.938943660960074304e-03, 2.805700000000000000e+04
3.942922391930741080e-03, 2.842600000000000000e+04
3.946901122901407856e-03, 2.881800000000000000e+04
3.950879853872074632e-03, 2.923200000000000000e+04
3.954858584842741408e-03, 2.966400000000000000e+04
3.958837315813408184e-03, 3.011300000000000000e+04
3.962816046784074960e-03, 3.057600000000000000e+04
3.966794777754741735e-03, 3.105000000000000000e+04
3.970773508725408511e-03, 3.153400000000000000e+04
3.974752239696075287e-03, 3.202500000000000000e+04
3.978730970666742063e-03, 3.252000000000000000e+04
3.982709701637407972e-03, 3.301600000000000000e+04
3.986688432608074747e-03, 3.351100000000000000e+04
3.990667163578741523e-03, 3.400200000000000000e+04
3.994645894549408299e-03, 3.448500000000000000e+04
3.998624625520075075e-03, 3.495900000000000000e+04
4.002603356490741851e-03, 3.542200000000000000e+04
4.006582087461408627e-03, 3.587000000000000000e+04
4.010560818432075403e-03, 3.630200000000000000e+04
4.014539549402742179e-03, 3.671400000000000000e+04
4.018518280373408955e-03, 3.710400000000000000e+04
4.022497011344075730e-03, 3.747100000000000000e+04
4.026475742314742506e-03, 3.781300000000000000e+04
4.030454473285409282e-03, 3.812800000000000000e+04
4.034433204256076058e-03, 3.841300000000000000e+04
4.038411935226742834e-03, 3.866700000000000000e+04
4.042390666197409610e-03, 3.889000000000000000e+04
4.046369397168076386e-03, 3.908000000000000000e+04
4.050348128138743162e-03, 3.923600000000000000e+04
4.054326859109409938e-03, 3.935700000000000000e+04
4.058305590080076714e-03, 3.944400000000000000e+04
4.062284321050743489e-03, 3.949400000000000000e+04
4.066263052021410265e-03, 3.950800000000000000e+04
4.070241782992077041e-03, 3.948500000000000000e+04
4.074220513962743817e-03, 3.942600000000000000e+04
4.078199244933410593e-03, 3.933200000000000000e+04
4.082177975904076501e-03, 3.920200000000000000e+04
4.086156706874743277e-03, 3.903800000000000000e+04
4.090135437845410053e-03, 3.884100000000000000e+04
4.094114168816076829e-03, 3.861000000000000000e+04
4.098092899786743605e-03, 3.834900000000000000e+04
4.102071630757410381e-03, 3.805700000000000000e+04
4.106050361728077157e-03, 3.773600000000000000e+04
4.110029092698743933e-03, 3.738900000000000000e+04
4.114007823669410709e-03, 3.701700000000000000e+04
4.117986554640077485e-03, 3.662200000000000000e+04
4.121965285610744260e-03, 3.620500000000000000e+04
4.125944016581411036e-03, 3.577000000000000000e+04
4.129922747552077812e-03, 3.531900000000000000e+04
4.133901478522744588e-03, 3.485500000000000000e+04
4.137880209493411364e-03, 3.438000000000000000e+04
4.141858940464078140e-03, 3.389600000000000000e+04
4.145837671434744916e-03, 3.340800000000000000e+04
4.149816402405411692e-03, 3.291600000000000000e+04
4.153795133376078468e-03, 3.242400000000000000e+04
4.157773864346745243e-03, 3.193300000000000000e+04
4.161752595317412019e-03, 3.144600000000000000e+04
4.165731326288078795e-03, 3.096700000000000000e+04
4.169710057258745571e-03, 3.049800000000000000e+04
4.173688788229412347e-03, 3.004200000000000000e+04
4.177667519200079123e-03, 2.960000000000000000e+04
4.181646250170745031e-03, 2.917600000000000000e+04
4.185624981141411807e-03, 2.877100000000000000e+04
4.189603712112078583e-03, 2.838700000000000000e+04
4.193582443082745359e-03, 2.802700000000000000e+04
4.197561174053412135e-03, 2.769200000000000000e+04
4.201539905024078911e-03, 2.738300000000000000e+04
4.205518635994745687e-03, 2.710300000000000000e+04
4.209497366965412463e-03, 2.685400000000000000e+04
4.213476097936079239e-03, 2.663700000000000000e+04
4.217454828906746014e-03, 2.645300000000000000e+04
4.221433559877412790e-03, 2.630200000000000000e+04
4.225412290848079566e-03, 2.618600000000000000e+04
4.229391021818746342e-03, 2.610400000000000000e+04
4.233369752789413118e-03, 2.605800000000000000e+04
4.237348483760079894e-03, 2.604900000000000000e+04
4.241327214730746670e-03, 2.607600000000000000e+04
4.245305945701413446e-03, 2.613900000000000000e+04
4.249284676672080222e-03, 2.623700000000000000e+04
4.253263407642746997e-03, 2.637000000000000000e+04
4.257242138613413773e-03, 2.653500000000000000e+04
4.261220869584080549e-03, 2.673500000000000000e+04
4.265199600554747325e-03, 2.696800000000000000e+04
4.269178331525414101e-03, 2.723200000000000000e+04
4.273157062496080877e-03, 2.752700000000000000e+04
4.277135793466747653e-03, 2.784900000000000000e+04
4.281114524437414429e-03, 2.819800000000000000e+04
4.285093255408080337e-03, 2.857200000000000000e+04
4.289071986378747113e-03, 2.896800000000000000e+04
4.293050717349413889e-03, 2.938500000000000000e+04
4.297029448320080665e-03, 2.982000000000000000e+04
4.301008179290747441e-03, 3.027100000000000000e+04
4.304986910261414217e-03, 3.073500000000000000e+04
4.308965641232080993e-03, 3.121000000000000000e+04
4.312944372202747768e-03, 3.169500000000000000e+04
4.316923103173414544e-03, 3.218500000000000000e+04
4.320901834144081320e-03, 3.267900000000000000e+04
4.324880565114748096e-03, 3.317400000000000000e+04
4.328859296085414872e-03, 3.366700000000000000e+04
4.332838027056081648e-03, 3.415500000000000000e+04
4.336816758026748424e-03, 3.463600000000000000e+04
4.340795488997415200e-03, 3.510600000000000000e+04
4.344774219968081976e-03, 3.556500000000000000e+04
4.348752950938748751e-03, 3.601000000000000000e+04
4.352731681909415527e-03, 3.643800000000000000e+04
4.356710412880082303e-03, 3.684600000000000000e+04
4.360689143850749079e-03, 3.723300000000000000e+04
4.364667874821415855e-03, 3.759700000000000000e+04
4.368646605792082631e-03, 3.793500000000000000e+04
4.372625336762749407e-03, 3.824700000000000000e+04
4.376604067733416183e-03, 3.852800000000000000e+04
4.380582798704082959e-03, 3.877900000000000000e+04
4.384561529674748867e-03, 3.899800000000000000e+04
4.388540260645415643e-03, 3.918300000000000000e+04
4.392518991616082419e-03, 3.933500000000000000e+04
4.396497722586749195e-03, 3.945200000000000000e+04
4.400476453557415971e-03, 3.953400000000000000e+04
4.404455184528082747e-03, 3.957900000000000000e+04
4.408433915498749522e-03, 3.958800000000000000e+04
4.412412646469416298e-03, 3.956000000000000000e+04
4.416391377440083074e-03, 3.949500000000000000e+04
4.420370108410749850e-03, 3.939500000000000000e+04
4.424348839381416626e-03, 3.926000000000000000e+04
4.428327570352083402e-03, 3.909000000000000000e+04
4.432306301322750178e-03, 3.888700000000000000e+04
4.436285032293416954e-03, 3.865100000000000000e+04
4.440263763264083730e-03, 3.838400000000000000e+04
4.444242494234750505e-03, 3.808700000000000000e+04
4.448221225205417281e-03, 3.776100000000000000e+04
4.452199956176084057e-03, 3.741000000000000000e+04
4.456178687146750833e-03, 3.703300000000000000e+04
4.460157418117417609e-03, 3.663300000000000000e+04
4.464136149088084385e-03, 3.621200000000000000e+04
4.468114880058751161e-03, 3.577300000000000000e+04
4.472093611029417937e-03, 3.531900000000000000e+04
4.476072342000084713e-03, 3.485200000000000000e+04
4.480051072970751488e-03, 3.437400000000000000e+04
4.484029803941417397e-03, 3.388700000000000000e+04
4.488008534912084173e-03, 3.339500000000000000e+04
4.491987265882750949e-03, 3.290000000000000000e+04
4.495965996853417725e-03, 3.240400000000000000e+04
4.499944727824084501e-03, 3.191000000000000000e+04
4.503923458794751276e-03, 3.142000000000000000e+04
4.507902189765418052e-03, 3.093800000000000000e+04
4.511880920736084828e-03, 3.046600000000000000e+04
4.515859651706751604e-03, 3.000700000000000000e+04
4.519838382677418380e-03, 2.956300000000000000e+04
4.523817113648085156e-03, 2.913700000000000000e+04
4.527795844618751932e-03, 2.873100000000000000e+04
4.531774575589418708e-03, 2.834700000000000000e+04
4.535753306560085484e-03, 2.798600000000000000e+04
4.539732037530752259e-03, 2.765200000000000000e+04
4.543710768501419035e-03, 2.734400000000000000e+04
4.547689499472085811e-03, 2.706700000000000000e+04
4.551668230442752587e-03, 2.682000000000000000e+04
4.555646961413419363e-03, 2.660600000000000000e+04
4.559625692384086139e-03, 2.642500000000000000e+04
4.563604423354752915e-03, 2.627700000000000000e+04
4.567583154325419691e-03, 2.616400000000000000e+04
4.571561885296086467e-03, 2.608600000000000000e+04
4.575540616266753242e-03, 2.604400000000000000e+04
4.579519347237420018e-03, 2.603900000000000000e+04
4.583498078208086794e-03, 2.607100000000000000e+04
4.587476809178752703e-03, 2.613800000000000000e+04
4.591455540149419479e-03, 2.624000000000000000e+04
4.595434271120086255e-03, 2.637700000000000000e+04
4.599413002090753030e-03, 2.654700000000000000e+04
4.603391733061419806e-03, 2.675200000000000000e+04
4.607370464032086582e-03, 2.698900000000000000e+04
4.611349195002753358e-03, 2.725800000000000000e+04
4.615327925973420134e-03, 2.755700000000000000e+04
4.619306656944086910e-03, 2.788400000000000000e+04
4.623285387914753686e-03, 2.823700000000000000e+04
4.627264118885420462e-03, 2.861400000000000000e+04
4.631242849856087238e-03, 2.901400000000000000e+04
4.635221580826754013e-03, 2.943300000000000000e+04
4.639200311797420789e-03, 2.987100000000000000e+04
4.643179042768087565e-03, 3.032400000000000000e+04
4.647157773738754341e-03, 3.079100000000000000e+04
4.651136504709421117e-03, 3.126700000000000000e+04
4.655115235680087893e-03, 3.175300000000000000e+04
4.659093966650754669e-03, 3.224400000000000000e+04
4.663072697621421445e-03, 3.273900000000000000e+04
4.667051428592088221e-03, 3.323300000000000000e+04
4.671030159562754996e-03, 3.372600000000000000e+04
4.675008890533421772e-03, 3.421400000000000000e+04
4.678987621504088548e-03, 3.469400000000000000e+04
4.682966352474755324e-03, 3.516300000000000000e+04
4.686945083445421233e-03, 3.562100000000000000e+04
4.690923814416088009e-03, 3.606300000000000000e+04
4.694902545386754784e-03, 3.648800000000000000e+04
4.698881276357421560e-03, 3.689400000000000000e+04
4.702860007328088336e-03, 3.727600000000000000e+04
4.706838738298755112e-03, 3.763600000000000000e+04
4.710817469269421888e-03, 3.797000000000000000e+04
4.714796200240088664e-03, 3.827700000000000000e+04
4.718774931210755440e-03, 3.855300000000000000e+04
4.722753662181422216e-03, 3.879800000000000000e+04
4.726732393152088992e-03, 3.901100000000000000e+04
4.730711124122755767e-03, 3.919100000000000000e+04
4.734689855093422543e-03, 3.933700000000000000e+04
4.738668586064089319e-03, 3.944700000000000000e+04
4.742647317034756095e-03, 3.952200000000000000e+04
4.746626048005422871e-03, 3.956000000000000000e+04
4.750604778976089647e-03, 3.956200000000000000e+04
4.754583509946756423e-03, 3.952700000000000000e+04
4.758562240917423199e-03, 3.945600000000000000e+04
4.762540971888089975e-03, 3.934900000000000000e+04
4.766519702858756750e-03, 3.920800000000000000e+04
4.770498433829423526e-03, 3.903200000000000000e+04
4.774477164800090302e-03, 3.882300000000000000e+04
4.778455895770757078e-03, 3.858200000000000000e+04
4.782434626741423854e-03, 3.830900000000000000e+04
4.786413357712089763e-03, 3.800700000000000000e+04
4.790392088682756538e-03, 3.767700000000000000e+04
4.794370819653423314e-03, 3.732100000000000000e+04
4.798349550624090090e-03, 3.694000000000000000e+04
4.802328281594756866e-03, 3.653600000000000000e+04
4.806307012565423642e-03, 3.611200000000000000e+04
4.810285743536090418e-03, 3.567100000000000000e+04
4.814264474506757194e-03, 3.521400000000000000e+04
4.818243205477423970e-03, 3.474500000000000000e+04
4.822221936448090746e-03, 3.426500000000000000e+04
4.826200667418757521e-03, 3.377800000000000000e+04
4.830179398389424297e-03, 3.328600000000000000e+04
4.834158129360091073e-03, 3.279100000000000000e+04
4.838136860330757849e-03, 3.229500000000000000e+04
4.842115591301424625e-03, 3.180200000000000000e+04
4.846094322272091401e-03, 3.131300000000000000e+04
4.850073053242758177e-03, 3.083300000000000000e+04
4.854051784213424953e-03, 3.036400000000000000e+04
4.858030515184091729e-03, 2.990900000000000000e+04
4.862009246154758504e-03, 2.946900000000000000e+04
4.865987977125425280e-03, 2.904600000000000000e+04
4.869966708096092056e-03, 2.864400000000000000e+04
4.873945439066758832e-03, 2.826400000000000000e+04
4.877924170037425608e-03, 2.790700000000000000e+04
4.881902901008092384e-03, 2.757600000000000000e+04
4.885881631978759160e-03, 2.727200000000000000e+04
4.889860362949425068e-03, 2.699800000000000000e+04
4.893839093920091844e-03, 2.675500000000000000e+04
4.897817824890758620e-03, 2.654400000000000000e+04
4.901796555861425396e-03, 2.636500000000000000e+04
4.905775286832092172e-03, 2.622100000000000000e+04
4.909754017802758948e-03, 2.611100000000000000e+04
4.913732748773425724e-03, 2.603600000000000000e+04
4.917711479744092500e-03, 2.599800000000000000e+04
4.921690210714759275e-03, 2.599700000000000000e+04
4.925668941685426051e-03, 2.603300000000000000e+04
4.929647672656092827e-03, 2.610400000000000000e+04
4.933626403626759603e-03, 2.620900000000000000e+04
4.937605134597426379e-03, 2.634800000000000000e+04
4.941583865568093155e-03, 2.652100000000000000e+04
4.945562596538759931e-03, 2.672700000000000000e+04
4.949541327509426707e-03, 2.696500000000000000e+04
4.953520058480093483e-03, 2.723500000000000000e+04
4.957498789450760258e-03, 2.753500000000000000e+04
4.961477520421427034e-03, 2.786200000000000000e+04
4.965456251392093810e-03, 2.821500000000000000e+04
4.969434982362760586e-03, 2.859200000000000000e+04
4.973413713333427362e-03, 2.899100000000000000e+04
4.977392444304094138e-03, 2.941000000000000000e+04
4.981371175274760914e-03, 2.984700000000000000e+04
4.985349906245427690e-03, 3.029900000000000000e+04
4.989328637216093598e-03, 3.076400000000000000e+04
4.993307368186760374e-03, 3.123900000000000000e+04
4.997286099157427150e-03, 3.172400000000000000e+04
5.001264830128093926e-03, 3.221400000000000000e+04
5.005243561098760702e-03, 3.270700000000000000e+04
5.009222292069427478e-03, 3.320000000000000000e+04
5.013201023040094254e-03, 3.369100000000000000e+04
5.017179754010761029e-03, 3.417700000000000000e+04
5.021158484981427805e-03, 3.465500000000000000e+04
5.025137215952094581e-03, 3.512200000000000000e+04
5.029115946922761357e-03, 3.557600000000000000e+04
5.033094677893428133e-03, 3.601600000000000000e+04
5.037073408864094909e-03, 3.643800000000000000e+04
5.041052139834761685e-03, 3.683900000000000000e+04
5.045030870805428461e-03, 3.721800000000000000e+04
5.049009601776095237e-03, 3.757400000000000000e+04
5.052988332746762012e-03, 3.790400000000000000e+04
5.056967063717428788e-03, 3.820600000000000000e+04
5.060945794688095564e-03, 3.847700000000000000e+04
5.064924525658762340e-03, 3.871700000000000000e+04
5.068903256629429116e-03, 3.892500000000000000e+04
5.072881987600095892e-03, 3.909900000000000000e+04
5.076860718570762668e-03, 3.923900000000000000e+04
5.080839449541429444e-03, 3.934400000000000000e+04
5.084818180512096220e-03, 3.941400000000000000e+04
5.088796911482762128e-03, 3.944700000000000000e+04
5.092775642453428904e-03, 3.944300000000000000e+04
5.096754373424095680e-03, 3.940300000000000000e+04
5.100733104394762456e-03, 3.932700000000000000e+04
5.104711835365429232e-03, 3.921700000000000000e+04
5.108690566336096008e-03, 3.907100000000000000e+04
5.112669297306762783e-03, 3.889100000000000000e+04
5.116648028277429559e-03, 3.867800000000000000e+04
5.120626759248096335e-03, 3.843300000000000000e+04
5.124605490218763111e-03, 3.815700000000000000e+04
5.128584221189429887e-03, 3.785200000000000000e+04
5.132562952160096663e-03, 3.751900000000000000e+04
5.136541683130763439e-03, 3.716100000000000000e+04
5.140520414101430215e-03, 3.677700000000000000e+04
5.144499145072096991e-03, 3.637200000000000000e+04
5.148477876042763766e-03, 3.594700000000000000e+04
5.152456607013430542e-03, 3.550400000000000000e+04
5.156435337984097318e-03, 3.504800000000000000e+04
5.160414068954764094e-03, 3.457900000000000000e+04
5.164392799925430870e-03, 3.409900000000000000e+04
5.168371530896097646e-03, 3.361300000000000000e+04
5.172350261866764422e-03, 3.312300000000000000e+04
5.176328992837431198e-03, 3.263000000000000000e+04
5.180307723808097974e-03, 3.213600000000000000e+04
5.184286454778764749e-03, 3.164600000000000000e+04
5.188265185749431525e-03, 3.116200000000000000e+04
5.192243916720097434e-03, 3.068700000000000000e+04
5.196222647690764210e-03, 3.022300000000000000e+04
5.200201378661430986e-03, 2.977400000000000000e+04
5.204180109632097762e-03, 2.934100000000000000e+04
5.208158840602764537e-03, 2.892600000000000000e+04
5.212137571573431313e-03, 2.853200000000000000e+04
5.216116302544098089e-03, 2.816100000000000000e+04
5.220095033514764865e-03, 2.781400000000000000e+04
5.224073764485431641e-03, 2.749300000000000000e+04
5.228052495456098417e-03, 2.720000000000000000e+04
5.232031226426765193e-03, 2.693700000000000000e+04
5.236009957397431969e-03, 2.670400000000000000e+04
5.239988688368098745e-03, 2.650500000000000000e+04
5.243967419338765520e-03, 2.633800000000000000e+04
5.247946150309432296e-03, 2.620400000000000000e+04
5.251924881280099072e-03, 2.610500000000000000e+04
5.255903612250765848e-03, 2.604200000000000000e+04
5.259882343221432624e-03, 2.601600000000000000e+04
5.263861074192099400e-03, 2.602600000000000000e+04
5.267839805162766176e-03, 2.607200000000000000e+04
5.271818536133432952e-03, 2.615400000000000000e+04
5.275797267104099728e-03, 2.627100000000000000e+04
5.279775998074766503e-03, 2.642100000000000000e+04
5.283754729045433279e-03, 2.660500000000000000e+04
5.287733460016100055e-03, 2.682300000000000000e+04
5.291712190986765964e-03, 2.707300000000000000e+04
5.295690921957432740e-03, 2.735400000000000000e+04
5.299669652928099516e-03, 2.766400000000000000e+04
5.303648383898766291e-03, 2.800100000000000000e+04
5.307627114869433067e-03, 2.836400000000000000e+04
5.311605845840099843e-03, 2.875000000000000000e+04
5.315584576810766619e-03, 2.915700000000000000e+04
5.319563307781433395e-03, 2.958400000000000000e+04
5.323542038752100171e-03, 3.002800000000000000e+04
5.327520769722766947e-03, 3.048700000000000000e+04
5.331499500693433723e-03, 3.095800000000000000e+04
5.335478231664100499e-03, 3.143900000000000000e+04
5.339456962634767274e-03, 3.192700000000000000e+04
5.343435693605434050e-03, 3.242100000000000000e+04
5.347414424576100826e-03, 3.291600000000000000e+04
5.351393155546767602e-03, 3.341200000000000000e+04
5.355371886517434378e-03, 3.390300000000000000e+04
5.359350617488101154e-03, 3.438900000000000000e+04
5.363329348458767930e-03, 3.486500000000000000e+04
5.367308079429434706e-03, 3.533100000000000000e+04
5.371286810400101482e-03, 3.578300000000000000e+04
5.375265541370768257e-03, 3.622000000000000000e+04
5.379244272341435033e-03, 3.663700000000000000e+04
5.383223003312101809e-03, 3.703400000000000000e+04
5.387201734282768585e-03, 3.740900000000000000e+04
5.391180465253434494e-03, 3.776000000000000000e+04
5.395159196224101270e-03, 3.808500000000000000e+04
5.399137927194768045e-03, 3.838200000000000000e+04
5.403116658165434821e-03, 3.864800000000000000e+04
5.407095389136101597e-03, 3.888300000000000000e+04
5.411074120106768373e-03, 3.908600000000000000e+04
5.415052851077435149e-03, 3.925500000000000000e+04
5.419031582048101925e-03, 3.939000000000000000e+04
5.423010313018768701e-03, 3.949000000000000000e+04
5.426989043989435477e-03, 3.955400000000000000e+04
5.430967774960102253e-03, 3.958200000000000000e+04
5.434946505930769028e-03, 3.957300000000000000e+04
5.438925236901435804e-03, 3.952800000000000000e+04
5.442903967872102580e-03, 3.944600000000000000e+04
5.446882698842769356e-03, 3.933000000000000000e+04
5.450861429813436132e-03, 3.917900000000000000e+04
5.454840160784102908e-03, 3.899500000000000000e+04
5.458818891754769684e-03, 3.877800000000000000e+04
5.462797622725436460e-03, 3.853000000000000000e+04
5.466776353696103236e-03, 3.825100000000000000e+04
5.470755084666770011e-03, 3.794300000000000000e+04
5.474733815637436787e-03, 3.760800000000000000e+04
5.478712546608103563e-03, 3.724800000000000000e+04
5.482691277578770339e-03, 3.686300000000000000e+04
5.486670008549437115e-03, 3.645700000000000000e+04
5.490648739520103891e-03, 3.603000000000000000e+04
5.494627470490769799e-03, 3.558800000000000000e+04
5.498606201461436575e-03, 3.513100000000000000e+04
5.502584932432103351e-03, 3.466100000000000000e+04
5.506563663402770127e-03, 3.418200000000000000e+04
5.510542394373436903e-03, 3.369700000000000000e+04
5.514521125344103679e-03, 3.320600000000000000e+04
5.518499856314770455e-03, 3.271400000000000000e+04
5.522478587285437231e-03, 3.222100000000000000e+04
5.526457318256104007e-03, 3.173100000000000000e+04
5.530436049226770782e-03, 3.124700000000000000e+04
5.534414780197437558e-03, 3.077100000000000000e+04
5.538393511168104334e-03, 3.030700000000000000e+04
5.542372242138771110e-03, 2.985700000000000000e+04
5.546350973109437886e-03, 2.942300000000000000e+04
5.550329704080104662e-03, 2.900800000000000000e+04
5.554308435050771438e-03, 2.861300000000000000e+04
5.558287166021438214e-03, 2.824100000000000000e+04
5.562265896992104990e-03, 2.789300000000000000e+04
5.566244627962771765e-03, 2.757100000000000000e+04
5.570223358933438541e-03, 2.727800000000000000e+04
5.574202089904105317e-03, 2.701400000000000000e+04
5.578180820874772093e-03, 2.678300000000000000e+04
5.582159551845438869e-03, 2.658400000000000000e+04
5.586138282816105645e-03, 2.641800000000000000e+04
5.590117013786772421e-03, 2.628600000000000000e+04
5.594095744757438329e-03, 2.618900000000000000e+04
5.598074475728105105e-03, 2.612800000000000000e+04
5.602053206698771881e-03, 2.610400000000000000e+04
5.606031937669438657e-03, 2.611600000000000000e+04
5.610010668640105433e-03, 2.616400000000000000e+04
5.613989399610772209e-03, 2.624800000000000000e+04
5.617968130581438985e-03, 2.636700000000000000e+04
5.621946861552105761e-03, 2.651900000000000000e+04
5.625925592522772536e-03, 2.670500000000000000e+04
5.629904323493439312e-03, 2.692500000000000000e+04
5.633883054464106088e-03, 2.717700000000000000e+04
5.637861785434772864e-03, 2.746000000000000000e+04
5.641840516405439640e-03, 2.777200000000000000e+04
5.645819247376106416e-03, 2.811000000000000000e+04
5.649797978346773192e-03, 2.847500000000000000e+04
5.653776709317439968e-03, 2.886200000000000000e+04
5.657755440288106744e-03, 2.927100000000000000e+04
5.661734171258773519e-03, 2.969800000000000000e+04
5.665712902229440295e-03, 3.014300000000000000e+04
5.669691633200107071e-03, 3.060200000000000000e+04
5.673670364170773847e-03, 3.107200000000000000e+04
5.677649095141440623e-03, 3.155300000000000000e+04
5.681627826112107399e-03, 3.204000000000000000e+04
5.685606557082774175e-03, 3.253300000000000000e+04
5.689585288053440951e-03, 3.302600000000000000e+04
5.693564019024106859e-03, 3.351900000000000000e+04
5.697542749994773635e-03, 3.400800000000000000e+04
5.701521480965440411e-03, 3.449000000000000000e+04
5.705500211936107187e-03, 3.496400000000000000e+04
5.709478942906773963e-03, 3.542500000000000000e+04
5.713457673877440739e-03, 3.587200000000000000e+04
5.717436404848107515e-03, 3.630300000000000000e+04
5.721415135818774290e-03, 3.671400000000000000e+04
5.725393866789441066e-03, 3.710400000000000000e+04
5.729372597760107842e-03, 3.747100000000000000e+04
5.733351328730774618e-03, 3.781400000000000000e+04
5.737330059701441394e-03, 3.813000000000000000e+04
5.741308790672108170e-03, 3.841700000000000000e+04
5.745287521642774946e-03, 3.867300000000000000e+04
5.749266252613441722e-03, 3.889800000000000000e+04
5.753244983584108498e-03, 3.909100000000000000e+04
5.757223714554775273e-03, 3.925000000000000000e+04
5.761202445525442049e-03, 3.937400000000000000e+04
5.765181176496108825e-03, 3.946400000000000000e+04
5.769159907466775601e-03, 3.951700000000000000e+04
5.773138638437442377e-03, 3.953500000000000000e+04
5.777117369408109153e-03, 3.951500000000000000e+04
5.781096100378775929e-03, 3.946000000000000000e+04
5.785074831349442705e-03, 3.936800000000000000e+04
5.789053562320109481e-03, 3.924200000000000000e+04
5.793032293290775389e-03, 3.908100000000000000e+04
5.797011024261442165e-03, 3.888700000000000000e+04
5.800989755232108941e-03, 3.866000000000000000e+04
5.804968486202775717e-03, 3.840100000000000000e+04
5.808947217173442493e-03, 3.811200000000000000e+04
5.812925948144109269e-03, 3.779500000000000000e+04
5.816904679114776044e-03, 3.745000000000000000e+04
5.820883410085442820e-03, 3.708100000000000000e+04
5.824862141056109596e-03, 3.668800000000000000e+04
5.828840872026776372e-03, 3.627300000000000000e+04
5.832819602997443148e-03, 3.583900000000000000e+04
5.836798333968109924e-03, 3.539000000000000000e+04
5.840777064938776700e-03, 3.492700000000000000e+04
5.844755795909443476e-03, 3.445300000000000000e+04
5.848734526880110252e-03, 3.396900000000000000e+04
5.852713257850777027e-03, 3.347900000000000000e+04
5.856691988821443803e-03, 3.298500000000000000e+04
5.860670719792110579e-03, 3.249000000000000000e+04
5.864649450762777355e-03, 3.199600000000000000e+04
5.868628181733444131e-03, 3.150500000000000000e+04
5.872606912704110907e-03, 3.102100000000000000e+04
5.876585643674777683e-03, 3.054700000000000000e+04
5.880564374645444459e-03, 3.008500000000000000e+04
5.884543105616111235e-03, 2.963700000000000000e+04
5.888521836586778010e-03, 2.920700000000000000e+04
5.892500567557444786e-03, 2.879500000000000000e+04
5.896479298528110695e-03, 2.840500000000000000e+04
5.900458029498777471e-03, 2.803900000000000000e+04
5.904436760469444247e-03, 2.769700000000000000e+04
5.908415491440111023e-03, 2.738100000000000000e+04
5.912394222410777798e-03, 2.709300000000000000e+04
5.916372953381444574e-03, 2.683600000000000000e+04
5.920351684352111350e-03, 2.661000000000000000e+04
5.924330415322778126e-03, 2.641600000000000000e+04
5.928309146293444902e-03, 2.625600000000000000e+04
5.932287877264111678e-03, 2.612900000000000000e+04
5.936266608234778454e-03, 2.603800000000000000e+04
5.940245339205445230e-03, 2.598200000000000000e+04
5.944224070176112006e-03, 2.596400000000000000e+04
5.948202801146778781e-03, 2.598100000000000000e+04
5.952181532117445557e-03, 2.603500000000000000e+04
5.956160263088112333e-03, 2.612500000000000000e+04
5.960138994058779109e-03, 2.624900000000000000e+04
5.964117725029445885e-03, 2.640700000000000000e+04
5.968096456000112661e-03, 2.659900000000000000e+04
5.972075186970779437e-03, 2.682500000000000000e+04
5.976053917941446213e-03, 2.708200000000000000e+04
5.980032648912112989e-03, 2.737100000000000000e+04
5.984011379882779764e-03, 2.768800000000000000e+04
5.987990110853446540e-03, 2.803300000000000000e+04
5.991968841824113316e-03, 2.840200000000000000e+04
5.995947572794779225e-03, 2.879400000000000000e+04
5.999926303765446001e-03, 2.920800000000000000e+04
6.003905034736112777e-03, 2.964000000000000000e+04
6.007883765706779552e-03, 3.008900000000000000e+04
6.011862496677446328e-03, 3.055100000000000000e+04
6.015841227648113104e-03, 3.102500000000000000e+04
6.019819958618779880e-03, 3.150900000000000000e+04
6.023798689589446656e-03, 3.199900000000000000e+04
6.027777420560113432e-03, 3.249400000000000000e+04
6.031756151530780208e-03, 3.298900000000000000e+04
6.035734882501446984e-03, 3.348400000000000000e+04
6.039713613472113760e-03, 3.397400000000000000e+04
6.043692344442780535e-03, 3.445800000000000000e+04
6.047671075413447311e-03, 3.493300000000000000e+04
6.051649806384114087e-03, 3.539500000000000000e+04
6.055628537354780863e-03, 3.584400000000000000e+04
6.059607268325447639e-03, 3.627700000000000000e+04
6.063585999296114415e-03, 3.669000000000000000e+04
6.067564730266781191e-03, 3.708100000000000000e+04
6.071543461237447967e-03, 3.745000000000000000e+04
6.075522192208114743e-03, 3.779400000000000000e+04
6.079500923178781518e-03, 3.811100000000000000e+04
6.083479654149448294e-03, 3.839800000000000000e+04
6.087458385120115070e-03, 3.865500000000000000e+04
6.091437116090781846e-03, 3.888000000000000000e+04
6.095415847061447755e-03, 3.907200000000000000e+04
6.099394578032114531e-03, 3.923000000000000000e+04
6.103373309002781306e-03, 3.935500000000000000e+04
6.107352039973448082e-03, 3.944500000000000000e+04
6.111330770944114858e-03, 3.949900000000000000e+04
6.115309501914781634e-03, 3.951700000000000000e+04
6.119288232885448410e-03, 3.949800000000000000e+04
6.123266963856115186e-03, 3.944300000000000000e+04
6.127245694826781962e-03, 3.935300000000000000e+04
6.131224425797448738e-03, 3.922700000000000000e+04
6.135203156768115514e-03, 3.906800000000000000e+04
6.139181887738782289e-03, 3.887400000000000000e+04
6.143160618709449065e-03, 3.864800000000000000e+04
6.147139349680115841e-03, 3.839000000000000000e+04
6.151118080650782617e-03, 3.810200000000000000e+04
6.155096811621449393e-03, 3.778500000000000000e+04
6.159075542592116169e-03, 3.744100000000000000e+04
6.163054273562782945e-03, 3.707100000000000000e+04
6.167033004533449721e-03, 3.667900000000000000e+04
6.171011735504116497e-03, 3.626400000000000000e+04
6.174990466474783272e-03, 3.583100000000000000e+04
6.178969197445450048e-03, 3.538300000000000000e+04
6.182947928416116824e-03, 3.492000000000000000e+04
6.186926659386783600e-03, 3.444600000000000000e+04
6.190905390357450376e-03, 3.396300000000000000e+04
6.194884121328117152e-03, 3.347400000000000000e+04
6.198862852298783060e-03, 3.298200000000000000e+04
6.202841583269449836e-03, 3.248800000000000000e+04
6.206820314240116612e-03, 3.199600000000000000e+04
6.210799045210783388e-03, 3.150700000000000000e+04
6.214777776181450164e-03, 3.102600000000000000e+04
6.218756507152116940e-03, 3.055400000000000000e+04
6.222735238122783716e-03, 3.009500000000000000e+04
6.226713969093450492e-03, 2.965000000000000000e+04
6.230692700064117268e-03, 2.922300000000000000e+04
6.234671431034784043e-03, 2.881400000000000000e+04
6.238650162005450819e-03, 2.842700000000000000e+04
6.242628892976117595e-03, 2.806300000000000000e+04
6.246607623946784371e-03, 2.772300000000000000e+04
6.250586354917451147e-03, 2.741100000000000000e+04
6.254565085888117923e-03, 2.712700000000000000e+04
6.258543816858784699e-03, 2.687400000000000000e+04
6.262522547829451475e-03, 2.665200000000000000e+04
6.266501278800118251e-03, 2.646300000000000000e+04
6.270480009770785026e-03, 2.630800000000000000e+04
6.274458740741451802e-03, 2.618600000000000000e+04
6.278437471712118578e-03, 2.610000000000000000e+04
6.282416202682785354e-03, 2.605000000000000000e+04
6.286394933653452130e-03, 2.603700000000000000e+04
6.290373664624118906e-03, 2.606100000000000000e+04
6.294352395594785682e-03, 2.612000000000000000e+04
6.298331126565451590e-03, 2.621500000000000000e+04
6.302309857536118366e-03, 2.634500000000000000e+04
6.306288588506785142e-03, 2.650800000000000000e+04
6.310267319477451918e-03, 2.670500000000000000e+04
6.314246050448118694e-03, 2.693600000000000000e+04
6.318224781418785470e-03, 2.719900000000000000e+04
6.322203512389452246e-03, 2.749200000000000000e+04
6.326182243360119022e-03, 2.781300000000000000e+04
6.330160974330785797e-03, 2.816100000000000000e+04
6.334139705301452573e-03, 2.853400000000000000e+04
6.338118436272119349e-03, 2.892900000000000000e+04
6.342097167242786125e-03, 2.934500000000000000e+04
6.346075898213452901e-03, 2.977900000000000000e+04
6.350054629184119677e-03, 3.022900000000000000e+04
6.354033360154786453e-03, 3.069300000000000000e+04
6.358012091125453229e-03, 3.116700000000000000e+04
6.361990822096120005e-03, 3.165100000000000000e+04
6.365969553066786780e-03, 3.214200000000000000e+04
6.369948284037453556e-03, 3.263600000000000000e+04
6.373927015008120332e-03, 3.313100000000000000e+04
6.377905745978787108e-03, 3.362400000000000000e+04
6.381884476949453884e-03, 3.411300000000000000e+04
6.385863207920120660e-03, 3.459400000000000000e+04
6.389841938890787436e-03, 3.506500000000000000e+04
6.393820669861454212e-03, 3.552500000000000000e+04
6.397799400832120120e-03, 3.597000000000000000e+04
6.401778131802786896e-03, 3.639700000000000000e+04
6.405756862773453672e-03, 3.680500000000000000e+04
6.409735593744120448e-03, 3.719100000000000000e+04
6.413714324714787224e-03, 3.755400000000000000e+04
6.417693055685454000e-03, 3.789200000000000000e+04
6.421671786656120776e-03, 3.820200000000000000e+04
6.425650517626787551e-03, 3.848300000000000000e+04
6.429629248597454327e-03, 3.873200000000000000e+04
6.433607979568121103e-03, 3.894900000000000000e+04
6.437586710538787879e-03, 3.913200000000000000e+04
6.441565441509454655e-03, 3.928200000000000000e+04
6.445544172480121431e-03, 3.939700000000000000e+04
6.449522903450788207e-03, 3.947600000000000000e+04
6.453501634421454983e-03, 3.951900000000000000e+04
6.457480365392121759e-03, 3.952600000000000000e+04
6.461459096362788534e-03, 3.949600000000000000e+04
6.465437827333455310e-03, 3.943000000000000000e+04
6.469416558304122086e-03, 3.932800000000000000e+04
6.473395289274788862e-03, 3.919200000000000000e+04
6.477374020245455638e-03, 3.902100000000000000e+04
6.481352751216122414e-03, 3.881700000000000000e+04
6.485331482186789190e-03, 3.858000000000000000e+04
6.489310213157455966e-03, 3.831200000000000000e+04
6.493288944128122742e-03, 3.801500000000000000e+04
6.497267675098789518e-03, 3.768800000000000000e+04
6.501246406069455426e-03, 3.733600000000000000e+04
6.505225137040122202e-03, 3.695900000000000000e+04
6.509203868010788978e-03, 3.655800000000000000e+04
6.513182598981455754e-03, 3.613700000000000000e+04
6.517161329952122530e-03, 3.569800000000000000e+04
6.521140060922789305e-03, 3.524400000000000000e+04
6.525118791893456081e-03, 3.477700000000000000e+04
6.529097522864122857e-03, 3.430000000000000000e+04
6.533076253834789633e-03, 3.381400000000000000e+04
6.537054984805456409e-03, 3.332300000000000000e+04
6.541033715776123185e-03, 3.282900000000000000e+04
6.545012446746789961e-03, 3.233400000000000000e+04
6.548991177717456737e-03, 3.184100000000000000e+04
6.552969908688123513e-03, 3.135300000000000000e+04
6.556948639658790288e-03, 3.087300000000000000e+04
6.560927370629457064e-03, 3.040400000000000000e+04
6.564906101600123840e-03, 2.994900000000000000e+04
6.568884832570790616e-03, 2.950900000000000000e+04
6.572863563541457392e-03, 2.908700000000000000e+04
6.576842294512124168e-03, 2.868500000000000000e+04
6.580821025482790944e-03, 2.830600000000000000e+04
6.584799756453457720e-03, 2.795000000000000000e+04
6.588778487424124496e-03, 2.761900000000000000e+04
6.592757218394791272e-03, 2.731600000000000000e+04
6.596735949365458047e-03, 2.704200000000000000e+04
6.600714680336123956e-03, 2.679900000000000000e+04
6.604693411306790732e-03, 2.658800000000000000e+04
6.608672142277457508e-03, 2.641000000000000000e+04
6.612650873248124284e-03, 2.626500000000000000e+04
6.616629604218791059e-03, 2.615500000000000000e+04
6.620608335189457835e-03, 2.608000000000000000e+04
6.624587066160124611e-03, 2.604000000000000000e+04
6.628565797130791387e-03, 2.603600000000000000e+04
6.632544528101458163e-03, 2.606800000000000000e+04
6.636523259072124939e-03, 2.613600000000000000e+04
6.640501990042791715e-03, 2.623800000000000000e+04
6.644480721013458491e-03, 2.637400000000000000e+04
6.648459451984125267e-03, 2.654300000000000000e+04
6.652438182954792043e-03, 2.674600000000000000e+04
6.656416913925458818e-03, 2.698200000000000000e+04
6.660395644896125594e-03, 2.724900000000000000e+04
6.664374375866792370e-03, 2.754600000000000000e+04
6.668353106837459146e-03, 2.787100000000000000e+04
6.672331837808125922e-03, 2.822200000000000000e+04
6.676310568778792698e-03, 2.859700000000000000e+04
6.680289299749459474e-03, 2.899400000000000000e+04
6.684268030720126250e-03, 2.941200000000000000e+04
6.688246761690793026e-03, 2.984700000000000000e+04
6.692225492661459801e-03, 3.029900000000000000e+04
6.696204223632126577e-03, 3.076300000000000000e+04
6.700182954602792486e-03, 3.123900000000000000e+04
6.704161685573459262e-03, 3.172300000000000000e+04
6.708140416544126038e-03, 3.221300000000000000e+04
6.712119147514792813e-03, 3.270700000000000000e+04
6.716097878485459589e-03, 3.320000000000000000e+04
6.720076609456126365e-03, 3.369200000000000000e+04
6.724055340426793141e-03, 3.417800000000000000e+04
6.728034071397459917e-03, 3.465700000000000000e+04
6.732012802368126693e-03, 3.512500000000000000e+04
6.735991533338793469e-03, 3.558100000000000000e+04
6.739970264309460245e-03, 3.602200000000000000e+04
6.743948995280127021e-03, 3.644600000000000000e+04
6.747927726250793797e-03, 3.684900000000000000e+04
6.751906457221460572e-03, 3.723000000000000000e+04
6.755885188192127348e-03, 3.758800000000000000e+04
6.759863919162794124e-03, 3.792000000000000000e+04
6.763842650133460900e-03, 3.822400000000000000e+04
6.767821381104127676e-03, 3.849700000000000000e+04
6.771800112074794452e-03, 3.873900000000000000e+04
6.775778843045461228e-03, 3.895000000000000000e+04
6.779757574016128004e-03, 3.912700000000000000e+04
6.783736304986794780e-03, 3.927000000000000000e+04
6.787715035957461555e-03, 3.937800000000000000e+04
6.791693766928128331e-03, 3.945000000000000000e+04
6.795672497898795107e-03, 3.948700000000000000e+04
6.799651228869461883e-03, 3.948700000000000000e+04
6.803629959840127792e-03, 3.945000000000000000e+04
6.807608690810794567e-03, 3.937800000000000000e+04
6.811587421781461343e-03, 3.927000000000000000e+04
6.815566152752128119e-03, 3.912800000000000000e+04
6.819544883722794895e-03, 3.895200000000000000e+04
6.823523614693461671e-03, 3.874200000000000000e+04
6.827502345664128447e-03, 3.850000000000000000e+04
6.831481076634795223e-03, 3.822600000000000000e+04
6.835459807605461999e-03, 3.792400000000000000e+04
6.839438538576128775e-03, 3.759300000000000000e+04
6.843417269546795551e-03, 3.723700000000000000e+04
6.847396000517462326e-03, 3.685600000000000000e+04
6.851374731488129102e-03, 3.645200000000000000e+04
6.855353462458795878e-03, 3.602800000000000000e+04
6.859332193429462654e-03, 3.558700000000000000e+04
6.863310924400129430e-03, 3.513200000000000000e+04
6.867289655370796206e-03, 3.466300000000000000e+04
6.871268386341462982e-03, 3.418500000000000000e+04
6.875247117312129758e-03, 3.369900000000000000e+04
6.879225848282796534e-03, 3.320800000000000000e+04
6.883204579253463309e-03, 3.271400000000000000e+04
6.887183310224130085e-03, 3.222000000000000000e+04
6.891162041194796861e-03, 3.172800000000000000e+04
6.895140772165463637e-03, 3.124100000000000000e+04
6.899119503136130413e-03, 3.076200000000000000e+04
6.903098234106796321e-03, 3.029500000000000000e+04
6.907076965077463097e-03, 2.984000000000000000e+04
6.911055696048129873e-03, 2.940100000000000000e+04
6.915034427018796649e-03, 2.898000000000000000e+04
6.919013157989463425e-03, 2.858000000000000000e+04
6.922991888960130201e-03, 2.820100000000000000e+04
6.926970619930796977e-03, 2.784700000000000000e+04
6.930949350901463753e-03, 2.751900000000000000e+04
6.934928081872130529e-03, 2.721800000000000000e+04
6.938906812842797305e-03, 2.694600000000000000e+04
6.942885543813464080e-03, 2.670700000000000000e+04
6.946864274784130856e-03, 2.649900000000000000e+04
6.950843005754797632e-03, 2.632400000000000000e+04
6.954821736725464408e-03, 2.618200000000000000e+04
6.958800467696131184e-03, 2.607500000000000000e+04
6.962779198666797960e-03, 2.600200000000000000e+04
6.966757929637464736e-03, 2.596600000000000000e+04
6.970736660608131512e-03, 2.596600000000000000e+04
6.974715391578798288e-03, 2.600200000000000000e+04
6.978694122549465063e-03, 2.607400000000000000e+04
6.982672853520131839e-03, 2.618100000000000000e+04
6.986651584490798615e-03, 2.632200000000000000e+04
6.990630315461465391e-03, 2.649600000000000000e+04
6.994609046432132167e-03, 2.670500000000000000e+04
6.998587777402798943e-03, 2.694600000000000000e+04
7.002566508373464851e-03, 2.721900000000000000e+04
7.006545239344131627e-03, 2.752200000000000000e+04
7.010523970314798403e-03, 2.785200000000000000e+04
7.014502701285465179e-03, 2.820800000000000000e+04
7.018481432256131955e-03, 2.858900000000000000e+04
7.022460163226798731e-03, 2.899100000000000000e+04
7.026438894197465507e-03, 2.941300000000000000e+04
7.030417625168132283e-03, 2.985400000000000000e+04
7.034396356138799059e-03, 3.030900000000000000e+04
7.038375087109465834e-03, 3.077700000000000000e+04
7.042353818080132610e-03, 3.125600000000000000e+04
7.046332549050799386e-03, 3.174300000000000000e+04
7.050311280021466162e-03, 3.223600000000000000e+04
7.054290010992132938e-03, 3.273100000000000000e+04
7.058268741962799714e-03, 3.322600000000000000e+04
7.062247472933466490e-03, 3.371800000000000000e+04
7.066226203904133266e-03, 3.420500000000000000e+04
7.070204934874800042e-03, 3.468400000000000000e+04
7.074183665845466817e-03, 3.515100000000000000e+04
7.078162396816133593e-03, 3.560600000000000000e+04
7.082141127786800369e-03, 3.604600000000000000e+04
7.086119858757467145e-03, 3.646800000000000000e+04
7.090098589728133921e-03, 3.687000000000000000e+04
7.094077320698800697e-03, 3.725000000000000000e+04
7.098056051669467473e-03, 3.760700000000000000e+04
7.102034782640134249e-03, 3.793800000000000000e+04
7.106013513610800157e-03, 3.824000000000000000e+04
7.109992244581466933e-03, 3.851300000000000000e+04
7.113970975552133709e-03, 3.875400000000000000e+04
7.117949706522800485e-03, 3.896300000000000000e+04
7.121928437493467261e-03, 3.913900000000000000e+04
7.125907168464134037e-03, 3.928000000000000000e+04
7.129885899434800813e-03, 3.938600000000000000e+04
7.133864630405467588e-03, 3.945700000000000000e+04
7.137843361376134364e-03, 3.949100000000000000e+04
7.141822092346801140e-03, 3.948900000000000000e+04
7.145800823317467916e-03, 3.945000000000000000e+04
7.149779554288134692e-03, 3.937400000000000000e+04
7.153758285258801468e-03, 3.926400000000000000e+04
7.157737016229468244e-03, 3.911800000000000000e+04
7.161715747200135020e-03, 3.893900000000000000e+04
7.165694478170801796e-03, 3.872600000000000000e+04
7.169673209141468571e-03, 3.848000000000000000e+04
7.173651940112135347e-03, 3.820400000000000000e+04
7.177630671082802123e-03, 3.789900000000000000e+04
7.181609402053468899e-03, 3.756500000000000000e+04
7.185588133024135675e-03, 3.720600000000000000e+04
7.189566863994802451e-03, 3.682300000000000000e+04
7.193545594965469227e-03, 3.641700000000000000e+04
7.197524325936136003e-03, 3.599100000000000000e+04
7.201503056906802779e-03, 3.554800000000000000e+04
7.205481787877468687e-03, 3.509100000000000000e+04
7.209460518848135463e-03, 3.462200000000000000e+04
7.213439249818802239e-03, 3.414200000000000000e+04
7.217417980789469015e-03, 3.365500000000000000e+04
7.221396711760135791e-03, 3.316400000000000000e+04
7.225375442730802567e-03, 3.267000000000000000e+04
7.229354173701469342e-03, 3.217600000000000000e+04
7.233332904672136118e-03, 3.168400000000000000e+04
7.237311635642802894e-03, 3.119800000000000000e+04
7.241290366613469670e-03, 3.072100000000000000e+04
7.245269097584136446e-03, 3.025600000000000000e+04
7.249247828554803222e-03, 2.980300000000000000e+04
7.253226559525469998e-03, 2.936700000000000000e+04
7.257205290496136774e-03, 2.895000000000000000e+04
7.261184021466803550e-03, 2.855300000000000000e+04
7.265162752437470325e-03, 2.817900000000000000e+04
7.269141483408137101e-03, 2.782900000000000000e+04
7.273120214378803877e-03, 2.750500000000000000e+04
7.277098945349470653e-03, 2.720900000000000000e+04
7.281077676320137429e-03, 2.694400000000000000e+04
7.285056407290804205e-03, 2.671000000000000000e+04
7.289035138261470981e-03, 2.650900000000000000e+04
7.293013869232137757e-03, 2.634100000000000000e+04
7.296992600202804533e-03, 2.620700000000000000e+04
7.300971331173471308e-03, 2.610800000000000000e+04
7.304950062144137217e-03, 2.604400000000000000e+04
7.308928793114803993e-03, 2.601700000000000000e+04
7.312907524085470769e-03, 2.602600000000000000e+04
7.316886255056137545e-03, 2.607200000000000000e+04
7.320864986026804321e-03, 2.615400000000000000e+04
7.324843716997471096e-03, 2.627000000000000000e+04
7.328822447968137872e-03, 2.642000000000000000e+04
7.332801178938804648e-03, 2.660300000000000000e+04
7.336779909909471424e-03, 2.682100000000000000e+04
7.340758640880138200e-03, 2.707100000000000000e+04
7.344737371850804976e-03, 2.735200000000000000e+04
7.348716102821471752e-03, 2.766200000000000000e+04
7.352694833792138528e-03, 2.800000000000000000e+04
7.356673564762805304e-03, 2.836300000000000000e+04
7.360652295733472079e-03, 2.874900000000000000e+04
7.364631026704138855e-03, 2.915700000000000000e+04
7.368609757674805631e-03, 2.958400000000000000e+04
7.372588488645472407e-03, 3.002800000000000000e+04
7.376567219616139183e-03, 3.048700000000000000e+04
7.380545950586805959e-03, 3.095800000000000000e+04
7.384524681557472735e-03, 3.143900000000000000e+04
7.388503412528139511e-03, 3.192700000000000000e+04
7.392482143498806287e-03, 3.242100000000000000e+04
7.396460874469473062e-03, 3.291600000000000000e+04
7.400439605440139838e-03, 3.341100000000000000e+04
7.404418336410806614e-03, 3.390200000000000000e+04
7.408397067381472523e-03, 3.438500000000000000e+04
7.412375798352139299e-03, 3.486000000000000000e+04
7.416354529322806075e-03, 3.532300000000000000e+04
7.420333260293472850e-03, 3.577300000000000000e+04
7.424311991264139626e-03, 3.620700000000000000e+04
7.428290722234806402e-03, 3.662100000000000000e+04
7.432269453205473178e-03, 3.701500000000000000e+04
7.436248184176139954e-03, 3.738600000000000000e+04
7.440226915146806730e-03, 3.773300000000000000e+04
7.444205646117473506e-03, 3.805300000000000000e+04
7.448184377088140282e-03, 3.834500000000000000e+04
7.452163108058807058e-03, 3.860700000000000000e+04
7.456141839029473833e-03, 3.883700000000000000e+04
7.460120570000140609e-03, 3.903500000000000000e+04
7.464099300970807385e-03, 3.919900000000000000e+04
7.468078031941474161e-03, 3.932900000000000000e+04
7.472056762912140937e-03, 3.942400000000000000e+04
7.476035493882807713e-03, 3.948300000000000000e+04
7.480014224853474489e-03, 3.950600000000000000e+04
7.483992955824141265e-03, 3.949200000000000000e+04
7.487971686794808041e-03, 3.944200000000000000e+04
7.491950417765474816e-03, 3.935600000000000000e+04
7.495929148736141592e-03, 3.923500000000000000e+04
7.499907879706808368e-03, 3.907900000000000000e+04
7.503886610677475144e-03, 3.889000000000000000e+04
7.507865341648141053e-03, 3.866800000000000000e+04
7.511844072618807829e-03, 3.841400000000000000e+04
7.515822803589474604e-03, 3.813000000000000000e+04
7.519801534560141380e-03, 3.781700000000000000e+04
7.523780265530808156e-03, 3.747700000000000000e+04
7.527758996501474932e-03, 3.711100000000000000e+04
7.531737727472141708e-03, 3.672200000000000000e+04
7.535716458442808484e-03, 3.631000000000000000e+04
7.539695189413475260e-03, 3.588000000000000000e+04
7.543673920384142036e-03, 3.543300000000000000e+04
7.547652651354808812e-03, 3.497200000000000000e+04
7.551631382325475587e-03, 3.449900000000000000e+04
7.555610113296142363e-03, 3.401700000000000000e+04
7.559588844266809139e-03, 3.352800000000000000e+04
7.563567575237475915e-03, 3.303500000000000000e+04
7.567546306208142691e-03, 3.254100000000000000e+04
7.571525037178809467e-03, 3.204700000000000000e+04
7.575503768149476243e-03, 3.155600000000000000e+04
7.579482499120143019e-03, 3.107200000000000000e+04
7.583461230090809795e-03, 3.059700000000000000e+04
7.587439961061476570e-03, 3.013300000000000000e+04
7.591418692032143346e-03, 2.968400000000000000e+04
7.595397423002810122e-03, 2.925200000000000000e+04
7.599376153973476898e-03, 2.883900000000000000e+04
7.603354884944143674e-03, 2.844700000000000000e+04
7.607333615914809583e-03, 2.807900000000000000e+04
7.611312346885476358e-03, 2.773500000000000000e+04
7.615291077856143134e-03, 2.741800000000000000e+04
7.619269808826809910e-03, 2.713000000000000000e+04
7.623248539797476686e-03, 2.687100000000000000e+04
7.627227270768143462e-03, 2.664500000000000000e+04
7.631206001738810238e-03, 2.645100000000000000e+04
7.635184732709477014e-03, 2.629000000000000000e+04
7.639163463680143790e-03, 2.616400000000000000e+04
7.643142194650810566e-03, 2.607200000000000000e+04
7.647120925621477341e-03, 2.601500000000000000e+04
7.651099656592144117e-03, 2.599600000000000000e+04
7.655078387562810893e-03, 2.601300000000000000e+04
7.659057118533477669e-03, 2.606600000000000000e+04
7.663035849504144445e-03, 2.615400000000000000e+04
7.667014580474811221e-03, 2.627600000000000000e+04
7.670993311445477997e-03, 2.643100000000000000e+04
7.674972042416144773e-03, 2.662000000000000000e+04
7.678950773386811549e-03, 2.684100000000000000e+04
7.682929504357478324e-03, 2.709500000000000000e+04
7.686908235328145100e-03, 2.737800000000000000e+04
7.690886966298811876e-03, 2.769100000000000000e+04
7.694865697269478652e-03, 2.803000000000000000e+04
7.698844428240145428e-03, 2.839400000000000000e+04
7.702823159210812204e-03, 2.878100000000000000e+04
7.706801890181478980e-03, 2.919000000000000000e+04
7.710780621152144888e-03, 2.961700000000000000e+04
7.714759352122811664e-03, 3.006100000000000000e+04
7.718738083093478440e-03, 3.051900000000000000e+04
7.722716814064145216e-03, 3.099000000000000000e+04
7.726695545034811992e-03, 3.146900000000000000e+04
7.730674276005478768e-03, 3.195700000000000000e+04
7.734653006976145544e-03, 3.244900000000000000e+04
7.738631737946812320e-03, 3.294300000000000000e+04
7.742610468917479095e-03, 3.343600000000000000e+04
7.746589199888145871e-03, 3.392500000000000000e+04
7.750567930858812647e-03, 3.440800000000000000e+04
7.754546661829479423e-03, 3.488200000000000000e+04
7.758525392800146199e-03, 3.534400000000000000e+04
7.762504123770812975e-03, 3.579300000000000000e+04
7.766482854741479751e-03, 3.622600000000000000e+04
7.770461585712146527e-03, 3.664000000000000000e+04
7.774440316682813303e-03, 3.703200000000000000e+04
7.778419047653480078e-03, 3.740300000000000000e+04
7.782397778624146854e-03, 3.774800000000000000e+04
7.786376509594813630e-03, 3.806700000000000000e+04
7.790355240565480406e-03, 3.835700000000000000e+04
7.794333971536147182e-03, 3.861600000000000000e+04
7.798312702506813958e-03, 3.884300000000000000e+04
7.802291433477480734e-03, 3.903700000000000000e+04
7.806270164448147510e-03, 3.919800000000000000e+04
7.810248895418813418e-03, 3.932400000000000000e+04
7.814227626389480194e-03, 3.941500000000000000e+04
7.818206357360147837e-03, 3.947000000000000000e+04
7.822185088330813746e-03, 3.948800000000000000e+04
7.826163819301481389e-03, 3.947000000000000000e+04
7.830142550272147298e-03, 3.941600000000000000e+04
7.834121281242814941e-03, 3.932600000000000000e+04
7.838100012213480849e-03, 3.920100000000000000e+04
7.842078743184148493e-03, 3.904100000000000000e+04
7.846057474154814401e-03, 3.884800000000000000e+04
7.850036205125482044e-03, 3.862200000000000000e+04
7.854014936096147953e-03, 3.836400000000000000e+04
7.857993667066815596e-03, 3.807700000000000000e+04
7.861972398037481505e-03, 3.776000000000000000e+04
7.865951129008147413e-03, 3.741700000000000000e+04
7.869929859978815057e-03, 3.704800000000000000e+04
7.873908590949480965e-03, 3.665500000000000000e+04
7.877887321920148608e-03, 3.624100000000000000e+04
7.881866052890814517e-03, 3.580800000000000000e+04
7.885844783861482160e-03, 3.536000000000000000e+04
7.889823514832148069e-03, 3.489700000000000000e+04
7.893802245802815712e-03, 3.442300000000000000e+04
7.897780976773481620e-03, 3.394100000000000000e+04
7.901759707744149264e-03, 3.345200000000000000e+04
7.905738438714815172e-03, 3.295900000000000000e+04
7.909717169685482815e-03, 3.246500000000000000e+04
7.913695900656148724e-03, 3.197200000000000000e+04
7.917674631626816367e-03, 3.148300000000000000e+04
7.921653362597482276e-03, 3.100000000000000000e+04
7.925632093568149919e-03, 3.052800000000000000e+04
7.929610824538815828e-03, 3.006800000000000000e+04
7.933589555509483471e-03, 2.962400000000000000e+04
7.937568286480149379e-03, 2.919600000000000000e+04
7.941547017450817023e-03, 2.878800000000000000e+04
7.945525748421482931e-03, 2.840200000000000000e+04
7.949504479392150574e-03, 2.803900000000000000e+04
7.953483210362816483e-03, 2.770100000000000000e+04
7.957461941333484126e-03, 2.739000000000000000e+04
7.961440672304150035e-03, 2.710700000000000000e+04
7.965419403274815943e-03, 2.685500000000000000e+04
7.969398134245483586e-03, 2.663400000000000000e+04
7.973376865216149495e-03, 2.644600000000000000e+04
7.977355596186817138e-03, 2.629100000000000000e+04
7.981334327157483047e-03, 2.617100000000000000e+04
7.985313058128150690e-03, 2.608500000000000000e+04
7.989291789098816599e-03, 2.603500000000000000e+04
7.993270520069484242e-03, 2.602100000000000000e+04
7.997249251040150150e-03, 2.604500000000000000e+04
8.001227982010817794e-03, 2.610400000000000000e+04
8.005206712981483702e-03, 2.619900000000000000e+04
8.009185443952151345e-03, 2.632800000000000000e+04
8.013164174922817254e-03, 2.649100000000000000e+04
8.017142905893484897e-03, 2.668800000000000000e+04
8.021121636864150806e-03, 2.691700000000000000e+04
8.025100367834818449e-03, 2.717900000000000000e+04
8.029079098805484357e-03, 2.747100000000000000e+04
8.033057829776152001e-03, 2.779200000000000000e+04
8.037036560746817909e-03, 2.813800000000000000e+04
8.041015291717485552e-03, 2.851000000000000000e+04
8.044994022688151461e-03, 2.890400000000000000e+04
8.048972753658819104e-03, 2.931900000000000000e+04
8.052951484629485013e-03, 2.975200000000000000e+04
8.056930215600152656e-03, 3.020200000000000000e+04
8.060908946570818565e-03, 3.066600000000000000e+04
8.064887677541484473e-03, 3.114100000000000000e+04
8.068866408512152116e-03, 3.162500000000000000e+04
8.072845139482818025e-03, 3.211500000000000000e+04
8.076823870453485668e-03, 3.261000000000000000e+04
8.080802601424151577e-03, 3.310600000000000000e+04
8.084781332394819220e-03, 3.360000000000000000e+04
8.088760063365485128e-03, 3.408900000000000000e+04
8.092738794336152772e-03, 3.457200000000000000e+04
8.096717525306818680e-03, 3.504400000000000000e+04
8.100696256277486323e-03, 3.550500000000000000e+04
8.104674987248152232e-03, 3.595200000000000000e+04
8.108653718218819875e-03, 3.638200000000000000e+04
8.112632449189485784e-03, 3.679200000000000000e+04
8.116611180160153427e-03, 3.718000000000000000e+04
8.120589911130819336e-03, 3.754600000000000000e+04
8.124568642101486979e-03, 3.788800000000000000e+04
8.128547373072152887e-03, 3.820200000000000000e+04
8.132526104042820531e-03, 3.848800000000000000e+04
8.136504835013486439e-03, 3.874200000000000000e+04
8.140483565984154082e-03, 3.896500000000000000e+04
8.144462296954819991e-03, 3.915500000000000000e+04
8.148441027925487634e-03, 3.931200000000000000e+04
8.152419758896153543e-03, 3.943400000000000000e+04
8.156398489866821186e-03, 3.952100000000000000e+04
8.160377220837487094e-03, 3.957100000000000000e+04
8.164355951808153003e-03, 3.958500000000000000e+04
8.168334682778820646e-03, 3.956200000000000000e+04
8.172313413749486555e-03, 3.950300000000000000e+04
8.176292144720154198e-03, 3.940900000000000000e+04
8.180270875690820107e-03, 3.927900000000000000e+04
8.184249606661487750e-03, 3.911600000000000000e+04
8.188228337632153658e-03, 3.891900000000000000e+04
8.192207068602821302e-03, 3.869000000000000000e+04
8.196185799573487210e-03, 3.843000000000000000e+04
8.200164530544154853e-03, 3.814100000000000000e+04
8.204143261514820762e-03, 3.782200000000000000e+04
8.208121992485488405e-03, 3.747800000000000000e+04
8.212100723456154314e-03, 3.710800000000000000e+04
8.216079454426821957e-03, 3.671500000000000000e+04
8.220058185397487865e-03, 3.630000000000000000e+04
8.224036916368155509e-03, 3.586800000000000000e+04
8.228015647338821417e-03, 3.541900000000000000e+04
8.231994378309489060e-03, 3.495700000000000000e+04
8.235973109280154969e-03, 3.448400000000000000e+04
8.239951840250822612e-03, 3.400200000000000000e+04
8.243930571221488521e-03, 3.351500000000000000e+04
8.247909302192156164e-03, 3.302300000000000000e+04
8.251888033162822073e-03, 3.253000000000000000e+04
8.255866764133489716e-03, 3.203800000000000000e+04
8.259845495104155624e-03, 3.155000000000000000e+04
8.263824226074821533e-03, 3.106800000000000000e+04
8.267802957045489176e-03, 3.059700000000000000e+04
8.271781688016155085e-03, 3.013800000000000000e+04
8.275760418986822728e-03, 2.969300000000000000e+04
8.279739149957488636e-03, 2.926600000000000000e+04
8.283717880928156280e-03, 2.885800000000000000e+04
8.287696611898822188e-03, 2.847100000000000000e+04
8.291675342869489831e-03, 2.810800000000000000e+04
8.295654073840155740e-03, 2.777000000000000000e+04
8.299632804810823383e-03, 2.745900000000000000e+04
8.303611535781489292e-03, 2.717600000000000000e+04
8.307590266752156935e-03, 2.692400000000000000e+04
8.311568997722822844e-03, 2.670500000000000000e+04
8.315547728693490487e-03, 2.651800000000000000e+04
8.319526459664156395e-03, 2.636400000000000000e+04
8.323505190634824039e-03, 2.624600000000000000e+04
8.327483921605489947e-03, 2.616200000000000000e+04
8.331462652576157590e-03, 2.611400000000000000e+04
8.335441383546823499e-03, 2.610300000000000000e+04
8.339420114517491142e-03, 2.612900000000000000e+04
8.343398845488157051e-03, 2.619100000000000000e+04
8.347377576458824694e-03, 2.628800000000000000e+04
8.351356307429490602e-03, 2.642000000000000000e+04
8.355335038400158246e-03, 2.658400000000000000e+04
8.359313769370824154e-03, 2.678400000000000000e+04
8.363292500341490063e-03, 2.701500000000000000e+04
8.367271231312157706e-03, 2.727900000000000000e+04
8.371249962282823615e-03, 2.757300000000000000e+04
8.375228693253491258e-03, 2.789500000000000000e+04
8.379207424224157166e-03, 2.824300000000000000e+04
8.383186155194824810e-03, 2.861700000000000000e+04
8.387164886165490718e-03, 2.901200000000000000e+04
8.391143617136158361e-03, 2.942800000000000000e+04
8.395122348106824270e-03, 2.986200000000000000e+04
8.399101079077491913e-03, 3.031200000000000000e+04
8.403079810048157822e-03, 3.077600000000000000e+04
8.407058541018825465e-03, 3.125000000000000000e+04
8.411037271989491373e-03, 3.173400000000000000e+04
8.415016002960159017e-03, 3.222400000000000000e+04
8.418994733930824925e-03, 3.271700000000000000e+04
8.422973464901492568e-03, 3.321100000000000000e+04
8.426952195872158477e-03, 3.370300000000000000e+04
8.430930926842826120e-03, 3.418900000000000000e+04
8.434909657813492029e-03, 3.466900000000000000e+04
8.438888388784159672e-03, 3.513800000000000000e+04
8.442867119754825581e-03, 3.559500000000000000e+04
8.446845850725493224e-03, 3.603700000000000000e+04
8.450824581696159132e-03, 3.646100000000000000e+04
8.454803312666826776e-03, 3.686500000000000000e+04
8.458782043637492684e-03, 3.724700000000000000e+04
8.462760774608158593e-03, 3.760500000000000000e+04
8.466739505578826236e-03, 3.793800000000000000e+04
8.470718236549492144e-03, 3.824400000000000000e+04
8.474696967520159788e-03, 3.852000000000000000e+04
8.478675698490825696e-03, 3.876400000000000000e+04
8.482654429461493339e-03, 3.897700000000000000e+04
8.486633160432159248e-03, 3.915700000000000000e+04
8.490611891402826891e-03, 3.930300000000000000e+04
8.494590622373492800e-03, 3.941500000000000000e+04
8.498569353344160443e-03, 3.949100000000000000e+04
8.502548084314826352e-03, 3.953100000000000000e+04
8.506526815285493995e-03, 3.953400000000000000e+04
8.510505546256159903e-03, 3.950100000000000000e+04
8.514484277226827547e-03, 3.943200000000000000e+04
8.518463008197493455e-03, 3.932800000000000000e+04
8.522441739168161098e-03, 3.918800000000000000e+04
8.526420470138827007e-03, 3.901500000000000000e+04
8.530399201109494650e-03, 3.880800000000000000e+04
8.534377932080160559e-03, 3.856900000000000000e+04
8.538356663050828202e-03, 3.829900000000000000e+04
8.542335394021494110e-03, 3.799900000000000000e+04
8.546314124992161754e-03, 3.767100000000000000e+04
8.550292855962827662e-03, 3.731700000000000000e+04
8.554271586933495305e-03, 3.693800000000000000e+04
8.558250317904161214e-03, 3.653600000000000000e+04
8.562229048874828857e-03, 3.611400000000000000e+04
8.566207779845494766e-03, 3.567400000000000000e+04
8.570186510816160674e-03, 3.521900000000000000e+04
8.574165241786828318e-03, 3.475200000000000000e+04
8.578143972757494226e-03, 3.427400000000000000e+04
8.582122703728161869e-03, 3.378700000000000000e+04
8.586101434698827778e-03, 3.329600000000000000e+04
8.590080165669495421e-03, 3.280100000000000000e+04
8.594058896640161330e-03, 3.230600000000000000e+04
8.598037627610828973e-03, 3.181200000000000000e+04
8.602016358581494881e-03, 3.132400000000000000e+04
8.605995089552162525e-03, 3.084300000000000000e+04
8.609973820522828433e-03, 3.037300000000000000e+04
8.613952551493496076e-03, 2.991600000000000000e+04
8.617931282464161985e-03, 2.947400000000000000e+04
8.621910013434829628e-03, 2.905100000000000000e+04
8.625888744405495537e-03, 2.864700000000000000e+04
8.629867475376163180e-03, 2.826600000000000000e+04
8.633846206346829089e-03, 2.790800000000000000e+04
8.637824937317496732e-03, 2.757500000000000000e+04
8.641803668288162640e-03, 2.727100000000000000e+04
8.645782399258830284e-03, 2.699600000000000000e+04
8.649761130229496192e-03, 2.675200000000000000e+04
8.653739861200163835e-03, 2.654100000000000000e+04
8.657718592170829744e-03, 2.636300000000000000e+04
8.661697323141497387e-03, 2.621800000000000000e+04
8.665676054112163296e-03, 2.610800000000000000e+04
8.669654785082829204e-03, 2.603400000000000000e+04
8.673633516053496847e-03, 2.599500000000000000e+04
8.677612247024162756e-03, 2.599400000000000000e+04
8.681590977994830399e-03, 2.602900000000000000e+04
8.685569708965496308e-03, 2.610000000000000000e+04
8.689548439936163951e-03, 2.620600000000000000e+04
8.693527170906829860e-03, 2.634600000000000000e+04
8.697505901877497503e-03, 2.651900000000000000e+04
8.701484632848163411e-03, 2.672700000000000000e+04
8.705463363818831055e-03, 2.696800000000000000e+04
8.709442094789496963e-03, 2.724000000000000000e+04
8.713420825760164606e-03, 2.754100000000000000e+04
8.717399556730830515e-03, 2.787100000000000000e+04
8.721378287701498158e-03, 2.822700000000000000e+04
8.725357018672164067e-03, 2.860700000000000000e+04
8.729335749642831710e-03, 2.900900000000000000e+04
8.733314480613497618e-03, 2.943100000000000000e+04
8.737293211584165262e-03, 2.987100000000000000e+04
8.741271942554831170e-03, 3.032600000000000000e+04
8.745250673525498813e-03, 3.079400000000000000e+04
8.749229404496164722e-03, 3.127200000000000000e+04
