0.000000000000000000e+00, 2.276600000000000000e+04
1.577412506985781279e-05, 2.654400000000000000e+04
3.154825013971562558e-05, 2.681800000000000000e+04
4.732237520957343837e-05, 2.847000000000000000e+04
6.309650027943125117e-05, 2.761700000000000000e+04
7.887062534928905718e-05, 2.653000000000000000e+04
9.464475041914687675e-05, 2.522400000000000000e+04
1.104188754890046828e-04, 2.246800000000000000e+04
1.261930005588625023e-04, 1.890800000000000000e+04
1.419671256287202948e-04, 1.523600000000000000e+04
1.577412506985781144e-04, 1.294700000000000000e+04
1.735153757684359339e-04, 8.778000000000000000e+03
1.892895008382937535e-04, 6.350000000000000000e+03
2.050636259081515460e-04, 3.839000000000000000e+03
2.208377509780093655e-04, 3.423000000000000000e+03
2.366118760478671851e-04, 3.513000000000000000e+03
2.523860011177250047e-04, 6.043000000000000000e+03
2.681601261875828242e-04, 8.026000000000000000e+03
2.839342512574405896e-04, 1.270600000000000000e+04
2.997083763272984092e-04, 1.591500000000000000e+04
3.154825013971562287e-04, 1.810000000000000000e+04
3.312566264670140483e-04, 2.175700000000000000e+04
3.470307515368718679e-04, 2.426600000000000000e+04
3.628048766067296874e-04, 2.580800000000000000e+04
3.785790016765875070e-04, 2.838600000000000000e+04
3.943531267464452724e-04, 2.768400000000000000e+04
4.101272518163030919e-04, 2.825100000000000000e+04
4.259013768861609115e-04, 2.698100000000000000e+04
4.416755019560187311e-04, 2.318500000000000000e+04
4.574496270258765506e-04, 2.114800000000000000e+04
4.732237520957343702e-04, 1.603800000000000000e+04
4.889978771655921356e-04, 1.217100000000000000e+04
5.047720022354500093e-04, 9.630000000000000000e+03
5.205461273053077747e-04, 7.350000000000000000e+03
5.363202523751656485e-04, 4.514000000000000000e+03
5.520943774450234138e-04, 3.246000000000000000e+03
5.678685025148811792e-04, 3.184000000000000000e+03
5.836426275847390530e-04, 5.972000000000000000e+03
5.994167526545968183e-04, 7.955000000000000000e+03
6.151908777244546921e-04, 9.746000000000000000e+03
6.309650027943124575e-04, 1.373600000000000000e+04
6.467391278641703312e-04, 1.594400000000000000e+04
6.625132529340280966e-04, 2.079900000000000000e+04
6.782873780038858619e-04, 2.401600000000000000e+04
6.940615030737437357e-04, 2.712600000000000000e+04
7.098356281436015011e-04, 2.743800000000000000e+04
7.256097532134593749e-04, 2.806400000000000000e+04
7.413838782833171402e-04, 2.806700000000000000e+04
7.571580033531750140e-04, 2.638100000000000000e+04
7.729321284230327794e-04, 2.399600000000000000e+04
7.887062534928905447e-04, 2.211200000000000000e+04
8.044803785627484185e-04, 1.770500000000000000e+04
8.202545036326061838e-04, 1.537700000000000000e+04
8.360286287024640576e-04, 1.135900000000000000e+04
8.518027537723218230e-04, 7.615000000000000000e+03
8.675768788421796968e-04, 5.767000000000000000e+03
8.833510039120374621e-04, 3.557000000000000000e+03
8.991251289818952275e-04, 3.232000000000000000e+03
9.148992540517531013e-04, 4.663000000000000000e+03
9.306733791216108666e-04, 6.864000000000000000e+03
9.464475041914687404e-04, 8.434000000000000000e+03
9.622216292613265057e-04, 1.269900000000000000e+04
9.779957543311842711e-04, 1.511400000000000000e+04
9.937698794010420365e-04, 1.924200000000000000e+04
1.009544004470900019e-03, 2.167100000000000000e+04
1.025318129540757784e-03, 2.550800000000000000e+04
1.041092254610615549e-03, 2.631900000000000000e+04
1.056866379680473315e-03, 2.840200000000000000e+04
1.072640504750331297e-03, 2.803800000000000000e+04
1.088414629820189062e-03, 2.816000000000000000e+04
1.104188754890046828e-03, 2.596800000000000000e+04
1.119962879959904593e-03, 2.341400000000000000e+04
1.135737005029762358e-03, 1.980900000000000000e+04
1.151511130099620341e-03, 1.682500000000000000e+04
1.167285255169478106e-03, 1.224000000000000000e+04
1.183059380239335871e-03, 1.005200000000000000e+04
1.198833505309193637e-03, 7.148000000000000000e+03
1.214607630379051402e-03, 5.250000000000000000e+03
1.230381755448909384e-03, 4.089000000000000000e+03
1.246155880518767150e-03, 3.742000000000000000e+03
1.261930005588624915e-03, 5.235000000000000000e+03
1.277704130658482680e-03, 7.885000000000000000e+03
1.293478255728340662e-03, 1.048600000000000000e+04
1.309252380798198428e-03, 1.352700000000000000e+04
1.325026505868056193e-03, 1.735600000000000000e+04
1.340800630937913959e-03, 2.130300000000000000e+04
1.356574756007771724e-03, 2.343300000000000000e+04
1.372348881077629706e-03, 2.631900000000000000e+04
1.388123006147487471e-03, 2.818400000000000000e+04
1.403897131217345237e-03, 2.828600000000000000e+04
1.419671256287203002e-03, 2.875500000000000000e+04
1.435445381357060768e-03, 2.638500000000000000e+04
1.451219506426918750e-03, 2.419900000000000000e+04
1.466993631496776515e-03, 2.129000000000000000e+04
1.482767756566634280e-03, 1.680100000000000000e+04
1.498541881636492046e-03, 1.409000000000000000e+04
1.514316006706350028e-03, 1.110000000000000000e+04
1.530090131776207793e-03, 7.658000000000000000e+03
1.545864256846065559e-03, 6.077000000000000000e+03
1.561638381915923324e-03, 4.582000000000000000e+03
1.577412506985781089e-03, 4.428000000000000000e+03
1.593186632055639072e-03, 5.139000000000000000e+03
1.608960757125496837e-03, 6.394000000000000000e+03
1.624734882195354602e-03, 8.254000000000000000e+03
1.640509007265212368e-03, 1.221300000000000000e+04
1.656283132335070133e-03, 1.557600000000000000e+04
1.672057257404928115e-03, 1.922800000000000000e+04
1.687831382474785881e-03, 2.123000000000000000e+04
1.703605507544643646e-03, 2.637400000000000000e+04
1.719379632614501411e-03, 2.702800000000000000e+04
1.735153757684359394e-03, 2.873600000000000000e+04
1.750927882754217159e-03, 2.864000000000000000e+04
1.766702007824074924e-03, 2.717600000000000000e+04
1.782476132893932690e-03, 2.592900000000000000e+04
1.798250257963790455e-03, 2.257300000000000000e+04
1.814024383033648437e-03, 2.012000000000000000e+04
1.829798508103506203e-03, 1.691900000000000000e+04
1.845572633173363968e-03, 1.168300000000000000e+04
1.861346758243221733e-03, 9.629000000000000000e+03
1.877120883313079499e-03, 6.346000000000000000e+03
1.892895008382937481e-03, 5.729000000000000000e+03
1.908669133452795246e-03, 4.775000000000000000e+03
1.924443258522653011e-03, 4.735000000000000000e+03
1.940217383592510777e-03, 5.792000000000000000e+03
1.955991508662368542e-03, 7.366000000000000000e+03
1.971765633732226308e-03, 1.146600000000000000e+04
1.987539758802084073e-03, 1.470300000000000000e+04
2.003313883871942272e-03, 1.775900000000000000e+04
2.019088008941800037e-03, 2.128900000000000000e+04
2.034862134011657803e-03, 2.379400000000000000e+04
2.050636259081515568e-03, 2.606100000000000000e+04
2.066410384151373333e-03, 2.906000000000000000e+04
2.082184509221231099e-03, 2.875200000000000000e+04
2.097958634291088864e-03, 2.866900000000000000e+04
2.113732759360946629e-03, 2.689900000000000000e+04
2.129506884430804395e-03, 2.402500000000000000e+04
2.145281009500662594e-03, 2.082300000000000000e+04
2.161055134570520359e-03, 1.740100000000000000e+04
2.176829259640378125e-03, 1.417800000000000000e+04
2.192603384710235890e-03, 1.071500000000000000e+04
2.208377509780093655e-03, 7.948000000000000000e+03
2.224151634849951421e-03, 6.689000000000000000e+03
2.239925759919809186e-03, 4.990000000000000000e+03
2.255699884989666951e-03, 4.722000000000000000e+03
2.271474010059524717e-03, 4.994000000000000000e+03
2.287248135129382482e-03, 6.885000000000000000e+03
2.303022260199240681e-03, 9.283000000000000000e+03
2.318796385269098446e-03, 1.228700000000000000e+04
2.334570510338956212e-03, 1.639100000000000000e+04
2.350344635408813977e-03, 1.999200000000000000e+04
2.366118760478671743e-03, 2.262700000000000000e+04
2.381892885548529508e-03, 2.716000000000000000e+04
2.397667010618387273e-03, 2.748300000000000000e+04
2.413441135688245039e-03, 2.923000000000000000e+04
2.429215260758102804e-03, 2.893700000000000000e+04
2.444989385827961003e-03, 2.713100000000000000e+04
2.460763510897818768e-03, 2.632300000000000000e+04
2.476537635967676534e-03, 2.154500000000000000e+04
2.492311761037534299e-03, 1.962500000000000000e+04
2.508085886107392064e-03, 1.677000000000000000e+04
2.523860011177249830e-03, 1.156500000000000000e+04
2.539634136247107595e-03, 8.737000000000000000e+03
2.555408261316965361e-03, 5.478000000000000000e+03
2.571182386386823126e-03, 5.470000000000000000e+03
2.586956511456681325e-03, 4.752000000000000000e+03
2.602730636526539090e-03, 4.740000000000000000e+03
2.618504761596396856e-03, 6.355000000000000000e+03
2.634278886666254621e-03, 8.256000000000000000e+03
2.650053011736112386e-03, 1.156900000000000000e+04
2.665827136805970152e-03, 1.475100000000000000e+04
2.681601261875827917e-03, 1.721100000000000000e+04
2.697375386945685682e-03, 2.144100000000000000e+04
2.713149512015543448e-03, 2.471000000000000000e+04
2.728923637085401213e-03, 2.654300000000000000e+04
2.744697762155259412e-03, 2.972500000000000000e+04
2.760471887225117178e-03, 2.927300000000000000e+04
2.776246012294974943e-03, 2.752200000000000000e+04
2.792020137364832708e-03, 2.604800000000000000e+04
2.807794262434690474e-03, 2.387400000000000000e+04
2.823568387504548239e-03, 2.000000000000000000e+04
2.839342512574406004e-03, 1.739400000000000000e+04
2.855116637644263770e-03, 1.333600000000000000e+04
2.870890762714121535e-03, 1.059100000000000000e+04
2.886664887783979734e-03, 7.385000000000000000e+03
2.902439012853837499e-03, 6.656000000000000000e+03
2.918213137923695265e-03, 4.709000000000000000e+03
2.933987262993553030e-03, 4.559000000000000000e+03
2.949761388063410796e-03, 6.242000000000000000e+03
2.965535513133268561e-03, 7.453000000000000000e+03
2.981309638203126326e-03, 9.084000000000000000e+03
2.997083763272984092e-03, 1.316700000000000000e+04
3.012857888342841857e-03, 1.691600000000000000e+04
3.028632013412700056e-03, 2.035700000000000000e+04
3.044406138482557821e-03, 2.275900000000000000e+04
3.060180263552415587e-03, 2.611300000000000000e+04
3.075954388622273352e-03, 2.648000000000000000e+04
3.091728513692131117e-03, 2.978800000000000000e+04
3.107502638761988883e-03, 2.780600000000000000e+04
3.123276763831846648e-03, 2.757600000000000000e+04
3.139050888901704413e-03, 2.525400000000000000e+04
3.154825013971562179e-03, 2.143200000000000000e+04
3.170599139041419944e-03, 1.956600000000000000e+04
3.186373264111278143e-03, 1.570800000000000000e+04
3.202147389181135909e-03, 1.182400000000000000e+04
3.217921514250993674e-03, 9.302000000000000000e+03
3.233695639320851439e-03, 6.116000000000000000e+03
3.249469764390709205e-03, 4.912000000000000000e+03
3.265243889460566970e-03, 4.309000000000000000e+03
3.281018014530424735e-03, 4.323000000000000000e+03
3.296792139600282501e-03, 5.998000000000000000e+03
3.312566264670140266e-03, 8.126000000000000000e+03
3.328340389739998465e-03, 1.170100000000000000e+04
3.344114514809856230e-03, 1.421100000000000000e+04
3.359888639879713996e-03, 1.771500000000000000e+04
3.375662764949571761e-03, 2.171800000000000000e+04
3.391436890019429527e-03, 2.525700000000000000e+04
3.407211015089287292e-03, 2.657900000000000000e+04
3.422985140159145057e-03, 2.992400000000000000e+04
3.438759265229002823e-03, 2.813700000000000000e+04
3.454533390298860588e-03, 2.753700000000000000e+04
3.470307515368718787e-03, 2.618400000000000000e+04
3.486081640438576552e-03, 2.411600000000000000e+04
3.501855765508434318e-03, 2.063400000000000000e+04
3.517629890578292083e-03, 1.708100000000000000e+04
3.533404015648149848e-03, 1.327700000000000000e+04
3.549178140718007614e-03, 1.093800000000000000e+04
3.564952265787865379e-03, 6.540000000000000000e+03
3.580726390857723145e-03, 5.765000000000000000e+03
3.596500515927580910e-03, 4.137000000000000000e+03
3.612274640997438675e-03, 4.082000000000000000e+03
3.628048766067296874e-03, 6.631000000000000000e+03
3.643822891137154640e-03, 7.124000000000000000e+03
3.659597016207012405e-03, 9.801000000000000000e+03
3.675371141276870170e-03, 1.336900000000000000e+04
3.691145266346727936e-03, 1.641100000000000000e+04
3.706919391416585701e-03, 2.061100000000000000e+04
3.722693516486443466e-03, 2.291200000000000000e+04
3.738467641556301232e-03, 2.625700000000000000e+04
3.754241766626158997e-03, 2.653100000000000000e+04
3.770015891696017196e-03, 2.886600000000000000e+04
3.785790016765874962e-03, 2.761000000000000000e+04
3.801564141835732727e-03, 2.708200000000000000e+04
3.817338266905590492e-03, 2.525500000000000000e+04
3.833112391975448258e-03, 2.234700000000000000e+04
3.848886517045306023e-03, 1.859400000000000000e+04
3.864660642115163788e-03, 1.548400000000000000e+04
3.880434767185021554e-03, 1.252500000000000000e+04
3.896208892254879319e-03, 9.000000000000000000e+03
3.911983017324737084e-03, 6.324000000000000000e+03
3.927757142394594850e-03, 4.238000000000000000e+03
3.943531267464452615e-03, 3.766000000000000000e+03
3.959305392534310380e-03, 3.750000000000000000e+03
3.975079517604168146e-03, 6.111000000000000000e+03
3.990853642674026779e-03, 7.608000000000000000e+03
4.006627767743884544e-03, 1.191500000000000000e+04
4.022401892813742309e-03, 1.569100000000000000e+04
4.038176017883600075e-03, 1.757700000000000000e+04
4.053950142953457840e-03, 2.138200000000000000e+04
4.069724268023315605e-03, 2.474000000000000000e+04
4.085498393093173371e-03, 2.591600000000000000e+04
4.101272518163031136e-03, 2.880400000000000000e+04
4.117046643232888901e-03, 2.765800000000000000e+04
4.132820768302746667e-03, 2.792100000000000000e+04
4.148594893372604432e-03, 2.679900000000000000e+04
4.164369018442462198e-03, 2.269100000000000000e+04
4.180143143512319963e-03, 2.147800000000000000e+04
4.195917268582177728e-03, 1.594000000000000000e+04
4.211691393652035494e-03, 1.253600000000000000e+04
4.227465518721893259e-03, 1.001100000000000000e+04
4.243239643791751024e-03, 7.075000000000000000e+03
4.259013768861608790e-03, 4.989000000000000000e+03
4.274787893931466555e-03, 3.492000000000000000e+03
4.290562019001325188e-03, 3.411000000000000000e+03
4.306336144071182953e-03, 6.321000000000000000e+03
4.322110269141040718e-03, 7.517000000000000000e+03
4.337884394210898484e-03, 9.718000000000000000e+03
4.353658519280756249e-03, 1.373800000000000000e+04
4.369432644350614015e-03, 1.556700000000000000e+04
4.385206769420471780e-03, 2.105400000000000000e+04
4.400980894490329545e-03, 2.365700000000000000e+04
4.416755019560187311e-03, 2.695400000000000000e+04
4.432529144630045076e-03, 2.704900000000000000e+04
4.448303269699902841e-03, 2.814100000000000000e+04
4.464077394769760607e-03, 2.784700000000000000e+04
4.479851519839618372e-03, 2.635100000000000000e+04
4.495625644909476137e-03, 2.436100000000000000e+04
4.511399769979333903e-03, 2.211500000000000000e+04
4.527173895049191668e-03, 1.826800000000000000e+04
4.542948020119049433e-03, 1.559700000000000000e+04
4.558722145188907199e-03, 1.208300000000000000e+04
4.574496270258764964e-03, 8.223000000000000000e+03
4.590270395328623597e-03, 6.066000000000000000e+03
4.606044520398481362e-03, 3.444000000000000000e+03
4.621818645468339128e-03, 3.187000000000000000e+03
4.637592770538196893e-03, 3.888000000000000000e+03
4.653366895608054658e-03, 6.544000000000000000e+03
4.669141020677912424e-03, 8.398000000000000000e+03
4.684915145747770189e-03, 1.270400000000000000e+04
4.700689270817627954e-03, 1.562700000000000000e+04
4.716463395887485720e-03, 1.861600000000000000e+04
4.732237520957343485e-03, 2.196200000000000000e+04
4.748011646027201250e-03, 2.498800000000000000e+04
4.763785771097059016e-03, 2.601200000000000000e+04
4.779559896166916781e-03, 2.830000000000000000e+04
4.795334021236774547e-03, 2.786200000000000000e+04
4.811108146306632312e-03, 2.850900000000000000e+04
4.826882271376490077e-03, 2.644000000000000000e+04
4.842656396446347843e-03, 2.342200000000000000e+04
4.858430521516205608e-03, 2.024000000000000000e+04
4.874204646586064241e-03, 1.645500000000000000e+04
4.889978771655922006e-03, 1.202400000000000000e+04
4.905752896725779771e-03, 9.599000000000000000e+03
4.921527021795637537e-03, 7.298000000000000000e+03
4.937301146865495302e-03, 4.543000000000000000e+03
4.953075271935353067e-03, 3.284000000000000000e+03
4.968849397005210833e-03, 3.223000000000000000e+03
4.984623522075068598e-03, 5.543000000000000000e+03
5.000397647144926364e-03, 7.973000000000000000e+03
5.016171772214784129e-03, 1.033200000000000000e+04
5.031945897284641894e-03, 1.325300000000000000e+04
5.047720022354499660e-03, 1.669600000000000000e+04
5.063494147424357425e-03, 2.102000000000000000e+04
5.079268272494215190e-03, 2.366900000000000000e+04
5.095042397564072956e-03, 2.659400000000000000e+04
5.110816522633930721e-03, 2.788000000000000000e+04
5.126590647703788486e-03, 2.812500000000000000e+04
5.142364772773646252e-03, 2.838800000000000000e+04
5.158138897843504017e-03, 2.658000000000000000e+04
5.173913022913362650e-03, 2.403900000000000000e+04
5.189687147983220415e-03, 2.200600000000000000e+04
5.205461273053078181e-03, 1.684500000000000000e+04
5.221235398122935946e-03, 1.486600000000000000e+04
5.237009523192793711e-03, 1.092800000000000000e+04
5.252783648262651477e-03, 7.210000000000000000e+03
5.268557773332509242e-03, 5.526000000000000000e+03
5.284331898402367007e-03, 4.326000000000000000e+03
5.300106023472224773e-03, 4.044000000000000000e+03
5.315880148542082538e-03, 4.924000000000000000e+03
5.331654273611940303e-03, 6.626000000000000000e+03
5.347428398681798069e-03, 8.237000000000000000e+03
5.363202523751655834e-03, 1.227500000000000000e+04
5.378976648821513599e-03, 1.494100000000000000e+04
5.394750773891371365e-03, 1.931500000000000000e+04
5.410524898961229130e-03, 2.148000000000000000e+04
5.426299024031086896e-03, 2.602200000000000000e+04
5.442073149100944661e-03, 2.663800000000000000e+04
5.457847274170802426e-03, 2.849800000000000000e+04
5.473621399240661059e-03, 2.834900000000000000e+04
5.489395524310518824e-03, 2.743000000000000000e+04
5.505169649380376590e-03, 2.594600000000000000e+04
5.520943774450234355e-03, 2.275900000000000000e+04
5.536717899520092120e-03, 1.967600000000000000e+04
5.552492024589949886e-03, 1.673100000000000000e+04
5.568266149659807651e-03, 1.192500000000000000e+04
5.584040274729665417e-03, 9.902000000000000000e+03
5.599814399799523182e-03, 6.783000000000000000e+03
5.615588524869380947e-03, 5.646000000000000000e+03
5.631362649939238713e-03, 4.378000000000000000e+03
5.647136775009096478e-03, 4.422000000000000000e+03
5.662910900078954243e-03, 5.471000000000000000e+03
5.678685025148812009e-03, 7.548000000000000000e+03
5.694459150218669774e-03, 1.112400000000000000e+04
5.710233275288527539e-03, 1.388100000000000000e+04
5.726007400358385305e-03, 1.809400000000000000e+04
5.741781525428243070e-03, 2.157000000000000000e+04
5.757555650498100835e-03, 2.366200000000000000e+04
5.773329775567959468e-03, 2.601100000000000000e+04
5.789103900637817234e-03, 2.862800000000000000e+04
5.804878025707674999e-03, 2.854300000000000000e+04
5.820652150777532764e-03, 2.905800000000000000e+04
5.836426275847390530e-03, 2.717300000000000000e+04
5.852200400917248295e-03, 2.463500000000000000e+04
5.867974525987106060e-03, 2.111100000000000000e+04
5.883748651056963826e-03, 1.733800000000000000e+04
5.899522776126821591e-03, 1.414000000000000000e+04
5.915296901196679356e-03, 1.117700000000000000e+04
5.931071026266537122e-03, 7.965000000000000000e+03
5.946845151336394887e-03, 7.010000000000000000e+03
5.962619276406252652e-03, 4.992000000000000000e+03
5.978393401476110418e-03, 4.741000000000000000e+03
5.994167526545968183e-03, 5.105000000000000000e+03
6.009941651615825949e-03, 6.171000000000000000e+03
6.025715776685683714e-03, 9.013000000000000000e+03
6.041489901755541479e-03, 1.256900000000000000e+04
6.057264026825400112e-03, 1.629500000000000000e+04
6.073038151895257877e-03, 1.900200000000000000e+04
6.088812276965115643e-03, 2.198000000000000000e+04
6.104586402034973408e-03, 2.696000000000000000e+04
6.120360527104831173e-03, 2.751100000000000000e+04
6.136134652174688939e-03, 2.902400000000000000e+04
6.151908777244546704e-03, 2.895300000000000000e+04
6.167682902314404469e-03, 2.704300000000000000e+04
6.183457027384262235e-03, 2.618700000000000000e+04
6.199231152454120000e-03, 2.252800000000000000e+04
6.215005277523977766e-03, 2.002800000000000000e+04
6.230779402593835531e-03, 1.714100000000000000e+04
6.246553527663693296e-03, 1.138700000000000000e+04
6.262327652733551062e-03, 9.081000000000000000e+03
6.278101777803408827e-03, 5.983000000000000000e+03
6.293875902873266592e-03, 5.682000000000000000e+03
6.309650027943124358e-03, 4.831000000000000000e+03
6.325424153012982123e-03, 4.717000000000000000e+03
6.341198278082839888e-03, 6.302000000000000000e+03
6.356972403152698521e-03, 7.861000000000000000e+03
6.372746528222556286e-03, 1.170400000000000000e+04
6.388520653292414052e-03, 1.533900000000000000e+04
6.404294778362271817e-03, 1.774100000000000000e+04
6.420068903432129583e-03, 2.117600000000000000e+04
6.435843028501987348e-03, 2.428000000000000000e+04
6.451617153571845113e-03, 2.630700000000000000e+04
6.467391278641702879e-03, 2.935900000000000000e+04
6.483165403711560644e-03, 2.906800000000000000e+04
6.498939528781418409e-03, 2.792100000000000000e+04
6.514713653851276175e-03, 2.600900000000000000e+04
6.530487778921133940e-03, 2.398100000000000000e+04
6.546261903990991705e-03, 2.017400000000000000e+04
6.562036029060849471e-03, 1.721900000000000000e+04
6.577810154130707236e-03, 1.377600000000000000e+04
6.593584279200565001e-03, 1.048300000000000000e+04
6.609358404270422767e-03, 7.763000000000000000e+03
6.625132529340280532e-03, 6.644000000000000000e+03
6.640906654410138298e-03, 4.856000000000000000e+03
6.656680779479996930e-03, 4.727000000000000000e+03
6.672454904549854696e-03, 5.454000000000000000e+03
6.688229029619712461e-03, 7.382000000000000000e+03
6.704003154689570226e-03, 9.174000000000000000e+03
6.719777279759427992e-03, 1.260000000000000000e+04
6.735551404829285757e-03, 1.649000000000000000e+04
6.751325529899143522e-03, 2.040500000000000000e+04
6.767099654969001288e-03, 2.299100000000000000e+04
6.782873780038859053e-03, 2.630200000000000000e+04
6.798647905108716819e-03, 2.682600000000000000e+04
6.814422030178574584e-03, 2.954700000000000000e+04
6.830196155248432349e-03, 2.816600000000000000e+04
6.845970280318290115e-03, 2.730600000000000000e+04
6.861744405388147880e-03, 2.573300000000000000e+04
6.877518530458005645e-03, 2.127900000000000000e+04
6.893292655527863411e-03, 1.967300000000000000e+04
6.909066780597721176e-03, 1.637400000000000000e+04
6.924840905667578941e-03, 1.174500000000000000e+04
6.940615030737437574e-03, 8.779000000000000000e+03
6.956389155807295339e-03, 5.661000000000000000e+03
6.972163280877153105e-03, 5.230000000000000000e+03
6.987937405947010870e-03, 4.579000000000000000e+03
7.003711531016868636e-03, 4.555000000000000000e+03
7.019485656086726401e-03, 6.191000000000000000e+03
7.035259781156584166e-03, 8.237000000000000000e+03
7.051033906226441932e-03, 1.132500000000000000e+04
7.066808031296299697e-03, 1.431300000000000000e+04
7.082582156366157462e-03, 1.736800000000000000e+04
7.098356281436015228e-03, 2.186800000000000000e+04
7.114130406505872993e-03, 2.530400000000000000e+04
7.129904531575730758e-03, 2.696100000000000000e+04
7.145678656645588524e-03, 3.008400000000000000e+04
7.161452781715446289e-03, 2.895300000000000000e+04
7.177226906785304054e-03, 2.748500000000000000e+04
7.193001031855161820e-03, 2.601500000000000000e+04
7.208775156925019585e-03, 2.401600000000000000e+04
7.224549281994877351e-03, 1.995000000000000000e+04
7.240323407064735983e-03, 1.750100000000000000e+04
7.256097532134593749e-03, 1.287000000000000000e+04
7.271871657204451514e-03, 1.094900000000000000e+04
7.287645782274309279e-03, 6.974000000000000000e+03
7.303419907344167045e-03, 6.173000000000000000e+03
7.319194032414024810e-03, 4.415000000000000000e+03
7.334968157483882575e-03, 4.291000000000000000e+03
7.350742282553740341e-03, 6.451000000000000000e+03
7.366516407623598106e-03, 7.406000000000000000e+03
7.382290532693455871e-03, 9.612000000000000000e+03
7.398064657763313637e-03, 1.321800000000000000e+04
7.413838782833171402e-03, 1.669900000000000000e+04
7.429612907903029168e-03, 2.022100000000000000e+04
7.445387032972886933e-03, 2.260300000000000000e+04
7.461161158042744698e-03, 2.612200000000000000e+04
7.476935283112602464e-03, 2.649400000000000000e+04
7.492709408182460229e-03, 2.970100000000000000e+04
7.508483533252317994e-03, 2.754500000000000000e+04
7.524257658322175760e-03, 2.757300000000000000e+04
7.540031783392034392e-03, 2.525900000000000000e+04
7.555805908461892158e-03, 2.174800000000000000e+04
7.571580033531749923e-03, 1.905600000000000000e+04
7.587354158601607688e-03, 1.571300000000000000e+04
7.603128283671465454e-03, 1.254900000000000000e+04
7.618902408741323219e-03, 9.225000000000000000e+03
7.634676533811180985e-03, 6.433000000000000000e+03
7.650450658881038750e-03, 4.518000000000000000e+03
7.666224783950896515e-03, 4.047000000000000000e+03
7.681998909020754281e-03, 4.079000000000000000e+03
7.697773034090612046e-03, 5.636000000000000000e+03
7.713547159160469811e-03, 7.757000000000000000e+03
7.729321284230327577e-03, 1.171500000000000000e+04
7.745095409300185342e-03, 1.489100000000000000e+04
7.760869534370043107e-03, 1.813200000000000000e+04
7.776643659439900873e-03, 2.137600000000000000e+04
7.792417784509758638e-03, 2.506600000000000000e+04
7.808191909579616403e-03, 2.626000000000000000e+04
7.823966034649474169e-03, 2.911700000000000000e+04
7.839740159719332802e-03, 2.775000000000000000e+04
7.855514284789189700e-03, 2.774300000000000000e+04
7.871288409859048332e-03, 2.641100000000000000e+04
7.887062534928905230e-03, 2.358300000000000000e+04
7.902836659998763863e-03, 2.134200000000000000e+04
7.918610785068620761e-03, 1.623900000000000000e+04
7.934384910138479394e-03, 1.294900000000000000e+04
7.950159035208336292e-03, 1.061100000000000000e+04
7.965933160278194924e-03, 6.683000000000000000e+03
7.981707285348053557e-03, 5.356000000000000000e+03
7.997481410417910455e-03, 3.843000000000000000e+03
8.013255535487769088e-03, 3.752000000000000000e+03
8.029029660557625986e-03, 6.507000000000000000e+03
8.044803785627484619e-03, 6.844000000000000000e+03
8.060577910697341517e-03, 9.973000000000000000e+03
8.076352035767200149e-03, 1.392600000000000000e+04
8.092126160837057047e-03, 1.570800000000000000e+04
8.107900285906915680e-03, 2.132600000000000000e+04
8.123674410976772578e-03, 2.311800000000000000e+04
8.139448536046631211e-03, 2.655400000000000000e+04
8.155222661116488109e-03, 2.679600000000000000e+04
8.170996786186346741e-03, 2.855200000000000000e+04
8.186770911256203639e-03, 2.762200000000000000e+04
8.202545036326062272e-03, 2.653000000000000000e+04
8.218319161395919170e-03, 2.484800000000000000e+04
8.234093286465777803e-03, 2.193400000000000000e+04
8.249867411535634701e-03, 1.887100000000000000e+04
8.265641536605493334e-03, 1.523500000000000000e+04
8.281415661675351966e-03, 1.233300000000000000e+04
8.297189786745208864e-03, 8.520000000000000000e+03
8.312963911815067497e-03, 6.335000000000000000e+03
8.328738036884924395e-03, 3.839000000000000000e+03
8.344512161954783028e-03, 3.423000000000000000e+03
8.360286287024639926e-03, 3.409000000000000000e+03
8.376060412094498558e-03, 6.034000000000000000e+03
8.391834537164355456e-03, 8.026000000000000000e+03
8.407608662234214089e-03, 1.247600000000000000e+04
8.423382787304070987e-03, 1.626200000000000000e+04
8.439156912373929620e-03, 1.814700000000000000e+04
8.454931037443786518e-03, 2.175800000000000000e+04
8.470705162513645151e-03, 2.487500000000000000e+04
8.486479287583502049e-03, 2.529100000000000000e+04
8.502253412653360681e-03, 2.831700000000000000e+04
8.518027537723217579e-03, 2.768200000000000000e+04
8.533801662793076212e-03, 2.825100000000000000e+04
8.549575787862933110e-03, 2.712200000000000000e+04
8.565349912932791743e-03, 2.320000000000000000e+04
8.581124038002650375e-03, 2.114900000000000000e+04
8.596898163072507273e-03, 1.603800000000000000e+04
8.612672288142365906e-03, 1.185700000000000000e+04
8.628446413212222804e-03, 9.589000000000000000e+03
8.644220538282081437e-03, 7.349000000000000000e+03
8.659994663351938335e-03, 4.514000000000000000e+03
8.675768788421796968e-03, 3.143000000000000000e+03
8.691542913491653866e-03, 3.177000000000000000e+03
8.707317038561512498e-03, 5.971000000000000000e+03
8.723091163631369396e-03, 7.955000000000000000e+03
8.738865288701228029e-03, 9.944000000000000000e+03
8.754639413771084927e-03, 1.382800000000000000e+04
8.770413538840943560e-03, 1.594700000000000000e+04
8.786187663910800458e-03, 2.079900000000000000e+04
8.801961788980659090e-03, 2.395200000000000000e+04
8.817735914050515988e-03, 2.702200000000000000e+04
8.833510039120374621e-03, 2.743500000000000000e+04
8.849284164190231519e-03, 2.806400000000000000e+04
8.865058289260090152e-03, 2.815600000000000000e+04
8.880832414329948785e-03, 2.639500000000000000e+04
8.896606539399805683e-03, 2.399600000000000000e+04
8.912380664469664315e-03, 2.211200000000000000e+04
8.928154789539521213e-03, 1.726800000000000000e+04
8.943928914609379846e-03, 1.545800000000000000e+04
8.959703039679236744e-03, 1.136200000000000000e+04
8.975477164749095377e-03, 7.615000000000000000e+03
8.991251289818952275e-03, 5.687000000000000000e+03
9.007025414888810907e-03, 3.510000000000000000e+03
9.022799539958667805e-03, 3.230000000000000000e+03
9.038573665028526438e-03, 4.663000000000000000e+03
9.054347790098383336e-03, 6.681000000000000000e+03
9.070121915168241969e-03, 8.360000000000000000e+03
9.085896040238098867e-03, 1.269700000000000000e+04
9.101670165307957500e-03, 1.511400000000000000e+04
9.117444290377814398e-03, 1.927800000000000000e+04
9.133218415447673030e-03, 2.150200000000000000e+04
9.148992540517529928e-03, 2.550100000000000000e+04
9.164766665587388561e-03, 2.631900000000000000e+04
9.180540790657247194e-03, 2.837900000000000000e+04
9.196314915727104092e-03, 2.805300000000000000e+04
9.212089040796962724e-03, 2.816000000000000000e+04
9.227863165866819622e-03, 2.596800000000000000e+04
9.243637290936678255e-03, 2.316700000000000000e+04
9.259411416006535153e-03, 1.989900000000000000e+04
9.275185541076393786e-03, 1.682900000000000000e+04
9.290959666146250684e-03, 1.224000000000000000e+04
9.306733791216109317e-03, 9.929000000000000000e+03
9.322507916285966215e-03, 7.051000000000000000e+03
9.338282041355824847e-03, 5.246000000000000000e+03
9.354056166425681745e-03, 4.089000000000000000e+03
9.369830291495540378e-03, 4.037000000000000000e+03
9.385604416565397276e-03, 5.206000000000000000e+03
9.401378541635255909e-03, 7.884000000000000000e+03
9.417152666705112807e-03, 1.048600000000000000e+04
9.432926791774971439e-03, 1.343000000000000000e+04
9.448700916844830072e-03, 1.715000000000000000e+04
9.464475041914686970e-03, 2.129400000000000000e+04
9.480249166984545603e-03, 2.343300000000000000e+04
9.496023292054402501e-03, 2.611500000000000000e+04
9.511797417124261134e-03, 2.826400000000000000e+04
9.527571542194118032e-03, 2.828900000000000000e+04
9.543345667263976664e-03, 2.875500000000000000e+04
9.559119792333833562e-03, 2.690800000000000000e+04
9.574893917403692195e-03, 2.433400000000000000e+04
9.590668042473549093e-03, 2.129700000000000000e+04
9.606442167543407726e-03, 1.680100000000000000e+04
9.622216292613264624e-03, 1.418800000000000000e+04
9.637990417683123257e-03, 1.092400000000000000e+04
9.653764542752980155e-03, 7.650000000000000000e+03
9.669538667822838787e-03, 6.076000000000000000e+03
9.685312792892695685e-03, 4.812000000000000000e+03
9.701086917962554318e-03, 4.339000000000000000e+03
9.716861043032411216e-03, 5.134000000000000000e+03
9.732635168102269849e-03, 6.394000000000000000e+03
9.748409293172128481e-03, 8.558000000000000000e+03
9.764183418241985379e-03, 1.255700000000000000e+04
9.779957543311844012e-03, 1.559100000000000000e+04
9.795731668381700910e-03, 1.922900000000000000e+04
9.811505793451559543e-03, 2.170400000000000000e+04
9.827279918521416441e-03, 2.653800000000000000e+04
9.843054043591275074e-03, 2.703600000000000000e+04
9.858828168661131972e-03, 2.873600000000000000e+04
9.874602293730990604e-03, 2.869900000000000000e+04
9.890376418800847502e-03, 2.668400000000000000e+04
9.906150543870706135e-03, 2.590600000000000000e+04
9.921924668940563033e-03, 2.257300000000000000e+04
9.937698794010421666e-03, 1.999400000000000000e+04
9.953472919080278564e-03, 1.721400000000000000e+04
9.969247044150137196e-03, 1.169900000000000000e+04
9.985021169219994094e-03, 9.629000000000000000e+03
1.000079529428985273e-02, 6.330000000000000000e+03
1.001656941935970963e-02, 5.610000000000000000e+03
1.003234354442956826e-02, 4.769000000000000000e+03
1.004811766949942689e-02, 4.735000000000000000e+03
1.006389179456928379e-02, 6.108000000000000000e+03
1.007966591963914242e-02, 7.218000000000000000e+03
1.009544004470899932e-02, 1.145700000000000000e+04
1.011121416977885795e-02, 1.470300000000000000e+04
1.012698829484871485e-02, 1.804000000000000000e+04
1.014276241991857348e-02, 2.158500000000000000e+04
1.015853654498843038e-02, 2.381200000000000000e+04
1.017431067005828901e-02, 2.606100000000000000e+04
1.019008479512814591e-02, 2.906000000000000000e+04
1.020585892019800454e-02, 2.884900000000000000e+04
1.022163304526786144e-02, 2.868000000000000000e+04
1.023740717033772007e-02, 2.690000000000000000e+04
1.025318129540757697e-02, 2.446500000000000000e+04
1.026895542047743561e-02, 2.033400000000000000e+04
1.028472954554729250e-02, 1.736100000000000000e+04
1.030050367061715114e-02, 1.417700000000000000e+04
1.031627779568700803e-02, 1.087500000000000000e+04
1.033205192075686667e-02, 7.766000000000000000e+03
1.034782604582672530e-02, 6.677000000000000000e+03
1.036360017089658220e-02, 4.990000000000000000e+03
1.037937429596644083e-02, 4.802000000000000000e+03
1.039514842103629773e-02, 5.691000000000000000e+03
1.041092254610615636e-02, 6.940000000000000000e+03
1.042669667117601326e-02, 9.284000000000000000e+03
1.044247079624587189e-02, 1.251800000000000000e+04
1.045824492131572879e-02, 1.680000000000000000e+04
1.047401904638558742e-02, 2.004000000000000000e+04
1.048979317145544432e-02, 2.262800000000000000e+04
1.050556729652530295e-02, 2.682200000000000000e+04
1.052134142159515985e-02, 2.763300000000000000e+04
1.053711554666501848e-02, 2.924200000000000000e+04
1.055288967173487538e-02, 2.893700000000000000e+04
1.056866379680473401e-02, 2.713100000000000000e+04
1.058443792187459091e-02, 2.643800000000000000e+04
1.060021204694444955e-02, 2.156400000000000000e+04
1.061598617201430644e-02, 1.962500000000000000e+04
1.063176029708416508e-02, 1.677000000000000000e+04
1.064753442215402371e-02, 1.184900000000000000e+04
1.066330854722388061e-02, 8.818000000000000000e+03
1.067908267229373924e-02, 5.481000000000000000e+03
1.069485679736359614e-02, 5.470000000000000000e+03
1.071063092243345477e-02, 4.719000000000000000e+03
1.072640504750331167e-02, 4.723000000000000000e+03
1.074217917257317030e-02, 6.354000000000000000e+03
1.075795329764302720e-02, 8.256000000000000000e+03
1.077372742271288583e-02, 1.150300000000000000e+04
1.078950154778274273e-02, 1.470800000000000000e+04
1.080527567285260136e-02, 1.721000000000000000e+04
1.082104979792245826e-02, 2.144100000000000000e+04
1.083682392299231689e-02, 2.487300000000000000e+04
1.085259804806217379e-02, 2.656600000000000000e+04
1.086837217313203242e-02, 2.972600000000000000e+04
1.088414629820188932e-02, 2.927300000000000000e+04
1.089992042327174795e-02, 2.756300000000000000e+04
1.091569454834160485e-02, 2.607900000000000000e+04
1.093146867341146349e-02, 2.387500000000000000e+04
1.094724279848132212e-02, 2.000000000000000000e+04
1.096301692355117902e-02, 1.747700000000000000e+04
1.097879104862103765e-02, 1.325200000000000000e+04
1.099456517369089455e-02, 1.058900000000000000e+04
1.101033929876075318e-02, 7.385000000000000000e+03
1.102611342383061008e-02, 6.407000000000000000e+03
1.104188754890046871e-02, 4.681000000000000000e+03
1.105766167397032561e-02, 4.558000000000000000e+03
1.107343579904018424e-02, 6.242000000000000000e+03
1.108920992411004114e-02, 7.491000000000000000e+03
1.110498404917989977e-02, 9.014000000000000000e+03
1.112075817424975667e-02, 1.316400000000000000e+04
1.113653229931961530e-02, 1.691600000000000000e+04
1.115230642438947220e-02, 2.018100000000000000e+04
1.116808054945933083e-02, 2.285200000000000000e+04
1.118385467452918773e-02, 2.611600000000000000e+04
1.119962879959904636e-02, 2.648000000000000000e+04
1.121540292466890326e-02, 2.986200000000000000e+04
1.123117704973876189e-02, 2.784300000000000000e+04
1.124695117480862053e-02, 2.757700000000000000e+04
1.126272529987847743e-02, 2.525400000000000000e+04
1.127849942494833606e-02, 2.145600000000000000e+04
1.129427355001819296e-02, 1.938500000000000000e+04
1.131004767508805159e-02, 1.570200000000000000e+04
1.132582180015790849e-02, 1.182400000000000000e+04
1.134159592522776712e-02, 9.181000000000000000e+03
1.135737005029762402e-02, 6.336000000000000000e+03
1.137314417536748265e-02, 4.921000000000000000e+03
1.138891830043733955e-02, 4.309000000000000000e+03
1.140469242550719818e-02, 4.288000000000000000e+03
1.142046655057705508e-02, 5.947000000000000000e+03
1.143624067564691371e-02, 8.124000000000000000e+03
1.145201480071677061e-02, 1.170100000000000000e+04
1.146778892578662924e-02, 1.448700000000000000e+04
1.148356305085648614e-02, 1.751900000000000000e+04
1.149933717592634477e-02, 2.170900000000000000e+04
1.151511130099620167e-02, 2.525700000000000000e+04
1.153088542606606030e-02, 2.672100000000000000e+04
1.154665955113591894e-02, 2.961300000000000000e+04
1.156243367620577583e-02, 2.812400000000000000e+04
1.157820780127563447e-02, 2.753700000000000000e+04
1.159398192634549137e-02, 2.620000000000000000e+04
1.160975605141535000e-02, 2.424100000000000000e+04
1.162553017648520690e-02, 2.064000000000000000e+04
1.164130430155506553e-02, 1.708100000000000000e+04
1.165707842662492243e-02, 1.304500000000000000e+04
1.167285255169478106e-02, 1.123100000000000000e+04
1.168862667676463796e-02, 6.553000000000000000e+03
1.170440080183449659e-02, 5.765000000000000000e+03
1.172017492690435349e-02, 4.082000000000000000e+03
1.173594905197421212e-02, 4.031000000000000000e+03
1.175172317704406902e-02, 6.629000000000000000e+03
1.176749730211392765e-02, 7.124000000000000000e+03
1.178327142718378455e-02, 9.983000000000000000e+03
1.179904555225364318e-02, 1.317100000000000000e+04
1.181481967732350181e-02, 1.640200000000000000e+04
1.183059380239335871e-02, 2.061000000000000000e+04
1.184636792746321735e-02, 2.281600000000000000e+04
1.186214205253307424e-02, 2.639400000000000000e+04
1.187791617760293288e-02, 2.653800000000000000e+04
1.189369030267278977e-02, 2.886600000000000000e+04
1.190946442774264841e-02, 2.753000000000000000e+04
1.192523855281250530e-02, 2.715200000000000000e+04
1.194101267788236394e-02, 2.525800000000000000e+04
1.195678680295222084e-02, 2.234800000000000000e+04
1.197256092802207947e-02, 1.903800000000000000e+04
1.198833505309193637e-02, 1.582200000000000000e+04
1.200410917816179500e-02, 1.254300000000000000e+04
1.201988330323165190e-02, 9.001000000000000000e+03
1.203565742830151053e-02, 6.454000000000000000e+03
1.205143155337136743e-02, 4.821000000000000000e+03
1.206720567844122606e-02, 3.799000000000000000e+03
1.208297980351108296e-02, 3.751000000000000000e+03
1.209875392858094159e-02, 5.582000000000000000e+03
1.211452805365080022e-02, 7.399000000000000000e+03
1.213030217872065712e-02, 1.190400000000000000e+04
1.214607630379051575e-02, 1.569000000000000000e+04
1.216185042886037265e-02, 1.797800000000000000e+04
1.217762455393023129e-02, 2.091400000000000000e+04
1.219339867900008818e-02, 2.470600000000000000e+04
1.220917280406994682e-02, 2.591500000000000000e+04
1.222494692913980371e-02, 2.857400000000000000e+04
1.224072105420966235e-02, 2.774700000000000000e+04
1.225649517927951924e-02, 2.792600000000000000e+04
1.227226930434937788e-02, 2.679900000000000000e+04
1.228804342941923478e-02, 2.319800000000000000e+04
1.230381755448909341e-02, 2.103100000000000000e+04
1.231959167955895031e-02, 1.590700000000000000e+04
1.233536580462880894e-02, 1.253500000000000000e+04
1.235113992969866584e-02, 1.007000000000000000e+04
1.236691405476852447e-02, 6.904000000000000000e+03
1.238268817983838137e-02, 4.976000000000000000e+03
1.239846230490824000e-02, 3.492000000000000000e+03
1.241423642997809863e-02, 3.411000000000000000e+03
1.243001055504795553e-02, 6.988000000000000000e+03
1.244578468011781416e-02, 7.569000000000000000e+03
1.246155880518767106e-02, 9.720000000000000000e+03
1.247733293025752969e-02, 1.396800000000000000e+04
1.249310705532738659e-02, 1.523800000000000000e+04
1.250888118039724523e-02, 2.101000000000000000e+04
1.252465530546710212e-02, 2.365600000000000000e+04
1.254042943053696076e-02, 2.695400000000000000e+04
1.255620355560681765e-02, 2.716100000000000000e+04
1.257197768067667629e-02, 2.815800000000000000e+04
1.258775180574653318e-02, 2.784700000000000000e+04
1.260352593081639182e-02, 2.635100000000000000e+04
1.261930005588624872e-02, 2.392900000000000000e+04
1.263507418095610735e-02, 2.203200000000000000e+04
1.265084830602596425e-02, 1.826600000000000000e+04
1.266662243109582288e-02, 1.546900000000000000e+04
1.268239655616567978e-02, 1.181900000000000000e+04
1.269817068123553841e-02, 8.180000000000000000e+03
1.271394480630539704e-02, 6.065000000000000000e+03
1.272971893137525394e-02, 3.444000000000000000e+03
1.274549305644511257e-02, 3.083000000000000000e+03
1.276126718151496947e-02, 3.880000000000000000e+03
1.277704130658482810e-02, 6.544000000000000000e+03
1.279281543165468500e-02, 8.398000000000000000e+03
1.280858955672454363e-02, 1.278100000000000000e+04
1.282436368179440053e-02, 1.557200000000000000e+04
1.284013780686425917e-02, 1.861400000000000000e+04
1.285591193193411606e-02, 2.196200000000000000e+04
1.287168605700397470e-02, 2.521000000000000000e+04
1.288746018207383159e-02, 2.604100000000000000e+04
1.290323430714369023e-02, 2.830100000000000000e+04
1.291900843221354712e-02, 2.786200000000000000e+04
1.293478255728340576e-02, 2.848700000000000000e+04
1.295055668235326266e-02, 2.631800000000000000e+04
1.296633080742312129e-02, 2.341800000000000000e+04
1.298210493249297819e-02, 2.024000000000000000e+04
1.299787905756283682e-02, 1.662200000000000000e+04
1.301365318263269545e-02, 1.210900000000000000e+04
1.302942730770255235e-02, 9.602000000000000000e+03
1.304520143277241098e-02, 7.298000000000000000e+03
1.306097555784226788e-02, 4.757000000000000000e+03
1.307674968291212651e-02, 3.249000000000000000e+03
1.309252380798198341e-02, 3.222000000000000000e+03
1.310829793305184204e-02, 5.543000000000000000e+03
1.312407205812169894e-02, 8.005000000000000000e+03
1.313984618319155757e-02, 1.026200000000000000e+04
1.315562030826141447e-02, 1.325100000000000000e+04
1.317139443333127310e-02, 1.669600000000000000e+04
1.318716855840113000e-02, 2.099600000000000000e+04
1.320294268347098864e-02, 2.374300000000000000e+04
1.321871680854084553e-02, 2.659600000000000000e+04
1.323449093361070417e-02, 2.788000000000000000e+04
1.325026505868056106e-02, 2.815800000000000000e+04
1.326603918375041970e-02, 2.815700000000000000e+04
1.328181330882027660e-02, 2.657200000000000000e+04
1.329758743389013523e-02, 2.403900000000000000e+04
1.331336155895999386e-02, 2.173500000000000000e+04
1.332913568402985076e-02, 1.694300000000000000e+04
1.334490980909970939e-02, 1.487000000000000000e+04
1.336068393416956629e-02, 1.092800000000000000e+04
1.337645805923942492e-02, 7.336000000000000000e+03
1.339223218430928182e-02, 5.483000000000000000e+03
1.340800630937914045e-02, 4.325000000000000000e+03
1.342378043444899735e-02, 4.044000000000000000e+03
1.343955455951885598e-02, 5.045000000000000000e+03
1.345532868458871288e-02, 6.561000000000000000e+03
1.347110280965857151e-02, 8.234000000000000000e+03
1.348687693472842841e-02, 1.227500000000000000e+04
1.350265105979828704e-02, 1.521300000000000000e+04
1.351842518486814394e-02, 1.953100000000000000e+04
1.353419930993800258e-02, 2.148900000000000000e+04
1.354997343500785947e-02, 2.602200000000000000e+04
1.356574756007771811e-02, 2.672400000000000000e+04
1.358152168514757500e-02, 2.855200000000000000e+04
1.359729581021743364e-02, 2.835100000000000000e+04
1.361306993528729227e-02, 2.743000000000000000e+04
1.362884406035714917e-02, 2.585800000000000000e+04
1.364461818542700780e-02, 2.288300000000000000e+04
1.366039231049686470e-02, 1.968200000000000000e+04
1.367616643556672333e-02, 1.673100000000000000e+04
1.369194056063658023e-02, 1.200900000000000000e+04
1.370771468570643886e-02, 1.024800000000000000e+04
1.372348881077629576e-02, 6.798000000000000000e+03
1.373926293584615439e-02, 5.646000000000000000e+03
1.375503706091601129e-02, 4.608000000000000000e+03
1.377081118598586992e-02, 4.333000000000000000e+03
1.378658531105572682e-02, 5.466000000000000000e+03
1.380235943612558545e-02, 7.548000000000000000e+03
1.381813356119544235e-02, 1.097000000000000000e+04
1.383390768626530098e-02, 1.419700000000000000e+04
1.384968181133515788e-02, 1.810900000000000000e+04
1.386545593640501652e-02, 2.157000000000000000e+04
1.388123006147487515e-02, 2.356600000000000000e+04
1.389700418654473205e-02, 2.608400000000000000e+04
1.391277831161459068e-02, 2.863100000000000000e+04
1.392855243668444758e-02, 2.854300000000000000e+04
1.394432656175430621e-02, 2.900000000000000000e+04
1.396010068682416311e-02, 2.727600000000000000e+04
1.397587481189402174e-02, 2.464000000000000000e+04
1.399164893696387864e-02, 2.111100000000000000e+04
1.400742306203373727e-02, 1.726700000000000000e+04
1.402319718710359417e-02, 1.381500000000000000e+04
1.403897131217345280e-02, 1.116100000000000000e+04
1.405474543724330970e-02, 7.964000000000000000e+03
1.407051956231316833e-02, 6.570000000000000000e+03
1.408629368738302523e-02, 4.863000000000000000e+03
1.410206781245288386e-02, 4.736000000000000000e+03
1.411784193752274076e-02, 5.105000000000000000e+03
1.413361606259259939e-02, 6.406000000000000000e+03
1.414939018766245629e-02, 8.847000000000000000e+03
1.416516431273231492e-02, 1.255900000000000000e+04
1.418093843780217356e-02, 1.629500000000000000e+04
1.419671256287203046e-02, 1.958400000000000000e+04
1.421248668794188909e-02, 2.227800000000000000e+04
1.422826081301174599e-02, 2.698100000000000000e+04
1.424403493808160462e-02, 2.751100000000000000e+04
1.425980906315146152e-02, 2.902400000000000000e+04
1.427558318822132015e-02, 2.906300000000000000e+04
1.429135731329117705e-02, 2.705300000000000000e+04
1.430713143836103568e-02, 2.618700000000000000e+04
1.432290556343089258e-02, 2.206000000000000000e+04
1.433867968850075121e-02, 1.949900000000000000e+04
1.435445381357060811e-02, 1.710100000000000000e+04
1.437022793864046674e-02, 1.138600000000000000e+04
1.438600206371032364e-02, 9.139000000000000000e+03
1.440177618878018227e-02, 5.826000000000000000e+03
1.441755031385003917e-02, 5.666000000000000000e+03
1.443332443891989780e-02, 4.831000000000000000e+03
1.444909856398975470e-02, 4.797000000000000000e+03
1.446487268905961333e-02, 6.158000000000000000e+03
1.448064681412947197e-02, 7.852000000000000000e+03
1.449642093919932886e-02, 1.170400000000000000e+04
1.451219506426918750e-02, 1.491700000000000000e+04
1.452796918933904440e-02, 1.809600000000000000e+04
1.454374331440890303e-02, 2.120600000000000000e+04
1.455951743947875993e-02, 2.428100000000000000e+04
1.457529156454861856e-02, 2.630700000000000000e+04
1.459106568961847546e-02, 2.946900000000000000e+04
1.460683981468833409e-02, 2.907500000000000000e+04
1.462261393975819099e-02, 2.792100000000000000e+04
1.463838806482804962e-02, 2.624900000000000000e+04
1.465416218989790652e-02, 2.372000000000000000e+04
1.466993631496776515e-02, 2.009200000000000000e+04
1.468571044003762205e-02, 1.721600000000000000e+04
1.470148456510748068e-02, 1.377600000000000000e+04
1.471725869017733758e-02, 1.033300000000000000e+04
1.473303281524719621e-02, 7.730000000000000000e+03
1.474880694031705311e-02, 6.643000000000000000e+03
1.476458106538691174e-02, 4.856000000000000000e+03
1.478035519045677038e-02, 4.695000000000000000e+03
1.479612931552662727e-02, 5.436000000000000000e+03
1.481190344059648591e-02, 7.381000000000000000e+03
1.482767756566634280e-02, 9.174000000000000000e+03
1.484345169073620144e-02, 1.280000000000000000e+04
1.485922581580605834e-02, 1.656900000000000000e+04
1.487499994087591697e-02, 2.040800000000000000e+04
1.489077406594577387e-02, 2.299200000000000000e+04
1.490654819101563250e-02, 2.626500000000000000e+04
1.492232231608548940e-02, 2.686400000000000000e+04
1.493809644115534803e-02, 2.954800000000000000e+04
1.495387056622520493e-02, 2.816600000000000000e+04
1.496964469129506356e-02, 2.736500000000000000e+04
1.498541881636492046e-02, 2.575100000000000000e+04
1.500119294143477909e-02, 2.128000000000000000e+04
1.501696706650463599e-02, 1.967300000000000000e+04
1.503274119157449462e-02, 1.600000000000000000e+04
1.504851531664435152e-02, 1.165800000000000000e+04
1.506428944171421015e-02, 8.776000000000000000e+03
1.508006356678406878e-02, 5.661000000000000000e+03
1.509583769185392568e-02, 5.156000000000000000e+03
1.511161181692378432e-02, 4.564000000000000000e+03
1.512738594199364121e-02, 4.554000000000000000e+03
1.514316006706349985e-02, 6.191000000000000000e+03
1.515893419213335674e-02, 8.268000000000000000e+03
1.517470831720321538e-02, 1.125400000000000000e+04
1.519048244227307227e-02, 1.431000000000000000e+04
1.520625656734293091e-02, 1.736800000000000000e+04
1.522203069241278781e-02, 2.184500000000000000e+04
1.523780481748264644e-02, 2.513000000000000000e+04
1.525357894255250334e-02, 2.695500000000000000e+04
1.526935306762236197e-02, 3.008400000000000000e+04
1.528512719269221887e-02, 2.860500000000000000e+04
1.530090131776207750e-02, 2.751700000000000000e+04
1.531667544283193440e-02, 2.601700000000000000e+04
1.533244956790179303e-02, 2.401600000000000000e+04
1.534822369297164993e-02, 2.027600000000000000e+04
1.536399781804150856e-02, 1.763600000000000000e+04
1.537977194311136719e-02, 1.287500000000000000e+04
1.539554606818122409e-02, 1.094900000000000000e+04
1.541132019325108272e-02, 6.898000000000000000e+03
1.542709431832093962e-02, 6.123000000000000000e+03
1.544286844339079826e-02, 4.413000000000000000e+03
1.545864256846065515e-02, 4.291000000000000000e+03
1.547441669353051379e-02, 6.584000000000000000e+03
1.549019081860037068e-02, 7.660000000000000000e+03
1.550596494367022932e-02, 9.622000000000000000e+03
1.552173906874008621e-02, 1.321800000000000000e+04
1.553751319380994485e-02, 1.677900000000000000e+04
1.555328731887980175e-02, 2.003600000000000000e+04
1.556906144394966038e-02, 2.259600000000000000e+04
1.558483556901951728e-02, 2.612200000000000000e+04
1.560060969408937591e-02, 2.643700000000000000e+04
1.561638381915923281e-02, 2.972500000000000000e+04
1.563215794422909144e-02, 2.754600000000000000e+04
1.564793206929894834e-02, 2.757300000000000000e+04
1.566370619436880871e-02, 2.516300000000000000e+04
1.567948031943866560e-02, 2.186800000000000000e+04
1.569525444450852250e-02, 1.906200000000000000e+04
1.571102856957837940e-02, 1.571300000000000000e+04
1.572680269464823977e-02, 1.240000000000000000e+04
1.574257681971809666e-02, 9.037000000000000000e+03
1.575835094478795356e-02, 6.425000000000000000e+03
1.577412506985781046e-02, 4.517000000000000000e+03
1.578989919492767083e-02, 3.992000000000000000e+03
1.580567331999752773e-02, 4.028000000000000000e+03
1.582144744506738462e-02, 5.634000000000000000e+03
1.583722157013724152e-02, 7.757000000000000000e+03
1.585299569520710189e-02, 1.190300000000000000e+04
1.586876982027695879e-02, 1.520200000000000000e+04
1.588454394534681569e-02, 1.814600000000000000e+04
1.590031807041667258e-02, 2.137600000000000000e+04
1.591609219548653295e-02, 2.481300000000000000e+04
1.593186632055638985e-02, 2.635000000000000000e+04
1.594764044562624675e-02, 2.912100000000000000e+04
1.596341457069610711e-02, 2.775100000000000000e+04
1.597918869576596401e-02, 2.773500000000000000e+04
1.599496282083582091e-02, 2.653600000000000000e+04
1.601073694590567781e-02, 2.359000000000000000e+04
1.602651107097553818e-02, 2.134200000000000000e+04
1.604228519604539507e-02, 1.626100000000000000e+04
1.605805932111525197e-02, 1.265400000000000000e+04
1.607383344618510887e-02, 1.059500000000000000e+04
1.608960757125496924e-02, 6.682000000000000000e+03
1.610538169632482614e-02, 5.307000000000000000e+03
1.612115582139468303e-02, 4.441000000000000000e+03
1.613692994646453993e-02, 3.785000000000000000e+03
1.615270407153440030e-02, 6.508000000000000000e+03
1.616847819660425720e-02, 7.078000000000000000e+03
1.618425232167411409e-02, 1.053400000000000000e+04
1.620002644674397099e-02, 1.396200000000000000e+04
1.621580057181383136e-02, 1.570900000000000000e+04
1.623157469688368826e-02, 2.111900000000000000e+04
1.624734882195354516e-02, 2.334800000000000000e+04
1.626312294702340552e-02, 2.656900000000000000e+04
1.627889707209326242e-02, 2.679600000000000000e+04
1.629467119716311932e-02, 2.832200000000000000e+04
1.631044532223297622e-02, 2.770500000000000000e+04
1.632621944730283658e-02, 2.653400000000000000e+04
1.634199357237269348e-02, 2.484800000000000000e+04
1.635776769744255038e-02, 2.237500000000000000e+04
1.637354182251240728e-02, 1.843600000000000000e+04
1.638931594758226765e-02, 1.520000000000000000e+04
1.640509007265212454e-02, 1.233100000000000000e+04
1.642086419772198144e-02, 8.578000000000000000e+03
1.643663832279183834e-02, 6.210000000000000000e+03
1.645241244786169871e-02, 3.832000000000000000e+03
1.646818657293155561e-02, 3.423000000000000000e+03
1.648396069800141250e-02, 3.537000000000000000e+03
1.649973482307126940e-02, 5.893000000000000000e+03
1.651550894814112977e-02, 8.013000000000000000e+03
1.653128307321098667e-02, 1.247600000000000000e+04
1.654705719828084357e-02, 1.584000000000000000e+04
1.656283132335070393e-02, 1.846200000000000000e+04
1.657860544842056083e-02, 2.179100000000000000e+04
1.659437957349041773e-02, 2.487500000000000000e+04
1.661015369856027463e-02, 2.590000000000000000e+04
1.662592782363013499e-02, 2.772700000000000000e+04
1.664170194869999189e-02, 2.760600000000000000e+04
1.665747607376984879e-02, 2.824900000000000000e+04
1.667325019883970569e-02, 2.688200000000000000e+04
1.668902432390956606e-02, 2.323300000000000000e+04
1.670479844897942295e-02, 2.118700000000000000e+04
1.672057257404927985e-02, 1.603900000000000000e+04
1.673634669911913675e-02, 1.198500000000000000e+04
1.675212082418899712e-02, 9.390000000000000000e+03
1.676789494925885401e-02, 7.321000000000000000e+03
1.678366907432871091e-02, 4.514000000000000000e+03
1.679944319939856781e-02, 3.143000000000000000e+03
1.681521732446842818e-02, 3.073000000000000000e+03
1.683099144953828508e-02, 5.964000000000000000e+03
1.684676557460814197e-02, 7.954000000000000000e+03
1.686253969967800234e-02, 9.944000000000000000e+03
1.687831382474785924e-02, 1.356400000000000000e+04
1.689408794981771614e-02, 1.589400000000000000e+04
1.690986207488757304e-02, 2.079700000000000000e+04
1.692563619995743340e-02, 2.395200000000000000e+04
1.694141032502729030e-02, 2.703800000000000000e+04
1.695718445009714720e-02, 2.732600000000000000e+04
1.697295857516700410e-02, 2.806000000000000000e+04
1.698873270023686446e-02, 2.815500000000000000e+04
1.700450682530672136e-02, 2.642900000000000000e+04
1.702028095037657826e-02, 2.402100000000000000e+04
1.703605507544643516e-02, 2.211300000000000000e+04
1.705182920051629553e-02, 1.726800000000000000e+04
1.706760332558615242e-02, 1.524700000000000000e+04
1.708337745065600932e-02, 1.147000000000000000e+04
1.709915157572586622e-02, 7.619000000000000000e+03
1.711492570079572659e-02, 5.687000000000000000e+03
1.713069982586558349e-02, 3.774000000000000000e+03
1.714647395093544038e-02, 3.198000000000000000e+03
1.716224807600530075e-02, 4.662000000000000000e+03
1.717802220107515765e-02, 6.681000000000000000e+03
1.719379632614501455e-02, 8.391000000000000000e+03
1.720957045121487144e-02, 1.263200000000000000e+04
1.722534457628473181e-02, 1.511200000000000000e+04
1.724111870135458871e-02, 1.927800000000000000e+04
1.725689282642444561e-02, 2.154900000000000000e+04
1.727266695149430251e-02, 2.532500000000000000e+04
1.728844107656416287e-02, 2.631200000000000000e+04
1.730421520163401977e-02, 2.837900000000000000e+04
1.731998932670387667e-02, 2.813500000000000000e+04
1.733576345177373357e-02, 2.821600000000000000e+04
1.735153757684359394e-02, 2.597000000000000000e+04
1.736731170191345083e-02, 2.316700000000000000e+04
1.738308582698330773e-02, 1.970100000000000000e+04
1.739885995205316463e-02, 1.666400000000000000e+04
1.741463407712302500e-02, 1.223400000000000000e+04
1.743040820219288189e-02, 9.929000000000000000e+03
1.744618232726273879e-02, 7.036000000000000000e+03
1.746195645233259916e-02, 5.180000000000000000e+03
1.747773057740245606e-02, 4.087000000000000000e+03
1.749350470247231296e-02, 4.037000000000000000e+03
1.750927882754216985e-02, 5.208000000000000000e+03
1.752505295261203022e-02, 7.842000000000000000e+03
1.754082707768188712e-02, 1.048400000000000000e+04
1.755660120275174402e-02, 1.343000000000000000e+04
1.757237532782160092e-02, 1.770400000000000000e+04
1.758814945289146128e-02, 2.147100000000000000e+04
1.760392357796131818e-02, 2.344000000000000000e+04
1.761969770303117508e-02, 2.611500000000000000e+04
1.763547182810103198e-02, 2.833100000000000000e+04
1.765124595317089234e-02, 2.834800000000000000e+04
1.766702007824074924e-02, 2.875700000000000000e+04
1.768279420331060614e-02, 2.690800000000000000e+04
1.769856832838046304e-02, 2.433900000000000000e+04
1.771434245345032341e-02, 2.095900000000000000e+04
1.773011657852018030e-02, 1.678600000000000000e+04
1.774589070359003720e-02, 1.418800000000000000e+04
1.776166482865989757e-02, 1.118400000000000000e+04
1.777743895372975447e-02, 7.500000000000000000e+03
1.779321307879961137e-02, 6.069000000000000000e+03
1.780898720386946826e-02, 4.812000000000000000e+03
1.782476132893932863e-02, 4.569000000000000000e+03
1.784053545400918553e-02, 5.045000000000000000e+03
1.785630957907904243e-02, 6.389000000000000000e+03
1.787208370414889932e-02, 8.558000000000000000e+03
1.788785782921875969e-02, 1.231200000000000000e+04
1.790363195428861659e-02, 1.585400000000000000e+04
1.791940607935847349e-02, 1.924100000000000000e+04
1.793518020442833039e-02, 2.170400000000000000e+04
1.795095432949819075e-02, 2.658000000000000000e+04
1.796672845456804765e-02, 2.714400000000000000e+04
1.798250257963790455e-02, 2.874100000000000000e+04
1.799827670470776145e-02, 2.870000000000000000e+04
1.801405082977762181e-02, 2.710000000000000000e+04
1.802982495484747871e-02, 2.546800000000000000e+04
1.804559907991733561e-02, 2.255100000000000000e+04
1.806137320498719598e-02, 1.999300000000000000e+04
1.807714733005705288e-02, 1.706500000000000000e+04
1.809292145512690977e-02, 1.143200000000000000e+04
1.810869558019676667e-02, 9.616000000000000000e+03
1.812446970526662704e-02, 6.329000000000000000e+03
1.814024383033648394e-02, 5.740000000000000000e+03
1.815601795540634084e-02, 4.686000000000000000e+03
1.817179208047619773e-02, 4.730000000000000000e+03
1.818756620554605810e-02, 6.108000000000000000e+03
1.820334033061591500e-02, 7.453000000000000000e+03
1.821911445568577190e-02, 1.123100000000000000e+04
1.823488858075562880e-02, 1.468600000000000000e+04
1.825066270582548916e-02, 1.803900000000000000e+04
1.826643683089534606e-02, 2.121100000000000000e+04
1.828221095596520296e-02, 2.402000000000000000e+04
1.829798508103505986e-02, 2.607500000000000000e+04
1.831375920610492022e-02, 2.906100000000000000e+04
1.832953333117477712e-02, 2.884900000000000000e+04
1.834530745624463402e-02, 2.878900000000000000e+04
1.836108158131449439e-02, 2.690700000000000000e+04
1.837685570638435129e-02, 2.446600000000000000e+04
1.839262983145420818e-02, 2.064400000000000000e+04
1.840840395652406508e-02, 1.695700000000000000e+04
1.842417808159392545e-02, 1.414600000000000000e+04
1.843995220666378235e-02, 1.087400000000000000e+04
1.845572633173363924e-02, 7.926000000000000000e+03
1.847150045680349614e-02, 6.541000000000000000e+03
1.848727458187335651e-02, 4.980000000000000000e+03
1.850304870694321341e-02, 4.801000000000000000e+03
1.851882283201307031e-02, 5.052000000000000000e+03
1.853459695708292720e-02, 6.736000000000000000e+03
1.855037108215278757e-02, 9.266000000000000000e+03
1.856614520722264447e-02, 1.251700000000000000e+04
1.858191933229250137e-02, 1.637800000000000000e+04
1.859769345736235827e-02, 1.958300000000000000e+04
1.861346758243221863e-02, 2.257400000000000000e+04
1.862924170750207553e-02, 2.682100000000000000e+04
1.864501583257193243e-02, 2.729600000000000000e+04
1.866078995764179280e-02, 2.933500000000000000e+04
1.867656408271164969e-02, 2.894700000000000000e+04
1.869233820778150659e-02, 2.713100000000000000e+04
1.870811233285136349e-02, 2.619800000000000000e+04
1.872388645792122386e-02, 2.115600000000000000e+04
1.873966058299108076e-02, 1.955300000000000000e+04
1.875543470806093765e-02, 1.676800000000000000e+04
1.877120883313079455e-02, 1.172100000000000000e+04
1.878698295820065492e-02, 8.523000000000000000e+03
1.880275708327051182e-02, 5.452000000000000000e+03
1.881853120834036872e-02, 5.469000000000000000e+03
1.883430533341022561e-02, 4.719000000000000000e+03
1.885007945848008598e-02, 4.690000000000000000e+03
1.886585358354994288e-02, 6.337000000000000000e+03
1.888162770861979978e-02, 8.256000000000000000e+03
1.889740183368966014e-02, 1.150300000000000000e+04
1.891317595875951704e-02, 1.460000000000000000e+04
1.892895008382937394e-02, 1.715600000000000000e+04
1.894472420889923084e-02, 2.143900000000000000e+04
1.896049833396909121e-02, 2.487300000000000000e+04
1.897627245903894810e-02, 2.667500000000000000e+04
1.899204658410880500e-02, 2.974500000000000000e+04
1.900782070917866190e-02, 2.927400000000000000e+04
1.902359483424852227e-02, 2.756300000000000000e+04
1.903936895931837917e-02, 2.601000000000000000e+04
1.905514308438823606e-02, 2.390500000000000000e+04
1.907091720945809296e-02, 2.000100000000000000e+04
1.908669133452795333e-02, 1.747700000000000000e+04
1.910246545959781023e-02, 1.307500000000000000e+04
1.911823958466766712e-02, 1.051700000000000000e+04
1.913401370973752402e-02, 7.382000000000000000e+03
1.914978783480738439e-02, 6.407000000000000000e+03
1.916556195987724129e-02, 4.615000000000000000e+03
1.918133608494709819e-02, 4.543000000000000000e+03
1.919711021001695855e-02, 6.242000000000000000e+03
1.921288433508681545e-02, 7.491000000000000000e+03
1.922865846015667235e-02, 9.184000000000000000e+03
1.924443258522652925e-02, 1.333400000000000000e+04
1.926020671029638962e-02, 1.692200000000000000e+04
1.927598083536624651e-02, 2.018100000000000000e+04
1.929175496043610341e-02, 2.265500000000000000e+04
1.930752908550596031e-02, 2.592400000000000000e+04
1.932330321057582068e-02, 2.647300000000000000e+04
1.933907733564567757e-02, 2.986200000000000000e+04
1.935485146071553447e-02, 2.768600000000000000e+04
1.937062558578539137e-02, 2.760300000000000000e+04
1.938639971085525174e-02, 2.525500000000000000e+04
1.940217383592510864e-02, 2.145600000000000000e+04
1.941794796099496553e-02, 1.940600000000000000e+04
1.943372208606482243e-02, 1.586000000000000000e+04
1.944949621113468280e-02, 1.182900000000000000e+04
1.946527033620453970e-02, 9.182000000000000000e+03
1.948104446127439660e-02, 6.258000000000000000e+03
1.949681858634425696e-02, 5.149000000000000000e+03
1.951259271141411386e-02, 4.318000000000000000e+03
1.952836683648397076e-02, 4.288000000000000000e+03
1.954414096155382766e-02, 5.888000000000000000e+03
1.955991508662368802e-02, 8.072000000000000000e+03
1.957568921169354492e-02, 1.169900000000000000e+04
1.959146333676340182e-02, 1.448700000000000000e+04
1.960723746183325872e-02, 1.795200000000000000e+04
1.962301158690311909e-02, 2.184900000000000000e+04
1.963878571197297598e-02, 2.526200000000000000e+04
1.965455983704283288e-02, 2.672100000000000000e+04
1.967033396211268978e-02, 2.970500000000000000e+04
1.968610808718255015e-02, 2.816800000000000000e+04
1.970188221225240705e-02, 2.753800000000000000e+04
1.971765633732226394e-02, 2.620000000000000000e+04
1.973343046239212084e-02, 2.401500000000000000e+04
1.974920458746198121e-02, 2.079400000000000000e+04
1.976497871253183811e-02, 1.708800000000000000e+04
1.978075283760169500e-02, 1.304500000000000000e+04
1.979652696267155537e-02, 1.085300000000000000e+04
1.981230108774141227e-02, 6.389000000000000000e+03
1.982807521281126917e-02, 5.758000000000000000e+03
1.984384933788112607e-02, 4.082000000000000000e+03
1.985962346295098643e-02, 3.976000000000000000e+03
1.987539758802084333e-02, 6.578000000000000000e+03
1.989117171309070023e-02, 7.122000000000000000e+03
1.990694583816055713e-02, 9.983000000000000000e+03
1.992271996323041749e-02, 1.354900000000000000e+04
1.993849408830027439e-02, 1.667500000000000000e+04
1.995426821337013129e-02, 2.062200000000000000e+04
1.997004233843998819e-02, 2.281600000000000000e+04
1.998581646350984856e-02, 2.633500000000000000e+04
2.000159058857970545e-02, 2.666300000000000000e+04
2.001736471364956235e-02, 2.887300000000000000e+04
2.003313883871941925e-02, 2.753000000000000000e+04
2.004891296378927962e-02, 2.684500000000000000e+04
2.006468708885913652e-02, 2.534500000000000000e+04
2.008046121392899341e-02, 2.235100000000000000e+04
2.009623533899885378e-02, 1.903800000000000000e+04
2.011200946406871068e-02, 1.532900000000000000e+04
2.012778358913856758e-02, 1.295000000000000000e+04
2.014355771420842448e-02, 9.024000000000000000e+03
2.015933183927828484e-02, 6.455000000000000000e+03
2.017510596434814174e-02, 4.110000000000000000e+03
2.019088008941799864e-02, 4.364000000000000000e+03
2.020665421448785554e-02, 3.783000000000000000e+03
2.022242833955771590e-02, 5.583000000000000000e+03
2.023820246462757280e-02, 7.634000000000000000e+03
2.025397658969742970e-02, 1.240800000000000000e+04
2.026975071476728660e-02, 1.572200000000000000e+04
2.028552483983714697e-02, 1.797900000000000000e+04
2.030129896490700386e-02, 2.149600000000000000e+04
2.031707308997686076e-02, 2.495000000000000000e+04
2.033284721504671766e-02, 2.593000000000000000e+04
2.034862134011657803e-02, 2.857500000000000000e+04
2.036439546518643492e-02, 2.764300000000000000e+04
2.038016959025629182e-02, 2.724800000000000000e+04
2.039594371532615219e-02, 2.675200000000000000e+04
2.041171784039600909e-02, 2.319700000000000000e+04
2.042749196546586599e-02, 2.147100000000000000e+04
2.044326609053572288e-02, 1.552900000000000000e+04
2.045904021560558325e-02, 1.250400000000000000e+04
2.047481434067544015e-02, 1.006900000000000000e+04
2.049058846574529705e-02, 7.220000000000000000e+03
2.050636259081515395e-02, 4.831000000000000000e+03
2.052213671588501431e-02, 3.479000000000000000e+03
2.053791084095487121e-02, 3.410000000000000000e+03
2.055368496602472811e-02, 6.221000000000000000e+03
2.056945909109458501e-02, 7.349000000000000000e+03
2.058523321616444537e-02, 9.700000000000000000e+03
2.060100734123430227e-02, 1.396800000000000000e+04
2.061678146630415917e-02, 1.566000000000000000e+04
2.063255559137401607e-02, 2.133000000000000000e+04
2.064832971644387644e-02, 2.369000000000000000e+04
2.066410384151373333e-02, 2.695500000000000000e+04
2.067987796658359023e-02, 2.716100000000000000e+04
2.069565209165345060e-02, 2.748300000000000000e+04
2.071142621672330750e-02, 2.777000000000000000e+04
2.072720034179316440e-02, 2.634900000000000000e+04
2.074297446686302129e-02, 2.416900000000000000e+04
2.075874859193288166e-02, 2.182800000000000000e+04
2.077452271700273856e-02, 1.818900000000000000e+04
2.079029684207259546e-02, 1.546700000000000000e+04
2.080607096714245235e-02, 1.181900000000000000e+04
2.082184509221231272e-02, 8.026000000000000000e+03
2.083761921728216962e-02, 6.041000000000000000e+03
2.085339334235202652e-02, 3.443000000000000000e+03
2.086916746742188342e-02, 3.083000000000000000e+03
2.088494159249174378e-02, 4.199000000000000000e+03
2.090071571756160068e-02, 6.652000000000000000e+03
2.091648984263145758e-02, 8.402000000000000000e+03
2.093226396770131448e-02, 1.278100000000000000e+04
2.094803809277117485e-02, 1.545100000000000000e+04
2.096381221784103174e-02, 1.855800000000000000e+04
2.097958634291088864e-02, 2.196000000000000000e+04
2.099536046798074901e-02, 2.521000000000000000e+04
2.101113459305060591e-02, 2.610200000000000000e+04
2.102690871812046280e-02, 2.832400000000000000e+04
2.104268284319031970e-02, 2.786300000000000000e+04
2.105845696826018007e-02, 2.848700000000000000e+04
2.107423109333003697e-02, 2.623400000000000000e+04
2.109000521839989387e-02, 2.346000000000000000e+04
2.110577934346975076e-02, 2.024100000000000000e+04
2.112155346853961113e-02, 1.662200000000000000e+04
2.113732759360946803e-02, 1.215600000000000000e+04
2.115310171867932493e-02, 9.540000000000000000e+03
2.116887584374918183e-02, 7.296000000000000000e+03
2.118464996881904219e-02, 4.757000000000000000e+03
2.120042409388889909e-02, 3.513000000000000000e+03
2.121619821895875599e-02, 3.190000000000000000e+03
2.123197234402861289e-02, 5.542000000000000000e+03
2.124774646909847325e-02, 8.005000000000000000e+03
2.126352059416833015e-02, 1.043600000000000000e+04
2.127929471923818705e-02, 1.317100000000000000e+04
2.129506884430804742e-02, 1.669300000000000000e+04
2.131084296937790432e-02, 2.099600000000000000e+04
2.132661709444776121e-02, 2.353800000000000000e+04
2.134239121951761811e-02, 2.663900000000000000e+04
2.135816534458747848e-02, 2.788100000000000000e+04
2.137393946965733538e-02, 2.815800000000000000e+04
2.138971359472719228e-02, 2.850800000000000000e+04
2.140548771979704917e-02, 2.662800000000000000e+04
2.142126184486690954e-02, 2.404100000000000000e+04
2.143703596993676644e-02, 2.173500000000000000e+04
2.145281009500662334e-02, 1.675900000000000000e+04
2.146858422007648023e-02, 1.471600000000000000e+04
2.148435834514634060e-02, 1.092200000000000000e+04
2.150013247021619750e-02, 7.336000000000000000e+03
2.151590659528605440e-02, 5.621000000000000000e+03
2.153168072035591130e-02, 4.284000000000000000e+03
2.154745484542577166e-02, 4.043000000000000000e+03
2.156322897049562856e-02, 5.045000000000000000e+03
2.157900309556548546e-02, 6.567000000000000000e+03
2.159477722063534583e-02, 8.177000000000000000e+03
2.161055134570520272e-02, 1.227300000000000000e+04
2.162632547077505962e-02, 1.521300000000000000e+04
2.164209959584491652e-02, 1.922900000000000000e+04
2.165787372091477689e-02, 2.123400000000000000e+04
2.167364784598463379e-02, 2.601200000000000000e+04
2.168942197105449068e-02, 2.672400000000000000e+04
2.170519609612434758e-02, 2.856900000000000000e+04
2.172097022119420795e-02, 2.841400000000000000e+04
2.173674434626406485e-02, 2.743300000000000000e+04
2.175251847133392175e-02, 2.585800000000000000e+04
2.176829259640377864e-02, 2.264400000000000000e+04
2.178406672147363901e-02, 1.937000000000000000e+04
2.179984084654349591e-02, 1.671800000000000000e+04
2.181561497161335281e-02, 1.200900000000000000e+04
2.183138909668320971e-02, 9.846000000000000000e+03
2.184716322175307007e-02, 7.168000000000000000e+03
2.186293734682292697e-02, 5.663000000000000000e+03
2.187871147189278387e-02, 4.608000000000000000e+03
2.189448559696264424e-02, 4.563000000000000000e+03
2.191025972203250113e-02, 5.383000000000000000e+03
2.192603384710235803e-02, 7.544000000000000000e+03
2.194180797217221493e-02, 1.097000000000000000e+04
2.195758209724207530e-02, 1.415000000000000000e+04
2.197335622231193220e-02, 1.834900000000000000e+04
2.198913034738178909e-02, 2.158100000000000000e+04
2.200490447245164599e-02, 2.356600000000000000e+04
2.202067859752150636e-02, 2.599600000000000000e+04
2.203645272259136326e-02, 2.870300000000000000e+04
2.205222684766122015e-02, 2.854600000000000000e+04
2.206800097273107705e-02, 2.900000000000000000e+04
2.208377509780093742e-02, 2.718400000000000000e+04
2.209954922287079432e-02, 2.474100000000000000e+04
2.211532334794065122e-02, 2.111600000000000000e+04
2.213109747301050811e-02, 1.726700000000000000e+04
2.214687159808036848e-02, 1.420500000000000000e+04
2.216264572315022538e-02, 1.093500000000000000e+04
2.217841984822008228e-02, 7.951000000000000000e+03
2.219419397328994265e-02, 6.569000000000000000e+03
2.220996809835979954e-02, 4.993000000000000000e+03
2.222574222342965644e-02, 4.654000000000000000e+03
2.224151634849951334e-02, 5.101000000000000000e+03
2.225729047356937371e-02, 6.406000000000000000e+03
2.227306459863923060e-02, 9.158000000000000000e+03
2.228883872370908750e-02, 1.229200000000000000e+04
2.230461284877894440e-02, 1.627600000000000000e+04
2.232038697384880477e-02, 1.958400000000000000e+04
2.233616109891866167e-02, 2.219800000000000000e+04
2.235193522398851856e-02, 2.715100000000000000e+04
2.236770934905837546e-02, 2.752600000000000000e+04
2.238348347412823583e-02, 2.902400000000000000e+04
2.239925759919809273e-02, 2.906300000000000000e+04
2.241503172426794963e-02, 2.715500000000000000e+04
2.243080584933780652e-02, 2.619400000000000000e+04
2.244657997440766689e-02, 2.206000000000000000e+04
2.246235409947752379e-02, 1.989900000000000000e+04
2.247812822454738069e-02, 1.754100000000000000e+04
2.249390234961724105e-02, 1.142000000000000000e+04
2.250967647468709795e-02, 9.140000000000000000e+03
2.252545059975695485e-02, 5.826000000000000000e+03
2.254122472482681175e-02, 5.567000000000000000e+03
2.255699884989667212e-02, 4.826000000000000000e+03
2.257277297496652901e-02, 4.797000000000000000e+03
2.258854710003638591e-02, 6.351000000000000000e+03
2.260432122510624281e-02, 7.678000000000000000e+03
2.262009535017610318e-02, 1.168500000000000000e+04
2.263586947524596008e-02, 1.491600000000000000e+04
2.265164360031581697e-02, 1.744400000000000000e+04
2.266741772538567387e-02, 2.145600000000000000e+04
2.268319185045553424e-02, 2.430600000000000000e+04
2.269896597552539114e-02, 2.630800000000000000e+04
2.271474010059524803e-02, 2.946900000000000000e+04
2.273051422566510493e-02, 2.917800000000000000e+04
2.274628835073496530e-02, 2.793100000000000000e+04
2.276206247580482220e-02, 2.624900000000000000e+04
2.277783660087467910e-02, 2.396000000000000000e+04
2.279361072594453946e-02, 1.981600000000000000e+04
2.280938485101439636e-02, 1.715200000000000000e+04
2.282515897608425326e-02, 1.377400000000000000e+04
2.284093310115411016e-02, 1.046100000000000000e+04
2.285670722622397052e-02, 7.654000000000000000e+03
2.287248135129382742e-02, 6.616000000000000000e+03
2.288825547636368432e-02, 4.855000000000000000e+03
2.290402960143354122e-02, 4.695000000000000000e+03
2.291980372650340159e-02, 5.776000000000000000e+03
2.293557785157325848e-02, 7.482000000000000000e+03
2.295135197664311538e-02, 9.177000000000000000e+03
2.296712610171297228e-02, 1.280000000000000000e+04
2.298290022678283265e-02, 1.663200000000000000e+04
2.299867435185268955e-02, 2.046800000000000000e+04
2.301444847692254644e-02, 2.299300000000000000e+04
2.303022260199240334e-02, 2.626500000000000000e+04
2.304599672706226371e-02, 2.667200000000000000e+04
2.306177085213212061e-02, 2.958100000000000000e+04
2.307754497720197751e-02, 2.816700000000000000e+04
2.309331910227183787e-02, 2.736600000000000000e+04
2.310909322734169477e-02, 2.552100000000000000e+04
2.312486735241155167e-02, 2.132100000000000000e+04
2.314064147748140857e-02, 1.967400000000000000e+04
2.315641560255126893e-02, 1.600000000000000000e+04
2.317218972762112583e-02, 1.168400000000000000e+04
2.318796385269098273e-02, 8.702000000000000000e+03
2.320373797776083963e-02, 5.659000000000000000e+03
2.321951210283070000e-02, 5.156000000000000000e+03
2.323528622790055689e-02, 4.497000000000000000e+03
2.325106035297041379e-02, 4.540000000000000000e+03
2.326683447804027069e-02, 6.191000000000000000e+03
2.328260860311013106e-02, 8.268000000000000000e+03
2.329838272817998795e-02, 1.137800000000000000e+04
2.331415685324984485e-02, 1.420900000000000000e+04
2.332993097831970522e-02, 1.736500000000000000e+04
2.334570510338956212e-02, 2.184500000000000000e+04
2.336147922845941902e-02, 2.539200000000000000e+04
2.337725335352927591e-02, 2.701100000000000000e+04
2.339302747859913628e-02, 3.008600000000000000e+04
2.340880160366899318e-02, 2.860500000000000000e+04
2.342457572873885008e-02, 2.748100000000000000e+04
2.344034985380870698e-02, 2.579100000000000000e+04
2.345612397887856734e-02, 2.400800000000000000e+04
2.347189810394842424e-02, 2.027600000000000000e+04
2.348767222901828114e-02, 1.742100000000000000e+04
2.350344635408813804e-02, 1.272000000000000000e+04
2.351922047915799840e-02, 1.094300000000000000e+04
2.353499460422785530e-02, 6.898000000000000000e+03
2.355076872929771220e-02, 6.047000000000000000e+03
2.356654285436756910e-02, 4.351000000000000000e+03
2.358231697943742947e-02, 4.288000000000000000e+03
2.359809110450728636e-02, 6.584000000000000000e+03
2.361386522957714326e-02, 7.332000000000000000e+03
2.362963935464700363e-02, 9.551000000000000000e+03
2.364541347971686053e-02, 1.321600000000000000e+04
2.366118760478671743e-02, 1.677900000000000000e+04
2.367696172985657432e-02, 2.032000000000000000e+04
2.369273585492643469e-02, 2.274300000000000000e+04
2.370850997999629159e-02, 2.612800000000000000e+04
2.372428410506614849e-02, 2.643700000000000000e+04
2.374005823013600538e-02, 2.946000000000000000e+04
2.375583235520586575e-02, 2.757800000000000000e+04
2.377160648027572265e-02, 2.757400000000000000e+04
2.378738060534557955e-02, 2.516300000000000000e+04
2.380315473041543645e-02, 2.192600000000000000e+04
2.381892885548529681e-02, 1.923000000000000000e+04
2.383470298055515371e-02, 1.572100000000000000e+04
2.385047710562501061e-02, 1.240000000000000000e+04
2.386625123069486751e-02, 9.170000000000000000e+03
2.388202535576472788e-02, 6.349000000000000000e+03
2.389779948083458477e-02, 4.514000000000000000e+03
2.391357360590444167e-02, 3.992000000000000000e+03
2.392934773097430204e-02, 3.973000000000000000e+03
2.394512185604415894e-02, 5.527000000000000000e+03
2.396089598111401583e-02, 7.752000000000000000e+03
2.397667010618387273e-02, 1.190200000000000000e+04
2.399244423125373310e-02, 1.517200000000000000e+04
2.400821835632359000e-02, 1.789000000000000000e+04
2.402399248139344690e-02, 2.136500000000000000e+04
2.403976660646330379e-02, 2.481200000000000000e+04
2.405554073153316416e-02, 2.609700000000000000e+04
2.407131485660302106e-02, 2.921200000000000000e+04
2.408708898167287796e-02, 2.775500000000000000e+04
2.410286310674273486e-02, 2.773500000000000000e+04
2.411863723181259522e-02, 2.652800000000000000e+04
2.413441135688245212e-02, 2.316300000000000000e+04
2.415018548195230902e-02, 2.132200000000000000e+04
2.416595960702216592e-02, 1.626100000000000000e+04
2.418173373209202628e-02, 1.285700000000000000e+04
2.419750785716188318e-02, 1.040300000000000000e+04
2.421328198223174008e-02, 6.673000000000000000e+03
2.422905610730160045e-02, 5.306000000000000000e+03
2.424483023237145735e-02, 3.730000000000000000e+03
2.426060435744131424e-02, 4.350000000000000000e+03
2.427637848251117114e-02, 6.540000000000000000e+03
2.429215260758103151e-02, 7.079000000000000000e+03
2.430792673265088841e-02, 9.924000000000000000e+03
2.432370085772074531e-02, 1.439600000000000000e+04
2.433947498279060220e-02, 1.573900000000000000e+04
2.435524910786046257e-02, 2.111900000000000000e+04
2.437102323293031947e-02, 2.326800000000000000e+04
2.438679735800017637e-02, 2.668700000000000000e+04
2.440257148307003326e-02, 2.680200000000000000e+04
2.441834560813989363e-02, 2.832300000000000000e+04
2.443411973320975053e-02, 2.768200000000000000e+04
2.444989385827960743e-02, 2.666500000000000000e+04
2.446566798334946433e-02, 2.485800000000000000e+04
2.448144210841932469e-02, 2.237500000000000000e+04
2.449721623348918159e-02, 1.874600000000000000e+04
2.451299035855903849e-02, 1.483000000000000000e+04
2.452876448362889886e-02, 1.230100000000000000e+04
2.454453860869875576e-02, 8.577000000000000000e+03
2.456031273376861265e-02, 6.269000000000000000e+03
2.457608685883846955e-02, 3.706000000000000000e+03
2.459186098390832992e-02, 3.413000000000000000e+03
2.460763510897818682e-02, 3.537000000000000000e+03
2.462340923404804371e-02, 6.259000000000000000e+03
2.463918335911790061e-02, 7.835000000000000000e+03
2.465495748418776098e-02, 1.245700000000000000e+04
2.467073160925761788e-02, 1.584000000000000000e+04
2.468650573432747478e-02, 1.823200000000000000e+04
2.470227985939733167e-02, 2.127600000000000000e+04
2.471805398446719204e-02, 2.481900000000000000e+04
2.473382810953704894e-02, 2.589800000000000000e+04
2.474960223460690584e-02, 2.833600000000000000e+04
2.476537635967676274e-02, 2.773000000000000000e+04
2.478115048474662310e-02, 2.827100000000000000e+04
2.479692460981648000e-02, 2.688300000000000000e+04
2.481269873488633690e-02, 2.323300000000000000e+04
2.482847285995619727e-02, 2.089300000000000000e+04
2.484424698502605416e-02, 1.596100000000000000e+04
2.486002111009591106e-02, 1.198200000000000000e+04
2.487579523516576796e-02, 9.518000000000000000e+03
2.489156936023562833e-02, 7.362000000000000000e+03
2.490734348530548523e-02, 4.482000000000000000e+03
2.492311761037534212e-02, 3.141000000000000000e+03
2.493889173544519902e-02, 3.073000000000000000e+03
2.495466586051505939e-02, 5.834000000000000000e+03
2.497043998558491629e-02, 7.936000000000000000e+03
2.498621411065477319e-02, 9.943000000000000000e+03
2.500198823572463008e-02, 1.356400000000000000e+04
2.501776236079449045e-02, 1.615700000000000000e+04
2.503353648586434735e-02, 2.086000000000000000e+04
2.504931061093420425e-02, 2.395400000000000000e+04
2.506508473600406114e-02, 2.703800000000000000e+04
2.508085886107392151e-02, 2.758300000000000000e+04
2.509663298614377841e-02, 2.807900000000000000e+04
2.511240711121363531e-02, 2.815600000000000000e+04
2.512818123628349568e-02, 2.642900000000000000e+04
2.514395536135335257e-02, 2.397500000000000000e+04
2.515972948642320947e-02, 2.215100000000000000e+04
2.517550361149306637e-02, 1.726900000000000000e+04
2.519127773656292674e-02, 1.524700000000000000e+04
2.520705186163278363e-02, 1.110400000000000000e+04
2.522282598670264053e-02, 7.550000000000000000e+03
2.523860011177249743e-02, 5.685000000000000000e+03
2.525437423684235780e-02, 3.774000000000000000e+03
2.527014836191221470e-02, 3.463000000000000000e+03
2.528592248698207159e-02, 4.631000000000000000e+03
2.530169661205192849e-02, 6.680000000000000000e+03
2.531747073712178886e-02, 8.391000000000000000e+03
2.533324486219164576e-02, 1.259200000000000000e+04
2.534901898726150266e-02, 1.525800000000000000e+04
2.536479311233135955e-02, 1.928300000000000000e+04
2.538056723740121992e-02, 2.154900000000000000e+04
2.539634136247107682e-02, 2.567200000000000000e+04
2.541211548754093372e-02, 2.638100000000000000e+04
2.542788961261079408e-02, 2.838200000000000000e+04
2.544366373768065098e-02, 2.813500000000000000e+04
2.545943786275050788e-02, 2.786300000000000000e+04
2.547521198782036478e-02, 2.600300000000000000e+04
2.549098611289022515e-02, 2.316800000000000000e+04
2.550676023796008204e-02, 1.970100000000000000e+04
2.552253436302993894e-02, 1.681300000000000000e+04
2.553830848809979584e-02, 1.239600000000000000e+04
2.555408261316965621e-02, 9.935000000000000000e+03
2.556985673823951311e-02, 7.036000000000000000e+03
2.558563086330937000e-02, 5.422000000000000000e+03
2.560140498837922690e-02, 4.058000000000000000e+03
2.561717911344908727e-02, 4.035000000000000000e+03
2.563295323851894417e-02, 5.208000000000000000e+03
2.564872736358880106e-02, 7.791000000000000000e+03
2.566450148865865796e-02, 1.042300000000000000e+04
2.568027561372851833e-02, 1.342800000000000000e+04
2.569604973879837523e-02, 1.770400000000000000e+04
2.571182386386823213e-02, 2.149500000000000000e+04
2.572759798893809249e-02, 2.355000000000000000e+04
2.574337211400794939e-02, 2.612000000000000000e+04
2.575914623907780629e-02, 2.833100000000000000e+04
2.577492036414766319e-02, 2.836400000000000000e+04
2.579069448921752356e-02, 2.881300000000000000e+04
2.580646861428738045e-02, 2.691000000000000000e+04
2.582224273935723735e-02, 2.433900000000000000e+04
2.583801686442709425e-02, 2.117400000000000000e+04
2.585379098949695462e-02, 1.701300000000000000e+04
2.586956511456681151e-02, 1.419800000000000000e+04
2.588533923963666841e-02, 1.118400000000000000e+04
2.590111336470652531e-02, 7.807000000000000000e+03
2.591688748977638568e-02, 5.982000000000000000e+03
2.593266161484624258e-02, 4.808000000000000000e+03
2.594843573991609947e-02, 4.569000000000000000e+03
2.596420986498595637e-02, 5.148000000000000000e+03
2.597998399005581674e-02, 6.818000000000000000e+03
2.599575811512567364e-02, 8.577000000000000000e+03
2.601153224019553054e-02, 1.231200000000000000e+04
2.602730636526539090e-02, 1.582400000000000000e+04
2.604308049033524780e-02, 1.891400000000000000e+04
2.605885461540510470e-02, 2.168900000000000000e+04
2.607462874047496160e-02, 2.658000000000000000e+04
2.609040286554482196e-02, 2.718700000000000000e+04
2.610617699061467886e-02, 2.878500000000000000e+04
2.612195111568453576e-02, 2.870100000000000000e+04
2.613772524075439266e-02, 2.710000000000000000e+04
2.615349936582425303e-02, 2.599800000000000000e+04
2.616927349089410992e-02, 2.215100000000000000e+04
2.618504761596396682e-02, 1.997300000000000000e+04
2.620082174103382372e-02, 1.706500000000000000e+04
2.621659586610368409e-02, 1.148000000000000000e+04
2.623236999117354099e-02, 1.007700000000000000e+04
2.624814411624339788e-02, 6.355000000000000000e+03
2.626391824131325478e-02, 5.741000000000000000e+03
2.627969236638311515e-02, 4.817000000000000000e+03
2.629546649145297205e-02, 4.648000000000000000e+03
2.631124061652282894e-02, 6.104000000000000000e+03
2.632701474159268931e-02, 7.453000000000000000e+03
2.634278886666254621e-02, 1.160600000000000000e+04
2.635856299173240311e-02, 1.514000000000000000e+04
2.637433711680226001e-02, 1.806800000000000000e+04
2.639011124187212037e-02, 2.121200000000000000e+04
2.640588536694197727e-02, 2.394100000000000000e+04
2.642165949201183417e-02, 2.620500000000000000e+04
2.643743361708169107e-02, 2.906900000000000000e+04
2.645320774215155143e-02, 2.884900000000000000e+04
2.646898186722140833e-02, 2.836700000000000000e+04
2.648475599229126523e-02, 2.704900000000000000e+04
2.650053011736112213e-02, 2.448000000000000000e+04
2.651630424243098250e-02, 2.064500000000000000e+04
2.653207836750083939e-02, 1.735800000000000000e+04
2.654785249257069629e-02, 1.459300000000000000e+04
2.656362661764055319e-02, 1.090700000000000000e+04
2.657940074271041356e-02, 7.926000000000000000e+03
2.659517486778027046e-02, 6.701000000000000000e+03
2.661094899285012735e-02, 4.902000000000000000e+03
2.662672311791998772e-02, 4.798000000000000000e+03
2.664249724298984462e-02, 5.052000000000000000e+03
2.665827136805970152e-02, 7.103000000000000000e+03
2.667404549312955842e-02, 9.088000000000000000e+03
2.668981961819941878e-02, 1.249800000000000000e+04
2.670559374326927568e-02, 1.637700000000000000e+04
2.672136786833913258e-02, 2.023400000000000000e+04
2.673714199340898948e-02, 2.286100000000000000e+04
2.675291611847884984e-02, 2.685300000000000000e+04
2.676869024354870674e-02, 2.729700000000000000e+04
2.678446436861856364e-02, 2.933500000000000000e+04
2.680023849368842054e-02, 2.905700000000000000e+04
2.681601261875828091e-02, 2.713900000000000000e+04
2.683178674382813780e-02, 2.619800000000000000e+04
2.684756086889799470e-02, 2.139600000000000000e+04
2.686333499396785160e-02, 1.934700000000000000e+04
2.687910911903771197e-02, 1.670100000000000000e+04
2.689488324410756886e-02, 1.171900000000000000e+04
2.691065736917742576e-02, 8.651000000000000000e+03
2.692643149424728613e-02, 5.303000000000000000e+03
2.694220561931714303e-02, 5.456000000000000000e+03
2.695797974438699993e-02, 4.719000000000000000e+03
2.697375386945685682e-02, 4.690000000000000000e+03
2.698952799452671719e-02, 6.320000000000000000e+03
2.700530211959657409e-02, 8.231000000000000000e+03
2.702107624466643099e-02, 1.150200000000000000e+04
2.703685036973628789e-02, 1.460000000000000000e+04
2.705262449480614825e-02, 1.720500000000000000e+04
2.706839861987600515e-02, 2.150800000000000000e+04
2.708417274494586205e-02, 2.487500000000000000e+04
2.709994687001571895e-02, 2.667500000000000000e+04
2.711572099508557931e-02, 2.984800000000000000e+04
2.713149512015543621e-02, 2.928000000000000000e+04
2.714726924522529311e-02, 2.756300000000000000e+04
2.716304337029515001e-02, 2.601000000000000000e+04
2.717881749536501038e-02, 2.389000000000000000e+04
2.719459162043486727e-02, 2.003700000000000000e+04
2.721036574550472417e-02, 1.747800000000000000e+04
2.722613987057458454e-02, 1.307500000000000000e+04
2.724191399564444144e-02, 1.077200000000000000e+04
2.725768812071429834e-02, 7.330000000000000000e+03
2.727346224578415523e-02, 6.405000000000000000e+03
2.728923637085401560e-02, 4.615000000000000000e+03
2.730501049592387250e-02, 4.476000000000000000e+03
2.732078462099372940e-02, 6.227000000000000000e+03
2.733655874606358629e-02, 7.490000000000000000e+03
2.735233287113344666e-02, 9.184000000000000000e+03
2.736810699620330356e-02, 1.324200000000000000e+04
2.738388112127316046e-02, 1.682300000000000000e+04
2.739965524634301736e-02, 2.017800000000000000e+04
2.741542937141287772e-02, 2.265500000000000000e+04
2.743120349648273462e-02, 2.608800000000000000e+04
2.744697762155259152e-02, 2.627300000000000000e+04
2.746275174662245189e-02, 2.985500000000000000e+04
2.747852587169230879e-02, 2.768500000000000000e+04
2.749429999676216568e-02, 2.769200000000000000e+04
2.751007412183202258e-02, 2.530000000000000000e+04
2.752584824690188295e-02, 2.145700000000000000e+04
2.754162237197173985e-02, 1.940600000000000000e+04
2.755739649704159674e-02, 1.568600000000000000e+04
2.757317062211145364e-02, 1.171300000000000000e+04
2.758894474718131401e-02, 9.178000000000000000e+03
2.760471887225117091e-02, 6.257000000000000000e+03
2.762049299732102781e-02, 4.783000000000000000e+03
2.763626712239088470e-02, 4.250000000000000000e+03
2.765204124746074507e-02, 4.285000000000000000e+03
2.766781537253060197e-02, 5.888000000000000000e+03
2.768358949760045887e-02, 8.021000000000000000e+03
2.769936362267031577e-02, 1.192100000000000000e+04
2.771513774774017613e-02, 1.449500000000000000e+04
2.773091187281003303e-02, 1.795300000000000000e+04
2.774668599787988993e-02, 2.154100000000000000e+04
2.776246012294975030e-02, 2.535500000000000000e+04
2.777823424801960719e-02, 2.672400000000000000e+04
2.779400837308946409e-02, 2.970500000000000000e+04
2.780978249815932099e-02, 2.797100000000000000e+04
2.782555662322918136e-02, 2.720000000000000000e+04
2.784133074829903826e-02, 2.618600000000000000e+04
2.785710487336889515e-02, 2.401400000000000000e+04
2.787287899843875205e-02, 2.085000000000000000e+04
2.788865312350861242e-02, 1.680500000000000000e+04
2.790442724857846932e-02, 1.303300000000000000e+04
2.792020137364832622e-02, 1.085300000000000000e+04
2.793597549871818311e-02, 6.482000000000000000e+03
2.795174962378804348e-02, 5.651000000000000000e+03
2.796752374885790038e-02, 4.077000000000000000e+03
2.798329787392775728e-02, 3.976000000000000000e+03
2.799907199899761417e-02, 6.612000000000000000e+03
2.801484612406747454e-02, 7.049000000000000000e+03
2.803062024913733144e-02, 9.979000000000000000e+03
2.804639437420718834e-02, 1.354900000000000000e+04
2.806216849927704871e-02, 1.616600000000000000e+04
2.807794262434690560e-02, 2.030800000000000000e+04
2.809371674941676250e-02, 2.280100000000000000e+04
2.810949087448661940e-02, 2.633500000000000000e+04
2.812526499955647977e-02, 2.660400000000000000e+04
2.814103912462633666e-02, 2.895900000000000000e+04
2.815681324969619356e-02, 2.753500000000000000e+04
2.817258737476605046e-02, 2.684500000000000000e+04
2.818836149983591083e-02, 2.520800000000000000e+04
2.820413562490576773e-02, 2.252900000000000000e+04
2.821990974997562462e-02, 1.904800000000000000e+04
2.823568387504548152e-02, 1.532900000000000000e+04
2.825145800011534189e-02, 1.250600000000000000e+04
2.826723212518519879e-02, 9.471000000000000000e+03
2.828300625025505569e-02, 6.480000000000000000e+03
2.829878037532491258e-02, 4.111000000000000000e+03
2.831455450039477295e-02, 3.652000000000000000e+03
2.833032862546462985e-02, 4.348000000000000000e+03
2.834610275053448675e-02, 5.615000000000000000e+03
2.836187687560434711e-02, 7.635000000000000000e+03
2.837765100067420401e-02, 1.203800000000000000e+04
2.839342512574406091e-02, 1.610700000000000000e+04
2.840919925081391781e-02, 1.800300000000000000e+04
2.842497337588377818e-02, 2.149700000000000000e+04
2.844074750095363507e-02, 2.475700000000000000e+04
2.845652162602349197e-02, 2.607400000000000000e+04
2.847229575109334887e-02, 2.858500000000000000e+04
2.848806987616320924e-02, 2.764400000000000000e+04
2.850384400123306614e-02, 2.802600000000000000e+04
2.851961812630292303e-02, 2.616700000000000000e+04
2.853539225137277993e-02, 2.315400000000000000e+04
2.855116637644264030e-02, 2.147000000000000000e+04
2.856694050151249720e-02, 1.590600000000000000e+04
2.858271462658235409e-02, 1.220200000000000000e+04
2.859848875165221099e-02, 1.004500000000000000e+04
2.861426287672207136e-02, 7.220000000000000000e+03
2.863003700179192826e-02, 4.831000000000000000e+03
2.864581112686178516e-02, 3.375000000000000000e+03
2.866158525193164552e-02, 3.402000000000000000e+03
2.867735937700150242e-02, 6.221000000000000000e+03
2.869313350207135932e-02, 7.715000000000000000e+03
2.870890762714121622e-02, 9.498000000000000000e+03
2.872468175221107659e-02, 1.395000000000000000e+04
2.874045587728093348e-02, 1.565900000000000000e+04
2.875623000235079038e-02, 2.090800000000000000e+04
2.877200412742064728e-02, 2.387000000000000000e+04
2.878777825249050765e-02, 2.698200000000000000e+04
2.880355237756036454e-02, 2.716200000000000000e+04
2.881932650263022144e-02, 2.809100000000000000e+04
2.883510062770007834e-02, 2.794300000000000000e+04
2.885087475276993871e-02, 2.636700000000000000e+04
2.886664887783979561e-02, 2.417000000000000000e+04
2.888242300290965250e-02, 2.206800000000000000e+04
2.889819712797950940e-02, 1.796600000000000000e+04
2.891397125304936977e-02, 1.540700000000000000e+04
2.892974537811922667e-02, 1.181700000000000000e+04
2.894551950318908357e-02, 8.026000000000000000e+03
2.896129362825894393e-02, 5.948000000000000000e+03
2.897706775332880083e-02, 3.424000000000000000e+03
2.899284187839865773e-02, 3.083000000000000000e+03
2.900861600346851463e-02, 4.199000000000000000e+03
2.902439012853837499e-02, 6.624000000000000000e+03
2.904016425360823189e-02, 8.366000000000000000e+03
2.905593837867808879e-02, 1.278000000000000000e+04
2.907171250374794569e-02, 1.545100000000000000e+04
2.908748662881780606e-02, 1.885600000000000000e+04
2.910326075388766295e-02, 2.201000000000000000e+04
2.911903487895751985e-02, 2.521100000000000000e+04
2.913480900402737675e-02, 2.610200000000000000e+04
2.915058312909723712e-02, 2.831100000000000000e+04
2.916635725416709402e-02, 2.788000000000000000e+04
2.918213137923695091e-02, 2.848800000000000000e+04
2.919790550430680781e-02, 2.623400000000000000e+04
2.921367962937666818e-02, 2.342500000000000000e+04
2.922945375444652508e-02, 2.013900000000000000e+04
2.924522787951638197e-02, 1.661800000000000000e+04
2.926100200458624234e-02, 1.215600000000000000e+04
2.927677612965609924e-02, 9.765000000000000000e+03
2.929255025472595614e-02, 7.248000000000000000e+03
2.930832437979581304e-02, 4.756000000000000000e+03
2.932409850486567340e-02, 3.513000000000000000e+03
2.933987262993553030e-02, 3.454000000000000000e+03
2.935564675500538720e-02, 5.510000000000000000e+03
2.937142088007524410e-02, 8.004000000000000000e+03
2.938719500514510446e-02, 1.043600000000000000e+04
2.940296913021496136e-02, 1.323700000000000000e+04
2.941874325528481826e-02, 1.659300000000000000e+04
2.943451738035467516e-02, 2.099200000000000000e+04
2.945029150542453553e-02, 2.353800000000000000e+04
2.946606563049439242e-02, 2.638600000000000000e+04
2.948183975556424932e-02, 2.791700000000000000e+04
2.949761388063410622e-02, 2.815900000000000000e+04
2.951338800570396659e-02, 2.850800000000000000e+04
2.952916213077382349e-02, 2.667800000000000000e+04
2.954493625584368038e-02, 2.409600000000000000e+04
2.956071038091354075e-02, 2.173700000000000000e+04
2.957648450598339765e-02, 1.675900000000000000e+04
2.959225863105325455e-02, 1.462400000000000000e+04
2.960803275612311145e-02, 1.110500000000000000e+04
2.962380688119297181e-02, 7.343000000000000000e+03
2.963958100626282871e-02, 5.621000000000000000e+03
2.965535513133268561e-02, 4.529000000000000000e+03
2.967112925640254251e-02, 4.015000000000000000e+03
2.968690338147240287e-02, 5.044000000000000000e+03
2.970267750654225977e-02, 6.567000000000000000e+03
2.971845163161211667e-02, 8.254000000000000000e+03
2.973422575668197357e-02, 1.217000000000000000e+04
2.974999988175183394e-02, 1.520900000000000000e+04
2.976577400682169083e-02, 1.922900000000000000e+04
2.978154813189154773e-02, 2.151700000000000000e+04
2.979732225696140463e-02, 2.611000000000000000e+04
2.981309638203126500e-02, 2.672800000000000000e+04
2.982887050710112189e-02, 2.856900000000000000e+04
2.984464463217097879e-02, 2.846300000000000000e+04
2.986041875724083916e-02, 2.748000000000000000e+04
2.987619288231069606e-02, 2.586000000000000000e+04
2.989196700738055296e-02, 2.264400000000000000e+04
2.990774113245040985e-02, 1.974100000000000000e+04
2.992351525752027022e-02, 1.698500000000000000e+04
2.993928938259012712e-02, 1.202100000000000000e+04
2.995506350765998402e-02, 9.846000000000000000e+03
2.997083763272984092e-02, 6.640000000000000000e+03
2.998661175779970128e-02, 6.048000000000000000e+03
3.000238588286955818e-02, 4.626000000000000000e+03
3.001816000793941508e-02, 4.563000000000000000e+03
3.003393413300927198e-02, 5.736000000000000000e+03
3.004970825807913234e-02, 7.455000000000000000e+03
3.006548238314898924e-02, 1.096600000000000000e+04
3.008125650821884614e-02, 1.415000000000000000e+04
3.009703063328870304e-02, 1.815000000000000000e+04
3.011280475835856341e-02, 2.178800000000000000e+04
3.012857888342842030e-02, 2.357600000000000000e+04
3.014435300849827720e-02, 2.599700000000000000e+04
3.016012713356813757e-02, 2.877400000000000000e+04
3.017590125863799447e-02, 2.859800000000000000e+04
3.019167538370785137e-02, 2.900300000000000000e+04
3.020744950877770826e-02, 2.718400000000000000e+04
3.022322363384756863e-02, 2.467500000000000000e+04
3.023899775891742553e-02, 2.074300000000000000e+04
3.025477188398728243e-02, 1.725000000000000000e+04
3.027054600905713933e-02, 1.420500000000000000e+04
3.028632013412699969e-02, 1.111000000000000000e+04
3.030209425919685659e-02, 8.450000000000000000e+03
3.031786838426671349e-02, 6.596000000000000000e+03
3.033364250933657039e-02, 4.993000000000000000e+03
3.034941663440643075e-02, 4.784000000000000000e+03
3.036519075947628765e-02, 5.019000000000000000e+03
3.038096488454614455e-02, 6.402000000000000000e+03
3.039673900961600145e-02, 9.158000000000000000e+03
3.041251313468586182e-02, 1.260300000000000000e+04
3.042828725975571871e-02, 1.668900000000000000e+04
3.044406138482557561e-02, 1.960700000000000000e+04
3.045983550989543598e-02, 2.219900000000000000e+04
3.047560963496529288e-02, 2.702300000000000000e+04
3.049138376003514977e-02, 2.767400000000000000e+04
3.050715788510500667e-02, 2.903800000000000000e+04
3.052293201017486704e-02, 2.906300000000000000e+04
3.053870613524472394e-02, 2.705200000000000000e+04
3.055448026031458084e-02, 2.632500000000000000e+04
3.057025438538443773e-02, 2.206800000000000000e+04
3.058602851045429810e-02, 1.990000000000000000e+04
3.060180263552415500e-02, 1.707300000000000000e+04
3.061757676059401190e-02, 1.109400000000000000e+04
3.063335088566386880e-02, 9.120000000000000000e+03
3.064912501073372916e-02, 5.825000000000000000e+03
3.066489913580358606e-02, 5.626000000000000000e+03
3.068067326087344296e-02, 4.751000000000000000e+03
3.069644738594329986e-02, 4.793000000000000000e+03
3.071222151101316022e-02, 6.351000000000000000e+03
3.072799563608301712e-02, 8.045000000000000000e+03
3.074376976115287402e-02, 1.225200000000000000e+04
3.075954388622273439e-02, 1.496100000000000000e+04
3.077531801129259129e-02, 1.744500000000000000e+04
3.079109213636244818e-02, 2.122600000000000000e+04
3.080686626143230508e-02, 2.446900000000000000e+04
3.082264038650216545e-02, 2.633400000000000000e+04
3.083841451157202235e-02, 2.947000000000000000e+04
3.085418863664187925e-02, 2.917800000000000000e+04
3.086996276171173614e-02, 2.803500000000000000e+04
3.088573688678159651e-02, 2.625600000000000000e+04
3.090151101185145341e-02, 2.396000000000000000e+04
3.091728513692131031e-02, 2.005600000000000000e+04
3.093305926199116720e-02, 1.701100000000000000e+04
3.094883338706102757e-02, 1.371300000000000000e+04
3.096460751213088447e-02, 1.045900000000000000e+04
3.098038163720074137e-02, 7.654000000000000000e+03
3.099615576227059827e-02, 6.582000000000000000e+03
3.101192988734045863e-02, 4.831000000000000000e+03
3.102770401241031553e-02, 4.694000000000000000e+03
3.104347813748017243e-02, 5.776000000000000000e+03
3.105925226255003280e-02, 7.455000000000000000e+03
3.107502638761988970e-02, 9.139000000000000000e+03
3.109080051268974659e-02, 1.279900000000000000e+04
3.110657463775960349e-02, 1.663200000000000000e+04
3.112234876282946386e-02, 2.035800000000000000e+04
3.113812288789932076e-02, 2.290600000000000000e+04
3.115389701296917765e-02, 2.626200000000000000e+04
3.116967113803903455e-02, 2.667100000000000000e+04
3.118544526310889492e-02, 2.965300000000000000e+04
3.120121938817875182e-02, 2.817400000000000000e+04
3.121699351324860872e-02, 2.736600000000000000e+04
3.123276763831846561e-02, 2.552100000000000000e+04
3.124854176338832598e-02, 2.129700000000000000e+04
3.126431588845818288e-02, 1.972100000000000000e+04
3.128009001352804325e-02, 1.600100000000000000e+04
3.129586413859789668e-02, 1.168400000000000000e+04
3.131163826366775704e-02, 8.969000000000000000e+03
3.132741238873761741e-02, 5.614000000000000000e+03
3.134318651380747084e-02, 5.155000000000000000e+03
3.135896063887733121e-02, 4.497000000000000000e+03
3.137473476394718463e-02, 4.473000000000000000e+03
3.139050888901704500e-02, 6.176000000000000000e+03
3.140628301408690537e-02, 8.268000000000000000e+03
3.142205713915675880e-02, 1.137800000000000000e+04
3.143783126422661917e-02, 1.430000000000000000e+04
3.145360538929647953e-02, 1.726100000000000000e+04
3.146937951436633296e-02, 2.184100000000000000e+04
3.148515363943619333e-02, 2.539200000000000000e+04
3.150092776450604676e-02, 2.698500000000000000e+04
3.151670188957590713e-02, 3.013000000000000000e+04
3.153247601464576749e-02, 2.860700000000000000e+04
3.154825013971562092e-02, 2.748100000000000000e+04
3.156402426478548129e-02, 2.605600000000000000e+04
3.157979838985534166e-02, 2.408400000000000000e+04
3.159557251492519508e-02, 2.027900000000000000e+04
3.161134663999505545e-02, 1.742100000000000000e+04
3.162712076506491582e-02, 1.290000000000000000e+04
3.164289489013476925e-02, 1.084200000000000000e+04
3.165866901520462962e-02, 6.894000000000000000e+03
3.167444314027448304e-02, 6.047000000000000000e+03
3.169021726534434341e-02, 4.308000000000000000e+03
3.170599139041420378e-02, 4.232000000000000000e+03
3.172176551548405721e-02, 6.582000000000000000e+03
3.173753964055391757e-02, 7.332000000000000000e+03
3.175331376562377794e-02, 9.794000000000000000e+03
3.176908789069363137e-02, 1.341100000000000000e+04
3.178486201576349174e-02, 1.678600000000000000e+04
3.180063614083334517e-02, 2.032000000000000000e+04
3.181641026590320553e-02, 2.264100000000000000e+04
3.183218439097306590e-02, 2.620600000000000000e+04
3.184795851604291933e-02, 2.644000000000000000e+04
3.186373264111277970e-02, 2.946100000000000000e+04
3.187950676618264007e-02, 2.751700000000000000e+04
3.189528089125249349e-02, 2.765400000000000000e+04
3.191105501632235386e-02, 2.516600000000000000e+04
3.192682914139221423e-02, 2.192600000000000000e+04
3.194260326646206766e-02, 1.899100000000000000e+04
3.195837739153192802e-02, 1.545900000000000000e+04
3.197415151660178145e-02, 1.238900000000000000e+04
3.198992564167164182e-02, 9.170000000000000000e+03
3.200569976674150219e-02, 6.468000000000000000e+03
3.202147389181135562e-02, 4.442000000000000000e+03
3.203724801688121598e-02, 3.989000000000000000e+03
3.205302214195107635e-02, 3.973000000000000000e+03
3.206879626702092978e-02, 5.500000000000000000e+03
3.208457039209079015e-02, 7.655000000000000000e+03
3.210034451716064358e-02, 1.189800000000000000e+04
3.211611864223050394e-02, 1.517200000000000000e+04
3.213189276730036431e-02, 1.810200000000000000e+04
3.214766689237021774e-02, 2.155400000000000000e+04
3.216344101744007811e-02, 2.482000000000000000e+04
3.217921514250993847e-02, 2.609700000000000000e+04
3.219498926757979190e-02, 2.889600000000000000e+04
3.221076339264965227e-02, 2.784800000000000000e+04
3.222653751771951264e-02, 2.774100000000000000e+04
3.224231164278936607e-02, 2.652800000000000000e+04
3.225808576785922643e-02, 2.339800000000000000e+04
3.227385989292907986e-02, 2.094900000000000000e+04
3.228963401799894023e-02, 1.624200000000000000e+04
3.230540814306880060e-02, 1.285700000000000000e+04
3.232118226813865403e-02, 1.045100000000000000e+04
3.233695639320851439e-02, 6.548000000000000000e+03
3.235273051827837476e-02, 5.301000000000000000e+03
3.236850464334822819e-02, 3.729000000000000000e+03
3.238427876841808856e-02, 3.639000000000000000e+03
3.240005289348794199e-02, 6.387000000000000000e+03
3.241582701855780235e-02, 7.070000000000000000e+03
3.243160114362766272e-02, 9.924000000000000000e+03
3.244737526869751615e-02, 1.400100000000000000e+04
3.246314939376737652e-02, 1.608800000000000000e+04
3.247892351883723688e-02, 2.114100000000000000e+04
3.249469764390709031e-02, 2.326900000000000000e+04
3.251047176897695068e-02, 2.667900000000000000e+04
3.252624589404681105e-02, 2.691700000000000000e+04
3.254202001911666448e-02, 2.832800000000000000e+04
3.255779414418652484e-02, 2.768200000000000000e+04
3.257356826925637827e-02, 2.643500000000000000e+04
3.258934239432623864e-02, 2.500100000000000000e+04
3.260511651939609901e-02, 2.238400000000000000e+04
3.262089064446595243e-02, 1.874600000000000000e+04
3.263666476953581280e-02, 1.529800000000000000e+04
3.265243889460567317e-02, 1.283800000000000000e+04
3.266821301967552660e-02, 8.617000000000000000e+03
3.268398714474538697e-02, 6.270000000000000000e+03
3.269976126981524039e-02, 3.706000000000000000e+03
3.271553539488510076e-02, 3.309000000000000000e+03
3.273130951995496113e-02, 3.528000000000000000e+03
3.274708364502481456e-02, 6.259000000000000000e+03
3.276285777009467493e-02, 8.201000000000000000e+03
3.277863189516453529e-02, 1.219900000000000000e+04
3.279440602023438872e-02, 1.581900000000000000e+04
3.281018014530424909e-02, 1.823200000000000000e+04
3.282595427037410946e-02, 2.192700000000000000e+04
3.284172839544396288e-02, 2.431600000000000000e+04
3.285750252051382325e-02, 2.583400000000000000e+04
3.287327664558367668e-02, 2.833400000000000000e+04
3.288905077065353705e-02, 2.773000000000000000e+04
3.290482489572339742e-02, 2.837000000000000000e+04
3.292059902079325084e-02, 2.689600000000000000e+04
3.293637314586311121e-02, 2.323400000000000000e+04
3.295214727093297158e-02, 2.089300000000000000e+04
3.296792139600282501e-02, 1.618800000000000000e+04
3.298369552107268537e-02, 1.204900000000000000e+04
3.299946964614253880e-02, 9.520000000000000000e+03
3.301524377121239917e-02, 7.362000000000000000e+03
3.303101789628225954e-02, 4.358000000000000000e+03
3.304679202135211297e-02, 3.131000000000000000e+03
3.306256614642197333e-02, 3.073000000000000000e+03
3.307834027149183370e-02, 5.834000000000000000e+03
3.309411439656168713e-02, 8.008000000000000000e+03
3.310988852163154750e-02, 9.907000000000000000e+03
3.312566264670140787e-02, 1.356300000000000000e+04
3.314143677177126129e-02, 1.615700000000000000e+04
3.315721089684112166e-02, 2.082300000000000000e+04
3.317298502191097509e-02, 2.400200000000000000e+04
3.318875914698083546e-02, 2.704000000000000000e+04
3.320453327205069582e-02, 2.758300000000000000e+04
3.322030739712054925e-02, 2.807900000000000000e+04
3.323608152219040962e-02, 2.817500000000000000e+04
3.325185564726026999e-02, 2.642900000000000000e+04
3.326762977233012342e-02, 2.397500000000000000e+04
3.328340389739998378e-02, 2.206300000000000000e+04
3.329917802246983721e-02, 1.717500000000000000e+04
3.331495214753969758e-02, 1.524400000000000000e+04
3.333072627260955795e-02, 1.110400000000000000e+04
3.334650039767941138e-02, 7.402000000000000000e+03
3.336227452274927174e-02, 5.635000000000000000e+03
3.337804864781913211e-02, 3.773000000000000000e+03
3.339382277288898554e-02, 3.463000000000000000e+03
3.340959689795884591e-02, 4.828000000000000000e+03
3.342537102302870627e-02, 6.653000000000000000e+03
3.344114514809855970e-02, 8.390000000000000000e+03
3.345691927316842007e-02, 1.259200000000000000e+04
3.347269339823827350e-02, 1.507600000000000000e+04
3.348846752330813387e-02, 1.939400000000000000e+04
3.350424164837799423e-02, 2.155300000000000000e+04
3.352001577344784766e-02, 2.567200000000000000e+04
3.353578989851770803e-02, 2.644500000000000000e+04
3.355156402358756840e-02, 2.844000000000000000e+04
3.356733814865742183e-02, 2.813700000000000000e+04
3.358311227372728219e-02, 2.786400000000000000e+04
3.359888639879713562e-02, 2.589700000000000000e+04
3.361466052386699599e-02, 2.324100000000000000e+04
3.363043464893685636e-02, 1.970400000000000000e+04
3.364620877400670979e-02, 1.681300000000000000e+04
3.366198289907657015e-02, 1.220500000000000000e+04
3.367775702414643052e-02, 1.010100000000000000e+04
3.369353114921628395e-02, 7.042000000000000000e+03
3.370930527428614432e-02, 5.422000000000000000e+03
3.372507939935600468e-02, 4.303000000000000000e+03
3.374085352442585811e-02, 4.008000000000000000e+03
3.375662764949571848e-02, 5.207000000000000000e+03
3.377240177456557191e-02, 7.791000000000000000e+03
3.378817589963543228e-02, 1.057500000000000000e+04
3.380395002470529264e-02, 1.331200000000000000e+04
3.381972414977514607e-02, 1.770000000000000000e+04
3.383549827484500644e-02, 2.149400000000000000e+04
3.385127239991486681e-02, 2.344400000000000000e+04
3.386704652498472023e-02, 2.620300000000000000e+04
3.388282065005458060e-02, 2.833400000000000000e+04
3.389859477512443403e-02, 2.836500000000000000e+04
3.391436890019429440e-02, 2.887900000000000000e+04
3.393014302526415477e-02, 2.695000000000000000e+04
3.394591715033400819e-02, 2.434000000000000000e+04
3.396169127540386856e-02, 2.117400000000000000e+04
3.397746540047372893e-02, 1.690900000000000000e+04
3.399323952554358236e-02, 1.393400000000000000e+04
3.400901365061344273e-02, 1.117200000000000000e+04
3.402478777568330309e-02, 7.807000000000000000e+03
3.404056190075315652e-02, 6.289000000000000000e+03
3.405633602582301689e-02, 4.708000000000000000e+03
3.407211015089287032e-02, 4.564000000000000000e+03
3.408788427596273068e-02, 5.148000000000000000e+03
3.410365840103259105e-02, 6.287000000000000000e+03
3.411943252610244448e-02, 8.451000000000000000e+03
3.413520665117230485e-02, 1.230800000000000000e+04
3.415098077624216522e-02, 1.582400000000000000e+04
3.416675490131201864e-02, 1.930600000000000000e+04
3.418252902638187901e-02, 2.135200000000000000e+04
3.419830315145173244e-02, 2.656400000000000000e+04
3.421407727652159281e-02, 2.718700000000000000e+04
3.422985140159145317e-02, 2.882800000000000000e+04
3.424562552666130660e-02, 2.875700000000000000e+04
3.426139965173116697e-02, 2.710200000000000000e+04
3.427717377680102734e-02, 2.599800000000000000e+04
3.429294790187088077e-02, 2.247500000000000000e+04
3.430872202694074113e-02, 1.964900000000000000e+04
3.432449615201060150e-02, 1.704900000000000000e+04
3.434027027708045493e-02, 1.148000000000000000e+04
3.435604440215031530e-02, 9.484000000000000000e+03
3.437181852722016873e-02, 6.192000000000000000e+03
3.438759265229002909e-02, 5.733000000000000000e+03
3.440336677735988946e-02, 4.816000000000000000e+03
3.441914090242974289e-02, 4.778000000000000000e+03
3.443491502749960326e-02, 5.956000000000000000e+03
3.445068915256946362e-02, 7.442000000000000000e+03
3.446646327763931705e-02, 1.160500000000000000e+04
3.448223740270917742e-02, 1.484700000000000000e+04
3.449801152777903085e-02, 1.767800000000000000e+04
3.451378565284889122e-02, 2.118900000000000000e+04
3.452955977791875158e-02, 2.394000000000000000e+04
3.454533390298860501e-02, 2.612500000000000000e+04
3.456110802805846538e-02, 2.920000000000000000e+04
3.457688215312832575e-02, 2.885700000000000000e+04
3.459265627819817918e-02, 2.836800000000000000e+04
3.460843040326803954e-02, 2.662800000000000000e+04
3.462420452833789991e-02, 2.388200000000000000e+04
3.463997865340775334e-02, 2.060400000000000000e+04
3.465575277847761371e-02, 1.735700000000000000e+04
3.467152690354746714e-02, 1.408600000000000000e+04
3.468730102861732750e-02, 1.058500000000000000e+04
