0.000000000000000000e+00, 3.553500000000000000e+04
4.965891909119701369e-06, 3.371300000000000000e+04
9.931783818239402737e-06, 3.197000000000000000e+04
1.489767572735910411e-05, 3.042800000000000000e+04
1.986356763647880547e-05, 2.920600000000000000e+04
2.482945954559850684e-05, 2.839600000000000000e+04
2.979535145471820821e-05, 2.804800000000000000e+04
3.476124336383791297e-05, 2.816300000000000000e+04
3.972713527295761095e-05, 2.870700000000000000e+04
4.469302718207731571e-05, 2.961300000000000000e+04
4.965891909119701369e-05, 3.079400000000000000e+04
5.462481100031671844e-05, 3.215600000000000000e+04
5.959070290943641642e-05, 3.360400000000000000e+04
6.455659481855611441e-05, 3.505000000000000000e+04
6.952248672767582594e-05, 3.642100000000000000e+04
7.448837863679552392e-05, 3.765700000000000000e+04
7.945427054591522190e-05, 3.870600000000000000e+04
8.442016245503491988e-05, 3.953500000000000000e+04
8.938605436415463141e-05, 4.012300000000000000e+04
9.435194627327432939e-05, 4.046200000000000000e+04
9.931783818239402737e-05, 4.054400000000000000e+04
1.042837300915137254e-04, 4.037300000000000000e+04
1.092496220006334369e-04, 3.996300000000000000e+04
1.142155139097531349e-04, 3.933300000000000000e+04
1.191814058188728328e-04, 3.850800000000000000e+04
1.241472977279925308e-04, 3.750900000000000000e+04
1.291131896371122288e-04, 3.635500000000000000e+04
1.340790815462319268e-04, 3.506900000000000000e+04
1.390449734553516519e-04, 3.367000000000000000e+04
1.440108653644713499e-04, 3.218500000000000000e+04
1.489767572735910478e-04, 3.063900000000000000e+04
1.539426491827107458e-04, 2.905200000000000000e+04
1.589085410918304438e-04, 2.744700000000000000e+04
1.638744330009501418e-04, 2.584400000000000000e+04
1.688403249100698398e-04, 2.426200000000000000e+04
1.738062168191895377e-04, 2.272000000000000000e+04
1.787721087283092628e-04, 2.123400000000000000e+04
1.837380006374289608e-04, 1.982000000000000000e+04
1.887038925465486588e-04, 1.849400000000000000e+04
1.936697844556683568e-04, 1.727400000000000000e+04
1.986356763647880547e-04, 1.617700000000000000e+04
2.036015682739077527e-04, 1.521500000000000000e+04
2.085674601830274507e-04, 1.439900000000000000e+04
2.135333520921471487e-04, 1.373600000000000000e+04
2.184992440012668738e-04, 1.323000000000000000e+04
2.234651359103865718e-04, 1.288100000000000000e+04
2.284310278195062697e-04, 1.269500000000000000e+04
2.333969197286259677e-04, 1.267500000000000000e+04
2.383628116377456657e-04, 1.282600000000000000e+04
2.433287035468653637e-04, 1.315000000000000000e+04
2.482945954559850617e-04, 1.364500000000000000e+04
2.532604873651047596e-04, 1.430800000000000000e+04
2.582263792742244576e-04, 1.512800000000000000e+04
2.631922711833441556e-04, 1.609300000000000000e+04
2.681581630924638536e-04, 1.719200000000000000e+04
2.731240550015835516e-04, 1.841700000000000000e+04
2.780899469107033038e-04, 1.975900000000000000e+04
2.830558388198230017e-04, 2.120500000000000000e+04
2.880217307289426997e-04, 2.273900000000000000e+04
2.929876226380623977e-04, 2.435100000000000000e+04
2.979535145471820957e-04, 2.603000000000000000e+04
3.029194064563017937e-04, 2.776800000000000000e+04
3.078852983654214916e-04, 2.955400000000000000e+04
3.128511902745411896e-04, 3.137000000000000000e+04
3.178170821836608876e-04, 3.319700000000000000e+04
3.227829740927805856e-04, 3.501500000000000000e+04
3.277488660019002836e-04, 3.681600000000000000e+04
3.327147579110199815e-04, 3.858800000000000000e+04
3.376806498201396795e-04, 4.031900000000000000e+04
3.426465417292593775e-04, 4.199000000000000000e+04
3.476124336383790755e-04, 4.358700000000000000e+04
3.525783255474987735e-04, 4.509200000000000000e+04
3.575442174566185257e-04, 4.649200000000000000e+04
3.625101093657382236e-04, 4.777500000000000000e+04
3.674760012748579216e-04, 4.893100000000000000e+04
3.724418931839776196e-04, 4.995100000000000000e+04
3.774077850930973176e-04, 5.083000000000000000e+04
3.823736770022170156e-04, 5.156200000000000000e+04
3.873395689113367135e-04, 5.214300000000000000e+04
3.923054608204564115e-04, 5.256500000000000000e+04
3.972713527295761095e-04, 5.282100000000000000e+04
4.022372446386958075e-04, 5.290800000000000000e+04
4.072031365478155055e-04, 5.282400000000000000e+04
4.121690284569352034e-04, 5.257300000000000000e+04
4.171349203660549014e-04, 5.215400000000000000e+04
4.221008122751745994e-04, 5.157100000000000000e+04
4.270667041842942974e-04, 5.083000000000000000e+04
4.320325960934139954e-04, 4.994100000000000000e+04
4.369984880025337476e-04, 4.891300000000000000e+04
4.419643799116534455e-04, 4.775200000000000000e+04
4.469302718207731435e-04, 4.646700000000000000e+04
4.518961637298928415e-04, 4.506900000000000000e+04
4.568620556390125395e-04, 4.357100000000000000e+04
4.618279475481322375e-04, 4.198600000000000000e+04
4.667938394572519354e-04, 4.032300000000000000e+04
4.717597313663716334e-04, 3.859500000000000000e+04
4.767256232754913314e-04, 3.681300000000000000e+04
4.816915151846110294e-04, 3.499300000000000000e+04
4.866574070937307274e-04, 3.315400000000000000e+04
4.916232990028504253e-04, 3.131300000000000000e+04
4.965891909119701233e-04, 2.948500000000000000e+04
5.015550828210898213e-04, 2.769000000000000000e+04
5.065209747302095193e-04, 2.594400000000000000e+04
5.114868666393292173e-04, 2.426100000000000000e+04
5.164527585484489152e-04, 2.265300000000000000e+04
5.214186504575686132e-04, 2.113100000000000000e+04
5.263845423666883112e-04, 1.970300000000000000e+04
5.313504342758080092e-04, 1.838200000000000000e+04
5.363163261849277072e-04, 1.718100000000000000e+04
5.412822180940474051e-04, 1.611300000000000000e+04
5.462481100031671031e-04, 1.518700000000000000e+04
5.512140019122868011e-04, 1.440900000000000000e+04
5.561798938214066075e-04, 1.378600000000000000e+04
5.611457857305263055e-04, 1.332000000000000000e+04
5.661116776396460035e-04, 1.301500000000000000e+04
5.710775695487657014e-04, 1.287800000000000000e+04
5.760434614578853994e-04, 1.291300000000000000e+04
5.810093533670050974e-04, 1.312200000000000000e+04
5.859752452761247954e-04, 1.350200000000000000e+04
5.909411371852444934e-04, 1.404800000000000000e+04
5.959070290943641914e-04, 1.475300000000000000e+04
6.008729210034838893e-04, 1.560700000000000000e+04
6.058388129126035873e-04, 1.659800000000000000e+04
6.108047048217232853e-04, 1.772000000000000000e+04
6.157705967308429833e-04, 1.896400000000000000e+04
6.207364886399626813e-04, 2.032200000000000000e+04
6.257023805490823792e-04, 2.178000000000000000e+04
6.306682724582020772e-04, 2.332800000000000000e+04
6.356341643673217752e-04, 2.495300000000000000e+04
6.406000562764414732e-04, 2.664700000000000000e+04
6.455659481855611712e-04, 2.839900000000000000e+04
6.505318400946808691e-04, 3.019600000000000000e+04
6.554977320038005671e-04, 3.201600000000000000e+04
6.604636239129202651e-04, 3.383800000000000000e+04
6.654295158220399631e-04, 3.564900000000000000e+04
6.703954077311596611e-04, 3.743800000000000000e+04
6.753612996402793590e-04, 3.919300000000000000e+04
6.803271915493990570e-04, 4.090100000000000000e+04
6.852930834585187550e-04, 4.254500000000000000e+04
6.902589753676384530e-04, 4.410900000000000000e+04
6.952248672767581510e-04, 4.557700000000000000e+04
7.001907591858778489e-04, 4.693700000000000000e+04
7.051566510949975469e-04, 4.817900000000000000e+04
7.101225430041172449e-04, 4.929200000000000000e+04
7.150884349132370513e-04, 5.026800000000000000e+04
7.200543268223567493e-04, 5.110000000000000000e+04
7.250202187314764473e-04, 5.178200000000000000e+04
7.299861106405961452e-04, 5.230900000000000000e+04
7.349520025497158432e-04, 5.267400000000000000e+04
7.399178944588355412e-04, 5.287000000000000000e+04
7.448837863679552392e-04, 5.289500000000000000e+04
7.498496782770749372e-04, 5.275000000000000000e+04
7.548155701861946352e-04, 5.243800000000000000e+04
7.597814620953143331e-04, 5.195700000000000000e+04
7.647473540044340311e-04, 5.130900000000000000e+04
7.697132459135537291e-04, 5.050400000000000000e+04
7.746791378226734271e-04, 4.955100000000000000e+04
7.796450297317931251e-04, 4.845700000000000000e+04
7.846109216409128230e-04, 4.723000000000000000e+04
7.895768135500325210e-04, 4.588000000000000000e+04
7.945427054591522190e-04, 4.442200000000000000e+04
7.995085973682719170e-04, 4.287000000000000000e+04
8.044744892773916150e-04, 4.123700000000000000e+04
8.094403811865113129e-04, 3.953700000000000000e+04
8.144062730956310109e-04, 3.778000000000000000e+04
8.193721650047507089e-04, 3.597900000000000000e+04
8.243380569138704069e-04, 3.415100000000000000e+04
8.293039488229901049e-04, 3.231200000000000000e+04
8.342698407321098028e-04, 3.047900000000000000e+04
8.392357326412295008e-04, 2.866700000000000000e+04
8.442016245503491988e-04, 2.688900000000000000e+04
8.491675164594688968e-04, 2.515900000000000000e+04
8.541334083685885948e-04, 2.349200000000000000e+04
8.590993002777082927e-04, 2.190000000000000000e+04
8.640651921868279907e-04, 2.039600000000000000e+04
8.690310840959477971e-04, 1.899100000000000000e+04
8.739969760050674951e-04, 1.770100000000000000e+04
8.789628679141871931e-04, 1.654100000000000000e+04
8.839287598233068911e-04, 1.552000000000000000e+04
8.888946517324265890e-04, 1.464700000000000000e+04
8.938605436415462870e-04, 1.392800000000000000e+04
8.988264355506659850e-04, 1.336600000000000000e+04
9.037923274597856830e-04, 1.296200000000000000e+04
9.087582193689053810e-04, 1.271700000000000000e+04
9.137241112780250789e-04, 1.263700000000000000e+04
9.186900031871447769e-04, 1.272600000000000000e+04
9.236558950962644749e-04, 1.298600000000000000e+04
9.286217870053841729e-04, 1.341500000000000000e+04
9.335876789145038709e-04, 1.401000000000000000e+04
9.385535708236235689e-04, 1.476400000000000000e+04
9.435194627327432668e-04, 1.566600000000000000e+04
9.484853546418629648e-04, 1.670700000000000000e+04
9.534512465509826628e-04, 1.787600000000000000e+04
9.584171384601023608e-04, 1.916400000000000000e+04
9.633830303692220588e-04, 2.055900000000000000e+04
9.683489222783417567e-04, 2.204800000000000000e+04
9.733148141874614547e-04, 2.361900000000000000e+04
9.782807060965811527e-04, 2.526200000000000000e+04
9.832465980057008507e-04, 2.697100000000000000e+04
9.882124899148205487e-04, 2.873500000000000000e+04
9.931783818239402466e-04, 3.053800000000000000e+04
9.981442737330599446e-04, 3.236100000000000000e+04
1.003110165642179643e-03, 3.418500000000000000e+04
1.008076057551299341e-03, 3.599700000000000000e+04
1.013041949460419039e-03, 3.778700000000000000e+04
1.018007841369538737e-03, 3.954300000000000000e+04
1.022973733278658435e-03, 4.124900000000000000e+04
1.027939625187778133e-03, 4.288900000000000000e+04
1.032905517096897830e-03, 4.444300000000000000e+04
1.037871409006017528e-03, 4.589800000000000000e+04
1.042837300915137226e-03, 4.723900000000000000e+04
1.047803192824256924e-03, 4.845700000000000000e+04
1.052769084733376622e-03, 4.953900000000000000e+04
1.057734976642496320e-03, 5.048000000000000000e+04
1.062700868551616018e-03, 5.127200000000000000e+04
1.067666760460735716e-03, 5.191100000000000000e+04
1.072632652369855414e-03, 5.239000000000000000e+04
1.077598544278975112e-03, 5.270300000000000000e+04
1.082564436188094810e-03, 5.284200000000000000e+04
1.087530328097214508e-03, 5.280500000000000000e+04
1.092496220006334206e-03, 5.259300000000000000e+04
1.097462111915453904e-03, 5.221200000000000000e+04
1.102428003824573602e-03, 5.166400000000000000e+04
1.107393895733693517e-03, 5.095700000000000000e+04
1.112359787642813215e-03, 5.010100000000000000e+04
1.117325679551932913e-03, 4.910500000000000000e+04
1.122291571461052611e-03, 4.797500000000000000e+04
1.127257463370172309e-03, 4.671700000000000000e+04
1.132223355279292007e-03, 4.534200000000000000e+04
1.137189247188411705e-03, 4.386400000000000000e+04
1.142155139097531403e-03, 4.229600000000000000e+04
1.147121031006651101e-03, 4.065400000000000000e+04
1.152086922915770799e-03, 3.895200000000000000e+04
1.157052814824890497e-03, 3.720200000000000000e+04
1.162018706734010195e-03, 3.541600000000000000e+04
1.166984598643129893e-03, 3.361100000000000000e+04
1.171950490552249591e-03, 3.180100000000000000e+04
1.176916382461369289e-03, 3.000000000000000000e+04
1.181882274370488987e-03, 2.822000000000000000e+04
1.186848166279608685e-03, 2.647500000000000000e+04
1.191814058188728383e-03, 2.477700000000000000e+04
1.196779950097848081e-03, 2.314200000000000000e+04
1.201745842006967779e-03, 2.158100000000000000e+04
1.206711733916087477e-03, 2.010600000000000000e+04
1.211677625825207175e-03, 1.873000000000000000e+04
1.216643517734326873e-03, 1.747000000000000000e+04
1.221609409643446571e-03, 1.634100000000000000e+04
1.226575301552566269e-03, 1.535100000000000000e+04
1.231541193461685967e-03, 1.451200000000000000e+04
1.236507085370805665e-03, 1.383000000000000000e+04
1.241472977279925363e-03, 1.330700000000000000e+04
1.246438869189045060e-03, 1.294400000000000000e+04
1.251404761098164758e-03, 1.274600000000000000e+04
1.256370653007284456e-03, 1.271600000000000000e+04
1.261336544916404154e-03, 1.285800000000000000e+04
1.266302436825523852e-03, 1.317200000000000000e+04
1.271268328734643550e-03, 1.365400000000000000e+04
1.276234220643763248e-03, 1.430000000000000000e+04
1.281200112552882946e-03, 1.509700000000000000e+04
1.286166004462002644e-03, 1.603500000000000000e+04
1.291131896371122342e-03, 1.710500000000000000e+04
1.296097788280242040e-03, 1.830200000000000000e+04
1.301063680189361738e-03, 1.961700000000000000e+04
1.306029572098481436e-03, 2.104000000000000000e+04
1.310995464007601134e-03, 2.255900000000000000e+04
1.315961355916720832e-03, 2.415900000000000000e+04
1.320927247825840530e-03, 2.583300000000000000e+04
1.325893139734960228e-03, 2.757100000000000000e+04
1.330859031644079926e-03, 2.936100000000000000e+04
1.335824923553199624e-03, 3.118200000000000000e+04
1.340790815462319322e-03, 3.301600000000000000e+04
1.345756707371439020e-03, 3.484500000000000000e+04
1.350722599280558718e-03, 3.665800000000000000e+04
1.355688491189678416e-03, 3.844300000000000000e+04
1.360654383098798114e-03, 4.018800000000000000e+04
1.365620275007917812e-03, 4.187500000000000000e+04
1.370586166917037510e-03, 4.348600000000000000e+04
1.375552058826157208e-03, 4.500600000000000000e+04
1.380517950735276906e-03, 4.641900000000000000e+04
1.385483842644396604e-03, 4.771400000000000000e+04
1.390449734553516302e-03, 4.888100000000000000e+04
1.395415626462636000e-03, 4.991000000000000000e+04
1.400381518371755698e-03, 5.079400000000000000e+04
1.405347410280875396e-03, 5.153100000000000000e+04
1.410313302189995094e-03, 5.211400000000000000e+04
1.415279194099114792e-03, 5.253800000000000000e+04
1.420245086008234490e-03, 5.279800000000000000e+04
1.425210977917354405e-03, 5.288800000000000000e+04
1.430176869826474103e-03, 5.280800000000000000e+04
1.435142761735593801e-03, 5.256000000000000000e+04
1.440108653644713499e-03, 5.214500000000000000e+04
1.445074545553833197e-03, 5.156500000000000000e+04
1.450040437462952895e-03, 5.082700000000000000e+04
1.455006329372072593e-03, 4.994000000000000000e+04
1.459972221281192290e-03, 4.891000000000000000e+04
1.464938113190311988e-03, 4.774100000000000000e+04
1.469904005099431686e-03, 4.644100000000000000e+04
1.474869897008551384e-03, 4.502200000000000000e+04
1.479835788917671082e-03, 4.349800000000000000e+04
1.484801680826790780e-03, 4.188500000000000000e+04
1.489767572735910478e-03, 4.019500000000000000e+04
1.494733464645030176e-03, 3.844300000000000000e+04
1.499699356554149874e-03, 3.664200000000000000e+04
1.504665248463269572e-03, 3.480900000000000000e+04
1.509631140372389270e-03, 3.296200000000000000e+04
1.514597032281508968e-03, 3.111700000000000000e+04
1.519562924190628666e-03, 2.929100000000000000e+04
1.524528816099748364e-03, 2.749700000000000000e+04
1.529494708008868062e-03, 2.574800000000000000e+04
1.534460599917987760e-03, 2.405800000000000000e+04
1.539426491827107458e-03, 2.243900000000000000e+04
1.544392383736227156e-03, 2.090300000000000000e+04
1.549358275645346854e-03, 1.946000000000000000e+04
1.554324167554466552e-03, 1.812700000000000000e+04
1.559290059463586250e-03, 1.691700000000000000e+04
1.564255951372705948e-03, 1.584400000000000000e+04
1.569221843281825646e-03, 1.491800000000000000e+04
1.574187735190945344e-03, 1.414500000000000000e+04
1.579153627100065042e-03, 1.353100000000000000e+04
1.584119519009184740e-03, 1.307700000000000000e+04
1.589085410918304438e-03, 1.278400000000000000e+04
1.594051302827424136e-03, 1.265500000000000000e+04
1.599017194736543834e-03, 1.269800000000000000e+04
1.603983086645663532e-03, 1.291600000000000000e+04
1.608948978554783230e-03, 1.330800000000000000e+04
1.613914870463902928e-03, 1.386900000000000000e+04
1.618880762373022626e-03, 1.459300000000000000e+04
1.623846654282142324e-03, 1.546700000000000000e+04
1.628812546191262022e-03, 1.648000000000000000e+04
1.633778438100381720e-03, 1.762200000000000000e+04
1.638744330009501418e-03, 1.888600000000000000e+04
1.643710221918621116e-03, 2.026200000000000000e+04
1.648676113827740814e-03, 2.173600000000000000e+04
1.653642005736860512e-03, 2.329500000000000000e+04
1.658607897645980210e-03, 2.492800000000000000e+04
1.663573789555099908e-03, 2.662600000000000000e+04
1.668539681464219606e-03, 2.838100000000000000e+04
1.673505573373339304e-03, 3.018000000000000000e+04
1.678471465282459002e-03, 3.200300000000000000e+04
1.683437357191578700e-03, 3.382800000000000000e+04
1.688403249100698398e-03, 3.564300000000000000e+04
1.693369141009818096e-03, 3.743500000000000000e+04
1.698335032918937794e-03, 3.919400000000000000e+04
1.703300924828057492e-03, 4.090500000000000000e+04
1.708266816737177190e-03, 4.255300000000000000e+04
1.713232708646296888e-03, 4.411800000000000000e+04
1.718198600555416585e-03, 4.558800000000000000e+04
1.723164492464536283e-03, 4.694800000000000000e+04
1.728130384373655981e-03, 4.818900000000000000e+04
1.733096276282775679e-03, 4.930100000000000000e+04
1.738062168191895594e-03, 5.027500000000000000e+04
1.743028060101015292e-03, 5.110600000000000000e+04
1.747993952010134990e-03, 5.178800000000000000e+04
1.752959843919254688e-03, 5.231500000000000000e+04
1.757925735828374386e-03, 5.268000000000000000e+04
1.762891627737494084e-03, 5.287600000000000000e+04
1.767857519646613782e-03, 5.290200000000000000e+04
1.772823411555733480e-03, 5.275700000000000000e+04
1.777789303464853178e-03, 5.244500000000000000e+04
1.782755195373972876e-03, 5.196700000000000000e+04
1.787721087283092574e-03, 5.132600000000000000e+04
1.792686979192212272e-03, 5.053300000000000000e+04
1.797652871101331970e-03, 4.959900000000000000e+04
1.802618763010451668e-03, 4.852900000000000000e+04
1.807584654919571366e-03, 4.732900000000000000e+04
1.812550546828691064e-03, 4.600600000000000000e+04
1.817516438737810762e-03, 4.457300000000000000e+04
1.822482330646930460e-03, 4.304100000000000000e+04
1.827448222556050158e-03, 4.142400000000000000e+04
1.832414114465169856e-03, 3.973400000000000000e+04
1.837380006374289554e-03, 3.798100000000000000e+04
1.842345898283409252e-03, 3.618000000000000000e+04
1.847311790192528950e-03, 3.434700000000000000e+04
1.852277682101648648e-03, 3.250200000000000000e+04
1.857243574010768346e-03, 3.066100000000000000e+04
1.862209465919888044e-03, 2.883800000000000000e+04
1.867175357829007742e-03, 2.704800000000000000e+04
1.872141249738127440e-03, 2.530500000000000000e+04
1.877107141647247138e-03, 2.362300000000000000e+04
1.882073033556366836e-03, 2.201700000000000000e+04
1.887038925465486534e-03, 2.049800000000000000e+04
1.892004817374606232e-03, 1.907800000000000000e+04
1.896970709283725930e-03, 1.777500000000000000e+04
1.901936601192845628e-03, 1.660200000000000000e+04
1.906902493101965326e-03, 1.557100000000000000e+04
1.911868385011085024e-03, 1.468900000000000000e+04
1.916834276920204722e-03, 1.396600000000000000e+04
1.921800168829324420e-03, 1.340400000000000000e+04
1.926766060738444118e-03, 1.300900000000000000e+04
1.931731952647563815e-03, 1.278000000000000000e+04
1.936697844556683513e-03, 1.272300000000000000e+04
1.941663736465803211e-03, 1.283700000000000000e+04
1.946629628374922909e-03, 1.312200000000000000e+04
1.951595520284042607e-03, 1.357400000000000000e+04
1.956561412193162305e-03, 1.418700000000000000e+04
1.961527304102282220e-03, 1.495400000000000000e+04
1.966493196011401701e-03, 1.586400000000000000e+04
1.971459087920521616e-03, 1.690800000000000000e+04
1.976424979829641097e-03, 1.807800000000000000e+04
1.981390871738761012e-03, 1.936800000000000000e+04
1.986356763647880493e-03, 2.076900000000000000e+04
1.991322655557000408e-03, 2.226700000000000000e+04
1.996288547466119889e-03, 2.385000000000000000e+04
2.001254439375239804e-03, 2.550700000000000000e+04
2.006220331284359285e-03, 2.722800000000000000e+04
2.011186223193479200e-03, 2.900200000000000000e+04
2.016152115102598681e-03, 3.081200000000000000e+04
2.021118007011718596e-03, 3.263700000000000000e+04
2.026083898920838077e-03, 3.445800000000000000e+04
2.031049790829957992e-03, 3.626300000000000000e+04
2.036015682739077473e-03, 3.804100000000000000e+04
2.040981574648197388e-03, 3.978200000000000000e+04
2.045947466557316869e-03, 4.147000000000000000e+04
2.050913358466436784e-03, 4.308400000000000000e+04
2.055879250375556265e-03, 4.460600000000000000e+04
2.060845142284676180e-03, 4.602100000000000000e+04
2.065811034193795661e-03, 4.731800000000000000e+04
2.070776926102915576e-03, 4.849000000000000000e+04
2.075742818012035057e-03, 4.952800000000000000e+04
2.080708709921154972e-03, 5.042800000000000000e+04
2.085674601830274453e-03, 5.118600000000000000e+04
2.090640493739394368e-03, 5.179800000000000000e+04
2.095606385648513849e-03, 5.225700000000000000e+04
2.100572277557633764e-03, 5.255700000000000000e+04
2.105538169466753245e-03, 5.269300000000000000e+04
2.110504061375873160e-03, 5.266300000000000000e+04
2.115469953284992641e-03, 5.247000000000000000e+04
2.120435845194112556e-03, 5.211600000000000000e+04
2.125401737103232037e-03, 5.160300000000000000e+04
2.130367629012351952e-03, 5.093400000000000000e+04
2.135333520921471433e-03, 5.011600000000000000e+04
2.140299412830591348e-03, 4.915600000000000000e+04
2.145265304739710829e-03, 4.805600000000000000e+04
2.150231196648830743e-03, 4.682300000000000000e+04
2.155197088557950225e-03, 4.546700000000000000e+04
2.160162980467070139e-03, 4.400100000000000000e+04
2.165128872376189621e-03, 4.243900000000000000e+04
2.170094764285309535e-03, 4.079500000000000000e+04
2.175060656194429017e-03, 3.908000000000000000e+04
2.180026548103548931e-03, 3.730700000000000000e+04
2.184992440012668413e-03, 3.549100000000000000e+04
2.189958331921788327e-03, 3.365000000000000000e+04
2.194924223830907808e-03, 3.180200000000000000e+04
2.199890115740027723e-03, 2.996300000000000000e+04
2.204856007649147204e-03, 2.815000000000000000e+04
2.209821899558267119e-03, 2.637600000000000000e+04
2.214787791467387034e-03, 2.465600000000000000e+04
2.219753683376506515e-03, 2.300400000000000000e+04
2.224719575285626430e-03, 2.143200000000000000e+04
2.229685467194745911e-03, 1.995300000000000000e+04
2.234651359103865826e-03, 1.857900000000000000e+04
2.239617251012985307e-03, 1.732600000000000000e+04
2.244583142922105222e-03, 1.620600000000000000e+04
2.249549034831224703e-03, 1.522800000000000000e+04
2.254514926740344618e-03, 1.440100000000000000e+04
2.259480818649464099e-03, 1.373000000000000000e+04
2.264446710558584014e-03, 1.321800000000000000e+04
2.269412602467703495e-03, 1.286500000000000000e+04
2.274378494376823410e-03, 1.267500000000000000e+04
2.279344386285942891e-03, 1.265300000000000000e+04
2.284310278195062806e-03, 1.280200000000000000e+04
2.289276170104182287e-03, 1.312100000000000000e+04
2.294242062013302202e-03, 1.361000000000000000e+04
2.299207953922421683e-03, 1.426200000000000000e+04
2.304173845831541598e-03, 1.507000000000000000e+04
2.309139737740661079e-03, 1.602000000000000000e+04
2.314105629649780994e-03, 1.710300000000000000e+04
2.319071521558900475e-03, 1.830900000000000000e+04
2.324037413468020390e-03, 1.963100000000000000e+04
2.329003305377139871e-03, 2.105600000000000000e+04
2.333969197286259786e-03, 2.257300000000000000e+04
2.338935089195379267e-03, 2.417100000000000000e+04
2.343900981104499182e-03, 2.584000000000000000e+04
2.348866873013618663e-03, 2.757300000000000000e+04
2.353832764922738578e-03, 2.935700000000000000e+04
2.358798656831858059e-03, 3.117400000000000000e+04
2.363764548740977973e-03, 3.300300000000000000e+04
2.368730440650097455e-03, 3.482700000000000000e+04
2.373696332559217369e-03, 3.663600000000000000e+04
2.378662224468336851e-03, 3.841900000000000000e+04
2.383628116377456765e-03, 4.016200000000000000e+04
2.388594008286576247e-03, 4.184900000000000000e+04
2.393559900195696161e-03, 4.346200000000000000e+04
2.398525792104815643e-03, 4.498300000000000000e+04
2.403491684013935557e-03, 4.639900000000000000e+04
2.408457575923055038e-03, 4.769700000000000000e+04
2.413423467832174953e-03, 4.886600000000000000e+04
2.418389359741294434e-03, 4.989700000000000000e+04
2.423355251650414349e-03, 5.078400000000000000e+04
2.428321143559533830e-03, 5.152200000000000000e+04
2.433287035468653745e-03, 5.210300000000000000e+04
2.438252927377773226e-03, 5.252500000000000000e+04
2.443218819286893141e-03, 5.278200000000000000e+04
2.448184711196012622e-03, 5.287000000000000000e+04
2.453150603105132537e-03, 5.278900000000000000e+04
2.458116495014252018e-03, 5.254200000000000000e+04
2.463082386923371933e-03, 5.212900000000000000e+04
2.468048278832491414e-03, 5.155300000000000000e+04
2.473014170741611329e-03, 5.081900000000000000e+04
2.477980062650730810e-03, 4.993500000000000000e+04
2.482945954559850725e-03, 4.890800000000000000e+04
2.487911846468970206e-03, 4.774300000000000000e+04
2.492877738378090121e-03, 4.644800000000000000e+04
2.497843630287209602e-03, 4.503500000000000000e+04
2.502809522196329517e-03, 4.351800000000000000e+04
2.507775414105448998e-03, 4.191100000000000000e+04
2.512741306014568913e-03, 4.022600000000000000e+04
2.517707197923688394e-03, 3.847500000000000000e+04
2.522673089832808309e-03, 3.667300000000000000e+04
2.527638981741928224e-03, 3.483700000000000000e+04
2.532604873651047705e-03, 3.298500000000000000e+04
2.537570765560167620e-03, 3.113600000000000000e+04
2.542536657469287101e-03, 2.930400000000000000e+04
2.547502549378407016e-03, 2.750500000000000000e+04
2.552468441287526497e-03, 2.575100000000000000e+04
2.557434333196646412e-03, 2.405800000000000000e+04
2.562400225105765893e-03, 2.243700000000000000e+04
2.567366117014885808e-03, 2.090000000000000000e+04
2.572332008924005289e-03, 1.945700000000000000e+04
2.577297900833125203e-03, 1.812300000000000000e+04
2.582263792742244685e-03, 1.691400000000000000e+04
2.587229684651364599e-03, 1.584100000000000000e+04
2.592195576560484081e-03, 1.491300000000000000e+04
2.597161468469603995e-03, 1.414000000000000000e+04
2.602127360378723477e-03, 1.352600000000000000e+04
2.607093252287843391e-03, 1.307100000000000000e+04
2.612059144196962873e-03, 1.277700000000000000e+04
2.617025036106082787e-03, 1.264800000000000000e+04
2.621990928015202268e-03, 1.268900000000000000e+04
2.626956819924322183e-03, 1.290000000000000000e+04
2.631922711833441664e-03, 1.327900000000000000e+04
2.636888603742561579e-03, 1.382200000000000000e+04
2.641854495651681060e-03, 1.452200000000000000e+04
2.646820387560800975e-03, 1.536900000000000000e+04
2.651786279469920456e-03, 1.635500000000000000e+04
2.656752171379040371e-03, 1.747200000000000000e+04
2.661718063288159852e-03, 1.871500000000000000e+04
2.666683955197279767e-03, 2.007500000000000000e+04
2.671649847106399248e-03, 2.153900000000000000e+04
2.676615739015519163e-03, 2.309300000000000000e+04
2.681581630924638644e-03, 2.472700000000000000e+04
2.686547522833758559e-03, 2.643000000000000000e+04
2.691513414742878040e-03, 2.819200000000000000e+04
2.696479306651997955e-03, 2.999900000000000000e+04
2.701445198561117436e-03, 3.183200000000000000e+04
2.706411090470237351e-03, 3.366900000000000000e+04
2.711376982379356832e-03, 3.549600000000000000e+04
2.716342874288476747e-03, 3.730300000000000000e+04
2.721308766197596228e-03, 3.907600000000000000e+04
2.726274658106716143e-03, 4.080200000000000000e+04
2.731240550015835624e-03, 4.246400000000000000e+04
2.736206441924955539e-03, 4.404300000000000000e+04
2.741172333834075020e-03, 4.552500000000000000e+04
2.746138225743194935e-03, 4.689600000000000000e+04
2.751104117652314416e-03, 4.814600000000000000e+04
2.756070009561434331e-03, 4.926300000000000000e+04
2.761035901470553812e-03, 5.023800000000000000e+04
2.766001793379673727e-03, 5.106200000000000000e+04
2.770967685288793208e-03, 5.173000000000000000e+04
2.775933577197913123e-03, 5.223600000000000000e+04
2.780899469107032604e-03, 5.257600000000000000e+04
2.785865361016152519e-03, 5.274700000000000000e+04
2.790831252925272000e-03, 5.274900000000000000e+04
2.795797144834391915e-03, 5.258500000000000000e+04
2.800763036743511396e-03, 5.225800000000000000e+04
2.805728928652631311e-03, 5.177100000000000000e+04
2.810694820561750792e-03, 5.112600000000000000e+04
2.815660712470870707e-03, 5.033200000000000000e+04
2.820626604379990188e-03, 4.939500000000000000e+04
2.825592496289110103e-03, 4.832100000000000000e+04
2.830558388198229584e-03, 4.711200000000000000e+04
2.835524280107349498e-03, 4.577800000000000000e+04
2.840490172016468980e-03, 4.433200000000000000e+04
2.845456063925588894e-03, 4.278700000000000000e+04
2.850421955834708809e-03, 4.116000000000000000e+04
2.855387847743828290e-03, 3.946100000000000000e+04
2.860353739652948205e-03, 3.770600000000000000e+04
2.865319631562067686e-03, 3.590600000000000000e+04
2.870285523471187601e-03, 3.408000000000000000e+04
2.875251415380307082e-03, 3.224500000000000000e+04
2.880217307289426997e-03, 3.041700000000000000e+04
2.885183199198546478e-03, 2.861100000000000000e+04
2.890149091107666393e-03, 2.684000000000000000e+04
2.895114983016785874e-03, 2.511700000000000000e+04
2.900080874925905789e-03, 2.345500000000000000e+04
2.905046766835025270e-03, 2.186800000000000000e+04
2.910012658744145185e-03, 2.036700000000000000e+04
2.914978550653264666e-03, 1.896400000000000000e+04
2.919944442562384581e-03, 1.767500000000000000e+04
2.924910334471504062e-03, 1.651500000000000000e+04
2.929876226380623977e-03, 1.549500000000000000e+04
2.934842118289743458e-03, 1.462400000000000000e+04
2.939808010198863373e-03, 1.390900000000000000e+04
2.944773902107982854e-03, 1.335200000000000000e+04
2.949739794017102769e-03, 1.295600000000000000e+04
2.954705685926222250e-03, 1.271900000000000000e+04
2.959671577835342165e-03, 1.264700000000000000e+04
2.964637469744461646e-03, 1.274100000000000000e+04
2.969603361653581561e-03, 1.300300000000000000e+04
2.974569253562701042e-03, 1.343100000000000000e+04
2.979535145471820957e-03, 1.402300000000000000e+04
2.984501037380940438e-03, 1.477200000000000000e+04
2.989466929290060353e-03, 1.566900000000000000e+04
2.994432821199179834e-03, 1.670400000000000000e+04
2.999398713108299749e-03, 1.787200000000000000e+04
3.004364605017419230e-03, 1.916400000000000000e+04
3.009330496926539145e-03, 2.057000000000000000e+04
3.014296388835658626e-03, 2.207400000000000000e+04
3.019262280744778541e-03, 2.366400000000000000e+04
3.024228172653898022e-03, 2.533000000000000000e+04
3.029194064563017937e-03, 2.706300000000000000e+04
3.034159956472137418e-03, 2.885100000000000000e+04
3.039125848381257333e-03, 3.067600000000000000e+04
3.044091740290376814e-03, 3.251700000000000000e+04
3.049057632199496728e-03, 3.435300000000000000e+04
3.054023524108616210e-03, 3.617400000000000000e+04
3.058989416017736124e-03, 3.796700000000000000e+04
3.063955307926855606e-03, 3.972100000000000000e+04
3.068921199835975520e-03, 4.142100000000000000e+04
3.073887091745095002e-03, 4.305000000000000000e+04
3.078852983654214916e-03, 4.459000000000000000e+04
3.083818875563334398e-03, 4.603000000000000000e+04
3.088784767472454312e-03, 4.735700000000000000e+04
3.093750659381573793e-03, 4.856000000000000000e+04
3.098716551290693708e-03, 4.963100000000000000e+04
3.103682443199813189e-03, 5.056000000000000000e+04
3.108648335108933104e-03, 5.134400000000000000e+04
3.113614227018052585e-03, 5.197500000000000000e+04
3.118580118927172500e-03, 5.244800000000000000e+04
3.123546010836291981e-03, 5.275600000000000000e+04
3.128511902745411896e-03, 5.289400000000000000e+04
3.133477794654531377e-03, 5.286000000000000000e+04
3.138443686563651292e-03, 5.265700000000000000e+04
3.143409578472770773e-03, 5.228800000000000000e+04
3.148375470381890688e-03, 5.175400000000000000e+04
3.153341362291010169e-03, 5.106300000000000000e+04
3.158307254200130084e-03, 5.022500000000000000e+04
3.163273146109249999e-03, 4.924700000000000000e+04
3.168239038018369480e-03, 4.813400000000000000e+04
3.173204929927489395e-03, 4.689100000000000000e+04
3.178170821836608876e-03, 4.552800000000000000e+04
3.183136713745728791e-03, 4.405700000000000000e+04
3.188102605654848272e-03, 4.249200000000000000e+04
3.193068497563968187e-03, 4.084500000000000000e+04
3.198034389473087668e-03, 3.912800000000000000e+04
3.203000281382207583e-03, 3.735400000000000000e+04
3.207966173291327064e-03, 3.553700000000000000e+04
3.212932065200446979e-03, 3.369600000000000000e+04
3.217897957109566460e-03, 3.184800000000000000e+04
3.222863849018686375e-03, 3.000900000000000000e+04
3.227829740927805856e-03, 2.819400000000000000e+04
3.232795632836925771e-03, 2.641700000000000000e+04
3.237761524746045252e-03, 2.469300000000000000e+04
3.242727416655165167e-03, 2.303700000000000000e+04
3.247693308564284648e-03, 2.146000000000000000e+04
3.252659200473404563e-03, 1.997600000000000000e+04
3.257625092382524044e-03, 1.859700000000000000e+04
3.262590984291643958e-03, 1.734000000000000000e+04
3.267556876200763440e-03, 1.621700000000000000e+04
3.272522768109883354e-03, 1.523900000000000000e+04
3.277488660019002836e-03, 1.441400000000000000e+04
3.282454551928122750e-03, 1.374500000000000000e+04
3.287420443837242232e-03, 1.323400000000000000e+04
3.292386335746362146e-03, 1.288100000000000000e+04
3.297352227655481628e-03, 1.269000000000000000e+04
3.302318119564601542e-03, 1.266600000000000000e+04
3.307284011473721023e-03, 1.281200000000000000e+04
3.312249903382840938e-03, 1.312800000000000000e+04
3.317215795291960419e-03, 1.361300000000000000e+04
3.322181687201080334e-03, 1.426200000000000000e+04
3.327147579110199815e-03, 1.506700000000000000e+04
3.332113471019319730e-03, 1.601700000000000000e+04
3.337079362928439211e-03, 1.710400000000000000e+04
3.342045254837559126e-03, 1.832000000000000000e+04
3.347011146746678607e-03, 1.965900000000000000e+04
3.351977038655798522e-03, 2.110800000000000000e+04
3.356942930564918003e-03, 2.265200000000000000e+04
3.361908822474037918e-03, 2.427800000000000000e+04
3.366874714383157399e-03, 2.597300000000000000e+04
3.371840606292277314e-03, 2.772800000000000000e+04
3.376806498201396795e-03, 2.953000000000000000e+04
3.381772390110516710e-03, 3.135900000000000000e+04
3.386738282019636191e-03, 3.319500000000000000e+04
3.391704173928756106e-03, 3.502000000000000000e+04
3.396670065837875587e-03, 3.682500000000000000e+04
3.401635957746995502e-03, 3.859900000000000000e+04
3.406601849656114983e-03, 4.032700000000000000e+04
3.411567741565234898e-03, 4.199000000000000000e+04
3.416533633474354379e-03, 4.357100000000000000e+04
3.421499525383474294e-03, 4.505300000000000000e+04
3.426465417292593775e-03, 4.642700000000000000e+04
3.431431309201713690e-03, 4.768300000000000000e+04
3.436397201110833171e-03, 4.881400000000000000e+04
3.441363093019953086e-03, 4.981100000000000000e+04
3.446328984929072567e-03, 5.067100000000000000e+04
3.451294876838192482e-03, 5.138800000000000000e+04
3.456260768747311963e-03, 5.195600000000000000e+04
3.461226660656431878e-03, 5.236800000000000000e+04
3.466192552565551359e-03, 5.261900000000000000e+04
3.471158444474671274e-03, 5.270100000000000000e+04
3.476124336383791188e-03, 5.261200000000000000e+04
3.481090228292910670e-03, 5.235200000000000000e+04
3.486056120202030584e-03, 5.192500000000000000e+04
3.491022012111150066e-03, 5.133200000000000000e+04
3.495987904020269980e-03, 5.058200000000000000e+04
3.500953795929389462e-03, 4.968600000000000000e+04
3.505919687838509376e-03, 4.865000000000000000e+04
3.510885579747628858e-03, 4.748100000000000000e+04
3.515851471656748772e-03, 4.618700000000000000e+04
3.520817363565868253e-03, 4.478000000000000000e+04
3.525783255474988168e-03, 4.327400000000000000e+04
3.530749147384107649e-03, 4.168200000000000000e+04
3.535715039293227564e-03, 4.001500000000000000e+04
3.540680931202347045e-03, 3.828400000000000000e+04
3.545646823111466960e-03, 3.650200000000000000e+04
3.550612715020586441e-03, 3.468500000000000000e+04
3.555578606929706356e-03, 3.285000000000000000e+04
3.560544498838825837e-03, 3.101700000000000000e+04
3.565510390747945752e-03, 2.919900000000000000e+04
3.570476282657065233e-03, 2.741200000000000000e+04
3.575442174566185148e-03, 2.567000000000000000e+04
3.580408066475304629e-03, 2.398600000000000000e+04
3.585373958384424544e-03, 2.237400000000000000e+04
3.590339850293544025e-03, 2.084500000000000000e+04
3.595305742202663940e-03, 1.941200000000000000e+04
3.600271634111783421e-03, 1.808700000000000000e+04
3.605237526020903336e-03, 1.688500000000000000e+04
3.610203417930022817e-03, 1.581900000000000000e+04
3.615169309839142732e-03, 1.489800000000000000e+04
3.620135201748262213e-03, 1.412800000000000000e+04
3.625101093657382128e-03, 1.351600000000000000e+04
3.630066985566501609e-03, 1.306200000000000000e+04
3.635032877475621524e-03, 1.276900000000000000e+04
3.639998769384741005e-03, 1.264000000000000000e+04
3.644964661293860920e-03, 1.268000000000000000e+04
3.649930553202980401e-03, 1.289100000000000000e+04
3.654896445112100316e-03, 1.327200000000000000e+04
3.659862337021219797e-03, 1.382000000000000000e+04
3.664828228930339712e-03, 1.453100000000000000e+04
3.669794120839459193e-03, 1.539600000000000000e+04
3.674760012748579108e-03, 1.640600000000000000e+04
3.679725904657698589e-03, 1.755000000000000000e+04
3.684691796566818504e-03, 1.882200000000000000e+04
3.689657688475937985e-03, 2.020800000000000000e+04
3.694623580385057900e-03, 2.169500000000000000e+04
3.699589472294177381e-03, 2.326800000000000000e+04
3.704555364203297296e-03, 2.491400000000000000e+04
3.709521256112416777e-03, 2.662300000000000000e+04
3.714487148021536692e-03, 2.838700000000000000e+04
3.719453039930656173e-03, 3.019000000000000000e+04
3.724418931839776088e-03, 3.201400000000000000e+04
3.729384823748895569e-03, 3.383700000000000000e+04
3.734350715658015483e-03, 3.564000000000000000e+04
3.739316607567134965e-03, 3.741400000000000000e+04
3.744282499476254879e-03, 3.914900000000000000e+04
3.749248391385374361e-03, 4.083300000000000000e+04
3.754214283294494275e-03, 4.245300000000000000e+04
3.759180175203613757e-03, 4.399300000000000000e+04
3.764146067112733671e-03, 4.544000000000000000e+04
3.769111959021853153e-03, 4.678400000000000000e+04
3.774077850930973067e-03, 4.801200000000000000e+04
3.779043742840092548e-03, 4.911600000000000000e+04
3.784009634749212463e-03, 5.008500000000000000e+04
3.788975526658332378e-03, 5.091400000000000000e+04
3.793941418567451859e-03, 5.159800000000000000e+04
3.798907310476571774e-03, 5.212900000000000000e+04
3.803873202385691255e-03, 5.250300000000000000e+04
3.808839094294811170e-03, 5.271200000000000000e+04
3.813804986203930651e-03, 5.275300000000000000e+04
3.818770878113050566e-03, 5.262500000000000000e+04
3.823736770022170047e-03, 5.233100000000000000e+04
3.828702661931289962e-03, 5.187000000000000000e+04
3.833668553840409443e-03, 5.124600000000000000e+04
3.838634445749529358e-03, 5.046600000000000000e+04
3.843600337658648839e-03, 4.953800000000000000e+04
3.848566229567768754e-03, 4.846800000000000000e+04
3.853532121476888235e-03, 4.726100000000000000e+04
3.858498013386008150e-03, 4.593100000000000000e+04
3.863463905295127631e-03, 4.449200000000000000e+04
3.868429797204247546e-03, 4.296000000000000000e+04
3.873395689113367027e-03, 4.134900000000000000e+04
3.878361581022486942e-03, 3.966800000000000000e+04
3.883327472931606423e-03, 3.792900000000000000e+04
3.888293364840726338e-03, 3.614300000000000000e+04
3.893259256749845819e-03, 3.432600000000000000e+04
3.898225148658965734e-03, 3.249600000000000000e+04
3.903191040568085215e-03, 3.066800000000000000e+04
3.908156932477205130e-03, 2.885700000000000000e+04
3.913122824386324611e-03, 2.707700000000000000e+04
3.918088716295444092e-03, 2.534300000000000000e+04
3.923054608204564440e-03, 2.366800000000000000e+04
3.928020500113683922e-03, 2.206500000000000000e+04
3.932986392022803403e-03, 2.054800000000000000e+04
3.937952283931922884e-03, 1.912800000000000000e+04
3.942918175841043232e-03, 1.782100000000000000e+04
3.947884067750162713e-03, 1.664500000000000000e+04
3.952849959659282195e-03, 1.560800000000000000e+04
3.957815851568401676e-03, 1.472200000000000000e+04
3.962781743477522024e-03, 1.399200000000000000e+04
3.967747635386641505e-03, 1.342300000000000000e+04
3.972713527295760987e-03, 1.301500000000000000e+04
3.977679419204880468e-03, 1.277000000000000000e+04
3.982645311114000816e-03, 1.269300000000000000e+04
3.987611203023120297e-03, 1.278500000000000000e+04
3.992577094932239778e-03, 1.304600000000000000e+04
3.997542986841359260e-03, 1.347400000000000000e+04
4.002508878750479608e-03, 1.406300000000000000e+04
4.007474770659599089e-03, 1.480900000000000000e+04
4.012440662568718570e-03, 1.570100000000000000e+04
4.017406554477838052e-03, 1.673100000000000000e+04
4.022372446386958400e-03, 1.789200000000000000e+04
4.027338338296077881e-03, 1.917800000000000000e+04
4.032304230205197362e-03, 2.057700000000000000e+04
4.037270122114316843e-03, 2.207700000000000000e+04
4.042236014023437192e-03, 2.366200000000000000e+04
4.047201905932556673e-03, 2.532200000000000000e+04
4.052167797841676154e-03, 2.705000000000000000e+04
4.057133689750795635e-03, 2.883300000000000000e+04
4.062099581659915984e-03, 3.065500000000000000e+04
4.067065473569035465e-03, 3.249400000000000000e+04
4.072031365478154946e-03, 3.433100000000000000e+04
4.076997257387274427e-03, 3.615300000000000000e+04
4.081963149296394776e-03, 3.794900000000000000e+04
4.086929041205514257e-03, 3.970600000000000000e+04
4.091894933114633738e-03, 4.140900000000000000e+04
4.096860825023753219e-03, 4.304100000000000000e+04
4.101826716932873568e-03, 4.458400000000000000e+04
4.106792608841993049e-03, 4.602600000000000000e+04
4.111758500751112530e-03, 4.735300000000000000e+04
4.116724392660232879e-03, 4.855500000000000000e+04
4.121690284569352360e-03, 4.962400000000000000e+04
4.126656176478471841e-03, 5.055200000000000000e+04
4.131622068387591322e-03, 5.133500000000000000e+04
4.136587960296711670e-03, 5.196700000000000000e+04
4.141553852205831152e-03, 5.244100000000000000e+04
4.146519744114950633e-03, 5.275100000000000000e+04
4.151485636024070114e-03, 5.289100000000000000e+04
4.156451527933190462e-03, 5.285900000000000000e+04
4.161417419842309944e-03, 5.265800000000000000e+04
4.166383311751429425e-03, 5.229000000000000000e+04
4.171349203660548906e-03, 5.175700000000000000e+04
4.176315095569669254e-03, 5.106200000000000000e+04
4.181280987478788735e-03, 5.021500000000000000e+04
4.186246879387908217e-03, 4.922200000000000000e+04
4.191212771297027698e-03, 4.808600000000000000e+04
4.196178663206148046e-03, 4.681700000000000000e+04
4.201144555115267527e-03, 4.542500000000000000e+04
4.206110447024387008e-03, 4.392800000000000000e+04
4.211076338933506490e-03, 4.233900000000000000e+04
4.216042230842626838e-03, 4.067300000000000000e+04
4.221008122751746319e-03, 3.894300000000000000e+04
4.225974014660865800e-03, 3.716100000000000000e+04
4.230939906569985282e-03, 3.534100000000000000e+04
4.235905798479105630e-03, 3.350300000000000000e+04
4.240871690388225111e-03, 3.166200000000000000e+04
4.245837582297344592e-03, 2.983400000000000000e+04
4.250803474206464073e-03, 2.803200000000000000e+04
4.255769366115584422e-03, 2.627000000000000000e+04
4.260735258024703903e-03, 2.456100000000000000e+04
4.265701149933823384e-03, 2.291800000000000000e+04
4.270667041842942865e-03, 2.135500000000000000e+04
4.275632933752063214e-03, 1.988300000000000000e+04
4.280598825661182695e-03, 1.851600000000000000e+04
4.285564717570302176e-03, 1.726800000000000000e+04
4.290530609479421657e-03, 1.615500000000000000e+04
4.295496501388542006e-03, 1.518500000000000000e+04
4.300462393297661487e-03, 1.436700000000000000e+04
4.305428285206780968e-03, 1.370600000000000000e+04
4.310394177115900449e-03, 1.320400000000000000e+04
4.315360069025020798e-03, 1.285900000000000000e+04
4.320325960934140279e-03, 1.267500000000000000e+04
4.325291852843259760e-03, 1.265600000000000000e+04
4.330257744752379241e-03, 1.280500000000000000e+04
4.335223636661499590e-03, 1.312300000000000000e+04
4.340189528570619071e-03, 1.360800000000000000e+04
4.345155420479738552e-03, 1.425700000000000000e+04
4.350121312388858033e-03, 1.506200000000000000e+04
4.355087204297978382e-03, 1.601100000000000000e+04
4.360053096207097863e-03, 1.709700000000000000e+04
4.365018988116217344e-03, 1.831200000000000000e+04
4.369984880025336825e-03, 1.964800000000000000e+04
4.374950771934457174e-03, 2.109200000000000000e+04
4.379916663843576655e-03, 2.263200000000000000e+04
4.384882555752696136e-03, 2.425400000000000000e+04
4.389848447661815617e-03, 2.594800000000000000e+04
4.394814339570935965e-03, 2.770400000000000000e+04
4.399780231480055447e-03, 2.950800000000000000e+04
4.404746123389174928e-03, 3.134000000000000000e+04
4.409712015298294409e-03, 3.317900000000000000e+04
4.414677907207414757e-03, 3.500900000000000000e+04
4.419643799116534238e-03, 3.681800000000000000e+04
4.424609691025653720e-03, 3.859600000000000000e+04
4.429575582934774068e-03, 4.033000000000000000e+04
4.434541474843893549e-03, 4.200400000000000000e+04
4.439507366753013030e-03, 4.360200000000000000e+04
4.444473258662132512e-03, 4.510800000000000000e+04
4.449439150571252860e-03, 4.650900000000000000e+04
4.454405042480372341e-03, 4.779400000000000000e+04
4.459370934389491822e-03, 4.895300000000000000e+04
4.464336826298611303e-03, 4.997400000000000000e+04
4.469302718207731652e-03, 5.085300000000000000e+04
4.474268610116851133e-03, 5.158400000000000000e+04
4.479234502025970614e-03, 5.215900000000000000e+04
4.484200393935090095e-03, 5.257400000000000000e+04
4.489166285844210444e-03, 5.282200000000000000e+04
4.494132177753329925e-03, 5.289900000000000000e+04
4.499098069662449406e-03, 5.280500000000000000e+04
4.504063961571568887e-03, 5.254400000000000000e+04
4.509029853480689236e-03, 5.212000000000000000e+04
4.513995745389808717e-03, 5.153600000000000000e+04
4.518961637298928198e-03, 5.079800000000000000e+04
4.523927529208047679e-03, 4.991500000000000000e+04
4.528893421117168028e-03, 4.889200000000000000e+04
4.533859313026287509e-03, 4.773200000000000000e+04
4.538825204935406990e-03, 4.644400000000000000e+04
4.543791096844526471e-03, 4.503800000000000000e+04
4.548756988753646820e-03, 4.352900000000000000e+04
4.553722880662766301e-03, 4.192900000000000000e+04
4.558688772571885782e-03, 4.025200000000000000e+04
4.563654664481005263e-03, 3.851000000000000000e+04
4.568620556390125612e-03, 3.671500000000000000e+04
4.573586448299245093e-03, 3.488300000000000000e+04
4.578552340208364574e-03, 3.303300000000000000e+04
4.583518232117484055e-03, 3.118300000000000000e+04
4.588484124026604404e-03, 2.934700000000000000e+04
4.593450015935723885e-03, 2.754300000000000000e+04
4.598415907844843366e-03, 2.578400000000000000e+04
4.603381799753962847e-03, 2.408300000000000000e+04
4.608347691663083195e-03, 2.245600000000000000e+04
4.613313583572202677e-03, 2.091400000000000000e+04
4.618279475481322158e-03, 1.946800000000000000e+04
4.623245367390441639e-03, 1.813300000000000000e+04
4.628211259299561987e-03, 1.692500000000000000e+04
4.633177151208681468e-03, 1.585400000000000000e+04
4.638143043117800950e-03, 1.492900000000000000e+04
4.643108935026920431e-03, 1.415700000000000000e+04
4.648074826936040779e-03, 1.354100000000000000e+04
4.653040718845160260e-03, 1.308400000000000000e+04
4.658006610754279742e-03, 1.278700000000000000e+04
4.662972502663399223e-03, 1.265400000000000000e+04
4.667938394572519571e-03, 1.269100000000000000e+04
4.672904286481639052e-03, 1.289800000000000000e+04
4.677870178390758533e-03, 1.327600000000000000e+04
4.682836070299878015e-03, 1.382100000000000000e+04
4.687801962208998363e-03, 1.452800000000000000e+04
4.692767854118117844e-03, 1.538600000000000000e+04
4.697733746027237325e-03, 1.638800000000000000e+04
4.702699637936356807e-03, 1.752400000000000000e+04
4.707665529845477155e-03, 1.879000000000000000e+04
4.712631421754596636e-03, 2.017400000000000000e+04
4.717597313663716117e-03, 2.166100000000000000e+04
4.722563205572835598e-03, 2.323700000000000000e+04
4.727529097481955947e-03, 2.488800000000000000e+04
4.732494989391075428e-03, 2.660300000000000000e+04
4.737460881300194909e-03, 2.837300000000000000e+04
4.742426773209315258e-03, 3.018300000000000000e+04
4.747392665118434739e-03, 3.201200000000000000e+04
4.752358557027554220e-03, 3.384200000000000000e+04
4.757324448936673701e-03, 3.565800000000000000e+04
4.762290340845794050e-03, 3.744700000000000000e+04
4.767256232754913531e-03, 3.919700000000000000e+04
4.772222124664033012e-03, 4.089200000000000000e+04
4.777188016573152493e-03, 4.251700000000000000e+04
4.782153908482272842e-03, 4.405700000000000000e+04
4.787119800391392323e-03, 4.549900000000000000e+04
4.792085692300511804e-03, 4.683400000000000000e+04
4.797051584209631285e-03, 4.805200000000000000e+04
4.802017476118751634e-03, 4.914300000000000000e+04
4.806983368027871115e-03, 5.010100000000000000e+04
4.811949259936990596e-03, 5.092000000000000000e+04
4.816915151846110077e-03, 5.159400000000000000e+04
4.821881043755230425e-03, 5.211600000000000000e+04
4.826846935664349907e-03, 5.248100000000000000e+04
4.831812827573469388e-03, 5.268200000000000000e+04
4.836778719482588869e-03, 5.271600000000000000e+04
4.841744611391709217e-03, 5.258500000000000000e+04
4.846710503300828699e-03, 5.229100000000000000e+04
4.851676395209948180e-03, 5.183200000000000000e+04
4.856642287119067661e-03, 5.121100000000000000e+04
4.861608179028188009e-03, 5.043600000000000000e+04
4.866574070937307490e-03, 4.951300000000000000e+04
4.871539962846426972e-03, 4.844800000000000000e+04
4.876505854755546453e-03, 4.724600000000000000e+04
4.881471746664666801e-03, 4.591800000000000000e+04
4.886437638573786282e-03, 4.447500000000000000e+04
4.891403530482905763e-03, 4.293600000000000000e+04
4.896369422392025245e-03, 4.131500000000000000e+04
4.901335314301145593e-03, 3.962800000000000000e+04
4.906301206210265074e-03, 3.788600000000000000e+04
4.911267098119384555e-03, 3.610100000000000000e+04
4.916232990028504037e-03, 3.428900000000000000e+04
4.921198881937624385e-03, 3.246700000000000000e+04
4.926164773846743866e-03, 3.064700000000000000e+04
4.931130665755863347e-03, 2.884600000000000000e+04
4.936096557664982828e-03, 2.707400000000000000e+04
4.941062449574103177e-03, 2.534800000000000000e+04
4.946028341483222658e-03, 2.368000000000000000e+04
4.950994233392342139e-03, 2.208500000000000000e+04
4.955960125301461620e-03, 2.057700000000000000e+04
4.960926017210581969e-03, 1.917100000000000000e+04
4.965891909119701450e-03, 1.788500000000000000e+04
4.970857801028820931e-03, 1.673300000000000000e+04
4.975823692937940412e-03, 1.572400000000000000e+04
4.980789584847060761e-03, 1.486500000000000000e+04
4.985755476756180242e-03, 1.416000000000000000e+04
4.990721368665299723e-03, 1.361100000000000000e+04
4.995687260574419204e-03, 1.321800000000000000e+04
5.000653152483539553e-03, 1.298100000000000000e+04
5.005619044392659034e-03, 1.290700000000000000e+04
5.010584936301778515e-03, 1.299800000000000000e+04
5.015550828210897996e-03, 1.325700000000000000e+04
5.020516720120018345e-03, 1.368400000000000000e+04
5.025482612029137826e-03, 1.427800000000000000e+04
5.030448503938257307e-03, 1.503100000000000000e+04
5.035414395847376788e-03, 1.593500000000000000e+04
5.040380287756497137e-03, 1.697800000000000000e+04
5.045346179665616618e-03, 1.815100000000000000e+04
5.050312071574736099e-03, 1.944600000000000000e+04
5.055277963483856447e-03, 2.085100000000000000e+04
5.060243855392975929e-03, 2.235000000000000000e+04
5.065209747302095410e-03, 2.393200000000000000e+04
5.070175639211214891e-03, 2.558400000000000000e+04
5.075141531120335239e-03, 2.729800000000000000e+04
5.080107423029454720e-03, 2.906500000000000000e+04
5.085073314938574202e-03, 3.086700000000000000e+04
5.090039206847693683e-03, 3.268600000000000000e+04
5.095005098756814031e-03, 3.450200000000000000e+04
5.099970990665933512e-03, 3.630400000000000000e+04
5.104936882575052993e-03, 3.808200000000000000e+04
5.109902774484172475e-03, 3.982300000000000000e+04
5.114868666393292823e-03, 4.151200000000000000e+04
5.119834558302412304e-03, 4.313100000000000000e+04
5.124800450211531785e-03, 4.466400000000000000e+04
5.129766342120651267e-03, 4.609500000000000000e+04
5.134732234029771615e-03, 4.741400000000000000e+04
5.139698125938891096e-03, 4.860800000000000000e+04
5.144664017848010577e-03, 4.966900000000000000e+04
5.149629909757130058e-03, 5.058800000000000000e+04
5.154595801666250407e-03, 5.136300000000000000e+04
5.159561693575369888e-03, 5.198800000000000000e+04
5.164527585484489369e-03, 5.245600000000000000e+04
5.169493477393608850e-03, 5.276200000000000000e+04
5.174459369302729199e-03, 5.290000000000000000e+04
5.179425261211848680e-03, 5.286700000000000000e+04
5.184391153120968161e-03, 5.266600000000000000e+04
5.189357045030087642e-03, 5.229800000000000000e+04
5.194322936939207991e-03, 5.176500000000000000e+04
5.199288828848327472e-03, 5.107100000000000000e+04
5.204254720757446953e-03, 5.022500000000000000e+04
5.209220612666566434e-03, 4.923600000000000000e+04
5.214186504575686783e-03, 4.810900000000000000e+04
5.219152396484806264e-03, 4.685400000000000000e+04
5.224118288393925745e-03, 4.548400000000000000e+04
5.229084180303045226e-03, 4.401200000000000000e+04
5.234050072212165575e-03, 4.245100000000000000e+04
5.239015964121285056e-03, 4.081100000000000000e+04
5.243981856030404537e-03, 3.910400000000000000e+04
5.248947747939524018e-03, 3.734100000000000000e+04
5.253913639848644367e-03, 3.553500000000000000e+04
5.258879531757763848e-03, 3.370500000000000000e+04
5.263845423666883329e-03, 3.186600000000000000e+04
5.268811315576002810e-03, 3.003600000000000000e+04
5.273777207485123159e-03, 2.822800000000000000e+04
5.278743099394242640e-03, 2.645700000000000000e+04
5.283708991303362121e-03, 2.473700000000000000e+04
5.288674883212481602e-03, 2.308200000000000000e+04
5.293640775121601950e-03, 2.150500000000000000e+04
5.298606667030721432e-03, 2.001900000000000000e+04
5.303572558939840913e-03, 1.863600000000000000e+04
5.308538450848960394e-03, 1.737400000000000000e+04
5.313504342758080742e-03, 1.624700000000000000e+04
5.318470234667200223e-03, 1.526400000000000000e+04
5.323436126576319705e-03, 1.443400000000000000e+04
5.328402018485439186e-03, 1.376300000000000000e+04
5.333367910394559534e-03, 1.325200000000000000e+04
5.338333802303679015e-03, 1.290300000000000000e+04
5.343299694212798497e-03, 1.272000000000000000e+04
5.348265586121917978e-03, 1.270800000000000000e+04
5.353231478031038326e-03, 1.287300000000000000e+04
5.358197369940157807e-03, 1.321300000000000000e+04
5.363163261849277288e-03, 1.372300000000000000e+04
5.368129153758397637e-03, 1.439600000000000000e+04
5.373095045667517118e-03, 1.522300000000000000e+04
5.378060937576636599e-03, 1.619000000000000000e+04
5.383026829485756080e-03, 1.728900000000000000e+04
5.387992721394876429e-03, 1.851200000000000000e+04
5.392958613303995910e-03, 1.985000000000000000e+04
5.397924505213115391e-03, 2.129200000000000000e+04
5.402890397122234872e-03, 2.282200000000000000e+04
5.407856289031355221e-03, 2.442800000000000000e+04
5.412822180940474702e-03, 2.609600000000000000e+04
5.417788072849594183e-03, 2.781800000000000000e+04
5.422753964758713664e-03, 2.958100000000000000e+04
5.427719856667834013e-03, 3.137100000000000000e+04
5.432685748576953494e-03, 3.316900000000000000e+04
5.437651640486072975e-03, 3.496000000000000000e+04
5.442617532395192456e-03, 3.673600000000000000e+04
5.447583424304312805e-03, 3.848700000000000000e+04
5.452549316213432286e-03, 4.020100000000000000e+04
5.457515208122551767e-03, 4.186200000000000000e+04
5.462481100031671248e-03, 4.345200000000000000e+04
5.467446991940791597e-03, 4.495500000000000000e+04
5.472412883849911078e-03, 4.635800000000000000e+04
5.477378775759030559e-03, 4.764700000000000000e+04
5.482344667668150040e-03, 4.881300000000000000e+04
5.487310559577270389e-03, 4.984400000000000000e+04
5.492276451486389870e-03, 5.073400000000000000e+04
5.497242343395509351e-03, 5.147600000000000000e+04
5.502208235304628832e-03, 5.206400000000000000e+04
5.507174127213749180e-03, 5.249100000000000000e+04
5.512140019122868662e-03, 5.275000000000000000e+04
5.517105911031988143e-03, 5.283700000000000000e+04
5.522071802941107624e-03, 5.275300000000000000e+04
5.527037694850227972e-03, 5.249900000000000000e+04
5.532003586759347454e-03, 5.207800000000000000e+04
5.536969478668466935e-03, 5.149100000000000000e+04
5.541935370577586416e-03, 5.074200000000000000e+04
5.546901262486706764e-03, 4.984200000000000000e+04
5.551867154395826245e-03, 4.879600000000000000e+04
5.556833046304945727e-03, 4.761200000000000000e+04
5.561798938214065208e-03, 4.629900000000000000e+04
5.566764830123185556e-03, 4.487200000000000000e+04
5.571730722032305037e-03, 4.334600000000000000e+04
5.576696613941424518e-03, 4.173400000000000000e+04
5.581662505850544000e-03, 4.005100000000000000e+04
5.586628397759664348e-03, 3.830700000000000000e+04
5.591594289668783829e-03, 3.651600000000000000e+04
5.596560181577903310e-03, 3.469400000000000000e+04
5.601526073487022792e-03, 3.285700000000000000e+04
5.606491965396143140e-03, 3.102200000000000000e+04
5.611457857305262621e-03, 2.920300000000000000e+04
5.616423749214382102e-03, 2.741300000000000000e+04
5.621389641123501583e-03, 2.566800000000000000e+04
5.626355533032621932e-03, 2.398100000000000000e+04
5.631321424941741413e-03, 2.236500000000000000e+04
5.636287316850860894e-03, 2.083300000000000000e+04
5.641253208759980375e-03, 1.939700000000000000e+04
5.646219100669100724e-03, 1.807000000000000000e+04
5.651184992578220205e-03, 1.686900000000000000e+04
5.656150884487339686e-03, 1.580500000000000000e+04
5.661116776396459167e-03, 1.488800000000000000e+04
5.666082668305579516e-03, 1.412400000000000000e+04
5.671048560214698997e-03, 1.351600000000000000e+04
5.676014452123818478e-03, 1.306600000000000000e+04
5.680980344032937959e-03, 1.277400000000000000e+04
5.685946235942058308e-03, 1.264400000000000000e+04
5.690912127851177789e-03, 1.268300000000000000e+04
5.695878019760297270e-03, 1.289100000000000000e+04
5.700843911669417619e-03, 1.326900000000000000e+04
5.705809803578537100e-03, 1.381400000000000000e+04
5.710775695487656581e-03, 1.452000000000000000e+04
5.715741587396776062e-03, 1.537800000000000000e+04
5.720707479305896410e-03, 1.637800000000000000e+04
5.725673371215015892e-03, 1.751100000000000000e+04
5.730639263124135373e-03, 1.877200000000000000e+04
5.735605155033254854e-03, 2.015200000000000000e+04
5.740571046942375202e-03, 2.163700000000000000e+04
5.745536938851494684e-03, 2.321100000000000000e+04
5.750502830760614165e-03, 2.486200000000000000e+04
5.755468722669733646e-03, 2.658000000000000000e+04
5.760434614578853994e-03, 2.835400000000000000e+04
5.765400506487973475e-03, 3.016800000000000000e+04
5.770366398397092957e-03, 3.200100000000000000e+04
5.775332290306212438e-03, 3.383500000000000000e+04
5.780298182215332786e-03, 3.565500000000000000e+04
5.785264074124452267e-03, 3.745000000000000000e+04
5.790229966033571748e-03, 3.921100000000000000e+04
5.795195857942691230e-03, 4.092300000000000000e+04
5.800161749851811578e-03, 4.257100000000000000e+04
5.805127641760931059e-03, 4.413800000000000000e+04
5.810093533670050540e-03, 4.560900000000000000e+04
5.815059425579170022e-03, 4.697100000000000000e+04
5.820025317488290370e-03, 4.821300000000000000e+04
5.824991209397409851e-03, 4.932500000000000000e+04
5.829957101306529332e-03, 5.029600000000000000e+04
5.834922993215648813e-03, 5.112300000000000000e+04
5.839888885124769162e-03, 5.180000000000000000e+04
5.844854777033888643e-03, 5.231900000000000000e+04
5.849820668943008124e-03, 5.267600000000000000e+04
5.854786560852127605e-03, 5.286400000000000000e+04
5.859752452761247954e-03, 5.287800000000000000e+04
5.864718344670367435e-03, 5.272000000000000000e+04
5.869684236579486916e-03, 5.239000000000000000e+04
5.874650128488606397e-03, 5.189000000000000000e+04
5.879616020397726746e-03, 5.122700000000000000e+04
5.884581912306846227e-03, 5.041100000000000000e+04
5.889547804215965708e-03, 4.945000000000000000e+04
5.894513696125085189e-03, 4.835300000000000000e+04
5.899479588034205538e-03, 4.712600000000000000e+04
5.904445479943325019e-03, 4.577900000000000000e+04
5.909411371852444500e-03, 4.432500000000000000e+04
5.914377263761563981e-03, 4.277700000000000000e+04
5.919343155670684330e-03, 4.114900000000000000e+04
5.924309047579803811e-03, 3.945500000000000000e+04
5.929274939488923292e-03, 3.771000000000000000e+04
5.934240831398042773e-03, 3.592700000000000000e+04
5.939206723307163122e-03, 3.412200000000000000e+04
5.944172615216282603e-03, 3.231000000000000000e+04
5.949138507125402084e-03, 3.050700000000000000e+04
5.954104399034521565e-03, 2.872300000000000000e+04
5.959070290943641914e-03, 2.697100000000000000e+04
5.964036182852761395e-03, 2.526300000000000000e+04
5.969002074761880876e-03, 2.361300000000000000e+04
5.973967966671000357e-03, 2.203300000000000000e+04
5.978933858580120705e-03, 2.053600000000000000e+04
5.983899750489240187e-03, 1.913300000000000000e+04
5.988865642398359668e-03, 1.784100000000000000e+04
5.993831534307479149e-03, 1.667500000000000000e+04
5.998797426216599497e-03, 1.564500000000000000e+04
6.003763318125718979e-03, 1.476200000000000000e+04
6.008729210034838460e-03, 1.403300000000000000e+04
6.013695101943958808e-03, 1.346100000000000000e+04
6.018660993853078289e-03, 1.304900000000000000e+04
6.023626885762197770e-03, 1.280000000000000000e+04
6.028592777671317252e-03, 1.271700000000000000e+04
6.033558669580437600e-03, 1.280600000000000000e+04
6.038524561489557081e-03, 1.306600000000000000e+04
6.043490453398676562e-03, 1.349700000000000000e+04
6.048456345307796043e-03, 1.409500000000000000e+04
6.053422237216916392e-03, 1.485300000000000000e+04
6.058388129126035873e-03, 1.576200000000000000e+04
6.063354021035155354e-03, 1.681300000000000000e+04
6.068319912944274835e-03, 1.799800000000000000e+04
6.073285804853395184e-03, 1.930700000000000000e+04
6.078251696762514665e-03, 2.072700000000000000e+04
6.083217588671634146e-03, 2.224400000000000000e+04
6.088183480580753627e-03, 2.384200000000000000e+04
6.093149372489873976e-03, 2.551000000000000000e+04
6.098115264398993457e-03, 2.724000000000000000e+04
6.103081156308112938e-03, 2.901900000000000000e+04
6.108047048217232419e-03, 3.083200000000000000e+04
6.113012940126352768e-03, 3.265900000000000000e+04
6.117978832035472249e-03, 3.448000000000000000e+04
6.122944723944591730e-03, 3.628600000000000000e+04
6.127910615853711211e-03, 3.806600000000000000e+04
6.132876507762831560e-03, 3.981000000000000000e+04
6.137842399671951041e-03, 4.150200000000000000e+04
6.142808291581070522e-03, 4.312400000000000000e+04
6.147774183490190003e-03, 4.465900000000000000e+04
6.152740075399310352e-03, 4.609400000000000000e+04
6.157705967308429833e-03, 4.741500000000000000e+04
6.162671859217549314e-03, 4.861200000000000000e+04
6.167637751126668795e-03, 4.967400000000000000e+04
6.172603643035789144e-03, 5.059400000000000000e+04
6.177569534944908625e-03, 5.136900000000000000e+04
6.182535426854028106e-03, 5.199100000000000000e+04
6.187501318763147587e-03, 5.245700000000000000e+04
6.192467210672267935e-03, 5.276000000000000000e+04
6.197433102581387417e-03, 5.289700000000000000e+04
6.202398994490506898e-03, 5.286400000000000000e+04
6.207364886399626379e-03, 5.266300000000000000e+04
6.212330778308746727e-03, 5.229600000000000000e+04
6.217296670217866209e-03, 5.176400000000000000e+04
6.222262562126985690e-03, 5.107200000000000000e+04
6.227228454036105171e-03, 5.022800000000000000e+04
6.232194345945225519e-03, 4.924000000000000000e+04
6.237160237854345000e-03, 4.811200000000000000e+04
6.242126129763464482e-03, 4.685200000000000000e+04
6.247092021672583963e-03, 4.547000000000000000e+04
6.252057913581704311e-03, 4.397900000000000000e+04
6.257023805490823792e-03, 4.239300000000000000e+04
6.261989697399943273e-03, 4.072600000000000000e+04
6.266955589309062755e-03, 3.899100000000000000e+04
6.271921481218183103e-03, 3.720200000000000000e+04
6.276887373127302584e-03, 3.537400000000000000e+04
6.281853265036422065e-03, 3.352700000000000000e+04
6.286819156945541547e-03, 3.167700000000000000e+04
6.291785048854661895e-03, 2.984100000000000000e+04
6.296750940763781376e-03, 2.803400000000000000e+04
6.301716832672900857e-03, 2.626800000000000000e+04
6.306682724582020338e-03, 2.455700000000000000e+04
6.311648616491140687e-03, 2.291800000000000000e+04
6.316614508400260168e-03, 2.136500000000000000e+04
6.321580400309379649e-03, 1.991000000000000000e+04
6.326546292218499998e-03, 1.856600000000000000e+04
6.331512184127619479e-03, 1.734600000000000000e+04
6.336478076036738960e-03, 1.626100000000000000e+04
6.341443967945858441e-03, 1.531700000000000000e+04
6.346409859854978790e-03, 1.452100000000000000e+04
6.351375751764098271e-03, 1.387700000000000000e+04
6.356341643673217752e-03, 1.338700000000000000e+04
6.361307535582337233e-03, 1.305200000000000000e+04
6.366273427491457582e-03, 1.287400000000000000e+04
6.371239319400577063e-03, 1.286000000000000000e+04
6.376205211309696544e-03, 1.301400000000000000e+04
6.381171103218816025e-03, 1.333900000000000000e+04
6.386136995127936374e-03, 1.383400000000000000e+04
6.391102887037055855e-03, 1.449400000000000000e+04
6.396068778946175336e-03, 1.530900000000000000e+04
6.401034670855294817e-03, 1.626800000000000000e+04
6.406000562764415165e-03, 1.736000000000000000e+04
6.410966454673534647e-03, 1.857800000000000000e+04
6.415932346582654128e-03, 1.991300000000000000e+04
6.420898238491773609e-03, 2.135200000000000000e+04
6.425864130400893957e-03, 2.288000000000000000e+04
6.430830022310013439e-03, 2.448500000000000000e+04
6.435795914219132920e-03, 2.615900000000000000e+04
6.440761806128252401e-03, 2.789000000000000000e+04
6.445727698037372749e-03, 2.966300000000000000e+04
6.450693589946492230e-03, 3.145900000000000000e+04
6.455659481855611712e-03, 3.325800000000000000e+04
6.460625373764731193e-03, 3.504500000000000000e+04
6.465591265673851541e-03, 3.681200000000000000e+04
6.470557157582971022e-03, 3.855200000000000000e+04
6.475523049492090503e-03, 4.025300000000000000e+04
6.480488941401209985e-03, 4.190000000000000000e+04
6.485454833310330333e-03, 4.347800000000000000e+04
6.490420725219449814e-03, 4.496900000000000000e+04
6.495386617128569295e-03, 4.636000000000000000e+04
6.500352509037688777e-03, 4.763900000000000000e+04
6.505318400946809125e-03, 4.879600000000000000e+04
6.510284292855928606e-03, 4.981900000000000000e+04
6.515250184765048087e-03, 5.070400000000000000e+04
6.520216076674167568e-03, 5.144400000000000000e+04
6.525181968583287917e-03, 5.203200000000000000e+04
6.530147860492407398e-03, 5.246000000000000000e+04
6.535113752401526879e-03, 5.272200000000000000e+04
6.540079644310646360e-03, 5.281300000000000000e+04
6.545045536219766709e-03, 5.273200000000000000e+04
6.550011428128886190e-03, 5.248200000000000000e+04
6.554977320038005671e-03, 5.206500000000000000e+04
6.559943211947125152e-03, 5.148200000000000000e+04
6.564909103856245501e-03, 5.074100000000000000e+04
6.569874995765364982e-03, 4.985200000000000000e+04
6.574840887674484463e-03, 4.882500000000000000e+04
6.579806779583603944e-03, 4.766400000000000000e+04
6.584772671492724293e-03, 4.637900000000000000e+04
6.589738563401843774e-03, 4.498000000000000000e+04
6.594704455310963255e-03, 4.348100000000000000e+04
6.599670347220082736e-03, 4.189400000000000000e+04
6.604636239129203085e-03, 4.022900000000000000e+04
6.609602131038322566e-03, 3.849900000000000000e+04
6.614568022947442047e-03, 3.671500000000000000e+04
6.619533914856561528e-03, 3.489500000000000000e+04
6.624499806765681877e-03, 3.305500000000000000e+04
6.629465698674801358e-03, 3.121400000000000000e+04
6.634431590583920839e-03, 2.938700000000000000e+04
6.639397482493041187e-03, 2.758700000000000000e+04
6.644363374402160669e-03, 2.582900000000000000e+04
6.649329266311280150e-03, 2.412800000000000000e+04
6.654295158220399631e-03, 2.249800000000000000e+04
6.659261050129519979e-03, 2.095100000000000000e+04
6.664226942038639460e-03, 1.950000000000000000e+04
6.669192833947758942e-03, 1.816000000000000000e+04
6.674158725856878423e-03, 1.694600000000000000e+04
6.679124617765998771e-03, 1.587100000000000000e+04
6.684090509675118252e-03, 1.494300000000000000e+04
6.689056401584237734e-03, 1.417100000000000000e+04
6.694022293493357215e-03, 1.355800000000000000e+04
6.698988185402477563e-03, 1.310800000000000000e+04
6.703954077311597044e-03, 1.282400000000000000e+04
6.708919969220716525e-03, 1.271000000000000000e+04
6.713885861129836007e-03, 1.277000000000000000e+04
6.718851753038956355e-03, 1.300300000000000000e+04
6.723817644948075836e-03, 1.340600000000000000e+04
6.728783536857195317e-03, 1.397400000000000000e+04
6.733749428766314798e-03, 1.469900000000000000e+04
6.738715320675435147e-03, 1.557000000000000000e+04
6.743681212584554628e-03, 1.657800000000000000e+04
6.748647104493674109e-03, 1.771400000000000000e+04
6.753612996402793590e-03, 1.897200000000000000e+04
6.758578888311913939e-03, 2.034200000000000000e+04
6.763544780221033420e-03, 2.180800000000000000e+04
6.768510672130152901e-03, 2.335600000000000000e+04
6.773476564039272382e-03, 2.497300000000000000e+04
6.778442455948392731e-03, 2.665000000000000000e+04
6.783408347857512212e-03, 2.838200000000000000e+04
6.788374239766631693e-03, 3.015400000000000000e+04
6.793340131675751174e-03, 3.195000000000000000e+04
6.798306023584871523e-03, 3.375100000000000000e+04
6.803271915493991004e-03, 3.554500000000000000e+04
6.808237807403110485e-03, 3.732100000000000000e+04
6.813203699312229966e-03, 3.906900000000000000e+04
6.818169591221350315e-03, 4.077500000000000000e+04
6.823135483130469796e-03, 4.242000000000000000e+04
6.828101375039589277e-03, 4.398900000000000000e+04
6.833067266948708758e-03, 4.546400000000000000e+04
6.838033158857829107e-03, 4.683400000000000000e+04
6.842999050766948588e-03, 4.808500000000000000e+04
6.847964942676068069e-03, 4.920700000000000000e+04
6.852930834585187550e-03, 5.019100000000000000e+04
6.857896726494307899e-03, 5.103000000000000000e+04
6.862862618403427380e-03, 5.171800000000000000e+04
6.867828510312546861e-03, 5.224800000000000000e+04
6.872794402221666342e-03, 5.261500000000000000e+04
6.877760294130786690e-03, 5.281200000000000000e+04
6.882726186039906172e-03, 5.283700000000000000e+04
6.887692077949025653e-03, 5.269100000000000000e+04
6.892657969858145134e-03, 5.237600000000000000e+04
6.897623861767265482e-03, 5.189100000000000000e+04
6.902589753676384964e-03, 5.123900000000000000e+04
6.907555645585504445e-03, 5.042900000000000000e+04
6.912521537494623926e-03, 4.947200000000000000e+04
6.917487429403744274e-03, 4.837500000000000000e+04
6.922453321312863755e-03, 4.714400000000000000e+04
6.927419213221983237e-03, 4.579200000000000000e+04
6.932385105131102718e-03, 4.433200000000000000e+04
6.937350997040223066e-03, 4.277800000000000000e+04
6.942316888949342547e-03, 4.114500000000000000e+04
6.947282780858462028e-03, 3.944400000000000000e+04
6.952248672767582377e-03, 3.768600000000000000e+04
6.957214564676701858e-03, 3.588400000000000000e+04
6.962180456585821339e-03, 3.405500000000000000e+04
6.967146348494940820e-03, 3.221600000000000000e+04
6.972112240404061169e-03, 3.038300000000000000e+04
6.977078132313180650e-03, 2.857200000000000000e+04
6.982044024222300131e-03, 2.679600000000000000e+04
6.987009916131419612e-03, 2.507000000000000000e+04
6.991975808040539961e-03, 2.340800000000000000e+04
6.996941699949659442e-03, 2.182100000000000000e+04
7.001907591858778923e-03, 2.032300000000000000e+04
7.006873483767898404e-03, 1.892500000000000000e+04
7.011839375677018753e-03, 1.764200000000000000e+04
7.016805267586138234e-03, 1.648800000000000000e+04
7.021771159495257715e-03, 1.547500000000000000e+04
7.026737051404377196e-03, 1.460900000000000000e+04
7.031702943313497545e-03, 1.389600000000000000e+04
7.036668835222617026e-03, 1.334100000000000000e+04
7.041634727131736507e-03, 1.294300000000000000e+04
7.046600619040855988e-03, 1.270600000000000000e+04
7.051566510949976337e-03, 1.263500000000000000e+04
7.056532402859095818e-03, 1.273300000000000000e+04
7.061498294768215299e-03, 1.300300000000000000e+04
7.066464186677334780e-03, 1.344100000000000000e+04
7.071430078586455129e-03, 1.404500000000000000e+04
7.076395970495574610e-03, 1.480700000000000000e+04
7.081361862404694091e-03, 1.571700000000000000e+04
7.086327754313813572e-03, 1.676300000000000000e+04
7.091293646222933920e-03, 1.793600000000000000e+04
7.096259538132053402e-03, 1.922700000000000000e+04
7.101225430041172883e-03, 2.062500000000000000e+04
7.106191321950292364e-03, 2.211700000000000000e+04
7.111157213859412712e-03, 2.369100000000000000e+04
7.116123105768532194e-03, 2.533900000000000000e+04
7.121088997677651675e-03, 2.705200000000000000e+04
7.126054889586771156e-03, 2.882000000000000000e+04
7.131020781495891504e-03, 3.062700000000000000e+04
7.135986673405010985e-03, 3.245300000000000000e+04
7.140952565314130467e-03, 3.427800000000000000e+04
7.145918457223249948e-03, 3.609100000000000000e+04
7.150884349132370296e-03, 3.788100000000000000e+04
7.155850241041489777e-03, 3.963500000000000000e+04
7.160816132950609259e-03, 4.133900000000000000e+04
7.165782024859728740e-03, 4.297500000000000000e+04
7.170747916768849088e-03, 4.452500000000000000e+04
7.175713808677968569e-03, 4.597400000000000000e+04
7.180679700587088050e-03, 4.731000000000000000e+04
7.185645592496207532e-03, 4.852000000000000000e+04
7.190611484405327880e-03, 4.959500000000000000e+04
7.195577376314447361e-03, 5.052700000000000000e+04
7.200543268223566842e-03, 5.131200000000000000e+04
7.205509160132686323e-03, 5.194300000000000000e+04
7.210475052041806672e-03, 5.241300000000000000e+04
7.215440943950926153e-03, 5.271600000000000000e+04
7.220406835860045634e-03, 5.284500000000000000e+04
7.225372727769165115e-03, 5.279600000000000000e+04
7.230338619678285464e-03, 5.257500000000000000e+04
7.235304511587404945e-03, 5.218400000000000000e+04
7.240270403496524426e-03, 5.162800000000000000e+04
7.245236295405643907e-03, 5.091300000000000000e+04
7.250202187314764256e-03, 5.005100000000000000e+04
7.255168079223883737e-03, 4.904900000000000000e+04
7.260133971133003218e-03, 4.791300000000000000e+04
7.265099863042123567e-03, 4.665000000000000000e+04
7.270065754951243048e-03, 4.527100000000000000e+04
7.275031646860362529e-03, 4.378900000000000000e+04
7.279997538769482010e-03, 4.221600000000000000e+04
7.284963430678602359e-03, 4.056500000000000000e+04
7.289929322587721840e-03, 3.884700000000000000e+04
7.294895214496841321e-03, 3.707400000000000000e+04
7.299861106405960802e-03, 3.526000000000000000e+04
7.304826998315081150e-03, 3.342500000000000000e+04
7.309792890224200632e-03, 3.158700000000000000e+04
7.314758782133320113e-03, 2.976000000000000000e+04
7.319724674042439594e-03, 2.796100000000000000e+04
7.324690565951559942e-03, 2.620200000000000000e+04
7.329656457860679424e-03, 2.449800000000000000e+04
7.334622349769798905e-03, 2.286200000000000000e+04
7.339588241678918386e-03, 2.130600000000000000e+04
7.344554133588038734e-03, 1.984200000000000000e+04
7.349520025497158215e-03, 1.848100000000000000e+04
7.354485917406277697e-03, 1.723800000000000000e+04
7.359451809315397178e-03, 1.612900000000000000e+04
7.364417701224517526e-03, 1.516100000000000000e+04
7.369383593133637007e-03, 1.434400000000000000e+04
7.374349485042756489e-03, 1.368300000000000000e+04
7.379315376951875970e-03, 1.318200000000000000e+04
7.384281268860996318e-03, 1.284000000000000000e+04
7.389247160770115799e-03, 1.266200000000000000e+04
7.394213052679235280e-03, 1.265200000000000000e+04
7.399178944588354762e-03, 1.281200000000000000e+04
7.404144836497475110e-03, 1.314300000000000000e+04
7.409110728406594591e-03, 1.364000000000000000e+04
7.414076620315714072e-03, 1.429700000000000000e+04
7.419042512224833553e-03, 1.510400000000000000e+04
7.424008404133953902e-03, 1.605100000000000000e+04
7.428974296043073383e-03, 1.713000000000000000e+04
7.433940187952192864e-03, 1.833600000000000000e+04
7.438906079861312345e-03, 1.966100000000000000e+04
7.443871971770432694e-03, 2.109400000000000000e+04
7.448837863679552175e-03, 2.262000000000000000e+04
7.453803755588671656e-03, 2.422900000000000000e+04
7.458769647497791137e-03, 2.591000000000000000e+04
7.463735539406911486e-03, 2.765400000000000000e+04
7.468701431316030967e-03, 2.944900000000000000e+04
7.473667323225150448e-03, 3.127500000000000000e+04
7.478633215134269929e-03, 3.311200000000000000e+04
7.483599107043390278e-03, 3.494300000000000000e+04
7.488564998952509759e-03, 3.675700000000000000e+04
7.493530890861629240e-03, 3.854200000000000000e+04
7.498496782770748721e-03, 4.028400000000000000e+04
7.503462674679869070e-03, 4.196700000000000000e+04
7.508428566588988551e-03, 4.357400000000000000e+04
7.513394458498108032e-03, 4.508700000000000000e+04
7.518360350407227513e-03, 4.649300000000000000e+04
7.523326242316347862e-03, 4.778000000000000000e+04
7.528292134225467343e-03, 4.893900000000000000e+04
7.533258026134586824e-03, 4.995900000000000000e+04
7.538223918043706305e-03, 5.083600000000000000e+04
7.543189809952826654e-03, 5.156600000000000000e+04
7.548155701861946135e-03, 5.214200000000000000e+04
7.553121593771065616e-03, 5.255900000000000000e+04
7.558087485680185097e-03, 5.281100000000000000e+04
7.563053377589305445e-03, 5.289200000000000000e+04
7.568019269498424927e-03, 5.280300000000000000e+04
7.572985161407544408e-03, 5.254600000000000000e+04
7.577951053316664756e-03, 5.212200000000000000e+04
7.582916945225784237e-03, 5.153300000000000000e+04
7.587882837134903719e-03, 5.078600000000000000e+04
7.592848729044023200e-03, 4.989000000000000000e+04
7.597814620953143548e-03, 4.885200000000000000e+04
7.602780512862263029e-03, 4.767500000000000000e+04
7.607746404771382510e-03, 4.636700000000000000e+04
7.612712296680501992e-03, 4.494100000000000000e+04
7.617678188589622340e-03, 4.341100000000000000e+04
7.622644080498741821e-03, 4.179300000000000000e+04
7.627609972407861302e-03, 4.010000000000000000e+04
7.632575864316980783e-03, 3.834600000000000000e+04
7.637541756226101132e-03, 3.654400000000000000e+04
7.642507648135220613e-03, 3.471100000000000000e+04
7.647473540044340094e-03, 3.286400000000000000e+04
7.652439431953459575e-03, 3.102200000000000000e+04
7.657405323862579924e-03, 2.919900000000000000e+04
7.662371215771699405e-03, 2.740800000000000000e+04
7.667337107680818886e-03, 2.566500000000000000e+04
7.672302999589938367e-03, 2.398700000000000000e+04
7.677268891499058716e-03, 2.238900000000000000e+04
7.682234783408178197e-03, 2.088000000000000000e+04
7.687200675317297678e-03, 1.947100000000000000e+04
7.692166567226417159e-03, 1.817200000000000000e+04
7.697132459135537508e-03, 1.699700000000000000e+04
7.702098351044656989e-03, 1.595600000000000000e+04
7.707064242953776470e-03, 1.505600000000000000e+04
7.712030134862895951e-03, 1.430500000000000000e+04
7.716996026772016300e-03, 1.370600000000000000e+04
7.721961918681135781e-03, 1.326200000000000000e+04
7.726927810590255262e-03, 1.297300000000000000e+04
7.731893702499374743e-03, 1.284400000000000000e+04
7.736859594408495092e-03, 1.287900000000000000e+04
7.741825486317614573e-03, 1.307900000000000000e+04
7.746791378226734054e-03, 1.344400000000000000e+04
7.751757270135853535e-03, 1.397300000000000000e+04
7.756723162044973884e-03, 1.466100000000000000e+04
7.761689053954093365e-03, 1.550000000000000000e+04
7.766654945863212846e-03, 1.648000000000000000e+04
7.771620837772332327e-03, 1.759600000000000000e+04
7.776586729681452675e-03, 1.883900000000000000e+04
7.781552621590572157e-03, 2.020000000000000000e+04
7.786518513499691638e-03, 2.166600000000000000e+04
7.791484405408811119e-03, 2.322200000000000000e+04
7.796450297317931467e-03, 2.485800000000000000e+04
7.801416189227050949e-03, 2.656300000000000000e+04
7.806382081136170430e-03, 2.832900000000000000e+04
7.811347973045289911e-03, 3.014000000000000000e+04
7.816313864954410259e-03, 3.197400000000000000e+04
7.821279756863528873e-03, 3.381100000000000000e+04
7.826245648772649222e-03, 3.563500000000000000e+04
7.831211540681769570e-03, 3.743700000000000000e+04
7.836177432590888184e-03, 3.920300000000000000e+04
7.841143324500008532e-03, 4.092100000000000000e+04
7.846109216409128881e-03, 4.257300000000000000e+04
7.851075108318247495e-03, 4.414200000000000000e+04
7.856041000227367843e-03, 4.561300000000000000e+04
7.861006892136486457e-03, 4.697300000000000000e+04
7.865972784045606805e-03, 4.821300000000000000e+04
7.870938675954727154e-03, 4.932300000000000000e+04
7.875904567863845768e-03, 5.029400000000000000e+04
7.880870459772966116e-03, 5.112200000000000000e+04
7.885836351682086465e-03, 5.180000000000000000e+04
7.890802243591205078e-03, 5.232100000000000000e+04
7.895768135500325427e-03, 5.268000000000000000e+04
7.900734027409445775e-03, 5.287000000000000000e+04
7.905699919318564389e-03, 5.288900000000000000e+04
7.910665811227684738e-03, 5.273700000000000000e+04
7.915631703136803352e-03, 5.241800000000000000e+04
7.920597595045923700e-03, 5.193300000000000000e+04
7.925563486955044049e-03, 5.128400000000000000e+04
7.930529378864162662e-03, 5.047700000000000000e+04
7.935495270773283011e-03, 4.952200000000000000e+04
7.940461162682403359e-03, 4.842500000000000000e+04
7.945427054591521973e-03, 4.719100000000000000e+04
7.950392946500642322e-03, 4.583400000000000000e+04
7.955358838409760935e-03, 4.436700000000000000e+04
7.960324730318881284e-03, 4.280600000000000000e+04
7.965290622228001632e-03, 4.116600000000000000e+04
7.970256514137120246e-03, 3.945700000000000000e+04
7.975222406046240595e-03, 3.769300000000000000e+04
7.980188297955360943e-03, 3.588600000000000000e+04
7.985154189864479557e-03, 3.405500000000000000e+04
7.990120081773599905e-03, 3.221600000000000000e+04
7.995085973682718519e-03, 3.038300000000000000e+04
8.000051865591838868e-03, 2.857200000000000000e+04
8.005017757500959216e-03, 2.679600000000000000e+04
8.009983649410077830e-03, 2.506900000000000000e+04
8.014949541319198179e-03, 2.340500000000000000e+04
8.019915433228318527e-03, 2.181700000000000000e+04
8.024881325137437141e-03, 2.031700000000000000e+04
8.029847217046557489e-03, 1.891700000000000000e+04
8.034813108955676103e-03, 1.763300000000000000e+04
8.039779000864796452e-03, 1.647900000000000000e+04
8.044744892773916800e-03, 1.546600000000000000e+04
8.049710784683035414e-03, 1.460200000000000000e+04
8.054676676592155762e-03, 1.389600000000000000e+04
8.059642568501276111e-03, 1.335500000000000000e+04
8.064608460410394725e-03, 1.297800000000000000e+04
8.069574352319515073e-03, 1.276700000000000000e+04
8.074540244228633687e-03, 1.272400000000000000e+04
8.079506136137754035e-03, 1.285100000000000000e+04
8.084472028046874384e-03, 1.314600000000000000e+04
8.089437919955992998e-03, 1.360600000000000000e+04
8.094403811865113346e-03, 1.422600000000000000e+04
8.099369703774233695e-03, 1.499800000000000000e+04
8.104335595683352308e-03, 1.591300000000000000e+04
8.109301487592472657e-03, 1.696100000000000000e+04
8.114267379501591271e-03, 1.813500000000000000e+04
8.119233271410711619e-03, 1.943000000000000000e+04
8.124199163319831968e-03, 2.083600000000000000e+04
8.129165055228950582e-03, 2.233900000000000000e+04
8.134130947138070930e-03, 2.392700000000000000e+04
8.139096839047191279e-03, 2.558800000000000000e+04
8.144062730956309892e-03, 2.731200000000000000e+04
8.149028622865430241e-03, 2.908900000000000000e+04
8.153994514774548855e-03, 3.089900000000000000e+04
8.158960406683669203e-03, 3.272400000000000000e+04
8.163926298592789552e-03, 3.454400000000000000e+04
8.168892190501908165e-03, 3.634700000000000000e+04
8.173858082411028514e-03, 3.812400000000000000e+04
8.178823974320148862e-03, 3.986200000000000000e+04
8.183789866229267476e-03, 4.154800000000000000e+04
8.188755758138387825e-03, 4.316300000000000000e+04
8.193721650047506438e-03, 4.469400000000000000e+04
8.198687541956626787e-03, 4.612400000000000000e+04
8.203653433865747135e-03, 4.744100000000000000e+04
8.208619325774865749e-03, 4.863600000000000000e+04
8.213585217683986098e-03, 4.969600000000000000e+04
8.218551109593106446e-03, 5.061500000000000000e+04
8.223517001502225060e-03, 5.138800000000000000e+04
8.228482893411345409e-03, 5.200900000000000000e+04
8.233448785320465757e-03, 5.247000000000000000e+04
8.238414677229584371e-03, 5.276700000000000000e+04
8.243380569138704719e-03, 5.289400000000000000e+04
8.248346461047823333e-03, 5.285100000000000000e+04
8.253312352956943682e-03, 5.264300000000000000e+04
8.258278244866064030e-03, 5.227100000000000000e+04
8.263244136775182644e-03, 5.173800000000000000e+04
8.268210028684302992e-03, 5.104800000000000000e+04
8.273175920593423341e-03, 5.020900000000000000e+04
8.278141812502541955e-03, 4.922700000000000000e+04
8.283107704411662303e-03, 4.810600000000000000e+04
8.288073596320780917e-03, 4.685200000000000000e+04
8.293039488229901265e-03, 4.547700000000000000e+04
8.298005380139021614e-03, 4.399400000000000000e+04
8.302971272048140228e-03, 4.241700000000000000e+04
8.307937163957260576e-03, 4.075900000000000000e+04
8.312903055866380925e-03, 3.903200000000000000e+04
8.317868947775499538e-03, 3.724900000000000000e+04
8.322834839684619887e-03, 3.542300000000000000e+04
8.327800731593738501e-03, 3.357500000000000000e+04
8.332766623502858849e-03, 3.172200000000000000e+04
8.337732515411979198e-03, 2.988000000000000000e+04
8.342698407321097812e-03, 2.806600000000000000e+04
8.347664299230218160e-03, 2.629200000000000000e+04
8.352630191139338509e-03, 2.457400000000000000e+04
8.357596083048457122e-03, 2.292600000000000000e+04
8.362561974957577471e-03, 2.135900000000000000e+04
8.367527866866696085e-03, 1.988500000000000000e+04
8.372493758775816433e-03, 1.851700000000000000e+04
8.377459650684936782e-03, 1.727000000000000000e+04
8.382425542594055395e-03, 1.615700000000000000e+04
8.387391434503175744e-03, 1.518700000000000000e+04
8.392357326412296092e-03, 1.436800000000000000e+04
8.397323218321414706e-03, 1.370400000000000000e+04
8.402289110230535055e-03, 1.320000000000000000e+04
8.407255002139653668e-03, 1.285500000000000000e+04
8.412220894048774017e-03, 1.267300000000000000e+04
8.417186785957894365e-03, 1.265900000000000000e+04
8.422152677867012979e-03, 1.281600000000000000e+04
8.427118569776133328e-03, 1.314400000000000000e+04
8.432084461685253676e-03, 1.364100000000000000e+04
8.437050353594372290e-03, 1.430100000000000000e+04
8.442016245503492639e-03, 1.511300000000000000e+04
8.446982137412611252e-03, 1.606700000000000000e+04
8.451948029321731601e-03, 1.715100000000000000e+04
8.456913921230851949e-03, 1.835900000000000000e+04
8.461879813139970563e-03, 1.968300000000000000e+04
8.466845705049090912e-03, 2.111300000000000000e+04
8.471811596958211260e-03, 2.263600000000000000e+04
8.476777488867329874e-03, 2.423900000000000000e+04
8.481743380776450222e-03, 2.591500000000000000e+04
8.486709272685568836e-03, 2.765400000000000000e+04
8.491675164594689185e-03, 2.944300000000000000e+04
8.496641056503809533e-03, 3.126500000000000000e+04
8.501606948412928147e-03, 3.309700000000000000e+04
8.506572840322048495e-03, 3.492300000000000000e+04
8.511538732231168844e-03, 3.673200000000000000e+04
8.516504624140287458e-03, 3.851500000000000000e+04
8.521470516049407806e-03, 4.025700000000000000e+04
8.526436407958528155e-03, 4.194100000000000000e+04
8.531402299867646769e-03, 4.354900000000000000e+04
8.536368191776767117e-03, 4.506500000000000000e+04
8.541334083685885731e-03, 4.647400000000000000e+04
8.546299975595006079e-03, 4.776600000000000000e+04
8.551265867504126428e-03, 4.892800000000000000e+04
8.556231759413245042e-03, 4.995100000000000000e+04
8.561197651322365390e-03, 5.083000000000000000e+04
8.566163543231485739e-03, 5.155900000000000000e+04
8.571129435140604352e-03, 5.213300000000000000e+04
8.576095327049724701e-03, 5.254700000000000000e+04
8.581061218958843315e-03, 5.279700000000000000e+04
8.586027110867963663e-03, 5.287700000000000000e+04
8.590993002777084012e-03, 5.278800000000000000e+04
8.595958894686202625e-03, 5.253300000000000000e+04
8.600924786595322974e-03, 5.211200000000000000e+04
8.605890678504443322e-03, 5.152600000000000000e+04
8.610856570413561936e-03, 5.078300000000000000e+04
8.615822462322682285e-03, 4.989000000000000000e+04
8.620788354231800898e-03, 4.885500000000000000e+04
8.625754246140921247e-03, 4.768200000000000000e+04
8.630720138050041595e-03, 4.638000000000000000e+04
8.635686029959160209e-03, 4.496300000000000000e+04
8.640651921868280558e-03, 4.344800000000000000e+04
8.645617813777400906e-03, 4.185100000000000000e+04
8.650583705686519520e-03, 4.018400000000000000e+04
8.655549597595639869e-03, 3.845700000000000000e+04
8.660515489504758482e-03, 3.668200000000000000e+04
8.665481381413878831e-03, 3.487200000000000000e+04
8.670447273322999179e-03, 3.304500000000000000e+04
8.675413165232117793e-03, 3.121700000000000000e+04
8.680379057141238142e-03, 2.940100000000000000e+04
8.685344949050358490e-03, 2.761200000000000000e+04
8.690310840959477104e-03, 2.586500000000000000e+04
8.695276732868597452e-03, 2.417200000000000000e+04
8.700242624777716066e-03, 2.254900000000000000e+04
8.705208516686836415e-03, 2.100700000000000000e+04
8.710174408595956763e-03, 1.955800000000000000e+04
8.715140300505075377e-03, 1.821700000000000000e+04
8.720106192414195725e-03, 1.700000000000000000e+04
8.725072084323316074e-03, 1.591900000000000000e+04
8.730037976232434688e-03, 1.498600000000000000e+04
8.735003868141555036e-03, 1.420700000000000000e+04
8.739969760050673650e-03, 1.358700000000000000e+04
8.744935651959793999e-03, 1.312900000000000000e+04
8.749901543868914347e-03, 1.283300000000000000e+04
8.754867435778032961e-03, 1.270300000000000000e+04
8.759833327687153309e-03, 1.274300000000000000e+04
8.764799219596273658e-03, 1.295700000000000000e+04
8.769765111505392272e-03, 1.334500000000000000e+04
8.774731003414512620e-03, 1.390500000000000000e+04
8.779696895323631234e-03, 1.462800000000000000e+04
8.784662787232751582e-03, 1.550600000000000000e+04
8.789628679141871931e-03, 1.652400000000000000e+04
8.794594571050990545e-03, 1.767300000000000000e+04
8.799560462960110893e-03, 1.894500000000000000e+04
8.804526354869231242e-03, 2.032900000000000000e+04
8.809492246778349855e-03, 2.181100000000000000e+04
8.814458138687470204e-03, 2.337700000000000000e+04
8.819424030596588818e-03, 2.501700000000000000e+04
8.824389922505709166e-03, 2.672000000000000000e+04
8.829355814414829515e-03, 2.847900000000000000e+04
8.834321706323948128e-03, 3.027900000000000000e+04
8.839287598233068477e-03, 3.210100000000000000e+04
8.844253490142188825e-03, 3.392600000000000000e+04
8.849219382051307439e-03, 3.573900000000000000e+04
8.854185273960427788e-03, 3.753000000000000000e+04
8.859151165869548136e-03, 3.928700000000000000e+04
8.864117057778666750e-03, 4.099500000000000000e+04
8.869082949687787099e-03, 4.263900000000000000e+04
8.874048841596905712e-03, 4.420100000000000000e+04
8.879014733506026061e-03, 4.566500000000000000e+04
8.883980625415146409e-03, 4.702000000000000000e+04
8.888946517324265023e-03, 4.825300000000000000e+04
8.893912409233385372e-03, 4.935300000000000000e+04
8.898878301142505720e-03, 5.030800000000000000e+04
8.903844193051624334e-03, 5.111300000000000000e+04
8.908810084960744682e-03, 5.176200000000000000e+04
8.913775976869863296e-03, 5.225200000000000000e+04
8.918741868778983645e-03, 5.257900000000000000e+04
8.923707760688103993e-03, 5.274000000000000000e+04
8.928673652597222607e-03, 5.273500000000000000e+04
8.933639544506342955e-03, 5.256400000000000000e+04
8.938605436415463304e-03, 5.223300000000000000e+04
8.943571328324581918e-03, 5.174100000000000000e+04
8.948537220233702266e-03, 5.109200000000000000e+04
8.953503112142820880e-03, 5.029300000000000000e+04
8.958469004051941229e-03, 4.935500000000000000e+04
8.963434895961061577e-03, 4.828300000000000000e+04
8.968400787870180191e-03, 4.708400000000000000e+04
8.973366679779300539e-03, 4.576600000000000000e+04
8.978332571688420888e-03, 4.434100000000000000e+04
8.983298463597539502e-03, 4.282100000000000000e+04
8.988264355506659850e-03, 4.121700000000000000e+04
8.993230247415778464e-03, 3.954000000000000000e+04
8.998196139324898812e-03, 3.780100000000000000e+04
9.003162031234019161e-03, 3.601400000000000000e+04
9.008127923143137775e-03, 3.419500000000000000e+04
9.013093815052258123e-03, 3.236200000000000000e+04
9.018059706961378472e-03, 3.053200000000000000e+04
9.023025598870497085e-03, 2.872000000000000000e+04
9.027991490779617434e-03, 2.693900000000000000e+04
9.032957382688736048e-03, 2.520500000000000000e+04
9.037923274597856396e-03, 2.353100000000000000e+04
9.042889166506976745e-03, 2.193200000000000000e+04
9.047855058416095358e-03, 2.042100000000000000e+04
9.052820950325215707e-03, 1.900900000000000000e+04
9.057786842234336055e-03, 1.771300000000000000e+04
9.062752734143454669e-03, 1.654800000000000000e+04
9.067718626052575018e-03, 1.552400000000000000e+04
9.072684517961693632e-03, 1.465100000000000000e+04
9.077650409870813980e-03, 1.393500000000000000e+04
9.082616301779934329e-03, 1.337900000000000000e+04
9.087582193689052942e-03, 1.298200000000000000e+04
9.092548085598173291e-03, 1.274500000000000000e+04
9.097513977507293639e-03, 1.267300000000000000e+04
9.102479869416412253e-03, 1.276800000000000000e+04
9.107445761325532602e-03, 1.303200000000000000e+04
9.112411653234651215e-03, 1.346500000000000000e+04
9.117377545143771564e-03, 1.406200000000000000e+04
9.122343437052891912e-03, 1.481800000000000000e+04
9.127309328962010526e-03, 1.572200000000000000e+04
9.132275220871130875e-03, 1.676500000000000000e+04
9.137241112780251223e-03, 1.793900000000000000e+04
9.142207004689369837e-03, 1.923800000000000000e+04
9.147172896598490185e-03, 2.065000000000000000e+04
9.152138788507608799e-03, 2.216000000000000000e+04
9.157104680416729148e-03, 2.375600000000000000e+04
9.162070572325849496e-03, 2.542700000000000000e+04
9.167036464234968110e-03, 2.716400000000000000e+04
9.172002356144088459e-03, 2.895500000000000000e+04
9.176968248053208807e-03, 3.078100000000000000e+04
9.181934139962327421e-03, 3.262100000000000000e+04
9.186900031871447769e-03, 3.445600000000000000e+04
9.191865923780568118e-03, 3.627400000000000000e+04
9.196831815689686732e-03, 3.806300000000000000e+04
9.201797707598807080e-03, 3.981300000000000000e+04
9.206763599507925694e-03, 4.150800000000000000e+04
9.211729491417046042e-03, 4.313200000000000000e+04
9.216695383326166391e-03, 4.466400000000000000e+04
9.221661275235285005e-03, 4.608800000000000000e+04
9.226627167144405353e-03, 4.739200000000000000e+04
9.231593059053525702e-03, 4.856600000000000000e+04
9.236558950962644315e-03, 4.960100000000000000e+04
9.241524842871764664e-03, 5.049400000000000000e+04
9.246490734780883278e-03, 5.124200000000000000e+04
9.251456626690003626e-03, 5.184200000000000000e+04
9.256422518599123975e-03, 5.228700000000000000e+04
9.261388410508242588e-03, 5.257300000000000000e+04
9.266354302417362937e-03, 5.269500000000000000e+04
9.271320194326483285e-03, 5.265100000000000000e+04
9.276286086235601899e-03, 5.244300000000000000e+04
9.281251978144722248e-03, 5.207400000000000000e+04
9.286217870053840862e-03, 5.154600000000000000e+04
9.291183761962961210e-03, 5.086500000000000000e+04
9.296149653872081559e-03, 5.003700000000000000e+04
9.301115545781200172e-03, 4.907000000000000000e+04
9.306081437690320521e-03, 4.796500000000000000e+04
9.311047329599440869e-03, 4.672900000000000000e+04
9.316013221508559483e-03, 4.537100000000000000e+04
9.320979113417679832e-03, 4.390500000000000000e+04
9.325945005326798445e-03, 4.234400000000000000e+04
9.330910897235918794e-03, 4.070000000000000000e+04
9.335876789145039142e-03, 3.898600000000000000e+04
9.340842681054157756e-03, 3.721400000000000000e+04
9.345808572963278105e-03, 3.540100000000000000e+04
9.350774464872398453e-03, 3.356200000000000000e+04
9.355740356781517067e-03, 3.171700000000000000e+04
9.360706248690637415e-03, 2.988100000000000000e+04
9.365672140599756029e-03, 2.807100000000000000e+04
9.370638032508876378e-03, 2.629900000000000000e+04
9.375603924417996726e-03, 2.458100000000000000e+04
9.380569816327115340e-03, 2.293200000000000000e+04
9.385535708236235689e-03, 2.136400000000000000e+04
9.390501600145356037e-03, 1.988800000000000000e+04
9.395467492054474651e-03, 1.851800000000000000e+04
9.400433383963594999e-03, 1.727000000000000000e+04
9.405399275872713613e-03, 1.615700000000000000e+04
9.410365167781833962e-03, 1.519100000000000000e+04
9.415331059690954310e-03, 1.438300000000000000e+04
9.420296951600072924e-03, 1.373800000000000000e+04
9.425262843509193272e-03, 1.325800000000000000e+04
9.430228735418313621e-03, 1.294100000000000000e+04
9.435194627327432235e-03, 1.278800000000000000e+04
9.440160519236552583e-03, 1.280000000000000000e+04
9.445126411145671197e-03, 1.298000000000000000e+04
9.450092303054791545e-03, 1.332500000000000000e+04
9.455058194963911894e-03, 1.383300000000000000e+04
9.460024086873030508e-03, 1.449800000000000000e+04
9.464989978782150856e-03, 1.531300000000000000e+04
9.469955870691271205e-03, 1.626800000000000000e+04
9.474921762600389818e-03, 1.735600000000000000e+04
9.479887654509510167e-03, 1.857200000000000000e+04
9.484853546418630516e-03, 1.990800000000000000e+04
9.489819438327749129e-03, 2.135100000000000000e+04
9.494785330236869478e-03, 2.288700000000000000e+04
9.499751222145988092e-03, 2.450200000000000000e+04
9.504717114055108440e-03, 2.618600000000000000e+04
9.509683005964228789e-03, 2.792900000000000000e+04
9.514648897873347402e-03, 2.971800000000000000e+04
9.519614789782467751e-03, 3.153300000000000000e+04
9.524580681691588099e-03, 3.335600000000000000e+04
9.529546573600706713e-03, 3.516900000000000000e+04
9.534512465509827062e-03, 3.696200000000000000e+04
9.539478357418945675e-03, 3.872600000000000000e+04
9.544444249328066024e-03, 4.044700000000000000e+04
9.549410141237186372e-03, 4.211100000000000000e+04
9.554376033146304986e-03, 4.370000000000000000e+04
9.559341925055425335e-03, 4.519800000000000000e+04
9.564307816964545683e-03, 4.659100000000000000e+04
9.569273708873664297e-03, 4.786800000000000000e+04
9.574239600782784645e-03, 4.901700000000000000e+04
9.579205492691903259e-03, 5.002800000000000000e+04
9.584171384601023608e-03, 5.089700000000000000e+04
9.589137276510143956e-03, 5.161700000000000000e+04
9.594103168419262570e-03, 5.218200000000000000e+04
9.599069060328382919e-03, 5.258700000000000000e+04
9.604034952237503267e-03, 5.282600000000000000e+04
9.609000844146621881e-03, 5.289600000000000000e+04
9.613966736055742229e-03, 5.280000000000000000e+04
9.618932627964860843e-03, 5.253800000000000000e+04
9.623898519873981192e-03, 5.211300000000000000e+04
9.628864411783101540e-03, 5.152600000000000000e+04
9.633830303692220154e-03, 5.078300000000000000e+04
9.638796195601340502e-03, 4.989200000000000000e+04
9.643762087510460851e-03, 4.885800000000000000e+04
9.648727979419579465e-03, 4.768700000000000000e+04
9.653693871328699813e-03, 4.638600000000000000e+04
9.658659763237818427e-03, 4.496900000000000000e+04
9.663625655146938775e-03, 4.344900000000000000e+04
9.668591547056059124e-03, 4.183900000000000000e+04
9.673557438965177738e-03, 4.015100000000000000e+04
9.678523330874298086e-03, 3.839900000000000000e+04
9.683489222783418435e-03, 3.659500000000000000e+04
9.688455114692537049e-03, 3.475800000000000000e+04
9.693421006601657397e-03, 3.290500000000000000e+04
9.698386898510776011e-03, 3.105500000000000000e+04
9.703352790419896359e-03, 2.922300000000000000e+04
9.708318682329016708e-03, 2.742400000000000000e+04
9.713284574238135322e-03, 2.567100000000000000e+04
9.718250466147255670e-03, 2.397900000000000000e+04
9.723216358056376019e-03, 2.236100000000000000e+04
9.728182249965494632e-03, 2.082800000000000000e+04
9.733148141874614981e-03, 1.939100000000000000e+04
9.738114033783733595e-03, 1.806300000000000000e+04
9.743079925692853943e-03, 1.686100000000000000e+04
9.748045817601974292e-03, 1.579500000000000000e+04
9.753011709511092905e-03, 1.487500000000000000e+04
9.757977601420213254e-03, 1.411000000000000000e+04
9.762943493329333602e-03, 1.350200000000000000e+04
9.767909385238452216e-03, 1.305400000000000000e+04
9.772875277147572565e-03, 1.276700000000000000e+04
9.777841169056691178e-03, 1.264600000000000000e+04
9.782807060965811527e-03, 1.269400000000000000e+04
9.787772952874931875e-03, 1.291300000000000000e+04
9.792738844784050489e-03, 1.330200000000000000e+04
9.797704736693170838e-03, 1.386000000000000000e+04
9.802670628602291186e-03, 1.458100000000000000e+04
9.807636520511409800e-03, 1.545600000000000000e+04
9.812602412420530149e-03, 1.647500000000000000e+04
9.817568304329650497e-03, 1.762700000000000000e+04
9.822534196238769111e-03, 1.890500000000000000e+04
9.827500088147889459e-03, 2.029600000000000000e+04
9.832465980057008073e-03, 2.178500000000000000e+04
9.837431871966128422e-03, 2.335900000000000000e+04
9.842397763875248770e-03, 2.500500000000000000e+04
9.847363655784367384e-03, 2.671500000000000000e+04
9.852329547693487732e-03, 2.847900000000000000e+04
9.857295439602608081e-03, 3.028200000000000000e+04
9.862261331511726695e-03, 3.210500000000000000e+04
9.867227223420847043e-03, 3.392900000000000000e+04
9.872193115329965657e-03, 3.574100000000000000e+04
9.877159007239086005e-03, 3.753100000000000000e+04
9.882124899148206354e-03, 3.928800000000000000e+04
9.887090791057324968e-03, 4.099700000000000000e+04
9.892056682966445316e-03, 4.264200000000000000e+04
9.897022574875565665e-03, 4.420500000000000000e+04
9.901988466784684279e-03, 4.567100000000000000e+04
9.906954358693804627e-03, 4.702700000000000000e+04
9.911920250602923241e-03, 4.826200000000000000e+04
9.916886142512043589e-03, 4.936500000000000000e+04
9.921852034421163938e-03, 5.032800000000000000e+04
9.926817926330282552e-03, 5.114400000000000000e+04
9.931783818239402900e-03, 5.180400000000000000e+04
9.936749710148523249e-03, 5.230300000000000000e+04
9.941715602057641862e-03, 5.263400000000000000e+04
9.946681493966762211e-03, 5.279400000000000000e+04
9.951647385875880825e-03, 5.278400000000000000e+04
9.956613277785001173e-03, 5.260500000000000000e+04
9.961579169694121522e-03, 5.226400000000000000e+04
9.966545061603240135e-03, 5.176200000000000000e+04
9.971510953512360484e-03, 5.110300000000000000e+04
9.976476845421480832e-03, 5.029600000000000000e+04
9.981442737330599446e-03, 4.934800000000000000e+04
9.986408629239719795e-03, 4.826400000000000000e+04
9.991374521148838408e-03, 4.704800000000000000e+04
9.996340413057958757e-03, 4.570800000000000000e+04
1.000130630496707911e-02, 4.425800000000000000e+04
1.000627219687619772e-02, 4.271000000000000000e+04
1.001123808878531807e-02, 4.107800000000000000e+04
1.001620398069443842e-02, 3.937600000000000000e+04
1.002116987260355703e-02, 3.761700000000000000e+04
1.002613576451267738e-02, 3.581400000000000000e+04
1.003110165642179599e-02, 3.398500000000000000e+04
1.003606754833091634e-02, 3.214900000000000000e+04
1.004103344024003669e-02, 3.032000000000000000e+04
1.004599933214915530e-02, 2.851400000000000000e+04
1.005096522405827565e-02, 2.674500000000000000e+04
1.005593111596739600e-02, 2.502500000000000000e+04
1.006089700787651461e-02, 2.336800000000000000e+04
1.006586289978563496e-02, 2.178600000000000000e+04
1.007082879169475358e-02, 2.029100000000000000e+04
1.007579468360387392e-02, 1.889400000000000000e+04
1.008076057551299427e-02, 1.761200000000000000e+04
1.008572646742211289e-02, 1.645800000000000000e+04
1.009069235933123324e-02, 1.544500000000000000e+04
1.009565825124035358e-02, 1.458100000000000000e+04
1.010062414314947220e-02, 1.387400000000000000e+04
1.010559003505859255e-02, 1.332500000000000000e+04
1.011055592696771289e-02, 1.293500000000000000e+04
1.011552181887683151e-02, 1.270800000000000000e+04
1.012048771078595186e-02, 1.264700000000000000e+04
1.012545360269507047e-02, 1.275200000000000000e+04
1.013041949460419082e-02, 1.302500000000000000e+04
1.013538538651331117e-02, 1.346300000000000000e+04
1.014035127842242978e-02, 1.406400000000000000e+04
1.014531717033155013e-02, 1.482000000000000000e+04
1.015028306224067048e-02, 1.572300000000000000e+04
1.015524895414978909e-02, 1.676400000000000000e+04
1.016021484605890944e-02, 1.793600000000000000e+04
1.016518073796802805e-02, 1.923200000000000000e+04
1.017014662987714840e-02, 2.064100000000000000e+04
1.017511252178626875e-02, 2.214800000000000000e+04
1.018007841369538737e-02, 2.374000000000000000e+04
1.018504430560450771e-02, 2.540800000000000000e+04
1.019001019751362806e-02, 2.714100000000000000e+04
1.019497608942274668e-02, 2.893000000000000000e+04
1.019994198133186702e-02, 3.075500000000000000e+04
1.020490787324098564e-02, 3.259600000000000000e+04
1.020987376515010599e-02, 3.443300000000000000e+04
1.021483965705922634e-02, 3.625400000000000000e+04
1.021980554896834495e-02, 3.804700000000000000e+04
1.022477144087746530e-02, 3.980000000000000000e+04
1.022973733278658565e-02, 4.149900000000000000e+04
1.023470322469570426e-02, 4.312500000000000000e+04
1.023966911660482461e-02, 4.466200000000000000e+04
1.024463500851394322e-02, 4.609700000000000000e+04
1.024960090042306357e-02, 4.741700000000000000e+04
1.025456679233218392e-02, 4.861400000000000000e+04
1.025953268424130253e-02, 4.967600000000000000e+04
1.026449857615042288e-02, 5.059800000000000000e+04
1.026946446805954323e-02, 5.137500000000000000e+04
1.027443035996866184e-02, 5.199900000000000000e+04
1.027939625187778219e-02, 5.246500000000000000e+04
1.028436214378690081e-02, 5.276500000000000000e+04
1.028932803569602115e-02, 5.289600000000000000e+04
1.029429392760514150e-02, 5.285400000000000000e+04
1.029925981951426012e-02, 5.264400000000000000e+04
1.030422571142338047e-02, 5.226700000000000000e+04
1.030919160333250081e-02, 5.172400000000000000e+04
1.031415749524161943e-02, 5.102200000000000000e+04
1.031912338715073978e-02, 5.017300000000000000e+04
1.032408927905985839e-02, 4.918400000000000000e+04
1.032905517096897874e-02, 4.806200000000000000e+04
1.033402106287809909e-02, 4.681200000000000000e+04
1.033898695478721770e-02, 4.544300000000000000e+04
1.034395284669633805e-02, 4.397000000000000000e+04
1.034891873860545840e-02, 4.240300000000000000e+04
1.035388463051457701e-02, 4.075500000000000000e+04
1.035885052242369736e-02, 3.903900000000000000e+04
1.036381641433281597e-02, 3.726500000000000000e+04
1.036878230624193632e-02, 3.544900000000000000e+04
1.037374819815105667e-02, 3.360900000000000000e+04
1.037871409006017528e-02, 3.176300000000000000e+04
1.038367998196929563e-02, 2.992600000000000000e+04
1.038864587387841598e-02, 2.811300000000000000e+04
1.039361176578753460e-02, 2.633900000000000000e+04
1.039857765769665494e-02, 2.461800000000000000e+04
1.040354354960577356e-02, 2.296500000000000000e+04
1.040850944151489391e-02, 2.139200000000000000e+04
1.041347533342401425e-02, 1.991300000000000000e+04
1.041844122533313287e-02, 1.853900000000000000e+04
1.042340711724225322e-02, 1.728700000000000000e+04
1.042837300915137357e-02, 1.617100000000000000e+04
1.043333890106049218e-02, 1.520000000000000000e+04
1.043830479296961253e-02, 1.438200000000000000e+04
1.044327068487873288e-02, 1.372100000000000000e+04
1.044823657678785149e-02, 1.321900000000000000e+04
1.045320246869697184e-02, 1.287500000000000000e+04
1.045816836060609045e-02, 1.269300000000000000e+04
1.046313425251521080e-02, 1.267700000000000000e+04
1.046810014442433115e-02, 1.283100000000000000e+04
1.047306603633344976e-02, 1.315500000000000000e+04
1.047803192824257011e-02, 1.364700000000000000e+04
1.048299782015169046e-02, 1.430200000000000000e+04
1.048796371206080907e-02, 1.511300000000000000e+04
1.049292960396992942e-02, 1.606900000000000000e+04
1.049789549587904804e-02, 1.716100000000000000e+04
1.050286138778816838e-02, 1.838200000000000000e+04
1.050782727969728873e-02, 1.972200000000000000e+04
1.051279317160640735e-02, 2.116400000000000000e+04
1.051775906351552770e-02, 2.269300000000000000e+04
1.052272495542464804e-02, 2.429700000000000000e+04
1.052769084733376666e-02, 2.596700000000000000e+04
1.053265673924288701e-02, 2.769700000000000000e+04
1.053762263115200562e-02, 2.947400000000000000e+04
1.054258852306112597e-02, 3.128100000000000000e+04
1.054755441497024632e-02, 3.310000000000000000e+04
1.055252030687936493e-02, 3.491400000000000000e+04
1.055748619878848528e-02, 3.671200000000000000e+04
1.056245209069760563e-02, 3.848500000000000000e+04
1.056741798260672424e-02, 4.021800000000000000e+04
1.057238387451584459e-02, 4.189500000000000000e+04
1.057734976642496320e-02, 4.350000000000000000e+04
1.058231565833408355e-02, 4.501400000000000000e+04
1.058728155024320390e-02, 4.642400000000000000e+04
1.059224744215232251e-02, 4.771800000000000000e+04
1.059721333406144286e-02, 4.888400000000000000e+04
1.060217922597056321e-02, 4.991200000000000000e+04
1.060714511787968183e-02, 5.079600000000000000e+04
1.061211100978880217e-02, 5.153100000000000000e+04
1.061707690169792079e-02, 5.210900000000000000e+04
1.062204279360704114e-02, 5.252500000000000000e+04
1.062700868551616148e-02, 5.277300000000000000e+04
1.063197457742528010e-02, 5.284900000000000000e+04
1.063694046933440045e-02, 5.275400000000000000e+04
1.064190636124352080e-02, 5.249400000000000000e+04
1.064687225315263941e-02, 5.207000000000000000e+04
1.065183814506175976e-02, 5.148500000000000000e+04
1.065680403697087837e-02, 5.074600000000000000e+04
1.066176992887999872e-02, 4.985900000000000000e+04
1.066673582078911907e-02, 4.883200000000000000e+04
1.067170171269823768e-02, 4.766700000000000000e+04
1.067666760460735803e-02, 4.637300000000000000e+04
1.068163349651647838e-02, 4.496100000000000000e+04
1.068659938842559699e-02, 4.344600000000000000e+04
1.069156528033471734e-02, 4.184100000000000000e+04
1.069653117224383596e-02, 4.016000000000000000e+04
1.070149706415295630e-02, 3.841300000000000000e+04
1.070646295606207665e-02, 3.661400000000000000e+04
1.071142884797119527e-02, 3.477900000000000000e+04
1.071639473988031561e-02, 3.292700000000000000e+04
1.072136063178943596e-02, 3.107700000000000000e+04
1.072632652369855458e-02, 2.924300000000000000e+04
1.073129241560767493e-02, 2.744100000000000000e+04
1.073625830751679527e-02, 2.568600000000000000e+04
1.074122419942591389e-02, 2.399100000000000000e+04
1.074619009133503424e-02, 2.236900000000000000e+04
1.075115598324415285e-02, 2.083400000000000000e+04
1.075612187515327320e-02, 1.939500000000000000e+04
1.076108776706239355e-02, 1.806700000000000000e+04
1.076605365897151216e-02, 1.686600000000000000e+04
1.077101955088063251e-02, 1.580200000000000000e+04
1.077598544278975286e-02, 1.488400000000000000e+04
1.078095133469887147e-02, 1.411800000000000000e+04
1.078591722660799182e-02, 1.351000000000000000e+04
1.079088311851711043e-02, 1.306100000000000000e+04
1.079584901042623078e-02, 1.277300000000000000e+04
1.080081490233535113e-02, 1.264900000000000000e+04
1.080578079424446974e-02, 1.269500000000000000e+04
1.081074668615359009e-02, 1.291200000000000000e+04
1.081571257806271044e-02, 1.329900000000000000e+04
1.082067846997182906e-02, 1.385400000000000000e+04
1.082564436188094940e-02, 1.456900000000000000e+04
1.083061025379006802e-02, 1.543700000000000000e+04
1.083557614569918837e-02, 1.644800000000000000e+04
1.084054203760830871e-02, 1.759500000000000000e+04
1.084550792951742733e-02, 1.886900000000000000e+04
1.085047382142654768e-02, 2.026100000000000000e+04
1.085543971333566803e-02, 2.175300000000000000e+04
1.086040560524478664e-02, 2.333200000000000000e+04
1.086537149715390699e-02, 2.498400000000000000e+04
1.087033738906302560e-02, 2.670100000000000000e+04
1.087530328097214595e-02, 2.847100000000000000e+04
1.088026917288126630e-02, 3.027900000000000000e+04
1.088523506479038491e-02, 3.210700000000000000e+04
1.089020095669950526e-02, 3.393400000000000000e+04
1.089516684860862561e-02, 3.574700000000000000e+04
1.090013274051774422e-02, 3.753800000000000000e+04
1.090509863242686457e-02, 3.929500000000000000e+04
1.091006452433598319e-02, 4.100400000000000000e+04
1.091503041624510353e-02, 4.265000000000000000e+04
1.091999630815422388e-02, 4.421300000000000000e+04
