0.000000000000000000e+00, 1.100500000000000000e+04
3.974524636956923428e-06, 1.351300000000000000e+04
7.949049273913846855e-06, 1.737300000000000000e+04
1.192357391087076944e-05, 2.193900000000000000e+04
1.589809854782769371e-05, 2.620300000000000000e+04
1.987262318478461460e-05, 3.057600000000000000e+04
2.384714782174153887e-05, 3.429500000000000000e+04
2.782167245869846315e-05, 3.771100000000000000e+04
3.179619709565538742e-05, 4.072100000000000000e+04
3.577072173261230492e-05, 4.319300000000000000e+04
3.974524636956922919e-05, 4.555900000000000000e+04
4.371977100652615347e-05, 4.727000000000000000e+04
4.769429564348307774e-05, 4.878000000000000000e+04
5.166882028044000202e-05, 4.994300000000000000e+04
5.564334491739692629e-05, 5.070200000000000000e+04
5.961786955435384379e-05, 5.118700000000000000e+04
6.359239419131077484e-05, 5.155900000000000000e+04
6.756691882826769912e-05, 5.166200000000000000e+04
7.154144346522460984e-05, 5.142100000000000000e+04
7.551596810218153411e-05, 5.106900000000000000e+04
7.949049273913845839e-05, 5.042800000000000000e+04
8.346501737609538266e-05, 4.959400000000000000e+04
8.743954201305230694e-05, 4.874300000000000000e+04
9.141406665000923121e-05, 4.776200000000000000e+04
9.538859128696615549e-05, 4.670900000000000000e+04
9.936311592392307976e-05, 4.558500000000000000e+04
1.033376405608800040e-04, 4.406500000000000000e+04
1.073121651978369283e-04, 4.264800000000000000e+04
1.112866898347938526e-04, 4.120500000000000000e+04
1.152612144717507769e-04, 3.979100000000000000e+04
1.192357391087076876e-04, 3.822900000000000000e+04
1.232102637456646119e-04, 3.655900000000000000e+04
1.271847883826215497e-04, 3.477100000000000000e+04
1.311593130195784604e-04, 3.323700000000000000e+04
1.351338376565353982e-04, 3.162000000000000000e+04
1.391083622934923090e-04, 3.010000000000000000e+04
1.430828869304492197e-04, 2.850300000000000000e+04
1.470574115674061575e-04, 2.693900000000000000e+04
1.510319362043630682e-04, 2.526100000000000000e+04
1.550064608413200061e-04, 2.358400000000000000e+04
1.589809854782769168e-04, 2.215400000000000000e+04
1.629555101152338546e-04, 2.068300000000000000e+04
1.669300347521907653e-04, 1.937200000000000000e+04
1.709045593891477032e-04, 1.816100000000000000e+04
1.748790840261046139e-04, 1.696100000000000000e+04
1.788536086630615517e-04, 1.577700000000000000e+04
1.828281333000184624e-04, 1.471200000000000000e+04
1.868026579369754003e-04, 1.372100000000000000e+04
1.907771825739323110e-04, 1.287300000000000000e+04
1.947517072108892217e-04, 1.210500000000000000e+04
1.987262318478461595e-04, 1.147300000000000000e+04
2.027007564848030702e-04, 1.090500000000000000e+04
2.066752811217600081e-04, 1.045200000000000000e+04
2.106498057587169188e-04, 1.004300000000000000e+04
2.146243303956738566e-04, 9.921000000000000000e+03
2.185988550326307673e-04, 1.016800000000000000e+04
2.225733796695877052e-04, 1.021800000000000000e+04
2.265479043065446159e-04, 1.035600000000000000e+04
2.305224289435015537e-04, 1.070500000000000000e+04
2.344969535804584644e-04, 1.119500000000000000e+04
2.384714782174153752e-04, 1.190200000000000000e+04
2.424460028543723130e-04, 1.254900000000000000e+04
2.464205274913292237e-04, 1.328200000000000000e+04
2.503950521282861615e-04, 1.416500000000000000e+04
2.543695767652430994e-04, 1.516300000000000000e+04
2.583441014021999830e-04, 1.628700000000000000e+04
2.623186260391569208e-04, 1.749700000000000000e+04
2.662931506761138586e-04, 1.881100000000000000e+04
2.702676753130707965e-04, 2.010000000000000000e+04
2.742421999500276801e-04, 2.150900000000000000e+04
2.782167245869846179e-04, 2.291900000000000000e+04
2.821912492239415557e-04, 2.430300000000000000e+04
2.861657738608984394e-04, 2.587700000000000000e+04
2.901402984978553772e-04, 2.723500000000000000e+04
2.941148231348123150e-04, 2.885600000000000000e+04
2.980893477717692528e-04, 3.064400000000000000e+04
3.020638724087261365e-04, 3.221300000000000000e+04
3.060383970456830743e-04, 3.366800000000000000e+04
3.100129216826400121e-04, 3.511000000000000000e+04
3.139874463195969499e-04, 3.667600000000000000e+04
3.179619709565538336e-04, 3.823900000000000000e+04
3.219364955935107714e-04, 3.992700000000000000e+04
3.259110202304677092e-04, 4.173000000000000000e+04
3.298855448674246470e-04, 4.329100000000000000e+04
3.338600695043815307e-04, 4.470500000000000000e+04
3.378345941413384685e-04, 4.598100000000000000e+04
3.418091187782954063e-04, 4.723500000000000000e+04
3.457836434152522899e-04, 4.819200000000000000e+04
3.497581680522092278e-04, 4.952700000000000000e+04
3.537326926891661656e-04, 5.080200000000000000e+04
3.577072173261231034e-04, 5.181500000000000000e+04
3.616817419630799870e-04, 5.278100000000000000e+04
3.656562666000369249e-04, 5.351000000000000000e+04
3.696307912369938627e-04, 5.406400000000000000e+04
3.736053158739508005e-04, 5.463600000000000000e+04
3.775798405109076841e-04, 5.485600000000000000e+04
3.815543651478646220e-04, 5.532500000000000000e+04
3.855288897848215598e-04, 5.536200000000000000e+04
3.895034144217784434e-04, 5.539700000000000000e+04
3.934779390587353812e-04, 5.531700000000000000e+04
3.974524636956923191e-04, 5.518600000000000000e+04
4.014269883326492569e-04, 5.486800000000000000e+04
4.054015129696061405e-04, 5.452800000000000000e+04
4.093760376065630783e-04, 5.400900000000000000e+04
4.133505622435200162e-04, 5.332100000000000000e+04
4.173250868804769540e-04, 5.247700000000000000e+04
4.212996115174338376e-04, 5.153300000000000000e+04
4.252741361543907754e-04, 5.052500000000000000e+04
4.292486607913477132e-04, 4.945000000000000000e+04
4.332231854283045969e-04, 4.842600000000000000e+04
4.371977100652615347e-04, 4.722400000000000000e+04
4.411722347022184725e-04, 4.597300000000000000e+04
4.451467593391754103e-04, 4.437200000000000000e+04
4.491212839761322940e-04, 4.282400000000000000e+04
4.530958086130892318e-04, 4.155600000000000000e+04
4.570703332500461696e-04, 3.999600000000000000e+04
4.610448578870031074e-04, 3.843000000000000000e+04
4.650193825239599911e-04, 3.663800000000000000e+04
4.689939071609169289e-04, 3.476000000000000000e+04
4.729684317978738667e-04, 3.328700000000000000e+04
4.769429564348307503e-04, 3.159100000000000000e+04
4.809174810717876882e-04, 3.000500000000000000e+04
4.848920057087446260e-04, 2.837100000000000000e+04
4.888665303457015096e-04, 2.679000000000000000e+04
4.928410549826584474e-04, 2.520400000000000000e+04
4.968155796196153853e-04, 2.366100000000000000e+04
5.007901042565723231e-04, 2.221300000000000000e+04
5.047646288935292609e-04, 2.081300000000000000e+04
5.087391535304861987e-04, 1.955200000000000000e+04
5.127136781674431366e-04, 1.825400000000000000e+04
5.166882028043999660e-04, 1.714200000000000000e+04
5.206627274413569038e-04, 1.585600000000000000e+04
5.246372520783138416e-04, 1.487000000000000000e+04
5.286117767152707795e-04, 1.377400000000000000e+04
5.325863013522277173e-04, 1.300500000000000000e+04
5.365608259891846551e-04, 1.213200000000000000e+04
5.405353506261415929e-04, 1.158100000000000000e+04
5.445098752630984223e-04, 1.090900000000000000e+04
5.484843999000553602e-04, 1.054000000000000000e+04
5.524589245370122980e-04, 1.003100000000000000e+04
5.564334491739692358e-04, 9.975000000000000000e+03
5.604079738109261737e-04, 1.041800000000000000e+04
5.643824984478831115e-04, 1.059900000000000000e+04
5.683570230848400493e-04, 1.076400000000000000e+04
5.723315477217968787e-04, 1.114000000000000000e+04
5.763060723587538165e-04, 1.162500000000000000e+04
5.802805969957107544e-04, 1.215300000000000000e+04
5.842551216326676922e-04, 1.267900000000000000e+04
5.882296462696246300e-04, 1.341200000000000000e+04
5.922041709065815679e-04, 1.420700000000000000e+04
5.961786955435385057e-04, 1.530200000000000000e+04
6.001532201804954435e-04, 1.642000000000000000e+04
6.041277448174522729e-04, 1.760800000000000000e+04
6.081022694544092107e-04, 1.897500000000000000e+04
6.120767940913661486e-04, 2.030800000000000000e+04
6.160513187283230864e-04, 2.173400000000000000e+04
6.200258433652800242e-04, 2.314700000000000000e+04
6.240003680022369621e-04, 2.437900000000000000e+04
6.279748926391938999e-04, 2.591900000000000000e+04
6.319494172761507293e-04, 2.724800000000000000e+04
6.359239419131076671e-04, 2.891600000000000000e+04
6.398984665500646049e-04, 3.069400000000000000e+04
6.438729911870215428e-04, 3.232600000000000000e+04
6.478475158239784806e-04, 3.392500000000000000e+04
6.518220404609354184e-04, 3.546100000000000000e+04
6.557965650978923563e-04, 3.706800000000000000e+04
6.597710897348492941e-04, 3.863800000000000000e+04
6.637456143718061235e-04, 4.029300000000000000e+04
6.677201390087630613e-04, 4.216500000000000000e+04
6.716946636457199991e-04, 4.370300000000000000e+04
6.756691882826769370e-04, 4.503900000000000000e+04
6.796437129196338748e-04, 4.623400000000000000e+04
6.836182375565908126e-04, 4.753400000000000000e+04
6.875927621935477504e-04, 4.846000000000000000e+04
6.915672868305045799e-04, 4.985600000000000000e+04
6.955418114674615177e-04, 5.104600000000000000e+04
6.995163361044184555e-04, 5.210000000000000000e+04
7.034908607413753933e-04, 5.297200000000000000e+04
7.074653853783323312e-04, 5.373900000000000000e+04
7.114399100152892690e-04, 5.416500000000000000e+04
7.154144346522462068e-04, 5.478000000000000000e+04
7.193889592892030362e-04, 5.492100000000000000e+04
7.233634839261599741e-04, 5.528900000000000000e+04
7.273380085631169119e-04, 5.542000000000000000e+04
7.313125332000738497e-04, 5.537900000000000000e+04
7.352870578370307875e-04, 5.523500000000000000e+04
7.392615824739877254e-04, 5.506200000000000000e+04
7.432361071109446632e-04, 5.486300000000000000e+04
7.472106317479016010e-04, 5.449200000000000000e+04
7.511851563848584304e-04, 5.380800000000000000e+04
7.551596810218153683e-04, 5.319200000000000000e+04
7.591342056587723061e-04, 5.239500000000000000e+04
7.631087302957292439e-04, 5.139800000000000000e+04
7.670832549326861817e-04, 5.044900000000000000e+04
7.710577795696431196e-04, 4.923500000000000000e+04
7.750323042066000574e-04, 4.826100000000000000e+04
7.790068288435568868e-04, 4.696900000000000000e+04
7.829813534805138246e-04, 4.565800000000000000e+04
7.869558781174707624e-04, 4.405500000000000000e+04
7.909304027544277003e-04, 4.247600000000000000e+04
7.949049273913846381e-04, 4.126300000000000000e+04
7.988794520283415759e-04, 3.971100000000000000e+04
8.028539766652985138e-04, 3.807700000000000000e+04
8.068285013022553432e-04, 3.621200000000000000e+04
8.108030259392122810e-04, 3.443100000000000000e+04
8.147775505761692188e-04, 3.294200000000000000e+04
8.187520752131261566e-04, 3.122200000000000000e+04
8.227265998500830945e-04, 2.957900000000000000e+04
8.267011244870400323e-04, 2.793100000000000000e+04
8.306756491239969701e-04, 2.636100000000000000e+04
8.346501737609539080e-04, 2.473900000000000000e+04
8.386246983979107374e-04, 2.314200000000000000e+04
8.425992230348676752e-04, 2.151600000000000000e+04
8.465737476718246130e-04, 2.017600000000000000e+04
8.505482723087815508e-04, 1.899900000000000000e+04
8.545227969457384887e-04, 1.762900000000000000e+04
8.584973215826954265e-04, 1.663500000000000000e+04
8.624718462196523643e-04, 1.531300000000000000e+04
8.664463708566091937e-04, 1.446300000000000000e+04
8.704208954935661316e-04, 1.333500000000000000e+04
8.743954201305230694e-04, 1.270000000000000000e+04
8.783699447674800072e-04, 1.179000000000000000e+04
8.823444694044369450e-04, 1.136400000000000000e+04
8.863189940413938829e-04, 1.064500000000000000e+04
8.902935186783508207e-04, 1.035000000000000000e+04
8.942680433153077585e-04, 9.851000000000000000e+03
8.982425679522645879e-04, 9.862000000000000000e+03
9.022170925892215258e-04, 1.014100000000000000e+04
9.061916172261784636e-04, 1.029900000000000000e+04
9.101661418631354014e-04, 1.048800000000000000e+04
9.141406665000923392e-04, 1.089500000000000000e+04
9.181151911370492771e-04, 1.141400000000000000e+04
9.220897157740062149e-04, 1.197600000000000000e+04
9.260642404109630443e-04, 1.253400000000000000e+04
9.300387650479199821e-04, 1.327500000000000000e+04
9.340132896848769200e-04, 1.411000000000000000e+04
9.379878143218338578e-04, 1.529600000000000000e+04
9.419623389587907956e-04, 1.653400000000000000e+04
9.459368635957477334e-04, 1.764800000000000000e+04
9.499113882327046713e-04, 1.897400000000000000e+04
9.538859128696615007e-04, 2.030200000000000000e+04
9.578604375066184385e-04, 2.172500000000000000e+04
9.618349621435753763e-04, 2.315200000000000000e+04
9.658094867805323142e-04, 2.443200000000000000e+04
9.697840114174892520e-04, 2.602500000000000000e+04
9.737585360544461898e-04, 2.753400000000000000e+04
9.777330606914030192e-04, 2.930900000000000000e+04
9.817075853283600655e-04, 3.101100000000000000e+04
9.856821099653168949e-04, 3.269000000000000000e+04
9.896566346022739411e-04, 3.431300000000000000e+04
9.936311592392307705e-04, 3.587200000000000000e+04
9.976056838761875999e-04, 3.747500000000000000e+04
1.001580208513144646e-03, 3.904200000000000000e+04
1.005554733150101476e-03, 4.065000000000000000e+04
1.009529257787058522e-03, 4.245100000000000000e+04
1.013503782424015351e-03, 4.408600000000000000e+04
1.017478307060972397e-03, 4.538800000000000000e+04
1.021452831697929227e-03, 4.653600000000000000e+04
1.025427356334886273e-03, 4.778000000000000000e+04
1.029401880971843103e-03, 4.875600000000000000e+04
1.033376405608799932e-03, 5.017800000000000000e+04
1.037350930245756978e-03, 5.122100000000000000e+04
1.041325454882713808e-03, 5.232500000000000000e+04
1.045299979519670854e-03, 5.307000000000000000e+04
1.049274504156627683e-03, 5.390200000000000000e+04
1.053249028793584730e-03, 5.423200000000000000e+04
1.057223553430541559e-03, 5.477700000000000000e+04
1.061198078067498388e-03, 5.498200000000000000e+04
1.065172602704455435e-03, 5.525000000000000000e+04
1.069147127341412264e-03, 5.548700000000000000e+04
1.073121651978369310e-03, 5.538000000000000000e+04
1.077096176615326140e-03, 5.518000000000000000e+04
1.081070701252283186e-03, 5.501000000000000000e+04
1.085045225889240015e-03, 5.484800000000000000e+04
1.089019750526196845e-03, 5.446900000000000000e+04
1.092994275163153891e-03, 5.374600000000000000e+04
1.096968799800110720e-03, 5.308000000000000000e+04
1.100943324437067767e-03, 5.227700000000000000e+04
1.104917849074024596e-03, 5.113000000000000000e+04
1.108892373710981642e-03, 5.023500000000000000e+04
1.112866898347938472e-03, 4.893000000000000000e+04
1.116841422984895301e-03, 4.795400000000000000e+04
1.120815947621852347e-03, 4.670600000000000000e+04
1.124790472258809177e-03, 4.526900000000000000e+04
1.128764996895766223e-03, 4.377200000000000000e+04
1.132739521532723052e-03, 4.222000000000000000e+04
1.136714046169680099e-03, 4.092300000000000000e+04
1.140688570806636928e-03, 3.942900000000000000e+04
1.144663095443593757e-03, 3.779300000000000000e+04
1.148637620080550804e-03, 3.603000000000000000e+04
1.152612144717507633e-03, 3.434700000000000000e+04
1.156586669354464679e-03, 3.284500000000000000e+04
1.160561193991421509e-03, 3.116800000000000000e+04
1.164535718628378555e-03, 2.955500000000000000e+04
1.168510243265335384e-03, 2.792500000000000000e+04
1.172484767902292431e-03, 2.631700000000000000e+04
1.176459292539249260e-03, 2.471600000000000000e+04
1.180433817176206089e-03, 2.315200000000000000e+04
1.184408341813163136e-03, 2.143800000000000000e+04
1.188382866450119965e-03, 2.009100000000000000e+04
1.192357391087077011e-03, 1.895800000000000000e+04
1.196331915724033841e-03, 1.752600000000000000e+04
1.200306440360990887e-03, 1.654400000000000000e+04
1.204280964997947716e-03, 1.518700000000000000e+04
1.208255489634904546e-03, 1.436700000000000000e+04
1.212230014271861592e-03, 1.318500000000000000e+04
1.216204538908818421e-03, 1.258000000000000000e+04
1.220179063545775468e-03, 1.163700000000000000e+04
1.224153588182732297e-03, 1.125300000000000000e+04
1.228128112819689343e-03, 1.051000000000000000e+04
1.232102637456646173e-03, 1.030300000000000000e+04
1.236077162093603002e-03, 9.911000000000000000e+03
1.240051686730560048e-03, 9.996000000000000000e+03
1.244026211367516878e-03, 1.015000000000000000e+04
1.248000736004473924e-03, 1.036200000000000000e+04
1.251975260641430754e-03, 1.059900000000000000e+04
1.255949785278387800e-03, 1.103100000000000000e+04
1.259924309915344629e-03, 1.156000000000000000e+04
1.263898834552301459e-03, 1.212100000000000000e+04
1.267873359189258505e-03, 1.267300000000000000e+04
1.271847883826215334e-03, 1.340000000000000000e+04
1.275822408463172380e-03, 1.428300000000000000e+04
1.279796933100129210e-03, 1.537300000000000000e+04
1.283771457737086256e-03, 1.663500000000000000e+04
1.287745982374043086e-03, 1.780000000000000000e+04
1.291720507010999915e-03, 1.909200000000000000e+04
1.295695031647956961e-03, 2.048900000000000000e+04
1.299669556284913791e-03, 2.194100000000000000e+04
1.303644080921870837e-03, 2.351000000000000000e+04
1.307618605558827666e-03, 2.478100000000000000e+04
1.311593130195784713e-03, 2.631500000000000000e+04
1.315567654832741542e-03, 2.793900000000000000e+04
1.319542179469698588e-03, 2.964500000000000000e+04
1.323516704106655418e-03, 3.135700000000000000e+04
1.327491228743612247e-03, 3.307600000000000000e+04
1.331465753380569293e-03, 3.458300000000000000e+04
1.335440278017526123e-03, 3.615600000000000000e+04
1.339414802654483169e-03, 3.775300000000000000e+04
1.343389327291439998e-03, 3.923600000000000000e+04
1.347363851928397045e-03, 4.072800000000000000e+04
1.351338376565353874e-03, 4.243100000000000000e+04
1.355312901202310703e-03, 4.402400000000000000e+04
1.359287425839267750e-03, 4.533700000000000000e+04
1.363261950476224579e-03, 4.642400000000000000e+04
1.367236475113181625e-03, 4.759900000000000000e+04
1.371210999750138455e-03, 4.871100000000000000e+04
1.375185524387095501e-03, 5.021700000000000000e+04
1.379160049024052330e-03, 5.117900000000000000e+04
1.383134573661009160e-03, 5.236900000000000000e+04
1.387109098297966206e-03, 5.303300000000000000e+04
1.391083622934923035e-03, 5.385700000000000000e+04
1.395058147571880082e-03, 5.421700000000000000e+04
1.399032672208836911e-03, 5.467000000000000000e+04
1.403007196845793957e-03, 5.499500000000000000e+04
1.406981721482750787e-03, 5.508200000000000000e+04
1.410956246119707616e-03, 5.521900000000000000e+04
1.414930770756664662e-03, 5.506200000000000000e+04
1.418905295393621492e-03, 5.481000000000000000e+04
1.422879820030578538e-03, 5.456100000000000000e+04
1.426854344667535367e-03, 5.435200000000000000e+04
1.430828869304492414e-03, 5.396600000000000000e+04
1.434803393941449243e-03, 5.328200000000000000e+04
1.438777918578406072e-03, 5.266300000000000000e+04
1.442752443215363119e-03, 5.188000000000000000e+04
1.446726967852319948e-03, 5.070400000000000000e+04
1.450701492489276994e-03, 4.985700000000000000e+04
1.454676017126233824e-03, 4.855600000000000000e+04
1.458650541763190870e-03, 4.751600000000000000e+04
1.462625066400147699e-03, 4.637700000000000000e+04
1.466599591037104746e-03, 4.480000000000000000e+04
1.470574115674061575e-03, 4.346200000000000000e+04
1.474548640311018404e-03, 4.184200000000000000e+04
1.478523164947975451e-03, 4.040800000000000000e+04
1.482497689584932280e-03, 3.892400000000000000e+04
1.486472214221889326e-03, 3.714700000000000000e+04
1.490446738858846156e-03, 3.540000000000000000e+04
1.494421263495803202e-03, 3.366500000000000000e+04
1.498395788132760031e-03, 3.211000000000000000e+04
1.502370312769716861e-03, 3.058500000000000000e+04
1.506344837406673907e-03, 2.899000000000000000e+04
1.510319362043630737e-03, 2.740100000000000000e+04
1.514293886680587783e-03, 2.569600000000000000e+04
1.518268411317544612e-03, 2.415500000000000000e+04
1.522242935954501658e-03, 2.267900000000000000e+04
1.526217460591458488e-03, 2.106700000000000000e+04
1.530191985228415317e-03, 1.966300000000000000e+04
1.534166509865372363e-03, 1.860300000000000000e+04
1.538141034502329193e-03, 1.722400000000000000e+04
1.542115559139286239e-03, 1.619400000000000000e+04
1.546090083776243069e-03, 1.492400000000000000e+04
1.550064608413200115e-03, 1.407300000000000000e+04
1.554039133050156944e-03, 1.301500000000000000e+04
1.558013657687113774e-03, 1.238800000000000000e+04
1.561988182324070820e-03, 1.154900000000000000e+04
1.565962706961027649e-03, 1.112600000000000000e+04
1.569937231597984695e-03, 1.047400000000000000e+04
1.573911756234941525e-03, 1.021700000000000000e+04
1.577886280871898571e-03, 9.936000000000000000e+03
1.581860805508855401e-03, 1.008700000000000000e+04
1.585835330145812230e-03, 1.011300000000000000e+04
1.589809854782769276e-03, 1.037600000000000000e+04
1.593784379419726106e-03, 1.065900000000000000e+04
1.597758904056683152e-03, 1.111500000000000000e+04
1.601733428693639981e-03, 1.165300000000000000e+04
1.605707953330597028e-03, 1.216800000000000000e+04
1.609682477967553857e-03, 1.268900000000000000e+04
1.613657002604510686e-03, 1.346100000000000000e+04
1.617631527241467733e-03, 1.440600000000000000e+04
1.621606051878424562e-03, 1.555300000000000000e+04
1.625580576515381608e-03, 1.682500000000000000e+04
1.629555101152338438e-03, 1.807700000000000000e+04
1.633529625789295484e-03, 1.933000000000000000e+04
1.637504150426252313e-03, 2.075100000000000000e+04
1.641478675063209360e-03, 2.220200000000000000e+04
1.645453199700166189e-03, 2.383200000000000000e+04
1.649427724337123018e-03, 2.517700000000000000e+04
1.653402248974080065e-03, 2.664900000000000000e+04
1.657376773611036894e-03, 2.827900000000000000e+04
1.661351298247993940e-03, 2.996500000000000000e+04
1.665325822884950770e-03, 3.173000000000000000e+04
1.669300347521907816e-03, 3.343300000000000000e+04
1.673274872158864645e-03, 3.492800000000000000e+04
1.677249396795821475e-03, 3.652600000000000000e+04
1.681223921432778521e-03, 3.811700000000000000e+04
1.685198446069735350e-03, 3.984800000000000000e+04
1.689172970706692397e-03, 4.141600000000000000e+04
1.693147495343649226e-03, 4.306700000000000000e+04
1.697122019980606272e-03, 4.457600000000000000e+04
1.701096544617563102e-03, 4.593700000000000000e+04
1.705071069254519931e-03, 4.698000000000000000e+04
1.709045593891476977e-03, 4.803700000000000000e+04
1.713020118528433807e-03, 4.921200000000000000e+04
1.716994643165390853e-03, 5.068400000000000000e+04
1.720969167802347682e-03, 5.155800000000000000e+04
1.724943692439304729e-03, 5.272200000000000000e+04
1.728918217076261558e-03, 5.330800000000000000e+04
1.732892741713218387e-03, 5.398700000000000000e+04
1.736867266350175434e-03, 5.442800000000000000e+04
1.740841790987132263e-03, 5.481300000000000000e+04
1.744816315624089309e-03, 5.519600000000000000e+04
1.748790840261046139e-03, 5.531700000000000000e+04
1.752765364898003185e-03, 5.549200000000000000e+04
1.756739889534960014e-03, 5.548100000000000000e+04
1.760714414171916844e-03, 5.521000000000000000e+04
1.764688938808873890e-03, 5.490500000000000000e+04
1.768663463445830719e-03, 5.462600000000000000e+04
1.772637988082787766e-03, 5.418300000000000000e+04
1.776612512719744595e-03, 5.347400000000000000e+04
1.780587037356701641e-03, 5.281400000000000000e+04
1.784561561993658471e-03, 5.187800000000000000e+04
1.788536086630615517e-03, 5.073800000000000000e+04
1.792510611267572346e-03, 4.975600000000000000e+04
1.796485135904529176e-03, 4.853300000000000000e+04
1.800459660541486222e-03, 4.731700000000000000e+04
1.804434185178443052e-03, 4.605200000000000000e+04
1.808408709815400098e-03, 4.440300000000000000e+04
1.812383234452356927e-03, 4.305200000000000000e+04
1.816357759089313973e-03, 4.155300000000000000e+04
1.820332283726270803e-03, 4.016100000000000000e+04
1.824306808363227632e-03, 3.862400000000000000e+04
1.828281333000184678e-03, 3.691900000000000000e+04
1.832255857637141508e-03, 3.515700000000000000e+04
1.836230382274098554e-03, 3.351500000000000000e+04
1.840204906911055384e-03, 3.190800000000000000e+04
1.844179431548012430e-03, 3.039200000000000000e+04
1.848153956184969259e-03, 2.878300000000000000e+04
1.852128480821926089e-03, 2.719800000000000000e+04
1.856103005458883135e-03, 2.548000000000000000e+04
1.860077530095839964e-03, 2.383600000000000000e+04
1.864052054732797011e-03, 2.240900000000000000e+04
1.868026579369753840e-03, 2.082300000000000000e+04
1.872001104006710886e-03, 1.941300000000000000e+04
1.875975628643667716e-03, 1.831500000000000000e+04
1.879950153280624545e-03, 1.707000000000000000e+04
1.883924677917581591e-03, 1.595900000000000000e+04
1.887899202554538421e-03, 1.482200000000000000e+04
1.891873727191495467e-03, 1.388800000000000000e+04
1.895848251828452296e-03, 1.296100000000000000e+04
1.899822776465409343e-03, 1.224600000000000000e+04
1.903797301102366172e-03, 1.153300000000000000e+04
1.907771825739323001e-03, 1.101800000000000000e+04
1.911746350376280048e-03, 1.048700000000000000e+04
1.915720875013236877e-03, 1.013300000000000000e+04
1.919695399650193923e-03, 9.948000000000000000e+03
1.923669924287150753e-03, 1.015700000000000000e+04
1.927644448924107799e-03, 1.011000000000000000e+04
1.931618973561064628e-03, 1.033300000000000000e+04
1.935593498198021675e-03, 1.063200000000000000e+04
1.939568022834978504e-03, 1.109700000000000000e+04
1.943542547471935333e-03, 1.164100000000000000e+04
1.947517072108892380e-03, 1.220400000000000000e+04
1.951491596745849209e-03, 1.279900000000000000e+04
1.955466121382806038e-03, 1.369400000000000000e+04
1.959440646019763085e-03, 1.463700000000000000e+04
1.963415170656720131e-03, 1.583700000000000000e+04
1.967389695293676743e-03, 1.704300000000000000e+04
1.971364219930633790e-03, 1.835500000000000000e+04
1.975338744567590836e-03, 1.965000000000000000e+04
1.979313269204547882e-03, 2.108200000000000000e+04
1.983287793841504495e-03, 2.252500000000000000e+04
1.987262318478461541e-03, 2.406600000000000000e+04
1.991236843115418587e-03, 2.559800000000000000e+04
1.995211367752375200e-03, 2.709200000000000000e+04
1.999185892389332246e-03, 2.870300000000000000e+04
2.003160417026289292e-03, 3.044300000000000000e+04
2.007134941663246339e-03, 3.221300000000000000e+04
2.011109466300202951e-03, 3.376700000000000000e+04
2.015083990937159997e-03, 3.522100000000000000e+04
2.019058515574117044e-03, 3.678800000000000000e+04
2.023033040211074090e-03, 3.834600000000000000e+04
2.027007564848030702e-03, 4.004000000000000000e+04
2.030982089484987749e-03, 4.172900000000000000e+04
2.034956614121944795e-03, 4.330800000000000000e+04
2.038931138758901408e-03, 4.474200000000000000e+04
2.042905663395858454e-03, 4.604300000000000000e+04
2.046880188032815500e-03, 4.719700000000000000e+04
2.050854712669772546e-03, 4.818100000000000000e+04
2.054829237306729159e-03, 4.944600000000000000e+04
2.058803761943686205e-03, 5.085400000000000000e+04
2.062778286580643251e-03, 5.177500000000000000e+04
2.066752811217599864e-03, 5.286000000000000000e+04
2.070727335854556910e-03, 5.348700000000000000e+04
2.074701860491513956e-03, 5.408300000000000000e+04
2.078676385128471003e-03, 5.457700000000000000e+04
2.082650909765427615e-03, 5.484200000000000000e+04
2.086625434402384661e-03, 5.529600000000000000e+04
2.090599959039341708e-03, 5.532900000000000000e+04
2.094574483676298320e-03, 5.541300000000000000e+04
2.098549008313255367e-03, 5.537700000000000000e+04
2.102523532950212413e-03, 5.520300000000000000e+04
2.106498057587169459e-03, 5.486000000000000000e+04
2.110472582224126072e-03, 5.454500000000000000e+04
2.114447106861083118e-03, 5.408500000000000000e+04
2.118421631498040164e-03, 5.338900000000000000e+04
2.122396156134996777e-03, 5.266700000000000000e+04
2.126370680771953823e-03, 5.176500000000000000e+04
2.130345205408910869e-03, 5.070700000000000000e+04
2.134319730045867915e-03, 4.966500000000000000e+04
2.138294254682824528e-03, 4.852300000000000000e+04
2.142268779319781574e-03, 4.733500000000000000e+04
2.146243303956738620e-03, 4.609800000000000000e+04
2.150217828593695233e-03, 4.448500000000000000e+04
2.154192353230652279e-03, 4.303900000000000000e+04
2.158166877867609326e-03, 4.164700000000000000e+04
2.162141402504566372e-03, 4.017100000000000000e+04
2.166115927141522984e-03, 3.857600000000000000e+04
2.170090451778480031e-03, 3.684500000000000000e+04
2.174064976415437077e-03, 3.499000000000000000e+04
2.178039501052393689e-03, 3.345200000000000000e+04
2.182014025689350736e-03, 3.178100000000000000e+04
2.185988550326307782e-03, 3.021300000000000000e+04
2.189963074963264828e-03, 2.853300000000000000e+04
2.193937599600221441e-03, 2.691800000000000000e+04
2.197912124237178487e-03, 2.521000000000000000e+04
2.201886648874135533e-03, 2.351700000000000000e+04
2.205861173511092146e-03, 2.208100000000000000e+04
2.209835698148049192e-03, 2.061000000000000000e+04
2.213810222785006238e-03, 1.930200000000000000e+04
2.217784747421963285e-03, 1.809700000000000000e+04
2.221759272058919897e-03, 1.695400000000000000e+04
2.225733796695876943e-03, 1.575400000000000000e+04
2.229708321332833990e-03, 1.473100000000000000e+04
2.233682845969790602e-03, 1.371400000000000000e+04
2.237657370606747648e-03, 1.290100000000000000e+04
2.241631895243704695e-03, 1.210300000000000000e+04
2.245606419880661741e-03, 1.150200000000000000e+04
2.249580944517618353e-03, 1.090200000000000000e+04
2.253555469154575400e-03, 1.048000000000000000e+04
2.257529993791532446e-03, 1.003800000000000000e+04
2.261504518428489059e-03, 9.896000000000000000e+03
2.265479043065446105e-03, 1.013200000000000000e+04
2.269453567702403151e-03, 1.017700000000000000e+04
2.273428092339360197e-03, 1.031400000000000000e+04
2.277402616976316810e-03, 1.066500000000000000e+04
2.281377141613273856e-03, 1.115800000000000000e+04
2.285351666250230902e-03, 1.171200000000000000e+04
2.289326190887187515e-03, 1.227600000000000000e+04
2.293300715524144561e-03, 1.301600000000000000e+04
2.297275240161101607e-03, 1.387800000000000000e+04
2.301249764798058654e-03, 1.493000000000000000e+04
2.305224289435015266e-03, 1.606300000000000000e+04
2.309198814071972312e-03, 1.731100000000000000e+04
2.313173338708929359e-03, 1.867200000000000000e+04
2.317147863345886405e-03, 2.000400000000000000e+04
2.321122387982843017e-03, 2.133300000000000000e+04
2.325096912619800064e-03, 2.270400000000000000e+04
2.329071437256757110e-03, 2.407500000000000000e+04
2.333045961893713723e-03, 2.565300000000000000e+04
2.337020486530670769e-03, 2.702400000000000000e+04
2.340995011167627815e-03, 2.866400000000000000e+04
2.344969535804584861e-03, 3.047200000000000000e+04
2.348944060441541474e-03, 3.216300000000000000e+04
2.352918585078498520e-03, 3.374200000000000000e+04
2.356893109715455566e-03, 3.526100000000000000e+04
2.360867634352412179e-03, 3.686700000000000000e+04
2.364842158989369225e-03, 3.844500000000000000e+04
2.368816683626326271e-03, 4.012600000000000000e+04
2.372791208263283318e-03, 4.196700000000000000e+04
2.376765732900239930e-03, 4.350000000000000000e+04
2.380740257537196976e-03, 4.488000000000000000e+04
2.384714782174154023e-03, 4.617600000000000000e+04
2.388689306811110635e-03, 4.743100000000000000e+04
2.392663831448067682e-03, 4.837900000000000000e+04
2.396638356085024728e-03, 4.970000000000000000e+04
2.400612880721981774e-03, 5.095700000000000000e+04
2.404587405358938387e-03, 5.195200000000000000e+04
2.408561929995895433e-03, 5.290000000000000000e+04
2.412536454632852479e-03, 5.361200000000000000e+04
2.416510979269809092e-03, 5.410300000000000000e+04
2.420485503906766138e-03, 5.468400000000000000e+04
2.424460028543723184e-03, 5.486400000000000000e+04
2.428434553180680230e-03, 5.530500000000000000e+04
2.432409077817636843e-03, 5.536200000000000000e+04
2.436383602454593889e-03, 5.537100000000000000e+04
2.440358127091550935e-03, 5.527000000000000000e+04
2.444332651728507548e-03, 5.513700000000000000e+04
2.448307176365464594e-03, 5.485500000000000000e+04
2.452281701002421641e-03, 5.454900000000000000e+04
2.456256225639378687e-03, 5.404800000000000000e+04
2.460230750276335299e-03, 5.337000000000000000e+04
2.464205274913292346e-03, 5.253000000000000000e+04
2.468179799550249392e-03, 5.158500000000000000e+04
2.472154324187206004e-03, 5.057400000000000000e+04
2.476128848824163051e-03, 4.941300000000000000e+04
2.480103373461120097e-03, 4.836900000000000000e+04
2.484077898098077143e-03, 4.711300000000000000e+04
2.488052422735033756e-03, 4.583000000000000000e+04
2.492026947371990802e-03, 4.422400000000000000e+04
2.496001472008947848e-03, 4.264800000000000000e+04
2.499975996645904461e-03, 4.141700000000000000e+04
2.503950521282861507e-03, 3.984700000000000000e+04
2.507925045919818553e-03, 3.827800000000000000e+04
2.511899570556775600e-03, 3.641500000000000000e+04
2.515874095193732212e-03, 3.450500000000000000e+04
2.519848619830689258e-03, 3.302600000000000000e+04
2.523823144467646305e-03, 3.133900000000000000e+04
2.527797669104602917e-03, 2.977000000000000000e+04
2.531772193741559963e-03, 2.815900000000000000e+04
2.535746718378517010e-03, 2.660200000000000000e+04
2.539721243015474056e-03, 2.496500000000000000e+04
2.543695767652430668e-03, 2.333400000000000000e+04
2.547670292289387715e-03, 2.179000000000000000e+04
2.551644816926344761e-03, 2.039900000000000000e+04
2.555619341563301374e-03, 1.916900000000000000e+04
2.559593866200258420e-03, 1.785800000000000000e+04
2.563568390837215466e-03, 1.680300000000000000e+04
2.567542915474172512e-03, 1.552200000000000000e+04
2.571517440111129125e-03, 1.460100000000000000e+04
2.575491964748086171e-03, 1.351100000000000000e+04
2.579466489385043217e-03, 1.276000000000000000e+04
2.583441014021999830e-03, 1.191000000000000000e+04
2.587415538658956876e-03, 1.138300000000000000e+04
2.591390063295913922e-03, 1.073600000000000000e+04
2.595364587932870969e-03, 1.039000000000000000e+04
2.599339112569827581e-03, 9.903000000000000000e+03
2.603313637206784627e-03, 9.866000000000000000e+03
2.607288161843741674e-03, 1.016500000000000000e+04
2.611262686480698286e-03, 1.028300000000000000e+04
2.615237211117655333e-03, 1.043300000000000000e+04
2.619211735754612379e-03, 1.081800000000000000e+04
2.623186260391569425e-03, 1.132600000000000000e+04
2.627160785028526038e-03, 1.188300000000000000e+04
2.631135309665483084e-03, 1.244200000000000000e+04
2.635109834302440130e-03, 1.320000000000000000e+04
2.639084358939397176e-03, 1.401500000000000000e+04
2.643058883576353789e-03, 1.528600000000000000e+04
2.647033408213310835e-03, 1.651100000000000000e+04
2.651007932850267881e-03, 1.775900000000000000e+04
2.654982457487224494e-03, 1.915500000000000000e+04
2.658956982124181540e-03, 2.049600000000000000e+04
2.662931506761138586e-03, 2.191900000000000000e+04
2.666906031398095633e-03, 2.332000000000000000e+04
2.670880556035052245e-03, 2.458300000000000000e+04
2.674855080672009291e-03, 2.618600000000000000e+04
2.678829605308966338e-03, 2.757500000000000000e+04
2.682804129945922950e-03, 2.928000000000000000e+04
2.686778654582879997e-03, 3.102200000000000000e+04
2.690753179219837043e-03, 3.264000000000000000e+04
2.694727703856794089e-03, 3.423100000000000000e+04
2.698702228493750702e-03, 3.575300000000000000e+04
2.702676753130707748e-03, 3.733800000000000000e+04
2.706651277767664794e-03, 3.888300000000000000e+04
2.710625802404621407e-03, 4.055400000000000000e+04
2.714600327041578453e-03, 4.242200000000000000e+04
2.718574851678535499e-03, 4.394500000000000000e+04
2.722549376315492545e-03, 4.526000000000000000e+04
2.726523900952449158e-03, 4.643200000000000000e+04
2.730498425589406204e-03, 4.770800000000000000e+04
2.734472950226363250e-03, 4.861000000000000000e+04
2.738447474863319863e-03, 4.998500000000000000e+04
2.742421999500276909e-03, 5.110500000000000000e+04
2.746396524137233956e-03, 5.216500000000000000e+04
2.750371048774191002e-03, 5.298600000000000000e+04
2.754345573411147614e-03, 5.377300000000000000e+04
2.758320098048104661e-03, 5.416500000000000000e+04
2.762294622685061707e-03, 5.477200000000000000e+04
2.766269147322018319e-03, 5.492100000000000000e+04
2.770243671958975366e-03, 5.525600000000000000e+04
2.774218196595932412e-03, 5.542600000000000000e+04
2.778192721232889458e-03, 5.540700000000000000e+04
2.782167245869846071e-03, 5.527500000000000000e+04
2.786141770506803117e-03, 5.510800000000000000e+04
2.790116295143760163e-03, 5.491000000000000000e+04
2.794090819780716776e-03, 5.453700000000000000e+04
2.798065344417673822e-03, 5.385000000000000000e+04
2.802039869054630868e-03, 5.317100000000000000e+04
2.806014393691587915e-03, 5.234300000000000000e+04
2.809988918328544527e-03, 5.127800000000000000e+04
2.813963442965501573e-03, 5.033800000000000000e+04
2.817937967602458620e-03, 4.908800000000000000e+04
2.821912492239415232e-03, 4.813000000000000000e+04
2.825887016876372278e-03, 4.683700000000000000e+04
2.829861541513329325e-03, 4.550200000000000000e+04
2.833836066150286371e-03, 4.392200000000000000e+04
2.837810590787242983e-03, 4.228100000000000000e+04
2.841785115424200030e-03, 4.100800000000000000e+04
2.845759640061157076e-03, 3.943300000000000000e+04
2.849734164698113689e-03, 3.779900000000000000e+04
2.853708689335070735e-03, 3.594900000000000000e+04
2.857683213972027781e-03, 3.418800000000000000e+04
2.861657738608984827e-03, 3.272400000000000000e+04
2.865632263245941440e-03, 3.103000000000000000e+04
2.869606787882898486e-03, 2.945300000000000000e+04
2.873581312519855532e-03, 2.785000000000000000e+04
2.877555837156812145e-03, 2.631000000000000000e+04
2.881530361793769191e-03, 2.471300000000000000e+04
2.885504886430726237e-03, 2.313900000000000000e+04
2.889479411067683284e-03, 2.147500000000000000e+04
2.893453935704639896e-03, 2.015300000000000000e+04
2.897428460341596942e-03, 1.899400000000000000e+04
2.901402984978553989e-03, 1.758800000000000000e+04
2.905377509615510601e-03, 1.657400000000000000e+04
2.909352034252467648e-03, 1.524200000000000000e+04
2.913326558889424694e-03, 1.439000000000000000e+04
2.917301083526381740e-03, 1.326500000000000000e+04
2.921275608163338353e-03, 1.263500000000000000e+04
2.925250132800295399e-03, 1.173100000000000000e+04
2.929224657437252445e-03, 1.131200000000000000e+04
2.933199182074209491e-03, 1.060000000000000000e+04
2.937173706711166104e-03, 1.035300000000000000e+04
2.941148231348123150e-03, 9.887000000000000000e+03
2.945122755985080196e-03, 9.926000000000000000e+03
2.949097280622036809e-03, 1.017300000000000000e+04
2.953071805258993855e-03, 1.034900000000000000e+04
2.957046329895950901e-03, 1.055200000000000000e+04
2.961020854532907948e-03, 1.096600000000000000e+04
2.964995379169864560e-03, 1.153300000000000000e+04
2.968969903806821607e-03, 1.221900000000000000e+04
2.972944428443778653e-03, 1.284100000000000000e+04
2.976918953080735265e-03, 1.360400000000000000e+04
2.980893477717692312e-03, 1.443700000000000000e+04
2.984868002354649358e-03, 1.560500000000000000e+04
2.988842526991606404e-03, 1.681700000000000000e+04
2.992817051628563017e-03, 1.793300000000000000e+04
2.996791576265520063e-03, 1.928500000000000000e+04
3.000766100902477109e-03, 2.063600000000000000e+04
3.004740625539433722e-03, 2.205600000000000000e+04
3.008715150176390768e-03, 2.349500000000000000e+04
3.012689674813347814e-03, 2.474900000000000000e+04
3.016664199450304860e-03, 2.629700000000000000e+04
3.020638724087261473e-03, 2.782200000000000000e+04
3.024613248724218519e-03, 2.956800000000000000e+04
3.028587773361175566e-03, 3.120500000000000000e+04
3.032562297998132178e-03, 3.274200000000000000e+04
3.036536822635089224e-03, 3.427600000000000000e+04
3.040511347272046271e-03, 3.578300000000000000e+04
3.044485871909003317e-03, 3.735900000000000000e+04
3.048460396545959929e-03, 3.891600000000000000e+04
3.052434921182916976e-03, 4.052400000000000000e+04
3.056409445819874022e-03, 4.233100000000000000e+04
3.060383970456830634e-03, 4.395900000000000000e+04
3.064358495093787681e-03, 4.525000000000000000e+04
3.068333019730744727e-03, 4.638300000000000000e+04
3.072307544367701773e-03, 4.761300000000000000e+04
3.076282069004658386e-03, 4.864600000000000000e+04
3.080256593641615432e-03, 5.010800000000000000e+04
3.084231118278572478e-03, 5.113400000000000000e+04
3.088205642915529091e-03, 5.227800000000000000e+04
3.092180167552486137e-03, 5.300400000000000000e+04
3.096154692189443183e-03, 5.387300000000000000e+04
3.100129216826400230e-03, 5.422800000000000000e+04
3.104103741463356842e-03, 5.478700000000000000e+04
3.108078266100313888e-03, 5.500100000000000000e+04
3.112052790737270935e-03, 5.527300000000000000e+04
3.116027315374227547e-03, 5.551200000000000000e+04
3.120001840011184593e-03, 5.540400000000000000e+04
3.123976364648141640e-03, 5.520300000000000000e+04
3.127950889285098686e-03, 5.497700000000000000e+04
3.131925413922055298e-03, 5.477500000000000000e+04
3.135899938559012345e-03, 5.437500000000000000e+04
3.139874463195969391e-03, 5.365000000000000000e+04
3.143848987832926004e-03, 5.298600000000000000e+04
3.147823512469883050e-03, 5.219600000000000000e+04
3.151798037106840096e-03, 5.101500000000000000e+04
3.155772561743797142e-03, 5.014500000000000000e+04
3.159747086380753755e-03, 4.881900000000000000e+04
3.163721611017710801e-03, 4.793200000000000000e+04
3.167696135654667847e-03, 4.673700000000000000e+04
3.171670660291624460e-03, 4.533200000000000000e+04
3.175645184928581506e-03, 4.385100000000000000e+04
3.179619709565538552e-03, 4.230500000000000000e+04
3.183594234202495599e-03, 4.100700000000000000e+04
3.187568758839452211e-03, 3.950800000000000000e+04
3.191543283476409257e-03, 3.776300000000000000e+04
3.195517808113366304e-03, 3.592200000000000000e+04
3.199492332750322916e-03, 3.417500000000000000e+04
3.203466857387279963e-03, 3.262000000000000000e+04
3.207441382024237009e-03, 3.096700000000000000e+04
3.211415906661194055e-03, 2.934700000000000000e+04
3.215390431298150668e-03, 2.772200000000000000e+04
3.219364955935107714e-03, 2.608200000000000000e+04
3.223339480572064760e-03, 2.450600000000000000e+04
3.227314005209021373e-03, 2.307400000000000000e+04
3.231288529845978419e-03, 2.149700000000000000e+04
3.235263054482935465e-03, 2.023100000000000000e+04
3.239237579119892511e-03, 1.913800000000000000e+04
3.243212103756849124e-03, 1.772200000000000000e+04
3.247186628393806170e-03, 1.674100000000000000e+04
3.251161153030763216e-03, 1.537400000000000000e+04
3.255135677667720263e-03, 1.453900000000000000e+04
3.259110202304676875e-03, 1.337000000000000000e+04
3.263084726941633922e-03, 1.275300000000000000e+04
3.267059251578590968e-03, 1.180500000000000000e+04
3.271033776215547580e-03, 1.140000000000000000e+04
3.275008300852504627e-03, 1.064700000000000000e+04
3.278982825489461673e-03, 1.041600000000000000e+04
3.282957350126418719e-03, 1.004100000000000000e+04
3.286931874763375332e-03, 1.013100000000000000e+04
3.290906399400332378e-03, 1.022400000000000000e+04
3.294880924037289424e-03, 1.039700000000000000e+04
3.298855448674246037e-03, 1.060800000000000000e+04
3.302829973311203083e-03, 1.102400000000000000e+04
3.306804497948160129e-03, 1.154300000000000000e+04
3.310779022585117175e-03, 1.209900000000000000e+04
3.314753547222073788e-03, 1.265000000000000000e+04
3.318728071859030834e-03, 1.337600000000000000e+04
3.322702596495987881e-03, 1.432000000000000000e+04
3.326677121132944493e-03, 1.544800000000000000e+04
3.330651645769901539e-03, 1.674900000000000000e+04
3.334626170406858586e-03, 1.795400000000000000e+04
3.338600695043815632e-03, 1.922000000000000000e+04
3.342575219680772244e-03, 2.062400000000000000e+04
3.346549744317729291e-03, 2.207300000000000000e+04
3.350524268954686337e-03, 2.367500000000000000e+04
3.354498793591642949e-03, 2.495000000000000000e+04
3.358473318228599996e-03, 2.638300000000000000e+04
3.362447842865557042e-03, 2.791200000000000000e+04
3.366422367502514088e-03, 2.956100000000000000e+04
3.370396892139470701e-03, 3.124400000000000000e+04
3.374371416776427747e-03, 3.294900000000000000e+04
3.378345941413384793e-03, 3.445600000000000000e+04
3.382320466050341406e-03, 3.603500000000000000e+04
3.386294990687298452e-03, 3.764000000000000000e+04
3.390269515324255498e-03, 3.933700000000000000e+04
3.394244039961212545e-03, 4.091300000000000000e+04
3.398218564598169157e-03, 4.264500000000000000e+04
3.402193089235126203e-03, 4.423700000000000000e+04
3.406167613872083250e-03, 4.559900000000000000e+04
3.410142138509039862e-03, 4.666200000000000000e+04
3.414116663145996908e-03, 4.779800000000000000e+04
3.418091187782953955e-03, 4.893100000000000000e+04
3.422065712419911001e-03, 5.043900000000000000e+04
3.426040237056867614e-03, 5.139000000000000000e+04
3.430014761693824660e-03, 5.256400000000000000e+04
3.433989286330781706e-03, 5.320700000000000000e+04
3.437963810967738319e-03, 5.401100000000000000e+04
3.441938335604695365e-03, 5.435200000000000000e+04
3.445912860241652411e-03, 5.478500000000000000e+04
3.449887384878609457e-03, 5.509300000000000000e+04
3.453861909515566070e-03, 5.526700000000000000e+04
3.457836434152523116e-03, 5.550300000000000000e+04
3.461810958789480162e-03, 5.542700000000000000e+04
3.465785483426436775e-03, 5.517400000000000000e+04
3.469760008063393821e-03, 5.490100000000000000e+04
3.473734532700350867e-03, 5.465300000000000000e+04
3.477709057337307914e-03, 5.422900000000000000e+04
3.481683581974264526e-03, 5.351600000000000000e+04
3.485658106611221572e-03, 5.286600000000000000e+04
3.489632631248178619e-03, 5.206300000000000000e+04
3.493607155885135231e-03, 5.090800000000000000e+04
3.497581680522092278e-03, 5.006300000000000000e+04
3.501556205159049324e-03, 4.875300000000000000e+04
3.505530729796006370e-03, 4.769900000000000000e+04
3.509505254432962983e-03, 4.654100000000000000e+04
3.513479779069920029e-03, 4.494600000000000000e+04
3.517454303706877075e-03, 4.358900000000000000e+04
3.521428828343833688e-03, 4.205900000000000000e+04
3.525403352980790734e-03, 4.063700000000000000e+04
3.529377877617747780e-03, 3.914300000000000000e+04
3.533352402254704826e-03, 3.735400000000000000e+04
3.537326926891661439e-03, 3.559100000000000000e+04
3.541301451528618485e-03, 3.384200000000000000e+04
3.545275976165575531e-03, 3.223900000000000000e+04
3.549250500802532578e-03, 3.070600000000000000e+04
3.553225025439489190e-03, 2.907900000000000000e+04
3.557199550076446237e-03, 2.741100000000000000e+04
3.561174074713403283e-03, 2.565800000000000000e+04
3.565148599350359895e-03, 2.408900000000000000e+04
3.569123123987316942e-03, 2.260000000000000000e+04
3.573097648624273988e-03, 2.098400000000000000e+04
3.577072173261231034e-03, 1.958100000000000000e+04
3.581046697898187647e-03, 1.852600000000000000e+04
3.585021222535144693e-03, 1.721400000000000000e+04
3.588995747172101739e-03, 1.616600000000000000e+04
3.592970271809058352e-03, 1.494500000000000000e+04
3.596944796446015398e-03, 1.406500000000000000e+04
3.600919321082972444e-03, 1.305000000000000000e+04
3.604893845719929490e-03, 1.238800000000000000e+04
3.608868370356886103e-03, 1.158700000000000000e+04
3.612842894993843149e-03, 1.112800000000000000e+04
3.616817419630800196e-03, 1.051200000000000000e+04
3.620791944267756808e-03, 1.021800000000000000e+04
3.624766468904713854e-03, 9.913000000000000000e+03
3.628740993541670901e-03, 1.005200000000000000e+04
3.632715518178627947e-03, 1.007200000000000000e+04
3.636690042815584559e-03, 1.033300000000000000e+04
3.640664567452541606e-03, 1.061800000000000000e+04
3.644639092089498652e-03, 1.107700000000000000e+04
3.648613616726455264e-03, 1.161800000000000000e+04
3.652588141363412311e-03, 1.218300000000000000e+04
3.656562666000369357e-03, 1.273400000000000000e+04
3.660537190637326403e-03, 1.357600000000000000e+04
3.664511715274283016e-03, 1.451000000000000000e+04
3.668486239911240062e-03, 1.569300000000000000e+04
3.672460764548197108e-03, 1.692500000000000000e+04
3.676435289185153721e-03, 1.819500000000000000e+04
3.680409813822110767e-03, 1.946000000000000000e+04
3.684384338459067813e-03, 2.088200000000000000e+04
3.688358863096024860e-03, 2.242700000000000000e+04
3.692333387732981472e-03, 2.410300000000000000e+04
3.696307912369938518e-03, 2.546300000000000000e+04
3.700282437006895565e-03, 2.692900000000000000e+04
3.704256961643852177e-03, 2.854100000000000000e+04
3.708231486280809223e-03, 3.020400000000000000e+04
3.712206010917766270e-03, 3.194300000000000000e+04
3.716180535554723316e-03, 3.357400000000000000e+04
3.720155060191679929e-03, 3.499800000000000000e+04
3.724129584828636975e-03, 3.655900000000000000e+04
3.728104109465594021e-03, 3.812600000000000000e+04
3.732078634102550634e-03, 3.985000000000000000e+04
3.736053158739507680e-03, 4.145000000000000000e+04
3.740027683376464726e-03, 4.308000000000000000e+04
3.744002208013421772e-03, 4.456900000000000000e+04
3.747976732650378385e-03, 4.592700000000000000e+04
3.751951257287335431e-03, 4.700300000000000000e+04
3.755925781924292477e-03, 4.809000000000000000e+04
3.759900306561249090e-03, 4.928000000000000000e+04
3.763874831198206136e-03, 5.075800000000000000e+04
3.767849355835163182e-03, 5.163200000000000000e+04
3.771823880472120229e-03, 5.279200000000000000e+04
3.775798405109076841e-03, 5.337200000000000000e+04
3.779772929746033888e-03, 5.404500000000000000e+04
3.783747454382990934e-03, 5.447900000000000000e+04
3.787721979019947546e-03, 5.480800000000000000e+04
3.791696503656904593e-03, 5.520600000000000000e+04
3.795671028293861639e-03, 5.529200000000000000e+04
3.799645552930818685e-03, 5.543500000000000000e+04
3.803620077567775298e-03, 5.543300000000000000e+04
3.807594602204732344e-03, 5.518000000000000000e+04
3.811569126841689390e-03, 5.486500000000000000e+04
3.815543651478646003e-03, 5.457500000000000000e+04
3.819518176115603049e-03, 5.417900000000000000e+04
3.823492700752560095e-03, 5.349800000000000000e+04
3.827467225389517141e-03, 5.285400000000000000e+04
3.831441750026473754e-03, 5.192600000000000000e+04
3.835416274663430800e-03, 5.078800000000000000e+04
3.839390799300387846e-03, 4.980500000000000000e+04
3.843365323937344459e-03, 4.857900000000000000e+04
3.847339848574301505e-03, 4.743400000000000000e+04
3.851314373211258552e-03, 4.623000000000000000e+04
3.855288897848215598e-03, 4.461600000000000000e+04
3.859263422485172210e-03, 4.325300000000000000e+04
3.863237947122129257e-03, 4.176700000000000000e+04
3.867212471759086303e-03, 4.034800000000000000e+04
3.871186996396043349e-03, 3.875800000000000000e+04
3.875161521032999962e-03, 3.704200000000000000e+04
3.879136045669957008e-03, 3.523000000000000000e+04
3.883110570306914054e-03, 3.354700000000000000e+04
3.887085094943870667e-03, 3.186900000000000000e+04
3.891059619580827713e-03, 3.031200000000000000e+04
3.895034144217784759e-03, 2.868200000000000000e+04
3.899008668854741805e-03, 2.708900000000000000e+04
3.902983193491698418e-03, 2.537200000000000000e+04
3.906957718128655464e-03, 2.373300000000000000e+04
3.910932242765612077e-03, 2.231500000000000000e+04
3.914906767402569557e-03, 2.079200000000000000e+04
3.918881292039526169e-03, 1.943000000000000000e+04
3.922855816676482782e-03, 1.830100000000000000e+04
3.926830341313440262e-03, 1.709100000000000000e+04
3.930804865950396874e-03, 1.594600000000000000e+04
3.934779390587353487e-03, 1.484400000000000000e+04
3.938753915224310967e-03, 1.387600000000000000e+04
3.942728439861267579e-03, 1.298300000000000000e+04
3.946702964498225059e-03, 1.223400000000000000e+04
3.950677489135181672e-03, 1.150100000000000000e+04
3.954652013772138285e-03, 1.097500000000000000e+04
3.958626538409095764e-03, 1.044000000000000000e+04
3.962601063046052377e-03, 1.008600000000000000e+04
3.966575587683008990e-03, 9.903000000000000000e+03
3.970550112319966470e-03, 1.011600000000000000e+04
3.974524636956923082e-03, 1.012000000000000000e+04
3.978499161593879695e-03, 1.033700000000000000e+04
3.982473686230837175e-03, 1.066400000000000000e+04
3.986448210867793787e-03, 1.114400000000000000e+04
3.990422735504750400e-03, 1.169300000000000000e+04
3.994397260141707880e-03, 1.225600000000000000e+04
3.998371784778664492e-03, 1.289400000000000000e+04
4.002346309415621972e-03, 1.378600000000000000e+04
4.006320834052578585e-03, 1.475400000000000000e+04
4.010295358689535197e-03, 1.598000000000000000e+04
4.014269883326492677e-03, 1.728600000000000000e+04
4.018244407963449290e-03, 1.864700000000000000e+04
4.022218932600405902e-03, 1.995700000000000000e+04
4.026193457237363382e-03, 2.138300000000000000e+04
4.030167981874319995e-03, 2.280700000000000000e+04
4.034142506511276607e-03, 2.432300000000000000e+04
4.038117031148234087e-03, 2.579500000000000000e+04
4.042091555785190700e-03, 2.718000000000000000e+04
4.046066080422148180e-03, 2.873900000000000000e+04
4.050040605059104792e-03, 3.047200000000000000e+04
4.054015129696061405e-03, 3.221100000000000000e+04
4.057989654333018885e-03, 3.374600000000000000e+04
4.061964178969975497e-03, 3.521500000000000000e+04
4.065938703606932110e-03, 3.679200000000000000e+04
4.069913228243889590e-03, 3.835600000000000000e+04
4.073887752880846203e-03, 4.001400000000000000e+04
4.077862277517802815e-03, 4.156800000000000000e+04
4.081836802154760295e-03, 4.307300000000000000e+04
4.085811326791716908e-03, 4.447400000000000000e+04
4.089785851428673520e-03, 4.576800000000000000e+04
4.093760376065631000e-03, 4.693200000000000000e+04
4.097734900702587613e-03, 4.793600000000000000e+04
4.101709425339545093e-03, 4.922400000000000000e+04
4.105683949976501705e-03, 5.059800000000000000e+04
4.109658474613458318e-03, 5.157000000000000000e+04
4.113632999250415798e-03, 5.263600000000000000e+04
4.117607523887372410e-03, 5.332100000000000000e+04
4.121582048524329023e-03, 5.390900000000000000e+04
4.125556573161286503e-03, 5.445800000000000000e+04
4.129531097798243115e-03, 5.471700000000000000e+04
4.133505622435199728e-03, 5.520300000000000000e+04
4.137480147072157208e-03, 5.524600000000000000e+04
4.141454671709113820e-03, 5.537100000000000000e+04
4.145429196346070433e-03, 5.536200000000000000e+04
4.149403720983027913e-03, 5.520400000000000000e+04
4.153378245619984525e-03, 5.487200000000000000e+04
4.157352770256942005e-03, 5.456200000000000000e+04
4.161327294893898618e-03, 5.410500000000000000e+04
4.165301819530855230e-03, 5.341000000000000000e+04
4.169276344167812710e-03, 5.262600000000000000e+04
4.173250868804769323e-03, 5.169500000000000000e+04
4.177225393441725936e-03, 5.063500000000000000e+04
4.181199918078683415e-03, 4.954300000000000000e+04
4.185174442715640028e-03, 4.843200000000000000e+04
4.189148967352596641e-03, 4.722100000000000000e+04
4.193123491989554120e-03, 4.597100000000000000e+04
4.197098016626510733e-03, 4.436400000000000000e+04
4.201072541263467346e-03, 4.286100000000000000e+04
4.205047065900424826e-03, 4.148400000000000000e+04
4.209021590537381438e-03, 3.993500000000000000e+04
4.212996115174338918e-03, 3.830900000000000000e+04
4.216970639811295531e-03, 3.657200000000000000e+04
4.220945164448252143e-03, 3.472700000000000000e+04
4.224919689085209623e-03, 3.320800000000000000e+04
4.228894213722166236e-03, 3.156100000000000000e+04
4.232868738359122848e-03, 3.001800000000000000e+04
4.236843262996080328e-03, 2.841100000000000000e+04
4.240817787633036941e-03, 2.684600000000000000e+04
4.244792312269993553e-03, 2.517900000000000000e+04
4.248766836906951033e-03, 2.350400000000000000e+04
4.252741361543907646e-03, 2.204300000000000000e+04
4.256715886180864258e-03, 2.059700000000000000e+04
4.260690410817821738e-03, 1.931300000000000000e+04
4.264664935454778351e-03, 1.806600000000000000e+04
4.268639460091735831e-03, 1.694700000000000000e+04
4.272613984728692443e-03, 1.571500000000000000e+04
4.276588509365649056e-03, 1.467300000000000000e+04
4.280563034002606536e-03, 1.364800000000000000e+04
4.284537558639563148e-03, 1.283400000000000000e+04
4.288512083276519761e-03, 1.203800000000000000e+04
4.292486607913477241e-03, 1.144200000000000000e+04
4.296461132550433853e-03, 1.084700000000000000e+04
4.300435657187390466e-03, 1.043100000000000000e+04
4.304410181824347946e-03, 9.995000000000000000e+03
4.308384706461304559e-03, 9.903000000000000000e+03
4.312359231098262038e-03, 1.016800000000000000e+04
4.316333755735218651e-03, 1.024100000000000000e+04
4.320308280372175264e-03, 1.036800000000000000e+04
4.324282805009132744e-03, 1.072900000000000000e+04
4.328257329646089356e-03, 1.122600000000000000e+04
4.332231854283045969e-03, 1.177900000000000000e+04
4.336206378920003449e-03, 1.230700000000000000e+04
4.340180903556960061e-03, 1.300400000000000000e+04
4.344155428193916674e-03, 1.384100000000000000e+04
4.348129952830874154e-03, 1.487900000000000000e+04
4.352104477467830766e-03, 1.600600000000000000e+04
4.356079002104787379e-03, 1.725400000000000000e+04
4.360053526741744859e-03, 1.861700000000000000e+04
4.364028051378701471e-03, 1.995300000000000000e+04
4.368002576015658951e-03, 2.139800000000000000e+04
4.371977100652615564e-03, 2.283800000000000000e+04
4.375951625289572176e-03, 2.419500000000000000e+04
4.379926149926529656e-03, 2.582400000000000000e+04
4.383900674563486269e-03, 2.720100000000000000e+04
4.387875199200442881e-03, 2.887400000000000000e+04
4.391849723837400361e-03, 3.068200000000000000e+04
4.395824248474356974e-03, 3.233500000000000000e+04
4.399798773111313586e-03, 3.391900000000000000e+04
4.403773297748271066e-03, 3.531200000000000000e+04
4.407747822385227679e-03, 3.680900000000000000e+04
4.411722347022184292e-03, 3.832400000000000000e+04
4.415696871659141771e-03, 3.997200000000000000e+04
4.419671396296098384e-03, 4.180200000000000000e+04
4.423645920933055864e-03, 4.333500000000000000e+04
4.427620445570012477e-03, 4.472500000000000000e+04
4.431594970206969089e-03, 4.597900000000000000e+04
4.435569494843926569e-03, 4.727300000000000000e+04
4.439544019480883182e-03, 4.821200000000000000e+04
4.443518544117839794e-03, 4.957700000000000000e+04
4.447493068754797274e-03, 5.081300000000000000e+04
4.451467593391753887e-03, 5.185600000000000000e+04
4.455442118028710499e-03, 5.278500000000000000e+04
4.459416642665667979e-03, 5.354400000000000000e+04
4.463391167302624592e-03, 5.402000000000000000e+04
4.467365691939581204e-03, 5.464200000000000000e+04
4.471340216576538684e-03, 5.485000000000000000e+04
4.475314741213495297e-03, 5.530900000000000000e+04
4.479289265850452777e-03, 5.537600000000000000e+04
4.483263790487409389e-03, 5.539100000000000000e+04
4.487238315124366002e-03, 5.529200000000000000e+04
4.491212839761323482e-03, 5.515900000000000000e+04
4.495187364398280094e-03, 5.487700000000000000e+04
4.499161889035236707e-03, 5.452600000000000000e+04
4.503136413672194187e-03, 5.395500000000000000e+04
4.507110938309150799e-03, 5.327100000000000000e+04
4.511085462946107412e-03, 5.242300000000000000e+04
4.515059987583064892e-03, 5.144800000000000000e+04
4.519034512220021504e-03, 5.046400000000000000e+04
4.523009036856978117e-03, 4.927600000000000000e+04
4.526983561493935597e-03, 4.827000000000000000e+04
4.530958086130892210e-03, 4.699900000000000000e+04
4.534932610767849689e-03, 4.565200000000000000e+04
4.538907135404806302e-03, 4.397200000000000000e+04
4.542881660041762915e-03, 4.236400000000000000e+04
4.546856184678720394e-03, 4.112800000000000000e+04
4.550830709315677007e-03, 3.956900000000000000e+04
4.554805233952633620e-03, 3.802000000000000000e+04
4.558779758589591100e-03, 3.623300000000000000e+04
4.562754283226547712e-03, 3.440300000000000000e+04
4.566728807863504325e-03, 3.297100000000000000e+04
4.570703332500461805e-03, 3.129500000000000000e+04
4.574677857137418417e-03, 2.972900000000000000e+04
4.578652381774375030e-03, 2.812100000000000000e+04
4.582626906411332510e-03, 2.656700000000000000e+04
4.586601431048289122e-03, 2.493800000000000000e+04
4.590575955685246602e-03, 2.332100000000000000e+04
4.594550480322203215e-03, 2.172900000000000000e+04
4.598525004959159827e-03, 2.035600000000000000e+04
4.602499529596117307e-03, 1.909500000000000000e+04
4.606474054233073920e-03, 1.776900000000000000e+04
4.610448578870030532e-03, 1.670900000000000000e+04
4.614423103506988012e-03, 1.543000000000000000e+04
4.618397628143944625e-03, 1.451500000000000000e+04
4.622372152780901237e-03, 1.343200000000000000e+04
4.626346677417858717e-03, 1.273500000000000000e+04
4.630321202054815330e-03, 1.187200000000000000e+04
4.634295726691772810e-03, 1.138500000000000000e+04
4.638270251328729422e-03, 1.071600000000000000e+04
4.642244775965686035e-03, 1.040400000000000000e+04
4.646219300602643515e-03, 9.905000000000000000e+03
4.650193825239600127e-03, 9.892000000000000000e+03
4.654168349876556740e-03, 1.018800000000000000e+04
4.658142874513514220e-03, 1.032300000000000000e+04
4.662117399150470833e-03, 1.049000000000000000e+04
4.666091923787427445e-03, 1.082400000000000000e+04
4.670066448424384925e-03, 1.130100000000000000e+04
4.674040973061341538e-03, 1.184000000000000000e+04
4.678015497698298150e-03, 1.239100000000000000e+04
4.681990022335255630e-03, 1.314600000000000000e+04
4.685964546972212243e-03, 1.396200000000000000e+04
4.689939071609169723e-03, 1.512800000000000000e+04
4.693913596246126335e-03, 1.631100000000000000e+04
4.697888120883082948e-03, 1.749000000000000000e+04
4.701862645520040428e-03, 1.889800000000000000e+04
4.705837170156997040e-03, 2.026500000000000000e+04
4.709811694793953653e-03, 2.171500000000000000e+04
4.713786219430911133e-03, 2.314200000000000000e+04
4.717760744067867745e-03, 2.443100000000000000e+04
4.721735268704824358e-03, 2.604300000000000000e+04
4.725709793341781838e-03, 2.750400000000000000e+04
4.729684317978738450e-03, 2.926200000000000000e+04
4.733658842615695063e-03, 3.088200000000000000e+04
4.737633367252652543e-03, 3.243400000000000000e+04
4.741607891889609155e-03, 3.399500000000000000e+04
4.745582416526566635e-03, 3.551100000000000000e+04
4.749556941163523248e-03, 3.710400000000000000e+04
4.753531465800479860e-03, 3.866600000000000000e+04
4.757505990437437340e-03, 4.030800000000000000e+04
4.761480515074393953e-03, 4.217500000000000000e+04
4.765455039711350566e-03, 4.374400000000000000e+04
4.769429564348308045e-03, 4.506500000000000000e+04
4.773404088985264658e-03, 4.624500000000000000e+04
4.777378613622221271e-03, 4.753700000000000000e+04
4.781353138259178751e-03, 4.849400000000000000e+04
4.785327662896135363e-03, 4.991700000000000000e+04
4.789302187533091976e-03, 5.102100000000000000e+04
4.793276712170049456e-03, 5.212500000000000000e+04
4.797251236807006068e-03, 5.292600000000000000e+04
4.801225761443963548e-03, 5.375200000000000000e+04
4.805200286080920161e-03, 5.416900000000000000e+04
4.809174810717876773e-03, 5.479100000000000000e+04
4.813149335354834253e-03, 5.494700000000000000e+04
4.817123859991790866e-03, 5.528600000000000000e+04
4.821098384628747478e-03, 5.545600000000000000e+04
4.825072909265704958e-03, 5.539300000000000000e+04
4.829047433902661571e-03, 5.522900000000000000e+04
4.833021958539618183e-03, 5.503800000000000000e+04
4.836996483176575663e-03, 5.485300000000000000e+04
4.840971007813532276e-03, 5.447200000000000000e+04
4.844945532450488888e-03, 5.375600000000000000e+04
4.848920057087446368e-03, 5.308400000000000000e+04
4.852894581724402981e-03, 5.227200000000000000e+04
4.856869106361360461e-03, 5.116800000000000000e+04
4.860843630998317073e-03, 5.025400000000000000e+04
4.864818155635273686e-03, 4.889900000000000000e+04
4.868792680272231166e-03, 4.786500000000000000e+04
4.872767204909187778e-03, 4.654000000000000000e+04
4.876741729546144391e-03, 4.520100000000000000e+04
4.880716254183101871e-03, 4.363300000000000000e+04
4.884690778820058484e-03, 4.208800000000000000e+04
4.888665303457015096e-03, 4.089200000000000000e+04
4.892639828093972576e-03, 3.939000000000000000e+04
4.896614352730929189e-03, 3.775000000000000000e+04
4.900588877367885801e-03, 3.590900000000000000e+04
4.904563402004843281e-03, 3.418300000000000000e+04
4.908537926641799894e-03, 3.269600000000000000e+04
4.912512451278757374e-03, 3.100600000000000000e+04
4.916486975915713986e-03, 2.941600000000000000e+04
4.920461500552670599e-03, 2.780700000000000000e+04
4.924436025189628079e-03, 2.624900000000000000e+04
4.928410549826584691e-03, 2.478500000000000000e+04
4.932385074463541304e-03, 2.331900000000000000e+04
4.936359599100498784e-03, 2.171100000000000000e+04
4.940334123737455396e-03, 2.041200000000000000e+04
4.944308648374412009e-03, 1.925300000000000000e+04
4.948283173011369489e-03, 1.783400000000000000e+04
4.952257697648326101e-03, 1.684200000000000000e+04
4.956232222285283581e-03, 1.546800000000000000e+04
4.960206746922240194e-03, 1.461900000000000000e+04
4.964181271559196806e-03, 1.344300000000000000e+04
4.968155796196154286e-03, 1.281500000000000000e+04
4.972130320833110899e-03, 1.186000000000000000e+04
4.976104845470067511e-03, 1.144500000000000000e+04
4.980079370107024991e-03, 1.068700000000000000e+04
4.984053894743981604e-03, 1.044900000000000000e+04
4.988028419380938216e-03, 1.000200000000000000e+04
4.992002944017895696e-03, 9.987000000000000000e+03
4.995977468654852309e-03, 1.020000000000000000e+04
4.999951993291808922e-03, 1.035300000000000000e+04
5.003926517928766401e-03, 1.054200000000000000e+04
5.007901042565723014e-03, 1.094800000000000000e+04
5.011875567202680494e-03, 1.146400000000000000e+04
5.015850091839637107e-03, 1.202200000000000000e+04
5.019824616476593719e-03, 1.257700000000000000e+04
5.023799141113551199e-03, 1.330600000000000000e+04
5.027773665750507812e-03, 1.417300000000000000e+04
5.031748190387464424e-03, 1.534500000000000000e+04
5.035722715024421904e-03, 1.661000000000000000e+04
5.039697239661378517e-03, 1.776600000000000000e+04
5.043671764298335129e-03, 1.911400000000000000e+04
5.047646288935292609e-03, 2.050400000000000000e+04
5.051620813572249222e-03, 2.195200000000000000e+04
5.055595338209205834e-03, 2.351400000000000000e+04
5.059569862846163314e-03, 2.485000000000000000e+04
5.063544387483119927e-03, 2.644400000000000000e+04
5.067518912120077407e-03, 2.798900000000000000e+04
5.071493436757034019e-03, 2.973900000000000000e+04
5.075467961393990632e-03, 3.140200000000000000e+04
5.079442486030948112e-03, 3.306500000000000000e+04
5.083417010667904724e-03, 3.463500000000000000e+04
5.087391535304861337e-03, 3.616900000000000000e+04
5.091366059941818817e-03, 3.774400000000000000e+04
5.095340584578775429e-03, 3.931100000000000000e+04
5.099315109215732042e-03, 4.088200000000000000e+04
5.103289633852689522e-03, 4.263700000000000000e+04
5.107264158489646134e-03, 4.424400000000000000e+04
5.111238683126602747e-03, 4.551800000000000000e+04
5.115213207763560227e-03, 4.660400000000000000e+04
5.119187732400516840e-03, 4.784000000000000000e+04
5.123162257037474319e-03, 4.886500000000000000e+04
5.127136781674430932e-03, 5.031100000000000000e+04
5.131111306311387545e-03, 5.131800000000000000e+04
5.135085830948345025e-03, 5.244100000000000000e+04
5.139060355585301637e-03, 5.314600000000000000e+04
5.143034880222258250e-03, 5.398000000000000000e+04
5.147009404859215730e-03, 5.429300000000000000e+04
5.150983929496172342e-03, 5.479600000000000000e+04
5.154958454133128955e-03, 5.503400000000000000e+04
5.158932978770086435e-03, 5.526600000000000000e+04
5.162907503407043047e-03, 5.551700000000000000e+04
5.166882028043999660e-03, 5.540200000000000000e+04
5.170856552680957140e-03, 5.518300000000000000e+04
5.174831077317913752e-03, 5.494100000000000000e+04
5.178805601954871232e-03, 5.472300000000000000e+04
5.182780126591827845e-03, 5.431500000000000000e+04
5.186754651228784457e-03, 5.364700000000000000e+04
5.190729175865741937e-03, 5.301700000000000000e+04
5.194703700502698550e-03, 5.224700000000000000e+04
5.198678225139655162e-03, 5.107400000000000000e+04
5.202652749776612642e-03, 5.020700000000000000e+04
5.206627274413569255e-03, 4.888000000000000000e+04
5.210601799050525867e-03, 4.787300000000000000e+04
5.214576323687483347e-03, 4.667000000000000000e+04
5.218550848324439960e-03, 4.516000000000000000e+04
5.222525372961396573e-03, 4.372500000000000000e+04
5.226499897598354052e-03, 4.218000000000000000e+04
5.230474422235310665e-03, 4.082200000000000000e+04
5.234448946872268145e-03, 3.934300000000000000e+04
5.238423471509224758e-03, 3.757100000000000000e+04
5.242397996146181370e-03, 3.577700000000000000e+04
5.246372520783138850e-03, 3.401700000000000000e+04
5.250347045420095463e-03, 3.244900000000000000e+04
5.254321570057052075e-03, 3.075600000000000000e+04
5.258296094694009555e-03, 2.912200000000000000e+04
5.262270619330966168e-03, 2.750000000000000000e+04
5.266245143967922780e-03, 2.587300000000000000e+04
5.270219668604880260e-03, 2.431500000000000000e+04
5.274194193241836873e-03, 2.280100000000000000e+04
5.278168717878794353e-03, 2.113300000000000000e+04
5.282143242515750965e-03, 1.979400000000000000e+04
5.286117767152707578e-03, 1.871100000000000000e+04
5.290092291789665058e-03, 1.732600000000000000e+04
5.294066816426621670e-03, 1.634600000000000000e+04
5.298041341063578283e-03, 1.503700000000000000e+04
5.302015865700535763e-03, 1.421700000000000000e+04
5.305990390337492375e-03, 1.311100000000000000e+04
5.309964914974448988e-03, 1.250800000000000000e+04
5.313939439611406468e-03, 1.161800000000000000e+04
5.317913964248363080e-03, 1.122000000000000000e+04
5.321888488885319693e-03, 1.047100000000000000e+04
5.325863013522277173e-03, 1.025100000000000000e+04
5.329837538159233785e-03, 9.891000000000000000e+03
5.333812062796191265e-03, 9.997000000000000000e+03
5.337786587433147878e-03, 1.010700000000000000e+04
5.341761112070104491e-03, 1.033900000000000000e+04
5.345735636707061970e-03, 1.059500000000000000e+04
5.349710161344018583e-03, 1.103800000000000000e+04
5.353684685980975196e-03, 1.157300000000000000e+04
5.357659210617932675e-03, 1.213700000000000000e+04
5.361633735254889288e-03, 1.269100000000000000e+04
5.365608259891845901e-03, 1.344200000000000000e+04
5.369582784528803381e-03, 1.439900000000000000e+04
5.373557309165759993e-03, 1.552900000000000000e+04
5.377531833802716606e-03, 1.682300000000000000e+04
5.381506358439674086e-03, 1.808100000000000000e+04
5.385480883076630698e-03, 1.944400000000000000e+04
5.389455407713588178e-03, 2.089500000000000000e+04
5.393429932350544791e-03, 2.235900000000000000e+04
5.397404456987501403e-03, 2.395500000000000000e+04
5.401378981624458883e-03, 2.521400000000000000e+04
5.405353506261415496e-03, 2.669800000000000000e+04
5.409328030898372108e-03, 2.831000000000000000e+04
5.413302555535329588e-03, 2.996200000000000000e+04
5.417277080172286201e-03, 3.166300000000000000e+04
5.421251604809242813e-03, 3.335000000000000000e+04
5.425226129446200293e-03, 3.479800000000000000e+04
5.429200654083156906e-03, 3.635400000000000000e+04
5.433175178720113518e-03, 3.792900000000000000e+04
5.437149703357070998e-03, 3.963500000000000000e+04
5.441124227994027611e-03, 4.118700000000000000e+04
5.445098752630985091e-03, 4.287000000000000000e+04
5.449073277267941703e-03, 4.447400000000000000e+04
5.453047801904898316e-03, 4.583100000000000000e+04
5.457022326541855796e-03, 4.687900000000000000e+04
5.460996851178812408e-03, 4.799600000000000000e+04
5.464971375815769021e-03, 4.910700000000000000e+04
5.468945900452726501e-03, 5.059300000000000000e+04
5.472920425089683114e-03, 5.148300000000000000e+04
5.476894949726639726e-03, 5.265600000000000000e+04
5.480869474363597206e-03, 5.325500000000000000e+04
5.484843999000553819e-03, 5.401000000000000000e+04
5.488818523637510431e-03, 5.438100000000000000e+04
5.492793048274467911e-03, 5.477800000000000000e+04
5.496767572911424524e-03, 5.511700000000000000e+04
5.500742097548382004e-03, 5.526100000000000000e+04
5.504716622185338616e-03, 5.546700000000000000e+04
5.508691146822295229e-03, 5.543300000000000000e+04
5.512665671459252709e-03, 5.500400000000000000e+04
5.516640196096209321e-03, 5.463300000000000000e+04
5.520614720733165934e-03, 5.433900000000000000e+04
5.524589245370123414e-03, 5.390300000000000000e+04
5.528563770007080026e-03, 5.319800000000000000e+04
5.532538294644036639e-03, 5.257000000000000000e+04
5.536512819280994119e-03, 5.174700000000000000e+04
5.540487343917950731e-03, 5.058400000000000000e+04
5.544461868554908211e-03, 4.971400000000000000e+04
5.548436393191864824e-03, 4.844200000000000000e+04
5.552410917828821436e-03, 4.738100000000000000e+04
5.556385442465778916e-03, 4.624400000000000000e+04
5.560359967102735529e-03, 4.465600000000000000e+04
5.564334491739692141e-03, 4.333700000000000000e+04
5.568309016376649621e-03, 4.183800000000000000e+04
5.572283541013606234e-03, 4.043000000000000000e+04
5.576258065650562847e-03, 3.887700000000000000e+04
5.580232590287520326e-03, 3.705600000000000000e+04
5.584207114924476939e-03, 3.528700000000000000e+04
5.588181639561433552e-03, 3.355000000000000000e+04
5.592156164198391032e-03, 3.196900000000000000e+04
5.596130688835347644e-03, 3.046200000000000000e+04
5.600105213472305124e-03, 2.886400000000000000e+04
5.604079738109261737e-03, 2.728000000000000000e+04
5.608054262746218349e-03, 2.556000000000000000e+04
5.612028787383175829e-03, 2.400500000000000000e+04
5.616003312020132442e-03, 2.255200000000000000e+04
5.619977836657089054e-03, 2.097200000000000000e+04
5.623952361294046534e-03, 1.956700000000000000e+04
5.627926885931003147e-03, 1.850000000000000000e+04
5.631901410567959759e-03, 1.721900000000000000e+04
5.635875935204917239e-03, 1.613400000000000000e+04
5.639850459841873852e-03, 1.489100000000000000e+04
5.643824984478830464e-03, 1.400100000000000000e+04
5.647799509115787944e-03, 1.298300000000000000e+04
5.651774033752744557e-03, 1.232200000000000000e+04
5.655748558389702037e-03, 1.152600000000000000e+04
5.659723083026658649e-03, 1.107200000000000000e+04
5.663697607663615262e-03, 1.046300000000000000e+04
5.667672132300572742e-03, 1.017400000000000000e+04
5.671646656937529354e-03, 9.928000000000000000e+03
5.675621181574485967e-03, 1.010100000000000000e+04
5.679595706211443447e-03, 1.010300000000000000e+04
5.683570230848400059e-03, 1.036700000000000000e+04
5.687544755485356672e-03, 1.066500000000000000e+04
5.691519280122314152e-03, 1.113000000000000000e+04
5.695493804759270765e-03, 1.167200000000000000e+04
5.699468329396227377e-03, 1.223300000000000000e+04
5.703442854033184857e-03, 1.277900000000000000e+04
5.707417378670141470e-03, 1.357000000000000000e+04
5.711391903307098949e-03, 1.447300000000000000e+04
5.715366427944055562e-03, 1.563900000000000000e+04
5.719340952581012175e-03, 1.686400000000000000e+04
5.723315477217969655e-03, 1.813300000000000000e+04
5.727290001854926267e-03, 1.940000000000000000e+04
5.731264526491882880e-03, 2.082600000000000000e+04
5.735239051128840360e-03, 2.227600000000000000e+04
5.739213575765796972e-03, 2.389500000000000000e+04
5.743188100402753585e-03, 2.529700000000000000e+04
5.747162625039711065e-03, 2.675100000000000000e+04
5.751137149676667677e-03, 2.835200000000000000e+04
5.755111674313624290e-03, 3.006600000000000000e+04
5.759086198950581770e-03, 3.184900000000000000e+04
5.763060723587538382e-03, 3.345600000000000000e+04
5.767035248224495862e-03, 3.492000000000000000e+04
5.771009772861452475e-03, 3.656300000000000000e+04
5.774984297498409087e-03, 3.817800000000000000e+04
5.778958822135366567e-03, 3.992900000000000000e+04
5.782933346772323180e-03, 4.154100000000000000e+04
5.786907871409279792e-03, 4.317400000000000000e+04
5.790882396046237272e-03, 4.466000000000000000e+04
5.794856920683193885e-03, 4.601200000000000000e+04
5.798831445320150497e-03, 4.708000000000000000e+04
5.802805969957107977e-03, 4.811000000000000000e+04
5.806780494594064590e-03, 4.931400000000000000e+04
5.810755019231021203e-03, 5.075100000000000000e+04
5.814729543867978682e-03, 5.163700000000000000e+04
5.818704068504935295e-03, 5.276700000000000000e+04
5.822678593141892775e-03, 5.336700000000000000e+04
5.826653117778849388e-03, 5.400600000000000000e+04
5.830627642415806000e-03, 5.447700000000000000e+04
5.834602167052763480e-03, 5.477900000000000000e+04
5.838576691689720093e-03, 5.521100000000000000e+04
5.842551216326676705e-03, 5.531800000000000000e+04
5.846525740963634185e-03, 5.547200000000000000e+04
5.850500265600590798e-03, 5.547500000000000000e+04
5.854474790237547410e-03, 5.522300000000000000e+04
5.858449314874504890e-03, 5.490600000000000000e+04
5.862423839511461503e-03, 5.461300000000000000e+04
5.866398364148418983e-03, 5.416300000000000000e+04
5.870372888785375595e-03, 5.345700000000000000e+04
5.874347413422332208e-03, 5.276900000000000000e+04
5.878321938059289688e-03, 5.181700000000000000e+04
5.882296462696246300e-03, 5.070400000000000000e+04
5.886270987333202913e-03, 4.968300000000000000e+04
5.890245511970160393e-03, 4.849700000000000000e+04
5.894220036607117005e-03, 4.733100000000000000e+04
5.898194561244073618e-03, 4.611400000000000000e+04
5.902169085881031098e-03, 4.441600000000000000e+04
5.906143610517987710e-03, 4.299100000000000000e+04
5.910118135154944323e-03, 4.148100000000000000e+04
5.914092659791901803e-03, 4.006300000000000000e+04
5.918067184428858415e-03, 3.848600000000000000e+04
5.922041709065815895e-03, 3.679200000000000000e+04
5.926016233702772508e-03, 3.500500000000000000e+04
5.929990758339729121e-03, 3.340900000000000000e+04
5.933965282976686600e-03, 3.179000000000000000e+04
5.937939807613643213e-03, 3.026600000000000000e+04
5.941914332250599826e-03, 2.865900000000000000e+04
5.945888856887557306e-03, 2.708100000000000000e+04
5.949863381524513918e-03, 2.538100000000000000e+04
5.953837906161470531e-03, 2.371000000000000000e+04
5.957812430798428011e-03, 2.228700000000000000e+04
5.961786955435384623e-03, 2.078500000000000000e+04
5.965761480072341236e-03, 1.938400000000000000e+04
5.969736004709298716e-03, 1.823300000000000000e+04
5.973710529346255328e-03, 1.701300000000000000e+04
5.977685053983212808e-03, 1.586600000000000000e+04
5.981659578620169421e-03, 1.476700000000000000e+04
5.985634103257126033e-03, 1.380500000000000000e+04
5.989608627894083513e-03, 1.291900000000000000e+04
5.993583152531040126e-03, 1.217700000000000000e+04
5.997557677167996738e-03, 1.150500000000000000e+04
6.001532201804954218e-03, 1.096300000000000000e+04
6.005506726441910831e-03, 1.047100000000000000e+04
6.009481251078867443e-03, 1.009000000000000000e+04
6.013455775715824923e-03, 9.936000000000000000e+03
6.017430300352781536e-03, 1.016400000000000000e+04
6.021404824989738148e-03, 1.019000000000000000e+04
6.025379349626695628e-03, 1.035600000000000000e+04
6.029353874263652241e-03, 1.069200000000000000e+04
6.033328398900609721e-03, 1.113500000000000000e+04
6.037302923537566333e-03, 1.166200000000000000e+04
6.041277448174522946e-03, 1.221300000000000000e+04
6.045251972811480426e-03, 1.284600000000000000e+04
6.049226497448437039e-03, 1.373700000000000000e+04
6.053201022085393651e-03, 1.470700000000000000e+04
6.057175546722351131e-03, 1.589000000000000000e+04
6.061150071359307744e-03, 1.710700000000000000e+04
6.065124595996264356e-03, 1.843800000000000000e+04
6.069099120633221836e-03, 1.974800000000000000e+04
6.073073645270178449e-03, 2.118600000000000000e+04
6.077048169907135061e-03, 2.262800000000000000e+04
6.081022694544092541e-03, 2.411200000000000000e+04
6.084997219181049154e-03, 2.566200000000000000e+04
6.088971743818006634e-03, 2.705700000000000000e+04
6.092946268454963246e-03, 2.861600000000000000e+04
6.096920793091919859e-03, 3.026300000000000000e+04
6.100895317728877339e-03, 3.196200000000000000e+04
6.104869842365833951e-03, 3.348300000000000000e+04
6.108844367002790564e-03, 3.495800000000000000e+04
6.112818891639748044e-03, 3.655100000000000000e+04
6.116793416276704656e-03, 3.813700000000000000e+04
6.120767940913661269e-03, 3.985000000000000000e+04
6.124742465550618749e-03, 4.161700000000000000e+04
6.128716990187575361e-03, 4.320500000000000000e+04
6.132691514824531974e-03, 4.464300000000000000e+04
6.136666039461489454e-03, 4.594500000000000000e+04
6.140640564098446066e-03, 4.716100000000000000e+04
6.144615088735403546e-03, 4.814100000000000000e+04
6.148589613372360159e-03, 4.944900000000000000e+04
6.152564138009316771e-03, 5.076700000000000000e+04
6.156538662646274251e-03, 5.175300000000000000e+04
6.160513187283230864e-03, 5.281800000000000000e+04
6.164487711920187477e-03, 5.349400000000000000e+04
6.168462236557144956e-03, 5.406800000000000000e+04
6.172436761194101569e-03, 5.460000000000000000e+04
6.176411285831058182e-03, 5.484200000000000000e+04
6.180385810468015662e-03, 5.531200000000000000e+04
6.184360335104972274e-03, 5.533900000000000000e+04
6.188334859741929754e-03, 5.539900000000000000e+04
6.192309384378886367e-03, 5.534100000000000000e+04
6.196283909015842979e-03, 5.519700000000000000e+04
6.200258433652800459e-03, 5.486000000000000000e+04
6.204232958289757072e-03, 5.453200000000000000e+04
6.208207482926713684e-03, 5.405100000000000000e+04
6.212182007563671164e-03, 5.335900000000000000e+04
6.216156532200627777e-03, 5.253800000000000000e+04
6.220131056837584389e-03, 5.160900000000000000e+04
6.224105581474541869e-03, 5.042000000000000000e+04
6.228080106111498482e-03, 4.926100000000000000e+04
6.232054630748455094e-03, 4.812300000000000000e+04
6.236029155385412574e-03, 4.691200000000000000e+04
6.240003680022369187e-03, 4.567600000000000000e+04
6.243978204659326667e-03, 4.409300000000000000e+04
6.247952729296283279e-03, 4.261800000000000000e+04
6.251927253933239892e-03, 4.133000000000000000e+04
6.255901778570197372e-03, 3.983700000000000000e+04
6.259876303207153984e-03, 3.829800000000000000e+04
6.263850827844110597e-03, 3.656600000000000000e+04
6.267825352481068077e-03, 3.471800000000000000e+04
6.271799877118024689e-03, 3.324500000000000000e+04
6.275774401754981302e-03, 3.158200000000000000e+04
6.279748926391938782e-03, 3.002200000000000000e+04
6.283723451028895395e-03, 2.840400000000000000e+04
6.287697975665852007e-03, 2.683200000000000000e+04
6.291672500302809487e-03, 2.511400000000000000e+04
6.295647024939766100e-03, 2.341200000000000000e+04
6.299621549576723580e-03, 2.193900000000000000e+04
6.303596074213680192e-03, 2.049100000000000000e+04
6.307570598850636805e-03, 1.921100000000000000e+04
6.311545123487594285e-03, 1.797200000000000000e+04
6.315519648124550897e-03, 1.686200000000000000e+04
6.319494172761507510e-03, 1.563900000000000000e+04
6.323468697398464990e-03, 1.465500000000000000e+04
6.327443222035421602e-03, 1.361700000000000000e+04
6.331417746672378215e-03, 1.284600000000000000e+04
6.335392271309335695e-03, 1.202600000000000000e+04
6.339366795946292307e-03, 1.146500000000000000e+04
6.343341320583248920e-03, 1.084100000000000000e+04
6.347315845220206400e-03, 1.045700000000000000e+04
6.351290369857163012e-03, 9.990000000000000000e+03
6.355264894494120492e-03, 9.921000000000000000e+03
6.359239419131077105e-03, 1.015600000000000000e+04
6.363213943768033717e-03, 1.021200000000000000e+04
6.367188468404991197e-03, 1.032900000000000000e+04
6.371162993041947810e-03, 1.068800000000000000e+04
6.375137517678904422e-03, 1.118400000000000000e+04
6.379112042315861902e-03, 1.173900000000000000e+04
6.383086566952818515e-03, 1.230200000000000000e+04
6.387061091589775128e-03, 1.306600000000000000e+04
6.391035616226732607e-03, 1.391400000000000000e+04
6.395010140863689220e-03, 1.500600000000000000e+04
6.398984665500645833e-03, 1.614000000000000000e+04
6.402959190137603313e-03, 1.738100000000000000e+04
6.406933714774559925e-03, 1.875800000000000000e+04
6.410908239411517405e-03, 2.010200000000000000e+04
6.414882764048474018e-03, 2.154500000000000000e+04
6.418857288685430630e-03, 2.297700000000000000e+04
6.422831813322388110e-03, 2.421600000000000000e+04
6.426806337959344723e-03, 2.577200000000000000e+04
6.430780862596301335e-03, 2.710800000000000000e+04
6.434755387233258815e-03, 2.876100000000000000e+04
6.438729911870215428e-03, 3.056200000000000000e+04
6.442704436507172040e-03, 3.221700000000000000e+04
6.446678961144129520e-03, 3.380800000000000000e+04
6.450653485781086133e-03, 3.533800000000000000e+04
6.454628010418042745e-03, 3.694700000000000000e+04
6.458602535055000225e-03, 3.852400000000000000e+04
6.462577059691956838e-03, 4.019400000000000000e+04
6.466551584328914318e-03, 4.206200000000000000e+04
6.470526108965870930e-03, 4.359100000000000000e+04
6.474500633602827543e-03, 4.495000000000000000e+04
6.478475158239785023e-03, 4.617000000000000000e+04
6.482449682876741635e-03, 4.746900000000000000e+04
6.486424207513698248e-03, 4.838600000000000000e+04
6.490398732150655728e-03, 4.976100000000000000e+04
6.494373256787612340e-03, 5.099400000000000000e+04
6.498347781424568953e-03, 5.202600000000000000e+04
6.502322306061526433e-03, 5.293900000000000000e+04
6.506296830698483045e-03, 5.368100000000000000e+04
6.510271355335440525e-03, 5.414000000000000000e+04
6.514245879972397138e-03, 5.474700000000000000e+04
6.518220404609353751e-03, 5.489900000000000000e+04
6.522194929246311230e-03, 5.530200000000000000e+04
6.526169453883267843e-03, 5.539700000000000000e+04
6.530143978520224456e-03, 5.537900000000000000e+04
6.534118503157181936e-03, 5.525600000000000000e+04
6.538093027794138548e-03, 5.510200000000000000e+04
6.542067552431095161e-03, 5.486900000000000000e+04
6.546042077068052641e-03, 5.450900000000000000e+04
6.550016601705009253e-03, 5.387200000000000000e+04
6.553991126341965866e-03, 5.305200000000000000e+04
6.557965650978923346e-03, 5.213300000000000000e+04
6.561940175615879958e-03, 5.113000000000000000e+04
6.565914700252837438e-03, 5.014400000000000000e+04
6.569889224889794051e-03, 4.897100000000000000e+04
6.573863749526750663e-03, 4.798900000000000000e+04
6.577838274163708143e-03, 4.674700000000000000e+04
6.581812798800664756e-03, 4.548400000000000000e+04
6.585787323437621368e-03, 4.391300000000000000e+04
6.589761848074578848e-03, 4.235900000000000000e+04
6.593736372711535461e-03, 4.117400000000000000e+04
6.597710897348492073e-03, 3.963100000000000000e+04
6.601685421985449553e-03, 3.806000000000000000e+04
6.605659946622406166e-03, 3.624100000000000000e+04
6.609634471259362778e-03, 3.443000000000000000e+04
6.613608995896320258e-03, 3.297900000000000000e+04
6.617583520533276871e-03, 3.138200000000000000e+04
6.621558045170234351e-03, 2.991300000000000000e+04
6.625532569807190963e-03, 2.835400000000000000e+04
6.629507094444147576e-03, 2.681800000000000000e+04
6.633481619081105056e-03, 2.518800000000000000e+04
6.637456143718061669e-03, 2.355800000000000000e+04
6.641430668355018281e-03, 2.194600000000000000e+04
6.645405192991975761e-03, 2.055100000000000000e+04
6.649379717628932374e-03, 1.931600000000000000e+04
6.653354242265888986e-03, 1.794500000000000000e+04
6.657328766902846466e-03, 1.689200000000000000e+04
6.661303291539803079e-03, 1.556500000000000000e+04
6.665277816176759691e-03, 1.465700000000000000e+04
6.669252340813717171e-03, 1.352800000000000000e+04
6.673226865450673784e-03, 1.284100000000000000e+04
6.677201390087631264e-03, 1.193500000000000000e+04
6.681175914724587876e-03, 1.146200000000000000e+04
6.685150439361544489e-03, 1.075400000000000000e+04
6.689124963998501969e-03, 1.041500000000000000e+04
6.693099488635458581e-03, 9.901000000000000000e+03
6.697074013272415194e-03, 9.878000000000000000e+03
6.701048537909372674e-03, 1.016900000000000000e+04
6.705023062546329286e-03, 1.030200000000000000e+04
6.708997587183285899e-03, 1.046800000000000000e+04
6.712972111820243379e-03, 1.086300000000000000e+04
6.716946636457199991e-03, 1.137500000000000000e+04
6.720921161094156604e-03, 1.193300000000000000e+04
6.724895685731114084e-03, 1.249100000000000000e+04
6.728870210368070696e-03, 1.324000000000000000e+04
6.732844735005028176e-03, 1.405700000000000000e+04
6.736819259641984789e-03, 1.523900000000000000e+04
6.740793784278941402e-03, 1.644800000000000000e+04
6.744768308915898881e-03, 1.760000000000000000e+04
6.748742833552855494e-03, 1.907600000000000000e+04
6.752717358189812107e-03, 2.052100000000000000e+04
6.756691882826769587e-03, 2.200400000000000000e+04
6.760666407463726199e-03, 2.343800000000000000e+04
6.764640932100682812e-03, 2.471600000000000000e+04
6.768615456737640292e-03, 2.630800000000000000e+04
6.772589981374596904e-03, 2.774400000000000000e+04
6.776564506011554384e-03, 2.947400000000000000e+04
6.780539030648510997e-03, 3.116800000000000000e+04
6.784513555285467609e-03, 3.279700000000000000e+04
6.788488079922425089e-03, 3.439400000000000000e+04
6.792462604559381702e-03, 3.591800000000000000e+04
6.796437129196338314e-03, 3.749800000000000000e+04
6.800411653833295794e-03, 3.903200000000000000e+04
6.804386178470252407e-03, 4.063600000000000000e+04
6.808360703107209019e-03, 4.244800000000000000e+04
6.812335227744166499e-03, 4.403100000000000000e+04
6.816309752381123112e-03, 4.514400000000000000e+04
6.820284277018079724e-03, 4.619400000000000000e+04
6.824258801655037204e-03, 4.741000000000000000e+04
6.828233326291993817e-03, 4.832800000000000000e+04
6.832207850928951297e-03, 4.973600000000000000e+04
6.836182375565907909e-03, 5.083900000000000000e+04
6.840156900202864522e-03, 5.195100000000000000e+04
6.844131424839822002e-03, 5.276600000000000000e+04
6.848105949476778614e-03, 5.360900000000000000e+04
6.852080474113735227e-03, 5.400000000000000000e+04
6.856054998750692707e-03, 5.461200000000000000e+04
6.860029523387649319e-03, 5.480700000000000000e+04
6.864004048024605932e-03, 5.513100000000000000e+04
6.867978572661563412e-03, 5.535500000000000000e+04
6.871953097298520025e-03, 5.528600000000000000e+04
6.875927621935476637e-03, 5.512000000000000000e+04
6.879902146572434117e-03, 5.487900000000000000e+04
6.883876671209390730e-03, 5.457000000000000000e+04
6.887851195846348210e-03, 5.412800000000000000e+04
6.891825720483304822e-03, 5.339300000000000000e+04
6.895800245120261435e-03, 5.272700000000000000e+04
6.899774769757218915e-03, 5.193600000000000000e+04
6.903749294394175527e-03, 5.086200000000000000e+04
6.907723819031132140e-03, 4.998100000000000000e+04
6.911698343668089620e-03, 4.874100000000000000e+04
6.915672868305046232e-03, 4.781700000000000000e+04
6.919647392942002845e-03, 4.657100000000000000e+04
6.923621917578960325e-03, 4.522200000000000000e+04
6.927596442215916937e-03, 4.370200000000000000e+04
6.931570966852873550e-03, 4.216600000000000000e+04
6.935545491489831030e-03, 4.093300000000000000e+04
6.939520016126787642e-03, 3.943800000000000000e+04
6.943494540763745122e-03, 3.774900000000000000e+04
6.947469065400701735e-03, 3.601000000000000000e+04
6.951443590037658347e-03, 3.436100000000000000e+04
6.955418114674615827e-03, 3.291300000000000000e+04
6.959392639311572440e-03, 3.123400000000000000e+04
6.963367163948529052e-03, 2.964100000000000000e+04
6.967341688585486532e-03, 2.801800000000000000e+04
6.971316213222443145e-03, 2.644100000000000000e+04
6.975290737859399758e-03, 2.483000000000000000e+04
6.979265262496357237e-03, 2.324700000000000000e+04
6.983239787133313850e-03, 2.153700000000000000e+04
6.987214311770270463e-03, 2.019900000000000000e+04
6.991188836407227943e-03, 1.904100000000000000e+04
6.995163361044184555e-03, 1.760400000000000000e+04
6.999137885681142035e-03, 1.662600000000000000e+04
7.003112410318098648e-03, 1.525700000000000000e+04
7.007086934955055260e-03, 1.443600000000000000e+04
7.011061459592012740e-03, 1.325400000000000000e+04
7.015035984228969353e-03, 1.263200000000000000e+04
7.019010508865925965e-03, 1.169100000000000000e+04
7.022985033502883445e-03, 1.129200000000000000e+04
7.026959558139840058e-03, 1.055100000000000000e+04
7.030934082776796670e-03, 1.033000000000000000e+04
7.034908607413754150e-03, 9.900000000000000000e+03
7.038883132050710763e-03, 9.961000000000000000e+03
7.042857656687667375e-03, 1.016100000000000000e+04
7.046832181324624855e-03, 1.035500000000000000e+04
7.050806705961581468e-03, 1.057500000000000000e+04
7.054781230598538948e-03, 1.099800000000000000e+04
7.058755755235495560e-03, 1.152300000000000000e+04
7.062730279872452173e-03, 1.208300000000000000e+04
7.066704804509409653e-03, 1.263700000000000000e+04
7.070679329146366265e-03, 1.335600000000000000e+04
7.074653853783322878e-03, 1.420800000000000000e+04
7.078628378420280358e-03, 1.532700000000000000e+04
7.082602903057236970e-03, 1.656100000000000000e+04
7.086577427694193583e-03, 1.770100000000000000e+04
7.090551952331151063e-03, 1.904200000000000000e+04
7.094526476968107676e-03, 2.043200000000000000e+04
7.098501001605065155e-03, 2.188300000000000000e+04
7.102475526242021768e-03, 2.339500000000000000e+04
7.106450050878978381e-03, 2.467200000000000000e+04
7.110424575515935861e-03, 2.622600000000000000e+04
7.114399100152892473e-03, 2.781300000000000000e+04
7.118373624789849086e-03, 2.955700000000000000e+04
7.122348149426806566e-03, 3.124900000000000000e+04
7.126322674063763178e-03, 3.295400000000000000e+04
7.130297198700719791e-03, 3.451400000000000000e+04
7.134271723337677271e-03, 3.608200000000000000e+04
7.138246247974633883e-03, 3.772600000000000000e+04
7.142220772611590496e-03, 3.934600000000000000e+04
7.146195297248547976e-03, 4.094800000000000000e+04
7.150169821885504588e-03, 4.271800000000000000e+04
7.154144346522462068e-03, 4.432900000000000000e+04
7.158118871159418681e-03, 4.560200000000000000e+04
7.162093395796375293e-03, 4.668400000000000000e+04
7.166067920433332773e-03, 4.785500000000000000e+04
7.170042445070289386e-03, 4.889700000000000000e+04
7.174016969707245998e-03, 5.035300000000000000e+04
7.177991494344203478e-03, 5.131800000000000000e+04
7.181966018981160091e-03, 5.246100000000000000e+04
7.185940543618116703e-03, 5.313400000000000000e+04
7.189915068255074183e-03, 5.396200000000000000e+04
7.193889592892030796e-03, 5.428300000000000000e+04
7.197864117528987409e-03, 5.475500000000000000e+04
7.201838642165944888e-03, 5.503200000000000000e+04
7.205813166802901501e-03, 5.528800000000000000e+04
7.209787691439858981e-03, 5.555300000000000000e+04
7.213762216076815594e-03, 5.544400000000000000e+04
7.217736740713772206e-03, 5.522600000000000000e+04
7.221711265350729686e-03, 5.498300000000000000e+04
7.225685789987686299e-03, 5.476300000000000000e+04
7.229660314624642911e-03, 5.435200000000000000e+04
7.233634839261600391e-03, 5.362700000000000000e+04
7.237609363898557004e-03, 5.296500000000000000e+04
7.241583888535513616e-03, 5.216700000000000000e+04
7.245558413172471096e-03, 5.096200000000000000e+04
7.249532937809427709e-03, 5.009600000000000000e+04
7.253507462446384321e-03, 4.876000000000000000e+04
7.257481987083341801e-03, 4.772600000000000000e+04
7.261456511720298414e-03, 4.655500000000000000e+04
7.265431036357255894e-03, 4.499600000000000000e+04
7.269405560994212506e-03, 4.368200000000000000e+04
7.273380085631169119e-03, 4.221000000000000000e+04
7.277354610268126599e-03, 4.089600000000000000e+04
7.281329134905083211e-03, 3.944000000000000000e+04
7.285303659542039824e-03, 3.767600000000000000e+04
7.289278184178997304e-03, 3.588300000000000000e+04
7.293252708815953916e-03, 3.411700000000000000e+04
7.297227233452910529e-03, 3.254200000000000000e+04
7.301201758089868009e-03, 3.094100000000000000e+04
7.305176282726824621e-03, 2.931200000000000000e+04
7.309150807363781234e-03, 2.768600000000000000e+04
7.313125332000738714e-03, 2.598700000000000000e+04
7.317099856637695326e-03, 2.442000000000000000e+04
7.321074381274652806e-03, 2.290100000000000000e+04
7.325048905911609419e-03, 2.123900000000000000e+04
7.329023430548566032e-03, 1.983800000000000000e+04
7.332997955185523511e-03, 1.875700000000000000e+04
7.336972479822480124e-03, 1.732800000000000000e+04
7.340947004459436737e-03, 1.632200000000000000e+04
7.344921529096394217e-03, 1.499900000000000000e+04
7.348896053733350829e-03, 1.417200000000000000e+04
7.352870578370307442e-03, 1.306300000000000000e+04
7.356845103007264922e-03, 1.246200000000000000e+04
7.360819627644221534e-03, 1.157400000000000000e+04
7.364794152281178147e-03, 1.118100000000000000e+04
7.368768676918135627e-03, 1.048200000000000000e+04
7.372743201555092239e-03, 1.025700000000000000e+04
7.376717726192049719e-03, 9.939000000000000000e+03
7.380692250829006332e-03, 1.006800000000000000e+04
7.384666775465962944e-03, 1.013400000000000000e+04
7.388641300102920424e-03, 1.038000000000000000e+04
7.392615824739877037e-03, 1.064700000000000000e+04
7.396590349376833649e-03, 1.109500000000000000e+04
7.400564874013791129e-03, 1.158100000000000000e+04
7.404539398650747742e-03, 1.211500000000000000e+04
7.408513923287704354e-03, 1.265200000000000000e+04
7.412488447924661834e-03, 1.339400000000000000e+04
7.416462972561618447e-03, 1.434900000000000000e+04
7.420437497198575927e-03, 1.548000000000000000e+04
7.424412021835532539e-03, 1.677600000000000000e+04
7.428386546472489152e-03, 1.800800000000000000e+04
7.432361071109446632e-03, 1.926100000000000000e+04
7.436335595746403244e-03, 2.067500000000000000e+04
7.440310120383359857e-03, 2.212600000000000000e+04
7.444284645020317337e-03, 2.375200000000000000e+04
7.448259169657273950e-03, 2.505600000000000000e+04
7.452233694294230562e-03, 2.654600000000000000e+04
7.456208218931188042e-03, 2.818900000000000000e+04
7.460182743568144655e-03, 2.986400000000000000e+04
7.464157268205101267e-03, 3.161100000000000000e+04
7.468131792842058747e-03, 3.337800000000000000e+04
7.472106317479015360e-03, 3.487200000000000000e+04
7.476080842115972840e-03, 3.645300000000000000e+04
7.480055366752929452e-03, 3.803800000000000000e+04
7.484029891389886065e-03, 3.974500000000000000e+04
7.488004416026843545e-03, 4.129200000000000000e+04
7.491978940663800157e-03, 4.296700000000000000e+04
7.495953465300756770e-03, 4.450200000000000000e+04
7.499927989937714250e-03, 4.585700000000000000e+04
7.503902514574670862e-03, 4.688900000000000000e+04
7.507877039211627475e-03, 4.797500000000000000e+04
7.511851563848584955e-03, 4.912000000000000000e+04
7.515826088485541567e-03, 5.061000000000000000e+04
7.519800613122498180e-03, 5.148700000000000000e+04
7.523775137759455660e-03, 5.266700000000000000e+04
7.527749662396412272e-03, 5.325500000000000000e+04
7.531724187033369752e-03, 5.403400000000000000e+04
7.535698711670326365e-03, 5.441900000000000000e+04
7.539673236307282977e-03, 5.482200000000000000e+04
7.543647760944240457e-03, 5.516300000000000000e+04
7.547622285581197070e-03, 5.530600000000000000e+04
7.551596810218153683e-03, 5.550800000000000000e+04
7.555571334855111162e-03, 5.547100000000000000e+04
7.559545859492067775e-03, 5.519800000000000000e+04
7.563520384129024388e-03, 5.490800000000000000e+04
7.567494908765981868e-03, 5.464300000000000000e+04
7.571469433402938480e-03, 5.420800000000000000e+04
7.575443958039895093e-03, 5.349600000000000000e+04
7.579418482676852573e-03, 5.284900000000000000e+04
7.583393007313809185e-03, 5.194600000000000000e+04
7.587367531950766665e-03, 5.078000000000000000e+04
7.591342056587723278e-03, 4.983800000000000000e+04
7.595316581224679890e-03, 4.862300000000000000e+04
7.599291105861637370e-03, 4.758700000000000000e+04
7.603265630498593983e-03, 4.645600000000000000e+04
7.607240155135550595e-03, 4.486100000000000000e+04
7.611214679772508075e-03, 4.352700000000000000e+04
7.615189204409464688e-03, 4.200900000000000000e+04
7.619163729046421300e-03, 4.058300000000000000e+04
7.623138253683378780e-03, 3.905800000000000000e+04
7.627112778320335393e-03, 3.728500000000000000e+04
7.631087302957292005e-03, 3.551100000000000000e+04
7.635061827594249485e-03, 3.379000000000000000e+04
7.639036352231206098e-03, 3.216800000000000000e+04
7.643010876868163578e-03, 3.063600000000000000e+04
7.646985401505120190e-03, 2.900500000000000000e+04
7.650959926142076803e-03, 2.739500000000000000e+04
7.654934450779034283e-03, 2.564500000000000000e+04
7.658908975415990895e-03, 2.403200000000000000e+04
7.662883500052947508e-03, 2.253200000000000000e+04
7.666858024689904988e-03, 2.092500000000000000e+04
7.670832549326861600e-03, 1.950600000000000000e+04
7.674807073963818213e-03, 1.843400000000000000e+04
7.678781598600775693e-03, 1.715300000000000000e+04
7.682756123237732306e-03, 1.607100000000000000e+04
7.686730647874688918e-03, 1.489100000000000000e+04
7.690705172511646398e-03, 1.398200000000000000e+04
7.694679697148603011e-03, 1.301000000000000000e+04
7.698654221785560491e-03, 1.232000000000000000e+04
7.702628746422517103e-03, 1.156400000000000000e+04
7.706603271059473716e-03, 1.107500000000000000e+04
7.710577795696431196e-03, 1.050200000000000000e+04
7.714552320333387808e-03, 1.017700000000000000e+04
7.718526844970344421e-03, 9.958000000000000000e+03
7.722501369607301901e-03, 1.009700000000000000e+04
7.726475894244258513e-03, 1.007800000000000000e+04
7.730450418881215126e-03, 1.033100000000000000e+04
7.734424943518172606e-03, 1.062400000000000000e+04
7.738399468155129218e-03, 1.108700000000000000e+04
7.742373992792086698e-03, 1.163100000000000000e+04
7.746348517429043311e-03, 1.219500000000000000e+04
7.750323042065999923e-03, 1.276100000000000000e+04
7.754297566702957403e-03, 1.363800000000000000e+04
7.758272091339914016e-03, 1.456900000000000000e+04
7.762246615976870628e-03, 1.576900000000000000e+04
7.766221140613828108e-03, 1.697900000000000000e+04
7.770195665250784721e-03, 1.827100000000000000e+04
7.774170189887741333e-03, 1.955200000000000000e+04
7.778144714524698813e-03, 2.097800000000000000e+04
7.782119239161655426e-03, 2.242200000000000000e+04
7.786093763798612039e-03, 2.408300000000000000e+04
7.790068288435569518e-03, 2.554500000000000000e+04
7.794042813072526131e-03, 2.702500000000000000e+04
7.798017337709483611e-03, 2.862700000000000000e+04
7.801991862346440224e-03, 3.032800000000000000e+04
7.805966386983396836e-03, 3.209000000000000000e+04
7.809940911620354316e-03, 3.367300000000000000e+04
7.813915436257310929e-03, 3.511200000000000000e+04
7.817889960894268409e-03, 3.667600000000000000e+04
7.821864485531224154e-03, 3.823700000000000000e+04
7.825839010168181634e-03, 3.994600000000000000e+04
7.829813534805139114e-03, 4.159100000000000000e+04
7.833788059442094859e-03, 4.319500000000000000e+04
7.837762584079052339e-03, 4.465500000000000000e+04
7.841737108716009819e-03, 4.598400000000000000e+04
7.845711633352965564e-03, 4.710000000000000000e+04
7.849686157989923044e-03, 4.811100000000000000e+04
7.853660682626880524e-03, 4.935000000000000000e+04
7.857635207263836269e-03, 5.080800000000000000e+04
7.861609731900793749e-03, 5.170200000000000000e+04
7.865584256537751229e-03, 5.283500000000000000e+04
7.869558781174706974e-03, 5.343200000000000000e+04
7.873533305811664454e-03, 5.406700000000000000e+04
7.877507830448621934e-03, 5.453200000000000000e+04
7.881482355085579414e-03, 5.482800000000000000e+04
7.885456879722535159e-03, 5.525400000000000000e+04
7.889431404359492639e-03, 5.531300000000000000e+04
7.893405928996450119e-03, 5.542600000000000000e+04
7.897380453633405864e-03, 5.541500000000000000e+04
7.901354978270363344e-03, 5.519300000000000000e+04
7.905329502907320824e-03, 5.486300000000000000e+04
7.909304027544276569e-03, 5.456000000000000000e+04
7.913278552181234049e-03, 5.410700000000000000e+04
7.917253076818191529e-03, 5.340700000000000000e+04
7.921227601455147274e-03, 5.277000000000000000e+04
7.925202126092104754e-03, 5.184800000000000000e+04
7.929176650729062234e-03, 5.075100000000000000e+04
7.933151175366017979e-03, 4.973800000000000000e+04
7.937125700002975459e-03, 4.855400000000000000e+04
7.941100224639932939e-03, 4.738700000000000000e+04
7.945074749276888684e-03, 4.616500000000000000e+04
7.949049273913846164e-03, 4.455100000000000000e+04
7.953023798550803644e-03, 4.315300000000000000e+04
7.956998323187759389e-03, 4.170600000000000000e+04
7.960972847824716869e-03, 4.026600000000000000e+04
7.964947372461674349e-03, 3.866400000000000000e+04
7.968921897098630094e-03, 3.694900000000000000e+04
7.972896421735587574e-03, 3.511400000000000000e+04
7.976870946372545054e-03, 3.353400000000000000e+04
7.980845471009500799e-03, 3.187500000000000000e+04
7.984819995646458279e-03, 3.026700000000000000e+04
7.988794520283415759e-03, 2.860800000000000000e+04
7.992769044920373239e-03, 2.700200000000000000e+04
7.996743569557328984e-03, 2.528900000000000000e+04
8.000718094194286464e-03, 2.361400000000000000e+04
8.004692618831243944e-03, 2.219400000000000000e+04
8.008667143468199690e-03, 2.069800000000000000e+04
8.012641668105157169e-03, 1.936400000000000000e+04
8.016616192742114649e-03, 1.819600000000000000e+04
8.020590717379070395e-03, 1.702000000000000000e+04
8.024565242016027874e-03, 1.584800000000000000e+04
8.028539766652985354e-03, 1.478600000000000000e+04
8.032514291289941100e-03, 1.379300000000000000e+04
8.036488815926898580e-03, 1.294100000000000000e+04
8.040463340563856059e-03, 1.216800000000000000e+04
8.044437865200811805e-03, 1.152900000000000000e+04
8.048412389837769285e-03, 1.095300000000000000e+04
8.052386914474726765e-03, 1.044300000000000000e+04
8.056361439111682510e-03, 1.005000000000000000e+04
8.060335963748639990e-03, 9.892000000000000000e+03
8.064310488385597470e-03, 1.012000000000000000e+04
8.068285013022553215e-03, 1.014700000000000000e+04
8.072259537659510695e-03, 1.031700000000000000e+04
8.076234062296468175e-03, 1.065800000000000000e+04
8.080208586933423920e-03, 1.114500000000000000e+04
8.084183111570381400e-03, 1.169700000000000000e+04
8.088157636207338880e-03, 1.226000000000000000e+04
8.092132160844296360e-03, 1.295800000000000000e+04
8.096106685481252105e-03, 1.383500000000000000e+04
8.100081210118209585e-03, 1.484600000000000000e+04
8.104055734755167065e-03, 1.599400000000000000e+04
8.108030259392122810e-03, 1.723200000000000000e+04
8.112004784029080290e-03, 1.851600000000000000e+04
8.115979308666037770e-03, 1.974600000000000000e+04
8.119953833302993515e-03, 2.113500000000000000e+04
8.123928357939950995e-03, 2.255100000000000000e+04
8.127902882576908475e-03, 2.402300000000000000e+04
8.131877407213864220e-03, 2.557000000000000000e+04
8.135851931850821700e-03, 2.696800000000000000e+04
8.139826456487779180e-03, 2.858000000000000000e+04
8.143800981124734925e-03, 3.036800000000000000e+04
8.147775505761692405e-03, 3.210700000000000000e+04
8.151750030398649885e-03, 3.367000000000000000e+04
8.155724555035605630e-03, 3.517600000000000000e+04
8.159699079672563110e-03, 3.677800000000000000e+04
8.163673604309520590e-03, 3.835800000000000000e+04
8.167648128946476335e-03, 4.005000000000000000e+04
8.171622653583433815e-03, 4.184900000000000000e+04
8.175597178220391295e-03, 4.340300000000000000e+04
8.179571702857347040e-03, 4.485400000000000000e+04
8.183546227494304520e-03, 4.615300000000000000e+04
8.187520752131262000e-03, 4.735700000000000000e+04
8.191495276768217745e-03, 4.831900000000000000e+04
8.195469801405175225e-03, 4.960900000000000000e+04
8.199444326042132705e-03, 5.090700000000000000e+04
8.203418850679090185e-03, 5.187400000000000000e+04
8.207393375316045930e-03, 5.286500000000000000e+04
8.211367899953003410e-03, 5.355000000000000000e+04
8.215342424589960890e-03, 5.407600000000000000e+04
8.219316949226916635e-03, 5.463000000000000000e+04
8.223291473863874115e-03, 5.483900000000000000e+04
8.227265998500831595e-03, 5.530300000000000000e+04
8.231240523137787340e-03, 5.533800000000000000e+04
8.235215047774744820e-03, 5.537200000000000000e+04
8.239189572411702300e-03, 5.526200000000000000e+04
8.243164097048658046e-03, 5.497600000000000000e+04
8.247138621685615525e-03, 5.456300000000000000e+04
8.251113146322573005e-03, 5.420500000000000000e+04
8.255087670959528751e-03, 5.372100000000000000e+04
8.259062195596486231e-03, 5.304400000000000000e+04
8.263036720233443710e-03, 5.224700000000000000e+04
8.267011244870399456e-03, 5.134800000000000000e+04
8.270985769507356936e-03, 5.034600000000000000e+04
8.274960294144314416e-03, 4.925200000000000000e+04
8.278934818781270161e-03, 4.820600000000000000e+04
8.282909343418227641e-03, 4.700200000000000000e+04
8.286883868055185121e-03, 4.576000000000000000e+04
8.290858392692140866e-03, 4.417600000000000000e+04
8.294832917329098346e-03, 4.264800000000000000e+04
8.298807441966055826e-03, 4.140000000000000000e+04
8.302781966603011571e-03, 3.986000000000000000e+04
8.306756491239969051e-03, 3.825400000000000000e+04
8.310731015876926531e-03, 3.645300000000000000e+04
8.314705540513884011e-03, 3.456900000000000000e+04
8.318680065150839756e-03, 3.308200000000000000e+04
8.322654589787797236e-03, 3.141800000000000000e+04
8.326629114424754716e-03, 2.986600000000000000e+04
8.330603639061710461e-03, 2.826100000000000000e+04
8.334578163698667941e-03, 2.670300000000000000e+04
8.338552688335625421e-03, 2.505400000000000000e+04
8.342527212972581166e-03, 2.340400000000000000e+04
8.346501737609538646e-03, 2.190300000000000000e+04
8.350476262246496126e-03, 2.048800000000000000e+04
8.354450786883451871e-03, 1.923300000000000000e+04
8.358425311520409351e-03, 1.795500000000000000e+04
8.362399836157366831e-03, 1.687000000000000000e+04
8.366374360794322576e-03, 1.561400000000000000e+04
8.370348885431280056e-03, 1.465800000000000000e+04
8.374323410068237536e-03, 1.359000000000000000e+04
8.378297934705193281e-03, 1.280100000000000000e+04
8.382272459342150761e-03, 1.197300000000000000e+04
8.386246983979108241e-03, 1.141000000000000000e+04
8.390221508616063986e-03, 1.078700000000000000e+04
8.394196033253021466e-03, 1.040700000000000000e+04
8.398170557889978946e-03, 9.944000000000000000e+03
8.402145082526934691e-03, 9.880000000000000000e+03
8.406119607163892171e-03, 1.016300000000000000e+04
8.410094131800849651e-03, 1.025900000000000000e+04
8.414068656437807131e-03, 1.039000000000000000e+04
8.418043181074762876e-03, 1.076500000000000000e+04
8.422017705711720356e-03, 1.126700000000000000e+04
8.425992230348677836e-03, 1.182300000000000000e+04
8.429966754985633581e-03, 1.238300000000000000e+04
8.433941279622591061e-03, 1.315000000000000000e+04
8.437915804259548541e-03, 1.408200000000000000e+04
8.441890328896504286e-03, 1.526900000000000000e+04
8.445864853533461766e-03, 1.644800000000000000e+04
8.449839378170419246e-03, 1.770000000000000000e+04
8.453813902807374991e-03, 1.906900000000000000e+04
8.457788427444332471e-03, 2.039200000000000000e+04
8.461762952081289951e-03, 2.180800000000000000e+04
8.465737476718245696e-03, 2.321100000000000000e+04
8.469712001355203176e-03, 2.449500000000000000e+04
8.473686525992160656e-03, 2.610400000000000000e+04
8.477661050629116402e-03, 2.746500000000000000e+04
8.481635575266073881e-03, 2.914200000000000000e+04
8.485610099903031361e-03, 3.091400000000000000e+04
8.489584624539987107e-03, 3.253200000000000000e+04
8.493559149176944587e-03, 3.411200000000000000e+04
8.497533673813902066e-03, 3.562700000000000000e+04
8.501508198450857812e-03, 3.721300000000000000e+04
8.505482723087815292e-03, 3.880700000000000000e+04
8.509457247724772772e-03, 4.047400000000000000e+04
8.513431772361728517e-03, 4.232500000000000000e+04
8.517406296998685997e-03, 4.383200000000000000e+04
8.521380821635643477e-03, 4.516600000000000000e+04
8.525355346272600957e-03, 4.635900000000000000e+04
8.529329870909556702e-03, 4.763300000000000000e+04
8.533304395546514182e-03, 4.852700000000000000e+04
8.537278920183471662e-03, 4.988100000000000000e+04
8.541253444820427407e-03, 5.104300000000000000e+04
8.545227969457384887e-03, 5.208100000000000000e+04
8.549202494094342367e-03, 5.294400000000000000e+04
8.553177018731298112e-03, 5.370700000000000000e+04
8.557151543368255592e-03, 5.413200000000000000e+04
8.561126068005213072e-03, 5.474800000000000000e+04
8.565100592642168817e-03, 5.489200000000000000e+04
8.569075117279126297e-03, 5.532100000000000000e+04
8.573049641916083777e-03, 5.543100000000000000e+04
8.577024166553039522e-03, 5.542100000000000000e+04
8.580998691189997002e-03, 5.529900000000000000e+04
8.584973215826954482e-03, 5.514500000000000000e+04
8.588947740463910227e-03, 5.491000000000000000e+04
8.592922265100867707e-03, 5.454600000000000000e+04
8.596896789737825187e-03, 5.390500000000000000e+04
8.600871314374780932e-03, 5.322200000000000000e+04
8.604845839011738412e-03, 5.238300000000000000e+04
8.608820363648695892e-03, 5.136200000000000000e+04
8.612794888285651637e-03, 5.040000000000000000e+04
8.616769412922609117e-03, 4.918000000000000000e+04
8.620743937559566597e-03, 4.820500000000000000e+04
8.624718462196524077e-03, 4.691500000000000000e+04
8.628692986833479822e-03, 4.560900000000000000e+04
8.632667511470437302e-03, 4.401100000000000000e+04
8.636642036107394782e-03, 4.233500000000000000e+04
8.640616560744350527e-03, 4.107800000000000000e+04
8.644591085381308007e-03, 3.949500000000000000e+04
8.648565610018265487e-03, 3.790700000000000000e+04
8.652540134655221232e-03, 3.608600000000000000e+04
8.656514659292178712e-03, 3.428100000000000000e+04
8.660489183929136192e-03, 3.284100000000000000e+04
8.664463708566091937e-03, 3.115600000000000000e+04
8.668438233203049417e-03, 2.958500000000000000e+04
8.672412757840006897e-03, 2.798000000000000000e+04
8.676387282476962642e-03, 2.643300000000000000e+04
8.680361807113920122e-03, 2.482200000000000000e+04
8.684336331750877602e-03, 2.322700000000000000e+04
8.688310856387833347e-03, 2.159900000000000000e+04
8.692285381024790827e-03, 2.025200000000000000e+04
8.696259905661748307e-03, 1.906800000000000000e+04
8.700234430298704053e-03, 1.769000000000000000e+04
8.704208954935661532e-03, 1.664700000000000000e+04
8.708183479572619012e-03, 1.533700000000000000e+04
8.712158004209574758e-03, 1.445100000000000000e+04
8.716132528846532238e-03, 1.334500000000000000e+04
8.720107053483489717e-03, 1.268100000000000000e+04
8.724081578120445463e-03, 1.179700000000000000e+04
8.728056102757402943e-03, 1.134400000000000000e+04
8.732030627394360422e-03, 1.065400000000000000e+04
8.736005152031317902e-03, 1.037500000000000000e+04
8.739979676668273648e-03, 9.885000000000000000e+03
