0.000000000000000000e+00, 2.637200000000000000e+04
1.008265808463883211e-04, 2.554400000000000000e+04
2.016531616927766423e-04, 2.543000000000000000e+04
3.024797425391649499e-04, 3.340600000000000000e+04
4.033063233855532846e-04, 3.431700000000000000e+04
5.041329042319416193e-04, 2.897000000000000000e+04
6.049594850783298998e-04, 3.239200000000000000e+04
7.057860659247181803e-04, 3.650300000000000000e+04
8.066126467711065692e-04, 3.109600000000000000e+04
9.074392276174948497e-04, 2.994000000000000000e+04
1.008265808463883239e-03, 3.598400000000000000e+04
1.109092389310271411e-03, 3.392300000000000000e+04
1.209918970156659800e-03, 2.898300000000000000e+04
1.310745551003048188e-03, 3.368600000000000000e+04
1.411572131849436361e-03, 3.611900000000000000e+04
1.512398712695824749e-03, 3.011800000000000000e+04
1.613225293542213138e-03, 3.088600000000000000e+04
1.714051874388601310e-03, 3.647300000000000000e+04
1.814878455234989699e-03, 3.271800000000000000e+04
1.915705036081378088e-03, 2.913300000000000000e+04
2.016531616927766477e-03, 3.480000000000000000e+04
2.117358197774154866e-03, 3.536100000000000000e+04
2.218184778620542821e-03, 2.939500000000000000e+04
2.319011359466931210e-03, 3.201800000000000000e+04
2.419837940313319599e-03, 3.658400000000000000e+04
2.520664521159707988e-03, 3.152200000000000000e+04
2.621491102006096377e-03, 2.965700000000000000e+04
2.722317682852484766e-03, 3.571300000000000000e+04
2.823144263698872721e-03, 3.434600000000000000e+04
2.923970844545261110e-03, 2.901900000000000000e+04
3.024797425391649499e-03, 3.323100000000000000e+04
3.125624006238037888e-03, 3.631000000000000000e+04
3.226450587084426277e-03, 3.045600000000000000e+04
3.327277167930814666e-03, 3.050100000000000000e+04
3.428103748777202621e-03, 3.633000000000000000e+04
3.528930329623591010e-03, 3.317500000000000000e+04
3.629756910469979399e-03, 2.903100000000000000e+04
3.730583491316367788e-03, 3.439900000000000000e+04
3.831410072162756177e-03, 3.567900000000000000e+04
3.932236653009144565e-03, 2.962800000000000000e+04
4.033063233855532954e-03, 3.157800000000000000e+04
4.133889814701921343e-03, 3.658800000000000000e+04
4.234716395548309732e-03, 3.196300000000000000e+04
4.335542976394697254e-03, 2.942100000000000000e+04
4.436369557241085643e-03, 3.540200000000000000e+04
4.537196138087474032e-03, 3.475100000000000000e+04
4.638022718933862421e-03, 2.911800000000000000e+04
4.738849299780250809e-03, 3.277600000000000000e+04
4.839675880626639198e-03, 3.645600000000000000e+04
4.940502461473027587e-03, 3.083400000000000000e+04
5.041329042319415976e-03, 3.015400000000000000e+04
5.142155623165804365e-03, 3.613800000000000000e+04
5.242982204012192754e-03, 3.362400000000000000e+04
5.343808784858581143e-03, 2.898100000000000000e+04
5.444635365704969532e-03, 3.397100000000000000e+04
5.545461946551357053e-03, 3.595100000000000000e+04
5.646288527397745442e-03, 2.990400000000000000e+04
5.747115108244133831e-03, 3.115400000000000000e+04
5.847941689090522220e-03, 3.653500000000000000e+04
5.948768269936910609e-03, 3.241400000000000000e+04
6.049594850783298998e-03, 2.923300000000000000e+04
6.150421431629687387e-03, 3.505000000000000000e+04
6.251248012476075776e-03, 3.512600000000000000e+04
6.352074593322464165e-03, 2.926800000000000000e+04
6.452901174168852554e-03, 3.232100000000000000e+04
6.553727755015240942e-03, 3.655200000000000000e+04
6.654554335861629331e-03, 3.124100000000000000e+04
6.755380916708017720e-03, 2.984400000000000000e+04
6.856207497554405242e-03, 3.589900000000000000e+04
6.957034078400793631e-03, 3.406300000000000000e+04
7.057860659247182020e-03, 2.898900000000000000e+04
7.158687240093570409e-03, 3.353300000000000000e+04
7.259513820939958798e-03, 3.618200000000000000e+04
7.360340401786347186e-03, 3.022400000000000000e+04
7.461166982632735575e-03, 3.075500000000000000e+04
7.561993563479123964e-03, 3.643200000000000000e+04
7.662820144325512353e-03, 3.287000000000000000e+04
7.763646725171900742e-03, 2.909300000000000000e+04
7.864473306018289131e-03, 3.466800000000000000e+04
7.965299886864677520e-03, 3.546900000000000000e+04
8.066126467711065909e-03, 2.946700000000000000e+04
8.166953048557454298e-03, 3.187000000000000000e+04
8.267779629403842687e-03, 3.658900000000000000e+04
8.368606210250231076e-03, 3.166600000000000000e+04
8.469432791096619464e-03, 2.957400000000000000e+04
8.570259371943007853e-03, 3.561400000000000000e+04
8.671085952789394508e-03, 3.448400000000000000e+04
8.771912533635782896e-03, 2.904800000000000000e+04
8.872739114482171285e-03, 3.308000000000000000e+04
8.973565695328559674e-03, 3.636500000000000000e+04
9.074392276174948063e-03, 3.058000000000000000e+04
9.175218857021336452e-03, 3.038600000000000000e+04
9.276045437867724841e-03, 3.627600000000000000e+04
9.376872018714113230e-03, 3.332600000000000000e+04
9.477698599560501619e-03, 2.901000000000000000e+04
9.578525180406890008e-03, 3.426200000000000000e+04
9.679351761253278397e-03, 3.577500000000000000e+04
9.780178342099666786e-03, 2.971200000000000000e+04
9.881004922946055175e-03, 3.143400000000000000e+04
9.981831503792443563e-03, 3.658000000000000000e+04
1.008265808463883195e-02, 3.211300000000000000e+04
1.018348466548522034e-02, 2.935400000000000000e+04
1.028431124633160873e-02, 3.529200000000000000e+04
1.038513782717799712e-02, 3.487900000000000000e+04
1.048596440802438551e-02, 2.916000000000000000e+04
1.058679098887077390e-02, 3.262600000000000000e+04
1.068761756971716229e-02, 3.649700000000000000e+04
1.078844415056355067e-02, 3.096500000000000000e+04
1.088927073140993906e-02, 3.004600000000000000e+04
1.099009731225632745e-02, 3.606800000000000000e+04
1.109092389310271411e-02, 3.377200000000000000e+04
1.119175047394910250e-02, 2.897500000000000000e+04
1.129257705479549088e-02, 3.383500000000000000e+04
1.139340363564187927e-02, 3.604300000000000000e+04
1.149423021648826766e-02, 3.000500000000000000e+04
1.159505679733465605e-02, 3.101800000000000000e+04
1.169588337818104444e-02, 3.651300000000000000e+04
1.179670995902743283e-02, 3.256400000000000000e+04
1.189753653987382122e-02, 2.917300000000000000e+04
1.199836312072020961e-02, 3.492500000000000000e+04
1.209918970156659800e-02, 3.524300000000000000e+04
1.220001628241298638e-02, 2.932500000000000000e+04
1.230084286325937477e-02, 3.217000000000000000e+04
1.240166944410576316e-02, 3.657500000000000000e+04
1.250249602495215155e-02, 3.137800000000000000e+04
1.260332260579853994e-02, 2.974600000000000000e+04
1.270414918664492833e-02, 3.581100000000000000e+04
1.280497576749131672e-02, 3.420600000000000000e+04
1.290580234833770511e-02, 2.899900000000000000e+04
1.300662892918409350e-02, 3.338500000000000000e+04
1.310745551003048188e-02, 3.625100000000000000e+04
1.320828209087687027e-02, 3.033600000000000000e+04
1.330910867172325866e-02, 3.062800000000000000e+04
1.340993525256964705e-02, 3.639000000000000000e+04
1.351076183341603544e-02, 3.302300000000000000e+04
1.361158841426242209e-02, 2.905800000000000000e+04
1.371241499510881048e-02, 3.454000000000000000e+04
1.381324157595519887e-02, 3.557800000000000000e+04
1.391406815680158726e-02, 2.954000000000000000e+04
1.401489473764797565e-02, 3.172400000000000000e+04
1.411572131849436404e-02, 3.659500000000000000e+04
1.421654789934075243e-02, 3.181200000000000000e+04
1.431737448018714082e-02, 2.949400000000000000e+04
1.441820106103352921e-02, 3.551500000000000000e+04
1.451902764187991760e-02, 3.462000000000000000e+04
1.461985422272630598e-02, 2.906300000000000000e+04
1.472068080357269437e-02, 3.292100000000000000e+04
1.482150738441908276e-02, 3.641300000000000000e+04
1.492233396526547115e-02, 3.070100000000000000e+04
1.502316054611185954e-02, 3.026600000000000000e+04
1.512398712695824793e-02, 3.622300000000000000e+04
1.522481370780463632e-02, 3.348400000000000000e+04
1.532564028865102471e-02, 2.899300000000000000e+04
1.542646686949741310e-02, 3.412400000000000000e+04
1.552729345034380148e-02, 3.586900000000000000e+04
1.562812003119018814e-02, 2.979600000000000000e+04
1.572894661203657826e-02, 3.128500000000000000e+04
1.582977319288296492e-02, 3.656500000000000000e+04
1.593059977372935504e-02, 3.226200000000000000e+04
1.603142635457574169e-02, 2.928800000000000000e+04
1.613225293542213182e-02, 3.518000000000000000e+04
1.623307951626851847e-02, 3.501100000000000000e+04
1.633390609711490860e-02, 2.920900000000000000e+04
1.643473267796129525e-02, 3.247300000000000000e+04
1.653555925880768537e-02, 3.652900000000000000e+04
1.663638583965407203e-02, 3.110000000000000000e+04
1.673721242050046215e-02, 2.994300000000000000e+04
1.683803900134684881e-02, 3.598900000000000000e+04
1.693886558219323893e-02, 3.391700000000000000e+04
1.703969216303962558e-02, 2.897600000000000000e+04
1.714051874388601571e-02, 3.368600000000000000e+04
1.724134532473240236e-02, 3.611600000000000000e+04
1.734217190557878902e-02, 3.011000000000000000e+04
1.744299848642517914e-02, 3.088700000000000000e+04
1.754382506727156579e-02, 3.648300000000000000e+04
1.764465164811795592e-02, 3.272000000000000000e+04
1.774547822896434257e-02, 2.913200000000000000e+04
1.784630480981073269e-02, 3.480400000000000000e+04
1.794713139065711935e-02, 3.536100000000000000e+04
1.804795797150350947e-02, 2.939200000000000000e+04
1.814878455234989613e-02, 3.202200000000000000e+04
1.824961113319628625e-02, 3.658800000000000000e+04
1.835043771404267290e-02, 3.152100000000000000e+04
1.845126429488906303e-02, 2.966000000000000000e+04
1.855209087573544968e-02, 3.572000000000000000e+04
1.865291745658183981e-02, 3.434800000000000000e+04
1.875374403742822646e-02, 2.901700000000000000e+04
1.885457061827461658e-02, 3.323200000000000000e+04
1.895539719912100324e-02, 3.631000000000000000e+04
1.905622377996739336e-02, 3.045200000000000000e+04
1.915705036081378002e-02, 3.049900000000000000e+04
1.925787694166017014e-02, 3.633800000000000000e+04
1.935870352250655679e-02, 3.317700000000000000e+04
1.945953010335294692e-02, 2.903300000000000000e+04
1.956035668419933357e-02, 3.440300000000000000e+04
1.966118326504572023e-02, 3.567800000000000000e+04
1.976200984589211035e-02, 2.962400000000000000e+04
1.986283642673849700e-02, 3.158000000000000000e+04
1.996366300758488713e-02, 3.659000000000000000e+04
2.006448958843127378e-02, 3.196000000000000000e+04
2.016531616927766390e-02, 2.942100000000000000e+04
2.026614275012405056e-02, 3.540600000000000000e+04
2.036696933097044068e-02, 3.475100000000000000e+04
2.046779591181682734e-02, 2.911600000000000000e+04
2.056862249266321746e-02, 3.278100000000000000e+04
2.066944907350960411e-02, 3.646400000000000000e+04
2.077027565435599424e-02, 3.083700000000000000e+04
2.087110223520238089e-02, 3.015700000000000000e+04
2.097192881604877102e-02, 3.614200000000000000e+04
2.107275539689515767e-02, 3.362300000000000000e+04
2.117358197774154779e-02, 2.898200000000000000e+04
2.127440855858793445e-02, 3.397600000000000000e+04
2.137523513943432457e-02, 3.595100000000000000e+04
2.147606172028071123e-02, 2.990300000000000000e+04
2.157688830112710135e-02, 3.115800000000000000e+04
2.167771488197348800e-02, 3.654300000000000000e+04
2.177854146281987813e-02, 3.241400000000000000e+04
2.187936804366626478e-02, 2.923400000000000000e+04
2.198019462451265491e-02, 3.505500000000000000e+04
2.208102120535904156e-02, 3.512500000000000000e+04
2.218184778620542821e-02, 2.926500000000000000e+04
2.228267436705181834e-02, 3.232200000000000000e+04
2.238350094789820499e-02, 3.655000000000000000e+04
2.248432752874459511e-02, 3.123800000000000000e+04
2.258515410959098177e-02, 2.984600000000000000e+04
2.268598069043737189e-02, 3.590100000000000000e+04
2.278680727128375855e-02, 3.406000000000000000e+04
2.288763385213014867e-02, 2.898600000000000000e+04
2.298846043297653532e-02, 3.353600000000000000e+04
2.308928701382292545e-02, 3.618400000000000000e+04
2.319011359466931210e-02, 3.022200000000000000e+04
2.329094017551570223e-02, 3.075700000000000000e+04
2.339176675636208888e-02, 3.643400000000000000e+04
2.349259333720847900e-02, 3.287000000000000000e+04
2.359341991805486566e-02, 2.909600000000000000e+04
2.369424649890125578e-02, 3.467200000000000000e+04
2.379507307974764244e-02, 3.546900000000000000e+04
2.389589966059403256e-02, 2.946600000000000000e+04
2.399672624144041921e-02, 3.187400000000000000e+04
2.409755282228680934e-02, 3.659000000000000000e+04
2.419837940313319599e-02, 3.166500000000000000e+04
2.429920598397958612e-02, 2.957700000000000000e+04
2.440003256482597277e-02, 3.561800000000000000e+04
2.450085914567236289e-02, 3.448200000000000000e+04
2.460168572651874955e-02, 2.904800000000000000e+04
2.470251230736513620e-02, 3.308400000000000000e+04
2.480333888821152633e-02, 3.636400000000000000e+04
2.490416546905791298e-02, 3.057600000000000000e+04
2.500499204990430310e-02, 3.038200000000000000e+04
2.510581863075068976e-02, 3.627100000000000000e+04
2.520664521159707988e-02, 3.332100000000000000e+04
2.530747179244346654e-02, 2.900900000000000000e+04
2.540829837328985666e-02, 3.426200000000000000e+04
2.550912495413624331e-02, 3.577100000000000000e+04
2.560995153498263344e-02, 2.971200000000000000e+04
2.571077811582902009e-02, 3.143500000000000000e+04
2.581160469667541021e-02, 3.657300000000000000e+04
2.591243127752179687e-02, 3.210900000000000000e+04
2.601325785836818699e-02, 2.935400000000000000e+04
2.611408443921457365e-02, 3.528900000000000000e+04
2.621491102006096377e-02, 3.487600000000000000e+04
2.631573760090735042e-02, 2.916300000000000000e+04
2.641656418175374055e-02, 3.262900000000000000e+04
2.651739076260012720e-02, 3.649900000000000000e+04
2.661821734344651733e-02, 3.096800000000000000e+04
2.671904392429290398e-02, 3.005000000000000000e+04
2.681987050513929410e-02, 3.606800000000000000e+04
2.692069708598568076e-02, 3.377200000000000000e+04
2.702152366683207088e-02, 2.898000000000000000e+04
2.712235024767845754e-02, 3.383100000000000000e+04
2.722317682852484419e-02, 3.603200000000000000e+04
2.732400340937123431e-02, 3.000400000000000000e+04
2.742482999021762097e-02, 3.102000000000000000e+04
2.752565657106401109e-02, 3.650700000000000000e+04
2.762648315191039775e-02, 3.256300000000000000e+04
2.772730973275678787e-02, 2.918200000000000000e+04
2.782813631360317452e-02, 3.493000000000000000e+04
2.792896289444956465e-02, 3.524500000000000000e+04
2.802978947529595130e-02, 2.933000000000000000e+04
2.813061605614234142e-02, 3.217200000000000000e+04
2.823144263698872808e-02, 3.656700000000000000e+04
2.833226921783511820e-02, 3.137600000000000000e+04
2.843309579868150486e-02, 2.975200000000000000e+04
2.853392237952789498e-02, 3.581000000000000000e+04
2.863474896037428163e-02, 3.420200000000000000e+04
2.873557554122067176e-02, 2.900100000000000000e+04
2.883640212206705841e-02, 3.338800000000000000e+04
2.893722870291344854e-02, 3.625200000000000000e+04
2.903805528375983519e-02, 3.033700000000000000e+04
2.913888186460622531e-02, 3.063000000000000000e+04
2.923970844545261197e-02, 3.638300000000000000e+04
2.934053502629900209e-02, 3.301700000000000000e+04
2.944136160714538875e-02, 2.905900000000000000e+04
2.954218818799177540e-02, 3.453900000000000000e+04
2.964301476883816552e-02, 3.557300000000000000e+04
2.974384134968455218e-02, 2.954000000000000000e+04
2.984466793053094230e-02, 3.172600000000000000e+04
2.994549451137732896e-02, 3.659300000000000000e+04
3.004632109222371908e-02, 3.181100000000000000e+04
3.014714767307010573e-02, 2.949500000000000000e+04
3.024797425391649586e-02, 3.551400000000000000e+04
3.034880083476288251e-02, 3.461600000000000000e+04
3.044962741560927263e-02, 2.907400000000000000e+04
3.055045399645565929e-02, 3.292900000000000000e+04
3.065128057730204941e-02, 3.641100000000000000e+04
3.075210715814843607e-02, 3.069800000000000000e+04
3.085293373899482619e-02, 3.026700000000000000e+04
3.095376031984121284e-02, 3.621200000000000000e+04
3.105458690068760297e-02, 3.347100000000000000e+04
3.115541348153398962e-02, 2.899100000000000000e+04
3.125624006238037628e-02, 3.412400000000000000e+04
3.135706664322676640e-02, 3.587000000000000000e+04
3.145789322407315652e-02, 2.980600000000000000e+04
3.155871980491954665e-02, 3.129800000000000000e+04
3.165954638576592983e-02, 3.656300000000000000e+04
3.176037296661231996e-02, 3.225600000000000000e+04
3.186119954745871008e-02, 2.928600000000000000e+04
3.196202612830509326e-02, 3.517800000000000000e+04
3.206285270915148339e-02, 3.500500000000000000e+04
3.216367928999787351e-02, 2.920900000000000000e+04
3.226450587084426364e-02, 3.247600000000000000e+04
3.236533245169064682e-02, 3.652700000000000000e+04
3.246615903253703694e-02, 3.109700000000000000e+04
3.256698561338342707e-02, 2.994400000000000000e+04
3.266781219422981719e-02, 3.598800000000000000e+04
3.276863877507620038e-02, 3.391400000000000000e+04
3.286946535592259050e-02, 2.897700000000000000e+04
3.297029193676898062e-02, 3.368700000000000000e+04
3.307111851761537075e-02, 3.611300000000000000e+04
3.317194509846175393e-02, 3.011000000000000000e+04
3.327277167930814405e-02, 3.088800000000000000e+04
3.337359826015453418e-02, 3.647400000000000000e+04
3.347442484100092430e-02, 3.271200000000000000e+04
3.357525142184730749e-02, 2.913300000000000000e+04
3.367607800269369761e-02, 3.480900000000000000e+04
3.377690458354008773e-02, 3.536000000000000000e+04
3.387773116438647786e-02, 2.938200000000000000e+04
3.397855774523286104e-02, 3.201500000000000000e+04
3.407938432607925117e-02, 3.658200000000000000e+04
3.418021090692564129e-02, 3.151100000000000000e+04
3.428103748777203141e-02, 2.965100000000000000e+04
3.438186406861841460e-02, 3.571500000000000000e+04
3.448269064946480472e-02, 3.434100000000000000e+04
3.458351723031119485e-02, 2.901700000000000000e+04
3.468434381115757803e-02, 3.323700000000000000e+04
3.478517039200396815e-02, 3.631100000000000000e+04
3.488599697285035828e-02, 3.044800000000000000e+04
3.498682355369674840e-02, 3.050100000000000000e+04
3.508765013454313159e-02, 3.633500000000000000e+04
3.518847671538952171e-02, 3.317100000000000000e+04
3.528930329623591183e-02, 2.903000000000000000e+04
3.539012987708230196e-02, 3.440700000000000000e+04
3.549095645792868514e-02, 3.567800000000000000e+04
3.559178303877507527e-02, 2.962000000000000000e+04
3.569260961962146539e-02, 3.157900000000000000e+04
3.579343620046785551e-02, 3.658900000000000000e+04
3.589426278131423870e-02, 3.195500000000000000e+04
3.599508936216062882e-02, 2.942000000000000000e+04
3.609591594300701894e-02, 3.541000000000000000e+04
3.619674252385340907e-02, 3.475300000000000000e+04
3.629756910469979225e-02, 2.911400000000000000e+04
3.639839568554618238e-02, 3.278200000000000000e+04
3.649922226639257250e-02, 3.646100000000000000e+04
3.660004884723896262e-02, 3.082900000000000000e+04
3.670087542808534581e-02, 3.015600000000000000e+04
3.680170200893173593e-02, 3.614400000000000000e+04
3.690252858977812606e-02, 3.362000000000000000e+04
3.700335517062450924e-02, 2.898000000000000000e+04
3.710418175147089936e-02, 3.398500000000000000e+04
3.720500833231728949e-02, 3.596100000000000000e+04
3.730583491316367961e-02, 2.990200000000000000e+04
3.740666149401006280e-02, 3.115900000000000000e+04
3.750748807485645292e-02, 3.654100000000000000e+04
3.760831465570284304e-02, 3.240900000000000000e+04
3.770914123654923317e-02, 2.923200000000000000e+04
3.780996781739561635e-02, 3.506000000000000000e+04
3.791079439824200648e-02, 3.512700000000000000e+04
3.801162097908839660e-02, 2.926300000000000000e+04
3.811244755993478672e-02, 3.232800000000000000e+04
3.821327414078116991e-02, 3.655900000000000000e+04
3.831410072162756003e-02, 3.123900000000000000e+04
3.841492730247395015e-02, 2.984700000000000000e+04
3.851575388332034028e-02, 3.590800000000000000e+04
3.861658046416672346e-02, 3.406300000000000000e+04
3.871740704501311359e-02, 2.898300000000000000e+04
3.881823362585950371e-02, 3.353700000000000000e+04
3.891906020670589383e-02, 3.618300000000000000e+04
3.901988678755227702e-02, 3.021700000000000000e+04
3.912071336839866714e-02, 3.075700000000000000e+04
3.922153994924505727e-02, 3.643600000000000000e+04
3.932236653009144045e-02, 3.286600000000000000e+04
3.942319311093783057e-02, 2.909000000000000000e+04
3.952401969178422070e-02, 3.467400000000000000e+04
3.962484627263061082e-02, 3.546800000000000000e+04
3.972567285347699401e-02, 2.946400000000000000e+04
3.982649943432338413e-02, 3.187600000000000000e+04
3.992732601516977425e-02, 3.659400000000000000e+04
4.002815259601616438e-02, 3.166300000000000000e+04
4.012897917686254756e-02, 2.957800000000000000e+04
4.022980575770893769e-02, 3.562200000000000000e+04
4.033063233855532781e-02, 3.448000000000000000e+04
4.043145891940171793e-02, 2.904100000000000000e+04
4.053228550024810112e-02, 3.308200000000000000e+04
4.063311208109449124e-02, 3.636200000000000000e+04
4.073393866194088137e-02, 3.057300000000000000e+04
4.083476524278727149e-02, 3.038600000000000000e+04
4.093559182363365467e-02, 3.627600000000000000e+04
4.103641840448004480e-02, 3.332000000000000000e+04
4.113724498532643492e-02, 2.900800000000000000e+04
4.123807156617282504e-02, 3.426500000000000000e+04
4.133889814701920823e-02, 3.577200000000000000e+04
4.143972472786559835e-02, 2.971200000000000000e+04
4.154055130871198848e-02, 3.144000000000000000e+04
4.164137788955837860e-02, 3.657800000000000000e+04
4.174220447040476178e-02, 3.210700000000000000e+04
4.184303105125115191e-02, 2.935600000000000000e+04
4.194385763209754203e-02, 3.529800000000000000e+04
4.204468421294392522e-02, 3.488000000000000000e+04
4.214551079379031534e-02, 2.916100000000000000e+04
4.224633737463670546e-02, 3.263000000000000000e+04
4.234716395548309559e-02, 3.649400000000000000e+04
4.244799053632947877e-02, 3.096300000000000000e+04
4.254881711717586890e-02, 3.005200000000000000e+04
4.264964369802225902e-02, 3.607300000000000000e+04
4.275047027886864914e-02, 3.377100000000000000e+04
4.285129685971503233e-02, 2.898000000000000000e+04
4.295212344056142245e-02, 3.383600000000000000e+04
4.305295002140781258e-02, 3.603400000000000000e+04
4.315377660225420270e-02, 3.000400000000000000e+04
4.325460318310058588e-02, 3.102400000000000000e+04
4.335542976394697601e-02, 3.650900000000000000e+04
4.345625634479336613e-02, 3.255800000000000000e+04
4.355708292563975625e-02, 2.918000000000000000e+04
4.365790950648613944e-02, 3.493300000000000000e+04
4.375873608733252956e-02, 3.524200000000000000e+04
4.385956266817891969e-02, 2.932500000000000000e+04
4.396038924902530981e-02, 3.217400000000000000e+04
4.406121582987169299e-02, 3.656800000000000000e+04
4.416204241071808312e-02, 3.137500000000000000e+04
4.426286899156447324e-02, 2.975300000000000000e+04
4.436369557241085643e-02, 3.581400000000000000e+04
4.446452215325724655e-02, 3.420100000000000000e+04
4.456534873410363667e-02, 2.900000000000000000e+04
4.466617531495002680e-02, 3.338900000000000000e+04
4.476700189579640998e-02, 3.624600000000000000e+04
4.486782847664280011e-02, 3.033300000000000000e+04
4.496865505748919023e-02, 3.063100000000000000e+04
4.506948163833558035e-02, 3.638600000000000000e+04
4.517030821918196354e-02, 3.301700000000000000e+04
4.527113480002835366e-02, 2.906100000000000000e+04
4.537196138087474379e-02, 3.454100000000000000e+04
4.547278796172113391e-02, 3.557200000000000000e+04
4.557361454256751709e-02, 2.954100000000000000e+04
4.567444112341390722e-02, 3.172900000000000000e+04
4.577526770426029734e-02, 3.659500000000000000e+04
4.587609428510668746e-02, 3.181300000000000000e+04
4.597692086595307065e-02, 2.950000000000000000e+04
4.607774744679946077e-02, 3.551400000000000000e+04
4.617857402764585090e-02, 3.461200000000000000e+04
4.627940060849224102e-02, 2.907800000000000000e+04
4.638022718933862421e-02, 3.293200000000000000e+04
4.648105377018501433e-02, 3.640800000000000000e+04
4.658188035103140445e-02, 3.069800000000000000e+04
4.668270693187779458e-02, 3.026900000000000000e+04
4.678353351272417776e-02, 3.620800000000000000e+04
4.688436009357056788e-02, 3.346700000000000000e+04
4.698518667441695801e-02, 2.899100000000000000e+04
4.708601325526334119e-02, 3.412500000000000000e+04
4.718683983610973132e-02, 3.586400000000000000e+04
4.728766641695612144e-02, 2.980600000000000000e+04
4.738849299780251156e-02, 3.130000000000000000e+04
4.748931957864889475e-02, 3.655800000000000000e+04
4.759014615949528487e-02, 3.225600000000000000e+04
4.769097274034167500e-02, 2.929300000000000000e+04
4.779179932118806512e-02, 3.517600000000000000e+04
4.789262590203444830e-02, 3.499800000000000000e+04
4.799345248288083843e-02, 2.921000000000000000e+04
4.809427906372722855e-02, 3.247800000000000000e+04
4.819510564457361868e-02, 3.652200000000000000e+04
4.829593222542000186e-02, 3.109600000000000000e+04
4.839675880626639198e-02, 2.994800000000000000e+04
4.849758538711278211e-02, 3.598900000000000000e+04
4.859841196795917223e-02, 3.391400000000000000e+04
4.869923854880555542e-02, 2.898100000000000000e+04
4.880006512965194554e-02, 3.368900000000000000e+04
4.890089171049833566e-02, 3.610800000000000000e+04
4.900171829134472579e-02, 3.010800000000000000e+04
4.910254487219110897e-02, 3.089100000000000000e+04
4.920337145303749909e-02, 3.647500000000000000e+04
4.930419803388388922e-02, 3.271200000000000000e+04
4.940502461473027240e-02, 2.913700000000000000e+04
4.950585119557666253e-02, 3.481000000000000000e+04
4.960667777642305265e-02, 3.535700000000000000e+04
4.970750435726944277e-02, 2.939100000000000000e+04
4.980833093811582596e-02, 3.202600000000000000e+04
4.990915751896221608e-02, 3.658300000000000000e+04
5.000998409980860621e-02, 3.151600000000000000e+04
5.011081068065499633e-02, 2.966400000000000000e+04
5.021163726150137951e-02, 3.572100000000000000e+04
5.031246384234776964e-02, 3.434200000000000000e+04
5.041329042319415976e-02, 2.902200000000000000e+04
5.051411700404054989e-02, 3.324200000000000000e+04
5.061494358488693307e-02, 3.631100000000000000e+04
5.071577016573332319e-02, 3.045200000000000000e+04
5.081659674657971332e-02, 3.050900000000000000e+04
5.091742332742610344e-02, 3.633800000000000000e+04
5.101824990827248663e-02, 3.316900000000000000e+04
5.111907648911887675e-02, 2.903200000000000000e+04
5.121990306996526687e-02, 3.440900000000000000e+04
5.132072965081165700e-02, 3.567600000000000000e+04
5.142155623165804018e-02, 2.962000000000000000e+04
5.152238281250443031e-02, 3.158500000000000000e+04
5.162320939335082043e-02, 3.659300000000000000e+04
5.172403597419720361e-02, 3.195600000000000000e+04
5.182486255504359374e-02, 2.942300000000000000e+04
5.192568913588998386e-02, 3.541100000000000000e+04
5.202651571673637398e-02, 3.474900000000000000e+04
5.212734229758275717e-02, 2.911400000000000000e+04
5.222816887842914729e-02, 3.278400000000000000e+04
5.232899545927553742e-02, 3.645600000000000000e+04
5.242982204012192754e-02, 3.082600000000000000e+04
5.253064862096831072e-02, 3.015900000000000000e+04
5.263147520181470085e-02, 3.614600000000000000e+04
5.273230178266109097e-02, 3.361800000000000000e+04
5.283312836350748110e-02, 2.897900000000000000e+04
5.293395494435386428e-02, 3.398500000000000000e+04
5.303478152520025440e-02, 3.595400000000000000e+04
5.313560810604664453e-02, 2.989900000000000000e+04
5.323643468689303465e-02, 3.116100000000000000e+04
5.333726126773941784e-02, 3.654000000000000000e+04
5.343808784858580796e-02, 3.240700000000000000e+04
5.353891442943219808e-02, 2.923400000000000000e+04
5.363974101027858821e-02, 3.506600000000000000e+04
5.374056759112497139e-02, 3.513000000000000000e+04
5.384139417197136152e-02, 2.926600000000000000e+04
5.394222075281775164e-02, 3.233200000000000000e+04
5.404304733366414176e-02, 3.655700000000000000e+04
5.414387391451052495e-02, 3.123500000000000000e+04
5.424470049535691507e-02, 2.984800000000000000e+04
5.434552707620330519e-02, 3.590700000000000000e+04
5.444635365704968838e-02, 3.405800000000000000e+04
5.454718023789607850e-02, 2.898600000000000000e+04
5.464800681874246863e-02, 3.354300000000000000e+04
5.474883339958885875e-02, 3.618300000000000000e+04
5.484965998043524193e-02, 3.021700000000000000e+04
5.495048656128163206e-02, 3.076100000000000000e+04
5.505131314212802218e-02, 3.643700000000000000e+04
5.515213972297441231e-02, 3.286200000000000000e+04
5.525296630382079549e-02, 2.909200000000000000e+04
5.535379288466718561e-02, 3.467800000000000000e+04
5.545461946551357574e-02, 3.546700000000000000e+04
5.555544604635996586e-02, 2.945900000000000000e+04
5.565627262720634905e-02, 3.187700000000000000e+04
5.575709920805273917e-02, 3.659600000000000000e+04
5.585792578889912929e-02, 3.166100000000000000e+04
5.595875236974551942e-02, 2.957900000000000000e+04
5.605957895059190260e-02, 3.562500000000000000e+04
5.616040553143829273e-02, 3.447700000000000000e+04
5.626123211228468285e-02, 2.903500000000000000e+04
5.636205869313107297e-02, 3.308400000000000000e+04
5.646288527397745616e-02, 3.636300000000000000e+04
5.656371185482384628e-02, 3.056900000000000000e+04
5.666453843567023640e-02, 3.038600000000000000e+04
5.676536501651661959e-02, 3.628100000000000000e+04
5.686619159736300971e-02, 3.331900000000000000e+04
5.696701817820939984e-02, 2.900800000000000000e+04
5.706784475905578996e-02, 3.427000000000000000e+04
5.716867133990217315e-02, 3.577400000000000000e+04
5.726949792074856327e-02, 2.970700000000000000e+04
5.737032450159495339e-02, 3.144100000000000000e+04
5.747115108244134352e-02, 3.658200000000000000e+04
5.757197766328772670e-02, 3.210400000000000000e+04
5.767280424413411682e-02, 2.935400000000000000e+04
5.777363082498050695e-02, 3.529900000000000000e+04
5.787445740582689707e-02, 3.487500000000000000e+04
5.797528398667328026e-02, 2.915700000000000000e+04
5.807611056751967038e-02, 3.263300000000000000e+04
5.817693714836606050e-02, 3.649700000000000000e+04
5.827776372921245063e-02, 3.095800000000000000e+04
5.837859031005883381e-02, 3.004900000000000000e+04
5.847941689090522394e-02, 3.607300000000000000e+04
5.858024347175161406e-02, 3.376600000000000000e+04
5.868107005259800418e-02, 2.897600000000000000e+04
5.878189663344438737e-02, 3.384400000000000000e+04
5.888272321429077749e-02, 3.604200000000000000e+04
5.898354979513716762e-02, 3.000400000000000000e+04
5.908437637598355080e-02, 3.102700000000000000e+04
5.918520295682994092e-02, 3.651700000000000000e+04
5.928602953767633105e-02, 3.256100000000000000e+04
5.938685611852272117e-02, 2.918200000000000000e+04
5.948768269936910436e-02, 3.494000000000000000e+04
5.958850928021549448e-02, 3.524500000000000000e+04
5.968933586106188460e-02, 2.932500000000000000e+04
5.979016244190827473e-02, 3.217800000000000000e+04
5.989098902275465791e-02, 3.657200000000000000e+04
5.999181560360104803e-02, 3.137300000000000000e+04
6.009264218444743816e-02, 2.975400000000000000e+04
6.019346876529382828e-02, 3.582000000000000000e+04
6.029429534614021147e-02, 3.420300000000000000e+04
6.039512192698660159e-02, 2.899900000000000000e+04
6.049594850783299171e-02, 3.339200000000000000e+04
6.059677508867938184e-02, 3.624800000000000000e+04
6.069760166952576502e-02, 3.033100000000000000e+04
6.079842825037215515e-02, 3.063400000000000000e+04
6.089925483121854527e-02, 3.638900000000000000e+04
6.100008141206493539e-02, 3.301500000000000000e+04
6.110090799291131858e-02, 2.906000000000000000e+04
6.120173457375770870e-02, 3.454300000000000000e+04
6.130256115460409883e-02, 3.557100000000000000e+04
6.140338773545048895e-02, 2.954000000000000000e+04
6.150421431629687213e-02, 3.173300000000000000e+04
6.160504089714326226e-02, 3.659300000000000000e+04
6.170586747798965238e-02, 3.180500000000000000e+04
6.180669405883603557e-02, 2.949900000000000000e+04
6.190752063968242569e-02, 3.552300000000000000e+04
6.200834722052881581e-02, 3.461900000000000000e+04
6.210917380137520594e-02, 2.908100000000000000e+04
6.221000038222158912e-02, 3.293900000000000000e+04
6.231082696306797925e-02, 3.641200000000000000e+04
6.241165354391436937e-02, 3.069800000000000000e+04
6.251248012476075255e-02, 3.027300000000000000e+04
6.261330670560714962e-02, 3.621400000000000000e+04
6.271413328645353280e-02, 3.346900000000000000e+04
6.281495986729991599e-02, 2.899400000000000000e+04
6.291578644814631305e-02, 3.412700000000000000e+04
6.301661302899269623e-02, 3.586100000000000000e+04
6.311743960983909330e-02, 2.980200000000000000e+04
6.321826619068547648e-02, 3.130300000000000000e+04
6.331909277153185966e-02, 3.656100000000000000e+04
6.341991935237825673e-02, 3.225400000000000000e+04
6.352074593322463991e-02, 2.929400000000000000e+04
6.362157251407102310e-02, 3.518300000000000000e+04
6.372239909491742016e-02, 3.500000000000000000e+04
6.382322567576380334e-02, 2.920900000000000000e+04
6.392405225661018653e-02, 3.248000000000000000e+04
6.402487883745658359e-02, 3.652400000000000000e+04
6.412570541830296678e-02, 3.109500000000000000e+04
6.422653199914936384e-02, 2.995000000000000000e+04
6.432735857999574702e-02, 3.599100000000000000e+04
6.442818516084213021e-02, 3.391100000000000000e+04
6.452901174168852727e-02, 2.898000000000000000e+04
6.462983832253491046e-02, 3.369200000000000000e+04
6.473066490338129364e-02, 3.610900000000000000e+04
6.483149148422769070e-02, 3.010800000000000000e+04
6.493231806507407389e-02, 3.089300000000000000e+04
6.503314464592047095e-02, 3.647400000000000000e+04
6.513397122676685413e-02, 3.270900000000000000e+04
6.523479780761323732e-02, 2.913700000000000000e+04
6.533562438845963438e-02, 3.480700000000000000e+04
6.543645096930601757e-02, 3.535200000000000000e+04
6.553727755015240075e-02, 2.939000000000000000e+04
6.563810413099879781e-02, 3.202700000000000000e+04
6.573893071184518100e-02, 3.658200000000000000e+04
6.583975729269157806e-02, 3.151600000000000000e+04
6.594058387353796125e-02, 2.966600000000000000e+04
6.604141045438434443e-02, 3.572000000000000000e+04
6.614223703523074149e-02, 3.433800000000000000e+04
6.624306361607712468e-02, 2.902200000000000000e+04
6.634389019692350786e-02, 3.324100000000000000e+04
6.644471677776990493e-02, 3.630400000000000000e+04
6.654554335861628811e-02, 3.045000000000000000e+04
6.664636993946267129e-02, 3.051100000000000000e+04
6.674719652030906836e-02, 3.633300000000000000e+04
6.684802310115545154e-02, 3.316400000000000000e+04
6.694884968200184860e-02, 2.903400000000000000e+04
6.704967626284823179e-02, 3.440900000000000000e+04
6.715050284369461497e-02, 3.567200000000000000e+04
6.725132942454101204e-02, 2.962200000000000000e+04
6.735215600538739522e-02, 3.158600000000000000e+04
6.745298258623377841e-02, 3.658600000000000000e+04
6.755380916708017547e-02, 3.195500000000000000e+04
6.765463574792655865e-02, 2.942700000000000000e+04
6.775546232877295572e-02, 3.540700000000000000e+04
6.785628890961933890e-02, 3.474000000000000000e+04
6.795711549046572209e-02, 2.911200000000000000e+04
6.805794207131211915e-02, 3.278200000000000000e+04
6.815876865215850233e-02, 3.645300000000000000e+04
6.825959523300488552e-02, 3.082600000000000000e+04
6.836042181385128258e-02, 3.016100000000000000e+04
6.846124839469766576e-02, 3.614400000000000000e+04
6.856207497554406283e-02, 3.361600000000000000e+04
6.866290155639044601e-02, 2.898300000000000000e+04
6.876372813723682920e-02, 3.398400000000000000e+04
6.886455471808322626e-02, 3.594600000000000000e+04
6.896538129892960944e-02, 2.989800000000000000e+04
6.906620787977599263e-02, 3.116500000000000000e+04
6.916703446062238969e-02, 3.653900000000000000e+04
6.926786104146877288e-02, 3.240500000000000000e+04
6.936868762231515606e-02, 2.923700000000000000e+04
6.946951420316155312e-02, 3.506000000000000000e+04
6.957034078400793631e-02, 3.511800000000000000e+04
6.967116736485433337e-02, 2.926300000000000000e+04
6.977199394570071656e-02, 3.233100000000000000e+04
6.987282052654709974e-02, 3.655100000000000000e+04
6.997364710739349680e-02, 3.123000000000000000e+04
7.007447368823987999e-02, 2.985000000000000000e+04
7.017530026908626317e-02, 3.590500000000000000e+04
7.027612684993266023e-02, 3.405300000000000000e+04
7.037695343077904342e-02, 2.898500000000000000e+04
7.047778001162544048e-02, 3.354300000000000000e+04
7.057860659247182367e-02, 3.618300000000000000e+04
7.067943317331820685e-02, 3.021900000000000000e+04
7.078025975416460391e-02, 3.076500000000000000e+04
7.088108633501098710e-02, 3.643500000000000000e+04
7.098191291585737028e-02, 3.285800000000000000e+04
7.108273949670376735e-02, 2.909200000000000000e+04
7.118356607755015053e-02, 3.467900000000000000e+04
7.128439265839653372e-02, 3.546500000000000000e+04
7.138521923924293078e-02, 2.945700000000000000e+04
7.148604582008931396e-02, 3.187700000000000000e+04
7.158687240093571102e-02, 3.659200000000000000e+04
7.168769898178209421e-02, 3.165700000000000000e+04
7.178852556262847739e-02, 2.958000000000000000e+04
7.188935214347487446e-02, 3.562400000000000000e+04
7.199017872432125764e-02, 3.447500000000000000e+04
7.209100530516764083e-02, 2.904300000000000000e+04
7.219183188601403789e-02, 3.309200000000000000e+04
7.229265846686042107e-02, 3.636400000000000000e+04
7.239348504770681814e-02, 3.057100000000000000e+04
7.249431162855320132e-02, 3.039200000000000000e+04
7.259513820939958451e-02, 3.628400000000000000e+04
7.269596479024598157e-02, 3.331900000000000000e+04
7.279679137109236475e-02, 2.901000000000000000e+04
7.289761795193874794e-02, 3.427200000000000000e+04
7.299844453278514500e-02, 3.576800000000000000e+04
7.309927111363152819e-02, 2.970600000000000000e+04
7.320009769447792525e-02, 3.144400000000000000e+04
7.330092427532430843e-02, 3.658000000000000000e+04
7.340175085617069162e-02, 3.209900000000000000e+04
7.350257743701708868e-02, 2.935500000000000000e+04
7.360340401786347186e-02, 3.529900000000000000e+04
7.370423059870985505e-02, 3.487200000000000000e+04
7.380505717955625211e-02, 2.915800000000000000e+04
7.390588376040263530e-02, 3.263600000000000000e+04
7.400671034124901848e-02, 3.649500000000000000e+04
7.410753692209541554e-02, 3.095300000000000000e+04
7.420836350294179873e-02, 3.004900000000000000e+04
7.430919008378819579e-02, 3.607200000000000000e+04
7.441001666463457898e-02, 3.376400000000000000e+04
7.451084324548096216e-02, 2.897600000000000000e+04
7.461166982632735922e-02, 3.384300000000000000e+04
7.471249640717374241e-02, 3.603300000000000000e+04
7.481332298802012559e-02, 2.999700000000000000e+04
7.491414956886652265e-02, 3.102700000000000000e+04
7.501497614971290584e-02, 3.651100000000000000e+04
7.511580273055930290e-02, 3.255300000000000000e+04
7.521662931140568609e-02, 2.918000000000000000e+04
7.531745589225206927e-02, 3.494500000000000000e+04
7.541828247309846633e-02, 3.524400000000000000e+04
7.551910905394484952e-02, 2.932300000000000000e+04
7.561993563479123270e-02, 3.218100000000000000e+04
7.572076221563762977e-02, 3.657300000000000000e+04
7.582158879648401295e-02, 3.136700000000000000e+04
7.592241537733041001e-02, 2.975100000000000000e+04
7.602324195817679320e-02, 3.581800000000000000e+04
7.612406853902317638e-02, 3.419400000000000000e+04
7.622489511986957345e-02, 2.898200000000000000e+04
7.632572170071595663e-02, 3.338500000000000000e+04
7.642654828156233981e-02, 3.624400000000000000e+04
7.652737486240873688e-02, 3.032500000000000000e+04
7.662820144325512006e-02, 3.063300000000000000e+04
7.672902802410150325e-02, 3.639200000000000000e+04
7.682985460494790031e-02, 3.301100000000000000e+04
7.693068118579428349e-02, 2.905800000000000000e+04
7.703150776664068056e-02, 3.454700000000000000e+04
7.713233434748706374e-02, 3.557000000000000000e+04
7.723316092833344693e-02, 2.953700000000000000e+04
7.733398750917984399e-02, 3.173500000000000000e+04
7.743481409002622717e-02, 3.659600000000000000e+04
7.753564067087261036e-02, 3.180200000000000000e+04
7.763646725171900742e-02, 2.949900000000000000e+04
7.773729383256539061e-02, 3.552200000000000000e+04
7.783812041341178767e-02, 3.461100000000000000e+04
7.793894699425817085e-02, 2.907400000000000000e+04
7.803977357510455404e-02, 3.294200000000000000e+04
7.814060015595095110e-02, 3.641700000000000000e+04
7.824142673679733428e-02, 3.069600000000000000e+04
7.834225331764371747e-02, 3.027500000000000000e+04
7.844307989849011453e-02, 3.622200000000000000e+04
7.854390647933649772e-02, 3.346800000000000000e+04
7.864473306018288090e-02, 2.899200000000000000e+04
7.874555964102927796e-02, 3.413300000000000000e+04
7.884638622187566115e-02, 3.586500000000000000e+04
7.894721280272205821e-02, 2.979700000000000000e+04
7.904803938356844140e-02, 3.130100000000000000e+04
7.914886596441482458e-02, 3.656100000000000000e+04
7.924969254526122164e-02, 3.224900000000000000e+04
7.935051912610760483e-02, 2.929100000000000000e+04
7.945134570695398801e-02, 3.518300000000000000e+04
7.955217228780038508e-02, 3.499700000000000000e+04
7.965299886864676826e-02, 2.919900000000000000e+04
7.975382544949316532e-02, 3.247900000000000000e+04
7.985465203033954851e-02, 3.652500000000000000e+04
7.995547861118593169e-02, 3.109100000000000000e+04
8.005630519203232875e-02, 2.995100000000000000e+04
8.015713177287871194e-02, 3.599500000000000000e+04
8.025795835372509512e-02, 3.391000000000000000e+04
8.035878493457149219e-02, 2.897800000000000000e+04
8.045961151541787537e-02, 3.369400000000000000e+04
8.056043809626427243e-02, 3.610800000000000000e+04
8.066126467711065562e-02, 3.010400000000000000e+04
8.076209125795703880e-02, 3.089500000000000000e+04
8.086291783880343587e-02, 3.647600000000000000e+04
8.096374441964981905e-02, 3.270500000000000000e+04
8.106457100049620224e-02, 2.913700000000000000e+04
8.116539758134259930e-02, 3.481200000000000000e+04
8.126622416218898248e-02, 3.535600000000000000e+04
8.136705074303536567e-02, 2.939300000000000000e+04
8.146787732388176273e-02, 3.203300000000000000e+04
8.156870390472814591e-02, 3.658600000000000000e+04
8.166953048557454298e-02, 3.151300000000000000e+04
8.177035706642092616e-02, 2.966600000000000000e+04
8.187118364726730935e-02, 3.572200000000000000e+04
8.197201022811370641e-02, 3.433500000000000000e+04
8.207283680896008959e-02, 2.902000000000000000e+04
8.217366338980647278e-02, 3.324400000000000000e+04
8.227448997065286984e-02, 3.630700000000000000e+04
8.237531655149925303e-02, 3.044800000000000000e+04
8.247614313234565009e-02, 3.051300000000000000e+04
8.257696971319203327e-02, 3.633600000000000000e+04
8.267779629403841646e-02, 3.316200000000000000e+04
8.277862287488481352e-02, 2.903300000000000000e+04
8.287944945573119671e-02, 3.441000000000000000e+04
8.298027603657757989e-02, 3.567000000000000000e+04
8.308110261742397695e-02, 2.962000000000000000e+04
8.318192919827036014e-02, 3.158800000000000000e+04
8.328275577911675720e-02, 3.658600000000000000e+04
8.338358235996314038e-02, 3.194800000000000000e+04
8.348440894080952357e-02, 2.942400000000000000e+04
8.358523552165592063e-02, 3.540900000000000000e+04
8.368606210250230382e-02, 3.473900000000000000e+04
8.378688868334868700e-02, 2.911300000000000000e+04
8.388771526419508406e-02, 3.278800000000000000e+04
8.398854184504146725e-02, 3.645400000000000000e+04
8.408936842588785043e-02, 3.082400000000000000e+04
8.419019500673424750e-02, 3.016200000000000000e+04
8.429102158758063068e-02, 3.614300000000000000e+04
8.439184816842702774e-02, 3.361200000000000000e+04
8.449267474927341093e-02, 2.898100000000000000e+04
8.459350133011979411e-02, 3.398600000000000000e+04
8.469432791096619118e-02, 3.594500000000000000e+04
8.479515449181257436e-02, 2.989400000000000000e+04
8.489598107265895754e-02, 3.116400000000000000e+04
8.499680765350535461e-02, 3.654000000000000000e+04
8.509763423435173779e-02, 3.240400000000000000e+04
8.519846081519813485e-02, 2.923800000000000000e+04
8.529928739604451804e-02, 3.506600000000000000e+04
8.540011397689090122e-02, 3.512000000000000000e+04
8.550094055773729829e-02, 2.926300000000000000e+04
8.560176713858368147e-02, 3.233000000000000000e+04
8.570259371943006466e-02, 3.654800000000000000e+04
8.580342030027646172e-02, 3.122900000000000000e+04
8.590424688112284490e-02, 2.985200000000000000e+04
8.600507346196924197e-02, 3.590800000000000000e+04
8.610590004281562515e-02, 3.405300000000000000e+04
8.620672662366200834e-02, 2.898800000000000000e+04
8.630755320450840540e-02, 3.354400000000000000e+04
8.640837978535478858e-02, 3.617600000000000000e+04
8.650920636620117177e-02, 3.021500000000000000e+04
8.661003294704756883e-02, 3.076500000000000000e+04
8.671085952789395201e-02, 3.643100000000000000e+04
8.681168610874033520e-02, 3.285700000000000000e+04
8.691251268958673226e-02, 2.909900000000000000e+04
8.701333927043311545e-02, 3.468100000000000000e+04
8.711416585127951251e-02, 3.546000000000000000e+04
8.721499243212589569e-02, 2.946100000000000000e+04
8.731581901297227888e-02, 3.188500000000000000e+04
8.741664559381867594e-02, 3.659400000000000000e+04
8.751747217466505913e-02, 3.165800000000000000e+04
8.761829875551144231e-02, 2.958300000000000000e+04
8.771912533635783937e-02, 3.562100000000000000e+04
8.781995191720422256e-02, 3.447000000000000000e+04
8.792077849805061962e-02, 2.904600000000000000e+04
8.802160507889700281e-02, 3.309200000000000000e+04
8.812243165974338599e-02, 3.635900000000000000e+04
8.822325824058978305e-02, 3.056700000000000000e+04
8.832408482143616624e-02, 3.038900000000000000e+04
8.842491140228254942e-02, 3.627300000000000000e+04
8.852573798312894648e-02, 3.331000000000000000e+04
8.862656456397532967e-02, 2.900900000000000000e+04
8.872739114482171285e-02, 3.427000000000000000e+04
8.882821772566810992e-02, 3.576700000000000000e+04
8.892904430651449310e-02, 2.971000000000000000e+04
8.902987088736089016e-02, 3.144800000000000000e+04
8.913069746820727335e-02, 3.657800000000000000e+04
8.923152404905365653e-02, 3.209900000000000000e+04
8.933235062990005360e-02, 2.935500000000000000e+04
8.943317721074643678e-02, 3.529800000000000000e+04
8.953400379159281997e-02, 3.486800000000000000e+04
8.963483037243921703e-02, 2.915800000000000000e+04
8.973565695328560021e-02, 3.263800000000000000e+04
8.983648353413199728e-02, 3.649300000000000000e+04
8.993731011497838046e-02, 3.095100000000000000e+04
9.003813669582476364e-02, 3.005100000000000000e+04
9.013896327667116071e-02, 3.607300000000000000e+04
9.023978985751754389e-02, 3.376200000000000000e+04
9.034061643836392708e-02, 2.897900000000000000e+04
9.044144301921032414e-02, 3.384300000000000000e+04
9.054226960005670732e-02, 3.603000000000000000e+04
9.064309618090310439e-02, 2.999800000000000000e+04
9.074392276174948757e-02, 3.103100000000000000e+04
9.084474934259587076e-02, 3.651200000000000000e+04
9.094557592344226782e-02, 3.255300000000000000e+04
9.104640250428865100e-02, 2.918500000000000000e+04
9.114722908513503419e-02, 3.494200000000000000e+04
9.124805566598143125e-02, 3.523700000000000000e+04
9.134888224682781444e-02, 2.932000000000000000e+04
9.144970882767419762e-02, 3.218200000000000000e+04
9.155053540852059468e-02, 3.657000000000000000e+04
9.165136198936697787e-02, 3.136700000000000000e+04
9.175218857021337493e-02, 2.975700000000000000e+04
9.185301515105975811e-02, 3.582000000000000000e+04
9.195384173190614130e-02, 3.419400000000000000e+04
9.205466831275253836e-02, 2.899500000000000000e+04
9.215549489359892155e-02, 3.339700000000000000e+04
9.225632147444530473e-02, 3.624800000000000000e+04
9.235714805529170179e-02, 3.033000000000000000e+04
9.245797463613808498e-02, 3.064000000000000000e+04
9.255880121698448204e-02, 3.639300000000000000e+04
9.265962779783086523e-02, 3.301100000000000000e+04
9.276045437867724841e-02, 2.906300000000000000e+04
9.286128095952364547e-02, 3.455100000000000000e+04
9.296210754037002866e-02, 3.556900000000000000e+04
9.306293412121641184e-02, 2.953400000000000000e+04
9.316376070206280890e-02, 3.173600000000000000e+04
9.326458728290919209e-02, 3.659500000000000000e+04
9.336541386375558915e-02, 3.179900000000000000e+04
9.346624044460197234e-02, 2.949900000000000000e+04
9.356706702544835552e-02, 3.552200000000000000e+04
9.366789360629475258e-02, 3.460800000000000000e+04
9.376872018714113577e-02, 2.907500000000000000e+04
9.386954676798751895e-02, 3.294200000000000000e+04
9.397037334883391602e-02, 3.641100000000000000e+04
9.407119992968029920e-02, 3.069100000000000000e+04
9.417202651052668239e-02, 3.027600000000000000e+04
9.427285309137307945e-02, 3.622100000000000000e+04
9.437367967221946263e-02, 3.346500000000000000e+04
9.447450625306585970e-02, 2.898900000000000000e+04
9.457533283391224288e-02, 3.413200000000000000e+04
9.467615941475862607e-02, 3.586100000000000000e+04
9.477698599560502313e-02, 2.979700000000000000e+04
9.487781257645140631e-02, 3.130600000000000000e+04
9.497863915729778950e-02, 3.656400000000000000e+04
9.507946573814418656e-02, 3.224600000000000000e+04
9.518029231899056974e-02, 2.929200000000000000e+04
9.528111889983696681e-02, 3.519400000000000000e+04
9.538194548068334999e-02, 3.500500000000000000e+04
9.548277206152973318e-02, 2.920800000000000000e+04
9.558359864237613024e-02, 3.248800000000000000e+04
9.568442522322251342e-02, 3.652800000000000000e+04
9.578525180406889661e-02, 3.109000000000000000e+04
9.588607838491529367e-02, 2.995200000000000000e+04
9.598690496576167686e-02, 3.600300000000000000e+04
9.608773154660806004e-02, 3.391100000000000000e+04
9.618855812745445710e-02, 2.897500000000000000e+04
9.628938470830084029e-02, 3.369800000000000000e+04
9.639021128914723735e-02, 3.611000000000000000e+04
9.649103786999362053e-02, 3.009400000000000000e+04
9.659186445084000372e-02, 3.089000000000000000e+04
9.669269103168640078e-02, 3.647700000000000000e+04
9.679351761253278397e-02, 3.270200000000000000e+04
9.689434419337916715e-02, 2.913400000000000000e+04
9.699517077422556421e-02, 3.481700000000000000e+04
9.709599735507194740e-02, 3.535400000000000000e+04
9.719682393591834446e-02, 2.938300000000000000e+04
9.729765051676472765e-02, 3.202900000000000000e+04
9.739847709761111083e-02, 3.658300000000000000e+04
9.749930367845750789e-02, 3.150800000000000000e+04
9.760013025930389108e-02, 2.966300000000000000e+04
9.770095684015027426e-02, 3.572500000000000000e+04
9.780178342099667133e-02, 3.433400000000000000e+04
9.790261000184305451e-02, 2.901600000000000000e+04
9.800343658268945157e-02, 3.325000000000000000e+04
9.810426316353583476e-02, 3.631300000000000000e+04
9.820508974438221794e-02, 3.044400000000000000e+04
9.830591632522861500e-02, 3.051100000000000000e+04
9.840674290607499819e-02, 3.634000000000000000e+04
9.850756948692138137e-02, 3.316000000000000000e+04
9.860839606776777844e-02, 2.902900000000000000e+04
9.870922264861416162e-02, 3.441800000000000000e+04
9.881004922946054481e-02, 3.567700000000000000e+04
9.891087581030694187e-02, 2.961900000000000000e+04
9.901170239115332505e-02, 3.159300000000000000e+04
9.911252897199972212e-02, 3.659200000000000000e+04
9.921335555284610530e-02, 3.194800000000000000e+04
9.931418213369248849e-02, 2.942700000000000000e+04
9.941500871453888555e-02, 3.541600000000000000e+04
9.951583529538526873e-02, 3.474100000000000000e+04
9.961666187623165192e-02, 2.911300000000000000e+04
9.971748845707804898e-02, 3.279300000000000000e+04
9.981831503792443216e-02, 3.645600000000000000e+04
9.991914161877082923e-02, 3.082100000000000000e+04
1.000199681996172124e-01, 3.016500000000000000e+04
1.001207947804635956e-01, 3.615000000000000000e+04
1.002216213613099927e-01, 3.361200000000000000e+04
1.003224479421563758e-01, 2.898200000000000000e+04
1.004232745230027590e-01, 3.399000000000000000e+04
1.005241011038491561e-01, 3.594800000000000000e+04
1.006249276846955393e-01, 2.989400000000000000e+04
1.007257542655419363e-01, 3.116800000000000000e+04
1.008265808463883195e-01, 3.654300000000000000e+04
1.009274074272347027e-01, 3.239900000000000000e+04
1.010282340080810998e-01, 2.923600000000000000e+04
1.011290605889274830e-01, 3.506500000000000000e+04
1.012298871697738661e-01, 3.511700000000000000e+04
1.013307137506202632e-01, 2.926100000000000000e+04
1.014315403314666464e-01, 3.233800000000000000e+04
1.015323669123130296e-01, 3.655700000000000000e+04
1.016331934931594266e-01, 3.123000000000000000e+04
1.017340200740058098e-01, 2.985500000000000000e+04
1.018348466548522069e-01, 3.590800000000000000e+04
1.019356732356985901e-01, 3.404900000000000000e+04
1.020364998165449733e-01, 2.898400000000000000e+04
1.021373263973913703e-01, 3.354600000000000000e+04
1.022381529782377535e-01, 3.617500000000000000e+04
1.023389795590841367e-01, 3.021100000000000000e+04
1.024398061399305337e-01, 3.076700000000000000e+04
1.025406327207769169e-01, 3.643600000000000000e+04
1.026414593016233140e-01, 3.285400000000000000e+04
1.027422858824696972e-01, 2.909600000000000000e+04
1.028431124633160804e-01, 3.468200000000000000e+04
1.029439390441624774e-01, 3.545900000000000000e+04
1.030447656250088606e-01, 2.945900000000000000e+04
1.031455922058552438e-01, 3.188500000000000000e+04
1.032464187867016409e-01, 3.658900000000000000e+04
1.033472453675480240e-01, 3.165300000000000000e+04
1.034480719483944072e-01, 2.958300000000000000e+04
1.035488985292408043e-01, 3.562600000000000000e+04
1.036497251100871875e-01, 3.447000000000000000e+04
1.037505516909335845e-01, 2.903900000000000000e+04
1.038513782717799677e-01, 3.309800000000000000e+04
1.039522048526263509e-01, 3.636700000000000000e+04
1.040530314334727480e-01, 3.057100000000000000e+04
1.041538580143191312e-01, 3.039600000000000000e+04
1.042546845951655143e-01, 3.627900000000000000e+04
1.043555111760119114e-01, 3.331100000000000000e+04
1.044563377568582946e-01, 2.901100000000000000e+04
1.045571643377046916e-01, 3.427500000000000000e+04
1.046579909185510748e-01, 3.576600000000000000e+04
1.047588174993974580e-01, 2.970600000000000000e+04
1.048596440802438551e-01, 3.144900000000000000e+04
1.049604706610902383e-01, 3.657700000000000000e+04
1.050612972419366214e-01, 3.209600000000000000e+04
1.051621238227830185e-01, 2.936000000000000000e+04
1.052629504036294017e-01, 3.530200000000000000e+04
1.053637769844757988e-01, 3.486700000000000000e+04
1.054646035653221819e-01, 2.915700000000000000e+04
1.055654301461685651e-01, 3.263900000000000000e+04
1.056662567270149622e-01, 3.648900000000000000e+04
1.057670833078613454e-01, 3.095100000000000000e+04
1.058679098887077286e-01, 3.005400000000000000e+04
1.059687364695541256e-01, 3.607000000000000000e+04
1.060695630504005088e-01, 3.375700000000000000e+04
1.061703896312468920e-01, 2.897800000000000000e+04
1.062712162120932891e-01, 3.384500000000000000e+04
1.063720427929396722e-01, 3.602900000000000000e+04
1.064728693737860693e-01, 2.999700000000000000e+04
1.065736959546324525e-01, 3.103200000000000000e+04
1.066745225354788357e-01, 3.650700000000000000e+04
1.067753491163252327e-01, 3.255000000000000000e+04
1.068761756971716159e-01, 2.918800000000000000e+04
1.069770022780179991e-01, 3.494000000000000000e+04
1.070778288588643962e-01, 3.523300000000000000e+04
1.071786554397107794e-01, 2.932400000000000000e+04
1.072794820205571764e-01, 3.218600000000000000e+04
1.073803086014035596e-01, 3.656800000000000000e+04
1.074811351822499428e-01, 3.136700000000000000e+04
1.075819617630963398e-01, 2.976100000000000000e+04
1.076827883439427230e-01, 3.582000000000000000e+04
1.077836149247891062e-01, 3.419100000000000000e+04
1.078844415056355033e-01, 2.900100000000000000e+04
1.079852680864818865e-01, 3.339900000000000000e+04
1.080860946673282835e-01, 3.624200000000000000e+04
1.081869212481746667e-01, 3.032700000000000000e+04
1.082877478290210499e-01, 3.064100000000000000e+04
1.083885744098674470e-01, 3.639000000000000000e+04
1.084894009907138301e-01, 3.300800000000000000e+04
1.085902275715602133e-01, 2.906500000000000000e+04
1.086910541524066104e-01, 3.455200000000000000e+04
1.087918807332529936e-01, 3.556600000000000000e+04
1.088927073140993768e-01, 2.953800000000000000e+04
1.089935338949457738e-01, 3.174100000000000000e+04
1.090943604757921570e-01, 3.659200000000000000e+04
1.091951870566385541e-01, 3.179700000000000000e+04
1.092960136374849373e-01, 2.950000000000000000e+04
1.093968402183313204e-01, 3.552100000000000000e+04
1.094976667991777175e-01, 3.460500000000000000e+04
1.095984933800241007e-01, 2.907800000000000000e+04
1.096993199608704839e-01, 3.294600000000000000e+04
1.098001465417168809e-01, 3.640800000000000000e+04
1.099009731225632641e-01, 3.068600000000000000e+04
1.100017997034096612e-01, 3.027300000000000000e+04
1.101026262842560444e-01, 3.621600000000000000e+04
1.102034528651024275e-01, 3.346000000000000000e+04
1.103042794459488246e-01, 2.899300000000000000e+04
1.104051060267952078e-01, 3.413400000000000000e+04
1.105059326076415910e-01, 3.585600000000000000e+04
1.106067591884879880e-01, 2.979600000000000000e+04
1.107075857693343712e-01, 3.130800000000000000e+04
1.108084123501807544e-01, 3.656300000000000000e+04
1.109092389310271515e-01, 3.224700000000000000e+04
1.110100655118735347e-01, 2.929700000000000000e+04
1.111108920927199317e-01, 3.518800000000000000e+04
1.112117186735663149e-01, 3.499500000000000000e+04
1.113125452544126981e-01, 2.920200000000000000e+04
1.114133718352590952e-01, 3.248700000000000000e+04
1.115141984161054783e-01, 3.652600000000000000e+04
1.116150249969518615e-01, 3.108600000000000000e+04
1.117158515777982586e-01, 2.995300000000000000e+04
1.118166781586446418e-01, 3.599600000000000000e+04
1.119175047394910388e-01, 3.390400000000000000e+04
1.120183313203374220e-01, 2.897800000000000000e+04
1.121191579011838052e-01, 3.370100000000000000e+04
1.122199844820302023e-01, 3.610800000000000000e+04
1.123208110628765855e-01, 3.010000000000000000e+04
1.124216376437229686e-01, 3.089800000000000000e+04
1.125224642245693657e-01, 3.647800000000000000e+04
1.126232908054157489e-01, 3.269800000000000000e+04
1.127241173862621459e-01, 2.913200000000000000e+04
1.128249439671085291e-01, 3.481200000000000000e+04
1.129257705479549123e-01, 3.534600000000000000e+04
1.130265971288013094e-01, 2.938400000000000000e+04
1.131274237096476926e-01, 3.203700000000000000e+04
1.132282502904940757e-01, 3.658900000000000000e+04
1.133290768713404728e-01, 3.150900000000000000e+04
1.134299034521868560e-01, 2.966900000000000000e+04
1.135307300330332392e-01, 3.573000000000000000e+04
1.136315566138796362e-01, 3.433300000000000000e+04
1.137323831947260194e-01, 2.901800000000000000e+04
1.138332097755724165e-01, 3.325000000000000000e+04
1.139340363564187997e-01, 3.630600000000000000e+04
1.140348629372651829e-01, 3.043700000000000000e+04
1.141356895181115799e-01, 3.050900000000000000e+04
1.142365160989579631e-01, 3.633400000000000000e+04
1.143373426798043463e-01, 3.315300000000000000e+04
1.144381692606507434e-01, 2.903000000000000000e+04
1.145389958414971265e-01, 3.441900000000000000e+04
1.146398224223435236e-01, 3.567100000000000000e+04
1.147406490031899068e-01, 2.961500000000000000e+04
1.148414755840362900e-01, 3.159300000000000000e+04
1.149423021648826870e-01, 3.659000000000000000e+04
1.150431287457290702e-01, 3.194500000000000000e+04
1.151439553265754534e-01, 2.942900000000000000e+04
1.152447819074218505e-01, 3.542100000000000000e+04
1.153456084882682336e-01, 3.474000000000000000e+04
1.154464350691146307e-01, 2.911200000000000000e+04
1.155472616499610139e-01, 3.279400000000000000e+04
1.156480882308073971e-01, 3.645400000000000000e+04
1.157489148116537941e-01, 3.081600000000000000e+04
1.158497413925001773e-01, 3.016400000000000000e+04
1.159505679733465605e-01, 3.615000000000000000e+04
1.160513945541929576e-01, 3.360700000000000000e+04
1.161522211350393408e-01, 2.897800000000000000e+04
1.162530477158857239e-01, 3.399600000000000000e+04
1.163538742967321210e-01, 3.594900000000000000e+04
1.164547008775785042e-01, 2.989200000000000000e+04
1.165555274584249013e-01, 3.117100000000000000e+04
1.166563540392712844e-01, 3.654300000000000000e+04
1.167571806201176676e-01, 3.239400000000000000e+04
1.168580072009640647e-01, 2.923300000000000000e+04
1.169588337818104479e-01, 3.507200000000000000e+04
1.170596603626568311e-01, 3.511900000000000000e+04
1.171604869435032281e-01, 2.925300000000000000e+04
1.172613135243496113e-01, 3.233300000000000000e+04
1.173621401051960084e-01, 3.655200000000000000e+04
1.174629666860423916e-01, 3.122400000000000000e+04
1.175637932668887747e-01, 2.985500000000000000e+04
1.176646198477351718e-01, 3.591400000000000000e+04
1.177654464285815550e-01, 3.404900000000000000e+04
1.178662730094279382e-01, 2.898300000000000000e+04
1.179670995902743352e-01, 3.355600000000000000e+04
1.180679261711207184e-01, 3.618500000000000000e+04
1.181687527519671016e-01, 3.021100000000000000e+04
1.182695793328134987e-01, 3.076800000000000000e+04
1.183704059136598818e-01, 3.643900000000000000e+04
1.184712324945062789e-01, 3.285200000000000000e+04
1.185720590753526621e-01, 2.909600000000000000e+04
1.186728856561990453e-01, 3.469000000000000000e+04
1.187737122370454423e-01, 3.546300000000000000e+04
1.188745388178918255e-01, 2.945700000000000000e+04
1.189753653987382087e-01, 3.189000000000000000e+04
1.190761919795846058e-01, 3.659900000000000000e+04
1.191770185604309890e-01, 3.165300000000000000e+04
1.192778451412773860e-01, 2.958500000000000000e+04
1.193786717221237692e-01, 3.563100000000000000e+04
1.194794983029701524e-01, 3.447000000000000000e+04
1.195803248838165495e-01, 2.904300000000000000e+04
1.196811514646629326e-01, 3.309900000000000000e+04
1.197819780455093158e-01, 3.636100000000000000e+04
1.198828046263557129e-01, 3.056200000000000000e+04
1.199836312072020961e-01, 3.039500000000000000e+04
1.200844577880484931e-01, 3.628300000000000000e+04
1.201852843688948763e-01, 3.330600000000000000e+04
1.202861109497412595e-01, 2.899900000000000000e+04
1.203869375305876566e-01, 3.427000000000000000e+04
1.204877641114340397e-01, 3.576000000000000000e+04
1.205885906922804229e-01, 2.970000000000000000e+04
1.206894172731268200e-01, 3.145100000000000000e+04
1.207902438539732032e-01, 3.658200000000000000e+04
1.208910704348195864e-01, 3.209500000000000000e+04
1.209918970156659834e-01, 2.936100000000000000e+04
1.210927235965123666e-01, 3.530600000000000000e+04
1.211935501773587637e-01, 3.486700000000000000e+04
1.212943767582051469e-01, 2.915700000000000000e+04
1.213952033390515300e-01, 3.264300000000000000e+04
1.214960299198979271e-01, 3.649200000000000000e+04
1.215968565007443103e-01, 3.095100000000000000e+04
1.216976830815906935e-01, 3.005900000000000000e+04
1.217985096624370905e-01, 3.607500000000000000e+04
1.218993362432834737e-01, 3.375600000000000000e+04
1.220001628241298708e-01, 2.897800000000000000e+04
1.221009894049762540e-01, 3.384700000000000000e+04
1.222018159858226372e-01, 3.602600000000000000e+04
1.223026425666690342e-01, 2.999400000000000000e+04
1.224034691475154174e-01, 3.103500000000000000e+04
1.225042957283618006e-01, 3.651300000000000000e+04
1.226051223092081977e-01, 3.254800000000000000e+04
1.227059488900545808e-01, 2.918600000000000000e+04
1.228067754709009779e-01, 3.494300000000000000e+04
1.229076020517473611e-01, 3.523200000000000000e+04
1.230084286325937443e-01, 2.932000000000000000e+04
1.231092552134401413e-01, 3.218900000000000000e+04
1.232100817942865245e-01, 3.657500000000000000e+04
1.233109083751329077e-01, 3.136700000000000000e+04
1.234117349559793048e-01, 2.976300000000000000e+04
1.235125615368256879e-01, 3.582200000000000000e+04
1.236133881176720711e-01, 3.419000000000000000e+04
1.237142146985184682e-01, 2.899800000000000000e+04
1.238150412793648514e-01, 3.340200000000000000e+04
1.239158678602112484e-01, 3.624400000000000000e+04
1.240166944410576316e-01, 3.032400000000000000e+04
1.241175210219040148e-01, 3.064200000000000000e+04
1.242183476027504119e-01, 3.639000000000000000e+04
1.243191741835967951e-01, 3.300400000000000000e+04
1.244200007644431782e-01, 2.906300000000000000e+04
1.245208273452895753e-01, 3.455100000000000000e+04
1.246216539261359585e-01, 3.556300000000000000e+04
1.247224805069823556e-01, 2.953300000000000000e+04
1.248233070878287387e-01, 3.173900000000000000e+04
1.249241336686751219e-01, 3.659000000000000000e+04
1.250249602495215051e-01, 3.179500000000000000e+04
1.251257868303679022e-01, 2.950500000000000000e+04
1.252266134112142992e-01, 3.552600000000000000e+04
1.253274399920606685e-01, 3.460600000000000000e+04
1.254282665729070656e-01, 2.907700000000000000e+04
1.255290931537534627e-01, 3.294700000000000000e+04
1.256299197345998320e-01, 3.640700000000000000e+04
1.257307463154462290e-01, 3.068900000000000000e+04
1.258315728962926261e-01, 3.028100000000000000e+04
1.259323994771389954e-01, 3.621700000000000000e+04
1.260332260579853925e-01, 3.345700000000000000e+04
1.261340526388317895e-01, 2.899500000000000000e+04
1.262348792196781866e-01, 3.413500000000000000e+04
1.263357058005245559e-01, 3.585700000000000000e+04
1.264365323813709530e-01, 2.979700000000000000e+04
1.265373589622173500e-01, 3.131100000000000000e+04
1.266381855430637193e-01, 3.656100000000000000e+04
1.267390121239101164e-01, 3.224500000000000000e+04
1.268398387047565135e-01, 2.929600000000000000e+04
1.269406652856028828e-01, 3.518400000000000000e+04
1.270414918664492798e-01, 3.498800000000000000e+04
1.271423184472956769e-01, 2.920600000000000000e+04
1.272431450281420462e-01, 3.248900000000000000e+04
1.273439716089884433e-01, 3.652000000000000000e+04
1.274447981898348403e-01, 3.108500000000000000e+04
1.275456247706812096e-01, 2.995400000000000000e+04
1.276464513515276067e-01, 3.599400000000000000e+04
1.277472779323740038e-01, 3.390100000000000000e+04
1.278481045132203731e-01, 2.898000000000000000e+04
1.279489310940667701e-01, 3.370000000000000000e+04
1.280497576749131672e-01, 3.610100000000000000e+04
1.281505842557595642e-01, 3.010000000000000000e+04
1.282514108366059336e-01, 3.090200000000000000e+04
1.283522374174523306e-01, 3.647600000000000000e+04
1.284530639982987277e-01, 3.269900000000000000e+04
1.285538905791450970e-01, 2.914100000000000000e+04
1.286547171599914940e-01, 3.481700000000000000e+04
1.287555437408378911e-01, 3.534500000000000000e+04
1.288563703216842604e-01, 2.938800000000000000e+04
1.289571969025306575e-01, 3.203900000000000000e+04
1.290580234833770545e-01, 3.658100000000000000e+04
1.291588500642234238e-01, 3.150500000000000000e+04
1.292596766450698209e-01, 2.967200000000000000e+04
1.293605032259162180e-01, 3.572600000000000000e+04
1.294613298067625873e-01, 3.432900000000000000e+04
1.295621563876089843e-01, 2.901900000000000000e+04
1.296629829684553814e-01, 3.325200000000000000e+04
1.297638095493017785e-01, 3.630400000000000000e+04
1.298646361301481478e-01, 3.044300000000000000e+04
1.299654627109945448e-01, 3.051900000000000000e+04
1.300662892918409419e-01, 3.633900000000000000e+04
1.301671158726873112e-01, 3.315500000000000000e+04
1.302679424535337083e-01, 2.903500000000000000e+04
1.303687690343801053e-01, 3.441800000000000000e+04
1.304695956152264746e-01, 3.566600000000000000e+04
1.305704221960728717e-01, 2.961700000000000000e+04
1.306712487769192688e-01, 3.159900000000000000e+04
1.307720753577656381e-01, 3.659300000000000000e+04
1.308729019386120351e-01, 3.194600000000000000e+04
1.309737285194584322e-01, 2.943200000000000000e+04
1.310745551003048015e-01, 3.541800000000000000e+04
1.311753816811511986e-01, 3.473400000000000000e+04
1.312762082619975956e-01, 2.911000000000000000e+04
1.313770348428439649e-01, 3.279500000000000000e+04
1.314778614236903620e-01, 3.645200000000000000e+04
1.315786880045367591e-01, 3.081600000000000000e+04
1.316795145853831561e-01, 3.016800000000000000e+04
1.317803411662295254e-01, 3.615100000000000000e+04
1.318811677470759225e-01, 3.360500000000000000e+04
1.319819943279223196e-01, 2.897900000000000000e+04
1.320828209087686889e-01, 3.399600000000000000e+04
1.321836474896150859e-01, 3.594700000000000000e+04
1.322844740704614830e-01, 2.989000000000000000e+04
1.323853006513078523e-01, 3.117100000000000000e+04
1.324861272321542494e-01, 3.654200000000000000e+04
1.325869538130006464e-01, 3.239300000000000000e+04
1.326877803938470157e-01, 2.923800000000000000e+04
1.327886069746934128e-01, 3.506900000000000000e+04
1.328894335555398099e-01, 3.511200000000000000e+04
1.329902601363861792e-01, 2.925600000000000000e+04
1.330910867172325762e-01, 3.234000000000000000e+04
1.331919132980789733e-01, 3.655100000000000000e+04
1.332927398789253426e-01, 3.121900000000000000e+04
1.333935664597717397e-01, 2.985100000000000000e+04
1.334943930406181367e-01, 3.590900000000000000e+04
1.335952196214645338e-01, 3.404200000000000000e+04
1.336960462023109031e-01, 2.898100000000000000e+04
1.337968727831573001e-01, 3.355300000000000000e+04
1.338976993640036972e-01, 3.617600000000000000e+04
1.339985259448500665e-01, 3.020700000000000000e+04
1.340993525256964636e-01, 3.077000000000000000e+04
1.342001791065428606e-01, 3.643700000000000000e+04
1.343010056873892299e-01, 3.284800000000000000e+04
1.344018322682356270e-01, 2.909600000000000000e+04
1.345026588490820241e-01, 3.469300000000000000e+04
1.346034854299283934e-01, 3.546300000000000000e+04
1.347043120107747904e-01, 2.945600000000000000e+04
1.348051385916211875e-01, 3.189200000000000000e+04
1.349059651724675568e-01, 3.659700000000000000e+04
1.350067917533139539e-01, 3.165000000000000000e+04
1.351076183341603509e-01, 2.958700000000000000e+04
1.352084449150067202e-01, 3.563300000000000000e+04
1.353092714958531173e-01, 3.446700000000000000e+04
1.354100980766995144e-01, 2.904000000000000000e+04
1.355109246575459114e-01, 3.310000000000000000e+04
1.356117512383922807e-01, 3.636200000000000000e+04
1.357125778192386778e-01, 3.056300000000000000e+04
1.358134044000850749e-01, 3.040000000000000000e+04
1.359142309809314442e-01, 3.629100000000000000e+04
1.360150575617778412e-01, 3.331000000000000000e+04
1.361158841426242383e-01, 2.901100000000000000e+04
1.362167107234706076e-01, 3.428200000000000000e+04
1.363175373043170047e-01, 3.576700000000000000e+04
1.364183638851634017e-01, 2.969900000000000000e+04
1.365191904660097710e-01, 3.145200000000000000e+04
1.366200170468561681e-01, 3.658200000000000000e+04
1.367208436277025652e-01, 3.209100000000000000e+04
1.368216702085489345e-01, 2.935800000000000000e+04
1.369224967893953315e-01, 3.531100000000000000e+04
1.370233233702417286e-01, 3.486600000000000000e+04
1.371241499510881257e-01, 2.915100000000000000e+04
1.372249765319344950e-01, 3.264500000000000000e+04
1.373258031127808920e-01, 3.650000000000000000e+04
1.374266296936272891e-01, 3.095100000000000000e+04
1.375274562744736584e-01, 3.006100000000000000e+04
1.376282828553200555e-01, 3.608000000000000000e+04
1.377291094361664525e-01, 3.375500000000000000e+04
1.378299360170128218e-01, 2.897700000000000000e+04
1.379307625978592189e-01, 3.385200000000000000e+04
1.380315891787056160e-01, 3.602800000000000000e+04
1.381324157595519853e-01, 2.998900000000000000e+04
1.382332423403983823e-01, 3.103500000000000000e+04
1.383340689212447794e-01, 3.651700000000000000e+04
1.384348955020911487e-01, 3.254400000000000000e+04
1.385357220829375458e-01, 2.918200000000000000e+04
1.386365486637839428e-01, 3.494700000000000000e+04
1.387373752446303121e-01, 3.523200000000000000e+04
1.388382018254767092e-01, 2.931300000000000000e+04
1.389390284063231062e-01, 3.219000000000000000e+04
1.390398549871695033e-01, 3.657800000000000000e+04
1.391406815680158726e-01, 3.135900000000000000e+04
1.392415081488622697e-01, 2.975400000000000000e+04
1.393423347297086667e-01, 3.582200000000000000e+04
1.394431613105550360e-01, 3.418700000000000000e+04
1.395439878914014331e-01, 2.899600000000000000e+04
1.396448144722478302e-01, 3.340500000000000000e+04
1.397456410530941995e-01, 3.624500000000000000e+04
1.398464676339405965e-01, 3.031400000000000000e+04
1.399472942147869936e-01, 3.063300000000000000e+04
1.400481207956333629e-01, 3.638800000000000000e+04
1.401489473764797600e-01, 3.300100000000000000e+04
1.402497739573261570e-01, 2.906300000000000000e+04
1.403506005381725263e-01, 3.455700000000000000e+04
1.404514271190189234e-01, 3.556500000000000000e+04
1.405522536998653205e-01, 2.953400000000000000e+04
1.406530802807116898e-01, 3.174600000000000000e+04
1.407539068615580868e-01, 3.659800000000000000e+04
1.408547334424044839e-01, 3.179600000000000000e+04
1.409555600232508810e-01, 2.950700000000000000e+04
1.410563866040972503e-01, 3.552800000000000000e+04
1.411572131849436473e-01, 3.460200000000000000e+04
1.412580397657900444e-01, 2.907200000000000000e+04
1.413588663466364137e-01, 3.295000000000000000e+04
1.414596929274828108e-01, 3.641100000000000000e+04
1.415605195083292078e-01, 3.068900000000000000e+04
1.416613460891755771e-01, 3.028300000000000000e+04
1.417621726700219742e-01, 3.622100000000000000e+04
1.418629992508683713e-01, 3.345700000000000000e+04
1.419638258317147406e-01, 2.899600000000000000e+04
1.420646524125611376e-01, 3.413800000000000000e+04
1.421654789934075347e-01, 3.585300000000000000e+04
1.422663055742539040e-01, 2.979300000000000000e+04
1.423671321551003011e-01, 3.131400000000000000e+04
1.424679587359466981e-01, 3.656300000000000000e+04
1.425687853167930674e-01, 3.224200000000000000e+04
1.426696118976394645e-01, 2.930000000000000000e+04
1.427704384784858616e-01, 3.519300000000000000e+04
1.428712650593322586e-01, 3.499000000000000000e+04
1.429720916401786279e-01, 2.920600000000000000e+04
1.430729182210250250e-01, 3.249500000000000000e+04
1.431737448018714220e-01, 3.652500000000000000e+04
1.432745713827177914e-01, 3.108600000000000000e+04
1.433753979635641884e-01, 2.995900000000000000e+04
1.434762245444105855e-01, 3.600000000000000000e+04
1.435770511252569548e-01, 3.390100000000000000e+04
1.436778777061033519e-01, 2.897900000000000000e+04
1.437787042869497489e-01, 3.370300000000000000e+04
1.438795308677961182e-01, 3.610200000000000000e+04
1.439803574486425153e-01, 3.009700000000000000e+04
1.440811840294889123e-01, 3.090300000000000000e+04
1.441820106103352817e-01, 3.648000000000000000e+04
1.442828371911816787e-01, 3.269800000000000000e+04
1.443836637720280758e-01, 2.914000000000000000e+04
1.444844903528744728e-01, 3.481900000000000000e+04
1.445853169337208421e-01, 3.534500000000000000e+04
1.446861435145672392e-01, 2.938400000000000000e+04
1.447869700954136363e-01, 3.203900000000000000e+04
1.448877966762600056e-01, 3.658000000000000000e+04
1.449886232571064026e-01, 3.150300000000000000e+04
1.450894498379527997e-01, 2.967300000000000000e+04
1.451902764187991690e-01, 3.573200000000000000e+04
1.452911029996455661e-01, 3.433100000000000000e+04
1.453919295804919631e-01, 2.901700000000000000e+04
1.454927561613383324e-01, 3.325100000000000000e+04
1.455935827421847295e-01, 3.630100000000000000e+04
1.456944093230311266e-01, 3.044000000000000000e+04
1.457952359038774959e-01, 3.052200000000000000e+04
1.458960624847238929e-01, 3.634000000000000000e+04
1.459968890655702900e-01, 3.315300000000000000e+04
1.460977156464166593e-01, 2.903500000000000000e+04
1.461985422272630564e-01, 3.441900000000000000e+04
1.462993688081094534e-01, 3.566300000000000000e+04
1.464001953889558505e-01, 2.961500000000000000e+04
1.465010219698022198e-01, 3.160000000000000000e+04
1.466018485506486169e-01, 3.659000000000000000e+04
1.467026751314950139e-01, 3.194400000000000000e+04
1.468035017123413832e-01, 2.943300000000000000e+04
1.469043282931877803e-01, 3.541600000000000000e+04
1.470051548740341774e-01, 3.473100000000000000e+04
1.471059814548805467e-01, 2.911500000000000000e+04
1.472068080357269437e-01, 3.279800000000000000e+04
1.473076346165733408e-01, 3.644900000000000000e+04
1.474084611974197101e-01, 3.081600000000000000e+04
1.475092877782661072e-01, 3.017200000000000000e+04
1.476101143591125042e-01, 3.614900000000000000e+04
1.477109409399588735e-01, 3.360300000000000000e+04
1.478117675208052706e-01, 2.898300000000000000e+04
1.479125941016516677e-01, 3.399700000000000000e+04
1.480134206824980370e-01, 3.594100000000000000e+04
1.481142472633444340e-01, 2.989200000000000000e+04
1.482150738441908311e-01, 3.117500000000000000e+04
1.483159004250372281e-01, 3.653800000000000000e+04
1.484167270058835975e-01, 3.239100000000000000e+04
1.485175535867299945e-01, 2.924100000000000000e+04
1.486183801675763916e-01, 3.507100000000000000e+04
1.487192067484227609e-01, 3.511000000000000000e+04
1.488200333292691580e-01, 2.926100000000000000e+04
1.489208599101155550e-01, 3.234300000000000000e+04
1.490216864909619243e-01, 3.654700000000000000e+04
1.491225130718083214e-01, 3.121900000000000000e+04
1.492233396526547184e-01, 2.985800000000000000e+04
1.493241662335010878e-01, 3.591300000000000000e+04
1.494249928143474848e-01, 3.404400000000000000e+04
1.495258193951938819e-01, 2.898800000000000000e+04
1.496266459760402512e-01, 3.355700000000000000e+04
1.497274725568866482e-01, 3.617400000000000000e+04
1.498282991377330453e-01, 3.020800000000000000e+04
1.499291257185794146e-01, 3.077500000000000000e+04
1.500299522994258117e-01, 3.643700000000000000e+04
1.501307788802722087e-01, 3.284600000000000000e+04
1.502316054611186058e-01, 2.909800000000000000e+04
1.503324320419649751e-01, 3.469000000000000000e+04
1.504332586228113722e-01, 3.545500000000000000e+04
1.505340852036577692e-01, 2.945700000000000000e+04
1.506349117845041385e-01, 3.189400000000000000e+04
1.507357383653505356e-01, 3.659100000000000000e+04
1.508365649461969327e-01, 3.164600000000000000e+04
1.509373915270433020e-01, 2.958800000000000000e+04
1.510382181078896990e-01, 3.563100000000000000e+04
1.511390446887360961e-01, 3.446200000000000000e+04
1.512398712695824654e-01, 2.904000000000000000e+04
1.513406978504288625e-01, 3.310300000000000000e+04
1.514415244312752595e-01, 3.636200000000000000e+04
1.515423510121216288e-01, 3.056200000000000000e+04
1.516431775929680259e-01, 3.039900000000000000e+04
1.517440041738144230e-01, 3.628300000000000000e+04
1.518448307546608200e-01, 3.330200000000000000e+04
1.519456573355071893e-01, 2.901000000000000000e+04
1.520464839163535864e-01, 3.428400000000000000e+04
1.521473104971999835e-01, 3.576200000000000000e+04
1.522481370780463528e-01, 2.969400000000000000e+04
1.523489636588927498e-01, 3.145100000000000000e+04
1.524497902397391469e-01, 3.658000000000000000e+04
1.525506168205855162e-01, 3.208900000000000000e+04
1.526514434014319133e-01, 2.936100000000000000e+04
1.527522699822783103e-01, 3.531300000000000000e+04
1.528530965631246796e-01, 3.486800000000000000e+04
1.529539231439710767e-01, 2.915300000000000000e+04
1.530547497248174738e-01, 3.264600000000000000e+04
1.531555763056638431e-01, 3.649000000000000000e+04
1.532564028865102401e-01, 3.094500000000000000e+04
1.533572294673566372e-01, 3.005900000000000000e+04
1.534580560482030065e-01, 3.607700000000000000e+04
1.535588826290494036e-01, 3.375000000000000000e+04
1.536597092098958006e-01, 2.897300000000000000e+04
1.537605357907421977e-01, 3.385300000000000000e+04
1.538613623715885670e-01, 3.602700000000000000e+04
1.539621889524349641e-01, 2.999100000000000000e+04
1.540630155332813611e-01, 3.104100000000000000e+04
1.541638421141277304e-01, 3.651700000000000000e+04
1.542646686949741275e-01, 3.254400000000000000e+04
1.543654952758205245e-01, 2.918700000000000000e+04
1.544663218566668939e-01, 3.494800000000000000e+04
1.545671484375132909e-01, 3.522800000000000000e+04
1.546679750183596880e-01, 2.931700000000000000e+04
1.547688015992060573e-01, 3.219400000000000000e+04
1.548696281800524543e-01, 3.657200000000000000e+04
1.549704547608988514e-01, 3.135800000000000000e+04
1.550712813417452207e-01, 2.976300000000000000e+04
1.551721079225916178e-01, 3.582800000000000000e+04
1.552729345034380148e-01, 3.418600000000000000e+04
1.553737610842843841e-01, 2.899400000000000000e+04
1.554745876651307812e-01, 3.340700000000000000e+04
1.555754142459771783e-01, 3.624400000000000000e+04
1.556762408268235753e-01, 3.032000000000000000e+04
1.557770674076699446e-01, 3.064800000000000000e+04
1.558778939885163417e-01, 3.639800000000000000e+04
1.559787205693627388e-01, 3.300000000000000000e+04
1.560795471502091081e-01, 2.906100000000000000e+04
1.561803737310555051e-01, 3.456000000000000000e+04
1.562812003119019022e-01, 3.556400000000000000e+04
1.563820268927482715e-01, 2.952700000000000000e+04
1.564828534735946686e-01, 3.174300000000000000e+04
1.565836800544410656e-01, 3.659400000000000000e+04
1.566845066352874349e-01, 3.178800000000000000e+04
1.567853332161338320e-01, 2.950300000000000000e+04
1.568861597969802291e-01, 3.553300000000000000e+04
1.569869863778265984e-01, 3.460200000000000000e+04
1.570878129586729954e-01, 2.907200000000000000e+04
1.571886395395193925e-01, 3.295500000000000000e+04
1.572894661203657618e-01, 3.641500000000000000e+04
1.573902927012121589e-01, 3.067600000000000000e+04
1.574911192820585559e-01, 3.027000000000000000e+04
1.575919458629049530e-01, 3.621700000000000000e+04
1.576927724437513223e-01, 3.345100000000000000e+04
1.577935990245977194e-01, 2.899000000000000000e+04
1.578944256054441164e-01, 3.414100000000000000e+04
1.579952521862904857e-01, 3.585300000000000000e+04
1.580960787671368828e-01, 2.978900000000000000e+04
1.581969053479832799e-01, 3.131400000000000000e+04
1.582977319288296492e-01, 3.656600000000000000e+04
1.583985585096760462e-01, 3.223900000000000000e+04
1.584993850905224433e-01, 2.929800000000000000e+04
1.586002116713688126e-01, 3.519700000000000000e+04
1.587010382522152097e-01, 3.499000000000000000e+04
1.588018648330616067e-01, 2.920100000000000000e+04
1.589026914139079760e-01, 3.249600000000000000e+04
1.590035179947543731e-01, 3.652600000000000000e+04
1.591043445756007702e-01, 3.107700000000000000e+04
1.592051711564471672e-01, 2.995200000000000000e+04
1.593059977372935365e-01, 3.599900000000000000e+04
1.594068243181399336e-01, 3.389700000000000000e+04
1.595076508989863306e-01, 2.897700000000000000e+04
1.596084774798327000e-01, 3.370700000000000000e+04
1.597093040606790970e-01, 3.610400000000000000e+04
1.598101306415254941e-01, 3.009400000000000000e+04
1.599109572223718634e-01, 3.090600000000000000e+04
1.600117838032182604e-01, 3.648700000000000000e+04
1.601126103840646575e-01, 3.270100000000000000e+04
1.602134369649110268e-01, 2.914300000000000000e+04
1.603142635457574239e-01, 3.482600000000000000e+04
1.604150901266038209e-01, 3.534700000000000000e+04
1.605159167074501902e-01, 2.937800000000000000e+04
1.606167432882965873e-01, 3.203900000000000000e+04
1.607175698691429844e-01, 3.658300000000000000e+04
1.608183964499893537e-01, 3.150100000000000000e+04
1.609192230308357507e-01, 2.967300000000000000e+04
1.610200496116821478e-01, 3.573400000000000000e+04
1.611208761925285449e-01, 3.432700000000000000e+04
1.612217027733749142e-01, 2.901600000000000000e+04
1.613225293542213112e-01, 3.325800000000000000e+04
1.614233559350677083e-01, 3.630300000000000000e+04
1.615241825159140776e-01, 3.043800000000000000e+04
1.616250090967604747e-01, 3.052200000000000000e+04
1.617258356776068717e-01, 3.634300000000000000e+04
1.618266622584532410e-01, 3.315200000000000000e+04
1.619274888392996381e-01, 2.903400000000000000e+04
1.620283154201460352e-01, 3.442400000000000000e+04
1.621291420009924045e-01, 3.566700000000000000e+04
1.622299685818388015e-01, 2.961600000000000000e+04
1.623307951626851986e-01, 3.160400000000000000e+04
1.624316217435315679e-01, 3.659100000000000000e+04
1.625324483243779650e-01, 3.194000000000000000e+04
1.626332749052243620e-01, 2.943400000000000000e+04
1.627341014860707313e-01, 3.542200000000000000e+04
1.628349280669171284e-01, 3.473100000000000000e+04
1.629357546477635255e-01, 2.911300000000000000e+04
1.630365812286099225e-01, 3.280300000000000000e+04
1.631374078094562918e-01, 3.645200000000000000e+04
1.632382343903026889e-01, 3.081400000000000000e+04
1.633390609711490860e-01, 3.017300000000000000e+04
1.634398875519954553e-01, 3.615200000000000000e+04
1.635407141328418523e-01, 3.360100000000000000e+04
1.636415407136882494e-01, 2.898300000000000000e+04
1.637423672945346187e-01, 3.399900000000000000e+04
1.638431938753810158e-01, 3.594200000000000000e+04
1.639440204562274128e-01, 2.989000000000000000e+04
1.640448470370737821e-01, 3.117700000000000000e+04
1.641456736179201792e-01, 3.653900000000000000e+04
1.642465001987665763e-01, 3.238700000000000000e+04
1.643473267796129456e-01, 2.924000000000000000e+04
1.644481533604593426e-01, 3.507600000000000000e+04
1.645489799413057397e-01, 3.511300000000000000e+04
1.646498065221521367e-01, 2.925700000000000000e+04
1.647506331029985061e-01, 3.234200000000000000e+04
1.648514596838449031e-01, 3.654500000000000000e+04
1.649522862646913002e-01, 3.121700000000000000e+04
1.650531128455376695e-01, 2.986000000000000000e+04
1.651539394263840665e-01, 3.591300000000000000e+04
1.652547660072304636e-01, 3.404000000000000000e+04
1.653555925880768329e-01, 2.898600000000000000e+04
1.654564191689232300e-01, 3.355800000000000000e+04
1.655572457497696270e-01, 3.617200000000000000e+04
1.656580723306159963e-01, 3.020500000000000000e+04
1.657588989114623934e-01, 3.077500000000000000e+04
1.658597254923087905e-01, 3.643800000000000000e+04
1.659605520731551598e-01, 3.284600000000000000e+04
1.660613786540015568e-01, 2.910000000000000000e+04
1.661622052348479539e-01, 3.469100000000000000e+04
1.662630318156943232e-01, 3.545300000000000000e+04
1.663638583965407203e-01, 2.945600000000000000e+04
1.664646849773871173e-01, 3.189600000000000000e+04
1.665655115582335144e-01, 3.659000000000000000e+04
1.666663381390798837e-01, 3.164400000000000000e+04
1.667671647199262808e-01, 2.959000000000000000e+04
1.668679913007726778e-01, 3.563200000000000000e+04
1.669688178816190471e-01, 3.446100000000000000e+04
1.670696444624654442e-01, 2.904500000000000000e+04
1.671704710433118413e-01, 3.310400000000000000e+04
1.672712976241582106e-01, 3.635300000000000000e+04
1.673721242050046076e-01, 3.056000000000000000e+04
1.674729507858510047e-01, 3.040400000000000000e+04
1.675737773666973740e-01, 3.628500000000000000e+04
1.676746039475437711e-01, 3.330300000000000000e+04
1.677754305283901681e-01, 2.901600000000000000e+04
1.678762571092365374e-01, 3.428500000000000000e+04
1.679770836900829345e-01, 3.575900000000000000e+04
1.680779102709293316e-01, 2.970100000000000000e+04
1.681787368517757009e-01, 3.145900000000000000e+04
1.682795634326220979e-01, 3.657800000000000000e+04
1.683803900134684950e-01, 3.208800000000000000e+04
1.684812165943148921e-01, 2.936600000000000000e+04
1.685820431751612614e-01, 3.530900000000000000e+04
1.686828697560076584e-01, 3.485800000000000000e+04
1.687836963368540555e-01, 2.915500000000000000e+04
1.688845229177004248e-01, 3.264800000000000000e+04
1.689853494985468219e-01, 3.648700000000000000e+04
1.690861760793932189e-01, 3.094500000000000000e+04
1.691870026602395882e-01, 3.006400000000000000e+04
1.692878292410859853e-01, 3.607600000000000000e+04
1.693886558219323824e-01, 3.374700000000000000e+04
1.694894824027787517e-01, 2.897900000000000000e+04
1.695903089836251487e-01, 3.385400000000000000e+04
1.696911355644715458e-01, 3.602200000000000000e+04
1.697919621453179151e-01, 2.998900000000000000e+04
1.698927887261643122e-01, 3.104000000000000000e+04
1.699936153070107092e-01, 3.651100000000000000e+04
1.700944418878570785e-01, 3.253900000000000000e+04
1.701952684687034756e-01, 2.918600000000000000e+04
1.702960950495498726e-01, 3.494800000000000000e+04
1.703969216303962697e-01, 3.522600000000000000e+04
1.704977482112426390e-01, 2.931700000000000000e+04
1.705985747920890361e-01, 3.219400000000000000e+04
1.706994013729354331e-01, 3.656700000000000000e+04
1.708002279537818024e-01, 3.135400000000000000e+04
1.709010545346281995e-01, 2.976100000000000000e+04
1.710018811154745966e-01, 3.582400000000000000e+04
1.711027076963209659e-01, 3.418100000000000000e+04
1.712035342771673629e-01, 2.899800000000000000e+04
1.713043608580137600e-01, 3.341000000000000000e+04
1.714051874388601293e-01, 3.624300000000000000e+04
1.715060140197065264e-01, 3.031800000000000000e+04
1.716068406005529234e-01, 3.064600000000000000e+04
1.717076671813992927e-01, 3.639200000000000000e+04
1.718084937622456898e-01, 3.299600000000000000e+04
1.719093203430920869e-01, 2.906500000000000000e+04
1.720101469239384839e-01, 3.456300000000000000e+04
1.721109735047848532e-01, 3.556200000000000000e+04
1.722118000856312503e-01, 2.952900000000000000e+04
1.723126266664776474e-01, 3.174800000000000000e+04
1.724134532473240167e-01, 3.659500000000000000e+04
1.725142798281704137e-01, 3.178900000000000000e+04
1.726151064090168108e-01, 2.950700000000000000e+04
1.727159329898631801e-01, 3.553300000000000000e+04
1.728167595707095772e-01, 3.460400000000000000e+04
1.729175861515559742e-01, 2.907700000000000000e+04
1.730184127324023435e-01, 3.295700000000000000e+04
1.731192393132487406e-01, 3.640800000000000000e+04
1.732200658940951377e-01, 3.068200000000000000e+04
1.733208924749415070e-01, 3.028600000000000000e+04
1.734217190557879040e-01, 3.622200000000000000e+04
1.735225456366343011e-01, 3.345000000000000000e+04
1.736233722174806704e-01, 2.899300000000000000e+04
1.737241987983270675e-01, 3.414600000000000000e+04
1.738250253791734645e-01, 3.585400000000000000e+04
1.739258519600198616e-01, 2.978700000000000000e+04
1.740266785408662309e-01, 3.131400000000000000e+04
1.741275051217126280e-01, 3.656400000000000000e+04
1.742283317025590250e-01, 3.223400000000000000e+04
1.743291582834053943e-01, 2.929600000000000000e+04
1.744299848642517914e-01, 3.519400000000000000e+04
1.745308114450981885e-01, 3.498500000000000000e+04
1.746316380259445578e-01, 2.920200000000000000e+04
1.747324646067909548e-01, 3.250100000000000000e+04
1.748332911876373519e-01, 3.652500000000000000e+04
1.749341177684837212e-01, 3.107700000000000000e+04
1.750349443493301183e-01, 2.995600000000000000e+04
1.751357709301765153e-01, 3.601000000000000000e+04
1.752365975110228846e-01, 3.390500000000000000e+04
1.753374240918692817e-01, 2.898200000000000000e+04
1.754382506727156787e-01, 3.371100000000000000e+04
1.755390772535620481e-01, 3.610300000000000000e+04
1.756399038344084451e-01, 3.008800000000000000e+04
1.757407304152548422e-01, 3.090000000000000000e+04
1.758415569961012392e-01, 3.647800000000000000e+04
1.759423835769476085e-01, 3.268900000000000000e+04
1.760432101577940056e-01, 2.913800000000000000e+04
1.761440367386404027e-01, 3.482600000000000000e+04
1.762448633194867720e-01, 3.534300000000000000e+04
1.763456899003331690e-01, 2.938100000000000000e+04
1.764465164811795661e-01, 3.204700000000000000e+04
1.765473430620259354e-01, 3.658900000000000000e+04
1.766481696428723325e-01, 3.149900000000000000e+04
1.767489962237187295e-01, 2.967500000000000000e+04
1.768498228045650988e-01, 3.573600000000000000e+04
1.769506493854114959e-01, 3.432300000000000000e+04
1.770514759662578930e-01, 2.901400000000000000e+04
1.771523025471042623e-01, 3.326200000000000000e+04
1.772531291279506593e-01, 3.630700000000000000e+04
1.773539557087970564e-01, 3.043500000000000000e+04
1.774547822896434257e-01, 3.052500000000000000e+04
1.775556088704898228e-01, 3.634700000000000000e+04
1.776564354513362198e-01, 3.314800000000000000e+04
1.777572620321826169e-01, 2.903200000000000000e+04
1.778580886130289862e-01, 3.442600000000000000e+04
1.779589151938753833e-01, 3.566300000000000000e+04
1.780597417747217803e-01, 2.961000000000000000e+04
1.781605683555681496e-01, 3.160500000000000000e+04
1.782613949364145467e-01, 3.659400000000000000e+04
1.783622215172609438e-01, 3.193400000000000000e+04
1.784630480981073131e-01, 2.942600000000000000e+04
1.785638746789537101e-01, 3.542100000000000000e+04
1.786647012598001072e-01, 3.472700000000000000e+04
1.787655278406464765e-01, 2.910200000000000000e+04
1.788663544214928736e-01, 3.279900000000000000e+04
1.789671810023392706e-01, 3.645200000000000000e+04
1.790680075831856399e-01, 3.081000000000000000e+04
1.791688341640320370e-01, 3.017300000000000000e+04
1.792696607448784341e-01, 3.615700000000000000e+04
1.793704873257248311e-01, 3.359900000000000000e+04
1.794713139065712004e-01, 2.897800000000000000e+04
1.795721404874175975e-01, 3.400800000000000000e+04
1.796729670682639946e-01, 3.595100000000000000e+04
1.797737936491103639e-01, 2.989100000000000000e+04
1.798746202299567609e-01, 3.118200000000000000e+04
1.799754468108031580e-01, 3.654600000000000000e+04
1.800762733916495273e-01, 3.238900000000000000e+04
1.801770999724959244e-01, 2.924200000000000000e+04
1.802779265533423214e-01, 3.507800000000000000e+04
1.803787531341886907e-01, 3.511000000000000000e+04
1.804795797150350878e-01, 2.925600000000000000e+04
1.805804062958814848e-01, 3.234800000000000000e+04
1.806812328767278542e-01, 3.654900000000000000e+04
1.807820594575742512e-01, 3.121500000000000000e+04
1.808828860384206483e-01, 2.986200000000000000e+04
1.809837126192670176e-01, 3.592100000000000000e+04
1.810845392001134146e-01, 3.404100000000000000e+04
1.811853657809598117e-01, 2.898600000000000000e+04
1.812861923618062088e-01, 3.356300000000000000e+04
1.813870189426525781e-01, 3.617300000000000000e+04
1.814878455234989751e-01, 3.020200000000000000e+04
1.815886721043453722e-01, 3.077700000000000000e+04
1.816894986851917415e-01, 3.643900000000000000e+04
1.817903252660381386e-01, 3.284200000000000000e+04
1.818911518468845356e-01, 2.909900000000000000e+04
1.819919784277309049e-01, 3.469400000000000000e+04
1.820928050085773020e-01, 3.545100000000000000e+04
1.821936315894236991e-01, 2.945400000000000000e+04
1.822944581702700684e-01, 3.189900000000000000e+04
1.823952847511164654e-01, 3.659200000000000000e+04
1.824961113319628625e-01, 3.164300000000000000e+04
1.825969379128092318e-01, 2.959000000000000000e+04
1.826977644936556289e-01, 3.563700000000000000e+04
1.827985910745020259e-01, 3.446200000000000000e+04
1.828994176553483952e-01, 2.904600000000000000e+04
1.830002442361947923e-01, 3.311100000000000000e+04
1.831010708170411894e-01, 3.635600000000000000e+04
1.832018973978875864e-01, 3.055600000000000000e+04
1.833027239787339557e-01, 3.040400000000000000e+04
1.834035505595803528e-01, 3.628400000000000000e+04
1.835043771404267499e-01, 3.329700000000000000e+04
1.836052037212731192e-01, 2.901300000000000000e+04
1.837060303021195162e-01, 3.428700000000000000e+04
1.838068568829659133e-01, 3.576100000000000000e+04
1.839076834638122826e-01, 2.970200000000000000e+04
1.840085100446586797e-01, 3.146300000000000000e+04
1.841093366255050767e-01, 3.658200000000000000e+04
1.842101632063514460e-01, 3.208600000000000000e+04
1.843109897871978431e-01, 2.936600000000000000e+04
1.844118163680442402e-01, 3.531100000000000000e+04
1.845126429488906095e-01, 3.485600000000000000e+04
1.846134695297370065e-01, 2.915100000000000000e+04
1.847142961105834036e-01, 3.265300000000000000e+04
1.848151226914297729e-01, 3.649300000000000000e+04
1.849159492722761700e-01, 3.094600000000000000e+04
1.850167758531225670e-01, 3.006700000000000000e+04
1.851176024339689641e-01, 3.608000000000000000e+04
1.852184290148153334e-01, 3.374500000000000000e+04
1.853192555956617305e-01, 2.897600000000000000e+04
1.854200821765081275e-01, 3.385400000000000000e+04
1.855209087573544968e-01, 3.601900000000000000e+04
1.856217353382008939e-01, 2.998300000000000000e+04
1.857225619190472909e-01, 3.103900000000000000e+04
1.858233884998936603e-01, 3.651100000000000000e+04
1.859242150807400573e-01, 3.253700000000000000e+04
1.860250416615864544e-01, 2.919000000000000000e+04
1.861258682424328237e-01, 3.495500000000000000e+04
1.862266948232792207e-01, 3.522700000000000000e+04
1.863275214041256178e-01, 2.931900000000000000e+04
1.864283479849719871e-01, 3.220100000000000000e+04
1.865291745658183842e-01, 3.657500000000000000e+04
1.866300011466647812e-01, 3.135900000000000000e+04
1.867308277275111783e-01, 2.976900000000000000e+04
1.868316543083575476e-01, 3.582700000000000000e+04
1.869324808892039447e-01, 3.418000000000000000e+04
1.870333074700503417e-01, 2.899900000000000000e+04
1.871341340508967110e-01, 3.341000000000000000e+04
1.872349606317431081e-01, 3.623600000000000000e+04
1.873357872125895052e-01, 3.031700000000000000e+04
1.874366137934358745e-01, 3.065000000000000000e+04
1.875374403742822715e-01, 3.639200000000000000e+04
1.876382669551286686e-01, 3.299500000000000000e+04
1.877390935359750379e-01, 2.906600000000000000e+04
1.878399201168214350e-01, 3.456000000000000000e+04
1.879407466976678320e-01, 3.555800000000000000e+04
1.880415732785142013e-01, 2.952800000000000000e+04
1.881423998593605984e-01, 3.174900000000000000e+04
1.882432264402069955e-01, 3.659200000000000000e+04
1.883440530210533648e-01, 3.178800000000000000e+04
1.884448796018997618e-01, 2.951300000000000000e+04
1.885457061827461589e-01, 3.553100000000000000e+04
1.886465327635925560e-01, 3.459500000000000000e+04
1.887473593444389253e-01, 2.907700000000000000e+04
1.888481859252853223e-01, 3.295900000000000000e+04
1.889490125061317194e-01, 3.640400000000000000e+04
1.890498390869780887e-01, 3.068200000000000000e+04
1.891506656678244858e-01, 3.029000000000000000e+04
1.892514922486708828e-01, 3.622100000000000000e+04
1.893523188295172521e-01, 3.345100000000000000e+04
1.894531454103636492e-01, 2.899600000000000000e+04
1.895539719912100463e-01, 3.414200000000000000e+04
1.896547985720564156e-01, 3.584600000000000000e+04
1.897556251529028126e-01, 2.978900000000000000e+04
1.898564517337492097e-01, 3.132100000000000000e+04
1.899572783145955790e-01, 3.656400000000000000e+04
1.900581048954419761e-01, 3.223500000000000000e+04
1.901589314762883731e-01, 2.930300000000000000e+04
1.902597580571347424e-01, 3.519600000000000000e+04
1.903605846379811395e-01, 3.498300000000000000e+04
1.904614112188275366e-01, 2.920400000000000000e+04
1.905622377996739336e-01, 3.250200000000000000e+04
1.906630643805203029e-01, 3.652100000000000000e+04
1.907638909613667000e-01, 3.107500000000000000e+04
1.908647175422130970e-01, 2.996300000000000000e+04
1.909655441230594664e-01, 3.600200000000000000e+04
1.910663707039058634e-01, 3.389200000000000000e+04
1.911671972847522605e-01, 2.897800000000000000e+04
1.912680238655986298e-01, 3.371200000000000000e+04
1.913688504464450268e-01, 3.610000000000000000e+04
1.914696770272914239e-01, 3.009200000000000000e+04
1.915705036081377932e-01, 3.091100000000000000e+04
1.916713301889841903e-01, 3.648100000000000000e+04
1.917721567698305873e-01, 3.268900000000000000e+04
1.918729833506769566e-01, 2.914300000000000000e+04
1.919738099315233537e-01, 3.482900000000000000e+04
1.920746365123697508e-01, 3.534100000000000000e+04
1.921754630932161201e-01, 2.938200000000000000e+04
1.922762896740625171e-01, 3.204900000000000000e+04
1.923771162549089142e-01, 3.658300000000000000e+04
1.924779428357553113e-01, 3.149400000000000000e+04
1.925787694166016806e-01, 2.967500000000000000e+04
1.926795959974480776e-01, 3.574100000000000000e+04
1.927804225782944747e-01, 3.432700000000000000e+04
1.928812491591408440e-01, 2.901800000000000000e+04
1.929820757399872411e-01, 3.326300000000000000e+04
1.930829023208336381e-01, 3.630300000000000000e+04
1.931837289016800074e-01, 3.043500000000000000e+04
1.932845554825264045e-01, 3.052900000000000000e+04
1.933853820633728016e-01, 3.634600000000000000e+04
1.934862086442191709e-01, 3.314700000000000000e+04
1.935870352250655679e-01, 2.903700000000000000e+04
1.936878618059119650e-01, 3.442900000000000000e+04
1.937886883867583343e-01, 3.566100000000000000e+04
1.938895149676047314e-01, 2.960900000000000000e+04
1.939903415484511284e-01, 3.160800000000000000e+04
1.940911681292975255e-01, 3.659400000000000000e+04
1.941919947101438948e-01, 3.193600000000000000e+04
1.942928212909902919e-01, 2.943600000000000000e+04
1.943936478718366889e-01, 3.542700000000000000e+04
1.944944744526830582e-01, 3.472500000000000000e+04
1.945953010335294553e-01, 2.909800000000000000e+04
1.946961276143758524e-01, 3.279700000000000000e+04
1.947969541952222217e-01, 3.644700000000000000e+04
1.948977807760686187e-01, 3.080600000000000000e+04
1.949986073569150158e-01, 3.017500000000000000e+04
1.950994339377613851e-01, 3.616000000000000000e+04
1.952002605186077822e-01, 3.359800000000000000e+04
1.953010870994541792e-01, 2.898100000000000000e+04
1.954019136803005485e-01, 3.400700000000000000e+04
1.955027402611469456e-01, 3.594400000000000000e+04
1.956035668419933427e-01, 2.988600000000000000e+04
1.957043934228397120e-01, 3.117900000000000000e+04
1.958052200036861090e-01, 3.654000000000000000e+04
1.959060465845325061e-01, 3.237900000000000000e+04
1.960068731653789031e-01, 2.923900000000000000e+04
1.961076997462252725e-01, 3.508100000000000000e+04
1.962085263270716695e-01, 3.511000000000000000e+04
1.963093529079180666e-01, 2.925400000000000000e+04
1.964101794887644359e-01, 3.235200000000000000e+04
1.965110060696108329e-01, 3.655300000000000000e+04
1.966118326504572300e-01, 3.121300000000000000e+04
1.967126592313035993e-01, 2.986200000000000000e+04
1.968134858121499964e-01, 3.592200000000000000e+04
1.969143123929963934e-01, 3.403800000000000000e+04
1.970151389738427627e-01, 2.898300000000000000e+04
1.971159655546891598e-01, 3.356500000000000000e+04
1.972167921355355569e-01, 3.617200000000000000e+04
1.973176187163819262e-01, 3.019800000000000000e+04
1.974184452972283232e-01, 3.077800000000000000e+04
1.975192718780747203e-01, 3.644500000000000000e+04
1.976200984589210896e-01, 3.284000000000000000e+04
1.977209250397674867e-01, 2.909800000000000000e+04
1.978217516206138837e-01, 3.469900000000000000e+04
1.979225782014602808e-01, 3.545300000000000000e+04
1.980234047823066501e-01, 2.944900000000000000e+04
1.981242313631530472e-01, 3.189700000000000000e+04
1.982250579439994442e-01, 3.659200000000000000e+04
1.983258845248458135e-01, 3.163600000000000000e+04
1.984267111056922106e-01, 2.958700000000000000e+04
1.985275376865386077e-01, 3.563800000000000000e+04
1.986283642673849770e-01, 3.445800000000000000e+04
1.987291908482313740e-01, 2.903500000000000000e+04
1.988300174290777711e-01, 3.310800000000000000e+04
1.989308440099241404e-01, 3.635700000000000000e+04
1.990316705907705375e-01, 3.054700000000000000e+04
1.991324971716169345e-01, 3.040000000000000000e+04
1.992333237524633038e-01, 3.628600000000000000e+04
1.993341503333097009e-01, 3.329600000000000000e+04
1.994349769141560980e-01, 2.900900000000000000e+04
1.995358034950024673e-01, 3.429300000000000000e+04
1.996366300758488643e-01, 3.576100000000000000e+04
1.997374566566952614e-01, 2.969500000000000000e+04
1.998382832375416585e-01, 3.146200000000000000e+04
1.999391098183880278e-01, 3.658200000000000000e+04
2.000399363992344248e-01, 3.208200000000000000e+04
2.001407629800808219e-01, 2.936500000000000000e+04
2.002415895609271912e-01, 3.531700000000000000e+04
2.003424161417735883e-01, 3.485800000000000000e+04
2.004432427226199853e-01, 2.915100000000000000e+04
2.005440693034663546e-01, 3.265500000000000000e+04
2.006448958843127517e-01, 3.649100000000000000e+04
2.007457224651591488e-01, 3.093900000000000000e+04
2.008465490460055181e-01, 3.006500000000000000e+04
2.009473756268519151e-01, 3.608200000000000000e+04
2.010482022076983122e-01, 3.374400000000000000e+04
2.011490287885446815e-01, 2.897600000000000000e+04
2.012498553693910786e-01, 3.386100000000000000e+04
2.013506819502374756e-01, 3.602200000000000000e+04
2.014515085310838727e-01, 2.998500000000000000e+04
2.015523351119302420e-01, 3.104500000000000000e+04
2.016531616927766390e-01, 3.651500000000000000e+04
2.017539882736230361e-01, 3.253500000000000000e+04
2.018548148544694054e-01, 2.918800000000000000e+04
2.019556414353158025e-01, 3.495500000000000000e+04
2.020564680161621995e-01, 3.522300000000000000e+04
2.021572945970085688e-01, 2.931500000000000000e+04
2.022581211778549659e-01, 3.220000000000000000e+04
2.023589477587013630e-01, 3.656900000000000000e+04
2.024597743395477323e-01, 3.135300000000000000e+04
2.025606009203941293e-01, 2.976900000000000000e+04
2.026614275012405264e-01, 3.583200000000000000e+04
2.027622540820868957e-01, 3.418100000000000000e+04
2.028630806629332928e-01, 2.899800000000000000e+04
2.029639072437796898e-01, 3.341200000000000000e+04
2.030647338246260591e-01, 3.623600000000000000e+04
2.031655604054724562e-01, 3.031400000000000000e+04
2.032663869863188533e-01, 3.065400000000000000e+04
2.033672135671652503e-01, 3.639500000000000000e+04
2.034680401480116196e-01, 3.299200000000000000e+04
2.035688667288580167e-01, 2.906600000000000000e+04
2.036696933097044138e-01, 3.456400000000000000e+04
2.037705198905507831e-01, 3.555500000000000000e+04
2.038713464713971801e-01, 2.952800000000000000e+04
2.039721730522435772e-01, 3.175300000000000000e+04
2.040729996330899465e-01, 3.659300000000000000e+04
2.041738262139363436e-01, 3.178400000000000000e+04
2.042746527947827406e-01, 2.951200000000000000e+04
2.043754793756291099e-01, 3.553400000000000000e+04
2.044763059564755070e-01, 3.459200000000000000e+04
2.045771325373219041e-01, 2.907300000000000000e+04
2.046779591181682734e-01, 3.296000000000000000e+04
2.047787856990146704e-01, 3.640500000000000000e+04
2.048796122798610675e-01, 3.067800000000000000e+04
2.049804388607074368e-01, 3.028700000000000000e+04
2.050812654415538339e-01, 3.622100000000000000e+04
2.051820920224002309e-01, 3.344400000000000000e+04
2.052829186032466280e-01, 2.899500000000000000e+04
2.053837451840929973e-01, 3.414600000000000000e+04
2.054845717649393944e-01, 3.584700000000000000e+04
2.055853983457857914e-01, 2.978600000000000000e+04
2.056862249266321607e-01, 3.132100000000000000e+04
2.057870515074785578e-01, 3.656300000000000000e+04
2.058878780883249549e-01, 3.223200000000000000e+04
2.059887046691713242e-01, 2.930300000000000000e+04
2.060895312500177212e-01, 3.519800000000000000e+04
2.061903578308641183e-01, 3.498100000000000000e+04
2.062911844117104876e-01, 2.920000000000000000e+04
2.063920109925568847e-01, 3.250200000000000000e+04
