0.000000000000000000e+00, 2.337900000000000000e+04
2.483220913740395385e-05, 2.129500000000000000e+04
4.966441827480790771e-05, 1.573000000000000000e+04
7.449662741221186495e-05, 1.299800000000000000e+04
9.932883654961581542e-05, 1.480400000000000000e+04
1.241610456870197794e-04, 2.072500000000000000e+04
1.489932548244237299e-04, 2.930000000000000000e+04
1.738254639618276804e-04, 3.877100000000000000e+04
1.986576730992316308e-04, 4.704000000000000000e+04
2.234898822366355813e-04, 5.233000000000000000e+04
2.483220913740395589e-04, 5.365900000000000000e+04
2.731543005114434822e-04, 5.063100000000000000e+04
2.979865096488474598e-04, 4.401000000000000000e+04
3.228187187862513832e-04, 3.507400000000000000e+04
3.476509279236553607e-04, 2.561700000000000000e+04
3.724831370610593383e-04, 1.780700000000000000e+04
3.973153461984632617e-04, 1.296300000000000000e+04
4.221475553358672392e-04, 1.220700000000000000e+04
4.469797644732711626e-04, 1.572100000000000000e+04
4.718119736106751402e-04, 2.277300000000000000e+04
4.966441827480791178e-04, 3.188800000000000000e+04
5.214763918854830411e-04, 4.118600000000000000e+04
5.463086010228869645e-04, 4.881800000000000000e+04
5.711408101602909963e-04, 5.310000000000000000e+04
5.959730192976949196e-04, 5.324400000000000000e+04
6.208052284350988430e-04, 4.903200000000000000e+04
6.456374375725027663e-04, 4.154000000000000000e+04
6.704696467099067981e-04, 3.228200000000000000e+04
6.953018558473107215e-04, 2.309000000000000000e+04
7.201340649847146448e-04, 1.587000000000000000e+04
7.449662741221186766e-04, 1.226000000000000000e+04
7.697984832595226000e-04, 1.284200000000000000e+04
7.946306923969265234e-04, 1.748800000000000000e+04
8.194629015343304467e-04, 2.525200000000000000e+04
8.442951106717344785e-04, 3.452600000000000000e+04
8.691273198091384019e-04, 4.347300000000000000e+04
8.939595289465423252e-04, 5.034900000000000000e+04
9.187917380839463570e-04, 5.356100000000000000e+04
9.436239472213502804e-04, 5.257100000000000000e+04
9.684561563587542037e-04, 4.748800000000000000e+04
9.932883654961582355e-04, 3.938100000000000000e+04
1.018120574633562050e-03, 2.999200000000000000e+04
1.042952783770966082e-03, 2.113200000000000000e+04
1.067784992908370114e-03, 1.457000000000000000e+04
1.092617202045773929e-03, 1.190300000000000000e+04
1.117449411183177961e-03, 1.354400000000000000e+04
1.142281620320581993e-03, 1.928300000000000000e+04
1.167113829457985807e-03, 2.759700000000000000e+04
1.191946038595389839e-03, 3.702300000000000000e+04
1.216778247732793654e-03, 4.561000000000000000e+04
1.241610456870197686e-03, 5.159000000000000000e+04
1.266442666007601718e-03, 5.374600000000000000e+04
1.291274875145005533e-03, 5.156700000000000000e+04
1.316107084282409564e-03, 4.557200000000000000e+04
1.340939293419813596e-03, 3.696800000000000000e+04
1.365771502557217411e-03, 2.742500000000000000e+04
1.390603711694621443e-03, 1.900500000000000000e+04
1.415435920832025475e-03, 1.339100000000000000e+04
1.440268129969429290e-03, 1.188800000000000000e+04
1.465100339106833321e-03, 1.461700000000000000e+04
1.489932548244237353e-03, 2.111200000000000000e+04
1.514764757381641168e-03, 2.982200000000000000e+04
1.539596966519045200e-03, 3.918600000000000000e+04
1.564429175656449015e-03, 4.735900000000000000e+04
1.589261384793853047e-03, 5.248500000000000000e+04
1.614093593931257078e-03, 5.354400000000000000e+04
1.638925803068660893e-03, 5.017600000000000000e+04
1.663758012206064925e-03, 4.323700000000000000e+04
1.688590221343468957e-03, 3.420000000000000000e+04
1.713422430480872772e-03, 2.481900000000000000e+04
1.738254639618276804e-03, 1.708700000000000000e+04
1.763086848755680835e-03, 1.262800000000000000e+04
1.787919057893084650e-03, 1.239700000000000000e+04
1.812751267030488682e-03, 1.626300000000000000e+04
1.837583476167892714e-03, 2.335500000000000000e+04
1.862415685305296529e-03, 3.239000000000000000e+04
1.887247894442700561e-03, 4.163600000000000000e+04
1.912080103580104376e-03, 4.916900000000000000e+04
1.936912312717508407e-03, 5.321200000000000000e+04
1.961744521854912222e-03, 5.311100000000000000e+04
1.986576730992316471e-03, 4.878100000000000000e+04
2.011408940129720286e-03, 4.112300000000000000e+04
2.036241149267124101e-03, 3.169300000000000000e+04
2.061073358404528350e-03, 2.256000000000000000e+04
2.085905567541932164e-03, 1.549800000000000000e+04
2.110737776679335979e-03, 1.203500000000000000e+04
2.135569985816740228e-03, 1.282300000000000000e+04
2.160402194954144043e-03, 1.769900000000000000e+04
2.185234404091547858e-03, 2.558300000000000000e+04
2.210066613228952107e-03, 3.499900000000000000e+04
2.234898822366355921e-03, 4.396700000000000000e+04
2.259731031503759736e-03, 5.065300000000000000e+04
2.284563240641163985e-03, 5.347700000000000000e+04
2.309395449778567800e-03, 5.210800000000000000e+04
2.334227658915971615e-03, 4.681500000000000000e+04
2.359059868053375864e-03, 3.852900000000000000e+04
2.383892077190779678e-03, 2.907500000000000000e+04
2.408724286328183493e-03, 2.039400000000000000e+04
2.433556495465587308e-03, 1.415100000000000000e+04
2.458388704602991557e-03, 1.184100000000000000e+04
2.483220913740395372e-03, 1.371900000000000000e+04
2.508053122877799187e-03, 1.957700000000000000e+04
2.532885332015203435e-03, 2.798800000000000000e+04
2.557717541152607250e-03, 3.737100000000000000e+04
2.582549750290011065e-03, 4.590800000000000000e+04
2.607381959427415314e-03, 5.177100000000000000e+04
2.632214168564819129e-03, 5.368600000000000000e+04
2.657046377702222944e-03, 5.125300000000000000e+04
2.681878586839627193e-03, 4.507800000000000000e+04
2.706710795977031007e-03, 3.628700000000000000e+04
2.731543005114434822e-03, 2.671900000000000000e+04
2.756375214251839071e-03, 1.847200000000000000e+04
2.781207423389242886e-03, 1.314600000000000000e+04
2.806039632526646701e-03, 1.191500000000000000e+04
2.830871841664050950e-03, 1.497400000000000000e+04
2.855704050801454764e-03, 2.161600000000000000e+04
2.880536259938858579e-03, 3.043700000000000000e+04
2.905368469076262828e-03, 3.985500000000000000e+04
2.930200678213666643e-03, 4.789800000000000000e+04
2.955032887351070458e-03, 5.272200000000000000e+04
2.979865096488474707e-03, 5.339400000000000000e+04
3.004697305625878521e-03, 4.972300000000000000e+04
3.029529514763282336e-03, 4.268000000000000000e+04
3.054361723900686585e-03, 3.353600000000000000e+04
3.079193933038090400e-03, 2.422700000000000000e+04
3.104026142175494215e-03, 1.666600000000000000e+04
3.128858351312898030e-03, 1.237700000000000000e+04
3.153690560450302278e-03, 1.231700000000000000e+04
3.178522769587706093e-03, 1.659400000000000000e+04
3.203354978725109908e-03, 2.406000000000000000e+04
3.228187187862514157e-03, 3.322000000000000000e+04
3.253019396999917972e-03, 4.236400000000000000e+04
3.277851606137321787e-03, 4.961900000000000000e+04
3.302683815274726035e-03, 5.325300000000000000e+04
3.327516024412129850e-03, 5.272000000000000000e+04
3.352348233549533665e-03, 4.815000000000000000e+04
3.377180442686937914e-03, 4.033600000000000000e+04
3.402012651824341729e-03, 3.096900000000000000e+04
3.426844860961745544e-03, 2.198500000000000000e+04
3.451677070099149792e-03, 1.512300000000000000e+04
3.476509279236553607e-03, 1.196700000000000000e+04
3.501341488373957422e-03, 1.299300000000000000e+04
3.526173697511361671e-03, 1.815700000000000000e+04
3.551005906648765486e-03, 2.625300000000000000e+04
3.575838115786169301e-03, 3.572600000000000000e+04
3.600670324923573550e-03, 4.453900000000000000e+04
3.625502534060977364e-03, 5.100100000000000000e+04
3.650334743198381179e-03, 5.369000000000000000e+04
3.675166952335785428e-03, 5.207900000000000000e+04
3.699999161473189243e-03, 4.657800000000000000e+04
3.724831370610593058e-03, 3.816500000000000000e+04
3.749663579747996873e-03, 2.858500000000000000e+04
3.774495788885401121e-03, 1.993300000000000000e+04
3.799327998022804936e-03, 1.389700000000000000e+04
3.824160207160208751e-03, 1.182900000000000000e+04
3.848992416297613000e-03, 1.402200000000000000e+04
3.873824625435016815e-03, 2.007300000000000000e+04
3.898656834572420630e-03, 2.856700000000000000e+04
3.923489043709824445e-03, 3.804600000000000000e+04
3.948321252847228693e-03, 4.649300000000000000e+04
3.973153461984632942e-03, 5.207200000000000000e+04
3.997985671122036323e-03, 5.363100000000000000e+04
4.022817880259440572e-03, 5.076500000000000000e+04
4.047650089396844821e-03, 4.431600000000000000e+04
4.072482298534248202e-03, 3.544700000000000000e+04
4.097314507671652450e-03, 2.599700000000000000e+04
4.122146716809056699e-03, 1.797000000000000000e+04
4.146978925946460080e-03, 1.289900000000000000e+04
4.171811135083864329e-03, 1.199100000000000000e+04
4.196643344221268578e-03, 1.531400000000000000e+04
4.221475553358671959e-03, 2.214500000000000000e+04
4.246307762496076207e-03, 3.113400000000000000e+04
4.271139971633480456e-03, 4.054600000000000000e+04
4.295972180770883837e-03, 4.838100000000000000e+04
4.320804389908288086e-03, 5.291700000000000000e+04
4.345636599045692335e-03, 5.339200000000000000e+04
4.370468808183095716e-03, 4.954600000000000000e+04
4.395301017320499964e-03, 4.234900000000000000e+04
4.420133226457904213e-03, 3.315600000000000000e+04
4.444965435595307594e-03, 2.383100000000000000e+04
4.469797644732711843e-03, 1.633300000000000000e+04
4.494629853870116092e-03, 1.228400000000000000e+04
4.519462063007519473e-03, 1.258500000000000000e+04
4.544294272144923721e-03, 1.708200000000000000e+04
4.569126481282327970e-03, 2.463400000000000000e+04
4.593958690419731351e-03, 3.388800000000000000e+04
4.618790899557135600e-03, 4.293000000000000000e+04
4.643623108694539849e-03, 4.999600000000000000e+04
4.668455317831943230e-03, 5.348500000000000000e+04
4.693287526969347478e-03, 5.274100000000000000e+04
4.718119736106751727e-03, 4.794300000000000000e+04
4.742951945244155108e-03, 3.999500000000000000e+04
4.767784154381559357e-03, 3.049700000000000000e+04
4.792616363518962738e-03, 2.150200000000000000e+04
4.817448572656366987e-03, 1.481600000000000000e+04
4.842280781793771235e-03, 1.190700000000000000e+04
4.867112990931174617e-03, 1.323300000000000000e+04
4.891945200068578865e-03, 1.863700000000000000e+04
4.916777409205983114e-03, 2.674400000000000000e+04
4.941609618343386495e-03, 3.618400000000000000e+04
4.966441827480790744e-03, 4.496400000000000000e+04
4.991274036618194992e-03, 5.125900000000000000e+04
5.016106245755598374e-03, 5.367600000000000000e+04
5.040938454893002622e-03, 5.165600000000000000e+04
5.065770664030406871e-03, 4.585000000000000000e+04
5.090602873167810252e-03, 3.732900000000000000e+04
5.115435082305214501e-03, 2.782300000000000000e+04
5.140267291442618749e-03, 1.939000000000000000e+04
5.165099500580022131e-03, 1.376600000000000000e+04
5.189931709717426379e-03, 1.206500000000000000e+04
5.214763918854830628e-03, 1.447100000000000000e+04
5.239596127992234009e-03, 2.061900000000000000e+04
5.264428337129638258e-03, 2.926500000000000000e+04
5.289260546267042506e-03, 3.875900000000000000e+04
5.314092755404445888e-03, 4.703600000000000000e+04
5.338924964541850136e-03, 5.232200000000000000e+04
5.363757173679254385e-03, 5.365500000000000000e+04
5.388589382816657766e-03, 5.063400000000000000e+04
5.413421591954062015e-03, 4.400500000000000000e+04
5.438253801091466264e-03, 3.507600000000000000e+04
5.463086010228869645e-03, 2.560100000000000000e+04
5.487918219366273893e-03, 1.760900000000000000e+04
5.512750428503678142e-03, 1.275100000000000000e+04
5.537582637641081523e-03, 1.209000000000000000e+04
5.562414846778485772e-03, 1.566600000000000000e+04
5.587247055915890021e-03, 2.274600000000000000e+04
5.612079265053293402e-03, 3.187200000000000000e+04
5.636911474190697650e-03, 4.118400000000000000e+04
5.661743683328101899e-03, 4.876600000000000000e+04
5.686575892465505280e-03, 5.288100000000000000e+04
5.711408101602909529e-03, 5.304800000000000000e+04
5.736240310740313778e-03, 4.907500000000000000e+04
5.761072519877717159e-03, 4.172200000000000000e+04
5.785904729015121407e-03, 3.241900000000000000e+04
5.810736938152525656e-03, 2.316000000000000000e+04
5.835569147289929037e-03, 1.589800000000000000e+04
5.860401356427333286e-03, 1.214700000000000000e+04
5.885233565564737535e-03, 1.261400000000000000e+04
5.910065774702140916e-03, 1.731200000000000000e+04
5.934897983839545164e-03, 2.515700000000000000e+04
5.959730192976949413e-03, 3.449600000000000000e+04
5.984562402114352794e-03, 4.346800000000000000e+04
6.009394611251757043e-03, 5.035000000000000000e+04
6.034226820389161292e-03, 5.356000000000000000e+04
6.059059029526564673e-03, 5.256400000000000000e+04
6.083891238663968921e-03, 4.749000000000000000e+04
6.108723447801373170e-03, 3.932000000000000000e+04
6.133555656938776551e-03, 2.977100000000000000e+04
6.158387866076180800e-03, 2.093900000000000000e+04
6.183220075213584181e-03, 1.460200000000000000e+04
6.208052284350988430e-03, 1.208900000000000000e+04
6.232884493488392678e-03, 1.365700000000000000e+04
6.257716702625796060e-03, 1.914700000000000000e+04
6.282548911763200308e-03, 2.742000000000000000e+04
6.307381120900604557e-03, 3.691400000000000000e+04
6.332213330038007938e-03, 4.556000000000000000e+04
6.357045539175412187e-03, 5.156700000000000000e+04
6.381877748312816435e-03, 5.373400000000000000e+04
6.406709957450219817e-03, 5.156800000000000000e+04
6.431542166587624065e-03, 4.549600000000000000e+04
6.456374375725028314e-03, 3.674300000000000000e+04
6.481206584862431695e-03, 2.723900000000000000e+04
6.506038793999835944e-03, 1.890600000000000000e+04
6.530871003137240192e-03, 1.334900000000000000e+04
6.555703212274643574e-03, 1.188000000000000000e+04
6.580535421412047822e-03, 1.461500000000000000e+04
6.605367630549452071e-03, 2.110700000000000000e+04
6.630199839686855452e-03, 2.995700000000000000e+04
6.655032048824259701e-03, 3.941500000000000000e+04
6.679864257961663949e-03, 4.751400000000000000e+04
6.704696467099067331e-03, 5.255800000000000000e+04
6.729528676236471579e-03, 5.357800000000000000e+04
6.754360885373875828e-03, 5.030100000000000000e+04
6.779193094511279209e-03, 4.347400000000000000e+04
6.804025303648683458e-03, 3.438000000000000000e+04
6.828857512786087706e-03, 2.508500000000000000e+04
6.853689721923491088e-03, 1.734700000000000000e+04
6.878521931060895336e-03, 1.270200000000000000e+04
6.903354140198299585e-03, 1.224000000000000000e+04
6.928186349335702966e-03, 1.610300000000000000e+04
6.953018558473107215e-03, 2.341800000000000000e+04
6.977850767610511463e-03, 3.258000000000000000e+04
7.002682976747914845e-03, 4.177600000000000000e+04
7.027515185885319093e-03, 4.923900000000000000e+04
7.052347395022723342e-03, 5.324000000000000000e+04
7.077179604160126723e-03, 5.311300000000000000e+04
7.102011813297530972e-03, 4.878500000000000000e+04
7.126844022434935221e-03, 4.114100000000000000e+04
7.151676231572338602e-03, 3.188900000000000000e+04
7.176508440709742850e-03, 2.277900000000000000e+04
7.201340649847147099e-03, 1.563900000000000000e+04
7.226172858984550480e-03, 1.209700000000000000e+04
7.251005068121954729e-03, 1.284500000000000000e+04
7.275837277259358978e-03, 1.787600000000000000e+04
7.300669486396762359e-03, 2.580900000000000000e+04
7.325501695534166607e-03, 3.514400000000000000e+04
7.350333904671570856e-03, 4.403500000000000000e+04
7.375166113808974237e-03, 5.068000000000000000e+04
7.399998322946378486e-03, 5.364100000000000000e+04
7.424830532083782735e-03, 5.234000000000000000e+04
7.449662741221186116e-03, 4.697700000000000000e+04
7.474494950358590364e-03, 3.860700000000000000e+04
7.499327159495993746e-03, 2.910100000000000000e+04
7.524159368633397994e-03, 2.040100000000000000e+04
7.548991577770802243e-03, 1.415200000000000000e+04
7.573823786908205624e-03, 1.184600000000000000e+04
7.598655996045609873e-03, 1.372400000000000000e+04
7.623488205183014121e-03, 1.957500000000000000e+04
7.648320414320417503e-03, 2.800200000000000000e+04
7.673152623457821751e-03, 3.737200000000000000e+04
7.697984832595226000e-03, 4.589800000000000000e+04
7.722817041732629381e-03, 5.175700000000000000e+04
7.747649250870033630e-03, 5.368500000000000000e+04
7.772481460007437878e-03, 5.125500000000000000e+04
7.797313669144841260e-03, 4.508000000000000000e+04
7.822145878282246376e-03, 3.628800000000000000e+04
7.846978087419648890e-03, 2.686000000000000000e+04
7.871810296557053138e-03, 1.870200000000000000e+04
7.896642505694457387e-03, 1.330600000000000000e+04
7.921474714831861635e-03, 1.199400000000000000e+04
7.946306923969265884e-03, 1.500600000000000000e+04
7.971139133106670133e-03, 2.174000000000000000e+04
7.995971342244072647e-03, 3.067100000000000000e+04
8.020803551381476895e-03, 4.002900000000000000e+04
8.045635760518881144e-03, 4.798600000000000000e+04
8.070467969656285392e-03, 5.275800000000000000e+04
8.095300178793689641e-03, 5.349000000000000000e+04
8.120132387931093890e-03, 4.995600000000000000e+04
8.144964597068496404e-03, 4.286800000000000000e+04
8.169796806205900652e-03, 3.379600000000000000e+04
8.194629015343304901e-03, 2.449600000000000000e+04
8.219461224480709149e-03, 1.683800000000000000e+04
8.244293433618113398e-03, 1.245700000000000000e+04
8.269125642755515912e-03, 1.234400000000000000e+04
8.293957851892920161e-03, 1.658500000000000000e+04
8.318790061030324409e-03, 2.406300000000000000e+04
8.343622270167728658e-03, 3.320900000000000000e+04
8.368454479305132906e-03, 4.216900000000000000e+04
8.393286688442537155e-03, 4.940800000000000000e+04
8.418118897579939669e-03, 5.324100000000000000e+04
8.442951106717343918e-03, 5.289400000000000000e+04
8.467783315854748166e-03, 4.830400000000000000e+04
8.492615524992152415e-03, 4.042100000000000000e+04
8.517447734129556663e-03, 3.100000000000000000e+04
8.542279943266960912e-03, 2.199400000000000000e+04
8.567112152404363426e-03, 1.512500000000000000e+04
8.591944361541767675e-03, 1.196900000000000000e+04
8.616776570679171923e-03, 1.300000000000000000e+04
8.641608779816576172e-03, 1.815500000000000000e+04
8.666440988953980420e-03, 2.620800000000000000e+04
8.691273198091384669e-03, 3.550800000000000000e+04
8.716105407228787183e-03, 4.433400000000000000e+04
8.740937616366191432e-03, 5.087800000000000000e+04
8.765769825503595680e-03, 5.364000000000000000e+04
8.790602034640999929e-03, 5.204800000000000000e+04
8.815434243778404177e-03, 4.637800000000000000e+04
8.840266452915808426e-03, 3.794800000000000000e+04
8.865098662053210940e-03, 2.846400000000000000e+04
8.889930871190615189e-03, 1.987500000000000000e+04
8.914763080328019437e-03, 1.387100000000000000e+04
8.939595289465423686e-03, 1.181900000000000000e+04
8.964427498602827935e-03, 1.401800000000000000e+04
8.989259707740232183e-03, 2.014200000000000000e+04
9.014091916877634697e-03, 2.879200000000000000e+04
9.038924126015038946e-03, 3.823600000000000000e+04
9.063756335152443194e-03, 4.659500000000000000e+04
9.088588544289847443e-03, 5.211600000000000000e+04
9.113420753427251692e-03, 5.369100000000000000e+04
9.138252962564655940e-03, 5.098700000000000000e+04
9.163085171702058454e-03, 4.452000000000000000e+04
9.187917380839462703e-03, 3.556900000000000000e+04
9.212749589976866951e-03, 2.604700000000000000e+04
9.237581799114271200e-03, 1.799000000000000000e+04
9.262414008251675449e-03, 1.290700000000000000e+04
9.287246217389079697e-03, 1.198900000000000000e+04
9.312078426526482211e-03, 1.531900000000000000e+04
9.336910635663886460e-03, 2.214500000000000000e+04
9.361742844801290708e-03, 3.112700000000000000e+04
9.386575053938694957e-03, 4.037200000000000000e+04
9.411407263076099206e-03, 4.815400000000000000e+04
9.436239472213503454e-03, 5.277100000000000000e+04
9.461071681350905968e-03, 5.332300000000000000e+04
9.485903890488310217e-03, 4.951900000000000000e+04
9.510736099625714465e-03, 4.218600000000000000e+04
9.535568308763118714e-03, 3.292400000000000000e+04
9.560400517900522963e-03, 2.367600000000000000e+04
9.585232727037925476e-03, 1.625800000000000000e+04
9.610064936175329725e-03, 1.225500000000000000e+04
9.634897145312733974e-03, 1.244900000000000000e+04
9.659729354450138222e-03, 1.684700000000000000e+04
9.684561563587542471e-03, 2.446100000000000000e+04
9.709393772724946720e-03, 3.379900000000000000e+04
9.734225981862349233e-03, 4.289800000000000000e+04
9.759058190999753482e-03, 4.997800000000000000e+04
9.783890400137157731e-03, 5.348200000000000000e+04
9.808722609274561979e-03, 5.274200000000000000e+04
9.833554818411966228e-03, 4.778100000000000000e+04
9.858387027549370477e-03, 3.977000000000000000e+04
9.883219236686772990e-03, 3.035700000000000000e+04
9.908051445824177239e-03, 2.143500000000000000e+04
9.932883654961581488e-03, 1.478500000000000000e+04
9.957715864098985736e-03, 1.189400000000000000e+04
9.982548073236389985e-03, 1.322800000000000000e+04
1.000738028237379423e-02, 1.866800000000000000e+04
1.003221249151119675e-02, 2.695400000000000000e+04
1.005704470064860100e-02, 3.639100000000000000e+04
1.008187690978600524e-02, 4.508200000000000000e+04
1.010670911892340949e-02, 5.131200000000000000e+04
1.013154132806081374e-02, 5.371000000000000000e+04
1.015637353719821799e-02, 5.185700000000000000e+04
1.018120574633562050e-02, 4.606800000000000000e+04
1.020603795547302475e-02, 3.746900000000000000e+04
1.023087016461042900e-02, 2.788400000000000000e+04
1.025570237374783325e-02, 1.940800000000000000e+04
1.028053458288523750e-02, 1.360400000000000000e+04
1.030536679202264175e-02, 1.184000000000000000e+04
1.033019900116004426e-02, 1.433100000000000000e+04
1.035503121029744851e-02, 2.055200000000000000e+04
1.037986341943485276e-02, 2.923400000000000000e+04
1.040469562857225701e-02, 3.873800000000000000e+04
1.042952783770966126e-02, 4.703200000000000000e+04
1.045436004684706550e-02, 5.232400000000000000e+04
1.047919225598446802e-02, 5.365700000000000000e+04
1.050402446512187227e-02, 5.063500000000000000e+04
1.052885667425927652e-02, 4.398900000000000000e+04
1.055368888339668076e-02, 3.507500000000000000e+04
1.057852109253408501e-02, 2.560900000000000000e+04
1.060335330167148926e-02, 1.761500000000000000e+04
1.062818551080889178e-02, 1.275400000000000000e+04
1.065301771994629602e-02, 1.209100000000000000e+04
1.067784992908370027e-02, 1.566600000000000000e+04
1.070268213822110452e-02, 2.274500000000000000e+04
1.072751434735850877e-02, 3.186400000000000000e+04
1.075234655649591302e-02, 4.118500000000000000e+04
1.077717876563331553e-02, 4.881700000000000000e+04
1.080201097477071978e-02, 5.310200000000000000e+04
1.082684318390812403e-02, 5.325000000000000000e+04
1.085167539304552828e-02, 4.906000000000000000e+04
1.087650760218293253e-02, 4.154000000000000000e+04
1.090133981132033504e-02, 3.227700000000000000e+04
1.092617202045773929e-02, 2.308800000000000000e+04
1.095100422959514354e-02, 1.586300000000000000e+04
1.097583643873254779e-02, 1.213200000000000000e+04
1.100066864786995204e-02, 1.260800000000000000e+04
1.102550085700735628e-02, 1.731000000000000000e+04
1.105033306614475880e-02, 2.515600000000000000e+04
1.107516527528216305e-02, 3.449600000000000000e+04
1.109999748441956730e-02, 4.346800000000000000e+04
1.112482969355697154e-02, 5.035000000000000000e+04
1.114966190269437579e-02, 5.356000000000000000e+04
1.117449411183178004e-02, 5.242300000000000000e+04
1.119932632096918255e-02, 4.725900000000000000e+04
1.122415853010658680e-02, 3.916700000000000000e+04
1.124899073924399105e-02, 2.969600000000000000e+04
1.127382294838139530e-02, 2.090500000000000000e+04
1.129865515751879955e-02, 1.445800000000000000e+04
1.132348736665620380e-02, 1.185200000000000000e+04
1.134831957579360631e-02, 1.350600000000000000e+04
1.137315178493101056e-02, 1.926000000000000000e+04
1.139798399406841481e-02, 2.760200000000000000e+04
1.142281620320581906e-02, 3.702400000000000000e+04
1.144764841234322331e-02, 4.561400000000000000e+04
1.147248062148062756e-02, 5.159100000000000000e+04
1.149731283061803007e-02, 5.358200000000000000e+04
1.152214503975543432e-02, 5.134400000000000000e+04
1.154697724889283857e-02, 4.535500000000000000e+04
1.157180945803024281e-02, 3.667400000000000000e+04
1.159664166716764706e-02, 2.720800000000000000e+04
1.162147387630505131e-02, 1.889200000000000000e+04
1.164630608544245383e-02, 1.334400000000000000e+04
1.167113829457985807e-02, 1.190300000000000000e+04
1.169597050371726232e-02, 1.481900000000000000e+04
1.172080271285466657e-02, 2.131900000000000000e+04
1.174563492199207082e-02, 3.007300000000000000e+04
1.177046713112947507e-02, 3.947000000000000000e+04
1.179529934026687758e-02, 4.753900000000000000e+04
1.182013154940428183e-02, 5.256800000000000000e+04
1.184496375854168608e-02, 5.358200000000000000e+04
1.186979596767909033e-02, 5.021800000000000000e+04
1.189462817681649458e-02, 4.324600000000000000e+04
1.191946038595389883e-02, 3.419300000000000000e+04
1.194429259509130134e-02, 2.481700000000000000e+04
1.196912480422870559e-02, 1.708100000000000000e+04
1.199395701336610984e-02, 1.258400000000000000e+04
1.201878922250351409e-02, 1.238200000000000000e+04
1.204362143164091833e-02, 1.627800000000000000e+04
1.206845364077832258e-02, 2.339400000000000000e+04
1.209328584991572510e-02, 3.239600000000000000e+04
1.211811805905312935e-02, 4.162900000000000000e+04
1.214295026819053359e-02, 4.916300000000000000e+04
1.216778247732793784e-02, 5.320900000000000000e+04
1.219261468646534209e-02, 5.300100000000000000e+04
1.221744689560274634e-02, 4.855100000000000000e+04
1.224227910474014885e-02, 4.095200000000000000e+04
1.226711131387755310e-02, 3.160900000000000000e+04
1.229194352301495735e-02, 2.252100000000000000e+04
1.231677573215236160e-02, 1.548900000000000000e+04
1.234160794128976585e-02, 1.203000000000000000e+04
1.236644015042716836e-02, 1.281900000000000000e+04
1.239127235956457261e-02, 1.786000000000000000e+04
1.241610456870197686e-02, 2.580700000000000000e+04
1.244093677783938111e-02, 3.513900000000000000e+04
1.246576898697678536e-02, 4.403400000000000000e+04
1.249060119611418961e-02, 5.068400000000000000e+04
1.251543340525159212e-02, 5.352200000000000000e+04
1.254026561438899637e-02, 5.211100000000000000e+04
1.256509782352640062e-02, 4.681400000000000000e+04
1.258993003266380487e-02, 3.852700000000000000e+04
1.261476224180120911e-02, 2.906400000000000000e+04
1.263959445093861336e-02, 2.038500000000000000e+04
1.266442666007601588e-02, 1.414600000000000000e+04
1.268925886921342013e-02, 1.184800000000000000e+04
1.271409107835082437e-02, 1.390100000000000000e+04
1.273892328748822862e-02, 1.979800000000000000e+04
1.276375549662563287e-02, 2.821600000000000000e+04
1.278858770576303712e-02, 3.766400000000000000e+04
1.281341991490043963e-02, 4.611400000000000000e+04
1.283825212403784388e-02, 5.186800000000000000e+04
1.286308433317524813e-02, 5.373100000000000000e+04
1.288791654231265238e-02, 5.125900000000000000e+04
1.291274875145005663e-02, 4.507800000000000000e+04
1.293758096058746088e-02, 3.629600000000000000e+04
1.296241316972486339e-02, 2.673400000000000000e+04
1.298724537886226764e-02, 1.847500000000000000e+04
1.301207758799967189e-02, 1.315700000000000000e+04
1.303690979713707614e-02, 1.210700000000000000e+04
1.306174200627448038e-02, 1.519100000000000000e+04
1.308657421541188463e-02, 2.177300000000000000e+04
1.311140642454928715e-02, 3.049900000000000000e+04
1.313623863368669140e-02, 3.986700000000000000e+04
1.316107084282409564e-02, 4.789700000000000000e+04
1.318590305196149989e-02, 5.272000000000000000e+04
1.321073526109890414e-02, 5.341800000000000000e+04
1.323556747023630839e-02, 4.972900000000000000e+04
1.326039967937371090e-02, 4.267000000000000000e+04
1.328523188851111515e-02, 3.367300000000000000e+04
1.331006409764851940e-02, 2.445100000000000000e+04
1.333489630678592365e-02, 1.682900000000000000e+04
1.335972851592332790e-02, 1.245600000000000000e+04
1.338456072506073215e-02, 1.234400000000000000e+04
1.340939293419813466e-02, 1.646700000000000000e+04
1.343422514333553891e-02, 2.383200000000000000e+04
1.345905735247294316e-02, 3.305300000000000000e+04
1.348388956161034741e-02, 4.227800000000000000e+04
1.350872177074775166e-02, 4.958900000000000000e+04
1.353355397988515590e-02, 5.327900000000000000e+04
1.355838618902255842e-02, 5.272200000000000000e+04
1.358321839815996267e-02, 4.814100000000000000e+04
1.360805060729736692e-02, 4.033600000000000000e+04
1.363288281643477116e-02, 3.095900000000000000e+04
1.365771502557217541e-02, 2.197600000000000000e+04
1.368254723470957793e-02, 1.511700000000000000e+04
1.370737944384698218e-02, 1.196600000000000000e+04
1.373221165298438642e-02, 1.300700000000000000e+04
1.375704386212179067e-02, 1.815400000000000000e+04
1.378187607125919492e-02, 2.621600000000000000e+04
1.380670828039659917e-02, 3.551400000000000000e+04
1.383154048953400168e-02, 4.432700000000000000e+04
1.385637269867140593e-02, 5.087000000000000000e+04
1.388120490780881018e-02, 5.363600000000000000e+04
1.390603711694621443e-02, 5.205400000000000000e+04
1.393086932608361868e-02, 4.656200000000000000e+04
1.395570153522102293e-02, 3.816900000000000000e+04
1.398053374435842544e-02, 2.860100000000000000e+04
1.400536595349582969e-02, 1.993900000000000000e+04
1.403019816263323394e-02, 1.389700000000000000e+04
1.405503037177063819e-02, 1.183500000000000000e+04
1.407986258090804244e-02, 1.402000000000000000e+04
1.410469479004544668e-02, 2.009200000000000000e+04
1.412952699918284920e-02, 2.857200000000000000e+04
1.415435920832025345e-02, 3.803400000000000000e+04
1.417919141745765770e-02, 4.648300000000000000e+04
1.420402362659506194e-02, 5.206700000000000000e+04
1.422885583573246619e-02, 5.366700000000000000e+04
1.425368804486987044e-02, 5.097600000000000000e+04
1.427852025400727295e-02, 4.452100000000000000e+04
1.430335246314467720e-02, 3.567000000000000000e+04
1.432818467228208145e-02, 2.627900000000000000e+04
1.435301688141948570e-02, 1.817000000000000000e+04
1.437784909055688995e-02, 1.300100000000000000e+04
1.440268129969429420e-02, 1.202800000000000000e+04
1.442751350883169671e-02, 1.540200000000000000e+04
1.445234571796910096e-02, 2.237400000000000000e+04
1.447717792710650521e-02, 3.132100000000000000e+04
1.450201013624390946e-02, 4.064000000000000000e+04
1.452684234538131371e-02, 4.842500000000000000e+04
1.455167455451871796e-02, 5.293000000000000000e+04
1.457650676365612047e-02, 5.339600000000000000e+04
1.460133897279352472e-02, 4.955200000000000000e+04
1.462617118193092897e-02, 4.232900000000000000e+04
1.465100339106833321e-02, 3.316000000000000000e+04
1.467583560020573746e-02, 2.384300000000000000e+04
1.470066780934314171e-02, 1.634100000000000000e+04
1.472550001848054423e-02, 1.228800000000000000e+04
1.475033222761794847e-02, 1.247000000000000000e+04
1.477516443675535272e-02, 1.685200000000000000e+04
1.479999664589275697e-02, 2.445700000000000000e+04
1.482482885503016122e-02, 3.379000000000000000e+04
1.484966106416756547e-02, 4.289900000000000000e+04
1.487449327330496798e-02, 4.998200000000000000e+04
1.489932548244237223e-02, 5.348400000000000000e+04
1.492415769157977648e-02, 5.274300000000000000e+04
1.494898990071718073e-02, 4.793200000000000000e+04
1.497382210985458498e-02, 4.000000000000000000e+04
1.499865431899198749e-02, 3.051300000000000000e+04
1.502348652812939174e-02, 2.151000000000000000e+04
1.504831873726679599e-02, 1.481500000000000000e+04
1.507315094640420024e-02, 1.191300000000000000e+04
1.509798315554160449e-02, 1.323100000000000000e+04
1.512281536467900873e-02, 1.864900000000000000e+04
1.514764757381641125e-02, 2.675400000000000000e+04
1.517247978295381550e-02, 3.617400000000000000e+04
1.519731199209121975e-02, 4.495300000000000000e+04
1.522214420122862399e-02, 5.125300000000000000e+04
1.524697641036602824e-02, 5.368600000000000000e+04
1.527180861950343249e-02, 5.184300000000000000e+04
1.529664082864083501e-02, 4.606800000000000000e+04
1.532147303777823925e-02, 3.748000000000000000e+04
1.534630524691564350e-02, 2.788900000000000000e+04
1.537113745605304775e-02, 1.940600000000000000e+04
1.539596966519045200e-02, 1.360100000000000000e+04
1.542080187432785625e-02, 1.183800000000000000e+04
1.544563408346525876e-02, 1.436300000000000000e+04
1.547046629260266301e-02, 2.076100000000000000e+04
1.549529850174006726e-02, 2.944100000000000000e+04
1.552013071087747151e-02, 3.885700000000000000e+04
1.554496292001487576e-02, 4.708500000000000000e+04
1.556979512915228001e-02, 5.234000000000000000e+04
1.559462733828968252e-02, 5.365900000000000000e+04
1.561945954742708677e-02, 5.064000000000000000e+04
1.564429175656449275e-02, 4.391400000000000000e+04
1.566912396570189353e-02, 3.485000000000000000e+04
1.569395617483929778e-02, 2.542300000000000000e+04
1.571878838397670203e-02, 1.767400000000000000e+04
1.574362059311410628e-02, 1.294000000000000000e+04
1.576845280225151053e-02, 1.223500000000000000e+04
1.579328501138891477e-02, 1.573700000000000000e+04
1.581811722052631902e-02, 2.276900000000000000e+04
1.584294942966372327e-02, 3.186300000000000000e+04
1.586778163880112752e-02, 4.118700000000000000e+04
1.589261384793853177e-02, 4.882100000000000000e+04
1.591744605707593602e-02, 5.310400000000000000e+04
1.594227826621334027e-02, 5.325100000000000000e+04
1.596711047535074104e-02, 4.917100000000000000e+04
1.599194268448814529e-02, 4.177100000000000000e+04
1.601677489362554954e-02, 3.245000000000000000e+04
1.604160710276295379e-02, 2.317600000000000000e+04
1.606643931190035804e-02, 1.590000000000000000e+04
1.609127152103776229e-02, 1.215400000000000000e+04
1.611610373017516654e-02, 1.261400000000000000e+04
1.614093593931257078e-02, 1.730700000000000000e+04
1.616576814844997503e-02, 2.513900000000000000e+04
1.619060035758737928e-02, 3.449700000000000000e+04
1.621543256672478353e-02, 4.347400000000000000e+04
1.624026477586218778e-02, 5.035400000000000000e+04
1.626509698499958856e-02, 5.356200000000000000e+04
1.628992919413699281e-02, 5.255700000000000000e+04
1.631476140327439706e-02, 4.749100000000000000e+04
1.633959361241180130e-02, 3.933600000000000000e+04
1.636442582154920555e-02, 2.978200000000000000e+04
1.638925803068660980e-02, 2.093500000000000000e+04
1.641409023982401405e-02, 1.446700000000000000e+04
1.643892244896141830e-02, 1.185400000000000000e+04
1.646375465809882255e-02, 1.350000000000000000e+04
1.648858686723622680e-02, 1.908200000000000000e+04
1.651341907637363104e-02, 2.738000000000000000e+04
1.653825128551103182e-02, 3.688300000000000000e+04
1.656308349464843607e-02, 4.554900000000000000e+04
1.658791570378584032e-02, 5.156600000000000000e+04
1.661274791292324457e-02, 5.372800000000000000e+04
1.663758012206064882e-02, 5.157000000000000000e+04
1.666241233119805307e-02, 4.551400000000000000e+04
1.668724454033545732e-02, 3.675200000000000000e+04
1.671207674947286156e-02, 2.723400000000000000e+04
1.673690895861026581e-02, 1.901800000000000000e+04
1.676174116774767006e-02, 1.357700000000000000e+04
1.678657337688507431e-02, 1.205400000000000000e+04
1.681140558602247856e-02, 1.470500000000000000e+04
1.683623779515987934e-02, 2.114000000000000000e+04
1.686107000429728359e-02, 2.995000000000000000e+04
1.688590221343468784e-02, 3.941600000000000000e+04
1.691073442257209208e-02, 4.752200000000000000e+04
1.693556663170949633e-02, 5.256400000000000000e+04
1.696039884084690058e-02, 5.358100000000000000e+04
1.698523104998430483e-02, 5.023300000000000000e+04
1.701006325912170908e-02, 4.325000000000000000e+04
1.703489546825911333e-02, 3.418600000000000000e+04
1.705972767739651758e-02, 2.481100000000000000e+04
1.708455988653392182e-02, 1.707800000000000000e+04
1.710939209567132607e-02, 1.254700000000000000e+04
1.713422430480872685e-02, 1.217000000000000000e+04
1.715905651394613110e-02, 1.607200000000000000e+04
1.718388872308353535e-02, 2.338800000000000000e+04
1.720872093222093960e-02, 3.257500000000000000e+04
1.723355314135834385e-02, 4.178200000000000000e+04
1.725838535049574810e-02, 4.924400000000000000e+04
1.728321755963315234e-02, 5.324300000000000000e+04
1.730804976877055659e-02, 5.303100000000000000e+04
1.733288197790796084e-02, 4.855800000000000000e+04
1.735771418704536509e-02, 4.094800000000000000e+04
1.738254639618276934e-02, 3.161000000000000000e+04
1.740737860532017359e-02, 2.251600000000000000e+04
1.743221081445757437e-02, 1.548500000000000000e+04
1.745704302359497861e-02, 1.202700000000000000e+04
1.748187523273238286e-02, 1.281800000000000000e+04
1.750670744186978711e-02, 1.771700000000000000e+04
1.753153965100719136e-02, 2.557800000000000000e+04
1.755637186014459561e-02, 3.498000000000000000e+04
1.758120406928199986e-02, 4.395600000000000000e+04
1.760603627841940411e-02, 5.065300000000000000e+04
1.763086848755680835e-02, 5.362500000000000000e+04
1.765570069669421260e-02, 5.233800000000000000e+04
1.768053290583161685e-02, 4.698900000000000000e+04
1.770536511496901763e-02, 3.862000000000000000e+04
1.773019732410642188e-02, 2.909800000000000000e+04
1.775502953324382613e-02, 2.040300000000000000e+04
1.777986174238123038e-02, 1.415000000000000000e+04
1.780469395151863463e-02, 1.184300000000000000e+04
1.782952616065603887e-02, 1.388300000000000000e+04
1.785435836979344312e-02, 1.979900000000000000e+04
1.787919057893084737e-02, 2.821500000000000000e+04
1.790402278806825162e-02, 3.766600000000000000e+04
1.792885499720565587e-02, 4.612000000000000000e+04
1.795368720634306012e-02, 5.187300000000000000e+04
1.797851941548046437e-02, 5.373300000000000000e+04
1.800335162461786515e-02, 5.123900000000000000e+04
1.802818383375526939e-02, 4.487800000000000000e+04
1.805301604289267364e-02, 3.608200000000000000e+04
1.807784825203007789e-02, 2.669900000000000000e+04
1.810268046116748214e-02, 1.864800000000000000e+04
1.812751267030488639e-02, 1.330800000000000000e+04
1.815234487944229064e-02, 1.200600000000000000e+04
1.817717708857969489e-02, 1.500800000000000000e+04
1.820200929771709913e-02, 2.172200000000000000e+04
1.822684150685450338e-02, 3.066700000000000000e+04
1.825167371599190763e-02, 4.003500000000000000e+04
1.827650592512931188e-02, 4.784100000000000000e+04
1.830133813426671266e-02, 5.253200000000000000e+04
1.832617034340411691e-02, 5.329200000000000000e+04
1.835100255254152116e-02, 4.966600000000000000e+04
1.837583476167892541e-02, 4.263600000000000000e+04
1.840066697081632965e-02, 3.352500000000000000e+04
1.842549917995373390e-02, 2.421300000000000000e+04
1.845033138909113815e-02, 1.666100000000000000e+04
1.847516359822854240e-02, 1.237400000000000000e+04
1.849999580736594665e-02, 1.231100000000000000e+04
1.852482801650335090e-02, 1.646400000000000000e+04
1.854966022564075515e-02, 2.382900000000000000e+04
1.857449243477815939e-02, 3.304600000000000000e+04
1.859932464391556017e-02, 4.210400000000000000e+04
1.862415685305296442e-02, 4.936300000000000000e+04
1.864898906219036867e-02, 5.320500000000000000e+04
1.867382127132777292e-02, 5.287900000000000000e+04
1.869865348046517717e-02, 4.830400000000000000e+04
1.872348568960258142e-02, 4.043600000000000000e+04
1.874831789873998567e-02, 3.099800000000000000e+04
1.877315010787738991e-02, 2.199400000000000000e+04
1.879798231701479416e-02, 1.512400000000000000e+04
1.882281452615219841e-02, 1.196400000000000000e+04
1.884764673528960266e-02, 1.312000000000000000e+04
1.887247894442700691e-02, 1.838300000000000000e+04
1.889731115356440769e-02, 2.640400000000000000e+04
1.892214336270181194e-02, 3.579900000000000000e+04
1.894697557183921618e-02, 4.457700000000000000e+04
1.897180778097662043e-02, 5.093300000000000000e+04
1.899663999011402468e-02, 5.347100000000000000e+04
1.902147219925142893e-02, 5.188900000000000000e+04
1.904630440838883318e-02, 4.646400000000000000e+04
1.907113661752623743e-02, 3.813100000000000000e+04
1.909596882666364168e-02, 2.864000000000000000e+04
1.912080103580104593e-02, 2.015500000000000000e+04
1.914563324493845017e-02, 1.409500000000000000e+04
1.917046545407585095e-02, 1.194500000000000000e+04
1.919529766321325520e-02, 1.406800000000000000e+04
1.922012987235065945e-02, 2.012200000000000000e+04
1.924496208148806370e-02, 2.858600000000000000e+04
1.926979429062546795e-02, 3.803000000000000000e+04
1.929462649976287220e-02, 4.646800000000000000e+04
1.931945870890027644e-02, 5.206300000000000000e+04
1.934429091803768069e-02, 5.366600000000000000e+04
1.936912312717508494e-02, 5.097200000000000000e+04
1.939395533631248919e-02, 4.452400000000000000e+04
1.941878754544989344e-02, 3.558500000000000000e+04
1.944361975458729769e-02, 2.605200000000000000e+04
1.946845196372469847e-02, 1.798800000000000000e+04
1.949328417286210272e-02, 1.290500000000000000e+04
1.951811638199950696e-02, 1.198800000000000000e+04
1.954294859113691121e-02, 1.533400000000000000e+04
1.956778080027431546e-02, 2.214900000000000000e+04
1.959261300941171971e-02, 3.112100000000000000e+04
1.961744521854912396e-02, 4.039600000000000000e+04
1.964227742768652821e-02, 4.814700000000000000e+04
1.966710963682393246e-02, 5.274800000000000000e+04
1.969194184596133670e-02, 5.330900000000000000e+04
1.971677405509874095e-02, 4.951700000000000000e+04
1.974160626423614520e-02, 4.230000000000000000e+04
1.976643847337354598e-02, 3.315400000000000000e+04
1.979127068251095023e-02, 2.385300000000000000e+04
1.981610289164835448e-02, 1.635200000000000000e+04
1.984093510078575873e-02, 1.228900000000000000e+04
1.986576730992316298e-02, 1.247500000000000000e+04
1.989059951906056722e-02, 1.685200000000000000e+04
1.991543172819797147e-02, 2.445300000000000000e+04
1.994026393733537572e-02, 3.378600000000000000e+04
1.996509614647277997e-02, 4.289700000000000000e+04
1.998992835561018422e-02, 4.997400000000000000e+04
2.001476056474758847e-02, 5.348100000000000000e+04
2.003959277388499272e-02, 5.274600000000000000e+04
2.006442498302239349e-02, 4.780800000000000000e+04
2.008925719215979774e-02, 3.977100000000000000e+04
2.011408940129720199e-02, 3.035200000000000000e+04
2.013892161043460624e-02, 2.143300000000000000e+04
2.016375381957201049e-02, 1.477800000000000000e+04
2.018858602870941474e-02, 1.189800000000000000e+04
2.021341823784681899e-02, 1.322500000000000000e+04
2.023825044698422324e-02, 1.865200000000000000e+04
2.026308265612162748e-02, 2.676600000000000000e+04
2.028791486525903173e-02, 3.617000000000000000e+04
2.031274707439643598e-02, 4.493700000000000000e+04
2.033757928353384023e-02, 5.124600000000000000e+04
2.036241149267124101e-02, 5.368700000000000000e+04
2.038724370180864526e-02, 5.183800000000000000e+04
2.041207591094604951e-02, 4.607000000000000000e+04
2.043690812008345375e-02, 3.751300000000000000e+04
2.046174032922085800e-02, 2.810000000000000000e+04
2.048657253835826225e-02, 1.961600000000000000e+04
2.051140474749566650e-02, 1.383500000000000000e+04
2.053623695663307075e-02, 1.212400000000000000e+04
2.056106916577047500e-02, 1.454700000000000000e+04
2.058590137490787925e-02, 2.084500000000000000e+04
2.061073358404528350e-02, 2.948500000000000000e+04
2.063556579318268427e-02, 3.887000000000000000e+04
2.066039800232008852e-02, 4.709200000000000000e+04
2.068523021145749277e-02, 5.234700000000000000e+04
2.071006242059489702e-02, 5.366300000000000000e+04
2.073489462973230127e-02, 5.064200000000000000e+04
2.075972683886970552e-02, 4.392200000000000000e+04
2.078455904800710977e-02, 3.485400000000000000e+04
2.080939125714451401e-02, 2.542000000000000000e+04
2.083422346628191826e-02, 1.752000000000000000e+04
2.085905567541932251e-02, 1.270900000000000000e+04
2.088388788455672676e-02, 1.208500000000000000e+04
2.090872009369413101e-02, 1.566500000000000000e+04
2.093355230283153179e-02, 2.273600000000000000e+04
2.095838451196893604e-02, 3.174300000000000000e+04
2.098321672110634029e-02, 4.095100000000000000e+04
2.100804893024374453e-02, 4.864000000000000000e+04
2.103288113938114878e-02, 5.300800000000000000e+04
2.105771334851855303e-02, 5.321600000000000000e+04
2.108254555765595728e-02, 4.907600000000000000e+04
2.110737776679336153e-02, 4.154100000000000000e+04
2.113220997593076578e-02, 3.226700000000000000e+04
2.115704218506817003e-02, 2.308600000000000000e+04
2.118187439420557427e-02, 1.585700000000000000e+04
2.120670660334297852e-02, 1.217700000000000000e+04
2.123153881248037930e-02, 1.282200000000000000e+04
2.125637102161778355e-02, 1.750700000000000000e+04
2.128120323075518780e-02, 2.524500000000000000e+04
2.130603543989259205e-02, 3.454800000000000000e+04
2.133086764902999630e-02, 4.349100000000000000e+04
2.135569985816740055e-02, 5.035900000000000000e+04
2.138053206730480479e-02, 5.356800000000000000e+04
2.140536427644220904e-02, 5.255300000000000000e+04
2.143019648557961329e-02, 4.749300000000000000e+04
2.145502869471701754e-02, 3.934700000000000000e+04
2.147986090385442179e-02, 2.996700000000000000e+04
2.150469311299182604e-02, 2.115800000000000000e+04
2.152952532212922682e-02, 1.467700000000000000e+04
2.155435753126663107e-02, 1.214400000000000000e+04
2.157918974040403531e-02, 1.371700000000000000e+04
2.160402194954143956e-02, 1.935100000000000000e+04
2.162885415867884381e-02, 2.765400000000000000e+04
2.165368636781624806e-02, 3.704500000000000000e+04
2.167851857695365231e-02, 4.562400000000000000e+04
2.170335078609105656e-02, 5.160000000000000000e+04
2.172818299522846081e-02, 5.361900000000000000e+04
2.175301520436586505e-02, 5.134400000000000000e+04
2.177784741350326930e-02, 4.535200000000000000e+04
2.180267962264067008e-02, 3.667300000000000000e+04
2.182751183177807433e-02, 2.719700000000000000e+04
2.185234404091547858e-02, 1.889200000000000000e+04
2.187717625005288283e-02, 1.334000000000000000e+04
2.190200845919028708e-02, 1.188100000000000000e+04
2.192684066832769132e-02, 1.462100000000000000e+04
2.195167287746509557e-02, 2.110100000000000000e+04
2.197650508660249982e-02, 2.986800000000000000e+04
2.200133729573990407e-02, 3.918500000000000000e+04
2.202616950487730832e-02, 4.732600000000000000e+04
2.205100171401471257e-02, 5.245100000000000000e+04
2.207583392315211682e-02, 5.353700000000000000e+04
2.210066613228951760e-02, 5.025900000000000000e+04
2.212549834142692184e-02, 4.346000000000000000e+04
2.215033055056432609e-02, 3.439000000000000000e+04
2.217516275970173034e-02, 2.493500000000000000e+04
2.219999496883913459e-02, 1.712900000000000000e+04
2.222482717797653884e-02, 1.257600000000000000e+04
2.224965938711394309e-02, 1.236700000000000000e+04
2.227449159625134734e-02, 1.629000000000000000e+04
2.229932380538875158e-02, 2.351200000000000000e+04
2.232415601452615583e-02, 3.263400000000000000e+04
2.234898822366356008e-02, 4.180600000000000000e+04
2.237382043280096433e-02, 4.924900000000000000e+04
2.239865264193836511e-02, 5.324900000000000000e+04
2.242348485107576936e-02, 5.305100000000000000e+04
2.244831706021317361e-02, 4.856600000000000000e+04
2.247314926935057786e-02, 4.094200000000000000e+04
2.249798147848798210e-02, 3.161100000000000000e+04
2.252281368762538635e-02, 2.251200000000000000e+04
2.254764589676279060e-02, 1.548600000000000000e+04
2.257247810590019485e-02, 1.202800000000000000e+04
2.259731031503759910e-02, 1.281300000000000000e+04
2.262214252417500335e-02, 1.783100000000000000e+04
2.264697473331240760e-02, 2.580700000000000000e+04
2.267180694244981184e-02, 3.514500000000000000e+04
2.269663915158721262e-02, 4.403600000000000000e+04
2.272147136072461687e-02, 5.069000000000000000e+04
2.274630356986202112e-02, 5.356000000000000000e+04
2.277113577899942537e-02, 5.211700000000000000e+04
2.279596798813682962e-02, 4.680600000000000000e+04
2.282080019727423387e-02, 3.852900000000000000e+04
2.284563240641163812e-02, 2.905400000000000000e+04
2.287046461554904236e-02, 2.038400000000000000e+04
2.289529682468644661e-02, 1.414300000000000000e+04
2.292012903382385086e-02, 1.184000000000000000e+04
2.294496124296125511e-02, 1.386700000000000000e+04
2.296979345209865936e-02, 1.980000000000000000e+04
2.299462566123606014e-02, 2.821700000000000000e+04
2.301945787037346439e-02, 3.766600000000000000e+04
2.304429007951086864e-02, 4.612500000000000000e+04
2.306912228864827288e-02, 5.186900000000000000e+04
2.309395449778567713e-02, 5.373500000000000000e+04
2.311878670692308138e-02, 5.125600000000000000e+04
2.314361891606048563e-02, 4.507100000000000000e+04
2.316845112519788988e-02, 3.630200000000000000e+04
2.319328333433529413e-02, 2.675000000000000000e+04
2.321811554347269838e-02, 1.848100000000000000e+04
2.324294775261010262e-02, 1.314600000000000000e+04
2.326777996174750340e-02, 1.192400000000000000e+04
2.329261217088490765e-02, 1.496800000000000000e+04
2.331744438002231190e-02, 2.169600000000000000e+04
2.334227658915971615e-02, 3.065700000000000000e+04
2.336710879829712040e-02, 4.003600000000000000e+04
2.339194100743452465e-02, 4.798700000000000000e+04
2.341677321657192890e-02, 5.276300000000000000e+04
2.344160542570933314e-02, 5.346300000000000000e+04
2.346643763484673739e-02, 4.975300000000000000e+04
2.349126984398414164e-02, 4.266100000000000000e+04
2.351610205312154589e-02, 3.353800000000000000e+04
2.354093426225895014e-02, 2.421400000000000000e+04
2.356576647139635092e-02, 1.666000000000000000e+04
2.359059868053375517e-02, 1.237600000000000000e+04
2.361543088967115941e-02, 1.230700000000000000e+04
2.364026309880856366e-02, 1.647600000000000000e+04
2.366509530794596791e-02, 2.383100000000000000e+04
2.368992751708337216e-02, 3.303900000000000000e+04
2.371475972622077641e-02, 4.226100000000000000e+04
2.373959193535818066e-02, 4.958600000000000000e+04
2.376442414449558491e-02, 5.334600000000000000e+04
2.378925635363298915e-02, 5.294600000000000000e+04
2.381408856277039340e-02, 4.833500000000000000e+04
2.383892077190779765e-02, 4.045700000000000000e+04
2.386375298104519843e-02, 3.100300000000000000e+04
2.388858519018260268e-02, 2.199200000000000000e+04
2.391341739932000693e-02, 1.512200000000000000e+04
2.393824960845741118e-02, 1.196300000000000000e+04
2.396308181759481543e-02, 1.310300000000000000e+04
2.398791402673221967e-02, 1.838200000000000000e+04
2.401274623586962392e-02, 2.640900000000000000e+04
2.403757844500702817e-02, 3.579800000000000000e+04
2.406241065414443242e-02, 4.458200000000000000e+04
2.408724286328183667e-02, 5.100800000000000000e+04
2.411207507241924092e-02, 5.369900000000000000e+04
2.413690728155664517e-02, 5.208100000000000000e+04
2.416173949069404595e-02, 4.641700000000000000e+04
2.418657169983145019e-02, 3.794600000000000000e+04
2.421140390896885444e-02, 2.845800000000000000e+04
2.423623611810625869e-02, 1.986900000000000000e+04
2.426106832724366294e-02, 1.386400000000000000e+04
2.428590053638106719e-02, 1.182900000000000000e+04
2.431073274551847144e-02, 1.401500000000000000e+04
2.433556495465587569e-02, 2.011500000000000000e+04
2.436039716379327993e-02, 2.877400000000000000e+04
2.438522937293068418e-02, 3.824200000000000000e+04
2.441006158206808843e-02, 4.659600000000000000e+04
2.443489379120549268e-02, 5.212100000000000000e+04
2.445972600034289346e-02, 5.368700000000000000e+04
2.448455820948029771e-02, 5.097300000000000000e+04
2.450939041861770196e-02, 4.452800000000000000e+04
2.453422262775510621e-02, 3.559700000000000000e+04
2.455905483689251045e-02, 2.605700000000000000e+04
2.458388704602991470e-02, 1.798600000000000000e+04
2.460871925516731895e-02, 1.291000000000000000e+04
2.463355146430472320e-02, 1.198500000000000000e+04
2.465838367344212745e-02, 1.534200000000000000e+04
2.468321588257953170e-02, 2.215400000000000000e+04
2.470804809171693595e-02, 3.111400000000000000e+04
2.473288030085433672e-02, 4.051400000000000000e+04
2.475771250999174097e-02, 4.837400000000000000e+04
2.478254471912914522e-02, 5.291000000000000000e+04
2.480737692826654947e-02, 5.338600000000000000e+04
2.483220913740395372e-02, 4.955300000000000000e+04
2.485704134654135797e-02, 4.229900000000000000e+04
2.488187355567876222e-02, 3.315700000000000000e+04
2.490670576481616647e-02, 2.386200000000000000e+04
2.493153797395357071e-02, 1.635900000000000000e+04
2.495637018309097496e-02, 1.229200000000000000e+04
2.498120239222837921e-02, 1.248400000000000000e+04
2.500603460136578346e-02, 1.685600000000000000e+04
2.503086681050318424e-02, 2.445000000000000000e+04
2.505569901964058849e-02, 3.377500000000000000e+04
2.508053122877799274e-02, 4.289600000000000000e+04
2.510536343791539698e-02, 4.997700000000000000e+04
2.513019564705280123e-02, 5.348300000000000000e+04
2.515502785619020548e-02, 5.274800000000000000e+04
2.517986006532760973e-02, 4.781700000000000000e+04
2.520469227446501398e-02, 3.977100000000000000e+04
2.522952448360241823e-02, 3.034800000000000000e+04
2.525435669273982248e-02, 2.143000000000000000e+04
2.527918890187722673e-02, 1.477700000000000000e+04
2.530402111101463097e-02, 1.190500000000000000e+04
2.532885332015203175e-02, 1.322700000000000000e+04
2.535368552928943600e-02, 1.865000000000000000e+04
2.537851773842684025e-02, 2.677700000000000000e+04
2.540334994756424450e-02, 3.616500000000000000e+04
2.542818215670164875e-02, 4.492900000000000000e+04
2.545301436583905300e-02, 5.124100000000000000e+04
2.547784657497645724e-02, 5.368400000000000000e+04
2.550267878411386149e-02, 5.182900000000000000e+04
2.552751099325126574e-02, 4.607000000000000000e+04
2.555234320238866999e-02, 3.749300000000000000e+04
2.557717541152607424e-02, 2.789900000000000000e+04
2.560200762066347849e-02, 1.940500000000000000e+04
2.562683982980087927e-02, 1.360700000000000000e+04
2.565167203893828352e-02, 1.183700000000000000e+04
2.567650424807568776e-02, 1.434400000000000000e+04
2.570133645721309201e-02, 2.056900000000000000e+04
2.572616866635049626e-02, 2.922200000000000000e+04
2.575100087548790051e-02, 3.871500000000000000e+04
2.577583308462530476e-02, 4.702200000000000000e+04
2.580066529376270901e-02, 5.231900000000000000e+04
2.582549750290011326e-02, 5.364600000000000000e+04
2.585032971203751750e-02, 5.064000000000000000e+04
2.587516192117492175e-02, 4.395800000000000000e+04
2.589999413031232253e-02, 3.506700000000000000e+04
2.592482633944972678e-02, 2.562800000000000000e+04
2.594965854858713103e-02, 1.763900000000000000e+04
2.597449075772453528e-02, 1.276200000000000000e+04
2.599932296686193953e-02, 1.211000000000000000e+04
2.602415517599934378e-02, 1.567700000000000000e+04
2.604898738513674802e-02, 2.273600000000000000e+04
2.607381959427415227e-02, 3.183700000000000000e+04
2.609865180341155652e-02, 4.117900000000000000e+04
2.612348401254896077e-02, 4.881800000000000000e+04
2.614831622168636502e-02, 5.310100000000000000e+04
2.617314843082376927e-02, 5.325400000000000000e+04
2.619798063996117005e-02, 4.909800000000000000e+04
2.622281284909857429e-02, 4.154800000000000000e+04
2.624764505823597854e-02, 3.226500000000000000e+04
2.627247726737338279e-02, 2.308300000000000000e+04
2.629730947651078704e-02, 1.585600000000000000e+04
2.632214168564819129e-02, 1.214100000000000000e+04
2.634697389478559554e-02, 1.261000000000000000e+04
2.637180610392299979e-02, 1.730100000000000000e+04
2.639663831306040404e-02, 2.511800000000000000e+04
2.642147052219780828e-02, 3.449500000000000000e+04
2.644630273133521253e-02, 4.347500000000000000e+04
2.647113494047261678e-02, 5.035500000000000000e+04
2.649596714961001756e-02, 5.356800000000000000e+04
2.652079935874742181e-02, 5.247000000000000000e+04
2.654563156788482606e-02, 4.726500000000000000e+04
2.657046377702223031e-02, 3.915700000000000000e+04
2.659529598615963455e-02, 2.969300000000000000e+04
2.662012819529703880e-02, 2.089300000000000000e+04
2.664496040443444305e-02, 1.445700000000000000e+04
2.666979261357184730e-02, 1.184900000000000000e+04
2.669462482270925155e-02, 1.349500000000000000e+04
2.671945703184665580e-02, 1.909300000000000000e+04
2.674428924098406005e-02, 2.737500000000000000e+04
2.676912145012146430e-02, 3.684900000000000000e+04
2.679395365925886507e-02, 4.534000000000000000e+04
2.681878586839626932e-02, 5.135200000000000000e+04
2.684361807753367357e-02, 5.359400000000000000e+04
2.686845028667107782e-02, 5.151400000000000000e+04
2.689328249580848207e-02, 4.550400000000000000e+04
2.691811470494588632e-02, 3.675800000000000000e+04
2.694294691408329057e-02, 2.722800000000000000e+04
2.696777912322069481e-02, 1.890100000000000000e+04
2.699261133235809906e-02, 1.334100000000000000e+04
2.701744354149550331e-02, 1.188300000000000000e+04
2.704227575063290756e-02, 1.462800000000000000e+04
2.706710795977031181e-02, 2.109900000000000000e+04
2.709194016890771259e-02, 2.992100000000000000e+04
2.711677237804511684e-02, 3.940400000000000000e+04
2.714160458718252109e-02, 4.752100000000000000e+04
2.716643679631992533e-02, 5.255900000000000000e+04
2.719126900545732958e-02, 5.358400000000000000e+04
2.721610121459473383e-02, 5.026600000000000000e+04
2.724093342373213808e-02, 4.345700000000000000e+04
2.726576563286954233e-02, 3.439800000000000000e+04
2.729059784200694658e-02, 2.503400000000000000e+04
2.731543005114435083e-02, 1.736200000000000000e+04
2.734026226028175507e-02, 1.275100000000000000e+04
2.736509446941915585e-02, 1.227500000000000000e+04
2.738992667855656010e-02, 1.611000000000000000e+04
2.741475888769396435e-02, 2.338300000000000000e+04
2.743959109683136860e-02, 3.257500000000000000e+04
2.746442330596877285e-02, 4.178700000000000000e+04
2.748925551510617710e-02, 4.924400000000000000e+04
2.751408772424358135e-02, 5.324800000000000000e+04
2.753891993338098559e-02, 5.305800000000000000e+04
2.756375214251838984e-02, 4.856900000000000000e+04
2.758858435165579409e-02, 4.093900000000000000e+04
2.761341656079319834e-02, 3.160800000000000000e+04
2.763824876993060259e-02, 2.251000000000000000e+04
2.766308097906800337e-02, 1.548500000000000000e+04
2.768791318820540762e-02, 1.202800000000000000e+04
2.771274539734281186e-02, 1.281300000000000000e+04
2.773757760648021611e-02, 1.781400000000000000e+04
2.776240981561762036e-02, 2.580500000000000000e+04
2.778724202475502461e-02, 3.515000000000000000e+04
2.781207423389242886e-02, 4.387200000000000000e+04
2.783690644302983311e-02, 5.046800000000000000e+04
2.786173865216723736e-02, 5.348900000000000000e+04
2.788657086130464161e-02, 5.227500000000000000e+04
2.791140307044204585e-02, 4.696900000000000000e+04
2.793623527957945010e-02, 3.862900000000000000e+04
2.796106748871685088e-02, 2.909400000000000000e+04
2.798589969785425513e-02, 2.039500000000000000e+04
2.801073190699165938e-02, 1.414500000000000000e+04
2.803556411612906363e-02, 1.184100000000000000e+04
2.806039632526646788e-02, 1.374200000000000000e+04
2.808522853440387212e-02, 1.956900000000000000e+04
2.811006074354127637e-02, 2.804900000000000000e+04
2.813489295267868062e-02, 3.758300000000000000e+04
2.815972516181608487e-02, 4.609100000000000000e+04
2.818455737095348912e-02, 5.185600000000000000e+04
2.820938958009089337e-02, 5.373100000000000000e+04
2.823422178922829762e-02, 5.125100000000000000e+04
2.825905399836569840e-02, 4.505700000000000000e+04
2.828388620750310264e-02, 3.630600000000000000e+04
2.830871841664050689e-02, 2.680800000000000000e+04
2.833355062577791114e-02, 1.870500000000000000e+04
2.835838283491531539e-02, 1.334800000000000000e+04
2.838321504405271964e-02, 1.203500000000000000e+04
2.840804725319012389e-02, 1.501700000000000000e+04
2.843287946232752814e-02, 2.170800000000000000e+04
2.845771167146493238e-02, 3.065900000000000000e+04
2.848254388060233663e-02, 4.004000000000000000e+04
2.850737608973974088e-02, 4.799100000000000000e+04
2.853220829887714513e-02, 5.276600000000000000e+04
2.855704050801454591e-02, 5.347500000000000000e+04
2.858187271715195016e-02, 4.994200000000000000e+04
2.860670492628935441e-02, 4.288100000000000000e+04
2.863153713542675866e-02, 3.374500000000000000e+04
2.865636934456416290e-02, 2.450200000000000000e+04
2.868120155370156715e-02, 1.687400000000000000e+04
2.870603376283897140e-02, 1.248700000000000000e+04
2.873086597197637565e-02, 1.235300000000000000e+04
2.875569818111377990e-02, 1.653800000000000000e+04
2.878053039025118415e-02, 2.405400000000000000e+04
2.880536259938858840e-02, 3.324200000000000000e+04
2.883019480852598918e-02, 4.224200000000000000e+04
2.885502701766339342e-02, 4.940400000000000000e+04
2.887985922680079767e-02, 5.320100000000000000e+04
2.890469143593820192e-02, 5.287100000000000000e+04
2.892952364507560617e-02, 4.830400000000000000e+04
2.895435585421301042e-02, 4.045500000000000000e+04
2.897918806335041467e-02, 3.099900000000000000e+04
2.900402027248781892e-02, 2.198700000000000000e+04
2.902885248162522316e-02, 1.511900000000000000e+04
2.905368469076262741e-02, 1.196100000000000000e+04
2.907851689990003166e-02, 1.308600000000000000e+04
2.910334910903743591e-02, 1.837800000000000000e+04
2.912818131817483669e-02, 2.641500000000000000e+04
2.915301352731224094e-02, 3.565000000000000000e+04
2.917784573644964519e-02, 4.435700000000000000e+04
2.920267794558704944e-02, 5.085600000000000000e+04
2.922751015472445368e-02, 5.362600000000000000e+04
2.925234236386185793e-02, 5.205100000000000000e+04
2.927717457299926218e-02, 4.653300000000000000e+04
2.930200678213666643e-02, 3.817400000000000000e+04
2.932683899127407068e-02, 2.862800000000000000e+04
2.935167120041147493e-02, 1.995700000000000000e+04
2.937650340954887918e-02, 1.389600000000000000e+04
2.940133561868628342e-02, 1.192700000000000000e+04
2.942616782782368420e-02, 1.424600000000000000e+04
2.945100003696108845e-02, 2.029500000000000000e+04
2.947583224609849270e-02, 2.886400000000000000e+04
2.950066445523589695e-02, 3.828500000000000000e+04
2.952549666437330120e-02, 4.661400000000000000e+04
2.955032887351070545e-02, 5.212800000000000000e+04
2.957516108264810969e-02, 5.368900000000000000e+04
2.959999329178551394e-02, 5.096600000000000000e+04
2.962482550092291819e-02, 4.453000000000000000e+04
2.964965771006032244e-02, 3.563600000000000000e+04
2.967448991919772669e-02, 2.627200000000000000e+04
2.969932212833513094e-02, 1.819300000000000000e+04
2.972415433747253172e-02, 1.302900000000000000e+04
2.974898654660993597e-02, 1.203700000000000000e+04
2.977381875574734021e-02, 1.537800000000000000e+04
2.979865096488474446e-02, 2.235700000000000000e+04
2.982348317402214871e-02, 3.133200000000000000e+04
2.984831538315955296e-02, 4.063600000000000000e+04
2.987314759229695721e-02, 4.843200000000000000e+04
2.989797980143436146e-02, 5.293700000000000000e+04
2.992281201057176571e-02, 5.339700000000000000e+04
2.994764421970916995e-02, 4.955700000000000000e+04
2.997247642884657420e-02, 4.223800000000000000e+04
2.999730863798397498e-02, 3.293400000000000000e+04
3.002214084712137923e-02, 2.366800000000000000e+04
3.004697305625878348e-02, 1.625300000000000000e+04
3.007180526539618773e-02, 1.224700000000000000e+04
3.009663747453359198e-02, 1.247300000000000000e+04
3.012146968367099623e-02, 1.685500000000000000e+04
3.014630189280840047e-02, 2.444500000000000000e+04
3.017113410194580472e-02, 3.376300000000000000e+04
3.019596631108320897e-02, 4.289400000000000000e+04
3.022079852022061322e-02, 4.998000000000000000e+04
3.024563072935801747e-02, 5.348500000000000000e+04
3.027046293849542172e-02, 5.274900000000000000e+04
3.029529514763282250e-02, 4.790300000000000000e+04
3.032012735677022675e-02, 4.000000000000000000e+04
3.034495956590763099e-02, 3.053400000000000000e+04
3.036979177504503524e-02, 2.153400000000000000e+04
3.039462398418243949e-02, 1.481600000000000000e+04
3.041945619331984374e-02, 1.196500000000000000e+04
3.044428840245724799e-02, 1.344800000000000000e+04
3.046912061159465224e-02, 1.885000000000000000e+04
3.049395282073205649e-02, 2.690500000000000000e+04
3.051878502986946073e-02, 3.621300000000000000e+04
3.054361723900686498e-02, 4.494000000000000000e+04
3.056844944814426923e-02, 5.124200000000000000e+04
3.059328165728167001e-02, 5.368400000000000000e+04
3.061811386641907426e-02, 5.182000000000000000e+04
3.064294607555647851e-02, 4.607000000000000000e+04
3.066777828469388276e-02, 3.750000000000000000e+04
3.069261049383128701e-02, 2.790800000000000000e+04
3.071744270296869125e-02, 1.940500000000000000e+04
3.074227491210609550e-02, 1.360400000000000000e+04
3.076710712124349975e-02, 1.183500000000000000e+04
3.079193933038090400e-02, 1.434500000000000000e+04
3.081677153951830825e-02, 2.073400000000000000e+04
3.084160374865571250e-02, 2.944800000000000000e+04
3.086643595779311675e-02, 3.885500000000000000e+04
3.089126816693051752e-02, 4.708900000000000000e+04
3.091610037606792177e-02, 5.235000000000000000e+04
3.094093258520532602e-02, 5.353600000000000000e+04
3.096576479434273027e-02, 5.041400000000000000e+04
3.099059700348013452e-02, 4.378100000000000000e+04
3.101542921261753877e-02, 3.497300000000000000e+04
3.104026142175494302e-02, 2.559900000000000000e+04
3.106509363089234727e-02, 1.772700000000000000e+04
3.108992584002975151e-02, 1.299100000000000000e+04
3.111475804916715576e-02, 1.229400000000000000e+04
3.113959025830456001e-02, 1.577800000000000000e+04
3.116442246744196426e-02, 2.277300000000000000e+04
3.118925467657936504e-02, 3.184000000000000000e+04
3.121408688571676929e-02, 4.118000000000000000e+04
3.123891909485417354e-02, 4.882200000000000000e+04
3.126375130399158125e-02, 5.310400000000000000e+04
3.128858351312898550e-02, 5.325600000000000000e+04
3.131341572226638281e-02, 4.911200000000000000e+04
3.133824793140378706e-02, 4.155500000000000000e+04
3.136308014054119131e-02, 3.225900000000000000e+04
3.138791234967859556e-02, 2.308400000000000000e+04
3.141274455881599981e-02, 1.585200000000000000e+04
3.143757676795340406e-02, 1.214100000000000000e+04
3.146240897709080830e-02, 1.261200000000000000e+04
3.148724118622821255e-02, 1.729700000000000000e+04
3.151207339536561680e-02, 2.502700000000000000e+04
3.153690560450302105e-02, 3.426400000000000000e+04
3.156173781364042530e-02, 4.329000000000000000e+04
3.158657002277782955e-02, 5.025800000000000000e+04
3.161140223191523380e-02, 5.352700000000000000e+04
3.163623444105263804e-02, 5.252200000000000000e+04
3.166106665019004229e-02, 4.748400000000000000e+04
3.168589885932744654e-02, 3.934900000000000000e+04
3.171073106846485079e-02, 2.980500000000000000e+04
3.173556327760225504e-02, 2.093600000000000000e+04
3.176039548673965929e-02, 1.446900000000000000e+04
3.178522769587706354e-02, 1.185200000000000000e+04
3.181005990501446778e-02, 1.349600000000000000e+04
3.183489211415187203e-02, 1.911000000000000000e+04
3.185972432328927628e-02, 2.737500000000000000e+04
3.188455653242668053e-02, 3.685600000000000000e+04
3.190938874156407784e-02, 4.553000000000000000e+04
3.193422095070148209e-02, 5.156600000000000000e+04
3.195905315983888634e-02, 5.364300000000000000e+04
3.198388536897629059e-02, 5.134500000000000000e+04
3.200871757811369483e-02, 4.534200000000000000e+04
3.203354978725109908e-02, 3.683400000000000000e+04
3.205838199638850333e-02, 2.741500000000000000e+04
3.208321420552590758e-02, 1.908600000000000000e+04
3.210804641466331183e-02, 1.362600000000000000e+04
3.213287862380071608e-02, 1.210800000000000000e+04
3.215771083293812033e-02, 1.488800000000000000e+04
3.218254304207552458e-02, 2.138000000000000000e+04
3.220737525121292882e-02, 3.009400000000000000e+04
3.223220746035033307e-02, 3.948500000000000000e+04
3.225703966948773732e-02, 4.755800000000000000e+04
3.228187187862514157e-02, 5.247000000000000000e+04
3.230670408776254582e-02, 5.335900000000000000e+04
3.233153629689995007e-02, 5.008400000000000000e+04
3.235636850603735432e-02, 4.318200000000000000e+04
3.238120071517475856e-02, 3.413900000000000000e+04
3.240603292431216281e-02, 2.480100000000000000e+04
3.243086513344956706e-02, 1.706600000000000000e+04
3.245569734258697131e-02, 1.254000000000000000e+04
3.248052955172437556e-02, 1.217500000000000000e+04
3.250536176086177287e-02, 1.606400000000000000e+04
3.253019396999917712e-02, 2.335600000000000000e+04
3.255502617913658137e-02, 3.256300000000000000e+04
3.257985838827398561e-02, 4.178700000000000000e+04
3.260469059741138986e-02, 4.912000000000000000e+04
3.262952280654879411e-02, 5.301800000000000000e+04
3.265435501568619836e-02, 5.292200000000000000e+04
3.267918722482360261e-02, 4.869500000000000000e+04
3.270401943396100686e-02, 4.111400000000000000e+04
3.272885164309841111e-02, 3.172500000000000000e+04
3.275368385223581535e-02, 2.256000000000000000e+04
3.277851606137321960e-02, 1.550000000000000000e+04
3.280334827051062385e-02, 1.203100000000000000e+04
3.282818047964802810e-02, 1.281400000000000000e+04
3.285301268878543235e-02, 1.774600000000000000e+04
3.287784489792283660e-02, 2.557900000000000000e+04
3.290267710706024085e-02, 3.495900000000000000e+04
3.292750931619764510e-02, 4.393200000000000000e+04
3.295234152533504934e-02, 5.065100000000000000e+04
3.297717373447245359e-02, 5.361500000000000000e+04
3.300200594360985784e-02, 5.233600000000000000e+04
3.302683815274726209e-02, 4.699900000000000000e+04
3.305167036188466634e-02, 3.865000000000000000e+04
3.307650257102206365e-02, 2.909900000000000000e+04
3.310133478015946790e-02, 2.039800000000000000e+04
3.312616698929687215e-02, 1.414800000000000000e+04
3.315099919843427639e-02, 1.183700000000000000e+04
3.317583140757168064e-02, 1.383800000000000000e+04
3.320066361670908489e-02, 1.979700000000000000e+04
3.322549582584648914e-02, 2.822300000000000000e+04
3.325032803498389339e-02, 3.766800000000000000e+04
3.327516024412129764e-02, 4.613100000000000000e+04
3.329999245325870189e-02, 5.181200000000000000e+04
3.332482466239610613e-02, 5.351500000000000000e+04
3.334965687153351038e-02, 5.105900000000000000e+04
3.337448908067091463e-02, 4.494500000000000000e+04
3.339932128980831888e-02, 3.626100000000000000e+04
3.342415349894572313e-02, 2.675200000000000000e+04
3.344898570808312738e-02, 1.848600000000000000e+04
3.347381791722053163e-02, 1.314500000000000000e+04
3.349865012635793587e-02, 1.193000000000000000e+04
3.352348233549534012e-02, 1.496700000000000000e+04
3.354831454463274437e-02, 2.168100000000000000e+04
3.357314675377014862e-02, 3.064400000000000000e+04
3.359797896290755287e-02, 4.004000000000000000e+04
3.362281117204495712e-02, 4.790800000000000000e+04
3.364764338118236137e-02, 5.253900000000000000e+04
3.367247559031975868e-02, 5.329100000000000000e+04
3.369730779945716292e-02, 4.984500000000000000e+04
3.372214000859456717e-02, 4.284000000000000000e+04
3.374697221773197142e-02, 3.366600000000000000e+04
3.377180442686937567e-02, 2.427300000000000000e+04
3.379663663600677992e-02, 1.667900000000000000e+04
3.382146884514418417e-02, 1.251800000000000000e+04
3.384630105428158842e-02, 1.253900000000000000e+04
3.387113326341899266e-02, 1.665100000000000000e+04
3.389596547255639691e-02, 2.391800000000000000e+04
3.392079768169380116e-02, 3.306500000000000000e+04
3.394562989083120541e-02, 4.225800000000000000e+04
3.397046209996860966e-02, 4.958600000000000000e+04
3.399529430910601391e-02, 5.334600000000000000e+04
3.402012651824341816e-02, 5.294300000000000000e+04
3.404495872738082241e-02, 4.833900000000000000e+04
3.406979093651822665e-02, 4.047800000000000000e+04
3.409462314565563090e-02, 3.100700000000000000e+04
3.411945535479303515e-02, 2.198700000000000000e+04
3.414428756393043940e-02, 1.512300000000000000e+04
3.416911977306784365e-02, 1.195800000000000000e+04
3.419395198220524790e-02, 1.303000000000000000e+04
3.421878419134265215e-02, 1.815600000000000000e+04
3.424361640048004946e-02, 2.621500000000000000e+04
3.426844860961745370e-02, 3.568500000000000000e+04
3.429328081875485795e-02, 4.453800000000000000e+04
3.431811302789226220e-02, 5.098900000000000000e+04
3.434294523702966645e-02, 5.369100000000000000e+04
3.436777744616707070e-02, 5.208300000000000000e+04
3.439260965530447495e-02, 4.653800000000000000e+04
3.441744186444187920e-02, 3.817900000000000000e+04
3.444227407357928344e-02, 2.863400000000000000e+04
3.446710628271668769e-02, 1.996100000000000000e+04
3.449193849185409194e-02, 1.389700000000000000e+04
3.451677070099149619e-02, 1.184700000000000000e+04
3.454160291012890044e-02, 1.401800000000000000e+04
3.456643511926630469e-02, 2.010700000000000000e+04
3.459126732840370894e-02, 2.875800000000000000e+04
3.461609953754111318e-02, 3.824500000000000000e+04
3.464093174667851743e-02, 4.659600000000000000e+04
3.466576395581592168e-02, 5.212200000000000000e+04
3.469059616495332593e-02, 5.369200000000000000e+04
3.471542837409073018e-02, 5.084500000000000000e+04
3.474026058322813443e-02, 4.430000000000000000e+04
3.476509279236553868e-02, 3.544000000000000000e+04
3.478992500150294293e-02, 2.598000000000000000e+04
3.481475721064034717e-02, 1.795000000000000000e+04
3.483958941977774448e-02, 1.299000000000000000e+04
3.486442162891514873e-02, 1.220900000000000000e+04
3.488925383805255298e-02, 1.553100000000000000e+04
3.491408604718995723e-02, 2.243000000000000000e+04
3.493891825632736148e-02, 3.137300000000000000e+04
3.496375046546476573e-02, 4.065700000000000000e+04
3.498858267460216998e-02, 4.844100000000000000e+04
3.501341488373957422e-02, 5.293900000000000000e+04
3.503824709287697847e-02, 5.339100000000000000e+04
3.506307930201438272e-02, 4.955900000000000000e+04
3.508791151115178697e-02, 4.224900000000000000e+04
3.511274372028919122e-02, 3.294000000000000000e+04
3.513757592942659547e-02, 2.366600000000000000e+04
3.516240813856399972e-02, 1.625800000000000000e+04
3.518724034770140396e-02, 1.224500000000000000e+04
3.521207255683880821e-02, 1.247300000000000000e+04
3.523690476597621246e-02, 1.685700000000000000e+04
3.526173697511361671e-02, 2.444100000000000000e+04
3.528656918425102096e-02, 3.375900000000000000e+04
3.531140139338842521e-02, 4.289100000000000000e+04
3.533623360252582946e-02, 4.997700000000000000e+04
3.536106581166323370e-02, 5.347900000000000000e+04
3.538589802080063795e-02, 5.275100000000000000e+04
3.541073022993803526e-02, 4.784600000000000000e+04
3.543556243907543951e-02, 3.978000000000000000e+04
3.546039464821284376e-02, 3.034000000000000000e+04
3.548522685735024801e-02, 2.142800000000000000e+04
3.551005906648765226e-02, 1.477100000000000000e+04
3.553489127562505651e-02, 1.190700000000000000e+04
3.555972348476246075e-02, 1.322700000000000000e+04
3.558455569389986500e-02, 1.864500000000000000e+04
3.560938790303726925e-02, 2.691000000000000000e+04
3.563422011217467350e-02, 3.639400000000000000e+04
3.565905232131207775e-02, 4.508600000000000000e+04
3.568388453044948200e-02, 5.131500000000000000e+04
3.570871673958688625e-02, 5.371900000000000000e+04
3.573354894872429049e-02, 5.182700000000000000e+04
3.575838115786169474e-02, 4.607400000000000000e+04
3.578321336699909899e-02, 3.750600000000000000e+04
3.580804557613650324e-02, 2.791200000000000000e+04
3.583287778527390749e-02, 1.940600000000000000e+04
3.585770999441131174e-02, 1.361200000000000000e+04
3.588254220354871599e-02, 1.183800000000000000e+04
3.590737441268612024e-02, 1.434100000000000000e+04
3.593220662182352448e-02, 2.071500000000000000e+04
3.595703883096092873e-02, 2.944800000000000000e+04
3.598187104009833298e-02, 3.886200000000000000e+04
3.600670324923573029e-02, 4.709400000000000000e+04
3.603153545837313454e-02, 5.235300000000000000e+04
3.605636766751053879e-02, 5.365200000000000000e+04
3.608119987664794304e-02, 5.064500000000000000e+04
3.610603208578534729e-02, 4.394700000000000000e+04
3.613086429492275153e-02, 3.504900000000000000e+04
3.615569650406015578e-02, 2.563900000000000000e+04
3.618052871319756003e-02, 1.766200000000000000e+04
3.620536092233496428e-02, 1.277200000000000000e+04
3.623019313147236853e-02, 1.211400000000000000e+04
3.625502534060977278e-02, 1.568900000000000000e+04
3.627985754974717703e-02, 2.273100000000000000e+04
3.630468975888458127e-02, 3.182100000000000000e+04
3.632952196802198552e-02, 4.117200000000000000e+04
3.635435417715938977e-02, 4.881900000000000000e+04
3.637918638629679402e-02, 5.309500000000000000e+04
3.640401859543419827e-02, 5.325600000000000000e+04
3.642885080457160252e-02, 4.912100000000000000e+04
3.645368301370900677e-02, 4.156200000000000000e+04
3.647851522284641101e-02, 3.225700000000000000e+04
3.650334743198381526e-02, 2.308200000000000000e+04
3.652817964112121951e-02, 1.585000000000000000e+04
3.655301185025862376e-02, 1.214000000000000000e+04
3.657784405939602801e-02, 1.261200000000000000e+04
3.660267626853342532e-02, 1.729700000000000000e+04
3.662750847767082957e-02, 2.510600000000000000e+04
3.665234068680823382e-02, 3.449100000000000000e+04
3.667717289594563806e-02, 4.347600000000000000e+04
3.670200510508304231e-02, 5.035100000000000000e+04
3.672683731422044656e-02, 5.357100000000000000e+04
3.675166952335785081e-02, 5.253400000000000000e+04
3.677650173249525506e-02, 4.748800000000000000e+04
3.680133394163265931e-02, 3.935400000000000000e+04
3.682616615077006356e-02, 2.980900000000000000e+04
3.685099835990746781e-02, 2.093800000000000000e+04
3.687583056904487205e-02, 1.447500000000000000e+04
3.690066277818227630e-02, 1.185700000000000000e+04
3.692549498731968055e-02, 1.349300000000000000e+04
3.695032719645708480e-02, 1.920000000000000000e+04
3.697515940559448905e-02, 2.760300000000000000e+04
3.699999161473189330e-02, 3.703600000000000000e+04
3.702482382386929755e-02, 4.562300000000000000e+04
3.704965603300670179e-02, 5.160600000000000000e+04
3.707448824214410604e-02, 5.373000000000000000e+04
3.709932045128151029e-02, 5.157600000000000000e+04
3.712415266041891454e-02, 4.553300000000000000e+04
3.714898486955631879e-02, 3.692200000000000000e+04
3.717381707869371610e-02, 2.746100000000000000e+04
3.719864928783112035e-02, 1.906400000000000000e+04
3.722348149696852460e-02, 1.342000000000000000e+04
3.724831370610592884e-02, 1.191000000000000000e+04
3.727314591524333309e-02, 1.465200000000000000e+04
3.729797812438073734e-02, 2.110000000000000000e+04
3.732281033351814159e-02, 2.990800000000000000e+04
3.734764254265554584e-02, 3.939500000000000000e+04
3.737247475179295009e-02, 4.752200000000000000e+04
3.739730696093035434e-02, 5.255300000000000000e+04
3.742213917006775858e-02, 5.358400000000000000e+04
3.744697137920516283e-02, 5.026500000000000000e+04
3.747180358834256708e-02, 4.328200000000000000e+04
3.749663579747997133e-02, 3.417600000000000000e+04
3.752146800661737558e-02, 2.481100000000000000e+04
3.754630021575477983e-02, 1.706900000000000000e+04
3.757113242489218408e-02, 1.254000000000000000e+04
3.759596463402958832e-02, 1.231400000000000000e+04
3.762079684316699257e-02, 1.629500000000000000e+04
3.764562905230439682e-02, 2.349000000000000000e+04
3.767046126144180107e-02, 3.243600000000000000e+04
3.769529347057920532e-02, 4.160900000000000000e+04
3.772012567971660957e-02, 4.912700000000000000e+04
3.774495788885401382e-02, 5.319900000000000000e+04
3.776979009799141113e-02, 5.306900000000000000e+04
3.779462230712881537e-02, 4.876900000000000000e+04
3.781945451626621962e-02, 4.115000000000000000e+04
3.784428672540362387e-02, 3.181300000000000000e+04
3.786911893454102812e-02, 2.279200000000000000e+04
3.789395114367843237e-02, 1.569400000000000000e+04
3.791878335281583662e-02, 1.214100000000000000e+04
3.794361556195324087e-02, 1.285600000000000000e+04
3.796844777109064512e-02, 1.781100000000000000e+04
3.799327998022804936e-02, 2.580300000000000000e+04
3.801811218936545361e-02, 3.515800000000000000e+04
3.804294439850285786e-02, 4.404200000000000000e+04
3.806777660764026211e-02, 5.069800000000000000e+04
3.809260881677766636e-02, 5.363200000000000000e+04
3.811744102591507061e-02, 5.234200000000000000e+04
3.814227323505247486e-02, 4.700100000000000000e+04
3.816710544418987910e-02, 3.875400000000000000e+04
3.819193765332728335e-02, 2.932900000000000000e+04
3.821676986246468760e-02, 2.057500000000000000e+04
3.824160207160209185e-02, 1.423900000000000000e+04
3.826643428073949610e-02, 1.187500000000000000e+04
3.829126648987690035e-02, 1.383500000000000000e+04
3.831609869901430460e-02, 1.979800000000000000e+04
3.834093090815170191e-02, 2.823100000000000000e+04
3.836576311728910615e-02, 3.752100000000000000e+04
3.839059532642651040e-02, 4.590600000000000000e+04
3.841542753556391465e-02, 5.171400000000000000e+04
3.844025974470131890e-02, 5.366200000000000000e+04
3.846509195383872315e-02, 5.122700000000000000e+04
3.848992416297612740e-02, 4.490800000000000000e+04
3.851475637211353165e-02, 3.607500000000000000e+04
3.853958858125093589e-02, 2.660600000000000000e+04
3.856442079038834014e-02, 1.841100000000000000e+04
3.858925299952574439e-02, 1.311400000000000000e+04
3.861408520866314864e-02, 1.192700000000000000e+04
3.863891741780055289e-02, 1.496400000000000000e+04
3.866374962693795714e-02, 2.167400000000000000e+04
3.868858183607536139e-02, 3.063400000000000000e+04
3.871341404521276564e-02, 4.004000000000000000e+04
3.873824625435016988e-02, 4.798800000000000000e+04
3.876307846348757413e-02, 5.276800000000000000e+04
3.878791067262497838e-02, 5.347900000000000000e+04
3.881274288176238263e-02, 4.978900000000000000e+04
3.883757509089978688e-02, 4.265400000000000000e+04
3.886240730003719113e-02, 3.356400000000000000e+04
3.888723950917459538e-02, 2.441600000000000000e+04
3.891207171831199962e-02, 1.685800000000000000e+04
3.893690392744939693e-02, 1.249700000000000000e+04
3.896173613658680118e-02, 1.235600000000000000e+04
3.898656834572420543e-02, 1.652500000000000000e+04
3.901140055486160968e-02, 2.404300000000000000e+04
3.903623276399901393e-02, 3.324700000000000000e+04
3.906106497313641818e-02, 4.229000000000000000e+04
3.908589718227382243e-02, 4.941100000000000000e+04
3.911072939141122667e-02, 5.317800000000000000e+04
3.913556160054863092e-02, 5.268300000000000000e+04
3.916039380968603517e-02, 4.807400000000000000e+04
3.918522601882343942e-02, 4.032500000000000000e+04
3.921005822796084367e-02, 3.093500000000000000e+04
3.923489043709824792e-02, 2.195500000000000000e+04
3.925972264623565217e-02, 1.511000000000000000e+04
3.928455485537305641e-02, 1.195300000000000000e+04
3.930938706451046066e-02, 1.305900000000000000e+04
3.933421927364786491e-02, 1.836500000000000000e+04
3.935905148278526916e-02, 2.642300000000000000e+04
3.938388369192267341e-02, 3.579800000000000000e+04
3.940871590106007766e-02, 4.459200000000000000e+04
3.943354811019748191e-02, 5.101300000000000000e+04
3.945838031933488615e-02, 5.370100000000000000e+04
3.948321252847229040e-02, 5.208600000000000000e+04
3.950804473760968771e-02, 4.652300000000000000e+04
3.953287694674709196e-02, 3.817600000000000000e+04
3.955770915588449621e-02, 2.864100000000000000e+04
3.958254136502190046e-02, 1.996700000000000000e+04
3.960737357415930471e-02, 1.390000000000000000e+04
3.963220578329670896e-02, 1.185600000000000000e+04
3.965703799243411320e-02, 1.402200000000000000e+04
3.968187020157151745e-02, 2.010400000000000000e+04
3.970670241070892170e-02, 2.874700000000000000e+04
3.973153461984632595e-02, 3.824400000000000000e+04
3.975636682898373020e-02, 4.659900000000000000e+04
3.978119903812113445e-02, 5.212400000000000000e+04
3.980603124725853870e-02, 5.369300000000000000e+04
3.983086345639594295e-02, 5.095300000000000000e+04
3.985569566553334719e-02, 4.453100000000000000e+04
3.988052787467075144e-02, 3.561800000000000000e+04
3.990536008380815569e-02, 2.607600000000000000e+04
3.993019229294555994e-02, 1.798500000000000000e+04
3.995502450208296419e-02, 1.291300000000000000e+04
3.997985671122036844e-02, 1.198300000000000000e+04
4.000468892035777269e-02, 1.534700000000000000e+04
4.002952112949517693e-02, 2.217600000000000000e+04
4.005435333863258118e-02, 3.110400000000000000e+04
4.007918554776998543e-02, 4.044700000000000000e+04
4.010401775690738274e-02, 4.814700000000000000e+04
4.012884996604478699e-02, 5.270600000000000000e+04
4.015368217518219124e-02, 5.313600000000000000e+04
4.017851438431959549e-02, 4.927500000000000000e+04
4.020334659345699974e-02, 4.208700000000000000e+04
4.022817880259440398e-02, 3.305400000000000000e+04
4.025301101173180823e-02, 2.384300000000000000e+04
4.027784322086921248e-02, 1.637100000000000000e+04
4.030267543000661673e-02, 1.229700000000000000e+04
4.032750763914402098e-02, 1.249600000000000000e+04
4.035233984828142523e-02, 1.687000000000000000e+04
4.037717205741882948e-02, 2.444200000000000000e+04
4.040200426655623372e-02, 3.374800000000000000e+04
4.042683647569363797e-02, 4.288700000000000000e+04
4.045166868483104222e-02, 4.997900000000000000e+04
4.047650089396844647e-02, 5.348100000000000000e+04
4.050133310310585072e-02, 5.275200000000000000e+04
4.052616531224325497e-02, 4.788500000000000000e+04
4.055099752138065922e-02, 3.999400000000000000e+04
4.057582973051806347e-02, 3.054500000000000000e+04
4.060066193965546771e-02, 2.154400000000000000e+04
4.062549414879287196e-02, 1.482200000000000000e+04
4.065032635793027621e-02, 1.193100000000000000e+04
4.067515856706768046e-02, 1.323800000000000000e+04
4.069999077620507777e-02, 1.864500000000000000e+04
4.072482298534248202e-02, 2.689900000000000000e+04
4.074965519447988627e-02, 3.639100000000000000e+04
4.077448740361729052e-02, 4.508900000000000000e+04
4.079931961275469476e-02, 5.131800000000000000e+04
4.082415182189209901e-02, 5.372100000000000000e+04
4.084898403102950326e-02, 5.182000000000000000e+04
4.087381624016690751e-02, 4.607200000000000000e+04
4.089864844930431176e-02, 3.750900000000000000e+04
4.092348065844171601e-02, 2.792200000000000000e+04
4.094831286757912026e-02, 1.940700000000000000e+04
4.097314507671652450e-02, 1.360900000000000000e+04
4.099797728585392875e-02, 1.183600000000000000e+04
4.102280949499133300e-02, 1.434000000000000000e+04
4.104764170412873725e-02, 2.070600000000000000e+04
4.107247391326614150e-02, 2.944800000000000000e+04
4.109730612240354575e-02, 3.886200000000000000e+04
4.112213833154095000e-02, 4.709100000000000000e+04
4.114697054067835424e-02, 5.235600000000000000e+04
4.117180274981575849e-02, 5.364700000000000000e+04
4.119663495895316274e-02, 5.064600000000000000e+04
4.122146716809056699e-02, 4.395000000000000000e+04
4.124629937722797124e-02, 3.504500000000000000e+04
4.127113158636536855e-02, 2.564200000000000000e+04
4.129596379550277280e-02, 1.766700000000000000e+04
4.132079600464017705e-02, 1.277400000000000000e+04
4.134562821377758129e-02, 1.211500000000000000e+04
4.137046042291498554e-02, 1.569700000000000000e+04
4.139529263205238979e-02, 2.273000000000000000e+04
4.142012484118979404e-02, 3.181200000000000000e+04
4.144495705032719829e-02, 4.116600000000000000e+04
4.146978925946460254e-02, 4.882100000000000000e+04
4.149462146860200679e-02, 5.309800000000000000e+04
4.151945367773941103e-02, 5.325800000000000000e+04
4.154428588687681528e-02, 4.913300000000000000e+04
4.156911809601421953e-02, 4.175300000000000000e+04
4.159395030515162378e-02, 3.247600000000000000e+04
4.161878251428902803e-02, 2.329000000000000000e+04
4.164361472342643228e-02, 1.613800000000000000e+04
4.166844693256383653e-02, 1.235400000000000000e+04
4.169327914170124078e-02, 1.272800000000000000e+04
4.171811135083864502e-02, 1.734000000000000000e+04
4.174294355997604927e-02, 2.511100000000000000e+04
4.176777576911345352e-02, 3.449200000000000000e+04
4.179260797825085777e-02, 4.348000000000000000e+04
4.181744018738826202e-02, 5.035400000000000000e+04
4.184227239652566627e-02, 5.357200000000000000e+04
4.186710460566306358e-02, 5.251000000000000000e+04
4.189193681480046783e-02, 4.728500000000000000e+04
4.191676902393787207e-02, 3.914300000000000000e+04
4.194160123307527632e-02, 2.969300000000000000e+04
4.196643344221268057e-02, 2.088300000000000000e+04
4.199126565135008482e-02, 1.445600000000000000e+04
4.201609786048748907e-02, 1.202700000000000000e+04
4.204093006962489332e-02, 1.371200000000000000e+04
4.206576227876229757e-02, 1.933000000000000000e+04
4.209059448789970181e-02, 2.766600000000000000e+04
4.211542669703710606e-02, 3.706400000000000000e+04
4.214025890617451031e-02, 4.562800000000000000e+04
4.216509111531191456e-02, 5.161200000000000000e+04
4.218992332444931881e-02, 5.372800000000000000e+04
4.221475553358672306e-02, 5.157600000000000000e+04
4.223958774272412731e-02, 4.553800000000000000e+04
4.226441995186153155e-02, 3.691700000000000000e+04
4.228925216099893580e-02, 2.746300000000000000e+04
4.231408437013634005e-02, 1.906900000000000000e+04
4.233891657927374430e-02, 1.342300000000000000e+04
4.236374878841114855e-02, 1.191100000000000000e+04
4.238858099754855280e-02, 1.475200000000000000e+04
4.241341320668595705e-02, 2.133000000000000000e+04
4.243824541582335436e-02, 3.008300000000000000e+04
4.246307762496075860e-02, 3.948100000000000000e+04
4.248790983409816285e-02, 4.756200000000000000e+04
4.251274204323556710e-02, 5.257000000000000000e+04
4.253757425237297135e-02, 5.359100000000000000e+04
4.256240646151037560e-02, 5.026800000000000000e+04
4.258723867064777985e-02, 4.344100000000000000e+04
4.261207087978518410e-02, 3.440500000000000000e+04
4.263690308892258835e-02, 2.500000000000000000e+04
4.266173529805999259e-02, 1.735400000000000000e+04
4.268656750719739684e-02, 1.277500000000000000e+04
4.271139971633480109e-02, 1.231000000000000000e+04
4.273623192547220534e-02, 1.611900000000000000e+04
4.276106413460960959e-02, 2.335500000000000000e+04
4.278589634374701384e-02, 3.237100000000000000e+04
4.281072855288441809e-02, 4.157300000000000000e+04
4.283556076202182233e-02, 4.910900000000000000e+04
4.286039297115922658e-02, 5.319100000000000000e+04
4.288522518029663083e-02, 5.306100000000000000e+04
4.291005738943403508e-02, 4.859100000000000000e+04
4.293488959857143933e-02, 4.092600000000000000e+04
4.295972180770884358e-02, 3.160700000000000000e+04
4.298455401684624783e-02, 2.250200000000000000e+04
4.300938622598365207e-02, 1.547500000000000000e+04
4.303421843512104938e-02, 1.217200000000000000e+04
4.305905064425845363e-02, 1.303800000000000000e+04
4.308388285339585788e-02, 1.794500000000000000e+04
4.310871506253326213e-02, 2.587000000000000000e+04
4.313354727167066638e-02, 3.519000000000000000e+04
4.315837948080807063e-02, 4.404700000000000000e+04
4.318321168994547488e-02, 5.070400000000000000e+04
4.320804389908287912e-02, 5.363300000000000000e+04
4.323287610822028337e-02, 5.234100000000000000e+04
4.325770831735768762e-02, 4.700500000000000000e+04
4.328254052649509187e-02, 3.867100000000000000e+04
4.330737273563249612e-02, 2.910300000000000000e+04
4.333220494476990037e-02, 2.039200000000000000e+04
4.335703715390730462e-02, 1.414300000000000000e+04
4.338186936304470886e-02, 1.183400000000000000e+04
4.340670157218211311e-02, 1.381200000000000000e+04
4.343153378131951736e-02, 1.979000000000000000e+04
4.345636599045692161e-02, 2.823300000000000000e+04
4.348119819959432586e-02, 3.767000000000000000e+04
4.350603040873173011e-02, 4.613700000000000000e+04
4.353086261786913436e-02, 5.185000000000000000e+04
4.355569482700653861e-02, 5.353600000000000000e+04
4.358052703614394285e-02, 5.104600000000000000e+04
4.360535924528134016e-02, 4.481000000000000000e+04
4.363019145441874441e-02, 3.602200000000000000e+04
4.365502366355614866e-02, 2.658100000000000000e+04
4.367985587269355291e-02, 1.840400000000000000e+04
4.370468808183095716e-02, 1.310700000000000000e+04
4.372952029096836141e-02, 1.192200000000000000e+04
4.375435250010576566e-02, 1.496100000000000000e+04
4.377918470924316990e-02, 2.167200000000000000e+04
4.380401691838057415e-02, 3.047400000000000000e+04
4.382884912751797840e-02, 3.981200000000000000e+04
4.385368133665538265e-02, 4.783700000000000000e+04
4.387851354579278690e-02, 5.269600000000000000e+04
4.390334575493019115e-02, 5.345100000000000000e+04
4.392817796406759540e-02, 4.991200000000000000e+04
4.395301017320499964e-02, 4.288200000000000000e+04
4.397784238234240389e-02, 3.369800000000000000e+04
4.400267459147980814e-02, 2.428900000000000000e+04
4.402750680061721239e-02, 1.668100000000000000e+04
4.405233900975461664e-02, 1.239600000000000000e+04
4.407717121889202089e-02, 1.230700000000000000e+04
4.410200342802942514e-02, 1.649300000000000000e+04
4.412683563716682938e-02, 2.384900000000000000e+04
4.415166784630423363e-02, 3.302300000000000000e+04
4.417650005544163788e-02, 4.222600000000000000e+04
4.420133226457903519e-02, 4.957400000000000000e+04
4.422616447371643944e-02, 5.334400000000000000e+04
4.425099668285384369e-02, 5.279000000000000000e+04
4.427582889199124794e-02, 4.811200000000000000e+04
4.430066110112865219e-02, 4.034000000000000000e+04
4.432549331026605643e-02, 3.093900000000000000e+04
4.435032551940346068e-02, 2.195100000000000000e+04
4.437515772854086493e-02, 1.510600000000000000e+04
4.439998993767826918e-02, 1.195100000000000000e+04
4.442482214681567343e-02, 1.303800000000000000e+04
4.444965435595307768e-02, 1.816500000000000000e+04
4.447448656509048193e-02, 2.620900000000000000e+04
4.449931877422788618e-02, 3.567000000000000000e+04
4.452415098336529042e-02, 4.453400000000000000e+04
4.454898319250269467e-02, 5.098800000000000000e+04
4.457381540164009892e-02, 5.352000000000000000e+04
4.459864761077750317e-02, 5.186000000000000000e+04
4.462347981991490742e-02, 4.631800000000000000e+04
4.464831202905231167e-02, 3.788600000000000000e+04
4.467314423818971592e-02, 2.841900000000000000e+04
4.469797644732712016e-02, 1.985800000000000000e+04
4.472280865646452441e-02, 1.385000000000000000e+04
4.474764086560192866e-02, 1.186300000000000000e+04
4.477247307473933291e-02, 1.422100000000000000e+04
4.479730528387673022e-02, 2.031000000000000000e+04
4.482213749301413447e-02, 2.885900000000000000e+04
4.484696970215153872e-02, 3.829700000000000000e+04
4.487180191128894297e-02, 4.662300000000000000e+04
4.489663412042634721e-02, 5.213400000000000000e+04
4.492146632956375146e-02, 5.369600000000000000e+04
4.494629853870115571e-02, 5.094600000000000000e+04
4.497113074783855996e-02, 4.453000000000000000e+04
4.499596295697596421e-02, 3.562200000000000000e+04
4.502079516611336846e-02, 2.607900000000000000e+04
4.504562737525077271e-02, 1.798600000000000000e+04
4.507045958438817695e-02, 1.292200000000000000e+04
4.509529179352558120e-02, 1.198600000000000000e+04
4.512012400266298545e-02, 1.534400000000000000e+04
4.514495621180038970e-02, 2.218000000000000000e+04
4.516978842093779395e-02, 3.110200000000000000e+04
4.519462063007519820e-02, 4.047900000000000000e+04
4.521945283921260245e-02, 4.835700000000000000e+04
4.524428504835000669e-02, 5.291100000000000000e+04
4.526911725748741094e-02, 5.326900000000000000e+04
4.529394946662481519e-02, 4.932700000000000000e+04
4.531878167576221944e-02, 4.208600000000000000e+04
4.534361388489962369e-02, 3.286300000000000000e+04
4.536844609403702100e-02, 2.362500000000000000e+04
4.539327830317442525e-02, 1.623800000000000000e+04
4.541811051231182950e-02, 1.223600000000000000e+04
4.544294272144923375e-02, 1.247400000000000000e+04
4.546777493058663799e-02, 1.686900000000000000e+04
4.549260713972404224e-02, 2.443700000000000000e+04
4.551743934886144649e-02, 3.374300000000000000e+04
4.554227155799885074e-02, 4.288500000000000000e+04
4.556710376713625499e-02, 4.997800000000000000e+04
4.559193597627365924e-02, 5.347300000000000000e+04
4.561676818541106349e-02, 5.275300000000000000e+04
4.564160039454846773e-02, 4.788300000000000000e+04
4.566643260368587198e-02, 3.999200000000000000e+04
4.569126481282327623e-02, 3.054900000000000000e+04
4.571609702196068048e-02, 2.155700000000000000e+04
4.574092923109808473e-02, 1.482400000000000000e+04
4.576576144023548898e-02, 1.193500000000000000e+04
4.579059364937289323e-02, 1.341700000000000000e+04
4.581542585851029747e-02, 1.886500000000000000e+04
4.584025806764770172e-02, 2.702900000000000000e+04
4.586509027678510597e-02, 3.645300000000000000e+04
4.588992248592251022e-02, 4.511800000000000000e+04
4.591475469505991447e-02, 5.133000000000000000e+04
4.593958690419731872e-02, 5.372500000000000000e+04
4.596441911333471603e-02, 5.181400000000000000e+04
4.598925132247212028e-02, 4.607000000000000000e+04
4.601408353160952452e-02, 3.751300000000000000e+04
4.603891574074692877e-02, 2.792600000000000000e+04
4.606374794988433302e-02, 1.940900000000000000e+04
4.608858015902173727e-02, 1.361600000000000000e+04
4.611341236815914152e-02, 1.184100000000000000e+04
4.613824457729654577e-02, 1.433800000000000000e+04
4.616307678643395002e-02, 2.060100000000000000e+04
4.618790899557135426e-02, 2.921500000000000000e+04
4.621274120470875851e-02, 3.868300000000000000e+04
4.623757341384616276e-02, 4.699900000000000000e+04
4.626240562298356701e-02, 5.231800000000000000e+04
4.628723783212097126e-02, 5.356900000000000000e+04
4.631207004125837551e-02, 5.041800000000000000e+04
4.633690225039577976e-02, 4.375400000000000000e+04
4.636173445953318401e-02, 3.478000000000000000e+04
4.638656666867058825e-02, 2.537000000000000000e+04
4.641139887780799250e-02, 1.753100000000000000e+04
4.643623108694539675e-02, 1.290600000000000000e+04
4.646106329608280100e-02, 1.229200000000000000e+04
4.648589550522020525e-02, 1.581400000000000000e+04
4.651072771435760950e-02, 2.277900000000000000e+04
4.653555992349500681e-02, 3.182700000000000000e+04
4.656039213263241106e-02, 4.117000000000000000e+04
4.658522434176981530e-02, 4.882200000000000000e+04
4.661005655090721955e-02, 5.309000000000000000e+04
4.663488876004462380e-02, 5.325700000000000000e+04
4.665972096918202805e-02, 4.913500000000000000e+04
4.668455317831943230e-02, 4.175000000000000000e+04
4.670938538745683655e-02, 3.247900000000000000e+04
4.673421759659424080e-02, 2.322800000000000000e+04
4.675904980573164504e-02, 1.591600000000000000e+04
4.678388201486904929e-02, 1.216300000000000000e+04
4.680871422400645354e-02, 1.263200000000000000e+04
4.683354643314385779e-02, 1.729500000000000000e+04
4.685837864228126204e-02, 2.508400000000000000e+04
4.688321085141866629e-02, 3.448000000000000000e+04
4.690804306055607054e-02, 4.348000000000000000e+04
4.693287526969347478e-02, 5.024600000000000000e+04
4.695770747883087903e-02, 5.334300000000000000e+04
4.698253968796828328e-02, 5.235100000000000000e+04
4.700737189710568753e-02, 4.739100000000000000e+04
4.703220410624309178e-02, 3.932400000000000000e+04
4.705703631538049603e-02, 2.981100000000000000e+04
4.708186852451790028e-02, 2.093800000000000000e+04
4.710670073365530452e-02, 1.447400000000000000e+04
4.713153294279270183e-02, 1.186100000000000000e+04
4.715636515193010608e-02, 1.349000000000000000e+04
4.718119736106751033e-02, 1.917200000000000000e+04
4.720602957020491458e-02, 2.759300000000000000e+04
4.723086177934231883e-02, 3.704400000000000000e+04
4.725569398847972308e-02, 4.562500000000000000e+04
4.728052619761712733e-02, 5.161200000000000000e+04
4.730535840675453158e-02, 5.372300000000000000e+04
4.733019061589193582e-02, 5.157200000000000000e+04
4.735502282502934007e-02, 4.554000000000000000e+04
4.737985503416674432e-02, 3.680000000000000000e+04
4.740468724330414857e-02, 2.723400000000000000e+04
4.742951945244155282e-02, 1.890800000000000000e+04
4.745435166157895707e-02, 1.352300000000000000e+04
4.747918387071636132e-02, 1.209700000000000000e+04
4.750401607985376556e-02, 1.479400000000000000e+04
4.752884828899116981e-02, 2.116100000000000000e+04
4.755368049812857406e-02, 2.992100000000000000e+04
4.757851270726597831e-02, 3.939100000000000000e+04
4.760334491640338256e-02, 4.752400000000000000e+04
4.762817712554078681e-02, 5.254800000000000000e+04
4.765300933467819106e-02, 5.358300000000000000e+04
4.767784154381559530e-02, 5.026900000000000000e+04
4.770267375295299261e-02, 4.330800000000000000e+04
4.772750596209039686e-02, 3.417600000000000000e+04
4.775233817122780111e-02, 2.480700000000000000e+04
4.777717038036520536e-02, 1.706500000000000000e+04
4.780200258950260961e-02, 1.253400000000000000e+04
4.782683479864001386e-02, 1.218700000000000000e+04
4.785166700777741811e-02, 1.606200000000000000e+04
4.787649921691482235e-02, 2.333800000000000000e+04
4.790133142605222660e-02, 3.254700000000000000e+04
4.792616363518963085e-02, 4.178900000000000000e+04
4.795099584432703510e-02, 4.923600000000000000e+04
4.797582805346443935e-02, 5.325100000000000000e+04
4.800066026260184360e-02, 5.309000000000000000e+04
4.802549247173924785e-02, 4.876600000000000000e+04
4.805032468087665209e-02, 4.115700000000000000e+04
4.807515689001405634e-02, 3.179200000000000000e+04
4.809998909915146059e-02, 2.278500000000000000e+04
4.812482130828886484e-02, 1.570900000000000000e+04
4.814965351742626909e-02, 1.216200000000000000e+04
4.817448572656367334e-02, 1.286200000000000000e+04
4.819931793570107759e-02, 1.779400000000000000e+04
4.822415014483848184e-02, 2.578800000000000000e+04
4.824898235397588608e-02, 3.516600000000000000e+04
4.827381456311329033e-02, 4.404300000000000000e+04
4.829864677225068764e-02, 5.070400000000000000e+04
4.832347898138809189e-02, 5.363200000000000000e+04
4.834831119052549614e-02, 5.233500000000000000e+04
4.837314339966290039e-02, 4.700700000000000000e+04
4.839797560880030464e-02, 3.872900000000000000e+04
4.842280781793770889e-02, 2.932600000000000000e+04
4.844764002707511313e-02, 2.059100000000000000e+04
4.847247223621251738e-02, 1.426000000000000000e+04
4.849730444534992163e-02, 1.188100000000000000e+04
4.852213665448732588e-02, 1.381300000000000000e+04
4.854696886362473013e-02, 1.978600000000000000e+04
4.857180107276213438e-02, 2.824000000000000000e+04
4.859663328189953863e-02, 3.767700000000000000e+04
4.862146549103694287e-02, 4.614100000000000000e+04
4.864629770017434712e-02, 5.186800000000000000e+04
4.867112990931175137e-02, 5.373400000000000000e+04
4.869596211844915562e-02, 5.126100000000000000e+04
4.872079432758655987e-02, 4.494800000000000000e+04
4.874562653672396412e-02, 3.608200000000000000e+04
4.877045874586136837e-02, 2.660000000000000000e+04
4.879529095499877261e-02, 1.840900000000000000e+04
4.882012316413617686e-02, 1.310800000000000000e+04
4.884495537327358111e-02, 1.193000000000000000e+04
4.886978758241098536e-02, 1.496400000000000000e+04
4.889461979154838267e-02, 2.166900000000000000e+04
4.891945200068578692e-02, 3.048600000000000000e+04
4.894428420982319117e-02, 3.980900000000000000e+04
4.896911641896059542e-02, 4.782300000000000000e+04
4.899394862809799966e-02, 5.268600000000000000e+04
4.901878083723540391e-02, 5.345100000000000000e+04
4.904361304637280816e-02, 4.991500000000000000e+04
4.906844525551021241e-02, 4.288300000000000000e+04
4.909327746464761666e-02, 3.370800000000000000e+04
4.911810967378502091e-02, 2.447700000000000000e+04
4.914294188292242516e-02, 1.690100000000000000e+04
4.916777409205982940e-02, 1.253200000000000000e+04
4.919260630119723365e-02, 1.236900000000000000e+04
4.921743851033463790e-02, 1.651900000000000000e+04
4.924227071947204215e-02, 2.402300000000000000e+04
4.926710292860944640e-02, 3.325200000000000000e+04
4.929193513774685065e-02, 4.237500000000000000e+04
4.931676734688425490e-02, 4.964500000000000000e+04
4.934159955602165915e-02, 5.337200000000000000e+04
4.936643176515906339e-02, 5.293900000000000000e+04
4.939126397429646764e-02, 4.834600000000000000e+04
4.941609618343387189e-02, 4.052300000000000000e+04
4.944092839257127614e-02, 3.122000000000000000e+04
4.946576060170867345e-02, 2.219600000000000000e+04
4.949059281084607770e-02, 1.525200000000000000e+04
4.951542501998348195e-02, 1.201200000000000000e+04
4.954025722912088620e-02, 1.306000000000000000e+04
4.956508943825829044e-02, 1.817600000000000000e+04
4.958992164739569469e-02, 2.620800000000000000e+04
4.961475385653309894e-02, 3.560200000000000000e+04
4.963958606567050319e-02, 4.430800000000000000e+04
4.966441827480790744e-02, 5.079500000000000000e+04
4.968925048394531169e-02, 5.358100000000000000e+04
4.971408269308271594e-02, 5.204100000000000000e+04
4.973891490222012018e-02, 4.645600000000000000e+04
4.976374711135752443e-02, 3.795300000000000000e+04
4.978857932049492868e-02, 2.844200000000000000e+04
4.981341152963233293e-02, 1.986400000000000000e+04
4.983824373876973718e-02, 1.385200000000000000e+04
4.986307594790714143e-02, 1.184000000000000000e+04
4.988790815704454568e-02, 1.401700000000000000e+04
4.991274036618194992e-02, 2.009800000000000000e+04
4.993757257531935417e-02, 2.863900000000000000e+04
4.996240478445675842e-02, 3.801100000000000000e+04
4.998723699359416267e-02, 4.641800000000000000e+04
5.001206920273156692e-02, 5.202700000000000000e+04
5.003690141186897117e-02, 5.365700000000000000e+04
5.006173362100636848e-02, 5.087600000000000000e+04
5.008656583014377273e-02, 4.430500000000000000e+04
5.011139803928117697e-02, 3.542600000000000000e+04
5.013623024841858122e-02, 2.597900000000000000e+04
5.016106245755598547e-02, 1.793900000000000000e+04
5.018589466669338972e-02, 1.290100000000000000e+04
5.021072687583079397e-02, 1.197700000000000000e+04
5.023555908496819822e-02, 1.534100000000000000e+04
5.026039129410560247e-02, 2.230600000000000000e+04
5.028522350324300672e-02, 3.133300000000000000e+04
5.031005571238041096e-02, 4.064500000000000000e+04
5.033488792151781521e-02, 4.844000000000000000e+04
5.035972013065521946e-02, 5.294500000000000000e+04
5.038455233979262371e-02, 5.337900000000000000e+04
5.040938454893002796e-02, 4.956100000000000000e+04
5.043421675806743221e-02, 4.226900000000000000e+04
5.045904896720483646e-02, 3.296300000000000000e+04
5.048388117634224070e-02, 2.366200000000000000e+04
5.050871338547964495e-02, 1.625700000000000000e+04
5.053354559461704920e-02, 1.224100000000000000e+04
5.055837780375445345e-02, 1.247100000000000000e+04
5.058321001289185770e-02, 1.687300000000000000e+04
5.060804222202926195e-02, 2.443500000000000000e+04
5.063287443116665926e-02, 3.371000000000000000e+04
5.065770664030406351e-02, 4.267400000000000000e+04
5.068253884944146775e-02, 4.976700000000000000e+04
5.070737105857887200e-02, 5.335100000000000000e+04
5.073220326771627625e-02, 5.269800000000000000e+04
5.075703547685368050e-02, 4.784700000000000000e+04
5.078186768599108475e-02, 3.978900000000000000e+04
5.080669989512848900e-02, 3.033100000000000000e+04
5.083153210426589325e-02, 2.142600000000000000e+04
5.085636431340329749e-02, 1.476500000000000000e+04
5.088119652254070174e-02, 1.190800000000000000e+04
5.090602873167810599e-02, 1.323400000000000000e+04
5.093086094081551024e-02, 1.863900000000000000e+04
5.095569314995291449e-02, 2.687800000000000000e+04
5.098052535909031874e-02, 3.638300000000000000e+04
5.100535756822772299e-02, 4.509400000000000000e+04
5.103018977736512723e-02, 5.131600000000000000e+04
5.105502198650253148e-02, 5.372500000000000000e+04
5.107985419563993573e-02, 5.179300000000000000e+04
5.110468640477733998e-02, 4.586800000000000000e+04
5.112951861391474423e-02, 3.730300000000000000e+04
5.115435082305214848e-02, 2.781100000000000000e+04
5.117918303218955273e-02, 1.935400000000000000e+04
5.120401524132695698e-02, 1.359100000000000000e+04
5.122884745046435429e-02, 1.183100000000000000e+04
5.125367965960175853e-02, 1.433400000000000000e+04
5.127851186873916278e-02, 2.068400000000000000e+04
5.130334407787656703e-02, 2.944300000000000000e+04
5.132817628701397128e-02, 3.886800000000000000e+04
5.135300849615137553e-02, 4.709700000000000000e+04
5.137784070528877978e-02, 5.235900000000000000e+04
5.140267291442618403e-02, 5.364100000000000000e+04
5.142750512356358827e-02, 5.064400000000000000e+04
5.145233733270099252e-02, 4.395200000000000000e+04
5.147716954183839677e-02, 3.489700000000000000e+04
5.150200175097580102e-02, 2.541600000000000000e+04
5.152683396011320527e-02, 1.751900000000000000e+04
5.155166616925060952e-02, 1.270400000000000000e+04
5.157649837838801377e-02, 1.208200000000000000e+04
5.160133058752541801e-02, 1.579100000000000000e+04
5.162616279666282226e-02, 2.295400000000000000e+04
5.165099500580022651e-02, 3.198200000000000000e+04
5.167582721493763076e-02, 4.124800000000000000e+04
5.170065942407503501e-02, 4.886000000000000000e+04
5.172549163321243926e-02, 5.310600000000000000e+04
5.175032384234984351e-02, 5.326400000000000000e+04
5.177515605148724775e-02, 4.913600000000000000e+04
5.179998826062464506e-02, 4.173600000000000000e+04
5.182482046976204931e-02, 3.248200000000000000e+04
5.184965267889945356e-02, 2.323500000000000000e+04
5.187448488803685781e-02, 1.592100000000000000e+04
5.189931709717426206e-02, 1.216500000000000000e+04
5.192414930631166631e-02, 1.263300000000000000e+04
5.194898151544907056e-02, 1.729500000000000000e+04
5.197381372458647480e-02, 2.507900000000000000e+04
5.199864593372387905e-02, 3.447500000000000000e+04
5.202347814286128330e-02, 4.348300000000000000e+04
5.204831035199868755e-02, 5.035100000000000000e+04
5.207314256113609180e-02, 5.357500000000000000e+04
5.209797477027349605e-02, 5.252500000000000000e+04
5.212280697941090030e-02, 4.730600000000000000e+04
5.214763918854830455e-02, 3.913800000000000000e+04
5.217247139768570879e-02, 2.969100000000000000e+04
5.219730360682311304e-02, 2.087900000000000000e+04
5.222213581596051729e-02, 1.444600000000000000e+04
5.224696802509792154e-02, 1.184900000000000000e+04
5.227180023423532579e-02, 1.348500000000000000e+04
5.229663244337273004e-02, 1.917100000000000000e+04
5.232146465251013429e-02, 2.759200000000000000e+04
5.234629686164753853e-02, 3.704400000000000000e+04
5.237112907078494278e-02, 4.562500000000000000e+04
5.239596127992234009e-02, 5.161200000000000000e+04
5.242079348905974434e-02, 5.371400000000000000e+04
5.244562569819714859e-02, 5.138400000000000000e+04
5.247045790733455284e-02, 4.532100000000000000e+04
5.249529011647195709e-02, 3.667300000000000000e+04
5.252012232560936134e-02, 2.717300000000000000e+04
5.254495453474676558e-02, 1.887500000000000000e+04
5.256978674388416983e-02, 1.333300000000000000e+04
5.259461895302157408e-02, 1.187000000000000000e+04
5.261945116215897833e-02, 1.471000000000000000e+04
5.264428337129638258e-02, 2.131600000000000000e+04
5.266911558043378683e-02, 3.009100000000000000e+04
5.269394778957119108e-02, 3.948200000000000000e+04
5.271877999870859532e-02, 4.756800000000000000e+04
5.274361220784599957e-02, 5.254700000000000000e+04
5.276844441698340382e-02, 5.338900000000000000e+04
5.279327662612080807e-02, 5.006000000000000000e+04
5.281810883525821232e-02, 4.319200000000000000e+04
5.284294104439561657e-02, 3.412000000000000000e+04
5.286777325353302082e-02, 2.478200000000000000e+04
5.289260546267042506e-02, 1.705500000000000000e+04
5.291743767180782931e-02, 1.253000000000000000e+04
5.294226988094523356e-02, 1.225800000000000000e+04
5.296710209008263781e-02, 1.628800000000000000e+04
5.299193429922003512e-02, 2.352700000000000000e+04
5.301676650835743937e-02, 3.264200000000000000e+04
5.304159871749484362e-02, 4.183500000000000000e+04
5.306643092663224787e-02, 4.925600000000000000e+04
5.309126313576965212e-02, 5.325900000000000000e+04
5.311609534490705636e-02, 5.309300000000000000e+04
5.314092755404446061e-02, 4.862600000000000000e+04
5.316575976318186486e-02, 4.092700000000000000e+04
5.319059197231926911e-02, 3.160400000000000000e+04
5.321542418145667336e-02, 2.249900000000000000e+04
5.324025639059407761e-02, 1.546800000000000000e+04
5.326508859973148186e-02, 1.212500000000000000e+04
5.328992080886888610e-02, 1.303500000000000000e+04
5.331475301800629035e-02, 1.794800000000000000e+04
5.333958522714369460e-02, 2.569500000000000000e+04
5.336441743628109885e-02, 3.498000000000000000e+04
5.338924964541850310e-02, 4.391600000000000000e+04
5.341408185455590735e-02, 5.064300000000000000e+04
5.343891406369331160e-02, 5.360700000000000000e+04
5.346374627283071584e-02, 5.217200000000000000e+04
5.348857848196812009e-02, 4.677600000000000000e+04
5.351341069110552434e-02, 3.856100000000000000e+04
5.353824290024292859e-02, 2.924500000000000000e+04
5.356307510938032590e-02, 2.056700000000000000e+04
5.358790731851773015e-02, 1.425600000000000000e+04
5.361273952765513440e-02, 1.188100000000000000e+04
5.363757173679253865e-02, 1.379400000000000000e+04
5.366240394592994289e-02, 1.958700000000000000e+04
5.368723615506734714e-02, 2.802600000000000000e+04
5.371206836420475139e-02, 3.754100000000000000e+04
5.373690057334215564e-02, 4.608300000000000000e+04
5.376173278247955989e-02, 5.184600000000000000e+04
5.378656499161696414e-02, 5.355600000000000000e+04
5.381139720075436839e-02, 5.103600000000000000e+04
5.383622940989177263e-02, 4.481200000000000000e+04
5.386106161902917688e-02, 3.601700000000000000e+04
5.388589382816658113e-02, 2.657000000000000000e+04
5.391072603730398538e-02, 1.839600000000000000e+04
5.393555824644138963e-02, 1.310300000000000000e+04
5.396039045557879388e-02, 1.193400000000000000e+04
5.398522266471619813e-02, 1.496700000000000000e+04
5.401005487385360238e-02, 2.166600000000000000e+04
5.403488708299100662e-02, 3.050000000000000000e+04
5.405971929212841087e-02, 3.980700000000000000e+04
5.408455150126581512e-02, 4.781500000000000000e+04
5.410938371040321937e-02, 5.268000000000000000e+04
5.413421591954062362e-02, 5.344800000000000000e+04
5.415904812867802093e-02, 4.989700000000000000e+04
5.418388033781542518e-02, 4.288100000000000000e+04
5.420871254695282943e-02, 3.370900000000000000e+04
5.423354475609023367e-02, 2.430200000000000000e+04
5.425837696522763792e-02, 1.668200000000000000e+04
5.428320917436504217e-02, 1.240100000000000000e+04
5.430804138350244642e-02, 1.230800000000000000e+04
5.433287359263985067e-02, 1.649100000000000000e+04
5.435770580177725492e-02, 2.386800000000000000e+04
5.438253801091465917e-02, 3.301700000000000000e+04
5.440737022005206341e-02, 4.221400000000000000e+04
5.443220242918946766e-02, 4.956600000000000000e+04
5.445703463832687191e-02, 5.334000000000000000e+04
5.448186684746427616e-02, 5.292000000000000000e+04
5.450669905660168041e-02, 4.834200000000000000e+04
5.453153126573908466e-02, 4.051800000000000000e+04
5.455636347487648891e-02, 3.121200000000000000e+04
5.458119568401389315e-02, 2.220200000000000000e+04
5.460602789315129740e-02, 1.525900000000000000e+04
