0.000000000000000000e+00, 2.963200000000000000e+04
7.965314338804584652e-06, 2.922700000000000000e+04
1.593062867760916930e-05, 2.889400000000000000e+04
2.389594301641375396e-05, 2.863600000000000000e+04
3.186125735521833861e-05, 2.845200000000000000e+04
3.982657169402292665e-05, 2.833800000000000000e+04
4.779188603282750791e-05, 2.828800000000000000e+04
5.575720037163209595e-05, 2.829200000000000000e+04
6.372251471043667722e-05, 2.834000000000000000e+04
7.168782904924126526e-05, 2.842100000000000000e+04
7.965314338804585330e-05, 2.852100000000000000e+04
8.761845772685042779e-05, 2.862900000000000000e+04
9.558377206565501583e-05, 2.873200000000000000e+04
1.035490864044596039e-04, 2.882000000000000000e+04
1.115144007432641919e-04, 2.888300000000000000e+04
1.194797150820687664e-04, 2.891100000000000000e+04
1.274450294208733544e-04, 2.889900000000000000e+04
1.354103437596779289e-04, 2.884000000000000000e+04
1.433756580984825305e-04, 2.873200000000000000e+04
1.513409724372871050e-04, 2.857300000000000000e+04
1.593062867760917066e-04, 2.836500000000000000e+04
1.672716011148962811e-04, 2.811100000000000000e+04
1.752369154537008556e-04, 2.781400000000000000e+04
1.832022297925054572e-04, 2.748200000000000000e+04
1.911675441313100317e-04, 2.712200000000000000e+04
1.991328584701146061e-04, 2.674300000000000000e+04
2.070981728089192077e-04, 2.635600000000000000e+04
2.150634871477237822e-04, 2.597000000000000000e+04
2.230288014865283838e-04, 2.559800000000000000e+04
2.309941158253329583e-04, 2.525000000000000000e+04
2.389594301641375328e-04, 2.493800000000000000e+04
2.469247445029421344e-04, 2.467100000000000000e+04
2.548900588417467089e-04, 2.446000000000000000e+04
2.628553731805512834e-04, 2.431400000000000000e+04
2.708206875193558578e-04, 2.424000000000000000e+04
2.787860018581604865e-04, 2.424300000000000000e+04
2.867513161969650610e-04, 2.433000000000000000e+04
2.947166305357696355e-04, 2.450100000000000000e+04
3.026819448745742100e-04, 2.475900000000000000e+04
3.106472592133787845e-04, 2.510100000000000000e+04
3.186125735521834132e-04, 2.552600000000000000e+04
3.265778878909879877e-04, 2.602700000000000000e+04
3.345432022297925622e-04, 2.660000000000000000e+04
3.425085165685971367e-04, 2.723500000000000000e+04
3.504738309074017111e-04, 2.792300000000000000e+04
3.584391452462062856e-04, 2.865300000000000000e+04
3.664044595850109143e-04, 2.941300000000000000e+04
3.743697739238154888e-04, 3.019100000000000000e+04
3.823350882626200633e-04, 3.097300000000000000e+04
3.903004026014246378e-04, 3.174600000000000000e+04
3.982657169402292123e-04, 3.249600000000000000e+04
4.062310312790338410e-04, 3.321100000000000000e+04
4.141963456178384155e-04, 3.387700000000000000e+04
4.221616599566429900e-04, 3.448300000000000000e+04
4.301269742954475644e-04, 3.501900000000000000e+04
4.380922886342521389e-04, 3.547500000000000000e+04
4.460576029730567676e-04, 3.584400000000000000e+04
4.540229173118613421e-04, 3.612000000000000000e+04
4.619882316506659166e-04, 3.630000000000000000e+04
4.699535459894704911e-04, 3.638000000000000000e+04
4.779188603282750656e-04, 3.636100000000000000e+04
4.858841746670796401e-04, 3.624500000000000000e+04
4.938494890058842688e-04, 3.603600000000000000e+04
5.018148033446887890e-04, 3.574100000000000000e+04
5.097801176834934177e-04, 3.536600000000000000e+04
5.177454320222980464e-04, 3.492100000000000000e+04
5.257107463611025667e-04, 3.441700000000000000e+04
5.336760606999071954e-04, 3.386500000000000000e+04
5.416413750387117157e-04, 3.327900000000000000e+04
5.496066893775163444e-04, 3.267200000000000000e+04
5.575720037163209731e-04, 3.205700000000000000e+04
5.655373180551254934e-04, 3.145000000000000000e+04
5.735026323939301221e-04, 3.086300000000000000e+04
5.814679467327346423e-04, 3.031000000000000000e+04
5.894332610715392710e-04, 2.980300000000000000e+04
5.973985754103438997e-04, 2.935300000000000000e+04
6.053638897491484200e-04, 2.897100000000000000e+04
6.133292040879530487e-04, 2.866600000000000000e+04
6.212945184267575690e-04, 2.844300000000000000e+04
6.292598327655621977e-04, 2.830900000000000000e+04
6.372251471043668264e-04, 2.826700000000000000e+04
6.451904614431713467e-04, 2.831800000000000000e+04
6.531557757819759754e-04, 2.846100000000000000e+04
6.611210901207804956e-04, 2.869400000000000000e+04
6.690864044595851243e-04, 2.901100000000000000e+04
6.770517187983897530e-04, 2.940600000000000000e+04
6.850170331371942733e-04, 2.987200000000000000e+04
6.929823474759989020e-04, 3.039700000000000000e+04
7.009476618148034223e-04, 3.097200000000000000e+04
7.089129761536080510e-04, 3.158500000000000000e+04
7.168782904924125713e-04, 3.222100000000000000e+04
7.248436048312172000e-04, 3.286900000000000000e+04
7.328089191700218287e-04, 3.351400000000000000e+04
7.407742335088263489e-04, 3.414200000000000000e+04
7.487395478476309776e-04, 3.474000000000000000e+04
7.567048621864354979e-04, 3.529600000000000000e+04
7.646701765252401266e-04, 3.579800000000000000e+04
7.726354908640447553e-04, 3.623400000000000000e+04
7.806008052028492756e-04, 3.659700000000000000e+04
7.885661195416539043e-04, 3.687900000000000000e+04
7.965314338804584246e-04, 3.707300000000000000e+04
8.044967482192630533e-04, 3.717500000000000000e+04
8.124620625580676820e-04, 3.718400000000000000e+04
8.204273768968722022e-04, 3.709900000000000000e+04
8.283926912356768309e-04, 3.692100000000000000e+04
8.363580055744813512e-04, 3.665600000000000000e+04
8.443233199132859799e-04, 3.631000000000000000e+04
8.522886342520906086e-04, 3.588800000000000000e+04
8.602539485908951289e-04, 3.540200000000000000e+04
8.682192629296997576e-04, 3.486000000000000000e+04
8.761845772685042779e-04, 3.427500000000000000e+04
8.841498916073089066e-04, 3.366000000000000000e+04
8.921152059461135353e-04, 3.302700000000000000e+04
9.000805202849180555e-04, 3.239100000000000000e+04
9.080458346237226842e-04, 3.176500000000000000e+04
9.160111489625272045e-04, 3.116300000000000000e+04
9.239764633013318332e-04, 3.059600000000000000e+04
9.319417776401364619e-04, 3.007800000000000000e+04
9.399070919789409822e-04, 2.962000000000000000e+04
9.478724063177456109e-04, 2.923000000000000000e+04
9.558377206565501312e-04, 2.891900000000000000e+04
9.638030349953547599e-04, 2.869100000000000000e+04
9.717683493341592801e-04, 2.855300000000000000e+04
9.797336636729640173e-04, 2.850800000000000000e+04
9.876989780117685375e-04, 2.855600000000000000e+04
9.956642923505730578e-04, 2.869600000000000000e+04
1.003629606689377578e-03, 2.892600000000000000e+04
1.011594921028182315e-03, 2.924000000000000000e+04
1.019560235366986835e-03, 2.963200000000000000e+04
1.027525549705791356e-03, 3.009300000000000000e+04
1.035490864044596093e-03, 3.061300000000000000e+04
1.043456178383400613e-03, 3.118000000000000000e+04
1.051421492722205133e-03, 3.178400000000000000e+04
1.059386807061009871e-03, 3.241100000000000000e+04
1.067352121399814391e-03, 3.304700000000000000e+04
1.075317435738618911e-03, 3.367900000000000000e+04
1.083282750077423431e-03, 3.429300000000000000e+04
1.091248064416228169e-03, 3.487600000000000000e+04
1.099213378755032689e-03, 3.541500000000000000e+04
1.107178693093837209e-03, 3.590000000000000000e+04
1.115144007432641946e-03, 3.631800000000000000e+04
1.123109321771446466e-03, 3.666200000000000000e+04
1.131074636110250987e-03, 3.692300000000000000e+04
1.139039950449055507e-03, 3.709700000000000000e+04
1.147005264787860244e-03, 3.718000000000000000e+04
1.154970579126664764e-03, 3.716800000000000000e+04
1.162935893465469285e-03, 3.706400000000000000e+04
1.170901207804274022e-03, 3.686700000000000000e+04
1.178866522143078542e-03, 3.658400000000000000e+04
1.186831836481883062e-03, 3.621900000000000000e+04
1.194797150820687799e-03, 3.578200000000000000e+04
1.202762465159492320e-03, 3.528000000000000000e+04
1.210727779498296840e-03, 3.472400000000000000e+04
1.218693093837101360e-03, 3.412600000000000000e+04
1.226658408175906097e-03, 3.350000000000000000e+04
1.234623722514710618e-03, 3.285800000000000000e+04
1.242589036853515138e-03, 3.221400000000000000e+04
1.250554351192319875e-03, 3.158100000000000000e+04
1.258519665531124395e-03, 3.097300000000000000e+04
1.266484979869928916e-03, 3.040300000000000000e+04
1.274450294208733653e-03, 2.988300000000000000e+04
1.282415608547538173e-03, 2.942500000000000000e+04
1.290380922886342693e-03, 2.903700000000000000e+04
1.298346237225147214e-03, 2.872800000000000000e+04
1.306311551563951951e-03, 2.850600000000000000e+04
1.314276865902756471e-03, 2.837300000000000000e+04
1.322242180241560991e-03, 2.833400000000000000e+04
1.330207494580365728e-03, 2.839000000000000000e+04
1.338172808919170249e-03, 2.853800000000000000e+04
1.346138123257974769e-03, 2.877700000000000000e+04
1.354103437596779506e-03, 2.910000000000000000e+04
1.362068751935584026e-03, 2.950100000000000000e+04
1.370034066274388547e-03, 2.997100000000000000e+04
1.377999380613193067e-03, 3.050100000000000000e+04
1.385964694951997804e-03, 3.107800000000000000e+04
1.393930009290802324e-03, 3.169200000000000000e+04
1.401895323629606845e-03, 3.232700000000000000e+04
1.409860637968411582e-03, 3.297100000000000000e+04
1.417825952307216102e-03, 3.361000000000000000e+04
1.425791266646020622e-03, 3.423000000000000000e+04
1.433756580984825143e-03, 3.481800000000000000e+04
1.441721895323629880e-03, 3.536100000000000000e+04
1.449687209662434400e-03, 3.584800000000000000e+04
1.457652524001238920e-03, 3.626800000000000000e+04
1.465617838340043657e-03, 3.661300000000000000e+04
1.473583152678848178e-03, 3.687400000000000000e+04
1.481548467017652698e-03, 3.704700000000000000e+04
1.489513781356457435e-03, 3.712800000000000000e+04
1.497479095695261955e-03, 3.711500000000000000e+04
1.505444410034066476e-03, 3.700800000000000000e+04
1.513409724372870996e-03, 3.680900000000000000e+04
1.521375038711675733e-03, 3.652300000000000000e+04
1.529340353050480253e-03, 3.615700000000000000e+04
1.537305667389284774e-03, 3.571700000000000000e+04
1.545270981728089511e-03, 3.521300000000000000e+04
1.553236296066894031e-03, 3.465700000000000000e+04
1.561201610405698551e-03, 3.405900000000000000e+04
1.569166924744503288e-03, 3.343400000000000000e+04
1.577132239083307809e-03, 3.279300000000000000e+04
1.585097553422112329e-03, 3.215200000000000000e+04
1.593062867760916849e-03, 3.152300000000000000e+04
1.601028182099721586e-03, 3.092000000000000000e+04
1.608993496438526107e-03, 3.035600000000000000e+04
1.616958810777330627e-03, 2.984400000000000000e+04
1.624924125116135364e-03, 2.939300000000000000e+04
1.632889439454939884e-03, 2.901400000000000000e+04
1.640854753793744404e-03, 2.871500000000000000e+04
1.648820068132549142e-03, 2.850100000000000000e+04
1.656785382471353662e-03, 2.837900000000000000e+04
1.664750696810158182e-03, 2.834900000000000000e+04
1.672716011148962702e-03, 2.841400000000000000e+04
1.680681325487767440e-03, 2.857200000000000000e+04
1.688646639826571960e-03, 2.881900000000000000e+04
1.696611954165376480e-03, 2.915000000000000000e+04
1.704577268504181217e-03, 2.955800000000000000e+04
1.712542582842985738e-03, 3.003400000000000000e+04
1.720507897181790258e-03, 3.056800000000000000e+04
1.728473211520594778e-03, 3.115000000000000000e+04
1.736438525859399515e-03, 3.176600000000000000e+04
1.744403840198204035e-03, 3.240300000000000000e+04
1.752369154537008556e-03, 3.304800000000000000e+04
1.760334468875813293e-03, 3.368800000000000000e+04
1.768299783214617813e-03, 3.430700000000000000e+04
1.776265097553422333e-03, 3.489400000000000000e+04
1.784230411892227071e-03, 3.543500000000000000e+04
1.792195726231031591e-03, 3.592000000000000000e+04
1.800161040569836111e-03, 3.633600000000000000e+04
1.808126354908640631e-03, 3.667700000000000000e+04
1.816091669247445368e-03, 3.693300000000000000e+04
1.824056983586249889e-03, 3.710100000000000000e+04
1.832022297925054409e-03, 3.717500000000000000e+04
1.839987612263859146e-03, 3.715600000000000000e+04
1.847952926602663666e-03, 3.704200000000000000e+04
1.855918240941468187e-03, 3.683700000000000000e+04
1.863883555280272924e-03, 3.654600000000000000e+04
1.871848869619077444e-03, 3.617300000000000000e+04
1.879814183957881964e-03, 3.572800000000000000e+04
1.887779498296686485e-03, 3.521900000000000000e+04
1.895744812635491222e-03, 3.465900000000000000e+04
1.903710126974295742e-03, 3.405800000000000000e+04
1.911675441313100262e-03, 3.343000000000000000e+04
1.919640755651904999e-03, 3.278900000000000000e+04
1.927606069990709520e-03, 3.214700000000000000e+04
1.935571384329514040e-03, 3.151800000000000000e+04
1.943536698668318560e-03, 3.091600000000000000e+04
1.951502013007123297e-03, 3.035400000000000000e+04
1.959467327345928035e-03, 2.984200000000000000e+04
1.967432641684732555e-03, 2.939400000000000000e+04
1.975397956023537075e-03, 2.901700000000000000e+04
1.983363270362341595e-03, 2.872000000000000000e+04
1.991328584701146116e-03, 2.850900000000000000e+04
1.999293899039950636e-03, 2.839000000000000000e+04
2.007259213378755156e-03, 2.836400000000000000e+04
2.015224527717560110e-03, 2.843200000000000000e+04
2.023189842056364630e-03, 2.859300000000000000e+04
2.031155156395169151e-03, 2.884300000000000000e+04
2.039120470733973671e-03, 2.917700000000000000e+04
2.047085785072778191e-03, 2.958700000000000000e+04
2.055051099411582712e-03, 3.006600000000000000e+04
2.063016413750387232e-03, 3.060200000000000000e+04
2.070981728089192186e-03, 3.118500000000000000e+04
2.078947042427996706e-03, 3.180100000000000000e+04
2.086912356766801226e-03, 3.243700000000000000e+04
2.094877671105605747e-03, 3.308100000000000000e+04
2.102842985444410267e-03, 3.371700000000000000e+04
2.110808299783214787e-03, 3.433300000000000000e+04
2.118773614122019741e-03, 3.491500000000000000e+04
2.126738928460824261e-03, 3.545100000000000000e+04
2.134704242799628782e-03, 3.592800000000000000e+04
2.142669557138433302e-03, 3.633700000000000000e+04
2.150634871477237822e-03, 3.666900000000000000e+04
2.158600185816042343e-03, 3.691700000000000000e+04
2.166565500154846863e-03, 3.707600000000000000e+04
2.174530814493651817e-03, 3.714200000000000000e+04
2.182496128832456337e-03, 3.711400000000000000e+04
2.190461443171260857e-03, 3.699200000000000000e+04
2.198426757510065378e-03, 3.677900000000000000e+04
2.206392071848869898e-03, 3.648000000000000000e+04
2.214357386187674418e-03, 3.610100000000000000e+04
2.222322700526478938e-03, 3.565000000000000000e+04
2.230288014865283892e-03, 3.513800000000000000e+04
2.238253329204088413e-03, 3.457400000000000000e+04
2.246218643542892933e-03, 3.397200000000000000e+04
2.254183957881697453e-03, 3.334400000000000000e+04
2.262149272220501973e-03, 3.270400000000000000e+04
2.270114586559306494e-03, 3.206600000000000000e+04
2.278079900898111014e-03, 3.144300000000000000e+04
2.286045215236915968e-03, 3.084900000000000000e+04
2.294010529575720488e-03, 3.029500000000000000e+04
2.301975843914525009e-03, 2.979400000000000000e+04
2.309941158253329529e-03, 2.935700000000000000e+04
2.317906472592134049e-03, 2.899100000000000000e+04
2.325871786930938569e-03, 2.870600000000000000e+04
2.333837101269743523e-03, 2.850700000000000000e+04
2.341802415608548044e-03, 2.839800000000000000e+04
2.349767729947352564e-03, 2.838300000000000000e+04
2.357733044286157084e-03, 2.846000000000000000e+04
2.365698358624961604e-03, 2.863000000000000000e+04
2.373663672963766125e-03, 2.888700000000000000e+04
2.381628987302570645e-03, 2.922800000000000000e+04
2.389594301641375599e-03, 2.964400000000000000e+04
2.397559615980180119e-03, 3.012700000000000000e+04
2.405524930318984640e-03, 3.066600000000000000e+04
2.413490244657789160e-03, 3.125100000000000000e+04
2.421455558996593680e-03, 3.186700000000000000e+04
2.429420873335398200e-03, 3.250300000000000000e+04
2.437386187674202721e-03, 3.314400000000000000e+04
2.445351502013007675e-03, 3.377700000000000000e+04
2.453316816351812195e-03, 3.438800000000000000e+04
2.461282130690616715e-03, 3.496300000000000000e+04
2.469247445029421235e-03, 3.549100000000000000e+04
2.477212759368225756e-03, 3.596000000000000000e+04
2.485178073707030276e-03, 3.636100000000000000e+04
2.493143388045834796e-03, 3.668300000000000000e+04
2.501108702384639750e-03, 3.692200000000000000e+04
2.509074016723444270e-03, 3.707100000000000000e+04
2.517039331062248791e-03, 3.712700000000000000e+04
2.525004645401053311e-03, 3.708900000000000000e+04
2.532969959739857831e-03, 3.695800000000000000e+04
2.540935274078662352e-03, 3.673600000000000000e+04
2.548900588417467306e-03, 3.642900000000000000e+04
2.556865902756271826e-03, 3.604300000000000000e+04
2.564831217095076346e-03, 3.558600000000000000e+04
2.572796531433880866e-03, 3.506800000000000000e+04
2.580761845772685387e-03, 3.450000000000000000e+04
2.588727160111489907e-03, 3.389500000000000000e+04
2.596692474450294427e-03, 3.326400000000000000e+04
2.604657788789099381e-03, 3.262200000000000000e+04
2.612623103127903901e-03, 3.198300000000000000e+04
2.620588417466708422e-03, 3.135900000000000000e+04
2.628553731805512942e-03, 3.076500000000000000e+04
2.636519046144317462e-03, 3.021300000000000000e+04
2.644484360483121983e-03, 2.971500000000000000e+04
2.652449674821926503e-03, 2.928200000000000000e+04
2.660414989160731457e-03, 2.892200000000000000e+04
2.668380303499535977e-03, 2.864400000000000000e+04
2.676345617838340497e-03, 2.845300000000000000e+04
2.684310932177145018e-03, 2.835300000000000000e+04
2.692276246515949538e-03, 2.834800000000000000e+04
2.700241560854754058e-03, 2.843600000000000000e+04
2.708206875193559012e-03, 2.861700000000000000e+04
2.716172189532363532e-03, 2.888600000000000000e+04
2.724137503871168053e-03, 2.923700000000000000e+04
2.732102818209972573e-03, 2.966300000000000000e+04
2.740068132548777093e-03, 3.015500000000000000e+04
2.748033446887581614e-03, 3.070300000000000000e+04
2.755998761226386134e-03, 3.129400000000000000e+04
2.763964075565191088e-03, 3.191700000000000000e+04
2.771929389903995608e-03, 3.255700000000000000e+04
2.779894704242800128e-03, 3.320300000000000000e+04
2.787860018581604649e-03, 3.383800000000000000e+04
2.795825332920409169e-03, 3.445100000000000000e+04
2.803790647259213689e-03, 3.502800000000000000e+04
2.811755961598018209e-03, 3.555600000000000000e+04
2.819721275936823163e-03, 3.602500000000000000e+04
2.827686590275627684e-03, 3.642400000000000000e+04
2.835651904614432204e-03, 3.674400000000000000e+04
2.843617218953236724e-03, 3.697900000000000000e+04
2.851582533292041245e-03, 3.712400000000000000e+04
2.859547847630845765e-03, 3.717600000000000000e+04
2.867513161969650285e-03, 3.713300000000000000e+04
2.875478476308455239e-03, 3.699700000000000000e+04
2.883443790647259759e-03, 3.677000000000000000e+04
2.891409104986064280e-03, 3.645800000000000000e+04
2.899374419324868800e-03, 3.606700000000000000e+04
2.907339733663673320e-03, 3.560600000000000000e+04
2.915305048002477840e-03, 3.508400000000000000e+04
2.923270362341282794e-03, 3.451200000000000000e+04
2.931235676680087315e-03, 3.390400000000000000e+04
2.939200991018891835e-03, 3.327200000000000000e+04
2.947166305357696355e-03, 3.262900000000000000e+04
2.955131619696500875e-03, 3.199000000000000000e+04
2.963096934035305396e-03, 3.136800000000000000e+04
2.971062248374109916e-03, 3.077700000000000000e+04
2.979027562712914870e-03, 3.022900000000000000e+04
2.986992877051719390e-03, 2.973600000000000000e+04
2.994958191390523911e-03, 2.930700000000000000e+04
3.002923505729328431e-03, 2.895400000000000000e+04
3.010888820068132951e-03, 2.868200000000000000e+04
3.018854134406937471e-03, 2.849800000000000000e+04
3.026819448745741992e-03, 2.840600000000000000e+04
3.034784763084546946e-03, 2.840700000000000000e+04
3.042750077423351466e-03, 2.850300000000000000e+04
3.050715391762155986e-03, 2.869000000000000000e+04
3.058680706100960506e-03, 2.896400000000000000e+04
3.066646020439765027e-03, 2.932000000000000000e+04
3.074611334778569547e-03, 2.975100000000000000e+04
3.082576649117374067e-03, 3.024700000000000000e+04
3.090541963456179021e-03, 3.079700000000000000e+04
3.098507277794983542e-03, 3.139000000000000000e+04
3.106472592133788062e-03, 3.201400000000000000e+04
3.114437906472592582e-03, 3.265400000000000000e+04
3.122403220811397102e-03, 3.329700000000000000e+04
3.130368535150201623e-03, 3.393000000000000000e+04
3.138333849489006577e-03, 3.453800000000000000e+04
3.146299163827811097e-03, 3.510900000000000000e+04
3.154264478166615617e-03, 3.563100000000000000e+04
3.162229792505420137e-03, 3.609100000000000000e+04
3.170195106844224658e-03, 3.648100000000000000e+04
3.178160421183029178e-03, 3.679100000000000000e+04
3.186125735521833698e-03, 3.701600000000000000e+04
3.194091049860638652e-03, 3.715100000000000000e+04
3.202056364199443173e-03, 3.719200000000000000e+04
3.210021678538247693e-03, 3.713900000000000000e+04
3.217986992877052213e-03, 3.699200000000000000e+04
3.225952307215856733e-03, 3.675600000000000000e+04
3.233917621554661254e-03, 3.643400000000000000e+04
3.241882935893465774e-03, 3.603500000000000000e+04
3.249848250232270728e-03, 3.556600000000000000e+04
3.257813564571075248e-03, 3.503700000000000000e+04
3.265778878909879768e-03, 3.446100000000000000e+04
3.273744193248684289e-03, 3.384900000000000000e+04
3.281709507587488809e-03, 3.321400000000000000e+04
3.289674821926293329e-03, 3.257000000000000000e+04
3.297640136265098283e-03, 3.193000000000000000e+04
3.305605450603902803e-03, 3.130800000000000000e+04
3.313570764942707324e-03, 3.071800000000000000e+04
3.321536079281511844e-03, 3.017100000000000000e+04
3.329501393620316364e-03, 2.967900000000000000e+04
3.337466707959120885e-03, 2.925400000000000000e+04
3.345432022297925405e-03, 2.890300000000000000e+04
3.353397336636730359e-03, 2.863400000000000000e+04
3.361362650975534879e-03, 2.845200000000000000e+04
3.369327965314339399e-03, 2.836200000000000000e+04
3.377293279653143920e-03, 2.836600000000000000e+04
3.385258593991948440e-03, 2.846300000000000000e+04
3.393223908330752960e-03, 2.865100000000000000e+04
3.401189222669557480e-03, 2.892600000000000000e+04
3.409154537008362434e-03, 2.928300000000000000e+04
3.417119851347166955e-03, 2.971300000000000000e+04
3.425085165685971475e-03, 3.020700000000000000e+04
3.433050480024775995e-03, 3.075400000000000000e+04
3.441015794363580516e-03, 3.134300000000000000e+04
3.448981108702385036e-03, 3.196200000000000000e+04
3.456946423041189556e-03, 3.259600000000000000e+04
3.464911737379994510e-03, 3.323200000000000000e+04
3.472877051718799030e-03, 3.385700000000000000e+04
3.480842366057603551e-03, 3.445600000000000000e+04
3.488807680396408071e-03, 3.501800000000000000e+04
3.496772994735212591e-03, 3.552900000000000000e+04
3.504738309074017111e-03, 3.597900000000000000e+04
3.512703623412822065e-03, 3.635900000000000000e+04
3.520668937751626586e-03, 3.666000000000000000e+04
3.528634252090431106e-03, 3.687500000000000000e+04
3.536599566429235626e-03, 3.700100000000000000e+04
3.544564880768040147e-03, 3.703500000000000000e+04
3.552530195106844667e-03, 3.697500000000000000e+04
3.560495509445649187e-03, 3.682400000000000000e+04
3.568460823784454141e-03, 3.658500000000000000e+04
3.576426138123258661e-03, 3.626200000000000000e+04
3.584391452462063182e-03, 3.586300000000000000e+04
3.592356766800867702e-03, 3.539500000000000000e+04
3.600322081139672222e-03, 3.487000000000000000e+04
3.608287395478476742e-03, 3.429800000000000000e+04
3.616252709817281263e-03, 3.369100000000000000e+04
3.624218024156086217e-03, 3.306300000000000000e+04
3.632183338494890737e-03, 3.242700000000000000e+04
3.640148652833695257e-03, 3.179600000000000000e+04
3.648113967172499778e-03, 3.118500000000000000e+04
3.656079281511304298e-03, 3.060500000000000000e+04
3.664044595850108818e-03, 3.007100000000000000e+04
3.672009910188913338e-03, 2.959200000000000000e+04
3.679975224527718292e-03, 2.918000000000000000e+04
3.687940538866522813e-03, 2.884400000000000000e+04
3.695905853205327333e-03, 2.859000000000000000e+04
3.703871167544131853e-03, 2.842500000000000000e+04
3.711836481882936373e-03, 2.835100000000000000e+04
3.719801796221740894e-03, 2.837200000000000000e+04
3.727767110560545848e-03, 2.848500000000000000e+04
3.735732424899350368e-03, 2.869000000000000000e+04
3.743697739238154888e-03, 2.898100000000000000e+04
3.751663053576959408e-03, 2.935300000000000000e+04
3.759628367915763929e-03, 2.979700000000000000e+04
3.767593682254568449e-03, 3.030500000000000000e+04
3.775558996593372969e-03, 3.086500000000000000e+04
3.783524310932177923e-03, 3.146600000000000000e+04
3.791489625270982444e-03, 3.209400000000000000e+04
3.799454939609786964e-03, 3.273700000000000000e+04
3.807420253948591484e-03, 3.338100000000000000e+04
3.815385568287396004e-03, 3.401200000000000000e+04
3.823350882626200525e-03, 3.461700000000000000e+04
3.831316196965005045e-03, 3.518200000000000000e+04
3.839281511303809999e-03, 3.569600000000000000e+04
3.847246825642614519e-03, 3.614800000000000000e+04
3.855212139981419039e-03, 3.652700000000000000e+04
3.863177454320223560e-03, 3.682700000000000000e+04
3.871142768659028080e-03, 3.703900000000000000e+04
3.879108082997832600e-03, 3.716100000000000000e+04
3.887073397336637121e-03, 3.718800000000000000e+04
3.895038711675442075e-03, 3.712200000000000000e+04
3.903004026014246595e-03, 3.696200000000000000e+04
3.910969340353050681e-03, 3.671300000000000000e+04
3.918934654691856069e-03, 3.638000000000000000e+04
3.926899969030660589e-03, 3.597000000000000000e+04
3.934865283369465110e-03, 3.549200000000000000e+04
3.942830597708269630e-03, 3.495600000000000000e+04
3.950795912047074150e-03, 3.437300000000000000e+04
3.958761226385878670e-03, 3.375700000000000000e+04
3.966726540724683191e-03, 3.312100000000000000e+04
3.974691855063487711e-03, 3.247700000000000000e+04
3.982657169402292231e-03, 3.184100000000000000e+04
3.990622483741096752e-03, 3.122400000000000000e+04
3.998587798079901272e-03, 3.064000000000000000e+04
4.006553112418705792e-03, 3.010200000000000000e+04
4.014518426757510312e-03, 2.962100000000000000e+04
4.022483741096315700e-03, 2.920700000000000000e+04
4.030449055435120220e-03, 2.886900000000000000e+04
4.038414369773924741e-03, 2.861400000000000000e+04
4.046379684112729261e-03, 2.844800000000000000e+04
4.054344998451533781e-03, 2.837400000000000000e+04
4.062310312790338301e-03, 2.839500000000000000e+04
4.070275627129142822e-03, 2.850900000000000000e+04
4.078240941467947342e-03, 2.871400000000000000e+04
4.086206255806751862e-03, 2.900600000000000000e+04
4.094171570145556383e-03, 2.937800000000000000e+04
4.102136884484360903e-03, 2.982300000000000000e+04
4.110102198823165423e-03, 3.033100000000000000e+04
4.118067513161969943e-03, 3.089100000000000000e+04
4.126032827500774464e-03, 3.149100000000000000e+04
4.133998141839579851e-03, 3.211800000000000000e+04
4.141963456178384372e-03, 3.275900000000000000e+04
4.149928770517188892e-03, 3.340000000000000000e+04
4.157894084855993412e-03, 3.402700000000000000e+04
4.165859399194797932e-03, 3.462800000000000000e+04
4.173824713533602453e-03, 3.518800000000000000e+04
4.181790027872406973e-03, 3.569600000000000000e+04
4.189755342211211493e-03, 3.614000000000000000e+04
4.197720656550016013e-03, 3.651200000000000000e+04
4.205685970888820534e-03, 3.680300000000000000e+04
4.213651285227625054e-03, 3.700700000000000000e+04
4.221616599566429574e-03, 3.712000000000000000e+04
4.229581913905234095e-03, 3.714000000000000000e+04
4.237547228244039482e-03, 3.706500000000000000e+04
4.245512542582844003e-03, 3.689700000000000000e+04
4.253477856921648523e-03, 3.664100000000000000e+04
4.261443171260453043e-03, 3.630100000000000000e+04
4.269408485599257563e-03, 3.588500000000000000e+04
4.277373799938062084e-03, 3.540300000000000000e+04
4.285339114276866604e-03, 3.486300000000000000e+04
4.293304428615671124e-03, 3.427800000000000000e+04
4.301269742954475644e-03, 3.366100000000000000e+04
4.309235057293280165e-03, 3.302400000000000000e+04
4.317200371632084685e-03, 3.238200000000000000e+04
4.325165685970889205e-03, 3.174700000000000000e+04
4.333131000309693726e-03, 3.113400000000000000e+04
4.341096314648498246e-03, 3.055500000000000000e+04
4.349061628987303633e-03, 3.002200000000000000e+04
4.357026943326108154e-03, 2.954800000000000000e+04
4.364992257664912674e-03, 2.914200000000000000e+04
4.372957572003717194e-03, 2.881300000000000000e+04
4.380922886342521715e-03, 2.856800000000000000e+04
4.388888200681326235e-03, 2.841200000000000000e+04
4.396853515020130755e-03, 2.834900000000000000e+04
4.404818829358935275e-03, 2.838000000000000000e+04
4.412784143697739796e-03, 2.850400000000000000e+04
4.420749458036544316e-03, 2.872000000000000000e+04
4.428714772375348836e-03, 2.902100000000000000e+04
4.436680086714153357e-03, 2.940200000000000000e+04
4.444645401052957877e-03, 2.985500000000000000e+04
4.452610715391763264e-03, 3.037000000000000000e+04
4.460576029730567785e-03, 3.093600000000000000e+04
4.468541344069372305e-03, 3.154000000000000000e+04
4.476506658408176825e-03, 3.217100000000000000e+04
4.484471972746981346e-03, 3.281400000000000000e+04
4.492437287085785866e-03, 3.345600000000000000e+04
4.500402601424590386e-03, 3.408200000000000000e+04
4.508367915763394906e-03, 3.468100000000000000e+04
4.516333230102199427e-03, 3.523800000000000000e+04
4.524298544441003947e-03, 3.574300000000000000e+04
4.532263858779808467e-03, 3.618400000000000000e+04
4.540229173118612988e-03, 3.655100000000000000e+04
4.548194487457417508e-03, 3.683800000000000000e+04
4.556159801796222028e-03, 3.703800000000000000e+04
4.564125116135027416e-03, 3.714600000000000000e+04
4.572090430473831936e-03, 3.716100000000000000e+04
4.580055744812636456e-03, 3.708100000000000000e+04
4.588021059151440977e-03, 3.690900000000000000e+04
4.595986373490245497e-03, 3.664800000000000000e+04
4.603951687829050017e-03, 3.630400000000000000e+04
4.611917002167854537e-03, 3.588500000000000000e+04
4.619882316506659058e-03, 3.539900000000000000e+04
4.627847630845463578e-03, 3.485700000000000000e+04
4.635812945184268098e-03, 3.427000000000000000e+04
4.643778259523072618e-03, 3.365200000000000000e+04
4.651743573861877139e-03, 3.301500000000000000e+04
4.659708888200681659e-03, 3.237400000000000000e+04
4.667674202539487047e-03, 3.174000000000000000e+04
4.675639516878291567e-03, 3.113000000000000000e+04
4.683604831217096087e-03, 3.055400000000000000e+04
4.691570145555900608e-03, 3.002600000000000000e+04
4.699535459894705128e-03, 2.955700000000000000e+04
4.707500774233509648e-03, 2.915600000000000000e+04
4.715466088572314168e-03, 2.883200000000000000e+04
4.723431402911118689e-03, 2.859200000000000000e+04
4.731396717249923209e-03, 2.844100000000000000e+04
4.739362031588727729e-03, 2.838200000000000000e+04
4.747327345927532249e-03, 2.841800000000000000e+04
4.755292660266336770e-03, 2.854600000000000000e+04
4.763257974605141290e-03, 2.876400000000000000e+04
4.771223288943945810e-03, 2.906800000000000000e+04
4.779188603282751198e-03, 2.945100000000000000e+04
4.787153917621555718e-03, 2.990600000000000000e+04
4.795119231960360238e-03, 3.042100000000000000e+04
4.803084546299164759e-03, 3.098700000000000000e+04
4.811049860637969279e-03, 3.159000000000000000e+04
4.819015174976773799e-03, 3.221800000000000000e+04
4.826980489315578320e-03, 3.285800000000000000e+04
4.834945803654382840e-03, 3.349500000000000000e+04
4.842911117993187360e-03, 3.411600000000000000e+04
4.850876432331991880e-03, 3.470600000000000000e+04
4.858841746670796401e-03, 3.525500000000000000e+04
4.866807061009600921e-03, 3.574900000000000000e+04
4.874772375348405441e-03, 3.617900000000000000e+04
4.882737689687210829e-03, 3.653500000000000000e+04
4.890703004026015349e-03, 3.680800000000000000e+04
4.898668318364819869e-03, 3.699500000000000000e+04
4.906633632703624390e-03, 3.709000000000000000e+04
4.914598947042428910e-03, 3.709100000000000000e+04
4.922564261381233430e-03, 3.699800000000000000e+04
4.930529575720037951e-03, 3.681400000000000000e+04
4.938494890058842471e-03, 3.654100000000000000e+04
4.946460204397646991e-03, 3.618800000000000000e+04
4.954425518736451511e-03, 3.575900000000000000e+04
4.962390833075256032e-03, 3.526600000000000000e+04
4.970356147414060552e-03, 3.471800000000000000e+04
4.978321461752865072e-03, 3.412700000000000000e+04
4.986286776091669593e-03, 3.350500000000000000e+04
4.994252090430474980e-03, 3.286700000000000000e+04
5.002217404769279500e-03, 3.222600000000000000e+04
5.010182719108084021e-03, 3.159500000000000000e+04
5.018148033446888541e-03, 3.098800000000000000e+04
5.026113347785693061e-03, 3.041700000000000000e+04
5.034078662124497582e-03, 2.989500000000000000e+04
5.042043976463302102e-03, 2.943300000000000000e+04
5.050009290802106622e-03, 2.904000000000000000e+04
5.057974605140911142e-03, 2.872500000000000000e+04
5.065939919479715663e-03, 2.849500000000000000e+04
5.073905233818520183e-03, 2.835500000000000000e+04
5.081870548157324703e-03, 2.830800000000000000e+04
5.089835862496129223e-03, 2.835500000000000000e+04
5.097801176834934611e-03, 2.849500000000000000e+04
5.105766491173739131e-03, 2.872500000000000000e+04
5.113731805512543652e-03, 2.904000000000000000e+04
5.121697119851348172e-03, 2.943400000000000000e+04
5.129662434190152692e-03, 2.989800000000000000e+04
5.137627748528957213e-03, 3.042200000000000000e+04
5.145593062867761733e-03, 3.099500000000000000e+04
5.153558377206566253e-03, 3.160500000000000000e+04
5.161523691545370773e-03, 3.223900000000000000e+04
5.169489005884175294e-03, 3.288300000000000000e+04
5.177454320222979814e-03, 3.352400000000000000e+04
5.185419634561784334e-03, 3.414800000000000000e+04
5.193384948900588854e-03, 3.474100000000000000e+04
5.201350263239394242e-03, 3.529100000000000000e+04
5.209315577578198762e-03, 3.578600000000000000e+04
5.217280891917003283e-03, 3.621400000000000000e+04
5.225246206255807803e-03, 3.656800000000000000e+04
5.233211520594612323e-03, 3.684000000000000000e+04
5.241176834933416843e-03, 3.702300000000000000e+04
5.249142149272221364e-03, 3.711400000000000000e+04
5.257107463611025884e-03, 3.711200000000000000e+04
5.265072777949830404e-03, 3.701500000000000000e+04
5.273038092288634925e-03, 3.682600000000000000e+04
5.281003406627439445e-03, 3.654900000000000000e+04
5.288968720966243965e-03, 3.619100000000000000e+04
5.296934035305048485e-03, 3.575800000000000000e+04
5.304899349643853006e-03, 3.526100000000000000e+04
5.312864663982658393e-03, 3.471000000000000000e+04
5.320829978321462914e-03, 3.411700000000000000e+04
5.328795292660267434e-03, 3.349400000000000000e+04
5.336760606999071954e-03, 3.285600000000000000e+04
5.344725921337876474e-03, 3.221600000000000000e+04
5.352691235676680995e-03, 3.158800000000000000e+04
5.360656550015485515e-03, 3.098400000000000000e+04
5.368621864354290035e-03, 3.041900000000000000e+04
5.376587178693094556e-03, 2.990400000000000000e+04
5.384552493031899076e-03, 2.945000000000000000e+04
5.392517807370703596e-03, 2.906700000000000000e+04
5.400483121709508116e-03, 2.876200000000000000e+04
5.408448436048312637e-03, 2.854300000000000000e+04
5.416413750387118024e-03, 2.841300000000000000e+04
5.424379064725922545e-03, 2.837600000000000000e+04
5.432344379064727065e-03, 2.843200000000000000e+04
5.440309693403531585e-03, 2.858000000000000000e+04
5.448275007742336105e-03, 2.881700000000000000e+04
5.456240322081140626e-03, 2.913800000000000000e+04
5.464205636419945146e-03, 2.953600000000000000e+04
5.472170950758749666e-03, 3.000300000000000000e+04
5.480136265097554187e-03, 3.052800000000000000e+04
5.488101579436358707e-03, 3.110000000000000000e+04
5.496066893775163227e-03, 3.170700000000000000e+04
5.504032208113967747e-03, 3.233600000000000000e+04
5.511997522452772268e-03, 3.297300000000000000e+04
5.519962836791576788e-03, 3.360600000000000000e+04
5.527928151130382176e-03, 3.421900000000000000e+04
5.535893465469186696e-03, 3.480100000000000000e+04
5.543858779807991216e-03, 3.533800000000000000e+04
5.551824094146795736e-03, 3.581900000000000000e+04
5.559789408485600257e-03, 3.623400000000000000e+04
5.567754722824404777e-03, 3.657300000000000000e+04
5.575720037163209297e-03, 3.683000000000000000e+04
5.583685351502013818e-03, 3.699800000000000000e+04
5.591650665840818338e-03, 3.707500000000000000e+04
5.599615980179622858e-03, 3.705900000000000000e+04
5.607581294518427378e-03, 3.694900000000000000e+04
5.615546608857231899e-03, 3.674800000000000000e+04
5.623511923196036419e-03, 3.646000000000000000e+04
5.631477237534841807e-03, 3.609200000000000000e+04
5.639442551873646327e-03, 3.565200000000000000e+04
5.647407866212450847e-03, 3.514800000000000000e+04
5.655373180551255367e-03, 3.459100000000000000e+04
5.663338494890059888e-03, 3.399500000000000000e+04
5.671303809228864408e-03, 3.337100000000000000e+04
5.679269123567668928e-03, 3.273400000000000000e+04
5.687234437906473448e-03, 3.209600000000000000e+04
5.695199752245277969e-03, 3.147100000000000000e+04
5.703165066584082489e-03, 3.087300000000000000e+04
5.711130380922887009e-03, 3.031400000000000000e+04
5.719095695261691530e-03, 2.980700000000000000e+04
5.727061009600496050e-03, 2.936100000000000000e+04
5.735026323939300570e-03, 2.898700000000000000e+04
5.742991638278105958e-03, 2.869300000000000000e+04
5.750956952616910478e-03, 2.848500000000000000e+04
5.758922266955714998e-03, 2.836700000000000000e+04
5.766887581294519519e-03, 2.834300000000000000e+04
5.774852895633324039e-03, 2.841200000000000000e+04
5.782818209972128559e-03, 2.857400000000000000e+04
5.790783524310933079e-03, 2.882400000000000000e+04
5.798748838649737600e-03, 2.915800000000000000e+04
5.806714152988542120e-03, 2.957000000000000000e+04
5.814679467327346640e-03, 3.004900000000000000e+04
5.822644781666151161e-03, 3.058600000000000000e+04
5.830610096004955681e-03, 3.116900000000000000e+04
5.838575410343760201e-03, 3.178700000000000000e+04
5.846540724682565589e-03, 3.242500000000000000e+04
5.854506039021370109e-03, 3.307000000000000000e+04
5.862471353360174629e-03, 3.370900000000000000e+04
5.870436667698979150e-03, 3.432700000000000000e+04
5.878401982037783670e-03, 3.491200000000000000e+04
5.886367296376588190e-03, 3.545100000000000000e+04
5.894332610715392710e-03, 3.593200000000000000e+04
5.902297925054197231e-03, 3.634500000000000000e+04
5.910263239393001751e-03, 3.668100000000000000e+04
5.918228553731806271e-03, 3.693400000000000000e+04
5.926193868070610792e-03, 3.709700000000000000e+04
5.934159182409415312e-03, 3.716800000000000000e+04
5.942124496748219832e-03, 3.714500000000000000e+04
5.950089811087024352e-03, 3.702800000000000000e+04
5.958055125425829740e-03, 3.682000000000000000e+04
5.966020439764634260e-03, 3.652500000000000000e+04
5.973985754103438781e-03, 3.614900000000000000e+04
5.981951068442243301e-03, 3.570200000000000000e+04
5.989916382781047821e-03, 3.519300000000000000e+04
5.997881697119852341e-03, 3.463200000000000000e+04
6.005847011458656862e-03, 3.403100000000000000e+04
6.013812325797461382e-03, 3.340500000000000000e+04
6.021777640136265902e-03, 3.276600000000000000e+04
6.029742954475070423e-03, 3.212700000000000000e+04
6.037708268813874943e-03, 3.150300000000000000e+04
6.045673583152679463e-03, 3.090600000000000000e+04
6.053638897491483983e-03, 3.034900000000000000e+04
6.061604211830289371e-03, 2.984400000000000000e+04
6.069569526169093891e-03, 2.940300000000000000e+04
6.077534840507898412e-03, 2.903300000000000000e+04
6.085500154846702932e-03, 2.874400000000000000e+04
6.093465469185507452e-03, 2.854100000000000000e+04
6.101430783524311972e-03, 2.842900000000000000e+04
6.109396097863116493e-03, 2.841000000000000000e+04
6.117361412201921013e-03, 2.848500000000000000e+04
6.125326726540725533e-03, 2.865200000000000000e+04
6.133292040879530053e-03, 2.890700000000000000e+04
6.141257355218334574e-03, 2.924600000000000000e+04
6.149222669557139094e-03, 2.966100000000000000e+04
6.157187983895943614e-03, 3.014300000000000000e+04
6.165153298234748135e-03, 3.068200000000000000e+04
6.173118612573553522e-03, 3.126600000000000000e+04
6.181083926912358043e-03, 3.188300000000000000e+04
6.189049241251162563e-03, 3.252100000000000000e+04
6.197014555589967083e-03, 3.316400000000000000e+04
6.204979869928771603e-03, 3.380100000000000000e+04
6.212945184267576124e-03, 3.441600000000000000e+04
6.220910498606380644e-03, 3.499800000000000000e+04
6.228875812945185164e-03, 3.553300000000000000e+04
6.236841127283989684e-03, 3.600900000000000000e+04
6.244806441622794205e-03, 3.641700000000000000e+04
6.252771755961598725e-03, 3.674800000000000000e+04
6.260737070300403245e-03, 3.699500000000000000e+04
6.268702384639207766e-03, 3.715200000000000000e+04
6.276667698978013153e-03, 3.721600000000000000e+04
6.284633013316817673e-03, 3.718600000000000000e+04
6.292598327655622194e-03, 3.706300000000000000e+04
6.300563641994426714e-03, 3.684800000000000000e+04
6.308528956333231234e-03, 3.654600000000000000e+04
6.316494270672035755e-03, 3.616500000000000000e+04
6.324459585010840275e-03, 3.571300000000000000e+04
6.332424899349644795e-03, 3.519700000000000000e+04
6.340390213688449315e-03, 3.463100000000000000e+04
6.348355528027253836e-03, 3.402600000000000000e+04
6.356320842366058356e-03, 3.339500000000000000e+04
6.364286156704862876e-03, 3.275200000000000000e+04
6.372251471043667397e-03, 3.211000000000000000e+04
6.380216785382471917e-03, 3.148300000000000000e+04
6.388182099721277304e-03, 3.088500000000000000e+04
6.396147414060081825e-03, 3.032800000000000000e+04
6.404112728398886345e-03, 2.982400000000000000e+04
6.412078042737690865e-03, 2.938400000000000000e+04
6.420043357076495386e-03, 2.901800000000000000e+04
6.428008671415299906e-03, 2.873100000000000000e+04
6.435973985754104426e-03, 2.853200000000000000e+04
6.443939300092908946e-03, 2.842500000000000000e+04
6.451904614431713467e-03, 2.841100000000000000e+04
6.459869928770517987e-03, 2.849100000000000000e+04
6.467835243109322507e-03, 2.866300000000000000e+04
6.475800557448127028e-03, 2.892400000000000000e+04
6.483765871786931548e-03, 2.926700000000000000e+04
6.491731186125736935e-03, 2.968600000000000000e+04
6.499696500464541456e-03, 3.017200000000000000e+04
6.507661814803345976e-03, 3.071400000000000000e+04
6.515627129142150496e-03, 3.130100000000000000e+04
6.523592443480955017e-03, 3.192000000000000000e+04
6.531557757819759537e-03, 3.255800000000000000e+04
6.539523072158564057e-03, 3.320100000000000000e+04
6.547488386497368577e-03, 3.383600000000000000e+04
6.555453700836173098e-03, 3.444900000000000000e+04
6.563419015174977618e-03, 3.502600000000000000e+04
6.571384329513782138e-03, 3.555600000000000000e+04
6.579349643852586658e-03, 3.602600000000000000e+04
6.587314958191391179e-03, 3.642700000000000000e+04
6.595280272530196566e-03, 3.675100000000000000e+04
6.603245586869001087e-03, 3.698900000000000000e+04
6.611210901207805607e-03, 3.713800000000000000e+04
6.619176215546610127e-03, 3.719300000000000000e+04
6.627141529885414648e-03, 3.715500000000000000e+04
6.635106844224219168e-03, 3.702300000000000000e+04
6.643072158563023688e-03, 3.680000000000000000e+04
6.651037472901828208e-03, 3.649100000000000000e+04
6.659002787240632729e-03, 3.610300000000000000e+04
6.666968101579437249e-03, 3.564400000000000000e+04
6.674933415918241769e-03, 3.512400000000000000e+04
6.682898730257046289e-03, 3.455500000000000000e+04
6.690864044595850810e-03, 3.394700000000000000e+04
6.698829358934655330e-03, 3.331500000000000000e+04
6.706794673273460718e-03, 3.267100000000000000e+04
6.714759987612265238e-03, 3.203000000000000000e+04
6.722725301951069758e-03, 3.140400000000000000e+04
6.730690616289874278e-03, 3.080800000000000000e+04
6.738655930628678799e-03, 3.025300000000000000e+04
6.746621244967483319e-03, 2.975300000000000000e+04
6.754586559306287839e-03, 2.931600000000000000e+04
6.762551873645092360e-03, 2.895400000000000000e+04
6.770517187983896880e-03, 2.867300000000000000e+04
6.778482502322701400e-03, 2.847900000000000000e+04
6.786447816661505920e-03, 2.837700000000000000e+04
6.794413131000310441e-03, 2.836900000000000000e+04
6.802378445339114961e-03, 2.845500000000000000e+04
6.810343759677920349e-03, 2.863300000000000000e+04
6.818309074016724869e-03, 2.890000000000000000e+04
6.826274388355529389e-03, 2.924800000000000000e+04
6.834239702694333909e-03, 2.967100000000000000e+04
6.842205017033138430e-03, 3.016000000000000000e+04
6.850170331371942950e-03, 3.070400000000000000e+04
6.858135645710747470e-03, 3.129100000000000000e+04
6.866100960049551991e-03, 3.190800000000000000e+04
6.874066274388356511e-03, 3.254400000000000000e+04
6.882031588727161031e-03, 3.318300000000000000e+04
6.889996903065965551e-03, 3.381300000000000000e+04
6.897962217404770072e-03, 3.442000000000000000e+04
6.905927531743574592e-03, 3.499200000000000000e+04
6.913892846082379112e-03, 3.551500000000000000e+04
6.921858160421184500e-03, 3.598000000000000000e+04
6.929823474759989020e-03, 3.637500000000000000e+04
6.937788789098793540e-03, 3.669200000000000000e+04
6.945754103437598061e-03, 3.692500000000000000e+04
6.953719417776402581e-03, 3.706900000000000000e+04
6.961684732115207101e-03, 3.712000000000000000e+04
6.969650046454011622e-03, 3.707900000000000000e+04
6.977615360792816142e-03, 3.694400000000000000e+04
6.985580675131620662e-03, 3.672000000000000000e+04
6.993545989470425182e-03, 3.641200000000000000e+04
7.001511303809229703e-03, 3.602600000000000000e+04
7.009476618148034223e-03, 3.557000000000000000e+04
7.017441932486838743e-03, 3.505300000000000000e+04
7.025407246825644131e-03, 3.448800000000000000e+04
7.033372561164448651e-03, 3.388500000000000000e+04
7.041337875503253171e-03, 3.325900000000000000e+04
7.049303189842057692e-03, 3.262200000000000000e+04
7.057268504180862212e-03, 3.198800000000000000e+04
7.065233818519666732e-03, 3.137100000000000000e+04
7.073199132858471253e-03, 3.078400000000000000e+04
7.081164447197275773e-03, 3.023900000000000000e+04
7.089129761536080293e-03, 2.974900000000000000e+04
7.097095075874884813e-03, 2.932300000000000000e+04
7.105060390213689334e-03, 2.897200000000000000e+04
7.113025704552493854e-03, 2.870200000000000000e+04
7.120991018891298374e-03, 2.851900000000000000e+04
7.128956333230102894e-03, 2.842800000000000000e+04
7.136921647568908282e-03, 2.843100000000000000e+04
7.144886961907712802e-03, 2.852700000000000000e+04
7.152852276246517323e-03, 2.871500000000000000e+04
7.160817590585321843e-03, 2.899000000000000000e+04
7.168782904924126363e-03, 2.934600000000000000e+04
7.176748219262930883e-03, 2.977700000000000000e+04
7.184713533601735404e-03, 3.027300000000000000e+04
7.192678847940539924e-03, 3.082300000000000000e+04
7.200644162279344444e-03, 3.141500000000000000e+04
7.208609476618148965e-03, 3.203700000000000000e+04
7.216574790956953485e-03, 3.267600000000000000e+04
7.224540105295758005e-03, 3.331600000000000000e+04
7.232505419634562525e-03, 3.394600000000000000e+04
7.240470733973367913e-03, 3.455000000000000000e+04
7.248436048312172433e-03, 3.511700000000000000e+04
7.256401362650976954e-03, 3.563500000000000000e+04
7.264366676989781474e-03, 3.609100000000000000e+04
7.272331991328585994e-03, 3.647600000000000000e+04
7.280297305667390514e-03, 3.678200000000000000e+04
7.288262620006195035e-03, 3.700300000000000000e+04
7.296227934344999555e-03, 3.713300000000000000e+04
7.304193248683804075e-03, 3.717100000000000000e+04
7.312158563022608596e-03, 3.711400000000000000e+04
7.320123877361413116e-03, 3.696400000000000000e+04
7.328089191700217636e-03, 3.672500000000000000e+04
7.336054506039022156e-03, 3.640100000000000000e+04
7.344019820377826677e-03, 3.599900000000000000e+04
7.351985134716632064e-03, 3.552800000000000000e+04
7.359950449055436585e-03, 3.499900000000000000e+04
7.367915763394241105e-03, 3.442100000000000000e+04
7.375881077733045625e-03, 3.380800000000000000e+04
7.383846392071850145e-03, 3.317300000000000000e+04
7.391811706410654666e-03, 3.252900000000000000e+04
7.399777020749459186e-03, 3.189000000000000000e+04
7.407742335088263706e-03, 3.126900000000000000e+04
7.415707649427068227e-03, 3.068000000000000000e+04
7.423672963765872747e-03, 3.013400000000000000e+04
7.431638278104677267e-03, 2.964400000000000000e+04
7.439603592443481787e-03, 2.922000000000000000e+04
7.447568906782286308e-03, 2.887100000000000000e+04
7.455534221121091695e-03, 2.860400000000000000e+04
7.463499535459896216e-03, 2.842500000000000000e+04
7.471464849798700736e-03, 2.833800000000000000e+04
7.479430164137505256e-03, 2.834500000000000000e+04
7.487395478476309776e-03, 2.844600000000000000e+04
7.495360792815114297e-03, 2.863900000000000000e+04
7.503326107153918817e-03, 2.891900000000000000e+04
7.511291421492723337e-03, 2.928100000000000000e+04
7.519256735831527858e-03, 2.971700000000000000e+04
7.527222050170332378e-03, 3.021700000000000000e+04
7.535187364509136898e-03, 3.077100000000000000e+04
7.543152678847941418e-03, 3.136700000000000000e+04
7.551117993186745939e-03, 3.199200000000000000e+04
7.559083307525550459e-03, 3.263300000000000000e+04
7.567048621864355847e-03, 3.327700000000000000e+04
7.575013936203160367e-03, 3.390900000000000000e+04
7.582979250541964887e-03, 3.451500000000000000e+04
7.590944564880769407e-03, 3.508400000000000000e+04
7.598909879219573928e-03, 3.560200000000000000e+04
7.606875193558378448e-03, 3.606000000000000000e+04
7.614840507897182968e-03, 3.644600000000000000e+04
7.622805822235987488e-03, 3.675400000000000000e+04
7.630771136574792009e-03, 3.697600000000000000e+04
7.638736450913596529e-03, 3.710800000000000000e+04
7.646701765252401049e-03, 3.714700000000000000e+04
7.654667079591205570e-03, 3.709200000000000000e+04
7.662632393930010090e-03, 3.694400000000000000e+04
7.670597708268815478e-03, 3.670700000000000000e+04
7.678563022607619998e-03, 3.638600000000000000e+04
7.686528336946424518e-03, 3.598900000000000000e+04
7.694493651285229038e-03, 3.552300000000000000e+04
7.702458965624033559e-03, 3.499900000000000000e+04
7.710424279962838079e-03, 3.442800000000000000e+04
7.718389594301642599e-03, 3.382200000000000000e+04
7.726354908640447119e-03, 3.319500000000000000e+04
7.734320222979251640e-03, 3.256000000000000000e+04
7.742285537318056160e-03, 3.193100000000000000e+04
7.750250851656860680e-03, 3.132100000000000000e+04
7.758216165995665201e-03, 3.074400000000000000e+04
7.766181480334469721e-03, 3.021100000000000000e+04
7.774146794673274241e-03, 2.973400000000000000e+04
7.782112109012079629e-03, 2.932300000000000000e+04
7.790077423350884149e-03, 2.898800000000000000e+04
7.798042737689688669e-03, 2.873500000000000000e+04
7.806008052028493190e-03, 2.856900000000000000e+04
7.813973366367297710e-03, 2.849600000000000000e+04
7.821938680706101363e-03, 2.851600000000000000e+04
7.829903995044906750e-03, 2.862900000000000000e+04
7.837869309383712138e-03, 2.883200000000000000e+04
7.845834623722515791e-03, 2.912100000000000000e+04
7.853799938061321179e-03, 2.949100000000000000e+04
7.861765252400124832e-03, 2.993300000000000000e+04
7.869730566738930219e-03, 3.043800000000000000e+04
7.877695881077733872e-03, 3.099500000000000000e+04
7.885661195416539260e-03, 3.159200000000000000e+04
7.893626509755342913e-03, 3.221700000000000000e+04
7.901591824094148300e-03, 3.285600000000000000e+04
7.909557138432951953e-03, 3.349500000000000000e+04
7.917522452771757341e-03, 3.412100000000000000e+04
7.925487767110560994e-03, 3.472000000000000000e+04
7.933453081449366381e-03, 3.527900000000000000e+04
7.941418395788171769e-03, 3.578600000000000000e+04
7.949383710126975422e-03, 3.623000000000000000e+04
7.957349024465780810e-03, 3.660200000000000000e+04
7.965314338804584463e-03, 3.689300000000000000e+04
7.973279653143389850e-03, 3.709800000000000000e+04
7.981244967482193503e-03, 3.721200000000000000e+04
7.989210281820998891e-03, 3.723300000000000000e+04
7.997175596159802544e-03, 3.715900000000000000e+04
8.005140910498607931e-03, 3.699200000000000000e+04
8.013106224837411584e-03, 3.673600000000000000e+04
8.021071539176216972e-03, 3.639700000000000000e+04
8.029036853515020625e-03, 3.598200000000000000e+04
8.037002167853826012e-03, 3.549900000000000000e+04
8.044967482192631400e-03, 3.495800000000000000e+04
8.052932796531435053e-03, 3.437200000000000000e+04
8.060898110870240441e-03, 3.375200000000000000e+04
8.068863425209044093e-03, 3.311300000000000000e+04
8.076828739547849481e-03, 3.246700000000000000e+04
8.084794053886653134e-03, 3.182700000000000000e+04
8.092759368225458522e-03, 3.120900000000000000e+04
8.100724682564262175e-03, 3.062400000000000000e+04
8.108689996903067562e-03, 3.008600000000000000e+04
8.116655311241871215e-03, 2.960500000000000000e+04
8.124620625580676603e-03, 2.919300000000000000e+04
8.132585939919480256e-03, 2.885700000000000000e+04
8.140551254258285643e-03, 2.860500000000000000e+04
8.148516568597089296e-03, 2.844200000000000000e+04
8.156481882935894684e-03, 2.837200000000000000e+04
8.164447197274700072e-03, 2.839600000000000000e+04
8.172412511613503724e-03, 2.851400000000000000e+04
8.180377825952309112e-03, 2.872300000000000000e+04
8.188343140291112765e-03, 2.901900000000000000e+04
8.196308454629918153e-03, 2.939400000000000000e+04
8.204273768968721806e-03, 2.984300000000000000e+04
8.212239083307527193e-03, 3.035300000000000000e+04
8.220204397646330846e-03, 3.091600000000000000e+04
8.228169711985136234e-03, 3.151800000000000000e+04
8.236135026323939887e-03, 3.214700000000000000e+04
8.244100340662745274e-03, 3.278900000000000000e+04
8.252065655001548927e-03, 3.343100000000000000e+04
8.260030969340354315e-03, 3.405900000000000000e+04
8.267996283679159703e-03, 3.466000000000000000e+04
8.275961598017963355e-03, 3.522100000000000000e+04
8.283926912356768743e-03, 3.572900000000000000e+04
8.291892226695572396e-03, 3.617400000000000000e+04
8.299857541034377784e-03, 3.654600000000000000e+04
8.307822855373181437e-03, 3.683800000000000000e+04
8.315788169711986824e-03, 3.704400000000000000e+04
8.323753484050790477e-03, 3.715900000000000000e+04
8.331718798389595865e-03, 3.718100000000000000e+04
8.339684112728399518e-03, 3.710900000000000000e+04
8.347649427067204905e-03, 3.694500000000000000e+04
8.355614741406008558e-03, 3.669200000000000000e+04
8.363580055744813946e-03, 3.635600000000000000e+04
8.371545370083619333e-03, 3.594400000000000000e+04
8.379510684422422986e-03, 3.546500000000000000e+04
8.387475998761228374e-03, 3.492900000000000000e+04
8.395441313100032027e-03, 3.434800000000000000e+04
8.403406627438837415e-03, 3.373300000000000000e+04
8.411371941777641068e-03, 3.310000000000000000e+04
8.419337256116446455e-03, 3.246000000000000000e+04
8.427302570455250108e-03, 3.182800000000000000e+04
8.435267884794055496e-03, 3.121700000000000000e+04
8.443233199132859149e-03, 3.064000000000000000e+04
8.451198513471664536e-03, 3.011100000000000000e+04
8.459163827810468189e-03, 2.963900000000000000e+04
8.467129142149273577e-03, 2.923600000000000000e+04
8.475094456488078964e-03, 2.891000000000000000e+04
8.483059770826882617e-03, 2.866700000000000000e+04
8.491025085165688005e-03, 2.851300000000000000e+04
8.498990399504491658e-03, 2.845200000000000000e+04
8.506955713843297046e-03, 2.848400000000000000e+04
8.514921028182100698e-03, 2.860900000000000000e+04
8.522886342520906086e-03, 2.882300000000000000e+04
8.530851656859709739e-03, 2.912200000000000000e+04
8.538816971198515127e-03, 2.950000000000000000e+04
8.546782285537318780e-03, 2.994900000000000000e+04
8.554747599876124167e-03, 3.045900000000000000e+04
8.562712914214927820e-03, 3.101900000000000000e+04
8.570678228553733208e-03, 3.161800000000000000e+04
8.578643542892538595e-03, 3.224300000000000000e+04
8.586608857231342248e-03, 3.287900000000000000e+04
8.594574171570147636e-03, 3.351500000000000000e+04
8.602539485908951289e-03, 3.413500000000000000e+04
8.610504800247756677e-03, 3.472700000000000000e+04
8.618470114586560329e-03, 3.527800000000000000e+04
8.626435428925365717e-03, 3.577600000000000000e+04
8.634400743264169370e-03, 3.621000000000000000e+04
8.642366057602974758e-03, 3.657000000000000000e+04
8.650331371941778411e-03, 3.685000000000000000e+04
8.658296686280583798e-03, 3.704200000000000000e+04
8.666262000619387451e-03, 3.714300000000000000e+04
8.674227314958192839e-03, 3.715000000000000000e+04
8.682192629296996492e-03, 3.706400000000000000e+04
8.690157943635801879e-03, 3.688500000000000000e+04
8.698123257974607267e-03, 3.661800000000000000e+04
8.706088572313410920e-03, 3.626900000000000000e+04
8.714053886652216308e-03, 3.584500000000000000e+04
8.722019200991019960e-03, 3.535500000000000000e+04
8.729984515329825348e-03, 3.480900000000000000e+04
8.737949829668629001e-03, 3.421900000000000000e+04
8.745915144007434389e-03, 3.359900000000000000e+04
8.753880458346238042e-03, 3.296000000000000000e+04
8.761845772685043429e-03, 3.231800000000000000e+04
8.769811087023847082e-03, 3.168400000000000000e+04
8.777776401362652470e-03, 3.107300000000000000e+04
8.785741715701456123e-03, 3.049700000000000000e+04
8.793707030040261510e-03, 2.997000000000000000e+04
8.801672344379066898e-03, 2.950100000000000000e+04
8.809637658717870551e-03, 2.910200000000000000e+04
8.817602973056675938e-03, 2.878000000000000000e+04
8.825568287395479591e-03, 2.854300000000000000e+04
8.833533601734284979e-03, 2.839600000000000000e+04
8.841498916073088632e-03, 2.834200000000000000e+04
8.849464230411894020e-03, 2.838200000000000000e+04
8.857429544750697673e-03, 2.851500000000000000e+04
8.865394859089503060e-03, 2.873800000000000000e+04
8.873360173428306713e-03, 2.904800000000000000e+04
8.881325487767112101e-03, 2.943600000000000000e+04
8.889290802105915754e-03, 2.989500000000000000e+04
8.897256116444721141e-03, 3.041500000000000000e+04
8.905221430783526529e-03, 3.098500000000000000e+04
8.913186745122330182e-03, 3.159300000000000000e+04
8.921152059461135569e-03, 3.222500000000000000e+04
8.929117373799939222e-03, 3.286900000000000000e+04
8.937082688138744610e-03, 3.351000000000000000e+04
8.945048002477548263e-03, 3.413500000000000000e+04
8.953013316816353651e-03, 3.472900000000000000e+04
8.960978631155157303e-03, 3.528100000000000000e+04
8.968943945493962691e-03, 3.577800000000000000e+04
8.976909259832766344e-03, 3.621000000000000000e+04
8.984874574171571732e-03, 3.656800000000000000e+04
8.992839888510375385e-03, 3.684300000000000000e+04
9.000805202849180772e-03, 3.703100000000000000e+04
9.008770517187986160e-03, 3.712700000000000000e+04
9.016735831526789813e-03, 3.712800000000000000e+04
9.024701145865595200e-03, 3.703600000000000000e+04
9.032666460204398853e-03, 3.685100000000000000e+04
9.040631774543204241e-03, 3.657900000000000000e+04
9.048597088882007894e-03, 3.622400000000000000e+04
9.056562403220813282e-03, 3.579600000000000000e+04
9.064527717559616934e-03, 3.530100000000000000e+04
9.072493031898422322e-03, 3.475200000000000000e+04
9.080458346237225975e-03, 3.416100000000000000e+04
9.088423660576031363e-03, 3.354000000000000000e+04
9.096388974914835016e-03, 3.290300000000000000e+04
9.104354289253640403e-03, 3.226300000000000000e+04
9.112319603592444056e-03, 3.163400000000000000e+04
9.120284917931249444e-03, 3.102900000000000000e+04
9.128250232270054831e-03, 3.046200000000000000e+04
9.136215546608858484e-03, 2.994300000000000000e+04
9.144180860947663872e-03, 2.948500000000000000e+04
9.152146175286467525e-03, 2.909600000000000000e+04
9.160111489625272913e-03, 2.878500000000000000e+04
9.168076803964076565e-03, 2.855800000000000000e+04
9.176042118302881953e-03, 2.842100000000000000e+04
9.184007432641685606e-03, 2.837700000000000000e+04
9.191972746980490994e-03, 2.842500000000000000e+04
9.199938061319294647e-03, 2.856600000000000000e+04
9.207903375658100034e-03, 2.879700000000000000e+04
9.215868689996903687e-03, 2.911200000000000000e+04
9.223834004335709075e-03, 2.950600000000000000e+04
9.231799318674514462e-03, 2.996900000000000000e+04
9.239764633013318115e-03, 3.049200000000000000e+04
9.247729947352123503e-03, 3.106300000000000000e+04
9.255695261690927156e-03, 3.167100000000000000e+04
9.263660576029732543e-03, 3.230300000000000000e+04
9.271625890368536196e-03, 3.294400000000000000e+04
9.279591204707341584e-03, 3.358200000000000000e+04
9.287556519046145237e-03, 3.420200000000000000e+04
9.295521833384950625e-03, 3.479200000000000000e+04
9.303487147723754278e-03, 3.533900000000000000e+04
9.311452462062559665e-03, 3.583100000000000000e+04
9.319417776401363318e-03, 3.625800000000000000e+04
9.327383090740168706e-03, 3.661000000000000000e+04
9.335348405078974093e-03, 3.688000000000000000e+04
9.343313719417777746e-03, 3.706200000000000000e+04
9.351279033756583134e-03, 3.715300000000000000e+04
9.359244348095386787e-03, 3.715100000000000000e+04
9.367209662434192174e-03, 3.705500000000000000e+04
9.375174976772995827e-03, 3.686800000000000000e+04
9.383140291111801215e-03, 3.659400000000000000e+04
9.391105605450604868e-03, 3.623800000000000000e+04
9.399070919789410256e-03, 3.580900000000000000e+04
9.407036234128213908e-03, 3.531500000000000000e+04
9.415001548467019296e-03, 3.476800000000000000e+04
9.422966862805822949e-03, 3.417800000000000000e+04
9.430932177144628337e-03, 3.355800000000000000e+04
9.438897491483433724e-03, 3.292200000000000000e+04
9.446862805822237377e-03, 3.228400000000000000e+04
9.454828120161042765e-03, 3.165700000000000000e+04
9.462793434499846418e-03, 3.105400000000000000e+04
9.470758748838651805e-03, 3.048900000000000000e+04
9.478724063177455458e-03, 2.997400000000000000e+04
9.486689377516260846e-03, 2.951900000000000000e+04
9.494654691855064499e-03, 2.913500000000000000e+04
9.502620006193869887e-03, 2.883000000000000000e+04
9.510585320532673539e-03, 2.861000000000000000e+04
9.518550634871478927e-03, 2.848000000000000000e+04
9.526515949210282580e-03, 2.844300000000000000e+04
9.534481263549087968e-03, 2.850000000000000000e+04
9.542446577887891621e-03, 2.865000000000000000e+04
9.550411892226697008e-03, 2.888800000000000000e+04
9.558377206565502396e-03, 2.921100000000000000e+04
9.566342520904306049e-03, 2.961200000000000000e+04
9.574307835243111436e-03, 3.008100000000000000e+04
9.582273149581915089e-03, 3.061000000000000000e+04
9.590238463920720477e-03, 3.118500000000000000e+04
9.598203778259524130e-03, 3.179600000000000000e+04
9.606169092598329518e-03, 3.242900000000000000e+04
9.614134406937133170e-03, 3.307100000000000000e+04
9.622099721275938558e-03, 3.370800000000000000e+04
9.630065035614742211e-03, 3.432600000000000000e+04
9.638030349953547599e-03, 3.491200000000000000e+04
9.645995664292351252e-03, 3.545400000000000000e+04
9.653960978631156639e-03, 3.593900000000000000e+04
9.661926292969962027e-03, 3.635800000000000000e+04
9.669891607308765680e-03, 3.670000000000000000e+04
9.677856921647571067e-03, 3.696000000000000000e+04
9.685822235986374720e-03, 3.713100000000000000e+04
9.693787550325180108e-03, 3.721000000000000000e+04
9.701752864663983761e-03, 3.719400000000000000e+04
9.709718179002789148e-03, 3.708400000000000000e+04
9.717683493341592801e-03, 3.688300000000000000e+04
9.725648807680398189e-03, 3.659500000000000000e+04
9.733614122019201842e-03, 3.622600000000000000e+04
9.741579436358007230e-03, 3.578300000000000000e+04
9.749544750696810883e-03, 3.527700000000000000e+04
9.757510065035616270e-03, 3.471800000000000000e+04
9.765475379374421658e-03, 3.411800000000000000e+04
9.773440693713225311e-03, 3.349100000000000000e+04
9.781406008052030698e-03, 3.284800000000000000e+04
9.789371322390834351e-03, 3.220500000000000000e+04
9.797336636729639739e-03, 3.157400000000000000e+04
9.805301951068443392e-03, 3.097000000000000000e+04
9.813267265407248779e-03, 3.040300000000000000e+04
9.821232579746052432e-03, 2.988800000000000000e+04
9.829197894084857820e-03, 2.943400000000000000e+04
9.837163208423661473e-03, 2.905100000000000000e+04
9.845128522762466861e-03, 2.874800000000000000e+04
9.853093837101270513e-03, 2.853100000000000000e+04
9.861059151440075901e-03, 2.840500000000000000e+04
9.869024465778881289e-03, 2.837300000000000000e+04
9.876989780117684942e-03, 2.843400000000000000e+04
9.884955094456490329e-03, 2.858900000000000000e+04
9.892920408795293982e-03, 2.883200000000000000e+04
9.900885723134099370e-03, 2.916000000000000000e+04
9.908851037472903023e-03, 2.956500000000000000e+04
9.916816351811708410e-03, 3.003900000000000000e+04
9.924781666150512063e-03, 3.057100000000000000e+04
9.932746980489317451e-03, 3.115000000000000000e+04
9.940712294828121104e-03, 3.176400000000000000e+04
9.948677609166926492e-03, 3.239900000000000000e+04
9.956642923505730144e-03, 3.304200000000000000e+04
9.964608237844535532e-03, 3.367900000000000000e+04
9.972573552183339185e-03, 3.429700000000000000e+04
9.980538866522144573e-03, 3.488100000000000000e+04
9.988504180860949960e-03, 3.541900000000000000e+04
9.996469495199753613e-03, 3.590100000000000000e+04
1.000443480953855900e-02, 3.631400000000000000e+04
1.001240012387736265e-02, 3.665200000000000000e+04
1.002036543821616804e-02, 3.690500000000000000e+04
1.002833075255497169e-02, 3.707000000000000000e+04
1.003629606689377708e-02, 3.714200000000000000e+04
1.004426138123258073e-02, 3.712000000000000000e+04
1.005222669557138612e-02, 3.700400000000000000e+04
1.006019200991018978e-02, 3.679600000000000000e+04
1.006815732424899516e-02, 3.650300000000000000e+04
1.007612263858779882e-02, 3.612800000000000000e+04
1.008408795292660420e-02, 3.568200000000000000e+04
1.009205326726540959e-02, 3.517300000000000000e+04
1.010001858160421324e-02, 3.461200000000000000e+04
1.010798389594301863e-02, 3.401100000000000000e+04
1.011594921028182228e-02, 3.338400000000000000e+04
1.012391452462062767e-02, 3.274300000000000000e+04
1.013187983895943133e-02, 3.210200000000000000e+04
1.013984515329823671e-02, 3.147400000000000000e+04
1.014781046763704037e-02, 3.087400000000000000e+04
1.015577578197584575e-02, 3.031400000000000000e+04
1.016374109631464941e-02, 2.980500000000000000e+04
1.017170641065345479e-02, 2.935900000000000000e+04
1.017967172499225845e-02, 2.898500000000000000e+04
1.018763703933106383e-02, 2.869100000000000000e+04
1.019560235366986922e-02, 2.848300000000000000e+04
1.020356766800867288e-02, 2.836500000000000000e+04
1.021153298234747826e-02, 2.834000000000000000e+04
1.021949829668628192e-02, 2.840900000000000000e+04
1.022746361102508730e-02, 2.857000000000000000e+04
1.023542892536389096e-02, 2.882000000000000000e+04
1.024339423970269634e-02, 2.915300000000000000e+04
1.025135955404150000e-02, 2.956300000000000000e+04
1.025932486838030538e-02, 3.004100000000000000e+04
1.026729018271910904e-02, 3.057600000000000000e+04
1.027525549705791443e-02, 3.115700000000000000e+04
1.028322081139671808e-02, 3.177100000000000000e+04
1.029118612573552347e-02, 3.240600000000000000e+04
1.029915144007432885e-02, 3.304800000000000000e+04
1.030711675441313251e-02, 3.368300000000000000e+04
1.031508206875193789e-02, 3.429700000000000000e+04
1.032304738309074155e-02, 3.487800000000000000e+04
1.033101269742954693e-02, 3.541400000000000000e+04
1.033897801176835059e-02, 3.589100000000000000e+04
1.034694332610715597e-02, 3.630100000000000000e+04
1.035490864044595963e-02, 3.663400000000000000e+04
1.036287395478476502e-02, 3.688400000000000000e+04
1.037083926912356867e-02, 3.704400000000000000e+04
1.037880458346237406e-02, 3.711200000000000000e+04
1.038676989780117771e-02, 3.708600000000000000e+04
1.039473521213998310e-02, 3.696700000000000000e+04
1.040270052647878848e-02, 3.675600000000000000e+04
1.041066584081759214e-02, 3.645900000000000000e+04
1.041863115515639752e-02, 3.608200000000000000e+04
1.042659646949520118e-02, 3.563400000000000000e+04
1.043456178383400657e-02, 3.512400000000000000e+04
1.044252709817281022e-02, 3.456200000000000000e+04
1.045049241251161561e-02, 3.396100000000000000e+04
1.045845772685041926e-02, 3.333400000000000000e+04
1.046642304118922465e-02, 3.269500000000000000e+04
1.047438835552802830e-02, 3.205700000000000000e+04
1.048235366986683369e-02, 3.143400000000000000e+04
1.049031898420563734e-02, 3.083800000000000000e+04
1.049828429854444273e-02, 3.028400000000000000e+04
1.050624961288324638e-02, 2.978200000000000000e+04
1.051421492722205177e-02, 2.934400000000000000e+04
1.052218024156085716e-02, 2.897900000000000000e+04
1.053014555589966081e-02, 2.869500000000000000e+04
1.053811087023846620e-02, 2.849800000000000000e+04
1.054607618457726985e-02, 2.839200000000000000e+04
1.055404149891607524e-02, 2.837900000000000000e+04
1.056200681325487889e-02, 2.846100000000000000e+04
1.056997212759368428e-02, 2.863500000000000000e+04
1.057793744193248793e-02, 2.889700000000000000e+04
1.058590275627129332e-02, 2.924200000000000000e+04
1.059386807061009697e-02, 2.966200000000000000e+04
1.060183338494890236e-02, 3.014900000000000000e+04
1.060979869928770601e-02, 3.069300000000000000e+04
1.061776401362651140e-02, 3.128100000000000000e+04
1.062572932796531679e-02, 3.190000000000000000e+04
1.063369464230412044e-02, 3.253900000000000000e+04
1.064165995664292583e-02, 3.318300000000000000e+04
1.064962527098172948e-02, 3.381900000000000000e+04
1.065759058532053487e-02, 3.443200000000000000e+04
1.066555589965933852e-02, 3.501000000000000000e+04
1.067352121399814391e-02, 3.554100000000000000e+04
1.068148652833694756e-02, 3.601300000000000000e+04
1.068945184267575295e-02, 3.641600000000000000e+04
1.069741715701455660e-02, 3.674000000000000000e+04
1.070538247135336199e-02, 3.698000000000000000e+04
1.071334778569216564e-02, 3.713000000000000000e+04
1.072131310003097103e-02, 3.718700000000000000e+04
1.072927841436977642e-02, 3.715000000000000000e+04
1.073724372870858007e-02, 3.701900000000000000e+04
1.074520904304738546e-02, 3.679700000000000000e+04
1.075317435738618911e-02, 3.649000000000000000e+04
1.076113967172499450e-02, 3.610300000000000000e+04
1.076910498606379815e-02, 3.564500000000000000e+04
1.077707030040260354e-02, 3.512600000000000000e+04
1.078503561474140719e-02, 3.455700000000000000e+04
1.079300092908021258e-02, 3.395000000000000000e+04
1.080096624341901623e-02, 3.331900000000000000e+04
1.080893155775782162e-02, 3.267600000000000000e+04
1.081689687209662527e-02, 3.203600000000000000e+04
1.082486218643543066e-02, 3.141200000000000000e+04
1.083282750077423605e-02, 3.081800000000000000e+04
1.084079281511303970e-02, 3.026700000000000000e+04
1.084875812945184509e-02, 2.976900000000000000e+04
1.085672344379064874e-02, 2.933600000000000000e+04
1.086468875812945413e-02, 2.897700000000000000e+04
1.087265407246825778e-02, 2.869900000000000000e+04
1.088061938680706317e-02, 2.850900000000000000e+04
1.088858470114586682e-02, 2.841000000000000000e+04
1.089655001548467221e-02, 2.840400000000000000e+04
1.090451532982347586e-02, 2.849200000000000000e+04
1.091248064416228125e-02, 2.867000000000000000e+04
1.092044595850108490e-02, 2.893600000000000000e+04
1.092841127283989029e-02, 2.928400000000000000e+04
1.093637658717869394e-02, 2.970600000000000000e+04
1.094434190151749933e-02, 3.019400000000000000e+04
1.095230721585630472e-02, 3.073700000000000000e+04
1.096027253019510837e-02, 3.132300000000000000e+04
1.096823784453391376e-02, 3.194100000000000000e+04
1.097620315887271741e-02, 3.257600000000000000e+04
1.098416847321152280e-02, 3.321600000000000000e+04
1.099213378755032645e-02, 3.384600000000000000e+04
1.100009910188913184e-02, 3.445400000000000000e+04
1.100806441622793549e-02, 3.502500000000000000e+04
1.101602973056674088e-02, 3.554800000000000000e+04
1.102399504490554454e-02, 3.601200000000000000e+04
1.103196035924434992e-02, 3.640700000000000000e+04
1.103992567358315358e-02, 3.672400000000000000e+04
1.104789098792195896e-02, 3.695700000000000000e+04
1.105585630226076435e-02, 3.710000000000000000e+04
1.106382161659956800e-02, 3.715100000000000000e+04
1.107178693093837339e-02, 3.710800000000000000e+04
1.107975224527717704e-02, 3.697300000000000000e+04
1.108771755961598243e-02, 3.674800000000000000e+04
1.109568287395478609e-02, 3.643800000000000000e+04
1.110364818829359147e-02, 3.605100000000000000e+04
1.111161350263239513e-02, 3.559400000000000000e+04
1.111957881697120051e-02, 3.507700000000000000e+04
1.112754413131000417e-02, 3.451200000000000000e+04
1.113550944564880955e-02, 3.391000000000000000e+04
1.114347475998761321e-02, 3.328500000000000000e+04
1.115144007432641859e-02, 3.265000000000000000e+04
1.115940538866522398e-02, 3.201900000000000000e+04
1.116737070300402764e-02, 3.140500000000000000e+04
1.117533601734283302e-02, 3.082200000000000000e+04
1.118330133168163668e-02, 3.028100000000000000e+04
1.119126664602044206e-02, 2.979400000000000000e+04
1.119923196035924572e-02, 2.937300000000000000e+04
1.120719727469805110e-02, 2.902600000000000000e+04
1.121516258903685476e-02, 2.875900000000000000e+04
1.122312790337566014e-02, 2.858000000000000000e+04
1.123109321771446380e-02, 2.849300000000000000e+04
1.123905853205326918e-02, 2.849800000000000000e+04
1.124702384639207284e-02, 2.859700000000000000e+04
1.125498916073087823e-02, 2.878700000000000000e+04
1.126295447506968361e-02, 2.906300000000000000e+04
1.127091978940848727e-02, 2.942100000000000000e+04
1.127888510374729265e-02, 2.985300000000000000e+04
1.128685041808609631e-02, 3.034900000000000000e+04
1.129481573242490169e-02, 3.089900000000000000e+04
1.130278104676370535e-02, 3.149100000000000000e+04
1.131074636110251073e-02, 3.211300000000000000e+04
1.131871167544131439e-02, 3.275100000000000000e+04
1.132667698978011978e-02, 3.339100000000000000e+04
1.133464230411892343e-02, 3.402000000000000000e+04
1.134260761845772882e-02, 3.462500000000000000e+04
1.135057293279653247e-02, 3.519100000000000000e+04
1.135853824713533786e-02, 3.570700000000000000e+04
1.136650356147414151e-02, 3.616200000000000000e+04
1.137446887581294690e-02, 3.654600000000000000e+04
1.138243419015175228e-02, 3.685000000000000000e+04
1.139039950449055594e-02, 3.706900000000000000e+04
1.139836481882936133e-02, 3.719800000000000000e+04
1.140633013316816498e-02, 3.723300000000000000e+04
1.141429544750697037e-02, 3.717400000000000000e+04
1.142226076184577402e-02, 3.702200000000000000e+04
1.143022607618457941e-02, 3.678000000000000000e+04
1.143819139052338306e-02, 3.645300000000000000e+04
1.144615670486218845e-02, 3.604900000000000000e+04
1.145412201920099210e-02, 3.557600000000000000e+04
1.146208733353979749e-02, 3.504400000000000000e+04
1.147005264787860114e-02, 3.446400000000000000e+04
1.147801796221740653e-02, 3.384900000000000000e+04
1.148598327655621192e-02, 3.321200000000000000e+04
1.149394859089501557e-02, 3.256600000000000000e+04
1.150191390523382096e-02, 3.192500000000000000e+04
1.150987921957262461e-02, 3.130300000000000000e+04
1.151784453391143000e-02, 3.071200000000000000e+04
1.152580984825023365e-02, 3.016600000000000000e+04
1.153377516258903904e-02, 2.967500000000000000e+04
1.154174047692784269e-02, 2.925200000000000000e+04
1.154970579126664808e-02, 2.890300000000000000e+04
1.155767110560545173e-02, 2.863800000000000000e+04
1.156563641994425712e-02, 2.846100000000000000e+04
1.157360173428306077e-02, 2.837600000000000000e+04
1.158156704862186616e-02, 2.838600000000000000e+04
1.158953236296067155e-02, 2.848900000000000000e+04
1.159749767729947520e-02, 2.868400000000000000e+04
1.160546299163828059e-02, 2.896700000000000000e+04
1.161342830597708424e-02, 2.933000000000000000e+04
1.162139362031588963e-02, 2.976800000000000000e+04
1.162935893465469328e-02, 3.027000000000000000e+04
1.163732424899349867e-02, 3.082500000000000000e+04
1.164528956333230232e-02, 3.142200000000000000e+04
1.165325487767110771e-02, 3.204700000000000000e+04
1.166122019200991136e-02, 3.268800000000000000e+04
1.166918550634871675e-02, 3.333000000000000000e+04
1.167715082068752040e-02, 3.395900000000000000e+04
1.168511613502632579e-02, 3.456300000000000000e+04
1.169308144936513118e-02, 3.512700000000000000e+04
1.170104676370393483e-02, 3.564100000000000000e+04
1.170901207804274022e-02, 3.609300000000000000e+04
1.171697739238154387e-02, 3.647300000000000000e+04
1.172494270672034926e-02, 3.677300000000000000e+04
1.173290802105915291e-02, 3.698800000000000000e+04
1.174087333539795830e-02, 3.711100000000000000e+04
1.174883864973676195e-02, 3.714100000000000000e+04
1.175680396407556734e-02, 3.707700000000000000e+04
1.176476927841437099e-02, 3.692100000000000000e+04
1.177273459275317638e-02, 3.667400000000000000e+04
1.178069990709198003e-02, 3.634400000000000000e+04
1.178866522143078542e-02, 3.593700000000000000e+04
1.179663053576959081e-02, 3.546200000000000000e+04
1.180459585010839446e-02, 3.492900000000000000e+04
1.181256116444719985e-02, 3.434800000000000000e+04
1.182052647878600350e-02, 3.373400000000000000e+04
1.182849179312480889e-02, 3.309800000000000000e+04
1.183645710746361254e-02, 3.245500000000000000e+04
1.184442242180241793e-02, 3.181800000000000000e+04
1.185238773614122158e-02, 3.120200000000000000e+04
1.186035305048002697e-02, 3.061800000000000000e+04
1.186831836481883062e-02, 3.007900000000000000e+04
1.187628367915763601e-02, 2.959800000000000000e+04
1.188424899349643966e-02, 2.918400000000000000e+04
1.189221430783524505e-02, 2.884700000000000000e+04
1.190017962217404870e-02, 2.859200000000000000e+04
1.190814493651285409e-02, 2.842600000000000000e+04
1.191611025085165948e-02, 2.835300000000000000e+04
1.192407556519046313e-02, 2.837400000000000000e+04
1.193204087952926852e-02, 2.848800000000000000e+04
1.194000619386807217e-02, 2.869300000000000000e+04
1.194797150820687756e-02, 2.898600000000000000e+04
1.195593682254568121e-02, 2.935800000000000000e+04
1.196390213688448660e-02, 2.980400000000000000e+04
1.197186745122329025e-02, 3.031200000000000000e+04
1.197983276556209564e-02, 3.087300000000000000e+04
1.198779807990089930e-02, 3.147400000000000000e+04
1.199576339423970468e-02, 3.210300000000000000e+04
1.200372870857850834e-02, 3.274600000000000000e+04
1.201169402291731372e-02, 3.339000000000000000e+04
1.201965933725611911e-02, 3.402100000000000000e+04
1.202762465159492276e-02, 3.462400000000000000e+04
1.203558996593372815e-02, 3.518800000000000000e+04
1.204355528027253180e-02, 3.570100000000000000e+04
1.205152059461133719e-02, 3.615000000000000000e+04
1.205948590895014085e-02, 3.652700000000000000e+04
1.206745122328894623e-02, 3.682400000000000000e+04
1.207541653762774989e-02, 3.703400000000000000e+04
1.208338185196655527e-02, 3.715200000000000000e+04
1.209134716630535893e-02, 3.717700000000000000e+04
1.209931248064416431e-02, 3.710700000000000000e+04
1.210727779498296797e-02, 3.694500000000000000e+04
1.211524310932177335e-02, 3.669300000000000000e+04
1.212320842366057874e-02, 3.635700000000000000e+04
1.213117373799938239e-02, 3.594500000000000000e+04
1.213913905233818778e-02, 3.546500000000000000e+04
1.214710436667699144e-02, 3.492800000000000000e+04
1.215506968101579682e-02, 3.434400000000000000e+04
1.216303499535460048e-02, 3.372700000000000000e+04
1.217100030969340586e-02, 3.309100000000000000e+04
1.217896562403220952e-02, 3.244800000000000000e+04
1.218693093837101490e-02, 3.181200000000000000e+04
1.219489625270981856e-02, 3.119800000000000000e+04
1.220286156704862394e-02, 3.061800000000000000e+04
1.221082688138742760e-02, 3.008400000000000000e+04
1.221879219572623299e-02, 2.960800000000000000e+04
1.222675751006503837e-02, 2.920100000000000000e+04
1.223472282440384203e-02, 2.886900000000000000e+04
1.224268813874264741e-02, 2.862200000000000000e+04
1.225065345308145107e-02, 2.846300000000000000e+04
1.225861876742025645e-02, 2.839800000000000000e+04
1.226658408175906011e-02, 2.842600000000000000e+04
1.227454939609786549e-02, 2.854700000000000000e+04
1.228251471043666915e-02, 2.875900000000000000e+04
1.229048002477547454e-02, 2.905800000000000000e+04
1.229844533911427819e-02, 2.943600000000000000e+04
1.230641065345308358e-02, 2.988500000000000000e+04
1.231437596779188723e-02, 3.039700000000000000e+04
1.232234128213069262e-02, 3.095900000000000000e+04
1.233030659646949627e-02, 3.155900000000000000e+04
1.233827191080830166e-02, 3.218600000000000000e+04
1.234623722514710704e-02, 3.282500000000000000e+04
1.235420253948591070e-02, 3.346300000000000000e+04
1.236216785382471609e-02, 3.408600000000000000e+04
1.237013316816351974e-02, 3.468100000000000000e+04
1.237809848250232513e-02, 3.523400000000000000e+04
1.238606379684112878e-02, 3.573500000000000000e+04
1.239402911117993417e-02, 3.617300000000000000e+04
1.240199442551873782e-02, 3.653700000000000000e+04
1.240995973985754321e-02, 3.682000000000000000e+04
1.241792505419634686e-02, 3.701700000000000000e+04
1.242589036853515225e-02, 3.712200000000000000e+04
1.243385568287395590e-02, 3.713400000000000000e+04
1.244182099721276129e-02, 3.705200000000000000e+04
1.244978631155156668e-02, 3.687800000000000000e+04
1.245775162589037033e-02, 3.661600000000000000e+04
1.246571694022917572e-02, 3.627100000000000000e+04
1.247368225456797937e-02, 3.585000000000000000e+04
1.248164756890678476e-02, 3.536300000000000000e+04
1.248961288324558841e-02, 3.482000000000000000e+04
1.249757819758439380e-02, 3.423300000000000000e+04
1.250554351192319745e-02, 3.361500000000000000e+04
1.251350882626200284e-02, 3.297800000000000000e+04
1.252147414060080649e-02, 3.233700000000000000e+04
1.252943945493961188e-02, 3.170500000000000000e+04
1.253740476927841553e-02, 3.109500000000000000e+04
1.254537008361722092e-02, 3.052100000000000000e+04
1.255333539795602631e-02, 2.999400000000000000e+04
1.256130071229482996e-02, 2.952600000000000000e+04
1.256926602663363535e-02, 2.912600000000000000e+04
1.257723134097243900e-02, 2.880300000000000000e+04
1.258519665531124439e-02, 2.856400000000000000e+04
1.259316196965004804e-02, 2.841300000000000000e+04
1.260112728398885343e-02, 2.835400000000000000e+04
1.260909259832765708e-02, 2.838900000000000000e+04
1.261705791266646247e-02, 2.851700000000000000e+04
1.262502322700526612e-02, 2.873500000000000000e+04
1.263298854134407151e-02, 2.903800000000000000e+04
1.264095385568287516e-02, 2.942000000000000000e+04
1.264891917002168055e-02, 2.987400000000000000e+04
1.265688448436048594e-02, 3.038900000000000000e+04
1.266484979869928959e-02, 3.095500000000000000e+04
1.267281511303809498e-02, 3.155900000000000000e+04
1.268078042737689863e-02, 3.218800000000000000e+04
1.268874574171570402e-02, 3.283000000000000000e+04
1.269671105605450767e-02, 3.347000000000000000e+04
1.270467637039331306e-02, 3.409500000000000000e+04
1.271264168473211671e-02, 3.469100000000000000e+04
1.272060699907092210e-02, 3.524700000000000000e+04
1.272857231340972575e-02, 3.574900000000000000e+04
1.273653762774853114e-02, 3.618700000000000000e+04
1.274450294208733479e-02, 3.655100000000000000e+04
1.275246825642614018e-02, 3.683500000000000000e+04
1.276043357076494383e-02, 3.703100000000000000e+04
1.276839888510374922e-02, 3.713600000000000000e+04
1.277636419944255461e-02, 3.714700000000000000e+04
1.278432951378135826e-02, 3.706300000000000000e+04
1.279229482812016365e-02, 3.688800000000000000e+04
1.280026014245896730e-02, 3.662400000000000000e+04
1.280822545679777269e-02, 3.627700000000000000e+04
1.281619077113657634e-02, 3.585500000000000000e+04
1.282415608547538173e-02, 3.536800000000000000e+04
1.283212139981418538e-02, 3.482500000000000000e+04
1.284008671415299077e-02, 3.423800000000000000e+04
1.284805202849179442e-02, 3.362100000000000000e+04
1.285601734283059981e-02, 3.298700000000000000e+04
1.286398265716940346e-02, 3.234900000000000000e+04
1.287194797150820885e-02, 3.172000000000000000e+04
1.287991328584701424e-02, 3.111500000000000000e+04
1.288787860018581789e-02, 3.054500000000000000e+04
1.289584391452462328e-02, 3.002400000000000000e+04
1.290380922886342693e-02, 2.956200000000000000e+04
1.291177454320223232e-02, 2.916900000000000000e+04
1.291973985754103597e-02, 2.885400000000000000e+04
1.292770517187984136e-02, 2.862300000000000000e+04
1.293567048621864501e-02, 2.848200000000000000e+04
1.294363580055745040e-02, 2.843400000000000000e+04
1.295160111489625406e-02, 2.847900000000000000e+04
1.295956642923505944e-02, 2.861700000000000000e+04
1.296753174357386310e-02, 2.884500000000000000e+04
1.297549705791266848e-02, 2.915700000000000000e+04
1.298346237225147387e-02, 2.954800000000000000e+04
1.299142768659027752e-02, 3.000900000000000000e+04
1.299939300092908291e-02, 3.053100000000000000e+04
1.300735831526788656e-02, 3.110100000000000000e+04
1.301532362960669195e-02, 3.170900000000000000e+04
1.302328894394549560e-02, 3.234000000000000000e+04
1.303125425828430099e-02, 3.298300000000000000e+04
1.303921957262310465e-02, 3.362200000000000000e+04
1.304718488696191003e-02, 3.424500000000000000e+04
1.305515020130071369e-02, 3.483700000000000000e+04
1.306311551563951907e-02, 3.538700000000000000e+04
1.307108082997832273e-02, 3.588200000000000000e+04
1.307904614431712811e-02, 3.631200000000000000e+04
1.308701145865593350e-02, 3.666700000000000000e+04
1.309497677299473715e-02, 3.693900000000000000e+04
1.310294208733354254e-02, 3.712400000000000000e+04
1.311090740167234620e-02, 3.721700000000000000e+04
1.311887271601115158e-02, 3.721600000000000000e+04
1.312683803034995524e-02, 3.712100000000000000e+04
1.313480334468876062e-02, 3.693300000000000000e+04
1.314276865902756428e-02, 3.665800000000000000e+04
1.315073397336636966e-02, 3.630000000000000000e+04
1.315869928770517332e-02, 3.586800000000000000e+04
1.316666460204397870e-02, 3.537100000000000000e+04
1.317462991638278236e-02, 3.481900000000000000e+04
1.318259523072158775e-02, 3.422400000000000000e+04
1.319056054506039313e-02, 3.359900000000000000e+04
1.319852585939919679e-02, 3.295800000000000000e+04
1.320649117373800217e-02, 3.231400000000000000e+04
1.321445648807680583e-02, 3.168100000000000000e+04
1.322242180241561121e-02, 3.107200000000000000e+04
1.323038711675441487e-02, 3.050100000000000000e+04
1.323835243109322025e-02, 2.997900000000000000e+04
1.324631774543202391e-02, 2.951700000000000000e+04
1.325428305977082930e-02, 2.912700000000000000e+04
1.326224837410963295e-02, 2.881400000000000000e+04
1.327021368844843834e-02, 2.858700000000000000e+04
1.327817900278724199e-02, 2.845100000000000000e+04
1.328614431712604738e-02, 2.840700000000000000e+04
1.329410963146485103e-02, 2.845800000000000000e+04
1.330207494580365642e-02, 2.860100000000000000e+04
1.331004026014246180e-02, 2.883500000000000000e+04
1.331800557448126546e-02, 2.915300000000000000e+04
1.332597088882007084e-02, 2.954900000000000000e+04
1.333393620315887450e-02, 3.001500000000000000e+04
1.334190151749767989e-02, 3.054000000000000000e+04
1.334986683183648354e-02, 3.111400000000000000e+04
1.335783214617528893e-02, 3.172500000000000000e+04
1.336579746051409258e-02, 3.235800000000000000e+04
1.337376277485289797e-02, 3.300100000000000000e+04
1.338172808919170162e-02, 3.364000000000000000e+04
1.338969340353050701e-02, 3.426100000000000000e+04
1.339765871786931066e-02, 3.485100000000000000e+04
1.340562403220811605e-02, 3.539700000000000000e+04
1.341358934654692144e-02, 3.588700000000000000e+04
1.342155466088572509e-02, 3.631000000000000000e+04
1.342951997522453048e-02, 3.665900000000000000e+04
1.343748528956333413e-02, 3.692400000000000000e+04
1.344545060390213952e-02, 3.710200000000000000e+04
1.345341591824094317e-02, 3.718600000000000000e+04
1.346138123257974856e-02, 3.717700000000000000e+04
1.346934654691855221e-02, 3.707400000000000000e+04
1.347731186125735760e-02, 3.687900000000000000e+04
1.348527717559616125e-02, 3.659600000000000000e+04
1.349324248993496664e-02, 3.623200000000000000e+04
1.350120780427377029e-02, 3.579500000000000000e+04
1.350917311861257568e-02, 3.529300000000000000e+04
1.351713843295138107e-02, 3.473700000000000000e+04
1.352510374729018472e-02, 3.414000000000000000e+04
1.353306906162899011e-02, 3.351400000000000000e+04
1.354103437596779376e-02, 3.287300000000000000e+04
1.354899969030659915e-02, 3.222900000000000000e+04
1.355696500464540280e-02, 3.159800000000000000e+04
1.356493031898420819e-02, 3.099100000000000000e+04
1.357289563332301184e-02, 3.042200000000000000e+04
1.358086094766181723e-02, 2.990300000000000000e+04
1.358882626200062088e-02, 2.944600000000000000e+04
1.359679157633942627e-02, 2.905900000000000000e+04
1.360475689067822992e-02, 2.875200000000000000e+04
1.361272220501703531e-02, 2.853000000000000000e+04
1.362068751935584070e-02, 2.839900000000000000e+04
1.362865283369464435e-02, 2.836200000000000000e+04
1.363661814803344974e-02, 2.841900000000000000e+04
1.364458346237225339e-02, 2.856800000000000000e+04
1.365254877671105878e-02, 2.880800000000000000e+04
1.366051409104986243e-02, 2.913200000000000000e+04
1.366847940538866782e-02, 2.953300000000000000e+04
1.367644471972747147e-02, 3.000400000000000000e+04
1.368441003406627686e-02, 3.053400000000000000e+04
1.369237534840508051e-02, 3.111200000000000000e+04
1.370034066274388590e-02, 3.172400000000000000e+04
1.370830597708268955e-02, 3.235900000000000000e+04
1.371627129142149494e-02, 3.300300000000000000e+04
1.372423660576029859e-02, 3.364200000000000000e+04
1.373220192009910398e-02, 3.426200000000000000e+04
1.374016723443790937e-02, 3.485000000000000000e+04
1.374813254877671302e-02, 3.539300000000000000e+04
1.375609786311551841e-02, 3.588100000000000000e+04
1.376406317745432206e-02, 3.630200000000000000e+04
1.377202849179312745e-02, 3.664800000000000000e+04
1.377999380613193110e-02, 3.691000000000000000e+04
1.378795912047073649e-02, 3.708400000000000000e+04
1.379592443480954014e-02, 3.716600000000000000e+04
1.380388974914834553e-02, 3.715300000000000000e+04
1.381185506348714918e-02, 3.704700000000000000e+04
1.381982037782595457e-02, 3.684900000000000000e+04
1.382778569216475822e-02, 3.656300000000000000e+04
1.383575100650356361e-02, 3.619700000000000000e+04
1.384371632084236900e-02, 3.575800000000000000e+04
1.385168163518117265e-02, 3.525400000000000000e+04
1.385964694951997804e-02, 3.469800000000000000e+04
1.386761226385878169e-02, 3.410100000000000000e+04
1.387557757819758708e-02, 3.347600000000000000e+04
1.388354289253639073e-02, 3.283600000000000000e+04
1.389150820687519612e-02, 3.219400000000000000e+04
1.389947352121399977e-02, 3.156600000000000000e+04
1.390743883555280516e-02, 3.096400000000000000e+04
1.391540414989160881e-02, 3.040000000000000000e+04
1.392336946423041420e-02, 2.988800000000000000e+04
1.393133477856921786e-02, 2.943700000000000000e+04
1.393930009290802324e-02, 2.905900000000000000e+04
1.394726540724682863e-02, 2.876000000000000000e+04
1.395523072158563228e-02, 2.854700000000000000e+04
1.396319603592443767e-02, 2.842500000000000000e+04
1.397116135026324132e-02, 2.839700000000000000e+04
1.397912666460204671e-02, 2.846300000000000000e+04
1.398709197894085036e-02, 2.862100000000000000e+04
1.399505729327965575e-02, 2.886800000000000000e+04
1.400302260761845941e-02, 2.919900000000000000e+04
1.401098792195726479e-02, 2.960800000000000000e+04
1.401895323629606845e-02, 3.008400000000000000e+04
1.402691855063487383e-02, 3.061800000000000000e+04
1.403488386497367749e-02, 3.119900000000000000e+04
1.404284917931248287e-02, 3.181400000000000000e+04
1.405081449365128826e-02, 3.244900000000000000e+04
1.405877980799009191e-02, 3.309300000000000000e+04
1.406674512232889730e-02, 3.373000000000000000e+04
1.407471043666770096e-02, 3.434700000000000000e+04
1.408267575100650634e-02, 3.493100000000000000e+04
1.409064106534531000e-02, 3.546900000000000000e+04
1.409860637968411538e-02, 3.595000000000000000e+04
1.410657169402291904e-02, 3.636400000000000000e+04
1.411453700836172442e-02, 3.670000000000000000e+04
1.412250232270052808e-02, 3.695400000000000000e+04
1.413046763703933346e-02, 3.711800000000000000e+04
1.413843295137813712e-02, 3.718900000000000000e+04
1.414639826571694251e-02, 3.716600000000000000e+04
1.415436358005574616e-02, 3.705000000000000000e+04
1.416232889439455155e-02, 3.684100000000000000e+04
1.417029420873335693e-02, 3.654700000000000000e+04
1.417825952307216059e-02, 3.617200000000000000e+04
1.418622483741096597e-02, 3.572600000000000000e+04
1.419419015174976963e-02, 3.521700000000000000e+04
1.420215546608857501e-02, 3.465700000000000000e+04
1.421012078042737867e-02, 3.405800000000000000e+04
1.421808609476618405e-02, 3.343300000000000000e+04
1.422605140910498771e-02, 3.279500000000000000e+04
1.423401672344379310e-02, 3.215700000000000000e+04
1.424198203778259675e-02, 3.153400000000000000e+04
1.424994735212140214e-02, 3.093800000000000000e+04
1.425791266646020579e-02, 3.038300000000000000e+04
1.426587798079901118e-02, 2.988000000000000000e+04
1.427384329513781656e-02, 2.944000000000000000e+04
1.428180860947662022e-02, 2.907200000000000000e+04
1.428977392381542560e-02, 2.878400000000000000e+04
1.429773923815422926e-02, 2.858300000000000000e+04
1.430570455249303465e-02, 2.847200000000000000e+04
1.431366986683183830e-02, 2.845400000000000000e+04
1.432163518117064369e-02, 2.853100000000000000e+04
1.432960049550944734e-02, 2.869900000000000000e+04
1.433756580984825273e-02, 2.895500000000000000e+04
1.434553112418705638e-02, 2.929400000000000000e+04
1.435349643852586177e-02, 2.970900000000000000e+04
1.436146175286466542e-02, 3.019100000000000000e+04
1.436942706720347081e-02, 3.073000000000000000e+04
1.437739238154227620e-02, 3.131400000000000000e+04
1.438535769588107985e-02, 3.193100000000000000e+04
1.439332301021988524e-02, 3.256700000000000000e+04
1.440128832455868889e-02, 3.321000000000000000e+04
1.440925363889749428e-02, 3.384400000000000000e+04
1.441721895323629793e-02, 3.445800000000000000e+04
1.442518426757510332e-02, 3.503600000000000000e+04
1.443314958191390697e-02, 3.556800000000000000e+04
1.444111489625271236e-02, 3.604200000000000000e+04
1.444908021059151601e-02, 3.644800000000000000e+04
1.445704552493032140e-02, 3.677700000000000000e+04
1.446501083926912505e-02, 3.702300000000000000e+04
1.447297615360793044e-02, 3.717900000000000000e+04
1.448094146794673583e-02, 3.724300000000000000e+04
1.448890678228553948e-02, 3.721300000000000000e+04
1.449687209662434487e-02, 3.708900000000000000e+04
1.450483741096314852e-02, 3.687400000000000000e+04
1.451280272530195391e-02, 3.657300000000000000e+04
1.452076803964075756e-02, 3.619300000000000000e+04
1.452873335397956295e-02, 3.574100000000000000e+04
1.453669866831836660e-02, 3.522600000000000000e+04
1.454466398265717199e-02, 3.466100000000000000e+04
1.455262929699597564e-02, 3.405700000000000000e+04
1.456059461133478103e-02, 3.342700000000000000e+04
1.456855992567358468e-02, 3.278500000000000000e+04
1.457652524001239007e-02, 3.214400000000000000e+04
1.458449055435119546e-02, 3.151700000000000000e+04
1.459245586868999911e-02, 3.091900000000000000e+04
1.460042118302880450e-02, 3.036100000000000000e+04
1.460838649736760815e-02, 2.985600000000000000e+04
1.461635181170641354e-02, 2.941400000000000000e+04
1.462431712604521719e-02, 2.904500000000000000e+04
1.463228244038402258e-02, 2.875700000000000000e+04
1.464024775472282623e-02, 2.855600000000000000e+04
1.464821306906163162e-02, 2.844700000000000000e+04
1.465617838340043527e-02, 2.843100000000000000e+04
1.466414369773924066e-02, 2.850900000000000000e+04
1.467210901207804431e-02, 2.867900000000000000e+04
1.468007432641684970e-02, 2.893700000000000000e+04
1.468803964075565335e-02, 2.927900000000000000e+04
1.469600495509445874e-02, 2.969600000000000000e+04
1.470397026943326413e-02, 3.018000000000000000e+04
1.471193558377206778e-02, 3.072100000000000000e+04
1.471990089811087317e-02, 3.130600000000000000e+04
1.472786621244967682e-02, 3.192300000000000000e+04
1.473583152678848221e-02, 3.255900000000000000e+04
1.474379684112728586e-02, 3.320100000000000000e+04
1.475176215546609125e-02, 3.383300000000000000e+04
1.475972746980489490e-02, 3.444400000000000000e+04
1.476769278414370029e-02, 3.501800000000000000e+04
1.477565809848250394e-02, 3.554500000000000000e+04
1.478362341282130933e-02, 3.601200000000000000e+04
1.479158872716011298e-02, 3.641000000000000000e+04
1.479955404149891837e-02, 3.673000000000000000e+04
1.480751935583772376e-02, 3.696600000000000000e+04
1.481548467017652741e-02, 3.711200000000000000e+04
1.482344998451533280e-02, 3.716400000000000000e+04
1.483141529885413645e-02, 3.712300000000000000e+04
1.483938061319294184e-02, 3.698800000000000000e+04
1.484734592753174549e-02, 3.676300000000000000e+04
1.485531124187055088e-02, 3.645200000000000000e+04
1.486327655620935453e-02, 3.606200000000000000e+04
1.487124187054815992e-02, 3.560200000000000000e+04
1.487920718488696357e-02, 3.508200000000000000e+04
1.488717249922576896e-02, 3.451100000000000000e+04
1.489513781356457262e-02, 3.390300000000000000e+04
1.490310312790337800e-02, 3.327100000000000000e+04
1.491106844224218339e-02, 3.262800000000000000e+04
1.491903375658098704e-02, 3.198800000000000000e+04
1.492699907091979243e-02, 3.136400000000000000e+04
1.493496438525859608e-02, 3.076900000000000000e+04
1.494292969959740147e-02, 3.021700000000000000e+04
1.495089501393620512e-02, 2.972000000000000000e+04
1.495886032827501051e-02, 2.928700000000000000e+04
1.496682564261381417e-02, 2.892800000000000000e+04
1.497479095695261955e-02, 2.865100000000000000e+04
1.498275627129142321e-02, 2.846100000000000000e+04
1.499072158563022859e-02, 2.836300000000000000e+04
1.499868689996903225e-02, 2.836000000000000000e+04
1.500665221430783763e-02, 2.845000000000000000e+04
1.501461752864664302e-02, 2.863200000000000000e+04
1.502258284298544667e-02, 2.890200000000000000e+04
1.503054815732425206e-02, 2.925500000000000000e+04
1.503851347166305572e-02, 2.968200000000000000e+04
1.504647878600186110e-02, 3.017600000000000000e+04
1.505444410034066476e-02, 3.072400000000000000e+04
1.506240941467947014e-02, 3.131600000000000000e+04
1.507037472901827380e-02, 3.193900000000000000e+04
1.507834004335707918e-02, 3.257900000000000000e+04
1.508630535769588284e-02, 3.322200000000000000e+04
1.509427067203468822e-02, 3.385500000000000000e+04
1.510223598637349188e-02, 3.446400000000000000e+04
1.511020130071229726e-02, 3.503700000000000000e+04
1.511816661505110092e-02, 3.556000000000000000e+04
1.512613192938990631e-02, 3.602200000000000000e+04
1.513409724372871169e-02, 3.641500000000000000e+04
1.514206255806751535e-02, 3.672900000000000000e+04
1.515002787240632073e-02, 3.695700000000000000e+04
1.515799318674512439e-02, 3.709500000000000000e+04
1.516595850108392977e-02, 3.714100000000000000e+04
1.517392381542273343e-02, 3.709200000000000000e+04
1.518188912976153881e-02, 3.694900000000000000e+04
1.518985444410034247e-02, 3.671700000000000000e+04
1.519781975843914786e-02, 3.640000000000000000e+04
1.520578507277795151e-02, 3.600500000000000000e+04
1.521375038711675690e-02, 3.554000000000000000e+04
1.522171570145556055e-02, 3.501500000000000000e+04
1.522968101579436594e-02, 3.444100000000000000e+04
1.523764633013317132e-02, 3.383100000000000000e+04
1.524561164447197498e-02, 3.319800000000000000e+04
1.525357695881078036e-02, 3.255500000000000000e+04
1.526154227314958402e-02, 3.191600000000000000e+04
1.526950758748838941e-02, 3.129600000000000000e+04
1.527747290182719306e-02, 3.070600000000000000e+04
1.528543821616599845e-02, 3.015900000000000000e+04
1.529340353050480210e-02, 2.966800000000000000e+04
1.530136884484360749e-02, 2.924300000000000000e+04
1.530933415918241114e-02, 2.889300000000000000e+04
1.531729947352121653e-02, 2.862500000000000000e+04
1.532526478786002018e-02, 2.844500000000000000e+04
1.533323010219882557e-02, 2.835700000000000000e+04
1.534119541653763096e-02, 2.836200000000000000e+04
1.534916073087643461e-02, 2.846000000000000000e+04
1.535712604521524000e-02, 2.865000000000000000e+04
1.536509135955404365e-02, 2.892600000000000000e+04
1.537305667389284904e-02, 2.928400000000000000e+04
1.538102198823165269e-02, 2.971500000000000000e+04
1.538898730257045808e-02, 3.021000000000000000e+04
1.539695261690926173e-02, 3.075900000000000000e+04
1.540491793124806712e-02, 3.135100000000000000e+04
1.541288324558687077e-02, 3.197200000000000000e+04
1.542084855992567616e-02, 3.261000000000000000e+04
1.542881387426447981e-02, 3.325100000000000000e+04
1.543677918860328520e-02, 3.388100000000000000e+04
1.544474450294209059e-02, 3.448700000000000000e+04
1.545270981728089424e-02, 3.505500000000000000e+04
1.546067513161969963e-02, 3.557400000000000000e+04
1.546864044595850328e-02, 3.603200000000000000e+04
1.547660576029730867e-02, 3.641900000000000000e+04
1.548457107463611232e-02, 3.672700000000000000e+04
1.549253638897491771e-02, 3.695000000000000000e+04
1.550050170331372136e-02, 3.708200000000000000e+04
1.550846701765252675e-02, 3.712100000000000000e+04
1.551643233199133040e-02, 3.706700000000000000e+04
1.552439764633013579e-02, 3.691900000000000000e+04
1.553236296066893944e-02, 3.668200000000000000e+04
1.554032827500774483e-02, 3.636100000000000000e+04
1.554829358934654848e-02, 3.596300000000000000e+04
1.555625890368535387e-02, 3.549600000000000000e+04
1.556422421802415926e-02, 3.497100000000000000e+04
1.557218953236296291e-02, 3.439900000000000000e+04
1.558015484670176830e-02, 3.379200000000000000e+04
1.558812016104057195e-02, 3.316400000000000000e+04
1.559608547537937734e-02, 3.252700000000000000e+04
1.560405078971818099e-02, 3.189500000000000000e+04
1.561201610405698638e-02, 3.128300000000000000e+04
1.561998141839579003e-02, 3.070200000000000000e+04
1.562794673273459542e-02, 3.016600000000000000e+04
1.563591204707339907e-02, 2.968600000000000000e+04
1.564387736141220273e-02, 2.927100000000000000e+04
1.565184267575100985e-02, 2.893200000000000000e+04
1.565980799008981350e-02, 2.867500000000000000e+04
1.566777330442861715e-02, 2.850600000000000000e+04
1.567573861876742428e-02, 2.842900000000000000e+04
1.568370393310622793e-02, 2.844500000000000000e+04
1.569166924744503158e-02, 2.855400000000000000e+04
1.569963456178383523e-02, 2.875400000000000000e+04
1.570759987612264236e-02, 2.904100000000000000e+04
1.571556519046144601e-02, 2.940800000000000000e+04
1.572353050480024966e-02, 2.984800000000000000e+04
1.573149581913905332e-02, 3.035100000000000000e+04
1.573946113347786044e-02, 3.090600000000000000e+04
1.574742644781666409e-02, 3.150100000000000000e+04
1.575539176215546774e-02, 3.212500000000000000e+04
1.576335707649427487e-02, 3.276200000000000000e+04
1.577132239083307852e-02, 3.340100000000000000e+04
1.577928770517188217e-02, 3.402600000000000000e+04
1.578725301951068583e-02, 3.462500000000000000e+04
1.579521833384949295e-02, 3.518500000000000000e+04
1.580318364818829660e-02, 3.569400000000000000e+04
1.581114896252710025e-02, 3.614100000000000000e+04
1.581911427686590391e-02, 3.651600000000000000e+04
1.582707959120471103e-02, 3.681100000000000000e+04
1.583504490554351468e-02, 3.702000000000000000e+04
1.584301021988231833e-02, 3.713900000000000000e+04
1.585097553422112199e-02, 3.716500000000000000e+04
1.585894084855992911e-02, 3.709600000000000000e+04
1.586690616289873276e-02, 3.693500000000000000e+04
1.587487147723753642e-02, 3.668500000000000000e+04
1.588283679157634354e-02, 3.635100000000000000e+04
1.589080210591514719e-02, 3.594100000000000000e+04
1.589876742025395084e-02, 3.546200000000000000e+04
1.590673273459275450e-02, 3.492600000000000000e+04
1.591469804893156162e-02, 3.434400000000000000e+04
1.592266336327036527e-02, 3.372900000000000000e+04
1.593062867760916893e-02, 3.309300000000000000e+04
1.593859399194797258e-02, 3.245100000000000000e+04
1.594655930628677970e-02, 3.181500000000000000e+04
1.595452462062558335e-02, 3.120100000000000000e+04
1.596248993496438701e-02, 3.061900000000000000e+04
1.597045524930319066e-02, 3.008300000000000000e+04
1.597842056364199778e-02, 2.960500000000000000e+04
1.598638587798080143e-02, 2.919400000000000000e+04
1.599435119231960509e-02, 2.885900000000000000e+04
1.600231650665841221e-02, 2.860800000000000000e+04
1.601028182099721586e-02, 2.844500000000000000e+04
1.601824713533601952e-02, 2.837400000000000000e+04
1.602621244967482317e-02, 2.839800000000000000e+04
1.603417776401363029e-02, 2.851400000000000000e+04
1.604214307835243394e-02, 2.872200000000000000e+04
1.605010839269123760e-02, 2.901600000000000000e+04
1.605807370703004125e-02, 2.939100000000000000e+04
1.606603902136884837e-02, 2.983700000000000000e+04
1.607400433570765202e-02, 3.034700000000000000e+04
1.608196965004645568e-02, 3.090900000000000000e+04
1.608993496438526280e-02, 3.151100000000000000e+04
1.609790027872406645e-02, 3.214000000000000000e+04
1.610586559306287011e-02, 3.278200000000000000e+04
1.611383090740167376e-02, 3.342500000000000000e+04
1.612179622174048088e-02, 3.405400000000000000e+04
1.612976153607928453e-02, 3.465500000000000000e+04
1.613772685041808819e-02, 3.521500000000000000e+04
1.614569216475689184e-02, 3.572400000000000000e+04
1.615365747909569896e-02, 3.616900000000000000e+04
1.616162279343450262e-02, 3.654200000000000000e+04
1.616958810777330627e-02, 3.683400000000000000e+04
1.617755342211210992e-02, 3.703900000000000000e+04
1.618551873645091704e-02, 3.715300000000000000e+04
1.619348405078972070e-02, 3.717400000000000000e+04
1.620144936512852435e-02, 3.710000000000000000e+04
1.620941467946733147e-02, 3.693400000000000000e+04
1.621737999380613512e-02, 3.667800000000000000e+04
1.622534530814493878e-02, 3.633900000000000000e+04
1.623331062248374243e-02, 3.592400000000000000e+04
1.624127593682254955e-02, 3.544200000000000000e+04
1.624924125116135321e-02, 3.490400000000000000e+04
1.625720656550015686e-02, 3.432000000000000000e+04
1.626517187983896051e-02, 3.370400000000000000e+04
1.627313719417776763e-02, 3.306900000000000000e+04
1.628110250851657129e-02, 3.242800000000000000e+04
1.628906782285537494e-02, 3.179500000000000000e+04
1.629703313719417859e-02, 3.118300000000000000e+04
1.630499845153298571e-02, 3.060600000000000000e+04
1.631296376587178937e-02, 3.007500000000000000e+04
1.632092908021059302e-02, 2.960300000000000000e+04
1.632889439454940014e-02, 2.919800000000000000e+04
1.633685970888820380e-02, 2.887000000000000000e+04
1.634482502322700745e-02, 2.862600000000000000e+04
1.635279033756581110e-02, 2.847100000000000000e+04
1.636075565190461822e-02, 2.840800000000000000e+04
1.636872096624342188e-02, 2.843900000000000000e+04
1.637668628058222553e-02, 2.856300000000000000e+04
1.638465159492102918e-02, 2.877700000000000000e+04
1.639261690925983631e-02, 2.907800000000000000e+04
1.640058222359863996e-02, 2.945800000000000000e+04
1.640854753793744361e-02, 2.991000000000000000e+04
1.641651285227625073e-02, 3.042300000000000000e+04
1.642447816661505439e-02, 3.098800000000000000e+04
1.643244348095385804e-02, 3.159100000000000000e+04
1.644040879529266169e-02, 3.222100000000000000e+04
1.644837410963146881e-02, 3.286300000000000000e+04
1.645633942397027247e-02, 3.350500000000000000e+04
1.646430473830907612e-02, 3.413200000000000000e+04
1.647227005264787977e-02, 3.473100000000000000e+04
1.648023536698668690e-02, 3.528900000000000000e+04
1.648820068132549055e-02, 3.579400000000000000e+04
1.649616599566429420e-02, 3.623500000000000000e+04
1.650413131000309785e-02, 3.660300000000000000e+04
1.651209662434190498e-02, 3.689000000000000000e+04
1.652006193868070863e-02, 3.709000000000000000e+04
1.652802725301951228e-02, 3.719800000000000000e+04
1.653599256735831941e-02, 3.721200000000000000e+04
1.654395788169712306e-02, 3.713200000000000000e+04
1.655192319603592671e-02, 3.696000000000000000e+04
1.655988851037473036e-02, 3.669800000000000000e+04
1.656785382471353749e-02, 3.635400000000000000e+04
1.657581913905234114e-02, 3.593300000000000000e+04
1.658378445339114479e-02, 3.544600000000000000e+04
1.659174976772994844e-02, 3.490200000000000000e+04
1.659971508206875557e-02, 3.431400000000000000e+04
1.660768039640755922e-02, 3.369300000000000000e+04
1.661564571074636287e-02, 3.305400000000000000e+04
1.662361102508517000e-02, 3.241000000000000000e+04
1.663157633942397365e-02, 3.177400000000000000e+04
1.663954165376277730e-02, 3.116100000000000000e+04
1.664750696810158095e-02, 3.058300000000000000e+04
1.665547228244038808e-02, 3.005300000000000000e+04
1.666343759677919173e-02, 2.958200000000000000e+04
1.667140291111799538e-02, 2.918000000000000000e+04
1.667936822545679904e-02, 2.885500000000000000e+04
1.668733353979560616e-02, 2.861500000000000000e+04
1.669529885413440981e-02, 2.846400000000000000e+04
1.670326416847321346e-02, 2.840600000000000000e+04
1.671122948281201712e-02, 2.844200000000000000e+04
1.671919479715082424e-02, 2.857100000000000000e+04
1.672716011148962789e-02, 2.879100000000000000e+04
1.673512542582843154e-02, 2.909600000000000000e+04
1.674309074016723867e-02, 2.948100000000000000e+04
1.675105605450604232e-02, 2.993700000000000000e+04
1.675902136884484597e-02, 3.045400000000000000e+04
1.676698668318364963e-02, 3.102100000000000000e+04
1.677495199752245675e-02, 3.162700000000000000e+04
1.678291731186126040e-02, 3.225700000000000000e+04
1.679088262620006405e-02, 3.290000000000000000e+04
1.679884794053886771e-02, 3.354000000000000000e+04
1.680681325487767483e-02, 3.416500000000000000e+04
1.681477856921647848e-02, 3.476100000000000000e+04
1.682274388355528214e-02, 3.531400000000000000e+04
1.683070919789408579e-02, 3.581400000000000000e+04
1.683867451223289291e-02, 3.624900000000000000e+04
1.684663982657169656e-02, 3.660900000000000000e+04
1.685460514091050022e-02, 3.688800000000000000e+04
1.686257045524930734e-02, 3.707900000000000000e+04
1.687053576958811099e-02, 3.717900000000000000e+04
1.687850108392691464e-02, 3.718500000000000000e+04
1.688646639826571830e-02, 3.709600000000000000e+04
1.689443171260452542e-02, 3.691500000000000000e+04
1.690239702694332907e-02, 3.664600000000000000e+04
1.691036234128213273e-02, 3.629400000000000000e+04
1.691832765562093638e-02, 3.586800000000000000e+04
1.692629296995974350e-02, 3.537500000000000000e+04
1.693425828429854715e-02, 3.482700000000000000e+04
1.694222359863735081e-02, 3.423600000000000000e+04
1.695018891297615793e-02, 3.361300000000000000e+04
1.695815422731496158e-02, 3.297300000000000000e+04
1.696611954165376523e-02, 3.232900000000000000e+04
1.697408485599256889e-02, 3.169500000000000000e+04
1.698205017033137601e-02, 3.108300000000000000e+04
1.699001548467017966e-02, 3.050700000000000000e+04
1.699798079900898332e-02, 2.998000000000000000e+04
1.700594611334778697e-02, 2.951200000000000000e+04
1.701391142768659409e-02, 2.911400000000000000e+04
1.702187674202539774e-02, 2.879400000000000000e+04
1.702984205636420140e-02, 2.855800000000000000e+04
1.703780737070300505e-02, 2.841300000000000000e+04
1.704577268504181217e-02, 2.836100000000000000e+04
1.705373799938061583e-02, 2.840300000000000000e+04
1.706170331371941948e-02, 2.853900000000000000e+04
1.706966862805822660e-02, 2.876400000000000000e+04
1.707763394239703025e-02, 2.907500000000000000e+04
1.708559925673583391e-02, 2.946400000000000000e+04
1.709356457107463756e-02, 2.992400000000000000e+04
1.710152988541344468e-02, 3.044300000000000000e+04
1.710949519975224833e-02, 3.101100000000000000e+04
1.711746051409105199e-02, 3.161600000000000000e+04
1.712542582842985564e-02, 3.224500000000000000e+04
1.713339114276866276e-02, 3.288400000000000000e+04
1.714135645710746642e-02, 3.352000000000000000e+04
1.714932177144627007e-02, 3.414000000000000000e+04
1.715728708578507719e-02, 3.472900000000000000e+04
1.716525240012388084e-02, 3.527700000000000000e+04
1.717321771446268450e-02, 3.577000000000000000e+04
1.718118302880148815e-02, 3.619900000000000000e+04
1.718914834314029527e-02, 3.655400000000000000e+04
1.719711365747909892e-02, 3.682700000000000000e+04
1.720507897181790258e-02, 3.701300000000000000e+04
1.721304428615670623e-02, 3.710800000000000000e+04
1.722100960049551335e-02, 3.711000000000000000e+04
1.722897491483431701e-02, 3.701900000000000000e+04
1.723694022917312066e-02, 3.683600000000000000e+04
1.724490554351192431e-02, 3.656700000000000000e+04
1.725287085785073143e-02, 3.621600000000000000e+04
1.726083617218953509e-02, 3.579200000000000000e+04
1.726880148652833874e-02, 3.530200000000000000e+04
1.727676680086714586e-02, 3.475800000000000000e+04
1.728473211520594952e-02, 3.417100000000000000e+04
1.729269742954475317e-02, 3.355500000000000000e+04
1.730066274388355682e-02, 3.292100000000000000e+04
1.730862805822236394e-02, 3.228400000000000000e+04
1.731659337256116760e-02, 3.165700000000000000e+04
1.732455868689997125e-02, 3.105500000000000000e+04
1.733252400123877490e-02, 3.048800000000000000e+04
1.734048931557758202e-02, 2.997100000000000000e+04
1.734845462991638568e-02, 2.951400000000000000e+04
1.735641994425518933e-02, 2.912700000000000000e+04
1.736438525859399298e-02, 2.881800000000000000e+04
1.737235057293280011e-02, 2.859400000000000000e+04
1.738031588727160376e-02, 2.846000000000000000e+04
1.738828120161040741e-02, 2.841800000000000000e+04
1.739624651594921453e-02, 2.847100000000000000e+04
1.740421183028801819e-02, 2.861600000000000000e+04
1.741217714462682184e-02, 2.885000000000000000e+04
1.742014245896562549e-02, 2.916900000000000000e+04
1.742810777330443262e-02, 2.956700000000000000e+04
1.743607308764323627e-02, 3.003300000000000000e+04
1.744403840198203992e-02, 3.055900000000000000e+04
1.745200371632084357e-02, 3.113300000000000000e+04
1.745996903065965070e-02, 3.174300000000000000e+04
1.746793434499845435e-02, 3.237600000000000000e+04
1.747589965933725800e-02, 3.301900000000000000e+04
1.748386497367606512e-02, 3.365700000000000000e+04
1.749183028801486878e-02, 3.427700000000000000e+04
1.749979560235367243e-02, 3.486700000000000000e+04
1.750776091669247608e-02, 3.541200000000000000e+04
1.751572623103128321e-02, 3.590200000000000000e+04
