0.000000000000000000e+00, 2.889300000000000000e+04
7.929568227255237101e-05, 2.754200000000000000e+04
1.585913645451047420e-04, 9.676000000000000000e+03
2.378870468176571130e-04, 5.323000000000000000e+04
3.171827290902094840e-04, 3.592800000000000000e+04
3.964784113627618550e-04, 2.717200000000000000e+04
4.757740936353142261e-04, 2.770300000000000000e+04
5.550697759078666513e-04, 3.659100000000000000e+04
6.343654581804189681e-04, 5.154200000000000000e+04
7.136611404529713933e-04, 4.027000000000000000e+03
7.929568227255237101e-04, 2.132100000000000000e+04
8.722525049980761353e-04, 3.419700000000000000e+04
9.515481872706284521e-04, 4.005900000000000000e+04
1.030843869543180769e-03, 3.766200000000000000e+04
1.110139551815733303e-03, 2.745000000000000000e+04
1.189435234088285619e-03, 1.148600000000000000e+04
1.268730916360837936e-03, 5.875900000000000000e+04
1.348026598633390253e-03, 4.195800000000000000e+04
1.427322280905942787e-03, 2.992700000000000000e+04
1.506617963178495103e-03, 2.535000000000000000e+04
1.585913645451047420e-03, 2.919300000000000000e+04
1.665209327723599737e-03, 4.039200000000000000e+04
1.744505009996152271e-03, 5.657600000000000000e+04
1.823800692268704587e-03, 9.145000000000000000e+03
1.903096374541256904e-03, 2.547400000000000000e+04
1.982392056813809221e-03, 3.659600000000000000e+04
2.061687739086361538e-03, 4.026000000000000000e+04
2.140983421358914288e-03, 3.554500000000000000e+04
2.220279103631466605e-03, 2.344600000000000000e+04
2.299574785904018922e-03, 6.608000000000000000e+03
2.378870468176571239e-03, 5.416300000000000000e+04
2.458166150449123556e-03, 3.851900000000000000e+04
2.537461832721675872e-03, 2.825900000000000000e+04
2.616757514994228189e-03, 2.562900000000000000e+04
2.696053197266780506e-03, 3.133300000000000000e+04
2.775348879539333256e-03, 4.413100000000000000e+04
2.854644561811885573e-03, 6.129100000000000000e+04
2.933940244084437890e-03, 1.372200000000000000e+04
3.013235926356990207e-03, 2.876400000000000000e+04
3.092531608629542524e-03, 3.794300000000000000e+04
3.171827290902094840e-03, 3.939400000000000000e+04
3.251122973174647157e-03, 3.261400000000000000e+04
3.330418655447199474e-03, 1.915400000000000000e+04
3.409714337719752224e-03, 1.654000000000000000e+03
3.489010019992304541e-03, 4.932800000000000000e+04
3.568305702264856858e-03, 3.471100000000000000e+04
3.647601384537409175e-03, 2.644700000000000000e+04
3.726897066809961492e-03, 2.620800000000000000e+04
3.806192749082513808e-03, 3.401700000000000000e+04
3.885488431355066125e-03, 4.812900000000000000e+04
3.964784113627618442e-03, 2.850000000000000000e+02
4.044079795900171193e-03, 1.776800000000000000e+04
4.123375478172723076e-03, 3.173100000000000000e+04
4.202671160445275826e-03, 3.924100000000000000e+04
4.281966842717828577e-03, 3.866000000000000000e+04
4.361262524990380460e-03, 2.998200000000000000e+04
4.440558207262933210e-03, 1.495400000000000000e+04
4.519853889535485093e-03, 6.239800000000000000e+04
4.599149571808037844e-03, 4.503700000000000000e+04
4.678445254080589727e-03, 3.179300000000000000e+04
4.757740936353142477e-03, 2.560700000000000000e+04
4.837036618625694361e-03, 2.776500000000000000e+04
4.916332300898247111e-03, 3.766800000000000000e+04
4.995627983170799861e-03, 5.306600000000000000e+04
5.074923665443351745e-03, 5.561000000000000000e+03
5.154219347715904495e-03, 2.252100000000000000e+04
5.233515029988456378e-03, 3.471800000000000000e+04
5.312810712261009129e-03, 3.979800000000000000e+04
5.392106394533561012e-03, 3.684800000000000000e+04
5.471402076806113762e-03, 2.645800000000000000e+04
5.550697759078666513e-03, 1.050000000000000000e+04
5.629993441351218396e-03, 5.791000000000000000e+04
5.709289123623771146e-03, 4.146100000000000000e+04
5.788584805896323029e-03, 2.980200000000000000e+04
5.867880488168875780e-03, 2.551900000000000000e+04
5.947176170441427663e-03, 2.956700000000000000e+04
6.026471852713980414e-03, 4.111900000000000000e+04
6.105767534986533164e-03, 5.766200000000000000e+04
6.185063217259085047e-03, 1.025700000000000000e+04
6.264358899531637798e-03, 2.638400000000000000e+04
6.343654581804189681e-03, 3.707200000000000000e+04
6.422950264076742431e-03, 4.019300000000000000e+04
6.502245946349294314e-03, 3.509200000000000000e+04
6.581541628621847065e-03, 2.275000000000000000e+04
6.660837310894398948e-03, 5.622000000000000000e+03
6.740132993166951698e-03, 5.289800000000000000e+04
6.819428675439504449e-03, 3.728800000000000000e+04
6.898724357712056332e-03, 2.750600000000000000e+04
6.978020039984609083e-03, 2.559000000000000000e+04
7.057315722257160966e-03, 3.188900000000000000e+04
7.136611404529713716e-03, 4.492300000000000000e+04
7.215907086802265599e-03, 6.217500000000000000e+04
7.295202769074818350e-03, 1.443900000000000000e+04
7.374498451347371100e-03, 2.938300000000000000e+04
7.453794133619922983e-03, 3.834500000000000000e+04
7.533089815892475734e-03, 3.945300000000000000e+04
7.612385498165027617e-03, 3.230900000000000000e+04
7.691681180437580367e-03, 1.854200000000000000e+04
7.770976862710132251e-03, 9.420000000000000000e+02
7.850272544982684134e-03, 4.861700000000000000e+04
7.929568227255236884e-03, 3.414600000000000000e+04
8.008863909527789635e-03, 2.629200000000000000e+04
8.088159591800342385e-03, 2.651000000000000000e+04
8.167455274072895136e-03, 3.479000000000000000e+04
8.246750956345446151e-03, 4.932600000000000000e+04
8.326046638617998902e-03, 1.722000000000000000e+03
8.405342320890551652e-03, 1.928300000000000000e+04
8.484638003163104403e-03, 3.276800000000000000e+04
8.563933685435657153e-03, 3.939300000000000000e+04
8.643229367708208169e-03, 3.807000000000000000e+04
8.722525049980760919e-03, 2.906600000000000000e+04
8.801820732253313670e-03, 1.399400000000000000e+04
8.881116414525866420e-03, 6.141100000000000000e+04
8.960412096798417436e-03, 4.411700000000000000e+04
9.039707779070970187e-03, 3.121000000000000000e+04
9.119003461343522937e-03, 2.547000000000000000e+04
9.198299143616075688e-03, 2.796200000000000000e+04
9.277594825888628438e-03, 3.818800000000000000e+04
9.356890508161179454e-03, 5.375600000000000000e+04
9.436186190433732204e-03, 6.285000000000000000e+03
9.515481872706284955e-03, 2.321200000000000000e+04
9.594777554978837705e-03, 3.534600000000000000e+04
9.674073237251388721e-03, 4.016700000000000000e+04
9.753368919523941472e-03, 3.671900000000000000e+04
9.832664601796494222e-03, 2.569400000000000000e+04
9.911960284069046972e-03, 9.269000000000000000e+03
9.991255966341599723e-03, 5.644500000000000000e+04
1.007055164861415074e-02, 4.004700000000000000e+04
1.014984733088670349e-02, 2.886300000000000000e+04
1.022914301315925624e-02, 2.530500000000000000e+04
1.030843869543180899e-02, 3.011200000000000000e+04
1.038773437770436174e-02, 4.223000000000000000e+04
1.046703005997691276e-02, 5.893300000000000000e+04
1.054632574224946551e-02, 1.147000000000000000e+04
1.062562142452201826e-02, 2.732300000000000000e+04
1.070491710679457101e-02, 3.753400000000000000e+04
1.078421278906712202e-02, 4.013700000000000000e+04
1.086350847133967477e-02, 3.444500000000000000e+04
1.094280415361222752e-02, 2.174000000000000000e+04
1.102209983588478028e-02, 4.628000000000000000e+03
1.110139551815733303e-02, 5.203300000000000000e+04
1.118069120042988404e-02, 3.660500000000000000e+04
1.125998688270243679e-02, 2.723300000000000000e+04
1.133928256497498954e-02, 2.579600000000000000e+04
1.141857824724754229e-02, 3.256000000000000000e+04
1.149787392952009331e-02, 4.603900000000000000e+04
1.157716961179264606e-02, 6.334200000000000000e+04
1.165646529406519881e-02, 1.556500000000000000e+04
1.173576097633775156e-02, 3.032100000000000000e+04
1.181505665861030431e-02, 3.882800000000000000e+04
1.189435234088285533e-02, 3.928400000000000000e+04
1.197364802315540808e-02, 3.145600000000000000e+04
1.205294370542796083e-02, 1.709200000000000000e+04
1.213223938770051358e-02, 6.480400000000000000e+04
1.221153506997306633e-02, 4.714600000000000000e+04
1.229083075224561734e-02, 3.319000000000000000e+04
1.237012643451817009e-02, 2.594500000000000000e+04
1.244942211679072284e-02, 2.677400000000000000e+04
1.252871779906327560e-02, 3.562500000000000000e+04
1.260801348133582661e-02, 5.034100000000000000e+04
1.268730916360837936e-02, 2.655000000000000000e+03
1.276660484588093211e-02, 2.009400000000000000e+04
1.284590052815348486e-02, 3.345200000000000000e+04
1.292519621042603761e-02, 3.985700000000000000e+04
1.300449189269858863e-02, 3.806200000000000000e+04
1.308378757497114138e-02, 2.842700000000000000e+04
1.316308325724369413e-02, 1.290700000000000000e+04
1.324237893951624688e-02, 6.040800000000000000e+04
1.332167462178879790e-02, 4.340500000000000000e+04
1.340097030406135065e-02, 3.099300000000000000e+04
1.348026598633390340e-02, 2.589600000000000000e+04
1.355956166860645615e-02, 2.890300000000000000e+04
1.363885735087900890e-02, 3.957500000000000000e+04
1.371815303315155991e-02, 5.547100000000000000e+04
1.379744871542411266e-02, 7.967000000000000000e+03
1.387674439769666541e-02, 2.452700000000000000e+04
1.395604007996921817e-02, 3.604200000000000000e+04
1.403533576224177092e-02, 4.003100000000000000e+04
1.411463144451432193e-02, 3.580800000000000000e+04
1.419392712678687468e-02, 2.431300000000000000e+04
1.427322280905942743e-02, 7.725000000000000000e+03
1.435251849133198018e-02, 5.508800000000000000e+04
1.443181417360453120e-02, 3.902400000000000000e+04
1.451110985587708395e-02, 2.835200000000000000e+04
1.459040553814963670e-02, 2.535900000000000000e+04
1.466970122042218945e-02, 3.057700000000000000e+04
1.474899690269474220e-02, 4.292400000000000000e+04
1.482829258496729322e-02, 5.972400000000000000e+04
1.490758826723984597e-02, 1.213000000000000000e+04
1.498688394951239872e-02, 2.778800000000000000e+04
1.506617963178495147e-02, 3.772800000000000000e+04
1.514547531405750248e-02, 3.987500000000000000e+04
1.522477099633005523e-02, 3.362200000000000000e+04
1.530406667860260798e-02, 2.034500000000000000e+04
1.538336236087516073e-02, 2.944000000000000000e+03
1.546265804314771349e-02, 5.048600000000000000e+04
1.554195372542026450e-02, 3.552500000000000000e+04
1.562124940769281725e-02, 2.686100000000000000e+04
1.570054508996536827e-02, 2.628100000000000000e+04
1.577984077223792275e-02, 3.369400000000000000e+04
1.585913645451047377e-02, 4.753100000000000000e+04
1.593843213678302825e-02, 6.507100000000000000e+04
1.601772781905557927e-02, 1.720500000000000000e+04
1.609702350132813028e-02, 3.149600000000000000e+04
1.617631918360068477e-02, 3.931400000000000000e+04
1.625561486587323579e-02, 3.912500000000000000e+04
1.633491054814579027e-02, 3.093000000000000000e+04
1.641420623041834129e-02, 1.629900000000000000e+04
1.649350191269089230e-02, 6.376600000000000000e+04
1.657279759496344679e-02, 4.615500000000000000e+04
1.665209327723599780e-02, 3.251300000000000000e+04
1.673138895950855229e-02, 2.575200000000000000e+04
1.681068464178110330e-02, 2.718000000000000000e+04
1.688998032405365432e-02, 3.665300000000000000e+04
1.696927600632620881e-02, 5.188000000000000000e+04
1.704857168859875982e-02, 4.316000000000000000e+03
1.712786737087131431e-02, 2.148900000000000000e+04
1.720716305314386532e-02, 3.427800000000000000e+04
1.728645873541641634e-02, 3.989600000000000000e+04
1.736575441768897082e-02, 3.728100000000000000e+04
1.744505009996152184e-02, 2.712100000000000000e+04
1.752434578223407285e-02, 1.129300000000000000e+04
1.760364146450662734e-02, 5.866100000000000000e+04
1.768293714677917836e-02, 4.191200000000000000e+04
1.776223282905173284e-02, 2.990800000000000000e+04
1.784152851132428386e-02, 2.533100000000000000e+04
1.792082419359683487e-02, 2.916900000000000000e+04
1.800011987586938936e-02, 4.039300000000000000e+04
1.807941555814194037e-02, 5.657600000000000000e+04
1.815871124041449486e-02, 9.148000000000000000e+03
1.823800692268704587e-02, 2.547900000000000000e+04
1.831730260495959689e-02, 3.659300000000000000e+04
1.839659828723215138e-02, 4.026500000000000000e+04
1.847589396950470239e-02, 3.563800000000000000e+04
1.855518965177725688e-02, 2.379800000000000000e+04
1.863448533404980789e-02, 6.995000000000000000e+03
1.871378101632235891e-02, 5.422100000000000000e+04
1.879307669859491339e-02, 3.825800000000000000e+04
1.887237238086746441e-02, 2.798200000000000000e+04
1.895166806314001889e-02, 2.545900000000000000e+04
1.903096374541256991e-02, 3.124300000000000000e+04
1.911025942768512093e-02, 4.407600000000000000e+04
1.918955510995767541e-02, 6.126900000000000000e+04
1.926885079223022643e-02, 1.375000000000000000e+04
1.934814647450277744e-02, 2.905300000000000000e+04
1.942744215677533193e-02, 3.834800000000000000e+04
1.950673783904788294e-02, 3.972000000000000000e+04
1.958603352132043743e-02, 3.279200000000000000e+04
1.966532920359298844e-02, 1.922500000000000000e+04
1.974462488586553946e-02, 1.684000000000000000e+03
1.982392056813809394e-02, 4.933200000000000000e+04
1.990321625041064496e-02, 3.471400000000000000e+04
1.998251193268319945e-02, 2.645000000000000000e+04
2.006180761495575046e-02, 2.620500000000000000e+04
2.014110329722830148e-02, 3.420600000000000000e+04
2.022039897950085596e-02, 4.852000000000000000e+04
2.029969466177340698e-02, 6.770000000000000000e+02
2.037899034404596146e-02, 1.828600000000000000e+04
2.045828602631851248e-02, 3.222800000000000000e+04
2.053758170859106350e-02, 3.955800000000000000e+04
2.061687739086361798e-02, 3.882300000000000000e+04
2.069617307313616900e-02, 3.006500000000000000e+04
2.077546875540872348e-02, 1.499900000000000000e+04
2.085476443768127450e-02, 6.241200000000000000e+04
2.093406011995382551e-02, 4.503700000000000000e+04
2.101335580222638000e-02, 3.179000000000000000e+04
2.109265148449893101e-02, 2.559900000000000000e+04
2.117194716677148203e-02, 2.774100000000000000e+04
2.125124284904403651e-02, 3.766500000000000000e+04
2.133053853131658753e-02, 5.306800000000000000e+04
2.140983421358914202e-02, 5.563000000000000000e+03
2.148912989586169303e-02, 2.253100000000000000e+04
2.156842557813424405e-02, 3.491400000000000000e+04
2.164772126040679853e-02, 4.019800000000000000e+04
2.172701694267934955e-02, 3.719400000000000000e+04
2.180631262495190403e-02, 2.666000000000000000e+04
2.188560830722445505e-02, 1.060300000000000000e+04
2.196490398949700606e-02, 5.781100000000000000e+04
2.204419967176956055e-02, 4.110000000000000000e+04
2.212349535404211157e-02, 2.946100000000000000e+04
2.220279103631466605e-02, 2.555100000000000000e+04
2.228208671858721707e-02, 2.985800000000000000e+04
2.236138240085976808e-02, 4.137900000000000000e+04
2.244067808313232257e-02, 5.781600000000000000e+04
2.251997376540487358e-02, 1.033600000000000000e+04
2.259926944767742807e-02, 2.642000000000000000e+04
2.267856512994997908e-02, 3.708700000000000000e+04
2.275786081222253010e-02, 4.014300000000000000e+04
2.283715649449508459e-02, 3.477400000000000000e+04
2.291645217676763560e-02, 2.235400000000000000e+04
2.299574785904018662e-02, 5.352000000000000000e+03
2.307504354131274110e-02, 5.275200000000000000e+04
2.315433922358529212e-02, 3.722400000000000000e+04
2.323363490585784660e-02, 2.748500000000000000e+04
2.331293058813039762e-02, 2.557700000000000000e+04
2.339222627040294863e-02, 3.190100000000000000e+04
2.347152195267550312e-02, 4.492800000000000000e+04
2.355081763494805414e-02, 6.218300000000000000e+04
2.363011331722060862e-02, 1.468900000000000000e+04
2.370940899949315964e-02, 2.977800000000000000e+04
2.378870468176571065e-02, 3.864700000000000000e+04
2.386800036403826514e-02, 3.962200000000000000e+04
2.394729604631081615e-02, 3.238800000000000000e+04
2.402659172858337064e-02, 1.836900000000000000e+04
2.410588741085592165e-02, 5.590000000000000000e+02
2.418518309312847267e-02, 4.828300000000000000e+04
2.426447877540102716e-02, 3.394800000000000000e+04
2.434377445767357817e-02, 2.619900000000000000e+04
2.442307013994613266e-02, 2.662900000000000000e+04
2.450236582221868367e-02, 3.516100000000000000e+04
2.458166150449123469e-02, 4.967800000000000000e+04
2.466095718676378917e-02, 1.934000000000000000e+03
2.474025286903634019e-02, 1.939300000000000000e+04
2.481954855130889120e-02, 3.294900000000000000e+04
2.489884423358144569e-02, 3.978800000000000000e+04
2.497813991585399671e-02, 3.843900000000000000e+04
2.505743559812655119e-02, 2.906500000000000000e+04
2.513673128039910221e-02, 1.371200000000000000e+04
2.521602696267165322e-02, 6.113600000000000000e+04
2.529532264494420771e-02, 4.395100000000000000e+04
2.537461832721675872e-02, 3.113200000000000000e+04
2.545391400948931321e-02, 2.544900000000000000e+04
2.553320969176186422e-02, 2.795200000000000000e+04
2.561250537403441524e-02, 3.823100000000000000e+04
2.569180105630696972e-02, 5.406500000000000000e+04
2.577109673857952074e-02, 6.679000000000000000e+03
2.585039242085207523e-02, 2.349500000000000000e+04
2.592968810312462624e-02, 3.549600000000000000e+04
2.600898378539717726e-02, 4.023000000000000000e+04
2.608827946766973174e-02, 3.673500000000000000e+04
2.616757514994228276e-02, 2.570400000000000000e+04
2.624687083221483724e-02, 9.289000000000000000e+03
2.632616651448738826e-02, 5.645600000000000000e+04
2.640546219675993928e-02, 4.004900000000000000e+04
2.648475787903249376e-02, 2.887000000000000000e+04
2.656405356130504478e-02, 2.530200000000000000e+04
2.664334924357759579e-02, 3.003800000000000000e+04
2.672264492585015028e-02, 4.189300000000000000e+04
2.680194060812270129e-02, 5.853600000000000000e+04
2.688123629039525578e-02, 1.119400000000000000e+04
2.696053197266780679e-02, 2.717800000000000000e+04
2.703982765494035781e-02, 3.746300000000000000e+04
2.711912333721291229e-02, 4.010300000000000000e+04
2.719841901948546331e-02, 3.443700000000000000e+04
2.727771470175801780e-02, 2.172000000000000000e+04
2.735701038403056881e-02, 4.622000000000000000e+03
2.743630606630311983e-02, 5.204400000000000000e+04
2.751560174857567431e-02, 3.661800000000000000e+04
2.759489743084822533e-02, 2.724100000000000000e+04
2.767419311312077981e-02, 2.581000000000000000e+04
2.775348879539333083e-02, 3.256800000000000000e+04
2.783278447766588184e-02, 4.604400000000000000e+04
2.791208015993843633e-02, 6.356200000000000000e+04
2.799137584221098735e-02, 1.596200000000000000e+04
2.807067152448354183e-02, 3.065300000000000000e+04
2.814996720675609285e-02, 3.902100000000000000e+04
2.822926288902864386e-02, 3.937500000000000000e+04
2.830855857130119835e-02, 3.150500000000000000e+04
2.838785425357374936e-02, 1.710800000000000000e+04
2.846714993584630038e-02, 6.480400000000000000e+04
2.854644561811885486e-02, 4.714200000000000000e+04
2.862574130039140588e-02, 3.318700000000000000e+04
2.870503698266396037e-02, 2.595400000000000000e+04
2.878433266493651138e-02, 2.677800000000000000e+04
2.886362834720906240e-02, 3.562800000000000000e+04
2.894292402948161688e-02, 5.035700000000000000e+04
2.902221971175416790e-02, 2.652000000000000000e+03
2.910151539402672238e-02, 2.008100000000000000e+04
2.918081107629927340e-02, 3.344100000000000000e+04
2.926010675857182441e-02, 3.984900000000000000e+04
2.933940244084437890e-02, 3.804800000000000000e+04
2.941869812311692992e-02, 2.842400000000000000e+04
2.949799380538948440e-02, 1.284900000000000000e+04
2.957728948766203542e-02, 6.008600000000000000e+04
2.965658516993458643e-02, 4.301200000000000000e+04
2.973588085220714092e-02, 3.054100000000000000e+04
2.981517653447969193e-02, 2.536000000000000000e+04
2.989447221675224642e-02, 2.845300000000000000e+04
2.997376789902479743e-02, 3.904900000000000000e+04
3.005306358129734845e-02, 5.495600000000000000e+04
3.013235926356990294e-02, 7.617000000000000000e+03
3.021165494584245395e-02, 2.434400000000000000e+04
3.029095062811500497e-02, 3.597400000000000000e+04
3.037024631038755945e-02, 4.024700000000000000e+04
3.044954199266011047e-02, 3.619900000000000000e+04
3.052883767493266495e-02, 2.471000000000000000e+04
3.060813335720521597e-02, 8.249000000000000000e+03
3.068742903947776698e-02, 5.556300000000000000e+04
3.076672472175032147e-02, 3.932500000000000000e+04
3.084602040402287249e-02, 2.850300000000000000e+04
3.092531608629542697e-02, 2.543200000000000000e+04
3.100461176856797799e-02, 3.061000000000000000e+04
3.108390745084052900e-02, 4.293100000000000000e+04
3.116320313311308349e-02, 5.988800000000000000e+04
3.124249881538563450e-02, 1.251500000000000000e+04
3.132179449765818552e-02, 2.814500000000000000e+04
3.140109017993073653e-02, 3.794700000000000000e+04
3.148038586220329449e-02, 3.998100000000000000e+04
3.155968154447584550e-02, 3.367800000000000000e+04
3.163897722674839652e-02, 2.036800000000000000e+04
3.171827290902094754e-02, 2.945000000000000000e+03
3.179756859129349855e-02, 5.048300000000000000e+04
3.187686427356605651e-02, 3.552200000000000000e+04
3.195615995583860752e-02, 2.677900000000000000e+04
3.203545563811115854e-02, 2.593700000000000000e+04
3.211475132038370955e-02, 3.330300000000000000e+04
3.219404700265626057e-02, 4.725300000000000000e+04
3.227334268492881852e-02, 6.493100000000000000e+04
3.235263836720136954e-02, 1.715000000000000000e+04
3.243193404947392056e-02, 3.147800000000000000e+04
3.251122973174647157e-02, 3.930900000000000000e+04
3.259052541401902259e-02, 3.897700000000000000e+04
3.266982109629158054e-02, 3.054900000000000000e+04
3.274911677856413156e-02, 1.593200000000000000e+04
3.282841246083668257e-02, 6.353600000000000000e+04
3.290770814310923359e-02, 4.604200000000000000e+04
3.298700382538178461e-02, 3.246500000000000000e+04
3.306629950765434256e-02, 2.573300000000000000e+04
3.314559518992689358e-02, 2.716500000000000000e+04
3.322489087219944459e-02, 3.642000000000000000e+04
3.330418655447199561e-02, 5.147800000000000000e+04
3.338348223674454662e-02, 3.929000000000000000e+03
3.346277791901710458e-02, 2.097700000000000000e+04
3.354207360128965559e-02, 3.379400000000000000e+04
3.362136928356220661e-02, 3.976900000000000000e+04
3.370066496583475762e-02, 3.751300000000000000e+04
3.377996064810730864e-02, 2.740500000000000000e+04
3.385925633037986660e-02, 1.148500000000000000e+04
3.393855201265241761e-02, 5.875000000000000000e+04
3.401784769492496863e-02, 4.194500000000000000e+04
3.409714337719751964e-02, 2.991800000000000000e+04
3.417643905947007066e-02, 2.531500000000000000e+04
3.425573474174262861e-02, 2.890800000000000000e+04
3.433503042401517963e-02, 3.999000000000000000e+04
3.441432610628773064e-02, 5.626000000000000000e+04
3.449362178856028166e-02, 8.971000000000000000e+03
3.457291747083283268e-02, 2.539800000000000000e+04
3.465221315310539063e-02, 3.656100000000000000e+04
3.473150883537794165e-02, 4.025300000000000000e+04
3.481080451765049266e-02, 3.561800000000000000e+04
3.489010019992304368e-02, 2.377900000000000000e+04
3.496939588219559469e-02, 6.999000000000000000e+03
3.504869156446814571e-02, 5.439100000000000000e+04
3.512798724674070366e-02, 3.865200000000000000e+04
3.520728292901325468e-02, 2.834900000000000000e+04
3.528657861128580570e-02, 2.568500000000000000e+04
3.536587429355835671e-02, 3.135400000000000000e+04
3.544516997583090773e-02, 4.411200000000000000e+04
3.552446565810346568e-02, 6.128100000000000000e+04
3.560376134037601670e-02, 1.376000000000000000e+04
3.568305702264856771e-02, 2.906000000000000000e+04
3.576235270492111873e-02, 3.835200000000000000e+04
3.584164838719366974e-02, 3.973200000000000000e+04
3.592094406946622770e-02, 3.280000000000000000e+04
3.600023975173877872e-02, 1.922400000000000000e+04
3.607953543401132973e-02, 1.869000000000000000e+03
3.615883111628388075e-02, 4.972300000000000000e+04
3.623812679855643176e-02, 3.506100000000000000e+04
3.631742248082898972e-02, 2.665800000000000000e+04
3.639671816310154073e-02, 2.630400000000000000e+04
3.647601384537409175e-02, 3.422400000000000000e+04
3.655530952764664276e-02, 4.852700000000000000e+04
3.663460520991919378e-02, 6.680000000000000000e+02
3.671390089219175173e-02, 1.802600000000000000e+04
3.679319657446430275e-02, 3.183200000000000000e+04
3.687249225673685377e-02, 3.925100000000000000e+04
3.695178793900940478e-02, 3.865300000000000000e+04
3.703108362128195580e-02, 2.999000000000000000e+04
3.711037930355451375e-02, 1.497900000000000000e+04
3.718967498582706477e-02, 6.240100000000000000e+04
3.726897066809961578e-02, 4.502700000000000000e+04
3.734826635037216680e-02, 3.178400000000000000e+04
3.742756203264471782e-02, 2.559400000000000000e+04
3.750685771491727577e-02, 2.771600000000000000e+04
3.758615339718982679e-02, 3.765900000000000000e+04
3.766544907946237780e-02, 5.303900000000000000e+04
3.774474476173492882e-02, 5.274000000000000000e+03
3.782404044400747983e-02, 2.213700000000000000e+04
3.790333612628003779e-02, 3.462300000000000000e+04
3.798263180855258880e-02, 4.004000000000000000e+04
3.806192749082513982e-02, 3.711300000000000000e+04
3.814122317309769084e-02, 2.661100000000000000e+04
3.822051885537024185e-02, 1.059400000000000000e+04
3.829981453764279981e-02, 5.792200000000000000e+04
3.837911021991535082e-02, 4.146700000000000000e+04
3.845840590218790184e-02, 2.983500000000000000e+04
3.853770158446045285e-02, 2.555800000000000000e+04
3.861699726673300387e-02, 2.958400000000000000e+04
3.869629294900555488e-02, 4.110200000000000000e+04
3.877558863127811284e-02, 5.764600000000000000e+04
3.885488431355066385e-02, 1.026200000000000000e+04
3.893417999582321487e-02, 2.639400000000000000e+04
3.901347567809576589e-02, 3.708000000000000000e+04
3.909277136036831690e-02, 4.018300000000000000e+04
3.917206704264087486e-02, 3.507500000000000000e+04
3.925136272491342587e-02, 2.275400000000000000e+04
3.933065840718597689e-02, 5.778000000000000000e+03
3.940995408945852790e-02, 5.328600000000000000e+04
3.948924977173107892e-02, 3.766700000000000000e+04
3.956854545400363687e-02, 2.775000000000000000e+04
3.964784113627618789e-02, 2.570400000000000000e+04
3.972713681854873891e-02, 3.204900000000000000e+04
3.980643250082128992e-02, 4.530200000000000000e+04
3.988572818309384094e-02, 6.256900000000000000e+04
3.996502386536639889e-02, 1.473100000000000000e+04
4.004431954763894991e-02, 2.951100000000000000e+04
4.012361522991150092e-02, 3.836600000000000000e+04
4.020291091218405194e-02, 3.944600000000000000e+04
4.028220659445660295e-02, 3.230400000000000000e+04
4.036150227672916091e-02, 1.834500000000000000e+04
4.044079795900171193e-02, 5.490000000000000000e+02
4.052009364127426294e-02, 4.827400000000000000e+04
4.059938932354681396e-02, 3.394100000000000000e+04
4.067868500581936497e-02, 2.619500000000000000e+04
4.075798068809192293e-02, 2.660500000000000000e+04
4.083727637036447394e-02, 3.515000000000000000e+04
4.091657205263702496e-02, 4.967200000000000000e+04
4.099586773490957597e-02, 1.697000000000000000e+03
4.107516341718212699e-02, 1.899700000000000000e+04
4.115445909945468494e-02, 3.263100000000000000e+04
4.123375478172723596e-02, 3.960600000000000000e+04
4.131305046399978698e-02, 3.835900000000000000e+04
4.139234614627233799e-02, 2.923900000000000000e+04
4.147164182854488901e-02, 1.409700000000000000e+04
4.155093751081744696e-02, 6.148100000000000000e+04
4.163023319308999798e-02, 4.416000000000000000e+04
4.170952887536254899e-02, 3.122500000000000000e+04
4.178882455763510001e-02, 2.563800000000000000e+04
4.186812023990765103e-02, 2.834600000000000000e+04
4.194741592218020898e-02, 3.859100000000000000e+04
4.202671160445276000e-02, 5.428200000000000000e+04
4.210600728672531101e-02, 6.791000000000000000e+03
4.218530296899786203e-02, 2.354700000000000000e+04
4.226459865127041304e-02, 3.551800000000000000e+04
4.234389433354296406e-02, 4.023500000000000000e+04
4.242319001581552201e-02, 3.672700000000000000e+04
4.250248569808807303e-02, 2.570400000000000000e+04
4.258178138036062405e-02, 9.304000000000000000e+03
4.266107706263317506e-02, 5.646900000000000000e+04
4.274037274490572608e-02, 4.004900000000000000e+04
4.281966842717828403e-02, 2.886500000000000000e+04
4.289896410945083505e-02, 2.529900000000000000e+04
4.297825979172338606e-02, 3.008600000000000000e+04
4.305755547399593708e-02, 4.220700000000000000e+04
4.313685115626848809e-02, 5.893300000000000000e+04
4.321614683854104605e-02, 1.146800000000000000e+04
4.329544252081359706e-02, 2.732700000000000000e+04
4.337473820308614808e-02, 3.753500000000000000e+04
4.345403388535869910e-02, 4.013500000000000000e+04
4.353332956763125011e-02, 3.445000000000000000e+04
4.361262524990380807e-02, 2.170300000000000000e+04
4.369192093217635908e-02, 4.611000000000000000e+03
4.377121661444891010e-02, 5.205800000000000000e+04
4.385051229672146111e-02, 3.684900000000000000e+04
4.392980797899401213e-02, 2.764900000000000000e+04
4.400910366126657008e-02, 2.615900000000000000e+04
4.408839934353912110e-02, 3.277400000000000000e+04
4.416769502581167212e-02, 4.613400000000000000e+04
4.424699070808422313e-02, 6.358200000000000000e+04
4.432628639035677415e-02, 1.596900000000000000e+04
4.440558207262933210e-02, 3.066000000000000000e+04
4.448487775490188312e-02, 3.902700000000000000e+04
4.456417343717443413e-02, 3.937800000000000000e+04
4.464346911944698515e-02, 3.165600000000000000e+04
4.472276480171953617e-02, 1.749100000000000000e+04
4.480206048399209412e-02, 6.517400000000000000e+04
4.488135616626464514e-02, 4.738100000000000000e+04
4.496065184853719615e-02, 3.329900000000000000e+04
4.503994753080974717e-02, 2.600600000000000000e+04
4.511924321308229818e-02, 2.679800000000000000e+04
4.519853889535485614e-02, 3.563300000000000000e+04
4.527783457762740715e-02, 5.037500000000000000e+04
4.535713025989995817e-02, 2.651000000000000000e+03
4.543642594217250918e-02, 2.006800000000000000e+04
4.551572162444506020e-02, 3.343000000000000000e+04
4.559501730671761816e-02, 3.984200000000000000e+04
4.567431298899016917e-02, 3.803300000000000000e+04
4.575360867126272019e-02, 2.842000000000000000e+04
4.583290435353527120e-02, 1.286000000000000000e+04
4.591220003580782222e-02, 6.010100000000000000e+04
4.599149571808037323e-02, 4.301400000000000000e+04
4.607079140035293119e-02, 3.053700000000000000e+04
4.615008708262548220e-02, 2.535500000000000000e+04
4.622938276489803322e-02, 2.845900000000000000e+04
4.630867844717058424e-02, 3.907000000000000000e+04
4.638797412944313525e-02, 5.495600000000000000e+04
4.646726981171569321e-02, 7.596000000000000000e+03
4.654656549398824422e-02, 2.432700000000000000e+04
4.662586117626079524e-02, 3.596900000000000000e+04
4.670515685853334625e-02, 4.004800000000000000e+04
4.678445254080589727e-02, 3.580500000000000000e+04
4.686374822307845522e-02, 2.435100000000000000e+04
4.694304390535100624e-02, 8.028000000000000000e+03
4.702233958762355726e-02, 5.547100000000000000e+04
4.710163526989610827e-02, 3.945900000000000000e+04
4.718093095216865929e-02, 2.888300000000000000e+04
4.726022663444121724e-02, 2.579800000000000000e+04
4.733952231671376826e-02, 3.084400000000000000e+04
4.741881799898631927e-02, 4.303900000000000000e+04
4.749811368125887029e-02, 5.991700000000000000e+04
4.757740936353142130e-02, 1.252200000000000000e+04
4.765670504580397926e-02, 2.814200000000000000e+04
4.773600072807653028e-02, 3.771900000000000000e+04
4.781529641034908129e-02, 3.958300000000000000e+04
4.789459209262163231e-02, 3.337000000000000000e+04
4.797388777489418332e-02, 2.019400000000000000e+04
4.805318345716674128e-02, 2.853000000000000000e+03
4.813247913943929229e-02, 5.044700000000000000e+04
4.821177482171184331e-02, 3.550200000000000000e+04
4.829107050398439432e-02, 2.677300000000000000e+04
4.837036618625694534e-02, 2.593700000000000000e+04
4.844966186852950329e-02, 3.329700000000000000e+04
4.852895755080205431e-02, 4.723400000000000000e+04
4.860825323307460533e-02, 6.492100000000000000e+04
4.868754891534715634e-02, 1.713200000000000000e+04
4.876684459761970736e-02, 3.121800000000000000e+04
4.884614027989226531e-02, 3.890900000000000000e+04
4.892543596216481633e-02, 3.878800000000000000e+04
4.900473164443736734e-02, 3.074500000000000000e+04
4.908402732670991836e-02, 1.623000000000000000e+04
4.916332300898246938e-02, 6.375600000000000000e+04
4.924261869125502733e-02, 4.615100000000000000e+04
4.932191437352757835e-02, 3.250700000000000000e+04
4.940121005580012936e-02, 2.574700000000000000e+04
4.948050573807268038e-02, 2.717100000000000000e+04
4.955980142034523139e-02, 3.644400000000000000e+04
4.963909710261778241e-02, 5.148300000000000000e+04
4.971839278489034036e-02, 3.967000000000000000e+03
4.979768846716289138e-02, 2.127800000000000000e+04
4.987698414943544239e-02, 3.418700000000000000e+04
4.995627983170799341e-02, 3.990900000000000000e+04
5.003557551398054443e-02, 3.728500000000000000e+04
5.011487119625310238e-02, 2.711000000000000000e+04
5.019416687852565340e-02, 1.129100000000000000e+04
5.027346256079820441e-02, 5.864600000000000000e+04
5.035275824307075543e-02, 4.190500000000000000e+04
5.043205392534330644e-02, 2.990200000000000000e+04
5.051134960761586440e-02, 2.531100000000000000e+04
5.059064528988841541e-02, 2.912700000000000000e+04
5.066994097216096643e-02, 4.038500000000000000e+04
5.074923665443351745e-02, 5.658100000000000000e+04
5.082853233670606846e-02, 9.155000000000000000e+03
5.090782801897862642e-02, 2.548900000000000000e+04
5.098712370125117743e-02, 3.642700000000000000e+04
5.106641938352372845e-02, 3.988000000000000000e+04
5.114571506579627946e-02, 3.523300000000000000e+04
5.122501074806883048e-02, 2.327100000000000000e+04
5.130430643034138843e-02, 6.494000000000000000e+03
5.138360211261393945e-02, 5.390400000000000000e+04
5.146289779488649047e-02, 3.809300000000000000e+04
5.154219347715904148e-02, 2.790900000000000000e+04
5.162148915943159250e-02, 2.543500000000000000e+04
5.170078484170415045e-02, 3.122900000000000000e+04
5.178008052397670147e-02, 4.395700000000000000e+04
5.185937620624925248e-02, 6.090100000000000000e+04
5.193867188852180350e-02, 1.336100000000000000e+04
5.201796757079435451e-02, 2.859400000000000000e+04
5.209726325306691247e-02, 3.782300000000000000e+04
5.217655893533946349e-02, 3.940700000000000000e+04
5.225585461761201450e-02, 3.291500000000000000e+04
5.233515029988456552e-02, 1.951200000000000000e+04
5.241444598215711653e-02, 1.918000000000000000e+03
5.249374166442967449e-02, 4.945600000000000000e+04
5.257303734670222550e-02, 3.476400000000000000e+04
5.265233302897477652e-02, 2.646600000000000000e+04
5.273162871124732753e-02, 2.620800000000000000e+04
5.281092439351987855e-02, 3.405700000000000000e+04
5.289022007579243650e-02, 4.814000000000000000e+04
5.296951575806498752e-02, 3.080000000000000000e+02
5.304881144033753854e-02, 1.804700000000000000e+04
5.312810712261008955e-02, 3.211500000000000000e+04
5.320740280488264057e-02, 3.950600000000000000e+04
5.328669848715519158e-02, 3.880300000000000000e+04
5.336599416942774954e-02, 3.006900000000000000e+04
5.344528985170030055e-02, 1.502700000000000000e+04
5.352458553397285157e-02, 6.241900000000000000e+04
5.360388121624540259e-02, 4.503600000000000000e+04
5.368317689851795360e-02, 3.178900000000000000e+04
5.376247258079051156e-02, 2.558900000000000000e+04
5.384176826306306257e-02, 2.769700000000000000e+04
5.392106394533561359e-02, 3.765000000000000000e+04
5.400035962760816460e-02, 5.307400000000000000e+04
5.407965530988071562e-02, 5.569000000000000000e+03
5.415895099215327357e-02, 2.254200000000000000e+04
5.423824667442582459e-02, 3.480600000000000000e+04
5.431754235669837561e-02, 3.983600000000000000e+04
5.439683803897092662e-02, 3.680700000000000000e+04
5.447613372124347764e-02, 2.638600000000000000e+04
5.455542940351603559e-02, 1.048100000000000000e+04
5.463472508578858661e-02, 5.778600000000000000e+04
5.471402076806113762e-02, 4.110200000000000000e+04
5.479331645033368864e-02, 2.944700000000000000e+04
5.487261213260623965e-02, 2.531000000000000000e+04
5.495190781487879761e-02, 2.945400000000000000e+04
5.503120349715134862e-02, 4.103300000000000000e+04
5.511049917942389964e-02, 5.761000000000000000e+04
5.518979486169645066e-02, 1.025200000000000000e+04
5.526909054396900167e-02, 2.624600000000000000e+04
5.534838622624155963e-02, 3.670000000000000000e+04
5.542768190851411064e-02, 3.981900000000000000e+04
5.550697759078666166e-02, 3.484800000000000000e+04
5.558627327305921267e-02, 2.264200000000000000e+04
5.566556895533176369e-02, 5.609000000000000000e+03
5.574486463760432164e-02, 5.289800000000000000e+04
5.582416031987687266e-02, 3.729100000000000000e+04
5.590345600214942368e-02, 2.772800000000000000e+04
5.598275168442197469e-02, 2.598300000000000000e+04
5.606204736669452571e-02, 3.225600000000000000e+04
5.614134304896708366e-02, 4.513700000000000000e+04
5.622063873123963468e-02, 6.226600000000000000e+04
5.629993441351218569e-02, 1.470300000000000000e+04
5.637923009578473671e-02, 2.978200000000000000e+04
5.645852577805728773e-02, 3.864500000000000000e+04
5.653782146032984568e-02, 3.961700000000000000e+04
5.661711714260239670e-02, 3.239400000000000000e+04
5.669641282487494771e-02, 1.839900000000000000e+04
5.677570850714749873e-02, 5.720000000000000000e+02
5.685500418942004974e-02, 4.828200000000000000e+04
5.693429987169260076e-02, 3.394900000000000000e+04
5.701359555396515871e-02, 2.619200000000000000e+04
5.709289123623770973e-02, 2.649500000000000000e+04
5.717218691851026074e-02, 3.478600000000000000e+04
5.725148260078281176e-02, 4.929700000000000000e+04
5.733077828305536278e-02, 1.680000000000000000e+03
5.741007396532792073e-02, 1.927000000000000000e+04
5.748936964760047175e-02, 3.289500000000000000e+04
5.756866532987302276e-02, 3.976500000000000000e+04
5.764796101214557378e-02, 3.844100000000000000e+04
5.772725669441812479e-02, 2.926600000000000000e+04
5.780655237669068275e-02, 1.411100000000000000e+04
5.788584805896323376e-02, 6.149300000000000000e+04
5.796514374123578478e-02, 4.416700000000000000e+04
5.804443942350833580e-02, 3.122900000000000000e+04
5.812373510578088681e-02, 2.549600000000000000e+04
5.820303078805344477e-02, 2.796700000000000000e+04
5.828232647032599578e-02, 3.821900000000000000e+04
5.836162215259854680e-02, 5.404000000000000000e+04
5.844091783487109781e-02, 6.677000000000000000e+03
5.852021351714364883e-02, 2.349500000000000000e+04
5.859950919941620678e-02, 3.549800000000000000e+04
5.867880488168875780e-02, 4.023000000000000000e+04
5.875810056396130882e-02, 3.652700000000000000e+04
5.883739624623385983e-02, 2.531000000000000000e+04
5.891669192850641085e-02, 8.963000000000000000e+03
5.899598761077896880e-02, 5.626800000000000000e+04
5.907528329305151982e-02, 3.995400000000000000e+04
5.915457897532407083e-02, 2.899000000000000000e+04
5.923387465759662185e-02, 2.567100000000000000e+04
5.931317033986917286e-02, 3.042900000000000000e+04
5.939246602214173082e-02, 4.240600000000000000e+04
5.947176170441428183e-02, 5.904200000000000000e+04
5.955105738668683285e-02, 1.152500000000000000e+04
5.963035306895938387e-02, 2.735300000000000000e+04
5.970964875123193488e-02, 3.754300000000000000e+04
5.978894443350449284e-02, 4.012800000000000000e+04
5.986824011577704385e-02, 3.445100000000000000e+04
5.994753579804959487e-02, 2.162200000000000000e+04
6.002683148032214588e-02, 4.267000000000000000e+03
6.010612716259469690e-02, 5.166900000000000000e+04
6.018542284486725485e-02, 3.638100000000000000e+04
6.026471852713980587e-02, 2.711700000000000000e+04
6.034401420941235689e-02, 2.576700000000000000e+04
6.042330989168490790e-02, 3.255900000000000000e+04
6.050260557395745892e-02, 4.602800000000000000e+04
6.058190125623000993e-02, 6.353500000000000000e+04
6.066119693850256789e-02, 1.594900000000000000e+04
6.074049262077511890e-02, 3.064700000000000000e+04
6.081978830304766992e-02, 3.901400000000000000e+04
6.089908398532022094e-02, 3.937800000000000000e+04
6.097837966759277195e-02, 3.154500000000000000e+04
6.105767534986532991e-02, 1.713000000000000000e+04
6.113697103213788092e-02, 6.479900000000000000e+04
6.121626671441043194e-02, 4.713700000000000000e+04
6.129556239668298295e-02, 3.317600000000000000e+04
6.137485807895553397e-02, 2.595400000000000000e+04
6.145415376122809192e-02, 2.677800000000000000e+04
6.153344944350064294e-02, 3.562900000000000000e+04
6.161274512577319395e-02, 5.057200000000000000e+04
6.169204080804574497e-02, 3.047000000000000000e+03
6.177133649031829599e-02, 2.040600000000000000e+04
6.185063217259085394e-02, 3.362600000000000000e+04
6.192992785486340496e-02, 3.994100000000000000e+04
6.200922353713595597e-02, 3.806800000000000000e+04
6.208851921940850699e-02, 2.843500000000000000e+04
6.216781490168105800e-02, 1.287200000000000000e+04
6.224711058395361596e-02, 6.011000000000000000e+04
6.232640626622616697e-02, 4.301900000000000000e+04
6.240570194849871799e-02, 3.055000000000000000e+04
6.248499763077126901e-02, 2.536300000000000000e+04
6.256429331304382002e-02, 2.846200000000000000e+04
6.264358899531637104e-02, 3.928400000000000000e+04
6.272288467758892205e-02, 5.535200000000000000e+04
6.280218035986147307e-02, 7.930000000000000000e+03
6.288147604213403796e-02, 2.452200000000000000e+04
6.296077172440658898e-02, 3.606300000000000000e+04
6.304006740667913999e-02, 4.027600000000000000e+04
6.311936308895169101e-02, 3.621400000000000000e+04
6.319865877122424203e-02, 2.469200000000000000e+04
6.327795445349679304e-02, 8.220000000000000000e+03
6.335725013576934406e-02, 5.557400000000000000e+04
6.343654581804189507e-02, 3.936200000000000000e+04
6.351584150031444609e-02, 2.852600000000000000e+04
6.359513718258699710e-02, 2.544800000000000000e+04
6.367443286485956200e-02, 3.063000000000000000e+04
6.375372854713211301e-02, 4.292800000000000000e+04
6.383302422940466403e-02, 5.986500000000000000e+04
6.391231991167721505e-02, 1.250000000000000000e+04
6.399161559394976606e-02, 2.814000000000000000e+04
6.407091127622231708e-02, 3.793800000000000000e+04
6.415020695849486809e-02, 3.998300000000000000e+04
6.422950264076741911e-02, 3.371300000000000000e+04
6.430879832303997012e-02, 2.039700000000000000e+04
6.438809400531252114e-02, 2.942000000000000000e+03
6.446738968758508603e-02, 5.047800000000000000e+04
6.454668536985763705e-02, 3.551200000000000000e+04
6.462598105213018806e-02, 2.680300000000000000e+04
6.470527673440273908e-02, 2.621800000000000000e+04
6.478457241667529010e-02, 3.370000000000000000e+04
6.486386809894784111e-02, 4.742100000000000000e+04
6.494316378122039213e-02, 6.472200000000000000e+04
6.502245946349294314e-02, 1.684700000000000000e+04
6.510175514576549416e-02, 3.125900000000000000e+04
6.518105082803804518e-02, 3.920100000000000000e+04
6.526034651031061007e-02, 3.905000000000000000e+04
6.533964219258316108e-02, 3.090000000000000000e+04
6.541893787485571210e-02, 1.631000000000000000e+04
6.549823355712826312e-02, 6.379400000000000000e+04
6.557752923940081413e-02, 4.616700000000000000e+04
6.565682492167336515e-02, 3.252100000000000000e+04
6.573612060394591616e-02, 2.575800000000000000e+04
6.581541628621846718e-02, 2.717100000000000000e+04
6.589471196849101819e-02, 3.660000000000000000e+04
6.597400765076356921e-02, 5.186500000000000000e+04
6.605330333303612023e-02, 4.326000000000000000e+03
6.613259901530868512e-02, 2.150000000000000000e+04
6.621189469758123614e-02, 3.429500000000000000e+04
6.629119037985378715e-02, 4.008700000000000000e+04
6.637048606212633817e-02, 3.767700000000000000e+04
6.644978174439888918e-02, 2.749700000000000000e+04
6.652907742667144020e-02, 1.176400000000000000e+04
6.660837310894399121e-02, 5.916600000000000000e+04
6.668766879121654223e-02, 4.228400000000000000e+04
6.676696447348909325e-02, 3.011100000000000000e+04
6.684626015576164426e-02, 2.540300000000000000e+04
6.692555583803420916e-02, 2.896000000000000000e+04
6.700485152030676017e-02, 4.000200000000000000e+04
6.708414720257931119e-02, 5.620300000000000000e+04
6.716344288485186220e-02, 8.654000000000000000e+03
6.724273856712441322e-02, 2.499400000000000000e+04
6.732203424939696423e-02, 3.625800000000000000e+04
6.740132993166951525e-02, 4.009300000000000000e+04
6.748062561394206627e-02, 3.552200000000000000e+04
6.755992129621461728e-02, 2.347200000000000000e+04
6.763921697848716830e-02, 6.591000000000000000e+03
6.771851266075973319e-02, 5.394000000000000000e+04
6.779780834303228421e-02, 3.810400000000000000e+04
6.787710402530483522e-02, 2.791900000000000000e+04
6.795639970757738624e-02, 2.566200000000000000e+04
6.803569538984993725e-02, 3.163000000000000000e+04
6.811499107212248827e-02, 4.430900000000000000e+04
6.819428675439503929e-02, 6.111000000000000000e+04
6.827358243666759030e-02, 1.344900000000000000e+04
6.835287811894014132e-02, 2.881500000000000000e+04
6.843217380121269233e-02, 3.822400000000000000e+04
6.851146948348525723e-02, 3.971200000000000000e+04
6.859076516575780824e-02, 3.281900000000000000e+04
6.867006084803035926e-02, 1.921000000000000000e+04
6.874935653030291027e-02, 1.799000000000000000e+03
6.882865221257546129e-02, 4.968800000000000000e+04
6.890794789484801230e-02, 3.507500000000000000e+04
6.898724357712056332e-02, 2.668700000000000000e+04
6.906653925939311434e-02, 2.631600000000000000e+04
6.914583494166566535e-02, 3.420300000000000000e+04
6.922513062393821637e-02, 4.851400000000000000e+04
6.930442630621078126e-02, 6.930000000000000000e+02
6.938372198848333228e-02, 1.829800000000000000e+04
6.946301767075588329e-02, 3.224300000000000000e+04
6.954231335302843431e-02, 3.956100000000000000e+04
6.962160903530098532e-02, 3.882400000000000000e+04
6.970090471757353634e-02, 3.007700000000000000e+04
6.978020039984608736e-02, 1.520500000000000000e+04
6.985949608211863837e-02, 6.281000000000000000e+04
6.993879176439118939e-02, 4.539200000000000000e+04
7.001808744666374040e-02, 3.200600000000000000e+04
7.009738312893629142e-02, 2.569300000000000000e+04
7.017667881120885631e-02, 2.771800000000000000e+04
7.025597449348140733e-02, 3.765600000000000000e+04
7.033527017575395834e-02, 5.307400000000000000e+04
7.041456585802650936e-02, 5.334000000000000000e+03
7.049386154029906038e-02, 2.214700000000000000e+04
7.057315722257161139e-02, 3.459500000000000000e+04
7.065245290484416241e-02, 4.001700000000000000e+04
7.073174858711671342e-02, 3.709700000000000000e+04
7.081104426938926444e-02, 2.638100000000000000e+04
7.089033995166181545e-02, 1.019400000000000000e+04
7.096963563393438035e-02, 5.750000000000000000e+04
7.104893131620693136e-02, 4.092500000000000000e+04
7.112822699847948238e-02, 2.936200000000000000e+04
7.120752268075203339e-02, 2.528600000000000000e+04
7.128681836302458441e-02, 2.944400000000000000e+04
7.136611404529713543e-02, 4.101800000000000000e+04
7.144540972756968644e-02, 5.759300000000000000e+04
7.152470540984223746e-02, 1.024900000000000000e+04
7.160400109211478847e-02, 2.638800000000000000e+04
7.168329677438733949e-02, 3.708200000000000000e+04
7.176259245665990438e-02, 4.017600000000000000e+04
7.184188813893245540e-02, 3.483200000000000000e+04
7.192118382120500641e-02, 2.235600000000000000e+04
7.200047950347755743e-02, 5.418000000000000000e+03
7.207977518575010845e-02, 5.307800000000000000e+04
7.215907086802265946e-02, 3.759800000000000000e+04
7.223836655029521048e-02, 2.775000000000000000e+04
7.231766223256776149e-02, 2.571000000000000000e+04
7.239695791484031251e-02, 3.198700000000000000e+04
7.247625359711286352e-02, 4.497700000000000000e+04
7.255554927938542842e-02, 6.217600000000000000e+04
7.263484496165797943e-02, 1.450800000000000000e+04
7.271414064393053045e-02, 2.937900000000000000e+04
7.279343632620308147e-02, 3.824700000000000000e+04
7.287273200847563248e-02, 3.911400000000000000e+04
7.295202769074818350e-02, 3.187600000000000000e+04
7.303132337302073451e-02, 1.805000000000000000e+04
7.311061905529328553e-02, 3.860000000000000000e+02
7.318991473756583654e-02, 4.819200000000000000e+04
7.326921041983838756e-02, 3.391000000000000000e+04
7.334850610211093858e-02, 2.617600000000000000e+04
7.342780178438350347e-02, 2.649800000000000000e+04
7.350709746665605449e-02, 3.479200000000000000e+04
7.358639314892860550e-02, 4.929300000000000000e+04
7.366568883120115652e-02, 1.663000000000000000e+03
7.374498451347370753e-02, 1.926300000000000000e+04
7.382428019574625855e-02, 3.289700000000000000e+04
7.390357587801880956e-02, 3.977000000000000000e+04
7.398287156029136058e-02, 3.844400000000000000e+04
7.406216724256391160e-02, 2.924400000000000000e+04
7.414146292483646261e-02, 1.410300000000000000e+04
7.422075860710902750e-02, 6.150200000000000000e+04
7.430005428938157852e-02, 4.417900000000000000e+04
7.437934997165412954e-02, 3.123600000000000000e+04
7.445864565392668055e-02, 2.551000000000000000e+04
7.453794133619923157e-02, 2.797500000000000000e+04
7.461723701847178258e-02, 3.821400000000000000e+04
7.469653270074433360e-02, 5.402300000000000000e+04
7.477582838301688462e-02, 6.672000000000000000e+03
7.485512406528943563e-02, 2.349800000000000000e+04
7.493441974756198665e-02, 3.550200000000000000e+04
7.501371542983455154e-02, 4.023500000000000000e+04
7.509301111210710256e-02, 3.671000000000000000e+04
7.517230679437965357e-02, 2.570300000000000000e+04
7.525160247665220459e-02, 9.323000000000000000e+03
7.533089815892475560e-02, 5.649100000000000000e+04
7.541019384119730662e-02, 4.005600000000000000e+04
7.548948952346985763e-02, 2.887400000000000000e+04
7.556878520574240865e-02, 2.529900000000000000e+04
7.564808088801495967e-02, 3.005200000000000000e+04
7.572737657028751068e-02, 4.192600000000000000e+04
7.580667225256007558e-02, 5.852800000000000000e+04
7.588596793483262659e-02, 1.114800000000000000e+04
7.596526361710517761e-02, 2.714700000000000000e+04
7.604455929937772862e-02, 3.745400000000000000e+04
7.612385498165027964e-02, 4.008700000000000000e+04
7.620315066392283065e-02, 3.444000000000000000e+04
7.628244634619538167e-02, 2.168600000000000000e+04
7.636174202846793269e-02, 4.597000000000000000e+03
7.644103771074048370e-02, 5.206800000000000000e+04
7.652033339301303472e-02, 3.666100000000000000e+04
7.659962907528559961e-02, 2.726400000000000000e+04
7.667892475755815063e-02, 2.583800000000000000e+04
7.675822043983070164e-02, 3.259500000000000000e+04
7.683751612210325266e-02, 4.603600000000000000e+04
7.691681180437580367e-02, 6.352100000000000000e+04
7.699610748664835469e-02, 1.594000000000000000e+04
7.707540316892090571e-02, 3.064900000000000000e+04
7.715469885119345672e-02, 3.901800000000000000e+04
7.723399453346600774e-02, 3.938100000000000000e+04
7.731329021573855875e-02, 3.163200000000000000e+04
7.739258589801110977e-02, 1.747700000000000000e+04
7.747188158028367466e-02, 6.519000000000000000e+04
7.755117726255622568e-02, 4.759300000000000000e+04
7.763047294482877669e-02, 3.370700000000000000e+04
7.770976862710132771e-02, 2.636800000000000000e+04
7.778906430937387873e-02, 2.701700000000000000e+04
7.786835999164642974e-02, 3.573400000000000000e+04
7.794765567391898076e-02, 5.059800000000000000e+04
7.802695135619153177e-02, 3.055000000000000000e+03
7.810624703846408279e-02, 2.041400000000000000e+04
7.818554272073663380e-02, 3.363200000000000000e+04
7.826483840300919870e-02, 3.994500000000000000e+04
7.834413408528174971e-02, 3.795600000000000000e+04
7.842342976755430073e-02, 2.807100000000000000e+04
7.850272544982685174e-02, 1.249700000000000000e+04
7.858202113209940276e-02, 5.987400000000000000e+04
7.866131681437195378e-02, 4.289500000000000000e+04
7.874061249664450479e-02, 3.056000000000000000e+04
7.881990817891705581e-02, 2.567100000000000000e+04
7.889920386118960682e-02, 2.884400000000000000e+04
7.897849954346215784e-02, 3.954100000000000000e+04
7.905779522573472273e-02, 5.549100000000000000e+04
7.913709090800727375e-02, 7.990000000000000000e+03
7.921638659027982476e-02, 2.454300000000000000e+04
7.929568227255237578e-02, 3.607600000000000000e+04
7.937497795482492680e-02, 4.027500000000000000e+04
7.945427363709747781e-02, 3.621500000000000000e+04
7.953356931937002883e-02, 2.469400000000000000e+04
7.961286500164257984e-02, 8.216000000000000000e+03
7.969216068391513086e-02, 5.557800000000000000e+04
7.977145636618768187e-02, 3.937000000000000000e+04
7.985075204846024677e-02, 2.853100000000000000e+04
7.993004773073279778e-02, 2.545900000000000000e+04
8.000934341300534880e-02, 3.086000000000000000e+04
8.008863909527789982e-02, 4.332900000000000000e+04
8.016793477755045083e-02, 6.018800000000000000e+04
8.024723045982300185e-02, 1.268400000000000000e+04
8.032652614209555286e-02, 2.823300000000000000e+04
8.040582182436810388e-02, 3.798100000000000000e+04
8.048511750664065489e-02, 4.000100000000000000e+04
8.056441318891320591e-02, 3.376300000000000000e+04
8.064370887118575693e-02, 2.070400000000000000e+04
8.072300455345832182e-02, 3.343000000000000000e+03
8.080230023573087283e-02, 5.090600000000000000e+04
8.088159591800342385e-02, 3.604500000000000000e+04
8.096089160027597487e-02, 2.722200000000000000e+04
8.104018728254852588e-02, 2.621100000000000000e+04
8.111948296482107690e-02, 3.342400000000000000e+04
8.119877864709362791e-02, 4.718300000000000000e+04
8.127807432936617893e-02, 6.458200000000000000e+04
8.135737001163872995e-02, 1.676800000000000000e+04
8.143666569391128096e-02, 3.121700000000000000e+04
8.151596137618384585e-02, 3.918200000000000000e+04
8.159525705845639687e-02, 3.897700000000000000e+04
8.167455274072894789e-02, 3.056800000000000000e+04
8.175384842300149890e-02, 1.591600000000000000e+04
8.183314410527404992e-02, 6.353000000000000000e+04
8.191243978754660093e-02, 4.602500000000000000e+04
8.199173546981915195e-02, 3.248400000000000000e+04
8.207103115209170296e-02, 2.601500000000000000e+04
8.215032683436425398e-02, 2.756000000000000000e+04
8.222962251663680500e-02, 3.688600000000000000e+04
8.230891819890936989e-02, 5.202400000000000000e+04
8.238821388118192091e-02, 4.400000000000000000e+03
8.246750956345447192e-02, 2.152400000000000000e+04
8.254680524572702294e-02, 3.430900000000000000e+04
8.262610092799957395e-02, 4.008800000000000000e+04
8.270539661027212497e-02, 3.767700000000000000e+04
8.278469229254467598e-02, 2.749900000000000000e+04
8.286398797481722700e-02, 1.156100000000000000e+04
8.294328365708977802e-02, 5.877300000000000000e+04
8.302257933936232903e-02, 4.194700000000000000e+04
8.310187502163489393e-02, 2.991200000000000000e+04
8.318117070390744494e-02, 2.530900000000000000e+04
8.326046638617999596e-02, 2.909200000000000000e+04
8.333976206845254697e-02, 4.037600000000000000e+04
8.341905775072509799e-02, 5.658900000000000000e+04
8.349835343299764900e-02, 9.161000000000000000e+03
8.357764911527020002e-02, 2.550100000000000000e+04
8.365694479754275104e-02, 3.649400000000000000e+04
8.373624047981530205e-02, 3.991200000000000000e+04
8.381553616208785307e-02, 3.522800000000000000e+04
8.389483184436041796e-02, 2.327600000000000000e+04
8.397412752663296898e-02, 6.477000000000000000e+03
8.405342320890551999e-02, 5.388800000000000000e+04
8.413271889117807101e-02, 3.808200000000000000e+04
8.421201457345062202e-02, 2.789800000000000000e+04
8.429131025572317304e-02, 2.543700000000000000e+04
8.437060593799572406e-02, 3.122500000000000000e+04
8.444990162026827507e-02, 4.398300000000000000e+04
8.452919730254082609e-02, 6.092800000000000000e+04
8.460849298481337710e-02, 1.335100000000000000e+04
8.468778866708592812e-02, 2.876500000000000000e+04
8.476708434935849301e-02, 3.820100000000000000e+04
8.484638003163104403e-02, 3.972600000000000000e+04
8.492567571390359504e-02, 3.308700000000000000e+04
8.500497139617614606e-02, 1.961100000000000000e+04
8.508426707844869707e-02, 1.987000000000000000e+03
8.516356276072124809e-02, 4.949100000000000000e+04
8.524285844299379911e-02, 3.478000000000000000e+04
8.532215412526635012e-02, 2.648700000000000000e+04
8.540144980753890114e-02, 2.620800000000000000e+04
8.548074548981145215e-02, 3.407400000000000000e+04
8.556004117208401705e-02, 4.815100000000000000e+04
8.563933685435656806e-02, 2.910000000000000000e+02
8.571863253662911908e-02, 1.801500000000000000e+04
8.579792821890167009e-02, 3.209900000000000000e+04
8.587722390117422111e-02, 3.949700000000000000e+04
8.595651958344677213e-02, 3.879600000000000000e+04
8.603581526571932314e-02, 3.007400000000000000e+04
8.611511094799187416e-02, 1.505700000000000000e+04
8.619440663026442517e-02, 6.243200000000000000e+04
8.627370231253697619e-02, 4.503000000000000000e+04
8.635299799480954108e-02, 3.178000000000000000e+04
8.643229367708209210e-02, 2.558200000000000000e+04
8.651158935935464311e-02, 2.756800000000000000e+04
8.659088504162719413e-02, 3.728000000000000000e+04
8.667018072389974515e-02, 5.269600000000000000e+04
8.674947640617229616e-02, 5.316000000000000000e+03
8.682877208844484718e-02, 2.242000000000000000e+04
8.690806777071739819e-02, 3.480800000000000000e+04
8.698736345298994921e-02, 3.985800000000000000e+04
8.706665913526250022e-02, 3.678300000000000000e+04
8.714595481753506512e-02, 2.615900000000000000e+04
8.722525049980761613e-02, 1.006600000000000000e+04
8.730454618208016715e-02, 5.743600000000000000e+04
8.738384186435271817e-02, 4.090000000000000000e+04
8.746313754662526918e-02, 2.934500000000000000e+04
8.754243322889782020e-02, 2.539600000000000000e+04
8.762172891117037121e-02, 2.980700000000000000e+04
8.770102459344292223e-02, 4.138700000000000000e+04
8.778032027571547324e-02, 5.782300000000000000e+04
8.785961595798802426e-02, 1.037000000000000000e+04
8.793891164026057528e-02, 2.644600000000000000e+04
8.801820732253314017e-02, 3.710700000000000000e+04
8.809750300480569118e-02, 4.019200000000000000e+04
8.817679868707824220e-02, 3.505300000000000000e+04
8.825609436935079322e-02, 2.275700000000000000e+04
8.833539005162334423e-02, 5.684000000000000000e+03
8.841468573389589525e-02, 5.294000000000000000e+04
8.849398141616844626e-02, 3.730000000000000000e+04
8.857327709844099728e-02, 2.752900000000000000e+04
8.865257278071354829e-02, 2.558600000000000000e+04
8.873186846298609931e-02, 3.193100000000000000e+04
8.881116414525866420e-02, 4.495900000000000000e+04
8.889045982753121522e-02, 6.216300000000000000e+04
8.896975550980376624e-02, 1.463400000000000000e+04
8.904905119207631725e-02, 2.974900000000000000e+04
8.912834687434886827e-02, 3.862200000000000000e+04
8.920764255662141928e-02, 3.937000000000000000e+04
8.928693823889397030e-02, 3.199300000000000000e+04
8.936623392116652131e-02, 1.809900000000000000e+04
8.944552960343907233e-02, 4.020000000000000000e+02
8.952482528571162335e-02, 4.819000000000000000e+04
8.960412096798418824e-02, 3.390300000000000000e+04
8.968341665025673926e-02, 2.617100000000000000e+04
8.976271233252929027e-02, 2.650300000000000000e+04
8.984200801480184129e-02, 3.480000000000000000e+04
8.992130369707439230e-02, 4.929100000000000000e+04
9.000059937934694332e-02, 1.657000000000000000e+03
9.007989506161949433e-02, 1.925900000000000000e+04
9.015919074389204535e-02, 3.289000000000000000e+04
9.023848642616459637e-02, 3.975800000000000000e+04
9.031778210843714738e-02, 3.844400000000000000e+04
9.039707779070971227e-02, 2.923900000000000000e+04
9.047637347298226329e-02, 1.410100000000000000e+04
9.055566915525481431e-02, 6.151200000000000000e+04
9.063496483752736532e-02, 4.419700000000000000e+04
9.071426051979991634e-02, 3.124100000000000000e+04
9.079355620207246735e-02, 2.557800000000000000e+04
9.087285188434501837e-02, 2.830600000000000000e+04
9.095214756661756939e-02, 3.860200000000000000e+04
9.103144324889012040e-02, 5.428100000000000000e+04
9.111073893116267142e-02, 6.810000000000000000e+03
9.119003461343523631e-02, 2.352900000000000000e+04
9.126933029570778733e-02, 3.523600000000000000e+04
9.134862597798033834e-02, 3.984500000000000000e+04
9.142792166025288936e-02, 3.640500000000000000e+04
9.150721734252544037e-02, 2.553900000000000000e+04
9.158651302479799139e-02, 9.255000000000000000e+03
9.166580870707054240e-02, 5.646800000000000000e+04
9.174510438934309342e-02, 4.004900000000000000e+04
9.182440007161564444e-02, 2.888300000000000000e+04
9.190369575388819545e-02, 2.530500000000000000e+04
9.198299143616074647e-02, 3.005100000000000000e+04
9.206228711843331136e-02, 4.193200000000000000e+04
9.214158280070586238e-02, 5.852500000000000000e+04
9.222087848297841339e-02, 1.114100000000000000e+04
9.230017416525096441e-02, 2.714100000000000000e+04
9.237946984752351542e-02, 3.745000000000000000e+04
9.245876552979606644e-02, 3.990600000000000000e+04
9.253806121206861746e-02, 3.404800000000000000e+04
9.261735689434116847e-02, 2.128700000000000000e+04
9.269665257661371949e-02, 4.075000000000000000e+03
9.277594825888627050e-02, 5.156400000000000000e+04
9.285524394115883540e-02, 3.645500000000000000e+04
9.293453962343138641e-02, 2.746400000000000000e+04
9.301383530570393743e-02, 2.614200000000000000e+04
9.309313098797648844e-02, 3.281600000000000000e+04
9.317242667024903946e-02, 4.614500000000000000e+04
9.325172235252159048e-02, 6.356300000000000000e+04
9.333101803479414149e-02, 1.595300000000000000e+04
9.341031371706669251e-02, 3.065000000000000000e+04
9.348960939933924352e-02, 3.900800000000000000e+04
9.356890508161179454e-02, 3.938000000000000000e+04
9.364820076388435943e-02, 3.157900000000000000e+04
9.372749644615691045e-02, 1.716000000000000000e+04
9.380679212842946146e-02, 6.479600000000000000e+04
9.388608781070201248e-02, 4.713200000000000000e+04
9.396538349297456350e-02, 3.316700000000000000e+04
9.404467917524711451e-02, 2.595600000000000000e+04
9.412397485751966553e-02, 2.678900000000000000e+04
9.420327053979221654e-02, 3.562100000000000000e+04
9.428256622206476756e-02, 5.053600000000000000e+04
9.436186190433731857e-02, 3.029000000000000000e+03
9.444115758660988347e-02, 2.039800000000000000e+04
9.452045326888243448e-02, 3.339200000000000000e+04
9.459974895115498550e-02, 3.954500000000000000e+04
9.467904463342753651e-02, 3.772400000000000000e+04
9.475834031570008753e-02, 2.823800000000000000e+04
9.483763599797263855e-02, 1.279700000000000000e+04
9.491693168024518956e-02, 6.009700000000000000e+04
9.499622736251774058e-02, 4.301400000000000000e+04
9.507552304479029159e-02, 3.055200000000000000e+04
9.515481872706284261e-02, 2.536600000000000000e+04
9.523411440933539363e-02, 2.845500000000000000e+04
9.531341009160795852e-02, 3.924200000000000000e+04
9.539270577388050953e-02, 5.533700000000000000e+04
9.547200145615306055e-02, 7.935000000000000000e+03
9.555129713842561157e-02, 2.452800000000000000e+04
9.563059282069816258e-02, 3.607400000000000000e+04
9.570988850297071360e-02, 4.026500000000000000e+04
9.578918418524326461e-02, 3.621000000000000000e+04
9.586847986751581563e-02, 2.468200000000000000e+04
9.594777554978836664e-02, 7.966000000000000000e+03
9.602707123206091766e-02, 5.517900000000000000e+04
9.610636691433348255e-02, 3.906200000000000000e+04
9.618566259660603357e-02, 2.836100000000000000e+04
9.626495827887858459e-02, 2.537200000000000000e+04
9.634425396115113560e-02, 3.079700000000000000e+04
9.642354964342368662e-02, 4.330800000000000000e+04
9.650284532569623763e-02, 6.019100000000000000e+04
9.658214100796878865e-02, 1.269200000000000000e+04
9.666143669024133966e-02, 2.823900000000000000e+04
9.674073237251389068e-02, 3.797200000000000000e+04
9.682002805478644170e-02, 3.999800000000000000e+04
9.689932373705900659e-02, 3.374200000000000000e+04
9.697861941933155761e-02, 2.043500000000000000e+04
9.705791510160410862e-02, 2.944000000000000000e+03
9.713721078387665964e-02, 5.047400000000000000e+04
9.721650646614921065e-02, 3.550400000000000000e+04
9.729580214842176167e-02, 2.677200000000000000e+04
9.737509783069431268e-02, 2.595100000000000000e+04
9.745439351296686370e-02, 3.329300000000000000e+04
9.753368919523941472e-02, 4.714000000000000000e+04
9.761298487751196573e-02, 6.457200000000000000e+04
9.769228055978453062e-02, 1.675200000000000000e+04
9.777157624205708164e-02, 3.119000000000000000e+04
9.785087192432963266e-02, 3.916900000000000000e+04
9.793016760660218367e-02, 3.902500000000000000e+04
9.800946328887473469e-02, 3.088300000000000000e+04
9.808875897114728570e-02, 1.631700000000000000e+04
9.816805465341983672e-02, 6.395100000000000000e+04
9.824735033569238773e-02, 4.655400000000000000e+04
9.832664601796493875e-02, 3.289900000000000000e+04
9.840594170023748977e-02, 2.600100000000000000e+04
9.848523738251005466e-02, 2.728500000000000000e+04
9.856453306478260568e-02, 3.661100000000000000e+04
9.864382874705515669e-02, 5.186100000000000000e+04
9.872312442932770771e-02, 4.337000000000000000e+03
9.880242011160025872e-02, 2.150700000000000000e+04
9.888171579387280974e-02, 3.430600000000000000e+04
9.896101147614536075e-02, 4.007900000000000000e+04
9.904030715841791177e-02, 3.767000000000000000e+04
9.911960284069046279e-02, 2.750200000000000000e+04
9.919889852296301380e-02, 1.156700000000000000e+04
9.927819420523556482e-02, 5.877700000000000000e+04
9.935748988750812971e-02, 4.198500000000000000e+04
9.943678556978068073e-02, 3.020800000000000000e+04
9.951608125205323174e-02, 2.571100000000000000e+04
9.959537693432578276e-02, 2.936700000000000000e+04
9.967467261659833377e-02, 4.052700000000000000e+04
9.975396829887088479e-02, 5.667000000000000000e+04
9.983326398114343581e-02, 9.201000000000000000e+03
9.991255966341598682e-02, 2.551900000000000000e+04
9.999185534568853784e-02, 3.659900000000000000e+04
1.000711510279610889e-01, 4.027000000000000000e+04
1.001504467102336537e-01, 3.561500000000000000e+04
1.002297423925062048e-01, 2.354400000000000000e+04
1.003090380747787558e-01, 6.609000000000000000e+03
1.003883337570513068e-01, 5.393900000000000000e+04
1.004676294393238578e-01, 3.809800000000000000e+04
1.005469251215964088e-01, 2.790300000000000000e+04
1.006262208038689598e-01, 2.545000000000000000e+04
1.007055164861415109e-01, 3.122900000000000000e+04
1.007848121684140619e-01, 4.399000000000000000e+04
1.008641078506866129e-01, 6.094300000000000000e+04
1.009434035329591778e-01, 1.334600000000000000e+04
1.010226992152317288e-01, 2.874100000000000000e+04
1.011019948975042798e-01, 3.818500000000000000e+04
1.011812905797768308e-01, 3.972500000000000000e+04
1.012605862620493818e-01, 3.309100000000000000e+04
1.013398819443219329e-01, 1.961400000000000000e+04
1.014191776265944839e-01, 2.069000000000000000e+03
1.014984733088670349e-01, 4.983400000000000000e+04
1.015777689911395859e-01, 3.517000000000000000e+04
1.016570646734121369e-01, 2.675300000000000000e+04
1.017363603556847018e-01, 2.634500000000000000e+04
1.018156560379572528e-01, 3.418400000000000000e+04
1.018949517202298038e-01, 4.848800000000000000e+04
1.019742474025023549e-01, 6.980000000000000000e+02
1.020535430847749059e-01, 1.830300000000000000e+04
1.021328387670474569e-01, 3.225300000000000000e+04
1.022121344493200079e-01, 3.955900000000000000e+04
1.022914301315925589e-01, 3.881300000000000000e+04
1.023707258138651099e-01, 3.008400000000000000e+04
1.024500214961376610e-01, 1.517400000000000000e+04
1.025293171784102120e-01, 6.280000000000000000e+04
1.026086128606827769e-01, 4.541600000000000000e+04
1.026879085429553279e-01, 3.204200000000000000e+04
1.027672042252278789e-01, 2.571000000000000000e+04
1.028464999075004299e-01, 2.769100000000000000e+04
1.029257955897729809e-01, 3.763300000000000000e+04
1.030050912720455319e-01, 5.309100000000000000e+04
1.030843869543180830e-01, 5.408000000000000000e+03
1.031636826365906340e-01, 2.216900000000000000e+04
1.032429783188631850e-01, 3.456800000000000000e+04
1.033222740011357360e-01, 3.998400000000000000e+04
1.034015696834083009e-01, 3.708700000000000000e+04
1.034808653656808519e-01, 2.641500000000000000e+04
1.035601610479534029e-01, 1.020600000000000000e+04
1.036394567302259540e-01, 5.749300000000000000e+04
1.037187524124985050e-01, 4.091900000000000000e+04
1.037980480947710560e-01, 2.935100000000000000e+04
1.038773437770436070e-01, 2.528700000000000000e+04
1.039566394593161580e-01, 2.944400000000000000e+04
1.040359351415887090e-01, 4.100000000000000000e+04
1.041152308238612600e-01, 5.735200000000000000e+04
1.041945265061338249e-01, 9.844000000000000000e+03
1.042738221884063760e-01, 2.604800000000000000e+04
1.043531178706789270e-01, 3.688300000000000000e+04
1.044324135529514780e-01, 4.009600000000000000e+04
1.045117092352240290e-01, 3.484900000000000000e+04
1.045910049174965800e-01, 2.235700000000000000e+04
1.046703005997691310e-01, 5.330000000000000000e+03
1.047495962820416820e-01, 5.273000000000000000e+04
1.048288919643142331e-01, 3.719200000000000000e+04
1.049081876465867841e-01, 2.747900000000000000e+04
1.049874833288593490e-01, 2.556400000000000000e+04
1.050667790111319000e-01, 3.194300000000000000e+04
1.051460746934044510e-01, 4.522100000000000000e+04
1.052253703756770020e-01, 6.256500000000000000e+04
1.053046660579495530e-01, 1.494700000000000000e+04
1.053839617402221041e-01, 2.992400000000000000e+04
1.054632574224946551e-01, 3.871000000000000000e+04
1.055425531047672061e-01, 3.962800000000000000e+04
1.056218487870397571e-01, 3.240600000000000000e+04
1.057011444693123081e-01, 1.844400000000000000e+04
1.057804401515848730e-01, 6.050000000000000000e+02
1.058597358338574240e-01, 4.828000000000000000e+04
1.059390315161299750e-01, 3.394600000000000000e+04
1.060183271984025261e-01, 2.618400000000000000e+04
1.060976228806750771e-01, 2.650700000000000000e+04
1.061769185629476281e-01, 3.480500000000000000e+04
1.062562142452201791e-01, 4.928700000000000000e+04
1.063355099274927301e-01, 1.528000000000000000e+03
1.064148056097652811e-01, 1.888400000000000000e+04
1.064941012920378322e-01, 3.251100000000000000e+04
1.065733969743103832e-01, 3.951400000000000000e+04
1.066526926565829481e-01, 3.832200000000000000e+04
1.067319883388554991e-01, 2.909200000000000000e+04
1.068112840211280501e-01, 1.372700000000000000e+04
1.068905797034006011e-01, 6.111900000000000000e+04
1.069698753856731521e-01, 4.393800000000000000e+04
1.070491710679457031e-01, 3.111000000000000000e+04
1.071284667502182542e-01, 2.545800000000000000e+04
1.072077624324908052e-01, 2.795700000000000000e+04
1.072870581147633562e-01, 3.819900000000000000e+04
1.073663537970359072e-01, 5.399000000000000000e+04
1.074456494793084721e-01, 6.659000000000000000e+03
1.075249451615810231e-01, 2.349900000000000000e+04
1.076042408438535741e-01, 3.550200000000000000e+04
1.076835365261261251e-01, 4.024200000000000000e+04
1.077628322083986762e-01, 3.659400000000000000e+04
1.078421278906712272e-01, 2.533900000000000000e+04
1.079214235729437782e-01, 8.954000000000000000e+03
1.080007192552163292e-01, 5.626200000000000000e+04
1.080800149374888802e-01, 3.993600000000000000e+04
1.081593106197614312e-01, 2.882800000000000000e+04
1.082386063020339961e-01, 2.528100000000000000e+04
1.083179019843065471e-01, 3.004600000000000000e+04
1.083971976665790982e-01, 4.213600000000000000e+04
1.084764933488516492e-01, 5.892200000000000000e+04
1.085557890311242002e-01, 1.148200000000000000e+04
1.086350847133967512e-01, 2.734300000000000000e+04
1.087143803956693022e-01, 3.754600000000000000e+04
1.087936760779418532e-01, 4.011300000000000000e+04
1.088729717602144043e-01, 3.445100000000000000e+04
1.089522674424869553e-01, 2.165500000000000000e+04
1.090315631247595202e-01, 4.307000000000000000e+03
1.091108588070320712e-01, 5.167100000000000000e+04
1.091901544893046222e-01, 3.637800000000000000e+04
1.092694501715771732e-01, 2.711000000000000000e+04
1.093487458538497242e-01, 2.577600000000000000e+04
1.094280415361222752e-01, 3.279900000000000000e+04
1.095073372183948263e-01, 4.642300000000000000e+04
1.095866329006673773e-01, 6.383300000000000000e+04
1.096659285829399283e-01, 1.611700000000000000e+04
1.097452242652124793e-01, 3.073600000000000000e+04
1.098245199474850303e-01, 3.904800000000000000e+04
1.099038156297575952e-01, 3.939700000000000000e+04
1.099831113120301462e-01, 3.162200000000000000e+04
1.100624069943026972e-01, 1.745800000000000000e+04
1.101417026765752483e-01, 6.519800000000000000e+04
1.102209983588477993e-01, 4.743000000000000000e+04
1.103002940411203503e-01, 3.332900000000000000e+04
1.103795897233929013e-01, 2.602900000000000000e+04
1.104588854056654523e-01, 2.681700000000000000e+04
1.105381810879380033e-01, 3.563200000000000000e+04
1.106174767702105544e-01, 5.052900000000000000e+04
1.106967724524831193e-01, 3.023000000000000000e+03
1.107760681347556703e-01, 2.041100000000000000e+04
1.108553638170282213e-01, 3.362900000000000000e+04
1.109346594993007723e-01, 3.995100000000000000e+04
1.110139551815733233e-01, 3.799300000000000000e+04
1.110932508638458743e-01, 2.810000000000000000e+04
1.111725465461184253e-01, 1.249300000000000000e+04
1.112518422283909764e-01, 5.987000000000000000e+04
1.113311379106635274e-01, 4.288600000000000000e+04
1.114104335929360784e-01, 3.048800000000000000e+04
1.114897292752086433e-01, 2.533700000000000000e+04
1.115690249574811943e-01, 2.844300000000000000e+04
1.116483206397537453e-01, 3.923800000000000000e+04
1.117276163220262963e-01, 5.533500000000000000e+04
1.118069120042988474e-01, 7.934000000000000000e+03
1.118862076865713984e-01, 2.452800000000000000e+04
1.119655033688439494e-01, 3.607400000000000000e+04
1.120447990511165004e-01, 4.018400000000000000e+04
1.121240947333890514e-01, 3.586700000000000000e+04
1.122033904156616024e-01, 2.429400000000000000e+04
1.122826860979341673e-01, 7.712000000000000000e+03
1.123619817802067183e-01, 5.504300000000000000e+04
1.124412774624792694e-01, 3.899700000000000000e+04
1.125205731447518204e-01, 2.833200000000000000e+04
1.125998688270243714e-01, 2.536000000000000000e+04
1.126791645092969224e-01, 3.078100000000000000e+04
1.127584601915694734e-01, 4.330200000000000000e+04
1.128377558738420244e-01, 6.019000000000000000e+04
1.129170515561145755e-01, 1.268800000000000000e+04
1.129963472383871265e-01, 2.824300000000000000e+04
1.130756429206596914e-01, 3.798000000000000000e+04
1.131549386029322424e-01, 4.000300000000000000e+04
1.132342342852047934e-01, 3.374800000000000000e+04
1.133135299674773444e-01, 2.044700000000000000e+04
1.133928256497498954e-01, 2.945000000000000000e+03
1.134721213320224464e-01, 5.046900000000000000e+04
1.135514170142949975e-01, 3.549900000000000000e+04
1.136307126965675485e-01, 2.677100000000000000e+04
1.137100083788400995e-01, 2.614000000000000000e+04
1.137893040611126505e-01, 3.368700000000000000e+04
1.138685997433852015e-01, 4.754100000000000000e+04
1.139478954256577664e-01, 6.509700000000000000e+04
1.140271911079303174e-01, 1.725000000000000000e+04
1.141064867902028684e-01, 3.151600000000000000e+04
1.141857824724754195e-01, 3.933500000000000000e+04
1.142650781547479705e-01, 3.906900000000000000e+04
1.143443738370205215e-01, 3.062800000000000000e+04
1.144236695192930725e-01, 1.592500000000000000e+04
1.145029652015656235e-01, 6.352800000000000000e+04
1.145822608838381745e-01, 4.601800000000000000e+04
1.146615565661107256e-01, 3.245400000000000000e+04
1.147408522483832904e-01, 2.595100000000000000e+04
1.148201479306558415e-01, 2.755300000000000000e+04
1.148994436129283925e-01, 3.682300000000000000e+04
1.149787392952009435e-01, 5.170300000000000000e+04
1.150580349774734945e-01, 4.027000000000000000e+03
1.151373306597460455e-01, 2.126800000000000000e+04
1.152166263420185965e-01, 3.417600000000000000e+04
1.152959220242911476e-01, 3.998100000000000000e+04
1.153752177065636986e-01, 3.734600000000000000e+04
1.154545133888362496e-01, 2.709300000000000000e+04
1.155338090711088145e-01, 1.128100000000000000e+04
1.156131047533813655e-01, 5.862100000000000000e+04
1.156924004356539165e-01, 4.187900000000000000e+04
1.157716961179264675e-01, 2.988900000000000000e+04
1.158509918001990185e-01, 2.529500000000000000e+04
1.159302874824715696e-01, 2.895500000000000000e+04
1.160095831647441206e-01, 4.000100000000000000e+04
1.160888788470166716e-01, 5.620900000000000000e+04
1.161681745292892226e-01, 8.907000000000000000e+03
1.162474702115617736e-01, 2.537900000000000000e+04
1.163267658938343385e-01, 3.648500000000000000e+04
1.164060615761068895e-01, 3.992700000000000000e+04
1.164853572583794405e-01, 3.521500000000000000e+04
1.165646529406519916e-01, 2.327600000000000000e+04
1.166439486229245426e-01, 6.465000000000000000e+03
1.167232443051970936e-01, 5.386900000000000000e+04
1.168025399874696446e-01, 3.806700000000000000e+04
1.168818356697421956e-01, 2.789100000000000000e+04
1.169611313520147466e-01, 2.557800000000000000e+04
1.170404270342872977e-01, 3.160200000000000000e+04
1.171197227165598487e-01, 4.438300000000000000e+04
1.171990183988324136e-01, 6.144600000000000000e+04
1.172783140811049646e-01, 1.386700000000000000e+04
1.173576097633775156e-01, 2.910400000000000000e+04
1.174369054456500666e-01, 3.837900000000000000e+04
1.175162011279226176e-01, 3.980700000000000000e+04
1.175954968101951686e-01, 3.310200000000000000e+04
1.176747924924677197e-01, 1.962300000000000000e+04
1.177540881747402707e-01, 2.012000000000000000e+03
1.178333838570128217e-01, 4.951100000000000000e+04
1.179126795392853727e-01, 3.478500000000000000e+04
1.179919752215579376e-01, 2.664900000000000000e+04
1.180712709038304886e-01, 2.659200000000000000e+04
1.181505665861030396e-01, 3.445200000000000000e+04
1.182298622683755907e-01, 4.840000000000000000e+04
1.183091579506481417e-01, 3.950000000000000000e+02
1.183884536329206927e-01, 1.804200000000000000e+04
1.184677493151932437e-01, 3.210300000000000000e+04
1.185470449974657947e-01, 3.948600000000000000e+04
1.186263406797383457e-01, 3.877400000000000000e+04
1.187056363620108967e-01, 3.007300000000000000e+04
1.187849320442834616e-01, 1.515600000000000000e+04
1.188642277265560127e-01, 6.278900000000000000e+04
1.189435234088285637e-01, 4.542500000000000000e+04
1.190228190911011147e-01, 3.205400000000000000e+04
1.191021147733736657e-01, 2.571800000000000000e+04
1.191814104556462167e-01, 2.763800000000000000e+04
1.192607061379187677e-01, 3.731500000000000000e+04
1.193400018201913187e-01, 5.269600000000000000e+04
1.194192975024638698e-01, 5.294000000000000000e+03
1.194985931847364208e-01, 2.240800000000000000e+04
1.195778888670089857e-01, 3.483400000000000000e+04
1.196571845492815367e-01, 3.990100000000000000e+04
1.197364802315540877e-01, 3.678100000000000000e+04
1.198157759138266387e-01, 2.616000000000000000e+04
1.198950715960991897e-01, 1.005800000000000000e+04
1.199743672783717408e-01, 5.741800000000000000e+04
1.200536629606442918e-01, 4.088400000000000000e+04
1.201329586429168428e-01, 2.933600000000000000e+04
1.202122543251893938e-01, 2.529000000000000000e+04
1.202915500074619448e-01, 2.944900000000000000e+04
1.203708456897345097e-01, 4.099900000000000000e+04
1.204501413720070607e-01, 5.736900000000000000e+04
1.205294370542796117e-01, 9.844000000000000000e+03
1.206087327365521628e-01, 2.603600000000000000e+04
1.206880284188247138e-01, 3.687200000000000000e+04
1.207673241010972648e-01, 4.008900000000000000e+04
1.208466197833698158e-01, 3.499200000000000000e+04
1.209259154656423668e-01, 2.273700000000000000e+04
1.210052111479149178e-01, 5.696000000000000000e+03
1.210845068301874689e-01, 5.296000000000000000e+04
1.211638025124600199e-01, 3.730500000000000000e+04
1.212430981947325848e-01, 2.753700000000000000e+04
1.213223938770051358e-01, 2.558900000000000000e+04
1.214016895592776868e-01, 3.193700000000000000e+04
1.214809852415502378e-01, 4.498600000000000000e+04
1.215602809238227888e-01, 6.216100000000000000e+04
1.216395766060953398e-01, 1.461500000000000000e+04
1.217188722883678909e-01, 2.973300000000000000e+04
1.217981679706404419e-01, 3.862000000000000000e+04
1.218774636529129929e-01, 3.958000000000000000e+04
1.219567593351855439e-01, 3.239000000000000000e+04
1.220360550174581088e-01, 1.848200000000000000e+04
1.221153506997306598e-01, 9.070000000000000000e+02
1.221946463820032108e-01, 4.868400000000000000e+04
1.222739420642757618e-01, 3.424400000000000000e+04
1.223532377465483129e-01, 2.634500000000000000e+04
1.224325334288208639e-01, 2.659800000000000000e+04
1.225118291110934149e-01, 3.509600000000000000e+04
1.225911247933659659e-01, 4.970000000000000000e+04
1.226704204756385169e-01, 1.958000000000000000e+03
1.227497161579110679e-01, 1.942600000000000000e+04
1.228290118401836328e-01, 3.297100000000000000e+04
1.229083075224561838e-01, 3.978400000000000000e+04
1.229876032047287349e-01, 3.845700000000000000e+04
1.230668988870012859e-01, 2.922200000000000000e+04
1.231461945692738369e-01, 1.408600000000000000e+04
1.232254902515463879e-01, 6.152400000000000000e+04
1.233047859338189389e-01, 4.421600000000000000e+04
1.233840816160914899e-01, 3.125500000000000000e+04
1.234633772983640410e-01, 2.552800000000000000e+04
1.235426729806365920e-01, 2.799200000000000000e+04
1.236219686629091569e-01, 3.820700000000000000e+04
1.237012643451817079e-01, 5.397600000000000000e+04
1.237805600274542589e-01, 6.650000000000000000e+03
1.238598557097268099e-01, 2.350100000000000000e+04
1.239391513919993609e-01, 3.550700000000000000e+04
1.240184470742719119e-01, 4.024500000000000000e+04
1.240977427565444630e-01, 3.668800000000000000e+04
1.241770384388170140e-01, 2.569200000000000000e+04
1.242563341210895650e-01, 9.341000000000000000e+03
1.243356298033621160e-01, 5.652000000000000000e+04
1.244149254856346670e-01, 4.006800000000000000e+04
1.244942211679072319e-01, 2.889400000000000000e+04
1.245735168501797829e-01, 2.531100000000000000e+04
1.246528125324523339e-01, 3.005100000000000000e+04
1.247321082147248850e-01, 4.196000000000000000e+04
1.248114038969974360e-01, 5.852900000000000000e+04
1.248906995792699870e-01, 1.112300000000000000e+04
1.249699952615425380e-01, 2.712400000000000000e+04
1.250492909438150890e-01, 3.744000000000000000e+04
1.251285866260876400e-01, 4.005800000000000000e+04
1.252078823083601911e-01, 3.442900000000000000e+04
1.252871779906327421e-01, 2.165700000000000000e+04
1.253664736729052931e-01, 4.322000000000000000e+03
1.254457693551778441e-01, 5.167600000000000000e+04
1.255250650374503951e-01, 3.637400000000000000e+04
1.256043607197229461e-01, 2.710600000000000000e+04
1.256836564019955249e-01, 2.577200000000000000e+04
1.257629520842680759e-01, 3.278700000000000000e+04
1.258422477665406269e-01, 4.642000000000000000e+04
1.259215434488131780e-01, 6.383800000000000000e+04
1.260008391310857290e-01, 1.612200000000000000e+04
1.260801348133582800e-01, 3.073900000000000000e+04
1.261594304956308310e-01, 3.903800000000000000e+04
1.262387261779033820e-01, 3.939400000000000000e+04
1.263180218601759330e-01, 3.160100000000000000e+04
1.263973175424484841e-01, 1.718800000000000000e+04
1.264766132247210351e-01, 6.479900000000000000e+04
1.265559089069935861e-01, 4.722600000000000000e+04
1.266352045892661371e-01, 3.351700000000000000e+04
1.267145002715386881e-01, 2.633700000000000000e+04
1.267937959538112391e-01, 2.705000000000000000e+04
1.268730916360837901e-01, 3.574900000000000000e+04
1.269523873183563412e-01, 5.056600000000000000e+04
1.270316830006288922e-01, 3.030000000000000000e+03
1.271109786829014432e-01, 2.041700000000000000e+04
1.271902743651739942e-01, 3.363600000000000000e+04
1.272695700474465730e-01, 3.995500000000000000e+04
1.273488657297191240e-01, 3.800900000000000000e+04
1.274281614119916750e-01, 2.812000000000000000e+04
1.275074570942642260e-01, 1.249000000000000000e+04
1.275867527765367770e-01, 5.985900000000000000e+04
1.276660484588093281e-01, 4.287700000000000000e+04
1.277453441410818791e-01, 3.048800000000000000e+04
1.278246398233544301e-01, 2.534600000000000000e+04
1.279039355056269811e-01, 2.844200000000000000e+04
1.279832311878995321e-01, 3.921100000000000000e+04
1.280625268701720831e-01, 5.531700000000000000e+04
1.281418225524446342e-01, 7.938000000000000000e+03
1.282211182347171852e-01, 2.453800000000000000e+04
1.283004139169897362e-01, 3.608100000000000000e+04
1.283797095992622872e-01, 4.020500000000000000e+04
1.284590052815348382e-01, 3.588500000000000000e+04
1.285383009638073892e-01, 2.429100000000000000e+04
1.286175966460799402e-01, 7.712000000000000000e+03
1.286968923283524913e-01, 5.503800000000000000e+04
1.287761880106250423e-01, 3.898700000000000000e+04
1.288554836928975933e-01, 2.832500000000000000e+04
1.289347793751701721e-01, 2.535600000000000000e+04
1.290140750574427231e-01, 3.076800000000000000e+04
1.290933707397152741e-01, 4.329700000000000000e+04
1.291726664219878251e-01, 6.019400000000000000e+04
1.292519621042603761e-01, 1.269300000000000000e+04
1.293312577865329271e-01, 2.824700000000000000e+04
1.294105534688054782e-01, 3.797100000000000000e+04
1.294898491510780292e-01, 3.999700000000000000e+04
1.295691448333505802e-01, 3.375400000000000000e+04
1.296484405156231312e-01, 2.046500000000000000e+04
1.297277361978956822e-01, 2.951000000000000000e+03
1.298070318801682332e-01, 5.052200000000000000e+04
1.298863275624407843e-01, 3.581500000000000000e+04
1.299656232447133353e-01, 2.716400000000000000e+04
1.300449189269858863e-01, 2.624100000000000000e+04
1.301242146092584373e-01, 3.344400000000000000e+04
1.302035102915309883e-01, 4.724700000000000000e+04
1.302828059738035393e-01, 6.489900000000000000e+04
1.303621016560760904e-01, 1.715700000000000000e+04
1.304413973383486414e-01, 3.148200000000000000e+04
1.305206930206212201e-01, 3.932500000000000000e+04
1.305999887028937712e-01, 3.907400000000000000e+04
1.306792843851663222e-01, 3.065000000000000000e+04
1.307585800674388732e-01, 1.592500000000000000e+04
1.308378757497114242e-01, 6.351700000000000000e+04
1.309171714319839752e-01, 4.600800000000000000e+04
1.309964671142565262e-01, 3.244300000000000000e+04
1.310757627965290772e-01, 2.573800000000000000e+04
1.311550584788016283e-01, 2.715300000000000000e+04
1.312343541610741793e-01, 3.653300000000000000e+04
1.313136498433467303e-01, 5.181800000000000000e+04
1.313929455256192813e-01, 4.331000000000000000e+03
1.314722412078918323e-01, 2.151500000000000000e+04
1.315515368901643833e-01, 3.431400000000000000e+04
1.316308325724369344e-01, 4.007700000000000000e+04
1.317101282547094854e-01, 3.766200000000000000e+04
1.317894239369820364e-01, 2.750400000000000000e+04
1.318687196192545874e-01, 1.159500000000000000e+04
1.319480153015271384e-01, 5.879100000000000000e+04
1.320273109837996894e-01, 4.194900000000000000e+04
1.321066066660722405e-01, 2.991300000000000000e+04
1.321859023483448192e-01, 2.530200000000000000e+04
1.322651980306173702e-01, 2.896600000000000000e+04
1.323444937128899213e-01, 4.000900000000000000e+04
1.324237893951624723e-01, 5.620600000000000000e+04
1.325030850774350233e-01, 8.902000000000000000e+03
1.325823807597075743e-01, 2.537400000000000000e+04
1.326616764419801253e-01, 3.653500000000000000e+04
1.327409721242526763e-01, 4.024300000000000000e+04
1.328202678065252273e-01, 3.561300000000000000e+04
1.328995634887977784e-01, 2.357100000000000000e+04
1.329788591710703294e-01, 6.621000000000000000e+03
1.330581548533428804e-01, 5.393600000000000000e+04
1.331374505356154314e-01, 3.809900000000000000e+04
1.332167462178879824e-01, 2.789700000000000000e+04
1.332960419001605334e-01, 2.555200000000000000e+04
1.333753375824330845e-01, 3.158500000000000000e+04
1.334546332647056355e-01, 4.438400000000000000e+04
1.335339289469781865e-01, 6.144500000000000000e+04
1.336132246292507375e-01, 1.387300000000000000e+04
1.336925203115232885e-01, 2.911300000000000000e+04
1.337718159937958673e-01, 3.838500000000000000e+04
1.338511116760684183e-01, 3.980900000000000000e+04
1.339304073583409693e-01, 3.292100000000000000e+04
1.340097030406135203e-01, 1.923100000000000000e+04
1.340889987228860714e-01, 1.660000000000000000e+03
1.341682944051586224e-01, 4.929800000000000000e+04
1.342475900874311734e-01, 3.468200000000000000e+04
1.343268857697037244e-01, 2.645300000000000000e+04
1.344061814519762754e-01, 2.619300000000000000e+04
1.344854771342488264e-01, 3.410200000000000000e+04
1.345647728165213775e-01, 4.843600000000000000e+04
1.346440684987939285e-01, 6.860000000000000000e+02
1.347233641810664795e-01, 1.821700000000000000e+04
1.348026598633390305e-01, 3.190800000000000000e+04
1.348819555456115815e-01, 3.916900000000000000e+04
1.349612512278841325e-01, 3.833200000000000000e+04
1.350405469101566835e-01, 2.955300000000000000e+04
1.351198425924292346e-01, 1.469500000000000000e+04
1.351991382747017856e-01, 6.223600000000000000e+04
1.352784339569743366e-01, 4.493100000000000000e+04
1.353577296392468876e-01, 3.174100000000000000e+04
1.354370253215194664e-01, 2.556100000000000000e+04
1.355163210037920174e-01, 2.757700000000000000e+04
1.355956166860645684e-01, 3.729800000000000000e+04
1.356749123683371194e-01, 5.268500000000000000e+04
1.357542080506096704e-01, 5.164000000000000000e+03
1.358335037328822215e-01, 2.203300000000000000e+04
1.359127994151547725e-01, 3.447600000000000000e+04
1.359920950974273235e-01, 3.992400000000000000e+04
1.360713907796998745e-01, 3.706300000000000000e+04
1.361506864619724255e-01, 2.643200000000000000e+04
1.362299821442449765e-01, 1.021900000000000000e+04
1.363092778265175276e-01, 5.748900000000000000e+04
1.363885735087900786e-01, 4.092000000000000000e+04
1.364678691910626296e-01, 2.934500000000000000e+04
1.365471648733351806e-01, 2.534100000000000000e+04
1.366264605556077316e-01, 2.976300000000000000e+04
1.367057562378802826e-01, 4.139500000000000000e+04
1.367850519201528336e-01, 5.782700000000000000e+04
1.368643476024253847e-01, 1.038500000000000000e+04
1.369436432846979357e-01, 2.643300000000000000e+04
1.370229389669705145e-01, 3.683900000000000000e+04
1.371022346492430655e-01, 3.980000000000000000e+04
1.371815303315156165e-01, 3.471900000000000000e+04
1.372608260137881675e-01, 2.257700000000000000e+04
1.373401216960607185e-01, 5.639000000000000000e+03
1.374194173783332695e-01, 5.317300000000000000e+04
1.374987130606058205e-01, 3.770000000000000000e+04
1.375780087428783716e-01, 2.786300000000000000e+04
1.376573044251509226e-01, 2.577700000000000000e+04
1.377366001074234736e-01, 3.202700000000000000e+04
1.378158957896960246e-01, 4.504500000000000000e+04
1.378951914719685756e-01, 6.217900000000000000e+04
1.379744871542411266e-01, 1.460200000000000000e+04
1.380537828365136777e-01, 2.971400000000000000e+04
1.381330785187862287e-01, 3.861500000000000000e+04
1.382123742010587797e-01, 3.957100000000000000e+04
1.382916698833313307e-01, 3.238900000000000000e+04
1.383709655656038817e-01, 1.845700000000000000e+04
1.384502612478764327e-01, 6.260000000000000000e+02
1.385295569301489838e-01, 4.828500000000000000e+04
1.386088526124215625e-01, 3.394400000000000000e+04
1.386881482946941135e-01, 2.618000000000000000e+04
1.387674439769666646e-01, 2.651300000000000000e+04
1.388467396592392156e-01, 3.482600000000000000e+04
1.389260353415117666e-01, 4.928700000000000000e+04
1.390053310237843176e-01, 1.556000000000000000e+03
1.390846267060568686e-01, 1.890200000000000000e+04
1.391639223883294196e-01, 3.249000000000000000e+04
1.392432180706019706e-01, 3.947700000000000000e+04
1.393225137528745217e-01, 3.830300000000000000e+04
1.394018094351470727e-01, 2.914200000000000000e+04
1.394811051174196237e-01, 1.404100000000000000e+04
1.395604007996921747e-01, 6.151800000000000000e+04
1.396396964819647257e-01, 4.423600000000000000e+04
1.397189921642372767e-01, 3.126700000000000000e+04
1.397982878465098278e-01, 2.553300000000000000e+04
1.398775835287823788e-01, 2.799900000000000000e+04
1.399568792110549298e-01, 3.820400000000000000e+04
1.400361748933274808e-01, 5.396900000000000000e+04
1.401154705756000318e-01, 6.645000000000000000e+03
1.401947662578725828e-01, 2.349100000000000000e+04
1.402740619401451616e-01, 3.528600000000000000e+04
1.403533576224177126e-01, 3.984500000000000000e+04
1.404326533046902636e-01, 3.628600000000000000e+04
1.405119489869628147e-01, 2.516700000000000000e+04
1.405912446692353657e-01, 8.855000000000000000e+03
1.406705403515079167e-01, 5.621900000000000000e+04
1.407498360337804677e-01, 3.991300000000000000e+04
1.408291317160530187e-01, 2.882000000000000000e+04
1.409084273983255697e-01, 2.528000000000000000e+04
1.409877230805981208e-01, 3.003800000000000000e+04
1.410670187628706718e-01, 4.197800000000000000e+04
1.411463144451432228e-01, 5.853700000000000000e+04
1.412256101274157738e-01, 1.111000000000000000e+04
1.413049058096883248e-01, 2.710200000000000000e+04
1.413842014919608758e-01, 3.743300000000000000e+04
1.414634971742334268e-01, 4.004900000000000000e+04
1.415427928565059779e-01, 3.442600000000000000e+04
1.416220885387785289e-01, 2.166200000000000000e+04
1.417013842210510799e-01, 4.329000000000000000e+03
1.417806799033236309e-01, 5.168000000000000000e+04
1.418599755855962097e-01, 3.642700000000000000e+04
1.419392712678687607e-01, 2.742100000000000000e+04
1.420185669501413117e-01, 2.616900000000000000e+04
1.420978626324138627e-01, 3.304900000000000000e+04
1.421771583146864137e-01, 4.656500000000000000e+04
1.422564539969589648e-01, 6.391000000000000000e+04
1.423357496792315158e-01, 1.615000000000000000e+04
1.424150453615040668e-01, 3.075600000000000000e+04
1.424943410437766178e-01, 3.905000000000000000e+04
1.425736367260491688e-01, 3.940100000000000000e+04
1.426529324083217198e-01, 3.161600000000000000e+04
1.427322280905942709e-01, 1.743200000000000000e+04
1.428115237728668219e-01, 6.520200000000000000e+04
1.428908194551393729e-01, 4.745900000000000000e+04
1.429701151374119239e-01, 3.335100000000000000e+04
1.430494108196844749e-01, 2.603900000000000000e+04
1.431287065019570259e-01, 2.683800000000000000e+04
1.432080021842295769e-01, 3.563200000000000000e+04
1.432872978665021280e-01, 5.046300000000000000e+04
1.433665935487746790e-01, 2.697000000000000000e+03
1.434458892310472300e-01, 2.000700000000000000e+04
1.435251849133198088e-01, 3.333000000000000000e+04
1.436044805955923598e-01, 3.979400000000000000e+04
1.436837762778649108e-01, 3.794800000000000000e+04
1.437630719601374618e-01, 2.810900000000000000e+04
1.438423676424100128e-01, 1.248300000000000000e+04
1.439216633246825638e-01, 5.986200000000000000e+04
1.440009590069551149e-01, 4.287800000000000000e+04
1.440802546892276659e-01, 3.048200000000000000e+04
1.441595503715002169e-01, 2.533900000000000000e+04
1.442388460537727679e-01, 2.843800000000000000e+04
1.443181417360453189e-01, 3.913300000000000000e+04
1.443974374183178699e-01, 5.497700000000000000e+04
1.444767331005904210e-01, 7.545000000000000000e+03
1.445560287828629720e-01, 2.425800000000000000e+04
1.446353244651355230e-01, 3.593900000000000000e+04
1.447146201474080740e-01, 4.019600000000000000e+04
1.447939158296806250e-01, 3.617600000000000000e+04
1.448732115119531760e-01, 2.468500000000000000e+04
1.449525071942257270e-01, 8.140000000000000000e+03
1.450318028764982781e-01, 5.557100000000000000e+04
1.451110985587708568e-01, 3.944500000000000000e+04
1.451903942410434079e-01, 2.884900000000000000e+04
1.452696899233159589e-01, 2.588400000000000000e+04
1.453489856055885099e-01, 3.111300000000000000e+04
1.454282812878610609e-01, 4.348000000000000000e+04
1.455075769701336119e-01, 6.028600000000000000e+04
1.455868726524061629e-01, 1.272800000000000000e+04
1.456661683346787139e-01, 2.826600000000000000e+04
1.457454640169512650e-01, 3.792400000000000000e+04
1.458247596992238160e-01, 3.968000000000000000e+04
1.459040553814963670e-01, 3.336300000000000000e+04
1.459833510637689180e-01, 2.020000000000000000e+04
1.460626467460414690e-01, 2.808000000000000000e+03
1.461419424283140200e-01, 5.040400000000000000e+04
1.462212381105865711e-01, 3.547300000000000000e+04
1.463005337928591221e-01, 2.675300000000000000e+04
1.463798294751316731e-01, 2.596100000000000000e+04
1.464591251574042241e-01, 3.329300000000000000e+04
1.465384208396767751e-01, 4.715700000000000000e+04
1.466177165219493261e-01, 6.461000000000000000e+04
1.466970122042218772e-01, 1.674000000000000000e+04
1.467763078864944559e-01, 3.114800000000000000e+04
1.468556035687670069e-01, 3.913700000000000000e+04
1.469348992510395580e-01, 3.899700000000000000e+04
1.470141949333121090e-01, 3.063400000000000000e+04
1.470934906155846600e-01, 1.591900000000000000e+04
1.471727862978572110e-01, 6.351800000000000000e+04
1.472520819801297620e-01, 4.601100000000000000e+04
1.473313776624023130e-01, 3.243800000000000000e+04
1.474106733446748640e-01, 2.589500000000000000e+04
1.474899690269474151e-01, 2.753600000000000000e+04
1.475692647092199661e-01, 3.688400000000000000e+04
1.476485603914925171e-01, 5.202800000000000000e+04
1.477278560737650681e-01, 4.439000000000000000e+03
1.478071517560376191e-01, 2.155400000000000000e+04
1.478864474383101701e-01, 3.433100000000000000e+04
1.479657431205827212e-01, 4.008500000000000000e+04
1.480450388028552722e-01, 3.766000000000000000e+04
1.481243344851278232e-01, 2.750900000000000000e+04
1.482036301674003742e-01, 1.161200000000000000e+04
1.482829258496729252e-01, 5.880400000000000000e+04
1.483622215319455040e-01, 4.195100000000000000e+04
1.484415172142180550e-01, 2.992000000000000000e+04
1.485208128964906060e-01, 2.530000000000000000e+04
1.486001085787631570e-01, 2.901500000000000000e+04
1.486794042610357081e-01, 4.032400000000000000e+04
1.487586999433082591e-01, 5.659900000000000000e+04
1.488379956255808101e-01, 9.169000000000000000e+03
1.489172913078533611e-01, 2.551900000000000000e+04
1.489965869901259121e-01, 3.657900000000000000e+04
1.490758826723984631e-01, 3.999600000000000000e+04
1.491551783546710142e-01, 3.522300000000000000e+04
1.492344740369435652e-01, 2.328000000000000000e+04
1.493137697192161162e-01, 6.458000000000000000e+03
1.493930654014886672e-01, 5.385600000000000000e+04
1.494723610837612182e-01, 3.806300000000000000e+04
1.495516567660337692e-01, 2.788200000000000000e+04
1.496309524483063202e-01, 2.552800000000000000e+04
1.497102481305788713e-01, 3.156800000000000000e+04
1.497895438128514223e-01, 4.438800000000000000e+04
1.498688394951239733e-01, 6.144500000000000000e+04
1.499481351773965243e-01, 1.387900000000000000e+04
1.500274308596691031e-01, 2.911500000000000000e+04
1.501067265419416541e-01, 3.838400000000000000e+04
1.501860222242142051e-01, 3.981600000000000000e+04
1.502653179064867561e-01, 3.308800000000000000e+04
1.503446135887593071e-01, 1.962100000000000000e+04
1.504239092710318582e-01, 2.030000000000000000e+03
1.505032049533044092e-01, 4.953300000000000000e+04
1.505825006355769602e-01, 3.479100000000000000e+04
1.506617963178495112e-01, 2.650400000000000000e+04
1.507410920001220622e-01, 2.621200000000000000e+04
1.508203876823946132e-01, 3.409900000000000000e+04
1.508996833646671643e-01, 4.842000000000000000e+04
1.509789790469397153e-01, 6.810000000000000000e+02
1.510582747292122663e-01, 1.830300000000000000e+04
1.511375704114848173e-01, 3.225800000000000000e+04
1.512168660937573683e-01, 3.956300000000000000e+04
1.512961617760299193e-01, 3.862100000000000000e+04
1.513754574583024703e-01, 2.969500000000000000e+04
1.514547531405750214e-01, 1.475200000000000000e+04
1.515340488228475724e-01, 6.225800000000000000e+04
1.516133445051201512e-01, 4.493100000000000000e+04
1.516926401873927022e-01, 3.174600000000000000e+04
1.517719358696652532e-01, 2.556000000000000000e+04
1.518512315519378042e-01, 2.759300000000000000e+04
1.519305272342103552e-01, 3.756400000000000000e+04
1.520098229164829062e-01, 5.308400000000000000e+04
1.520891185987554572e-01, 5.583000000000000000e+03
1.521684142810280083e-01, 2.256800000000000000e+04
1.522477099633005593e-01, 3.493200000000000000e+04
1.523270056455731103e-01, 4.019200000000000000e+04
1.524063013278456613e-01, 3.719800000000000000e+04
1.524855970101182123e-01, 2.650300000000000000e+04
1.525648926923907633e-01, 1.025400000000000000e+04
1.526441883746633144e-01, 5.749700000000000000e+04
1.527234840569358654e-01, 4.091800000000000000e+04
1.528027797392084164e-01, 2.934200000000000000e+04
1.528820754214809674e-01, 2.532600000000000000e+04
1.529613711037535184e-01, 2.974300000000000000e+04
1.530406667860260694e-01, 4.139700000000000000e+04
1.531199624682986205e-01, 5.782700000000000000e+04
1.531992581505711992e-01, 1.038900000000000000e+04
1.532785538328437502e-01, 2.646200000000000000e+04
1.533578495151163013e-01, 3.711100000000000000e+04
1.534371451973888523e-01, 4.020700000000000000e+04
1.535164408796614033e-01, 3.494300000000000000e+04
1.535957365619339543e-01, 2.240200000000000000e+04
1.536750322442065053e-01, 5.326000000000000000e+03
1.537543279264790563e-01, 5.272200000000000000e+04
1.538336236087516073e-01, 3.717900000000000000e+04
1.539129192910241584e-01, 2.748500000000000000e+04
1.539922149732967094e-01, 2.557100000000000000e+04
1.540715106555692604e-01, 3.192800000000000000e+04
1.541508063378418114e-01, 4.517300000000000000e+04
1.542301020201143624e-01, 6.255000000000000000e+04
1.543093977023869134e-01, 1.495100000000000000e+04
1.543886933846594645e-01, 2.992900000000000000e+04
1.544679890669320155e-01, 3.872000000000000000e+04
1.545472847492045665e-01, 3.949300000000000000e+04
1.546265804314771175e-01, 3.203500000000000000e+04
1.547058761137496685e-01, 1.809100000000000000e+04
1.547851717960222195e-01, 3.960000000000000000e+02
1.548644674782947983e-01, 4.816500000000000000e+04
1.549437631605673493e-01, 3.389700000000000000e+04
1.550230588428399003e-01, 2.616300000000000000e+04
1.551023545251124514e-01, 2.650300000000000000e+04
1.551816502073850024e-01, 3.484000000000000000e+04
1.552609458896575534e-01, 4.928600000000000000e+04
1.553402415719301044e-01, 1.606000000000000000e+03
1.554195372542026554e-01, 1.921800000000000000e+04
1.554988329364752064e-01, 3.287800000000000000e+04
1.555781286187477575e-01, 3.974000000000000000e+04
1.556574243010203085e-01, 3.844300000000000000e+04
1.557367199832928595e-01, 2.920000000000000000e+04
1.558160156655654105e-01, 1.405100000000000000e+04
1.558953113478379615e-01, 6.153100000000000000e+04
1.559746070301105125e-01, 4.425200000000000000e+04
1.560539027123830635e-01, 3.127800000000000000e+04
1.561331983946556146e-01, 2.554200000000000000e+04
1.562124940769281656e-01, 2.801300000000000000e+04
1.562917897592007166e-01, 3.820600000000000000e+04
1.563710854414732676e-01, 5.395400000000000000e+04
1.564503811237458464e-01, 6.632000000000000000e+03
1.565296768060183974e-01, 2.349600000000000000e+04
1.566089724882909484e-01, 3.549800000000000000e+04
1.566882681705634994e-01, 4.024700000000000000e+04
1.567675638528360504e-01, 3.663700000000000000e+04
1.568468595351086015e-01, 2.537900000000000000e+04
1.569261552173811525e-01, 8.949000000000000000e+03
1.570054508996537035e-01, 5.625300000000000000e+04
1.570847465819262545e-01, 3.992300000000000000e+04
1.571640422641988055e-01, 2.882800000000000000e+04
1.572433379464713565e-01, 2.529100000000000000e+04
1.573226336287439076e-01, 3.003800000000000000e+04
1.574019293110164586e-01, 4.199300000000000000e+04
1.574812249932890096e-01, 5.854500000000000000e+04
1.575605206755615606e-01, 1.110000000000000000e+04
1.576398163578341116e-01, 2.708900000000000000e+04
1.577191120401066626e-01, 3.742400000000000000e+04
1.577984077223792136e-01, 4.003700000000000000e+04
1.578777034046517647e-01, 3.441600000000000000e+04
1.579569990869243157e-01, 2.166500000000000000e+04
1.580362947691968667e-01, 4.346000000000000000e+03
1.581155904514694455e-01, 5.168700000000000000e+04
1.581948861337419965e-01, 3.638100000000000000e+04
1.582741818160145475e-01, 2.711100000000000000e+04
1.583534774982870985e-01, 2.576700000000000000e+04
1.584327731805596495e-01, 3.262000000000000000e+04
1.585120688628322005e-01, 4.603200000000000000e+04
1.585913645451047516e-01, 6.346800000000000000e+04
1.586706602273773026e-01, 1.588700000000000000e+04
1.587499559096498536e-01, 3.062900000000000000e+04
1.588292515919224046e-01, 3.898700000000000000e+04
1.589085472741949556e-01, 3.937400000000000000e+04
1.589878429564675066e-01, 3.160900000000000000e+04
1.590671386387400577e-01, 1.741300000000000000e+04
1.591464343210126087e-01, 6.520200000000000000e+04
1.592257300032851597e-01, 4.747100000000000000e+04
1.593050256855577107e-01, 3.336200000000000000e+04
1.593843213678302617e-01, 2.604600000000000000e+04
1.594636170501028127e-01, 2.685300000000000000e+04
1.595429127323753637e-01, 3.563700000000000000e+04
1.596222084146479148e-01, 5.049600000000000000e+04
1.597015040969204935e-01, 2.990000000000000000e+03
1.597807997791930446e-01, 2.040500000000000000e+04
1.598600954614655956e-01, 3.362500000000000000e+04
1.599393911437381466e-01, 3.995300000000000000e+04
1.600186868260106976e-01, 3.802400000000000000e+04
1.600979825082832486e-01, 2.814800000000000000e+04
1.601772781905557996e-01, 1.249400000000000000e+04
1.602565738728283506e-01, 5.986000000000000000e+04
1.603358695551009017e-01, 4.287400000000000000e+04
1.604151652373734527e-01, 3.048100000000000000e+04
1.604944609196460037e-01, 2.534900000000000000e+04
1.605737566019185547e-01, 2.843900000000000000e+04
1.606530522841911057e-01, 3.914400000000000000e+04
1.607323479664636567e-01, 5.498900000000000000e+04
1.608116436487362078e-01, 7.538000000000000000e+03
1.608909393310087588e-01, 2.424500000000000000e+04
1.609702350132813098e-01, 3.593000000000000000e+04
1.610495306955538608e-01, 4.018500000000000000e+04
1.611288263778264118e-01, 3.616400000000000000e+04
1.612081220600989628e-01, 2.468500000000000000e+04
1.612874177423715139e-01, 8.016000000000000000e+03
1.613667134246440926e-01, 5.520200000000000000e+04
1.614460091069166436e-01, 3.905900000000000000e+04
1.615253047891891947e-01, 2.835800000000000000e+04
1.616046004714617457e-01, 2.536300000000000000e+04
1.616838961537342967e-01, 3.066000000000000000e+04
1.617631918360068477e-01, 4.293500000000000000e+04
1.618424875182793987e-01, 5.980700000000000000e+04
1.619217832005519497e-01, 1.242800000000000000e+04
1.620010788828245007e-01, 2.811600000000000000e+04
1.620803745650970518e-01, 3.791300000000000000e+04
1.621596702473696028e-01, 3.997200000000000000e+04
1.622389659296421538e-01, 3.375200000000000000e+04
1.623182616119147048e-01, 2.063100000000000000e+04
1.623975572941872558e-01, 3.341000000000000000e+03
1.624768529764598068e-01, 5.083700000000000000e+04
1.625561486587323579e-01, 3.572700000000000000e+04
1.626354443410049089e-01, 2.687500000000000000e+04
1.627147400232774599e-01, 2.602200000000000000e+04
1.627940357055500109e-01, 3.331800000000000000e+04
1.628733313878225619e-01, 4.717300000000000000e+04
1.629526270700951407e-01, 6.485100000000000000e+04
1.630319227523676917e-01, 1.714000000000000000e+04
1.631112184346402427e-01, 3.147000000000000000e+04
1.631905141169127937e-01, 3.932100000000000000e+04
1.632698097991853448e-01, 3.908300000000000000e+04
1.633491054814578958e-01, 3.068000000000000000e+04
1.634284011637304468e-01, 1.593400000000000000e+04
1.635076968460029978e-01, 6.351700000000000000e+04
1.635869925282755488e-01, 4.600700000000000000e+04
1.636662882105480998e-01, 3.243500000000000000e+04
1.637455838928206509e-01, 2.574100000000000000e+04
1.638248795750932019e-01, 2.715200000000000000e+04
1.639041752573657529e-01, 3.651600000000000000e+04
1.639834709396383039e-01, 5.179000000000000000e+04
1.640627666219108549e-01, 4.328000000000000000e+03
1.641420623041834059e-01, 2.151300000000000000e+04
1.642213579864559569e-01, 3.431800000000000000e+04
1.643006536687285080e-01, 4.007400000000000000e+04
1.643799493510010590e-01, 3.743400000000000000e+04
1.644592450332736100e-01, 2.710800000000000000e+04
1.645385407155461610e-01, 1.127900000000000000e+04
1.646178363978187398e-01, 5.861100000000000000e+04
1.646971320800912908e-01, 4.186000000000000000e+04
1.647764277623638418e-01, 2.988300000000000000e+04
1.648557234446363928e-01, 2.528700000000000000e+04
1.649350191269089438e-01, 2.896900000000000000e+04
1.650143148091814949e-01, 4.001900000000000000e+04
1.650936104914540459e-01, 5.619800000000000000e+04
1.651729061737265969e-01, 8.755000000000000000e+03
1.652522018559991479e-01, 2.499200000000000000e+04
1.653314975382716989e-01, 3.615300000000000000e+04
1.654107932205442499e-01, 3.999300000000000000e+04
1.654900889028168010e-01, 3.549400000000000000e+04
1.655693845850893520e-01, 2.354700000000000000e+04
1.656486802673619030e-01, 6.619000000000000000e+03
1.657279759496344540e-01, 5.392500000000000000e+04
1.658072716319070050e-01, 3.808700000000000000e+04
1.658865673141795560e-01, 2.788900000000000000e+04
1.659658629964521070e-01, 2.546700000000000000e+04
1.660451586787246581e-01, 3.124100000000000000e+04
1.661244543609972091e-01, 4.399300000000000000e+04
1.662037500432697879e-01, 6.116800000000000000e+04
1.662830457255423389e-01, 1.373300000000000000e+04
1.663623414078148899e-01, 2.905000000000000000e+04
1.664416370900874409e-01, 3.835900000000000000e+04
1.665209327723599919e-01, 3.980700000000000000e+04
1.666002284546325429e-01, 3.306200000000000000e+04
1.666795241369050939e-01, 1.960900000000000000e+04
1.667588198191776450e-01, 2.048000000000000000e+03
1.668381155014501960e-01, 4.978100000000000000e+04
1.669174111837227470e-01, 3.520100000000000000e+04
1.669967068659952980e-01, 2.683600000000000000e+04
1.670760025482678490e-01, 2.640200000000000000e+04
1.671552982305404000e-01, 3.418600000000000000e+04
1.672345939128129511e-01, 4.844400000000000000e+04
1.673138895950855021e-01, 6.920000000000000000e+02
1.673931852773580531e-01, 1.831300000000000000e+04
1.674724809596306041e-01, 3.226400000000000000e+04
1.675517766419031551e-01, 3.956700000000000000e+04
1.676310723241757061e-01, 3.877800000000000000e+04
1.677103680064482571e-01, 3.008000000000000000e+04
1.677896636887208359e-01, 1.513600000000000000e+04
1.678689593709933869e-01, 6.275100000000000000e+04
1.679482550532659380e-01, 4.544500000000000000e+04
1.680275507355384890e-01, 3.210500000000000000e+04
1.681068464178110400e-01, 2.575300000000000000e+04
1.681861421000835910e-01, 2.767300000000000000e+04
1.682654377823561420e-01, 3.757600000000000000e+04
1.683447334646286930e-01, 5.309500000000000000e+04
1.684240291469012440e-01, 5.526000000000000000e+03
1.685033248291737951e-01, 2.224400000000000000e+04
1.685826205114463461e-01, 3.454600000000000000e+04
1.686619161937188971e-01, 3.992400000000000000e+04
1.687412118759914481e-01, 3.705700000000000000e+04
1.688205075582639991e-01, 2.644900000000000000e+04
1.688998032405365501e-01, 1.023900000000000000e+04
1.689790989228091012e-01, 5.748700000000000000e+04
1.690583946050816522e-01, 4.090900000000000000e+04
1.691376902873542032e-01, 2.933700000000000000e+04
1.692169859696267542e-01, 2.531300000000000000e+04
1.692962816518993052e-01, 2.972100000000000000e+04
1.693755773341718562e-01, 4.139700000000000000e+04
1.694548730164444350e-01, 5.774000000000000000e+04
1.695341686987169860e-01, 1.004300000000000000e+04
1.696134643809895370e-01, 2.608300000000000000e+04
1.696927600632620881e-01, 3.685800000000000000e+04
1.697720557455346391e-01, 4.007800000000000000e+04
1.698513514278071901e-01, 3.495200000000000000e+04
1.699306471100797411e-01, 2.271000000000000000e+04
1.700099427923522921e-01, 5.715000000000000000e+03
1.700892384746248431e-01, 5.317400000000000000e+04
1.701685341568973941e-01, 3.771500000000000000e+04
1.702478298391699452e-01, 2.793400000000000000e+04
1.703271255214424962e-01, 2.609900000000000000e+04
1.704064212037150472e-01, 3.244200000000000000e+04
1.704857168859875982e-01, 4.550900000000000000e+04
1.705650125682601492e-01, 6.272700000000000000e+04
1.706443082505327002e-01, 1.503600000000000000e+04
1.707236039328052513e-01, 2.996600000000000000e+04
1.708028996150778023e-01, 3.873500000000000000e+04
1.708821952973503533e-01, 3.960000000000000000e+04
1.709614909796229043e-01, 3.239400000000000000e+04
1.710407866618954831e-01, 1.847900000000000000e+04
1.711200823441680341e-01, 8.610000000000000000e+02
1.711993780264405851e-01, 4.869300000000000000e+04
1.712786737087131361e-01, 3.429300000000000000e+04
1.713579693909856871e-01, 2.638400000000000000e+04
1.714372650732582382e-01, 2.660600000000000000e+04
1.715165607555307892e-01, 3.505200000000000000e+04
1.715958564378033402e-01, 4.969000000000000000e+04
1.716751521200758912e-01, 1.963000000000000000e+03
1.717544478023484422e-01, 1.942800000000000000e+04
1.718337434846209932e-01, 3.298600000000000000e+04
1.719130391668935443e-01, 3.979000000000000000e+04
1.719923348491660953e-01, 3.846500000000000000e+04
1.720716305314386463e-01, 2.919300000000000000e+04
1.721509262137111973e-01, 1.380000000000000000e+04
1.722302218959837483e-01, 6.112900000000000000e+04
1.723095175782562993e-01, 4.393200000000000000e+04
1.723888132605288503e-01, 3.109800000000000000e+04
1.724681089428014014e-01, 2.546200000000000000e+04
1.725474046250739524e-01, 2.818200000000000000e+04
1.726267003073465034e-01, 3.859100000000000000e+04
1.727059959896190822e-01, 5.428700000000000000e+04
1.727852916718916332e-01, 6.826000000000000000e+03
1.728645873541641842e-01, 2.359400000000000000e+04
1.729438830364367352e-01, 3.554400000000000000e+04
1.730231787187092862e-01, 4.026600000000000000e+04
1.731024744009818372e-01, 3.667300000000000000e+04
1.731817700832543883e-01, 2.566400000000000000e+04
1.732610657655269393e-01, 9.352000000000000000e+03
1.733403614477994903e-01, 5.656800000000000000e+04
1.734196571300720413e-01, 4.009600000000000000e+04
1.734989528123445923e-01, 2.891000000000000000e+04
1.735782484946171433e-01, 2.554900000000000000e+04
1.736575441768896944e-01, 3.044700000000000000e+04
1.737368398591622454e-01, 4.241000000000000000e+04
1.738161355414347964e-01, 5.908100000000000000e+04
1.738954312237073474e-01, 1.157700000000000000e+04
1.739747269059798984e-01, 2.738800000000000000e+04
1.740540225882524494e-01, 3.757300000000000000e+04
1.741333182705250004e-01, 4.009200000000000000e+04
1.742126139527975515e-01, 3.443100000000000000e+04
1.742919096350701302e-01, 2.167600000000000000e+04
1.743712053173426813e-01, 4.366000000000000000e+03
