0.000000000000000000e+00, 4.876700000000000000e+04
2.530560992459310985e-05, 4.156800000000000000e+04
5.061121984918621970e-05, 4.081000000000000000e+04
7.591682977377933294e-05, 4.382500000000000000e+04
1.012224396983724394e-04, 4.032400000000000000e+04
1.265280496229655594e-04, 3.646000000000000000e+04
1.518336595475586659e-04, 3.644000000000000000e+04
1.771392694721517723e-04, 3.805100000000000000e+04
2.024448793967448788e-04, 3.987900000000000000e+04
2.277504893213380124e-04, 4.116100000000000000e+04
2.530560992459311188e-04, 4.139900000000000000e+04
2.783617091705241982e-04, 4.064300000000000000e+04
3.036673190951173318e-04, 3.903900000000000000e+04
3.289729290197104653e-04, 3.695600000000000000e+04
3.542785389443035447e-04, 3.489200000000000000e+04
3.795841488688966783e-04, 3.327700000000000000e+04
4.048897587934897576e-04, 3.249200000000000000e+04
4.301953687180828912e-04, 3.296900000000000000e+04
4.555009786426760248e-04, 3.481200000000000000e+04
4.808065885672691041e-04, 3.811300000000000000e+04
5.061121984918622377e-04, 4.269500000000000000e+04
5.314178084164553712e-04, 3.791500000000000000e+04
5.567234183410483964e-04, 3.618600000000000000e+04
5.820290282656415300e-04, 3.905500000000000000e+04
6.073346381902346635e-04, 3.986700000000000000e+04
6.326402481148277971e-04, 3.540900000000000000e+04
6.579458580394209307e-04, 3.596900000000000000e+04
6.832514679640139558e-04, 3.884900000000000000e+04
7.085570778886070894e-04, 4.248000000000000000e+04
7.338626878132002230e-04, 4.569300000000000000e+04
7.591682977377933565e-04, 4.771700000000000000e+04
7.844739076623864901e-04, 4.838500000000000000e+04
8.097795175869795152e-04, 4.767200000000000000e+04
8.350851275115726488e-04, 4.587500000000000000e+04
8.603907374361657824e-04, 4.333900000000000000e+04
8.856963473607589159e-04, 4.050700000000000000e+04
9.110019572853520495e-04, 3.804400000000000000e+04
9.363075672099450747e-04, 3.624600000000000000e+04
9.616131771345382082e-04, 3.560100000000000000e+04
9.869187870591312334e-04, 3.641300000000000000e+04
1.012224396983724475e-03, 3.862000000000000000e+04
1.037530006908317501e-03, 4.228700000000000000e+04
1.062835616832910742e-03, 4.206300000000000000e+04
1.088141226757503768e-03, 3.740000000000000000e+04
1.113446836682096793e-03, 3.831200000000000000e+04
1.138752446606690035e-03, 4.258400000000000000e+04
1.164058056531283060e-03, 3.715500000000000000e+04
1.189363666455876302e-03, 3.581100000000000000e+04
1.214669276380469327e-03, 3.789200000000000000e+04
1.239974886305062352e-03, 4.140200000000000000e+04
1.265280496229655594e-03, 4.486800000000000000e+04
1.290586106154248619e-03, 4.739200000000000000e+04
1.315891716078841861e-03, 4.867000000000000000e+04
1.341197326003434886e-03, 4.849400000000000000e+04
1.366502935928027912e-03, 4.714600000000000000e+04
1.391808545852621154e-03, 4.483000000000000000e+04
1.417114155777214179e-03, 4.203000000000000000e+04
1.442419765701807421e-03, 3.932100000000000000e+04
1.467725375626400446e-03, 3.715000000000000000e+04
1.493030985550993471e-03, 3.585000000000000000e+04
1.518336595475586713e-03, 3.590200000000000000e+04
1.543642205400179738e-03, 3.738000000000000000e+04
1.568947815324772980e-03, 4.039100000000000000e+04
1.594253425249366005e-03, 4.466600000000000000e+04
1.619559035173959030e-03, 3.879100000000000000e+04
1.644864645098552272e-03, 3.724200000000000000e+04
1.670170255023145298e-03, 4.013600000000000000e+04
1.695475864947738540e-03, 3.983100000000000000e+04
1.720781474872331565e-03, 3.575800000000000000e+04
1.746087084796924590e-03, 3.650700000000000000e+04
1.771392694721517832e-03, 3.947300000000000000e+04
1.796698304646110857e-03, 4.311500000000000000e+04
1.822003914570704099e-03, 4.623300000000000000e+04
1.847309524495297124e-03, 4.815800000000000000e+04
1.872615134419890149e-03, 4.868500000000000000e+04
1.897920744344483391e-03, 4.784800000000000000e+04
1.923226354269076416e-03, 4.593300000000000000e+04
1.948531964193669442e-03, 4.332200000000000000e+04
1.973837574118262467e-03, 4.050300000000000000e+04
1.999143184042855709e-03, 3.811000000000000000e+04
2.024448793967448951e-03, 3.641600000000000000e+04
2.049754403892042193e-03, 3.588700000000000000e+04
2.075060013816635001e-03, 3.675400000000000000e+04
2.100365623741228243e-03, 3.898600000000000000e+04
2.125671233665821485e-03, 4.268200000000000000e+04
2.150976843590414293e-03, 4.146000000000000000e+04
2.176282453515007535e-03, 3.725400000000000000e+04
2.201588063439600777e-03, 3.852600000000000000e+04
2.226893673364193586e-03, 4.295400000000000000e+04
2.252199283288786828e-03, 3.682700000000000000e+04
2.277504893213380070e-03, 3.581700000000000000e+04
2.302810503137973312e-03, 3.807800000000000000e+04
2.328116113062566120e-03, 4.164500000000000000e+04
2.353421722987159362e-03, 4.508200000000000000e+04
2.378727332911752604e-03, 4.756200000000000000e+04
2.404032942836345412e-03, 4.873700000000000000e+04
2.429338552760938654e-03, 4.844000000000000000e+04
2.454644162685531896e-03, 4.698600000000000000e+04
2.479949772610124704e-03, 4.462400000000000000e+04
2.505255382534717946e-03, 4.179900000000000000e+04
2.530560992459311188e-03, 3.911100000000000000e+04
2.555866602383903997e-03, 3.699400000000000000e+04
2.581172212308497239e-03, 3.583000000000000000e+04
2.606477822233090481e-03, 3.605200000000000000e+04
2.631783432157683723e-03, 3.770300000000000000e+04
2.657089042082276531e-03, 4.084500000000000000e+04
2.682394652006869773e-03, 4.529500000000000000e+04
2.707700261931463015e-03, 3.829700000000000000e+04
2.733005871856055823e-03, 3.742700000000000000e+04
2.758311481780649065e-03, 4.070900000000000000e+04
2.783617091705242307e-03, 3.916800000000000000e+04
2.808922701629835116e-03, 3.578900000000000000e+04
2.834228311554428358e-03, 3.691900000000000000e+04
2.859533921479021600e-03, 4.006900000000000000e+04
2.884839531403614842e-03, 4.365700000000000000e+04
2.910145141328207650e-03, 4.666000000000000000e+04
2.935450751252800892e-03, 4.841200000000000000e+04
2.960756361177394134e-03, 4.876400000000000000e+04
2.986061971101986942e-03, 4.781000000000000000e+04
3.011367581026580184e-03, 4.584500000000000000e+04
3.036673190951173426e-03, 4.325500000000000000e+04
3.061978800875766234e-03, 4.048700000000000000e+04
3.087284410800359476e-03, 3.806900000000000000e+04
3.112590020724952718e-03, 3.643400000000000000e+04
3.137895630649545960e-03, 3.604300000000000000e+04
3.163201240574138769e-03, 3.700300000000000000e+04
3.188506850498732011e-03, 3.943100000000000000e+04
3.213812460423325253e-03, 4.326900000000000000e+04
3.239118070347918061e-03, 3.927400000000000000e+04
3.264423680272511303e-03, 3.641900000000000000e+04
3.289729290197104545e-03, 3.856300000000000000e+04
3.315034900121697353e-03, 4.226400000000000000e+04
3.340340510046290595e-03, 3.632300000000000000e+04
3.365646119970883837e-03, 3.607200000000000000e+04
3.390951729895477079e-03, 3.871200000000000000e+04
3.416257339820069888e-03, 4.237700000000000000e+04
3.441562949744663129e-03, 4.574200000000000000e+04
3.466868559669256371e-03, 4.810100000000000000e+04
3.492174169593849180e-03, 4.913100000000000000e+04
3.517479779518442422e-03, 4.869400000000000000e+04
3.542785389443035664e-03, 4.709600000000000000e+04
3.568090999367628472e-03, 4.464000000000000000e+04
3.593396609292221714e-03, 4.176600000000000000e+04
3.618702219216814956e-03, 3.910500000000000000e+04
3.644007829141408198e-03, 3.700600000000000000e+04
3.669313439066001006e-03, 3.591900000000000000e+04
3.694619048990594248e-03, 3.620500000000000000e+04
3.719924658915187490e-03, 3.790500000000000000e+04
3.745230268839780299e-03, 4.117900000000000000e+04
3.770535878764373541e-03, 4.278600000000000000e+04
3.795841488688966783e-03, 3.692700000000000000e+04
3.821147098613559591e-03, 3.698900000000000000e+04
3.846452708538152833e-03, 4.078400000000000000e+04
3.871758318462746075e-03, 3.819300000000000000e+04
3.897063928387338883e-03, 3.555100000000000000e+04
3.922369538311932559e-03, 3.705900000000000000e+04
3.947675148236524933e-03, 4.043300000000000000e+04
3.972980758161118175e-03, 4.406000000000000000e+04
3.998286368085711417e-03, 4.703000000000000000e+04
4.023591978010304659e-03, 4.871700000000000000e+04
4.048897587934897901e-03, 4.896100000000000000e+04
4.074203197859491143e-03, 4.786800000000000000e+04
4.099508807784084385e-03, 4.576900000000000000e+04
4.124814417708676760e-03, 4.305300000000000000e+04
4.150120027633270002e-03, 4.024200000000000000e+04
4.175425637557863244e-03, 3.784500000000000000e+04
4.200731247482456486e-03, 3.622100000000000000e+04
4.226036857407049728e-03, 3.588500000000000000e+04
4.251342467331642970e-03, 3.688400000000000000e+04
4.276648077256235345e-03, 3.940900000000000000e+04
4.301953687180828587e-03, 4.335100000000000000e+04
4.327259297105421829e-03, 4.018700000000000000e+04
4.352564907030015071e-03, 3.696400000000000000e+04
4.377870516954608313e-03, 3.888000000000000000e+04
4.403176126879201555e-03, 4.217700000000000000e+04
4.428481736803794797e-03, 3.619100000000000000e+04
4.453787346728387171e-03, 3.590200000000000000e+04
4.479092956652980413e-03, 3.849800000000000000e+04
4.504398566577573655e-03, 4.208000000000000000e+04
4.529704176502166897e-03, 4.543000000000000000e+04
4.555009786426760139e-03, 4.775300000000000000e+04
4.580315396351353381e-03, 4.874400000000000000e+04
4.605621006275946623e-03, 4.828000000000000000e+04
4.630926616200538998e-03, 4.666700000000000000e+04
4.656232226125132240e-03, 4.420300000000000000e+04
4.681537836049725482e-03, 4.137200000000000000e+04
4.706843445974318724e-03, 3.877900000000000000e+04
4.732149055898911966e-03, 3.678200000000000000e+04
4.757454665823505208e-03, 3.581200000000000000e+04
4.782760275748097582e-03, 3.619800000000000000e+04
4.808065885672690824e-03, 3.803500000000000000e+04
4.833371495597284066e-03, 4.138300000000000000e+04
4.858677105521877308e-03, 4.423100000000000000e+04
4.883982715446470550e-03, 3.788300000000000000e+04
4.909288325371063792e-03, 3.764600000000000000e+04
4.934593935295657034e-03, 4.130000000000000000e+04
4.959899545220249409e-03, 3.822500000000000000e+04
4.985205155144842651e-03, 3.562600000000000000e+04
5.010510765069435893e-03, 3.713200000000000000e+04
5.035816374994029135e-03, 4.038900000000000000e+04
5.061121984918622377e-03, 4.388000000000000000e+04
5.086427594843215619e-03, 4.668100000000000000e+04
5.111733204767807993e-03, 4.825500000000000000e+04
5.137038814692401235e-03, 4.841500000000000000e+04
5.162344424616994477e-03, 4.726900000000000000e+04
5.187650034541587719e-03, 4.514000000000000000e+04
5.212955644466180961e-03, 4.243800000000000000e+04
5.238261254390774203e-03, 3.969200000000000000e+04
5.263566864315367445e-03, 3.739700000000000000e+04
5.288872474239959820e-03, 3.589000000000000000e+04
5.314178084164553062e-03, 3.568400000000000000e+04
5.339483694089146304e-03, 3.690800000000000000e+04
5.364789304013739546e-03, 3.963200000000000000e+04
5.390094913938332788e-03, 4.372800000000000000e+04
5.415400523862926030e-03, 3.820700000000000000e+04
5.440706133787519272e-03, 3.630000000000000000e+04
5.466011743712111647e-03, 3.905200000000000000e+04
5.491317353636704889e-03, 4.050100000000000000e+04
5.516622963561298131e-03, 3.576100000000000000e+04
5.541928573485891373e-03, 3.618800000000000000e+04
5.567234183410484614e-03, 3.909800000000000000e+04
5.592539793335077856e-03, 4.276300000000000000e+04
5.617845403259670231e-03, 4.608300000000000000e+04
5.643151013184263473e-03, 4.824400000000000000e+04
5.668456623108856715e-03, 4.903600000000000000e+04
5.693762233033449957e-03, 4.839700000000000000e+04
5.719067842958043199e-03, 4.666000000000000000e+04
5.744373452882636441e-03, 4.412100000000000000e+04
5.769679062807229683e-03, 4.124300000000000000e+04
5.794984672731822058e-03, 3.864800000000000000e+04
5.820290282656415300e-03, 3.669600000000000000e+04
5.845595892581008542e-03, 3.584300000000000000e+04
5.870901502505601784e-03, 3.640300000000000000e+04
5.896207112430195026e-03, 3.840000000000000000e+04
5.921512722354788268e-03, 4.187700000000000000e+04
5.946818332279381510e-03, 4.126700000000000000e+04
5.972123942203973884e-03, 3.659100000000000000e+04
5.997429552128567126e-03, 3.747200000000000000e+04
6.022735162053160368e-03, 4.181100000000000000e+04
6.048040771977753610e-03, 3.713200000000000000e+04
6.073346381902346852e-03, 3.553900000000000000e+04
6.098651991826940094e-03, 3.756000000000000000e+04
6.123957601751532469e-03, 4.107700000000000000e+04
6.149263211676125711e-03, 4.467300000000000000e+04
6.174568821600718953e-03, 4.739900000000000000e+04
6.199874431525312195e-03, 4.885100000000000000e+04
6.225180041449905437e-03, 4.884800000000000000e+04
6.250485651374498679e-03, 4.759700000000000000e+04
6.275791261299091921e-03, 4.535500000000000000e+04
6.301096871223684295e-03, 4.256900000000000000e+04
6.326402481148277537e-03, 3.979200000000000000e+04
6.351708091072870779e-03, 3.750400000000000000e+04
6.377013700997464021e-03, 3.607200000000000000e+04
6.402319310922057263e-03, 3.592900000000000000e+04
6.427624920846650505e-03, 3.721900000000000000e+04
6.452930530771242880e-03, 4.000000000000000000e+04
6.478236140695836122e-03, 4.416100000000000000e+04
6.503541750620429364e-03, 3.790100000000000000e+04
6.528847360545022606e-03, 3.643700000000000000e+04
6.554152970469615848e-03, 3.944200000000000000e+04
6.579458580394209090e-03, 3.990300000000000000e+04
6.604764190318802332e-03, 3.567800000000000000e+04
6.630069800243394706e-03, 3.639000000000000000e+04
6.655375410167987948e-03, 3.943700000000000000e+04
6.680681020092581190e-03, 4.313800000000000000e+04
6.705986630017174432e-03, 4.635900000000000000e+04
6.731292239941767674e-03, 4.839000000000000000e+04
6.756597849866360916e-03, 4.907400000000000000e+04
6.781903459790954158e-03, 4.833800000000000000e+04
6.807209069715546533e-03, 4.650300000000000000e+04
6.832514679640139775e-03, 4.391200000000000000e+04
6.857820289564733017e-03, 4.102200000000000000e+04
6.883125899489326259e-03, 3.848100000000000000e+04
6.908431509413919501e-03, 3.659000000000000000e+04
6.933737119338512743e-03, 3.582500000000000000e+04
6.959042729263105118e-03, 3.647500000000000000e+04
6.984348339187698360e-03, 3.854400000000000000e+04
7.009653949112291602e-03, 4.205900000000000000e+04
7.034959559036884844e-03, 4.260900000000000000e+04
7.060265168961478086e-03, 3.749100000000000000e+04
7.085570778886071328e-03, 3.809600000000000000e+04
7.110876388810664570e-03, 4.223500000000000000e+04
7.136181998735256944e-03, 3.739000000000000000e+04
7.161487608659850186e-03, 3.571900000000000000e+04
7.186793218584443428e-03, 3.761900000000000000e+04
7.212098828509036670e-03, 4.098600000000000000e+04
7.237404438433629912e-03, 4.443600000000000000e+04
7.262710048358223154e-03, 4.702800000000000000e+04
7.288015658282816396e-03, 4.838500000000000000e+04
7.313321268207408771e-03, 4.827400000000000000e+04
7.338626878132002013e-03, 4.698800000000000000e+04
7.363932488056595255e-03, 4.473600000000000000e+04
7.389238097981188497e-03, 4.198000000000000000e+04
7.414543707905781739e-03, 3.927000000000000000e+04
7.439849317830374981e-03, 3.708000000000000000e+04
7.465154927754967355e-03, 3.577900000000000000e+04
7.490460537679560597e-03, 3.581600000000000000e+04
7.515766147604153839e-03, 3.721100000000000000e+04
7.541071757528747081e-03, 4.013900000000000000e+04
7.566377367453340323e-03, 4.441900000000000000e+04
7.591682977377933565e-03, 3.872100000000000000e+04
7.616988587302526807e-03, 3.711200000000000000e+04
7.642294197227119182e-03, 3.999400000000000000e+04
7.667599807151712424e-03, 4.009600000000000000e+04
7.692905417076305666e-03, 3.584000000000000000e+04
7.718211027000898908e-03, 3.651200000000000000e+04
7.743516636925492150e-03, 3.946600000000000000e+04
7.768822246850085392e-03, 4.309400000000000000e+04
7.794127856774677766e-03, 4.622100000000000000e+04
7.819433466699271876e-03, 4.812900000000000000e+04
7.844739076623865118e-03, 4.869400000000000000e+04
7.870044686548458360e-03, 4.789400000000000000e+04
7.895350296473049867e-03, 4.601600000000000000e+04
7.920655906397643109e-03, 4.341100000000000000e+04
7.945961516322236351e-03, 4.057000000000000000e+04
7.971267126246829593e-03, 3.809800000000000000e+04
7.996572736171422835e-03, 3.631300000000000000e+04
8.021878346096016077e-03, 3.576900000000000000e+04
8.047183956020609319e-03, 3.661100000000000000e+04
8.072489565945202561e-03, 3.884800000000000000e+04
8.097795175869795803e-03, 4.255300000000000000e+04
8.123100785794389045e-03, 4.187900000000000000e+04
8.148406395718982287e-03, 3.734500000000000000e+04
8.173712005643575529e-03, 3.837700000000000000e+04
8.199017615568168771e-03, 4.268100000000000000e+04
8.224323225492760278e-03, 3.697500000000000000e+04
8.249628835417353520e-03, 3.575300000000000000e+04
8.274934445341946762e-03, 3.789100000000000000e+04
8.300240055266540004e-03, 4.140800000000000000e+04
8.325545665191133246e-03, 4.488100000000000000e+04
8.350851275115726488e-03, 4.743500000000000000e+04
8.376156885040319730e-03, 4.871200000000000000e+04
8.401462494964912972e-03, 4.850300000000000000e+04
8.426768104889506214e-03, 4.718400000000000000e+04
8.452073714814099456e-03, 4.491200000000000000e+04
8.477379324738692698e-03, 4.213600000000000000e+04
8.502684934663285940e-03, 3.945400000000000000e+04
8.527990544587879182e-03, 3.729200000000000000e+04
8.553296154512470689e-03, 3.604100000000000000e+04
8.578601764437063931e-03, 3.614100000000000000e+04
8.603907374361657173e-03, 3.767500000000000000e+04
8.629212984286250415e-03, 4.075500000000000000e+04
8.654518594210843657e-03, 4.413900000000000000e+04
8.679824204135436899e-03, 3.735700000000000000e+04
8.705129814060030141e-03, 3.680200000000000000e+04
8.730435423984623383e-03, 4.032000000000000000e+04
8.755741033909216625e-03, 3.874000000000000000e+04
8.781046643833809867e-03, 3.556700000000000000e+04
8.806352253758403109e-03, 3.684700000000000000e+04
8.831657863682996351e-03, 4.011200000000000000e+04
8.856963473607589593e-03, 4.385000000000000000e+04
8.882269083532181100e-03, 4.695700000000000000e+04
8.907574693456774342e-03, 4.880900000000000000e+04
8.932880303381367584e-03, 4.921000000000000000e+04
8.958185913305960826e-03, 4.827200000000000000e+04
8.983491523230554068e-03, 4.626300000000000000e+04
9.008797133155147310e-03, 4.357800000000000000e+04
9.034102743079740552e-03, 4.071000000000000000e+04
9.059408353004333794e-03, 3.820900000000000000e+04
9.084713962928927036e-03, 3.646300000000000000e+04
9.110019572853520278e-03, 3.593000000000000000e+04
9.135325182778113520e-03, 3.684200000000000000e+04
9.160630792702706762e-03, 3.920200000000000000e+04
9.185936402627300004e-03, 4.299500000000000000e+04
9.211242012551893246e-03, 3.949300000000000000e+04
9.236547622476484753e-03, 3.637400000000000000e+04
9.261853232401077995e-03, 3.835800000000000000e+04
9.287158842325671237e-03, 4.246200000000000000e+04
9.312464452250264479e-03, 3.627600000000000000e+04
9.337770062174857721e-03, 3.590400000000000000e+04
9.363075672099450963e-03, 3.851000000000000000e+04
9.388381282024044205e-03, 4.221700000000000000e+04
9.413686891948637447e-03, 4.567600000000000000e+04
9.438992501873230689e-03, 4.814700000000000000e+04
9.464298111797823931e-03, 4.931000000000000000e+04
9.489603721722417173e-03, 4.897100000000000000e+04
9.514909331647010415e-03, 4.744400000000000000e+04
9.540214941571603657e-03, 4.505600000000000000e+04
9.565520551496195165e-03, 4.224900000000000000e+04
9.590826161420788407e-03, 3.957700000000000000e+04
9.616131771345381649e-03, 3.746100000000000000e+04
9.641437381269974891e-03, 3.633700000000000000e+04
9.666742991194568133e-03, 3.659600000000000000e+04
9.692048601119161375e-03, 3.822600000000000000e+04
9.717354211043754617e-03, 4.137700000000000000e+04
9.742659820968347859e-03, 4.336500000000000000e+04
9.767965430892941101e-03, 3.724800000000000000e+04
9.793271040817534343e-03, 3.713300000000000000e+04
9.818576650742127584e-03, 4.088600000000000000e+04
9.843882260666720826e-03, 3.823500000000000000e+04
9.869187870591314068e-03, 3.551700000000000000e+04
9.894493480515905576e-03, 3.701000000000000000e+04
9.919799090440498818e-03, 4.036700000000000000e+04
9.945104700365092060e-03, 4.399500000000000000e+04
9.970410310289685302e-03, 4.697300000000000000e+04
9.995715920214278544e-03, 4.869100000000000000e+04
1.002102153013887179e-02, 4.899300000000000000e+04
1.004632714006346503e-02, 4.795900000000000000e+04
1.007163274998805827e-02, 4.588200000000000000e+04
1.009693835991265151e-02, 4.317500000000000000e+04
1.012224396983724475e-02, 4.036100000000000000e+04
1.014754957976183800e-02, 3.793300000000000000e+04
1.017285518968643124e-02, 3.625800000000000000e+04
1.019816079961102448e-02, 3.585500000000000000e+04
1.022346640953561599e-02, 3.683100000000000000e+04
1.024877201946020923e-02, 3.933200000000000000e+04
1.027407762938480247e-02, 4.326000000000000000e+04
1.029938323930939571e-02, 3.896400000000000000e+04
1.032468884923398895e-02, 3.630900000000000000e+04
1.034999445915858220e-02, 3.858000000000000000e+04
1.037530006908317544e-02, 4.203100000000000000e+04
1.040060567900776868e-02, 3.616500000000000000e+04
1.042591128893236192e-02, 3.594500000000000000e+04
1.045121689885695516e-02, 3.859000000000000000e+04
1.047652250878154841e-02, 4.218600000000000000e+04
1.050182811870614165e-02, 4.554300000000000000e+04
1.052713372863073489e-02, 4.785600000000000000e+04
1.055243933855532813e-02, 4.884500000000000000e+04
1.057774494847991964e-02, 4.836900000000000000e+04
1.060305055840451288e-02, 4.675400000000000000e+04
1.062835616832910612e-02, 4.430300000000000000e+04
1.065366177825369937e-02, 4.146700000000000000e+04
1.067896738817829261e-02, 3.894200000000000000e+04
1.070427299810288585e-02, 3.696100000000000000e+04
1.072957860802747909e-02, 3.598700000000000000e+04
1.075488421795207233e-02, 3.635300000000000000e+04
1.078018982787666558e-02, 3.807400000000000000e+04
1.080549543780125882e-02, 4.134400000000000000e+04
1.083080104772585206e-02, 4.440700000000000000e+04
1.085610665765044530e-02, 3.795400000000000000e+04
1.088141226757503854e-02, 3.765000000000000000e+04
1.090671787749963005e-02, 4.126400000000000000e+04
1.093202348742422329e-02, 3.835300000000000000e+04
1.095732909734881654e-02, 3.566400000000000000e+04
1.098263470727340978e-02, 3.715800000000000000e+04
1.100794031719800302e-02, 4.044300000000000000e+04
1.103324592712259626e-02, 4.400700000000000000e+04
1.105855153704718950e-02, 4.688900000000000000e+04
1.108385714697178275e-02, 4.848200000000000000e+04
1.110916275689637599e-02, 4.868200000000000000e+04
1.113446836682096923e-02, 4.755800000000000000e+04
1.115977397674556247e-02, 4.544500000000000000e+04
1.118507958667015571e-02, 4.272600000000000000e+04
1.121038519659474895e-02, 3.995200000000000000e+04
1.123569080651934046e-02, 3.761700000000000000e+04
1.126099641644393370e-02, 3.606400000000000000e+04
1.128630202636852695e-02, 3.576300000000000000e+04
1.131160763629312019e-02, 3.687500000000000000e+04
1.133691324621771343e-02, 3.949200000000000000e+04
1.136221885614230667e-02, 4.350400000000000000e+04
1.138752446606689991e-02, 3.844800000000000000e+04
1.141283007599149316e-02, 3.626900000000000000e+04
1.143813568591608640e-02, 3.885300000000000000e+04
1.146344129584067964e-02, 4.088900000000000000e+04
1.148874690576527288e-02, 3.583500000000000000e+04
1.151405251568986612e-02, 3.609300000000000000e+04
1.153935812561445937e-02, 3.898300000000000000e+04
1.156466373553905087e-02, 4.268000000000000000e+04
1.158996934546364412e-02, 4.601600000000000000e+04
1.161527495538823736e-02, 4.820000000000000000e+04
1.164058056531283060e-02, 4.905400000000000000e+04
1.166588617523742384e-02, 4.847400000000000000e+04
1.169119178516201708e-02, 4.676700000000000000e+04
1.171649739508661033e-02, 4.424100000000000000e+04
1.174180300501120357e-02, 4.137300000000000000e+04
1.176710861493579681e-02, 3.877300000000000000e+04
1.179241422486039005e-02, 3.677000000000000000e+04
1.181771983478498329e-02, 3.584800000000000000e+04
1.184302544470957654e-02, 3.630000000000000000e+04
1.186833105463416978e-02, 3.820200000000000000e+04
1.189363666455876302e-02, 4.155900000000000000e+04
1.191894227448335453e-02, 4.376100000000000000e+04
1.194424788440794777e-02, 3.776600000000000000e+04
1.196955349433254101e-02, 3.776800000000000000e+04
1.199485910425713425e-02, 4.156700000000000000e+04
1.202016471418172749e-02, 3.799400000000000000e+04
1.204547032410632074e-02, 3.565400000000000000e+04
1.207077593403091398e-02, 3.727800000000000000e+04
1.209608154395550722e-02, 4.054200000000000000e+04
1.212138715388010046e-02, 4.402200000000000000e+04
1.214669276380469370e-02, 4.677900000000000000e+04
1.217199837372928695e-02, 4.830400000000000000e+04
1.219730398365388019e-02, 4.844600000000000000e+04
1.222260959357847343e-02, 4.733400000000000000e+04
1.224791520350306494e-02, 4.521200000000000000e+04
1.227322081342765818e-02, 4.251100000000000000e+04
1.229852642335225142e-02, 3.976100000000000000e+04
1.232383203327684466e-02, 3.748200000000000000e+04
1.234913764320143791e-02, 3.602400000000000000e+04
1.237444325312603115e-02, 3.587100000000000000e+04
1.239974886305062439e-02, 3.717300000000000000e+04
1.242505447297521763e-02, 3.995000000000000000e+04
1.245036008289981087e-02, 4.406900000000000000e+04
1.247566569282440412e-02, 3.808000000000000000e+04
1.250097130274899736e-02, 3.643000000000000000e+04
1.252627691267359060e-02, 3.933100000000000000e+04
1.255158252259818384e-02, 4.017900000000000000e+04
1.257688813252277535e-02, 3.573700000000000000e+04
1.260219374244736859e-02, 3.634200000000000000e+04
1.262749935237196183e-02, 3.937400000000000000e+04
1.265280496229655507e-02, 4.310400000000000000e+04
1.267811057222114832e-02, 4.641000000000000000e+04
1.270341618214574156e-02, 4.850000000000000000e+04
1.272872179207033480e-02, 4.921600000000000000e+04
1.275402740199492804e-02, 4.851700000000000000e+04
1.277933301191952128e-02, 4.671900000000000000e+04
1.280463862184411453e-02, 4.413300000000000000e+04
1.282994423176870777e-02, 4.122800000000000000e+04
1.285524984169330101e-02, 3.864300000000000000e+04
1.288055545161789425e-02, 3.672800000000000000e+04
1.290586106154248576e-02, 3.590600000000000000e+04
1.293116667146707900e-02, 3.645600000000000000e+04
1.295647228139167224e-02, 3.844400000000000000e+04
1.298177789131626549e-02, 4.194700000000000000e+04
1.300708350124085873e-02, 4.270500000000000000e+04
1.303238911116545197e-02, 3.749600000000000000e+04
1.305769472109004521e-02, 3.801700000000000000e+04
1.308300033101463845e-02, 4.211100000000000000e+04
1.310830594093923170e-02, 3.759600000000000000e+04
1.313361155086382494e-02, 3.578900000000000000e+04
1.315891716078841818e-02, 3.765600000000000000e+04
1.318422277071301142e-02, 4.106500000000000000e+04
1.320952838063760466e-02, 4.457600000000000000e+04
1.323483399056219791e-02, 4.727100000000000000e+04
1.326013960048678941e-02, 4.871500000000000000e+04
1.328544521041138265e-02, 4.868100000000000000e+04
1.331075082033597590e-02, 4.741300000000000000e+04
1.333605643026056914e-02, 4.515600000000000000e+04
1.336136204018516238e-02, 4.237700000000000000e+04
1.338666765010975562e-02, 3.963300000000000000e+04
1.341197326003434886e-02, 3.738300000000000000e+04
1.343727886995894211e-02, 3.599400000000000000e+04
1.346258447988353535e-02, 3.593300000000000000e+04
1.348789008980812859e-02, 3.728900000000000000e+04
1.351319569973272183e-02, 4.016400000000000000e+04
1.353850130965731507e-02, 4.441100000000000000e+04
1.356380691958190832e-02, 3.771800000000000000e+04
1.358911252950649982e-02, 3.651000000000000000e+04
1.361441813943109307e-02, 3.966600000000000000e+04
1.363972374935568631e-02, 3.955300000000000000e+04
1.366502935928027955e-02, 3.562200000000000000e+04
1.369033496920487279e-02, 3.649500000000000000e+04
1.371564057912946603e-02, 3.959200000000000000e+04
1.374094618905405928e-02, 4.326100000000000000e+04
1.376625179897865252e-02, 4.645800000000000000e+04
1.379155740890324576e-02, 4.843700000000000000e+04
1.381686301882783900e-02, 4.906300000000000000e+04
1.384216862875243224e-02, 4.826800000000000000e+04
1.386747423867702549e-02, 4.639300000000000000e+04
1.389277984860161873e-02, 4.378400000000000000e+04
1.391808545852621024e-02, 4.090600000000000000e+04
1.394339106845080348e-02, 3.847600000000000000e+04
1.396869667837539672e-02, 3.667600000000000000e+04
1.399400228829998996e-02, 3.600900000000000000e+04
1.401930789822458320e-02, 3.673900000000000000e+04
1.404461350814917645e-02, 3.892900000000000000e+04
1.406991911807376969e-02, 4.257100000000000000e+04
1.409522472799836293e-02, 4.044800000000000000e+04
1.412053033792295617e-02, 3.655600000000000000e+04
1.414583594784754941e-02, 3.799600000000000000e+04
1.417114155777214266e-02, 4.260400000000000000e+04
1.419644716769673590e-02, 3.673800000000000000e+04
1.422175277762132914e-02, 3.578200000000000000e+04
1.424705838754592065e-02, 3.812500000000000000e+04
1.427236399747051389e-02, 4.178300000000000000e+04
1.429766960739510713e-02, 4.531900000000000000e+04
1.432297521731970037e-02, 4.789600000000000000e+04
1.434828082724429361e-02, 4.915300000000000000e+04
1.437358643716888686e-02, 4.893700000000000000e+04
1.439889204709348010e-02, 4.754300000000000000e+04
1.442419765701807334e-02, 4.519100000000000000e+04
1.444950326694266658e-02, 4.234000000000000000e+04
1.447480887686725982e-02, 3.958500000000000000e+04
1.450011448679185307e-02, 3.737200000000000000e+04
1.452542009671644631e-02, 3.606700000000000000e+04
1.455072570664103955e-02, 3.608200000000000000e+04
1.457603131656563279e-02, 3.752200000000000000e+04
1.460133692649022430e-02, 4.050200000000000000e+04
1.462664253641481754e-02, 4.482000000000000000e+04
1.465194814633941078e-02, 3.867100000000000000e+04
1.467725375626400403e-02, 3.729700000000000000e+04
1.470255936618859727e-02, 4.029400000000000000e+04
1.472786497611319051e-02, 3.982000000000000000e+04
1.475317058603778375e-02, 3.578300000000000000e+04
1.477847619596237699e-02, 3.653700000000000000e+04
1.480378180588697024e-02, 3.950400000000000000e+04
1.482908741581156348e-02, 4.310800000000000000e+04
1.485439302573615672e-02, 4.615000000000000000e+04
1.487969863566074996e-02, 4.802400000000000000e+04
1.490500424558534320e-02, 4.852600000000000000e+04
1.493030985550993471e-02, 4.769500000000000000e+04
1.495561546543452795e-02, 4.578300000000000000e+04
1.498092107535912119e-02, 4.317600000000000000e+04
1.500622668528371444e-02, 4.036700000000000000e+04
1.503153229520830768e-02, 3.792400000000000000e+04
1.505683790513290092e-02, 3.617600000000000000e+04
1.508214351505749416e-02, 3.562000000000000000e+04
1.510744912498208740e-02, 3.648500000000000000e+04
1.513275473490668065e-02, 3.877600000000000000e+04
1.515806034483127389e-02, 4.256000000000000000e+04
1.518336595475586713e-02, 3.961600000000000000e+04
1.520867156468046037e-02, 3.625000000000000000e+04
1.523397717460505361e-02, 3.807000000000000000e+04
1.525928278452964512e-02, 4.286300000000000000e+04
1.528458839445423836e-02, 3.635100000000000000e+04
1.530989400437883161e-02, 3.576500000000000000e+04
1.533519961430342485e-02, 3.826400000000000000e+04
1.536050522422801809e-02, 4.197100000000000000e+04
1.538581083415261133e-02, 4.549300000000000000e+04
1.541111644407720457e-02, 4.800400000000000000e+04
1.543642205400179782e-02, 4.919000000000000000e+04
1.546172766392639106e-02, 4.886900000000000000e+04
1.548703327385098430e-02, 4.737400000000000000e+04
1.551233888377557754e-02, 4.496800000000000000e+04
1.553764449370017078e-02, 4.210700000000000000e+04
1.556295010362476403e-02, 3.938500000000000000e+04
1.558825571354935553e-02, 3.722300000000000000e+04
1.561356132347394877e-02, 3.602200000000000000e+04
1.563886693339854375e-02, 3.618300000000000000e+04
1.566417254332313699e-02, 3.773600000000000000e+04
1.568947815324773024e-02, 4.079900000000000000e+04
1.571478376317232348e-02, 4.520300000000000000e+04
1.574008937309691672e-02, 3.832000000000000000e+04
1.576539498302150649e-02, 3.736900000000000000e+04
1.579070059294609973e-02, 4.061100000000000000e+04
1.581600620287069298e-02, 3.925100000000000000e+04
1.584131181279528622e-02, 3.577000000000000000e+04
1.586661742271987946e-02, 3.677700000000000000e+04
1.589192303264447270e-02, 3.982800000000000000e+04
1.591722864256906594e-02, 4.336700000000000000e+04
1.594253425249365919e-02, 4.637000000000000000e+04
1.596783986241825243e-02, 4.813800000000000000e+04
1.599314547234284567e-02, 4.849700000000000000e+04
1.601845108226743891e-02, 4.756000000000000000e+04
1.604375669219203215e-02, 4.557500000000000000e+04
1.606906230211662540e-02, 4.298100000000000000e+04
1.609436791204121864e-02, 4.027200000000000000e+04
1.611967352196581188e-02, 3.790000000000000000e+04
1.614497913189040512e-02, 3.627400000000000000e+04
1.617028474181499836e-02, 3.588600000000000000e+04
1.619559035173959161e-02, 3.689200000000000000e+04
1.622089596166418485e-02, 3.935500000000000000e+04
1.624620157158877809e-02, 4.321000000000000000e+04
1.627150718151337133e-02, 3.922300000000000000e+04
1.629681279143796457e-02, 3.638800000000000000e+04
1.632211840136255782e-02, 3.854500000000000000e+04
1.634742401128715106e-02, 4.200200000000000000e+04
1.637272962121174430e-02, 3.616200000000000000e+04
1.639803523113633754e-02, 3.599100000000000000e+04
1.642334084106092731e-02, 3.868500000000000000e+04
1.644864645098552056e-02, 4.239800000000000000e+04
1.647395206091011380e-02, 4.581100000000000000e+04
1.649925767083470704e-02, 4.816100000000000000e+04
1.652456328075930028e-02, 4.918200000000000000e+04
1.654986889068389352e-02, 4.874500000000000000e+04
1.657517450060848677e-02, 4.714900000000000000e+04
1.660048011053308001e-02, 4.467900000000000000e+04
1.662578572045767325e-02, 4.179600000000000000e+04
1.665109133038226649e-02, 3.913400000000000000e+04
1.667639694030685973e-02, 3.704500000000000000e+04
1.670170255023145298e-02, 3.594400000000000000e+04
1.672700816015604622e-02, 3.621900000000000000e+04
1.675231377008063946e-02, 3.790500000000000000e+04
1.677761938000523270e-02, 4.113100000000000000e+04
1.680292498992982594e-02, 4.509100000000000000e+04
1.682823059985441919e-02, 3.816300000000000000e+04
1.685353620977901243e-02, 3.753000000000000000e+04
1.687884181970360567e-02, 4.095000000000000000e+04
1.690414742962819891e-02, 3.871100000000000000e+04
1.692945303955279215e-02, 3.568000000000000000e+04
1.695475864947738540e-02, 3.694600000000000000e+04
1.698006425940197864e-02, 4.013800000000000000e+04
1.700536986932657188e-02, 4.361000000000000000e+04
1.703067547925116512e-02, 4.650800000000000000e+04
1.705598108917575836e-02, 4.817900000000000000e+04
1.708128669910035161e-02, 4.846100000000000000e+04
1.710659230902494138e-02, 4.739200000000000000e+04
1.713189791894953462e-02, 4.533100000000000000e+04
1.715720352887412786e-02, 4.266000000000000000e+04
1.718250913879872110e-02, 3.991400000000000000e+04
1.720781474872331435e-02, 3.755400000000000000e+04
1.723312035864790759e-02, 3.596600000000000000e+04
1.725842596857250083e-02, 3.566500000000000000e+04
1.728373157849709407e-02, 3.675000000000000000e+04
1.730903718842168731e-02, 3.938000000000000000e+04
1.733434279834628056e-02, 4.338700000000000000e+04
1.735964840827087380e-02, 3.862700000000000000e+04
1.738495401819546704e-02, 3.625200000000000000e+04
1.741025962812006028e-02, 3.873100000000000000e+04
1.743556523804465352e-02, 4.117600000000000000e+04
1.746087084796924677e-02, 3.590000000000000000e+04
1.748617645789384001e-02, 3.603000000000000000e+04
1.751148206781843325e-02, 3.890000000000000000e+04
1.753678767774302649e-02, 4.262800000000000000e+04
1.756209328766761973e-02, 4.603800000000000000e+04
1.758739889759221298e-02, 4.830400000000000000e+04
1.761270450751680622e-02, 4.920200000000000000e+04
1.763801011744139946e-02, 4.865500000000000000e+04
1.766331572736599270e-02, 4.697300000000000000e+04
1.768862133729058594e-02, 4.446400000000000000e+04
1.771392694721517919e-02, 4.158200000000000000e+04
1.773923255713977243e-02, 3.894700000000000000e+04
1.776453816706436220e-02, 3.691700000000000000e+04
1.778984377698895544e-02, 3.595200000000000000e+04
1.781514938691354868e-02, 3.639400000000000000e+04
1.784045499683814193e-02, 3.826400000000000000e+04
1.786576060676273517e-02, 4.162000000000000000e+04
1.789106621668732841e-02, 4.196800000000000000e+04
1.791637182661192165e-02, 3.676300000000000000e+04
1.794167743653651489e-02, 3.727900000000000000e+04
1.796698304646110814e-02, 4.140600000000000000e+04
1.799228865638570138e-02, 3.751500000000000000e+04
1.801759426631029462e-02, 3.556800000000000000e+04
1.804289987623488786e-02, 3.747300000000000000e+04
1.806820548615948110e-02, 4.095400000000000000e+04
1.809351109608407435e-02, 4.459300000000000000e+04
1.811881670600866759e-02, 4.749800000000000000e+04
1.814412231593326083e-02, 4.910600000000000000e+04
1.816942792585785407e-02, 4.924600000000000000e+04
1.819473353578244731e-02, 4.806000000000000000e+04
1.822003914570704056e-02, 4.585500000000000000e+04
1.824534475563163380e-02, 4.307100000000000000e+04
1.827065036555622704e-02, 4.024400000000000000e+04
1.829595597548082028e-02, 3.789300000000000000e+04
1.832126158540541352e-02, 3.631300000000000000e+04
1.834656719533000677e-02, 3.603700000000000000e+04
1.837187280525460001e-02, 3.720100000000000000e+04
1.839717841517919325e-02, 3.985400000000000000e+04
1.842248402510378649e-02, 4.390700000000000000e+04
1.844778963502837626e-02, 3.836100000000000000e+04
1.847309524495296951e-02, 3.643000000000000000e+04
1.849840085487756275e-02, 3.915600000000000000e+04
1.852370646480215599e-02, 4.058500000000000000e+04
1.854901207472674923e-02, 3.583400000000000000e+04
1.857431768465134247e-02, 3.625100000000000000e+04
1.859962329457593572e-02, 3.919000000000000000e+04
1.862492890450052896e-02, 4.291400000000000000e+04
1.865023451442512220e-02, 4.627900000000000000e+04
1.867554012434971544e-02, 4.845800000000000000e+04
1.870084573427430868e-02, 4.926400000000000000e+04
1.872615134419890193e-02, 4.861400000000000000e+04
1.875145695412349517e-02, 4.685400000000000000e+04
1.877676256404808841e-02, 4.429200000000000000e+04
1.880206817397268165e-02, 4.139900000000000000e+04
1.882737378389727489e-02, 3.884700000000000000e+04
1.885267939382186814e-02, 3.694500000000000000e+04
1.887798500374646138e-02, 3.610900000000000000e+04
1.890329061367105462e-02, 3.664000000000000000e+04
1.892859622359564786e-02, 3.855800000000000000e+04
1.895390183352024110e-02, 4.195500000000000000e+04
1.897920744344483435e-02, 4.328900000000000000e+04
1.900451305336942759e-02, 3.771200000000000000e+04
1.902981866329402083e-02, 3.799300000000000000e+04
1.905512427321861407e-02, 4.194900000000000000e+04
1.908042988314320731e-02, 3.771600000000000000e+04
1.910573549306779709e-02, 3.571000000000000000e+04
1.913104110299239033e-02, 3.746000000000000000e+04
1.915634671291698357e-02, 4.078600000000000000e+04
1.918165232284157681e-02, 4.428100000000000000e+04
1.920695793276617006e-02, 4.697800000000000000e+04
1.923226354269076330e-02, 4.848600000000000000e+04
1.925756915261535654e-02, 4.856900000000000000e+04
1.928287476253994978e-02, 4.738400000000000000e+04
1.930818037246454302e-02, 4.520000000000000000e+04
1.933348598238913627e-02, 4.245400000000000000e+04
1.935879159231372951e-02, 3.970200000000000000e+04
1.938409720223832275e-02, 3.743400000000000000e+04
1.940940281216291599e-02, 3.603300000000000000e+04
1.943470842208750923e-02, 3.595800000000000000e+04
1.946001403201210248e-02, 3.732500000000000000e+04
1.948531964193669572e-02, 4.014800000000000000e+04
1.951062525186128896e-02, 4.432000000000000000e+04
1.953593086178588220e-02, 3.789600000000000000e+04
1.956123647171047544e-02, 3.650700000000000000e+04
1.958654208163506869e-02, 3.955500000000000000e+04
1.961184769155966193e-02, 3.981100000000000000e+04
1.963715330148425517e-02, 3.567800000000000000e+04
1.966245891140884841e-02, 3.645700000000000000e+04
1.968776452133344165e-02, 3.954100000000000000e+04
1.971307013125803489e-02, 4.327500000000000000e+04
1.973837574118262814e-02, 4.655800000000000000e+04
1.976368135110722138e-02, 4.865400000000000000e+04
1.978898696103181115e-02, 4.936300000000000000e+04
1.981429257095640439e-02, 4.863700000000000000e+04
1.983959818088099764e-02, 4.679100000000000000e+04
1.986490379080559088e-02, 4.417300000000000000e+04
1.989020940073018412e-02, 4.125500000000000000e+04
1.991551501065477736e-02, 3.869300000000000000e+04
1.994082062057937060e-02, 3.678900000000000000e+04
1.996612623050396385e-02, 3.598800000000000000e+04
1.999143184042855709e-02, 3.660900000000000000e+04
2.001673745035315033e-02, 3.866800000000000000e+04
2.004204306027774357e-02, 4.222700000000000000e+04
2.006734867020233681e-02, 4.068800000000000000e+04
2.009265428012693006e-02, 3.652000000000000000e+04
2.011795989005152330e-02, 3.774800000000000000e+04
2.014326549997611654e-02, 4.227000000000000000e+04
2.016857110990070978e-02, 3.684400000000000000e+04
2.019387671982530302e-02, 3.569200000000000000e+04
2.021918232974989627e-02, 3.791100000000000000e+04
2.024448793967448951e-02, 4.151200000000000000e+04
2.026979354959908275e-02, 4.501900000000000000e+04
2.029509915952367599e-02, 4.761800000000000000e+04
2.032040476944826923e-02, 4.895100000000000000e+04
2.034571037937286248e-02, 4.881200000000000000e+04
2.037101598929745572e-02, 4.746700000000000000e+04
2.039632159922204896e-02, 4.515600000000000000e+04
2.042162720914664220e-02, 4.234300000000000000e+04
2.044693281907123197e-02, 3.959900000000000000e+04
2.047223842899582522e-02, 3.735500000000000000e+04
2.049754403892041846e-02, 3.600600000000000000e+04
2.052284964884501170e-02, 3.600400000000000000e+04
2.054815525876960494e-02, 3.742000000000000000e+04
2.057346086869419818e-02, 4.039700000000000000e+04
2.059876647861879143e-02, 4.469300000000000000e+04
2.062407208854338467e-02, 3.757300000000000000e+04
2.064937769846797791e-02, 3.661100000000000000e+04
2.067468330839257115e-02, 3.992000000000000000e+04
2.069998891831716439e-02, 3.922900000000000000e+04
2.072529452824175764e-02, 3.558500000000000000e+04
2.075060013816635088e-02, 3.661400000000000000e+04
2.077590574809094412e-02, 3.980600000000000000e+04
2.080121135801553736e-02, 4.356000000000000000e+04
2.082651696794013060e-02, 4.674200000000000000e+04
2.085182257786472385e-02, 4.869000000000000000e+04
2.087712818778931709e-02, 4.921800000000000000e+04
2.090243379771391033e-02, 4.837100000000000000e+04
2.092773940763850357e-02, 4.644100000000000000e+04
2.095304501756309681e-02, 4.379600000000000000e+04
2.097835062748769006e-02, 4.089900000000000000e+04
2.100365623741228330e-02, 3.837700000000000000e+04
2.102896184733687654e-02, 3.654900000000000000e+04
2.105426745726146978e-02, 3.591700000000000000e+04
2.107957306718606302e-02, 3.665200000000000000e+04
2.110487867711065627e-02, 3.881800000000000000e+04
2.113018428703524604e-02, 4.248100000000000000e+04
2.115548989695983928e-02, 4.164200000000000000e+04
2.118079550688443252e-02, 3.717600000000000000e+04
2.120610111680902576e-02, 3.824200000000000000e+04
2.123140672673361901e-02, 4.257500000000000000e+04
2.125671233665821225e-02, 3.687900000000000000e+04
2.128201794658280549e-02, 3.567500000000000000e+04
2.130732355650739873e-02, 3.783200000000000000e+04
2.133262916643199197e-02, 4.136400000000000000e+04
2.135793477635658522e-02, 4.480800000000000000e+04
2.138324038628117846e-02, 4.729400000000000000e+04
2.140854599620577170e-02, 4.853100000000000000e+04
2.143385160613036494e-02, 4.830600000000000000e+04
2.145915721605495818e-02, 4.691700000000000000e+04
2.148446282597955143e-02, 4.459100000000000000e+04
2.150976843590414467e-02, 4.179200000000000000e+04
2.153507404582873791e-02, 3.911300000000000000e+04
2.156037965575333115e-02, 3.698900000000000000e+04
2.158568526567792439e-02, 3.584300000000000000e+04
2.161099087560251764e-02, 3.603000000000000000e+04
2.163629648552711088e-02, 3.762300000000000000e+04
2.166160209545170412e-02, 4.071300000000000000e+04
2.168690770537629736e-02, 4.412800000000000000e+04
2.171221331530089060e-02, 3.737000000000000000e+04
2.173751892522548385e-02, 3.682900000000000000e+04
2.176282453515007709e-02, 4.034100000000000000e+04
2.178813014507466686e-02, 3.909600000000000000e+04
2.181343575499926010e-02, 3.568100000000000000e+04
2.183874136492385334e-02, 3.680900000000000000e+04
2.186404697484844659e-02, 3.996300000000000000e+04
2.188935258477303983e-02, 4.358000000000000000e+04
2.191465819469763307e-02, 4.660800000000000000e+04
2.193996380462222631e-02, 4.842900000000000000e+04
2.196526941454681955e-02, 4.883900000000000000e+04
2.199057502447141280e-02, 4.792600000000000000e+04
2.201588063439600604e-02, 4.593800000000000000e+04
2.204118624432059928e-02, 4.328300000000000000e+04
2.206649185424519252e-02, 4.046100000000000000e+04
2.209179746416978576e-02, 3.799100000000000000e+04
2.211710307409437901e-02, 3.627000000000000000e+04
2.214240868401897225e-02, 3.576100000000000000e+04
2.216771429394356549e-02, 3.666300000000000000e+04
2.219301990386815873e-02, 3.898500000000000000e+04
2.221832551379275197e-02, 4.273800000000000000e+04
2.224363112371734522e-02, 4.117600000000000000e+04
2.226893673364193846e-02, 3.718600000000000000e+04
2.229424234356653170e-02, 3.860200000000000000e+04
2.231954795349112494e-02, 4.311800000000000000e+04
2.234485356341571818e-02, 3.671100000000000000e+04
2.237015917334031143e-02, 3.585200000000000000e+04
2.239546478326490467e-02, 3.816800000000000000e+04
2.242077039318949791e-02, 4.173000000000000000e+04
2.244607600311409115e-02, 4.512600000000000000e+04
2.247138161303868092e-02, 4.755600000000000000e+04
2.249668722296327417e-02, 4.871300000000000000e+04
2.252199283288786741e-02, 4.843900000000000000e+04
2.254729844281246065e-02, 4.697800000000000000e+04
2.257260405273705389e-02, 4.461100000000000000e+04
2.259790966266164713e-02, 4.183300000000000000e+04
2.262321527258624038e-02, 3.924600000000000000e+04
2.264852088251083362e-02, 3.719800000000000000e+04
2.267382649243542686e-02, 3.610600000000000000e+04
2.269913210236002010e-02, 3.638300000000000000e+04
2.272443771228461334e-02, 3.806900000000000000e+04
2.274974332220920659e-02, 4.126200000000000000e+04
2.277504893213379983e-02, 4.327400000000000000e+04
2.280035454205839307e-02, 3.717000000000000000e+04
2.282566015198298631e-02, 3.707900000000000000e+04
2.285096576190757955e-02, 4.085100000000000000e+04
2.287627137183217280e-02, 3.824100000000000000e+04
2.290157698175676604e-02, 3.557100000000000000e+04
2.292688259168135928e-02, 3.703900000000000000e+04
2.295218820160595252e-02, 4.037800000000000000e+04
2.297749381153054576e-02, 4.400800000000000000e+04
2.300279942145513901e-02, 4.700300000000000000e+04
2.302810503137973225e-02, 4.870000000000000000e+04
2.305341064130432549e-02, 4.898900000000000000e+04
2.307871625122891873e-02, 4.794800000000000000e+04
2.310402186115351197e-02, 4.587800000000000000e+04
2.312932747107810175e-02, 4.316300000000000000e+04
2.315463308100269499e-02, 4.034600000000000000e+04
2.317993869092728823e-02, 3.792500000000000000e+04
2.320524430085188147e-02, 3.626400000000000000e+04
2.323054991077647471e-02, 3.585200000000000000e+04
2.325585552070106796e-02, 3.682200000000000000e+04
2.328116113062566120e-02, 3.931200000000000000e+04
2.330646674055025444e-02, 4.321700000000000000e+04
2.333177235047484768e-02, 3.893500000000000000e+04
2.335707796039944092e-02, 3.629000000000000000e+04
2.338238357032403417e-02, 3.858000000000000000e+04
2.340768918024862741e-02, 4.163200000000000000e+04
2.343299479017322065e-02, 3.603200000000000000e+04
2.345830040009781389e-02, 3.597900000000000000e+04
2.348360601002240713e-02, 3.872800000000000000e+04
2.350891161994700038e-02, 4.242800000000000000e+04
2.353421722987159362e-02, 4.578500000000000000e+04
2.355952283979618686e-02, 4.808500000000000000e+04
2.358482844972078010e-02, 4.905600000000000000e+04
2.361013405964537334e-02, 4.857600000000000000e+04
2.363543966956996659e-02, 4.693000000000000000e+04
2.366074527949455983e-02, 4.445200000000000000e+04
2.368605088941915307e-02, 4.159200000000000000e+04
2.371135649934374631e-02, 3.896600000000000000e+04
2.373666210926833955e-02, 3.690400000000000000e+04
2.376196771919293280e-02, 3.588200000000000000e+04
2.378727332911752604e-02, 3.622600000000000000e+04
2.381257893904211581e-02, 3.800100000000000000e+04
2.383788454896670905e-02, 4.134500000000000000e+04
2.386319015889130229e-02, 4.232400000000000000e+04
2.388849576881589554e-02, 3.680100000000000000e+04
2.391380137874048878e-02, 3.710500000000000000e+04
2.393910698866508202e-02, 4.112600000000000000e+04
2.396441259858967526e-02, 3.773300000000000000e+04
2.398971820851426850e-02, 3.552600000000000000e+04
2.401502381843886175e-02, 3.729100000000000000e+04
2.404032942836345499e-02, 4.066100000000000000e+04
2.406563503828804823e-02, 4.426600000000000000e+04
2.409094064821264147e-02, 4.716000000000000000e+04
2.411624625813723471e-02, 4.877900000000000000e+04
2.414155186806182796e-02, 4.894800000000000000e+04
2.416685747798642120e-02, 4.779200000000000000e+04
2.419216308791101444e-02, 4.564900000000000000e+04
2.421746869783560768e-02, 4.291300000000000000e+04
2.424277430776020092e-02, 4.011000000000000000e+04
2.426807991768479417e-02, 3.774800000000000000e+04
2.429338552760938741e-02, 3.617100000000000000e+04
2.431869113753398065e-02, 3.588700000000000000e+04
2.434399674745857389e-02, 3.697500000000000000e+04
2.436930235738316713e-02, 3.956400000000000000e+04
2.439460796730776038e-02, 4.355600000000000000e+04
2.441991357723235362e-02, 3.988700000000000000e+04
2.444521918715694686e-02, 3.705400000000000000e+04
2.447052479708153663e-02, 3.920400000000000000e+04
2.449583040700612988e-02, 4.190200000000000000e+04
2.452113601693072312e-02, 3.626100000000000000e+04
2.454644162685531636e-02, 3.615000000000000000e+04
2.457174723677990960e-02, 3.881900000000000000e+04
2.459705284670450284e-02, 4.239000000000000000e+04
2.462235845662909609e-02, 4.569700000000000000e+04
2.464766406655368933e-02, 4.793400000000000000e+04
2.467296967647828257e-02, 4.884600000000000000e+04
2.469827528640287581e-02, 4.831100000000000000e+04
2.472358089632746905e-02, 4.665300000000000000e+04
2.474888650625206230e-02, 4.414900000000000000e+04
2.477419211617665554e-02, 4.129900000000000000e+04
2.479949772610124878e-02, 3.871300000000000000e+04
2.482480333602584202e-02, 3.674300000000000000e+04
2.485010894595043526e-02, 3.583000000000000000e+04
2.487541455587502850e-02, 3.627900000000000000e+04
2.490072016579962175e-02, 3.818000000000000000e+04
2.492602577572421499e-02, 4.158600000000000000e+04
2.495133138564880823e-02, 4.158200000000000000e+04
2.497663699557340147e-02, 3.661100000000000000e+04
2.500194260549799471e-02, 3.729000000000000000e+04
2.502724821542258796e-02, 4.151600000000000000e+04
2.505255382534718120e-02, 3.732200000000000000e+04
2.507785943527177444e-02, 3.554200000000000000e+04
2.510316504519636768e-02, 3.751100000000000000e+04
2.512847065512096092e-02, 4.101100000000000000e+04
2.515377626504555070e-02, 4.465100000000000000e+04
2.517908187497014394e-02, 4.749600000000000000e+04
2.520438748489473718e-02, 4.903900000000000000e+04
2.522969309481933042e-02, 4.910600000000000000e+04
2.525499870474392367e-02, 4.793400000000000000e+04
2.528030431466851691e-02, 4.577900000000000000e+04
2.530560992459311015e-02, 4.302900000000000000e+04
2.533091553451770339e-02, 4.023900000000000000e+04
2.535622114444229663e-02, 3.790400000000000000e+04
2.538152675436688988e-02, 3.638500000000000000e+04
2.540683236429148312e-02, 3.617700000000000000e+04
2.543213797421607636e-02, 3.740500000000000000e+04
2.545744358414066960e-02, 4.013400000000000000e+04
2.548274919406526284e-02, 4.423300000000000000e+04
2.550805480398985609e-02, 3.822300000000000000e+04
2.553336041391444933e-02, 3.654800000000000000e+04
2.555866602383904257e-02, 3.942800000000000000e+04
2.558397163376363581e-02, 4.026500000000000000e+04
2.560927724368822905e-02, 3.581100000000000000e+04
2.563458285361282230e-02, 3.639100000000000000e+04
2.565988846353741554e-02, 3.934700000000000000e+04
2.568519407346200878e-02, 4.300500000000000000e+04
2.571049968338660202e-02, 4.627100000000000000e+04
2.573580529331119526e-02, 4.835900000000000000e+04
2.576111090323578851e-02, 4.912800000000000000e+04
2.578641651316038175e-02, 4.850500000000000000e+04
2.581172212308497152e-02, 4.675300000000000000e+04
2.583702773300956476e-02, 4.420100000000000000e+04
2.586233334293415800e-02, 4.131100000000000000e+04
2.588763895285875125e-02, 3.872600000000000000e+04
2.591294456278334449e-02, 3.680700000000000000e+04
2.593825017270793773e-02, 3.599300000000000000e+04
2.596355578263253097e-02, 3.659800000000000000e+04
2.598886139255712421e-02, 3.864500000000000000e+04
2.601416700248171746e-02, 4.217300000000000000e+04
2.603947261240631070e-02, 4.098500000000000000e+04
2.606477822233090394e-02, 3.659800000000000000e+04
2.609008383225549718e-02, 3.767800000000000000e+04
2.611538944218009042e-02, 4.212700000000000000e+04
2.614069505210468367e-02, 3.698000000000000000e+04
2.616600066202927691e-02, 3.567400000000000000e+04
2.619130627195387015e-02, 3.786200000000000000e+04
2.621661188187846339e-02, 4.145600000000000000e+04
2.624191749180305663e-02, 4.504500000000000000e+04
2.626722310172764988e-02, 4.770100000000000000e+04
2.629252871165224312e-02, 4.907700000000000000e+04
2.631783432157683636e-02, 4.898400000000000000e+04
2.634313993150142960e-02, 4.767300000000000000e+04
2.636844554142602284e-02, 4.537600000000000000e+04
2.639375115135061609e-02, 4.255500000000000000e+04
2.641905676127520933e-02, 3.977700000000000000e+04
2.644436237119980257e-02, 3.750800000000000000e+04
2.646966798112439581e-02, 3.614300000000000000e+04
2.649497359104898558e-02, 3.614000000000000000e+04
2.652027920097357883e-02, 3.752100000000000000e+04
2.654558481089817207e-02, 4.039200000000000000e+04
2.657089042082276531e-02, 4.460900000000000000e+04
2.659619603074735855e-02, 3.775800000000000000e+04
2.662150164067195179e-02, 3.661100000000000000e+04
2.664680725059654504e-02, 3.980000000000000000e+04
2.667211286052113828e-02, 3.968900000000000000e+04
2.669741847044573152e-02, 3.576400000000000000e+04
2.672272408037032476e-02, 3.663300000000000000e+04
2.674802969029491800e-02, 3.972600000000000000e+04
2.677333530021951125e-02, 4.343200000000000000e+04
2.679864091014410449e-02, 4.659300000000000000e+04
2.682394652006869773e-02, 4.854300000000000000e+04
2.684925212999329097e-02, 4.914600000000000000e+04
2.687455773991788421e-02, 4.835200000000000000e+04
2.689986334984247746e-02, 4.645400000000000000e+04
2.692516895976707070e-02, 4.382800000000000000e+04
2.695047456969166394e-02, 4.093800000000000000e+04
2.697578017961625718e-02, 3.841900000000000000e+04
2.700108578954085042e-02, 3.654900000000000000e+04
2.702639139946544367e-02, 3.584500000000000000e+04
2.705169700939003691e-02, 3.656000000000000000e+04
2.707700261931463015e-02, 3.870900000000000000e+04
2.710230822923922339e-02, 4.227800000000000000e+04
2.712761383916381663e-02, 4.221200000000000000e+04
2.715291944908840641e-02, 3.740300000000000000e+04
2.717822505901299965e-02, 3.823900000000000000e+04
2.720353066893759289e-02, 4.247500000000000000e+04
2.722883627886218613e-02, 3.719400000000000000e+04
2.725414188878677937e-02, 3.574300000000000000e+04
2.727944749871137262e-02, 3.775600000000000000e+04
2.730475310863596586e-02, 4.126500000000000000e+04
2.733005871856055910e-02, 4.473600000000000000e+04
2.735536432848515234e-02, 4.730200000000000000e+04
2.738066993840974558e-02, 4.860800000000000000e+04
2.740597554833433883e-02, 4.842200000000000000e+04
2.743128115825893207e-02, 4.707100000000000000e+04
2.745658676818352531e-02, 4.476900000000000000e+04
2.748189237810811855e-02, 4.198100000000000000e+04
2.750719798803271179e-02, 3.927000000000000000e+04
2.753250359795730504e-02, 3.709900000000000000e+04
2.755780920788189828e-02, 3.583200000000000000e+04
2.758311481780649152e-02, 3.591800000000000000e+04
2.760842042773108476e-02, 3.738100000000000000e+04
2.763372603765567800e-02, 4.037400000000000000e+04
2.765903164758027125e-02, 4.470600000000000000e+04
2.768433725750486449e-02, 3.855700000000000000e+04
2.770964286742945773e-02, 3.719900000000000000e+04
2.773494847735405097e-02, 4.021500000000000000e+04
2.776025408727864421e-02, 3.975600000000000000e+04
2.778555969720323746e-02, 3.579700000000000000e+04
2.781086530712783070e-02, 3.662700000000000000e+04
2.783617091705242047e-02, 3.964100000000000000e+04
2.786147652697701371e-02, 4.326600000000000000e+04
2.788678213690160695e-02, 4.634600000000000000e+04
2.791208774682620020e-02, 4.820700000000000000e+04
2.793739335675079344e-02, 4.868600000000000000e+04
2.796269896667538668e-02, 4.783400000000000000e+04
2.798800457659997992e-02, 4.590800000000000000e+04
2.801331018652457316e-02, 4.328600000000000000e+04
2.803861579644916641e-02, 4.045700000000000000e+04
2.806392140637375965e-02, 3.799700000000000000e+04
2.808922701629835289e-02, 3.626200000000000000e+04
2.811453262622294613e-02, 3.577000000000000000e+04
2.813983823614753937e-02, 3.668000000000000000e+04
2.816514384607213262e-02, 3.898900000000000000e+04
2.819044945599672586e-02, 4.275200000000000000e+04
2.821575506592131910e-02, 3.980200000000000000e+04
2.824106067584591234e-02, 3.642900000000000000e+04
2.826636628577050558e-02, 3.823500000000000000e+04
2.829167189569509883e-02, 4.299800000000000000e+04
2.831697750561969207e-02, 3.646900000000000000e+04
2.834228311554428531e-02, 3.587200000000000000e+04
2.836758872546887855e-02, 3.836000000000000000e+04
2.839289433539347179e-02, 4.202700000000000000e+04
2.841819994531806504e-02, 4.546900000000000000e+04
2.844350555524265828e-02, 4.791400000000000000e+04
2.846881116516725152e-02, 4.906400000000000000e+04
2.849411677509184129e-02, 4.874100000000000000e+04
2.851942238501643453e-02, 4.724300000000000000e+04
2.854472799494102778e-02, 4.483600000000000000e+04
2.857003360486562102e-02, 4.198000000000000000e+04
2.859533921479021426e-02, 3.927600000000000000e+04
2.862064482471480750e-02, 3.713200000000000000e+04
2.864595043463940074e-02, 3.593600000000000000e+04
2.867125604456399399e-02, 3.610500000000000000e+04
2.869656165448858723e-02, 3.770100000000000000e+04
2.872186726441318047e-02, 4.084500000000000000e+04
2.874717287433777371e-02, 4.355900000000000000e+04
2.877247848426236695e-02, 3.713800000000000000e+04
2.879778409418696020e-02, 3.683100000000000000e+04
2.882308970411155344e-02, 4.049100000000000000e+04
2.884839531403614668e-02, 3.840900000000000000e+04
2.887370092396073992e-02, 3.552100000000000000e+04
2.889900653388533316e-02, 3.693700000000000000e+04
2.892431214380992641e-02, 4.022200000000000000e+04
2.894961775373451965e-02, 4.385200000000000000e+04
2.897492336365911289e-02, 4.688600000000000000e+04
2.900022897358370613e-02, 4.866200000000000000e+04
2.902553458350829937e-02, 4.899600000000000000e+04
2.905084019343289262e-02, 4.801000000000000000e+04
2.907614580335748586e-02, 4.597200000000000000e+04
2.910145141328207910e-02, 4.328500000000000000e+04
2.912675702320667234e-02, 4.045700000000000000e+04
2.915206263313126558e-02, 3.799200000000000000e+04
2.917736824305585536e-02, 3.630600000000000000e+04
2.920267385298044860e-02, 3.586100000000000000e+04
2.922797946290504184e-02, 3.682100000000000000e+04
2.925328507282963508e-02, 3.929100000000000000e+04
2.927859068275422832e-02, 4.315300000000000000e+04
2.930389629267882157e-02, 3.916700000000000000e+04
2.932920190260341481e-02, 3.633100000000000000e+04
2.935450751252800805e-02, 3.850100000000000000e+04
2.937981312245260129e-02, 4.196800000000000000e+04
2.940511873237719453e-02, 3.612800000000000000e+04
2.943042434230178778e-02, 3.595500000000000000e+04
2.945572995222638102e-02, 3.866100000000000000e+04
2.948103556215097426e-02, 4.238200000000000000e+04
2.950634117207556750e-02, 4.581500000000000000e+04
2.953164678200016074e-02, 4.821700000000000000e+04
2.955695239192475399e-02, 4.931400000000000000e+04
2.958225800184934723e-02, 4.891600000000000000e+04
2.960756361177394047e-02, 4.733500000000000000e+04
2.963286922169853371e-02, 4.487700000000000000e+04
2.965817483162312695e-02, 4.197900000000000000e+04
2.968348044154772020e-02, 3.930100000000000000e+04
2.970878605147231344e-02, 3.720000000000000000e+04
2.973409166139690668e-02, 3.610100000000000000e+04
2.975939727132149992e-02, 3.634500000000000000e+04
2.978470288124609316e-02, 3.800600000000000000e+04
2.981000849117068641e-02, 4.122900000000000000e+04
2.983531410109527618e-02, 4.522600000000000000e+04
2.986061971101986942e-02, 3.825300000000000000e+04
2.988592532094446266e-02, 3.758900000000000000e+04
2.991123093086905591e-02, 4.098800000000000000e+04
2.993653654079364915e-02, 3.872100000000000000e+04
2.996184215071824239e-02, 3.568500000000000000e+04
2.998714776064283563e-02, 3.694800000000000000e+04
3.001245337056742887e-02, 4.013800000000000000e+04
3.003775898049202212e-02, 4.366200000000000000e+04
3.006306459041661536e-02, 4.663500000000000000e+04
3.008837020034120860e-02, 4.834700000000000000e+04
3.011367581026580184e-02, 4.864400000000000000e+04
3.013898142019039508e-02, 4.758800000000000000e+04
3.016428703011498832e-02, 4.551300000000000000e+04
3.018959264003958157e-02, 4.282400000000000000e+04
3.021489824996417481e-02, 4.005900000000000000e+04
3.024020385988876805e-02, 3.770600000000000000e+04
3.026550946981336129e-02, 3.609000000000000000e+04
3.029081507973795453e-02, 3.576600000000000000e+04
3.031612068966254778e-02, 3.683200000000000000e+04
3.034142629958714102e-02, 3.940800000000000000e+04
3.036673190951173426e-02, 4.341900000000000000e+04
3.039203751943632750e-02, 3.866000000000000000e+04
3.041734312936092074e-02, 3.628400000000000000e+04
3.044264873928551399e-02, 3.874800000000000000e+04
3.046795434921010723e-02, 4.119500000000000000e+04
3.049325995913470047e-02, 3.592100000000000000e+04
3.051856556905929024e-02, 3.605000000000000000e+04
3.054387117898388349e-02, 3.888500000000000000e+04
3.056917678890847673e-02, 4.252600000000000000e+04
3.059448239883306997e-02, 4.588900000000000000e+04
3.061978800875766321e-02, 4.813300000000000000e+04
3.064509361868225645e-02, 4.904500000000000000e+04
3.067039922860684970e-02, 4.849900000000000000e+04
3.069570483853144294e-02, 4.682200000000000000e+04
3.072101044845603618e-02, 4.432300000000000000e+04
3.074631605838062942e-02, 4.146800000000000000e+04
3.077162166830522266e-02, 3.884100000000000000e+04
3.079692727822981591e-02, 3.682100000000000000e+04
3.082223288815440915e-02, 3.586600000000000000e+04
3.084753849807900239e-02, 3.627400000000000000e+04
3.087284410800359563e-02, 3.816900000000000000e+04
3.089814971792818887e-02, 4.155000000000000000e+04
3.092345532785278212e-02, 4.191700000000000000e+04
3.094876093777737536e-02, 3.671200000000000000e+04
3.097406654770196860e-02, 3.723900000000000000e+04
3.099937215762656184e-02, 4.138100000000000000e+04
3.102467776755115508e-02, 3.749800000000000000e+04
3.104998337747574833e-02, 3.553800000000000000e+04
3.107528898740034157e-02, 3.745100000000000000e+04
3.110059459732493481e-02, 4.094300000000000000e+04
3.112590020724952805e-02, 4.459000000000000000e+04
3.115120581717412129e-02, 4.744800000000000000e+04
3.117651142709871107e-02, 4.907000000000000000e+04
3.120181703702330431e-02, 4.923100000000000000e+04
3.122712264694789755e-02, 4.805900000000000000e+04
3.125242825687249426e-02, 4.587700000000000000e+04
3.127773386679708750e-02, 4.309200000000000000e+04
3.130303947672168075e-02, 4.026300000000000000e+04
3.132834508664627399e-02, 3.791000000000000000e+04
3.135365069657086723e-02, 3.635600000000000000e+04
3.137895630649546047e-02, 3.607400000000000000e+04
3.140426191642005371e-02, 3.722400000000000000e+04
3.142956752634464695e-02, 3.986800000000000000e+04
3.145487313626924020e-02, 4.389400000000000000e+04
3.148017874619383344e-02, 3.973100000000000000e+04
3.150548435611841974e-02, 3.716700000000000000e+04
3.153078996604301298e-02, 3.947300000000000000e+04
3.155609557596760623e-02, 4.131200000000000000e+04
3.158140118589219947e-02, 3.609900000000000000e+04
3.160670679581679271e-02, 3.622800000000000000e+04
3.163201240574138595e-02, 3.899400000000000000e+04
3.165731801566597919e-02, 4.259400000000000000e+04
3.168262362559057244e-02, 4.584600000000000000e+04
3.170792923551516568e-02, 4.795900000000000000e+04
3.173323484543975892e-02, 4.875000000000000000e+04
3.175854045536435216e-02, 4.813000000000000000e+04
3.178384606528894540e-02, 4.640400000000000000e+04
3.180915167521353865e-02, 4.387800000000000000e+04
3.183445728513813189e-02, 4.102800000000000000e+04
3.185976289506272513e-02, 3.847000000000000000e+04
3.188506850498731837e-02, 3.654300000000000000e+04
3.191037411491191161e-02, 3.570100000000000000e+04
3.193567972483650486e-02, 3.624700000000000000e+04
3.196098533476109810e-02, 3.822800000000000000e+04
3.198629094468569134e-02, 4.167500000000000000e+04
3.201159655461028458e-02, 4.325500000000000000e+04
3.203690216453487782e-02, 3.760000000000000000e+04
3.206220777445947107e-02, 3.783400000000000000e+04
3.208751338438406431e-02, 4.177000000000000000e+04
3.211281899430865755e-02, 3.771500000000000000e+04
3.213812460423325079e-02, 3.563800000000000000e+04
3.216343021415784403e-02, 3.738400000000000000e+04
3.218873582408243728e-02, 4.070400000000000000e+04
3.221404143400703052e-02, 4.417100000000000000e+04
3.223934704393162376e-02, 4.685700000000000000e+04
3.226465265385621700e-02, 4.832800000000000000e+04
3.228995826378081024e-02, 4.834300000000000000e+04
3.231526387370540349e-02, 4.711600000000000000e+04
3.234056948362999673e-02, 4.492000000000000000e+04
3.236587509355458997e-02, 4.218900000000000000e+04
3.239118070347918321e-02, 3.946300000000000000e+04
3.241648631340377645e-02, 3.721000000000000000e+04
3.244179192332836970e-02, 3.582900000000000000e+04
3.246709753325296294e-02, 3.575800000000000000e+04
3.249240314317755618e-02, 3.708500000000000000e+04
3.251770875310214942e-02, 3.986500000000000000e+04
3.254301436302674266e-02, 4.402600000000000000e+04
3.256831997295133591e-02, 3.908500000000000000e+04
3.259362558287592915e-02, 3.701200000000000000e+04
3.261893119280052239e-02, 3.963200000000000000e+04
3.264423680272511563e-02, 4.072500000000000000e+04
3.266954241264970887e-02, 3.595800000000000000e+04
3.269484802257430212e-02, 3.629800000000000000e+04
3.272015363249889536e-02, 3.907200000000000000e+04
3.274545924242348860e-02, 4.264100000000000000e+04
3.277076485234808184e-02, 4.583500000000000000e+04
3.279607046227267508e-02, 4.785500000000000000e+04
3.282137607219726833e-02, 4.853500000000000000e+04
3.284668168212185463e-02, 4.783100000000000000e+04
3.287198729204644787e-02, 4.604500000000000000e+04
3.289729290197104111e-02, 4.350000000000000000e+04
3.292259851189563435e-02, 4.065200000000000000e+04
3.294790412182022760e-02, 3.816300000000000000e+04
3.297320973174482084e-02, 3.633700000000000000e+04
3.299851534166941408e-02, 3.562700000000000000e+04
3.302382095159400732e-02, 3.629100000000000000e+04
3.304912656151860056e-02, 3.839200000000000000e+04
3.307443217144319381e-02, 4.199000000000000000e+04
3.309973778136778705e-02, 4.216500000000000000e+04
3.312504339129238029e-02, 3.729500000000000000e+04
3.315034900121697353e-02, 3.806000000000000000e+04
3.317565461114156677e-02, 4.228100000000000000e+04
3.320096022106616002e-02, 3.731800000000000000e+04
3.322626583099075326e-02, 3.576500000000000000e+04
3.325157144091534650e-02, 3.773800000000000000e+04
3.327687705083993974e-02, 4.120200000000000000e+04
3.330218266076453298e-02, 4.468400000000000000e+04
3.332748827068912623e-02, 4.723700000000000000e+04
3.335279388061371947e-02, 4.856200000000000000e+04
3.337809949053831271e-02, 4.843900000000000000e+04
3.340340510046290595e-02, 4.713600000000000000e+04
3.342871071038749919e-02, 4.485000000000000000e+04
3.345401632031209244e-02, 4.206800000000000000e+04
3.347932193023668568e-02, 3.935600000000000000e+04
3.350462754016127892e-02, 3.716800000000000000e+04
3.352993315008587216e-02, 3.583800000000000000e+04
3.355523876001046540e-02, 3.585500000000000000e+04
3.358054436993505865e-02, 3.729000000000000000e+04
3.360584997985965189e-02, 4.025300000000000000e+04
3.363115558978424513e-02, 4.458000000000000000e+04
3.365646119970883837e-02, 3.748300000000000000e+04
3.368176680963343161e-02, 3.654000000000000000e+04
3.370707241955802486e-02, 3.984900000000000000e+04
3.373237802948261810e-02, 3.949400000000000000e+04
3.375768363940721134e-02, 3.562500000000000000e+04
3.378298924933180458e-02, 3.651600000000000000e+04
3.380829485925639782e-02, 3.959100000000000000e+04
3.383360046918099107e-02, 4.332300000000000000e+04
3.385890607910558431e-02, 4.650300000000000000e+04
3.388421168903017755e-02, 4.846100000000000000e+04
3.390951729895477079e-02, 4.902600000000000000e+04
3.393482290887936403e-02, 4.828700000000000000e+04
3.396012851880395728e-02, 4.643100000000000000e+04
3.398543412872855052e-02, 4.383200000000000000e+04
3.401073973865314376e-02, 4.098000000000000000e+04
3.403604534857773700e-02, 3.846300000000000000e+04
3.406135095850233024e-02, 3.663300000000000000e+04
3.408665656842692349e-02, 3.599500000000000000e+04
3.411196217835151673e-02, 3.677000000000000000e+04
3.413726778827610997e-02, 3.900000000000000000e+04
3.416257339820070321e-02, 4.270100000000000000e+04
3.418787900812528951e-02, 4.005100000000000000e+04
3.421318461804988276e-02, 3.645400000000000000e+04
3.423849022797447600e-02, 3.811600000000000000e+04
3.426379583789906924e-02, 4.281500000000000000e+04
3.428910144782366248e-02, 3.654800000000000000e+04
3.431440705774825572e-02, 3.580200000000000000e+04
3.433971266767284897e-02, 3.824500000000000000e+04
3.436501827759744221e-02, 4.193500000000000000e+04
3.439032388752203545e-02, 4.544600000000000000e+04
3.441562949744662869e-02, 4.797400000000000000e+04
3.444093510737122193e-02, 4.925500000000000000e+04
3.446624071729581518e-02, 4.903800000000000000e+04
3.449154632722040842e-02, 4.761700000000000000e+04
3.451685193714500166e-02, 4.524500000000000000e+04
3.454215754706959490e-02, 4.238400000000000000e+04
3.456746315699418814e-02, 3.963300000000000000e+04
3.459276876691878139e-02, 3.744000000000000000e+04
3.461807437684337463e-02, 3.618200000000000000e+04
3.464337998676796787e-02, 3.631800000000000000e+04
3.466868559669256111e-02, 3.788100000000000000e+04
3.469399120661715435e-02, 4.094000000000000000e+04
3.471929681654174760e-02, 4.405500000000000000e+04
3.474460242646634084e-02, 3.730900000000000000e+04
3.476990803639093408e-02, 3.675100000000000000e+04
3.479521364631552732e-02, 4.025600000000000000e+04
3.482051925624012056e-02, 3.867200000000000000e+04
3.484582486616471381e-02, 3.550700000000000000e+04
3.487113047608930705e-02, 3.680100000000000000e+04
3.489643608601390029e-02, 4.005600000000000000e+04
3.492174169593849353e-02, 4.375700000000000000e+04
3.494704730586308677e-02, 4.688200000000000000e+04
3.497235291578768002e-02, 4.876600000000000000e+04
3.499765852571227326e-02, 4.919900000000000000e+04
3.502296413563686650e-02, 4.828800000000000000e+04
3.504826974556145974e-02, 4.628300000000000000e+04
3.507357535548605298e-02, 4.359400000000000000e+04
3.509888096541064623e-02, 4.073700000000000000e+04
3.512418657533523947e-02, 3.824600000000000000e+04
3.514949218525983271e-02, 3.649600000000000000e+04
3.517479779518442595e-02, 3.594800000000000000e+04
3.520010340510901919e-02, 3.681800000000000000e+04
3.522540901503361244e-02, 3.915300000000000000e+04
3.525071462495820568e-02, 4.295000000000000000e+04
3.527602023488279892e-02, 3.946900000000000000e+04
3.530132584480739216e-02, 3.635700000000000000e+04
3.532663145473198540e-02, 3.833900000000000000e+04
3.535193706465657865e-02, 4.245100000000000000e+04
3.537724267458117189e-02, 3.627600000000000000e+04
3.540254828450576513e-02, 3.589400000000000000e+04
3.542785389443035837e-02, 3.848100000000000000e+04
3.545315950435495161e-02, 4.213500000000000000e+04
3.547846511427954486e-02, 4.553800000000000000e+04
3.550377072420413810e-02, 4.795300000000000000e+04
3.552907633412872440e-02, 4.904500000000000000e+04
3.555438194405331764e-02, 4.866200000000000000e+04
3.557968755397791089e-02, 4.711200000000000000e+04
3.560499316390250413e-02, 4.468500000000000000e+04
3.563029877382709737e-02, 4.182500000000000000e+04
3.565560438375169061e-02, 3.914000000000000000e+04
3.568090999367628385e-02, 3.702800000000000000e+04
3.570621560360087710e-02, 3.590500000000000000e+04
3.573152121352547034e-02, 3.615500000000000000e+04
3.575682682345006358e-02, 3.778900000000000000e+04
3.578213243337465682e-02, 4.092900000000000000e+04
3.580743804329925006e-02, 4.514000000000000000e+04
3.583274365322384331e-02, 3.810400000000000000e+04
3.585804926314843655e-02, 3.740400000000000000e+04
3.588335487307302979e-02, 4.079600000000000000e+04
3.590866048299762303e-02, 3.892300000000000000e+04
3.593396609292221627e-02, 3.572800000000000000e+04
3.595927170284680952e-02, 3.688600000000000000e+04
3.598457731277140276e-02, 3.999900000000000000e+04
3.600988292269599600e-02, 4.351000000000000000e+04
3.603518853262058924e-02, 4.646600000000000000e+04
3.606049414254518248e-02, 4.818000000000000000e+04
3.608579975246977573e-02, 4.848200000000000000e+04
3.611110536239436897e-02, 4.747400000000000000e+04
3.613641097231896221e-02, 4.544700000000000000e+04
3.616171658224355545e-02, 4.279100000000000000e+04
3.618702219216814869e-02, 4.001600000000000000e+04
3.621232780209274194e-02, 3.763700000000000000e+04
3.623763341201733518e-02, 3.602500000000000000e+04
3.626293902194192842e-02, 3.570400000000000000e+04
3.628824463186652166e-02, 3.677800000000000000e+04
3.631355024179111490e-02, 3.933300000000000000e+04
3.633885585171570815e-02, 4.327700000000000000e+04
3.636416146164030139e-02, 4.048000000000000000e+04
3.638946707156489463e-02, 3.718000000000000000e+04
3.641477268148948787e-02, 3.903000000000000000e+04
3.644007829141408111e-02, 4.252500000000000000e+04
3.646538390133867436e-02, 3.640000000000000000e+04
3.649068951126326760e-02, 3.594400000000000000e+04
3.651599512118786084e-02, 3.844900000000000000e+04
3.654130073111245408e-02, 4.201600000000000000e+04
3.656660634103704732e-02, 4.536600000000000000e+04
3.659191195096164056e-02, 4.772800000000000000e+04
3.661721756088623381e-02, 4.875500000000000000e+04
3.664252317081082705e-02, 4.832400000000000000e+04
3.666782878073542029e-02, 4.673100000000000000e+04
3.669313439066001353e-02, 4.428400000000000000e+04
3.671844000058460677e-02, 4.145000000000000000e+04
3.674374561050920002e-02, 3.884700000000000000e+04
3.676905122043379326e-02, 3.683000000000000000e+04
3.679435683035838650e-02, 3.581400000000000000e+04
3.681966244028297974e-02, 3.616500000000000000e+04
3.684496805020757298e-02, 3.794700000000000000e+04
3.687027366013215929e-02, 4.126300000000000000e+04
3.689557927005675253e-02, 4.453900000000000000e+04
3.692088487998134577e-02, 3.796800000000000000e+04
3.694619048990593901e-02, 3.758000000000000000e+04
3.697149609983053226e-02, 4.114600000000000000e+04
3.699680170975512550e-02, 3.841200000000000000e+04
3.702210731967971874e-02, 3.563800000000000000e+04
3.704741292960431198e-02, 3.705500000000000000e+04
3.707271853952890522e-02, 4.028300000000000000e+04
3.709802414945349847e-02, 4.386200000000000000e+04
3.712332975937809171e-02, 4.676100000000000000e+04
3.714863536930268495e-02, 4.840300000000000000e+04
3.717394097922727819e-02, 4.862200000000000000e+04
3.719924658915187143e-02, 4.749500000000000000e+04
3.722455219907646468e-02, 4.538300000000000000e+04
3.724985780900105792e-02, 4.267900000000000000e+04
3.727516341892565116e-02, 3.991900000000000000e+04
3.730046902885024440e-02, 3.758500000000000000e+04
3.732577463877483764e-02, 3.602900000000000000e+04
3.735108024869943089e-02, 3.576400000000000000e+04
3.737638585862402413e-02, 3.691900000000000000e+04
3.740169146854861737e-02, 3.959300000000000000e+04
3.742699707847321061e-02, 4.364500000000000000e+04
3.745230268839780385e-02, 3.841600000000000000e+04
3.747760829832239710e-02, 3.631500000000000000e+04
3.750291390824699034e-02, 3.895600000000000000e+04
3.752821951817158358e-02, 4.079100000000000000e+04
3.755352512809617682e-02, 3.583400000000000000e+04
3.757883073802077006e-02, 3.613900000000000000e+04
3.760413634794536331e-02, 3.907500000000000000e+04
3.762944195786995655e-02, 4.280000000000000000e+04
3.765474756779454979e-02, 4.618100000000000000e+04
3.768005317771914303e-02, 4.838600000000000000e+04
3.770535878764373627e-02, 4.921500000000000000e+04
3.773066439756832952e-02, 4.860600000000000000e+04
3.775597000749292276e-02, 4.688700000000000000e+04
3.778127561741751600e-02, 4.434900000000000000e+04
3.780658122734210924e-02, 4.145500000000000000e+04
3.783188683726670248e-02, 3.883500000000000000e+04
3.785719244719129573e-02, 3.683800000000000000e+04
3.788249805711588897e-02, 3.593300000000000000e+04
3.790780366704048221e-02, 3.644300000000000000e+04
3.793310927696507545e-02, 3.838400000000000000e+04
3.795841488688966869e-02, 4.180300000000000000e+04
3.798372049681426194e-02, 4.156600000000000000e+04
3.800902610673885518e-02, 3.667900000000000000e+04
3.803433171666344842e-02, 3.741000000000000000e+04
3.805963732658804166e-02, 4.166200000000000000e+04
3.808494293651263490e-02, 3.729000000000000000e+04
3.811024854643722815e-02, 3.558800000000000000e+04
3.813555415636182139e-02, 3.760700000000000000e+04
3.816085976628641463e-02, 4.113300000000000000e+04
3.818616537621100787e-02, 4.475500000000000000e+04
3.821147098613559417e-02, 4.752400000000000000e+04
3.823677659606018742e-02, 4.900700000000000000e+04
3.826208220598478066e-02, 4.903800000000000000e+04
3.828738781590937390e-02, 4.779800000000000000e+04
3.831269342583396714e-02, 4.556400000000000000e+04
3.833799903575856038e-02, 4.277100000000000000e+04
3.836330464568315363e-02, 3.996700000000000000e+04
3.838861025560774687e-02, 3.765100000000000000e+04
3.841391586553234011e-02, 3.621500000000000000e+04
3.843922147545693335e-02, 3.609400000000000000e+04
3.846452708538152659e-02, 3.737800000000000000e+04
3.848983269530611984e-02, 4.012300000000000000e+04
3.851513830523071308e-02, 4.423900000000000000e+04
3.854044391515530632e-02, 3.825200000000000000e+04
3.856574952507989956e-02, 3.658900000000000000e+04
3.859105513500449280e-02, 3.946800000000000000e+04
3.861636074492908605e-02, 4.030300000000000000e+04
3.864166635485367929e-02, 3.585300000000000000e+04
3.866697196477827253e-02, 3.643100000000000000e+04
3.869227757470286577e-02, 3.942100000000000000e+04
3.871758318462745901e-02, 4.308700000000000000e+04
3.874288879455205226e-02, 4.632800000000000000e+04
3.876819440447664550e-02, 4.839700000000000000e+04
3.879350001440123874e-02, 4.911600000000000000e+04
3.881880562432583198e-02, 4.845500000000000000e+04
3.884411123425042522e-02, 4.672700000000000000e+04
3.886941684417501847e-02, 4.419100000000000000e+04
3.889472245409961171e-02, 4.131900000000000000e+04
3.892002806402420495e-02, 3.874700000000000000e+04
3.894533367394879819e-02, 3.682500000000000000e+04
3.897063928387339143e-02, 3.600800000000000000e+04
3.899594489379798468e-02, 3.659200000000000000e+04
3.902125050372257792e-02, 3.857900000000000000e+04
3.904655611364717116e-02, 4.203900000000000000e+04
3.907186172357176440e-02, 4.276400000000000000e+04
3.909716733349635764e-02, 3.751700000000000000e+04
3.912247294342095089e-02, 3.802100000000000000e+04
3.914777855334554413e-02, 4.211500000000000000e+04
3.917308416327013737e-02, 3.742200000000000000e+04
3.919838977319473061e-02, 3.567800000000000000e+04
3.922369538311932385e-02, 3.758500000000000000e+04
3.924900099304391710e-02, 4.104500000000000000e+04
3.927430660296851034e-02, 4.457300000000000000e+04
3.929961221289310358e-02, 4.722900000000000000e+04
3.932491782281769682e-02, 4.863400000000000000e+04
3.935022343274229006e-02, 4.856100000000000000e+04
3.937552904266688331e-02, 4.728300000000000000e+04
3.940083465259147655e-02, 4.503200000000000000e+04
3.942614026251606979e-02, 4.225500000000000000e+04
3.945144587244066303e-02, 3.951200000000000000e+04
3.947675148236525627e-02, 3.727800000000000000e+04
3.950205709228984952e-02, 3.592700000000000000e+04
3.952736270221444276e-02, 3.589000000000000000e+04
3.955266831213902906e-02, 3.723300000000000000e+04
3.957797392206362230e-02, 4.009600000000000000e+04
3.960327953198821554e-02, 4.432200000000000000e+04
3.962858514191280879e-02, 3.891600000000000000e+04
3.965389075183740203e-02, 3.712100000000000000e+04
3.967919636176199527e-02, 3.989200000000000000e+04
3.970450197168658851e-02, 4.037800000000000000e+04
3.972980758161118175e-02, 3.592100000000000000e+04
3.975511319153577500e-02, 3.647200000000000000e+04
3.978041880146036824e-02, 3.938000000000000000e+04
3.980572441138496148e-02, 4.299600000000000000e+04
3.983103002130955472e-02, 4.615800000000000000e+04
3.985633563123414796e-02, 4.809100000000000000e+04
3.988164124115874121e-02, 4.870600000000000000e+04
3.990694685108333445e-02, 4.794100000000000000e+04
3.993225246100792769e-02, 4.609300000000000000e+04
3.995755807093252093e-02, 4.350300000000000000e+04
3.998286368085711417e-02, 4.065000000000000000e+04
4.000816929078170742e-02, 3.816800000000000000e+04
4.003347490070630066e-02, 3.635800000000000000e+04
4.005878051063089390e-02, 3.567400000000000000e+04
4.008408612055548714e-02, 3.641000000000000000e+04
4.010939173048008038e-02, 3.857900000000000000e+04
4.013469734040467363e-02, 4.223600000000000000e+04
4.016000295032926687e-02, 4.215500000000000000e+04
4.018530856025386011e-02, 3.734100000000000000e+04
4.021061417017845335e-02, 3.817700000000000000e+04
4.023591978010304659e-02, 4.239700000000000000e+04
4.026122539002763984e-02, 3.712800000000000000e+04
4.028653099995223308e-02, 3.568900000000000000e+04
4.031183660987682632e-02, 3.771100000000000000e+04
4.033714221980141956e-02, 4.118800000000000000e+04
4.036244782972601280e-02, 4.458300000000000000e+04
4.038775343965060605e-02, 4.711000000000000000e+04
4.041305904957519929e-02, 4.840300000000000000e+04
4.043836465949979253e-02, 4.823800000000000000e+04
4.046367026942438577e-02, 4.689000000000000000e+04
4.048897587934897901e-02, 4.459800000000000000e+04
4.051428148927357226e-02, 4.182500000000000000e+04
4.053958709919816550e-02, 3.914800000000000000e+04
4.056489270912275874e-02, 3.708000000000000000e+04
4.059019831904735198e-02, 3.588300000000000000e+04
4.061550392897194522e-02, 3.600800000000000000e+04
4.064080953889653847e-02, 3.754000000000000000e+04
4.066611514882113171e-02, 4.061400000000000000e+04
4.069142075874572495e-02, 4.447700000000000000e+04
4.071672636867031819e-02, 3.746800000000000000e+04
4.074203197859491143e-02, 3.675600000000000000e+04
4.076733758851950468e-02, 4.018900000000000000e+04
4.079264319844409792e-02, 3.895800000000000000e+04
4.081794880836869116e-02, 3.559700000000000000e+04
4.084325441829328440e-02, 3.677900000000000000e+04
4.086856002821787764e-02, 3.992900000000000000e+04
4.089386563814246395e-02, 4.361200000000000000e+04
4.091917124806705719e-02, 4.670900000000000000e+04
4.094447685799165043e-02, 4.859100000000000000e+04
4.096978246791624367e-02, 4.904100000000000000e+04
4.099508807784083692e-02, 4.814900000000000000e+04
4.102039368776543016e-02, 4.618400000000000000e+04
4.104569929769002340e-02, 4.353100000000000000e+04
4.107100490761461664e-02, 4.066900000000000000e+04
4.109631051753920988e-02, 3.817500000000000000e+04
4.112161612746380313e-02, 3.640900000000000000e+04
4.114692173738839637e-02, 3.584500000000000000e+04
4.117222734731298961e-02, 3.674400000000000000e+04
4.119753295723758285e-02, 3.905400000000000000e+04
4.122283856716217609e-02, 4.281400000000000000e+04
4.124814417708676934e-02, 3.965500000000000000e+04
4.127344978701136258e-02, 3.636200000000000000e+04
4.129875539693595582e-02, 3.822500000000000000e+04
4.132406100686054906e-02, 4.276800000000000000e+04
4.134936661678514230e-02, 3.635300000000000000e+04
4.137467222670973555e-02, 3.583700000000000000e+04
4.139997783663432879e-02, 3.838200000000000000e+04
4.142528344655892203e-02, 4.208300000000000000e+04
4.145058905648351527e-02, 4.557100000000000000e+04
4.147589466640810851e-02, 4.808600000000000000e+04
4.150120027633270176e-02, 4.929500000000000000e+04
4.152650588625729500e-02, 4.899700000000000000e+04
4.155181149618188824e-02, 4.750800000000000000e+04
4.157711710610648148e-02, 4.509200000000000000e+04
4.160242271603107472e-02, 4.221300000000000000e+04
4.162772832595566797e-02, 3.948300000000000000e+04
4.165303393588026121e-02, 3.732700000000000000e+04
4.167833954580485445e-02, 3.611700000000000000e+04
4.170364515572944769e-02, 3.625100000000000000e+04
4.172895076565404093e-02, 3.782000000000000000e+04
4.175425637557863418e-02, 4.092100000000000000e+04
4.177956198550322742e-02, 4.361400000000000000e+04
4.180486759542782066e-02, 3.718900000000000000e+04
4.183017320535241390e-02, 3.687700000000000000e+04
4.185547881527700714e-02, 4.052500000000000000e+04
4.188078442520160038e-02, 3.843500000000000000e+04
4.190609003512619363e-02, 3.554600000000000000e+04
4.193139564505078687e-02, 3.696100000000000000e+04
4.195670125497538011e-02, 4.028000000000000000e+04
4.198200686489997335e-02, 4.391500000000000000e+04
4.200731247482456659e-02, 4.692600000000000000e+04
4.203261808474915984e-02, 4.868600000000000000e+04
4.205792369467375308e-02, 4.902400000000000000e+04
4.208322930459834632e-02, 4.803000000000000000e+04
4.210853491452293956e-02, 4.598100000000000000e+04
4.213384052444753280e-02, 4.328600000000000000e+04
4.215914613437212605e-02, 4.046100000000000000e+04
4.218445174429671929e-02, 3.800200000000000000e+04
4.220975735422131253e-02, 3.630700000000000000e+04
4.223506296414589883e-02, 3.585700000000000000e+04
4.226036857407049208e-02, 3.679200000000000000e+04
4.228567418399508532e-02, 3.924600000000000000e+04
4.231097979391967856e-02, 4.312500000000000000e+04
4.233628540384427180e-02, 3.915000000000000000e+04
4.236159101376886504e-02, 3.631400000000000000e+04
4.238689662369345829e-02, 3.848700000000000000e+04
4.241220223361805153e-02, 4.196200000000000000e+04
4.243750784354264477e-02, 3.612700000000000000e+04
4.246281345346723801e-02, 3.594200000000000000e+04
4.248811906339183125e-02, 3.860100000000000000e+04
4.251342467331642450e-02, 4.225100000000000000e+04
4.253873028324101774e-02, 4.564800000000000000e+04
4.256403589316561098e-02, 4.801500000000000000e+04
4.258934150309020422e-02, 4.903800000000000000e+04
4.261464711301479746e-02, 4.859200000000000000e+04
4.263995272293939071e-02, 4.699700000000000000e+04
4.266525833286398395e-02, 4.454800000000000000e+04
4.269056394278857719e-02, 4.168200000000000000e+04
4.271586955271317043e-02, 3.902700000000000000e+04
4.274117516263776367e-02, 3.695400000000000000e+04
4.276648077256235692e-02, 3.589800000000000000e+04
4.279178638248695016e-02, 3.619400000000000000e+04
4.281709199241154340e-02, 3.786400000000000000e+04
4.284239760233613664e-02, 4.109800000000000000e+04
4.286770321226072988e-02, 4.462300000000000000e+04
4.289300882218532313e-02, 3.793300000000000000e+04
4.291831443210991637e-02, 3.739100000000000000e+04
4.294362004203450961e-02, 4.087300000000000000e+04
4.296892565195910285e-02, 3.866200000000000000e+04
4.299423126188369609e-02, 3.564600000000000000e+04
4.301953687180828934e-02, 3.694000000000000000e+04
4.304484248173288258e-02, 4.015000000000000000e+04
4.307014809165747582e-02, 4.368500000000000000e+04
4.309545370158206906e-02, 4.659700000000000000e+04
4.312075931150666230e-02, 4.823900000000000000e+04
4.314606492143125555e-02, 4.850000000000000000e+04
4.317137053135584879e-02, 4.743200000000000000e+04
4.319667614128044203e-02, 4.536400000000000000e+04
4.322198175120503527e-02, 4.267800000000000000e+04
4.324728736112962851e-02, 3.992100000000000000e+04
4.327259297105422176e-02, 3.758000000000000000e+04
4.329789858097881500e-02, 3.601000000000000000e+04
4.332320419090340824e-02, 3.578500000000000000e+04
4.334850980082800148e-02, 3.691000000000000000e+04
4.337381541075259472e-02, 3.951900000000000000e+04
4.339912102067718797e-02, 4.351400000000000000e+04
4.342442663060178121e-02, 4.030400000000000000e+04
4.344973224052637445e-02, 3.713300000000000000e+04
4.347503785045096769e-02, 3.907300000000000000e+04
4.350034346037556093e-02, 4.213200000000000000e+04
4.352564907030015418e-02, 3.625500000000000000e+04
4.355095468022474742e-02, 3.600300000000000000e+04
4.357626029014933372e-02, 3.861000000000000000e+04
4.360156590007392696e-02, 4.217600000000000000e+04
4.362687150999852020e-02, 4.556100000000000000e+04
4.365217711992311345e-02, 4.783300000000000000e+04
4.367748272984770669e-02, 4.877800000000000000e+04
4.370278833977229993e-02, 4.827800000000000000e+04
4.372809394969689317e-02, 4.663200000000000000e+04
4.375339955962148641e-02, 4.415500000000000000e+04
4.377870516954607966e-02, 4.132200000000000000e+04
4.380401077947067290e-02, 3.873400000000000000e+04
4.382931638939526614e-02, 3.681900000000000000e+04
4.385462199931985938e-02, 3.593400000000000000e+04
4.387992760924445262e-02, 3.638000000000000000e+04
4.390523321916904587e-02, 3.825800000000000000e+04
4.393053882909363911e-02, 4.157000000000000000e+04
4.395584443901823235e-02, 4.396200000000000000e+04
4.398115004894282559e-02, 3.783800000000000000e+04
4.400645565886741883e-02, 3.774500000000000000e+04
4.403176126879201208e-02, 4.149400000000000000e+04
4.405706687871660532e-02, 3.808400000000000000e+04
4.408237248864119856e-02, 3.565600000000000000e+04
4.410767809856579180e-02, 3.725100000000000000e+04
4.413298370849038504e-02, 4.058300000000000000e+04
4.415828931841497829e-02, 4.415600000000000000e+04
4.418359492833957153e-02, 4.699000000000000000e+04
4.420890053826416477e-02, 4.856200000000000000e+04
4.423420614818875801e-02, 4.868100000000000000e+04
4.425951175811335125e-02, 4.750500000000000000e+04
4.428481736803794450e-02, 4.534700000000000000e+04
4.431012297796253774e-02, 4.261700000000000000e+04
4.433542858788713098e-02, 3.983100000000000000e+04
4.436073419781172422e-02, 3.752500000000000000e+04
4.438603980773631746e-02, 3.601900000000000000e+04
4.441134541766091071e-02, 3.581800000000000000e+04
4.443665102758550395e-02, 3.708400000000000000e+04
4.446195663751009719e-02, 3.981500000000000000e+04
4.448726224743469043e-02, 4.389700000000000000e+04
4.451256785735928367e-02, 3.820300000000000000e+04
4.453787346728387692e-02, 3.637500000000000000e+04
4.456317907720847016e-02, 3.917100000000000000e+04
4.458848468713306340e-02, 4.041000000000000000e+04
4.461379029705765664e-02, 3.576400000000000000e+04
4.463909590698224988e-02, 3.618800000000000000e+04
4.466440151690684313e-02, 3.911100000000000000e+04
4.468970712683143637e-02, 4.280100000000000000e+04
4.471501273675602961e-02, 4.612200000000000000e+04
4.474031834668062285e-02, 4.825300000000000000e+04
4.476562395660521609e-02, 4.902600000000000000e+04
4.479092956652980934e-02, 4.838200000000000000e+04
4.481623517645440258e-02, 4.663600000000000000e+04
4.484154078637899582e-02, 4.408600000000000000e+04
4.486684639630358906e-02, 4.120400000000000000e+04
4.489215200622818230e-02, 3.861900000000000000e+04
4.491745761615276861e-02, 3.668900000000000000e+04
4.494276322607736185e-02, 3.589100000000000000e+04
4.496806883600195509e-02, 3.648100000000000000e+04
4.499337444592654833e-02, 3.847800000000000000e+04
4.501868005585114157e-02, 4.196200000000000000e+04
4.504398566577573482e-02, 4.137300000000000000e+04
4.506929127570032806e-02, 3.670800000000000000e+04
4.509459688562492130e-02, 3.758500000000000000e+04
4.511990249554951454e-02, 4.191600000000000000e+04
4.514520810547410778e-02, 3.717500000000000000e+04
4.517051371539870103e-02, 3.555000000000000000e+04
4.519581932532329427e-02, 3.757400000000000000e+04
4.522112493524788751e-02, 4.108900000000000000e+04
4.524643054517248075e-02, 4.464200000000000000e+04
4.527173615509707399e-02, 4.733500000000000000e+04
4.529704176502166724e-02, 4.878600000000000000e+04
4.532234737494626048e-02, 4.877300000000000000e+04
4.534765298487085372e-02, 4.751300000000000000e+04
4.537295859479544696e-02, 4.526600000000000000e+04
4.539826420472004020e-02, 4.248700000000000000e+04
4.542356981464463345e-02, 3.972500000000000000e+04
4.544887542456922669e-02, 3.744200000000000000e+04
4.547418103449381993e-02, 3.601900000000000000e+04
4.549948664441841317e-02, 3.591400000000000000e+04
4.552479225434300641e-02, 3.723300000000000000e+04
4.555009786426759966e-02, 4.006100000000000000e+04
4.557540347419219290e-02, 4.426100000000000000e+04
4.560070908411678614e-02, 3.784900000000000000e+04
4.562601469404137938e-02, 3.646600000000000000e+04
4.565132030396597262e-02, 3.951900000000000000e+04
4.567662591389056587e-02, 3.979200000000000000e+04
4.570193152381515911e-02, 3.566200000000000000e+04
4.572723713373975235e-02, 3.642400000000000000e+04
4.575254274366434559e-02, 3.947300000000000000e+04
4.577784835358893883e-02, 4.314200000000000000e+04
4.580315396351353208e-02, 4.637200000000000000e+04
4.582845957343812532e-02, 4.839500000000000000e+04
4.585376518336271856e-02, 4.905900000000000000e+04
4.587907079328731180e-02, 4.830400000000000000e+04
4.590437640321190504e-02, 4.646300000000000000e+04
4.592968201313649829e-02, 4.387100000000000000e+04
4.595498762306109153e-02, 4.100900000000000000e+04
4.598029323298568477e-02, 3.855500000000000000e+04
4.600559884291027801e-02, 3.673100000000000000e+04
4.603090445283487125e-02, 3.601300000000000000e+04
4.605621006275946450e-02, 3.667600000000000000e+04
4.608151567268405774e-02, 3.872500000000000000e+04
4.610682128260865098e-02, 4.227500000000000000e+04
4.613212689253324422e-02, 4.239900000000000000e+04
4.615743250245783746e-02, 3.748200000000000000e+04
4.618273811238243071e-02, 3.822100000000000000e+04
4.620804372230702395e-02, 4.241900000000000000e+04
4.623334933223161719e-02, 3.726900000000000000e+04
4.625865494215620349e-02, 3.575700000000000000e+04
4.628396055208079674e-02, 3.777400000000000000e+04
4.630926616200538998e-02, 4.126200000000000000e+04
4.633457177192998322e-02, 4.475600000000000000e+04
4.635987738185457646e-02, 4.735400000000000000e+04
4.638518299177916970e-02, 4.875900000000000000e+04
4.641048860170376295e-02, 4.867500000000000000e+04
4.643579421162835619e-02, 4.738400000000000000e+04
4.646109982155294943e-02, 4.510600000000000000e+04
4.648640543147754267e-02, 4.230400000000000000e+04
4.651171104140213591e-02, 3.956800000000000000e+04
4.653701665132672916e-02, 3.735500000000000000e+04
4.656232226125132240e-02, 3.603200000000000000e+04
4.658762787117591564e-02, 3.601200000000000000e+04
4.661293348110050888e-02, 3.741700000000000000e+04
4.663823909102510212e-02, 4.035600000000000000e+04
4.666354470094969537e-02, 4.463900000000000000e+04
4.668885031087428861e-02, 3.753800000000000000e+04
4.671415592079888185e-02, 3.658800000000000000e+04
4.673946153072347509e-02, 3.989100000000000000e+04
4.676476714064806833e-02, 3.919800000000000000e+04
4.679007275057266158e-02, 3.556900000000000000e+04
4.681537836049725482e-02, 3.660800000000000000e+04
4.684068397042184806e-02, 3.976900000000000000e+04
4.686598958034644130e-02, 4.349800000000000000e+04
4.689129519027103454e-02, 4.661300000000000000e+04
4.691660080019562779e-02, 4.852700000000000000e+04
4.694190641012022103e-02, 4.906200000000000000e+04
4.696721202004481427e-02, 4.822500000000000000e+04
4.699251762996940751e-02, 4.629100000000000000e+04
4.701782323989400075e-02, 4.365000000000000000e+04
4.704312884981859400e-02, 4.078300000000000000e+04
4.706843445974318724e-02, 3.828500000000000000e+04
4.709374006966778048e-02, 3.655000000000000000e+04
4.711904567959237372e-02, 3.598100000000000000e+04
4.714435128951696696e-02, 3.679700000000000000e+04
4.716965689944156020e-02, 3.901900000000000000e+04
4.719496250936615345e-02, 4.274100000000000000e+04
4.722026811929074669e-02, 4.010700000000000000e+04
4.724557372921533993e-02, 3.651700000000000000e+04
4.727087933913993317e-02, 3.817200000000000000e+04
4.729618494906452641e-02, 4.286900000000000000e+04
4.732149055898911966e-02, 3.660200000000000000e+04
4.734679616891371290e-02, 3.585200000000000000e+04
4.737210177883830614e-02, 3.826400000000000000e+04
4.739740738876289938e-02, 4.187100000000000000e+04
4.742271299868749262e-02, 4.532500000000000000e+04
4.744801860861208587e-02, 4.782400000000000000e+04
4.747332421853667911e-02, 4.903700000000000000e+04
4.749862982846127235e-02, 4.883100000000000000e+04
4.752393543838586559e-02, 4.744300000000000000e+04
4.754924104831045883e-02, 4.509900000000000000e+04
4.757454665823505208e-02, 4.227000000000000000e+04
4.759985226815963838e-02, 3.954200000000000000e+04
4.762515787808423162e-02, 3.736200000000000000e+04
4.765046348800882486e-02, 3.611600000000000000e+04
4.767576909793341811e-02, 3.622300000000000000e+04
4.770107470785801135e-02, 3.780200000000000000e+04
4.772638031778260459e-02, 4.088500000000000000e+04
4.775168592770719783e-02, 4.401800000000000000e+04
4.777699153763179107e-02, 3.733800000000000000e+04
4.780229714755638432e-02, 3.679000000000000000e+04
4.782760275748097756e-02, 4.027400000000000000e+04
4.785290836740557080e-02, 3.887500000000000000e+04
4.787821397733016404e-02, 3.560000000000000000e+04
4.790351958725475728e-02, 3.675800000000000000e+04
4.792882519717935053e-02, 3.991000000000000000e+04
4.795413080710394377e-02, 4.355600000000000000e+04
4.797943641702853701e-02, 4.661800000000000000e+04
4.800474202695313025e-02, 4.849200000000000000e+04
4.803004763687772349e-02, 4.895600000000000000e+04
4.805535324680231674e-02, 4.807600000000000000e+04
4.808065885672690998e-02, 4.610700000000000000e+04
4.810596446665150322e-02, 4.344700000000000000e+04
4.813127007657609646e-02, 4.060900000000000000e+04
4.815657568650068970e-02, 3.813600000000000000e+04
4.818188129642528295e-02, 3.642400000000000000e+04
4.820718690634987619e-02, 3.589800000000000000e+04
4.823249251627446943e-02, 3.676600000000000000e+04
4.825779812619906267e-02, 3.910400000000000000e+04
4.828310373612365591e-02, 4.289000000000000000e+04
4.830840934604824916e-02, 4.095600000000000000e+04
4.833371495597284240e-02, 3.716500000000000000e+04
4.835902056589743564e-02, 3.869600000000000000e+04
4.838432617582202888e-02, 4.327200000000000000e+04
4.840963178574662212e-02, 3.659800000000000000e+04
4.843493739567121537e-02, 3.590200000000000000e+04
4.846024300559580861e-02, 3.829800000000000000e+04
4.848554861552040185e-02, 4.187500000000000000e+04
4.851085422544499509e-02, 4.529000000000000000e+04
4.853615983536958833e-02, 4.775000000000000000e+04
4.856146544529418158e-02, 4.888000000000000000e+04
4.858677105521877482e-02, 4.853500000000000000e+04
4.861207666514336806e-02, 4.706300000000000000e+04
4.863738227506796130e-02, 4.473100000000000000e+04
4.866268788499255454e-02, 4.192600000000000000e+04
4.868799349491714779e-02, 3.928200000000000000e+04
4.871329910484174103e-02, 3.718800000000000000e+04
4.873860471476633427e-02, 3.605500000000000000e+04
4.876391032469092751e-02, 3.629200000000000000e+04
4.878921593461552075e-02, 3.793000000000000000e+04
4.881452154454011400e-02, 4.109000000000000000e+04
4.883982715446470724e-02, 4.526100000000000000e+04
4.886513276438930048e-02, 3.819600000000000000e+04
4.889043837431389372e-02, 3.746600000000000000e+04
4.891574398423848696e-02, 4.083800000000000000e+04
4.894104959416307327e-02, 3.895700000000000000e+04
4.896635520408766651e-02, 3.575500000000000000e+04
4.899166081401225975e-02, 3.693100000000000000e+04
4.901696642393685299e-02, 4.007000000000000000e+04
4.904227203386144623e-02, 4.355300000000000000e+04
4.906757764378603948e-02, 4.648900000000000000e+04
4.909288325371063272e-02, 4.819800000000000000e+04
4.911818886363522596e-02, 4.850600000000000000e+04
4.914349447355981920e-02, 4.748200000000000000e+04
4.916880008348441244e-02, 4.544600000000000000e+04
4.919410569340900569e-02, 4.278500000000000000e+04
4.921941130333359893e-02, 4.005100000000000000e+04
4.924471691325819217e-02, 3.775100000000000000e+04
4.927002252318278541e-02, 3.618100000000000000e+04
4.929532813310737865e-02, 3.586100000000000000e+04
4.932063374303197190e-02, 3.691200000000000000e+04
4.934593935295656514e-02, 3.948000000000000000e+04
4.937124496288115838e-02, 4.342400000000000000e+04
4.939655057280575162e-02, 3.895900000000000000e+04
4.942185618273034486e-02, 3.638300000000000000e+04
4.944716179265493811e-02, 3.872900000000000000e+04
4.947246740257953135e-02, 4.156600000000000000e+04
4.949777301250412459e-02, 3.605600000000000000e+04
4.952307862242871783e-02, 3.605800000000000000e+04
4.954838423235331107e-02, 3.885300000000000000e+04
4.957368984227790432e-02, 4.257600000000000000e+04
4.959899545220249756e-02, 4.598800000000000000e+04
4.962430106212709080e-02, 4.829300000000000000e+04
4.964960667205168404e-02, 4.922600000000000000e+04
4.967491228197627728e-02, 4.871500000000000000e+04
4.970021789190087053e-02, 4.705700000000000000e+04
4.972552350182546377e-02, 4.456200000000000000e+04
4.975082911175005701e-02, 4.167500000000000000e+04
4.977613472167465025e-02, 3.903000000000000000e+04
4.980144033159924349e-02, 3.697800000000000000e+04
4.982674594152383674e-02, 3.597100000000000000e+04
4.985205155144842998e-02, 3.628200000000000000e+04
4.987735716137302322e-02, 3.803400000000000000e+04
4.990266277129761646e-02, 4.132700000000000000e+04
4.992796838122220970e-02, 4.417700000000000000e+04
4.995327399114680295e-02, 3.786400000000000000e+04
4.997857960107139619e-02, 3.763800000000000000e+04
5.000388521099598943e-02, 4.129900000000000000e+04
5.002919082092058267e-02, 3.841200000000000000e+04
5.005449643084517591e-02, 3.565000000000000000e+04
5.007980204076976916e-02, 3.707400000000000000e+04
5.010510765069436240e-02, 4.030400000000000000e+04
5.013041326061895564e-02, 4.383900000000000000e+04
5.015571887054354888e-02, 4.665800000000000000e+04
5.018102448046814212e-02, 4.825600000000000000e+04
5.020633009039273537e-02, 4.845600000000000000e+04
5.023163570031732861e-02, 4.734500000000000000e+04
5.025694131024192185e-02, 4.523000000000000000e+04
5.028224692016650815e-02, 4.253200000000000000e+04
5.030755253009110139e-02, 3.978400000000000000e+04
5.033285814001569464e-02, 3.748300000000000000e+04
5.035816374994028788e-02, 3.602600000000000000e+04
5.038346935986488112e-02, 3.582700000000000000e+04
5.040877496978947436e-02, 3.702000000000000000e+04
5.043408057971406760e-02, 3.968500000000000000e+04
5.045938618963866085e-02, 4.374800000000000000e+04
5.048469179956325409e-02, 3.852600000000000000e+04
5.050999740948784733e-02, 3.642400000000000000e+04
5.053530301941244057e-02, 3.904700000000000000e+04
5.056060862933703381e-02, 4.125600000000000000e+04
5.058591423926162706e-02, 3.603200000000000000e+04
5.061121984918622030e-02, 3.616600000000000000e+04
5.063652545911081354e-02, 3.896400000000000000e+04
5.066183106903540678e-02, 4.263900000000000000e+04
5.068713667896000002e-02, 4.600200000000000000e+04
5.071244228888459327e-02, 4.820500000000000000e+04
5.073774789880918651e-02, 4.906100000000000000e+04
5.076305350873377975e-02, 4.845800000000000000e+04
5.078835911865837299e-02, 4.674900000000000000e+04
5.081366472858296623e-02, 4.422400000000000000e+04
5.083897033850755948e-02, 4.135700000000000000e+04
5.086427594843215272e-02, 3.875000000000000000e+04
5.088958155835674596e-02, 3.676100000000000000e+04
5.091488716828133920e-02, 3.586300000000000000e+04
5.094019277820593244e-02, 3.634200000000000000e+04
5.096549838813052569e-02, 3.821600000000000000e+04
5.099080399805511893e-02, 4.159500000000000000e+04
5.101610960797971217e-02, 4.337200000000000000e+04
5.104141521790430541e-02, 3.760200000000000000e+04
5.106672082782889865e-02, 3.776100000000000000e+04
5.109202643775349190e-02, 4.165300000000000000e+04
5.111733204767808514e-02, 3.794100000000000000e+04
5.114263765760267838e-02, 3.570100000000000000e+04
5.116794326752727162e-02, 3.739200000000000000e+04
5.119324887745186486e-02, 4.074100000000000000e+04
5.121855448737645811e-02, 4.427500000000000000e+04
5.124386009730105135e-02, 4.703400000000000000e+04
5.126916570722564459e-02, 4.859100000000000000e+04
5.129447131715023783e-02, 4.871200000000000000e+04
5.131977692707483107e-02, 4.754300000000000000e+04
5.134508253699942432e-02, 4.537100000000000000e+04
5.137038814692401756e-02, 4.262400000000000000e+04
5.139569375684861080e-02, 3.984900000000000000e+04
5.142099936677320404e-02, 3.755600000000000000e+04
5.144630497669779728e-02, 3.610500000000000000e+04
5.147161058662239053e-02, 3.598700000000000000e+04
5.149691619654698377e-02, 3.730600000000000000e+04
5.152222180647157701e-02, 4.007600000000000000e+04
5.154752741639617025e-02, 4.419500000000000000e+04
5.157283302632076349e-02, 3.805900000000000000e+04
5.159813863624535674e-02, 3.648600000000000000e+04
5.162344424616994304e-02, 3.942500000000000000e+04
5.164874985609453628e-02, 4.006900000000000000e+04
5.167405546601912952e-02, 3.573300000000000000e+04
5.169936107594372277e-02, 3.639600000000000000e+04
5.172466668586831601e-02, 3.943800000000000000e+04
5.174997229579290925e-02, 4.316400000000000000e+04
5.177527790571750249e-02, 4.643000000000000000e+04
5.180058351564209573e-02, 4.848800000000000000e+04
5.182588912556668898e-02, 4.919600000000000000e+04
5.185119473549128222e-02, 4.848700000000000000e+04
5.187650034541587546e-02, 4.667100000000000000e+04
5.190180595534046870e-02, 4.407800000000000000e+04
5.192711156526506194e-02, 4.117700000000000000e+04
5.195241717518965519e-02, 3.860800000000000000e+04
5.197772278511424843e-02, 3.669400000000000000e+04
5.200302839503884167e-02, 3.587500000000000000e+04
5.202833400496343491e-02, 3.646500000000000000e+04
5.205363961488802815e-02, 3.848800000000000000e+04
5.207894522481262140e-02, 4.202600000000000000e+04
5.210425083473721464e-02, 4.087400000000000000e+04
5.212955644466180788e-02, 3.651300000000000000e+04
5.215486205458640112e-02, 3.760400000000000000e+04
5.218016766451099436e-02, 4.206200000000000000e+04
5.220547327443558761e-02, 3.693600000000000000e+04
5.223077888436018085e-02, 3.563700000000000000e+04
5.225608449428477409e-02, 3.780000000000000000e+04
5.228139010420936733e-02, 4.136600000000000000e+04
5.230669571413396057e-02, 4.489600000000000000e+04
5.233200132405855382e-02, 4.753700000000000000e+04
5.235730693398314706e-02, 4.892500000000000000e+04
5.238261254390774030e-02, 4.883800000000000000e+04
5.240791815383233354e-02, 4.752000000000000000e+04
5.243322376375692678e-02, 4.523300000000000000e+04
5.245852937368152002e-02, 4.243200000000000000e+04
5.248383498360611327e-02, 3.967100000000000000e+04
5.250914059353070651e-02, 3.740500000000000000e+04
5.253444620345529975e-02, 3.603000000000000000e+04
5.255975181337989299e-02, 3.598700000000000000e+04
5.258505742330448623e-02, 3.737400000000000000e+04
5.261036303322907948e-02, 4.029000000000000000e+04
5.263566864315367272e-02, 4.453900000000000000e+04
5.266097425307826596e-02, 3.769200000000000000e+04
5.268627986300285920e-02, 3.655900000000000000e+04
5.271158547292745244e-02, 3.977000000000000000e+04
5.273689108285204569e-02, 3.945500000000000000e+04
5.276219669277663893e-02, 3.561500000000000000e+04
5.278750230270123217e-02, 3.654500000000000000e+04
5.281280791262582541e-02, 3.969600000000000000e+04
5.283811352255041865e-02, 4.344400000000000000e+04
5.286341913247501190e-02, 4.666500000000000000e+04
5.288872474239960514e-02, 4.863800000000000000e+04
5.291403035232419838e-02, 4.922000000000000000e+04
5.293933596224879162e-02, 4.841000000000000000e+04
5.296464157217337793e-02, 4.651200000000000000e+04
5.298994718209797117e-02, 4.388400000000000000e+04
5.301525279202256441e-02, 4.097700000000000000e+04
5.304055840194715765e-02, 3.844500000000000000e+04
5.306586401187175089e-02, 3.659200000000000000e+04
5.309116962179634414e-02, 3.591400000000000000e+04
5.311647523172093738e-02, 3.669800000000000000e+04
5.314178084164553062e-02, 3.888200000000000000e+04
5.316708645157012386e-02, 4.253300000000000000e+04
5.319239206149471710e-02, 4.022900000000000000e+04
5.321769767141931035e-02, 3.645800000000000000e+04
5.324300328134390359e-02, 3.796900000000000000e+04
5.326830889126849683e-02, 4.260900000000000000e+04
5.329361450119309007e-02, 3.661300000000000000e+04
5.331892011111768331e-02, 3.575800000000000000e+04
5.334422572104227656e-02, 3.813000000000000000e+04
5.336953133096686980e-02, 4.179900000000000000e+04
5.339483694089146304e-02, 4.532500000000000000e+04
5.342014255081605628e-02, 4.795000000000000000e+04
5.344544816074064952e-02, 4.926200000000000000e+04
5.347075377066524277e-02, 4.906500000000000000e+04
5.349605938058983601e-02, 4.767000000000000000e+04
5.352136499051442925e-02, 4.529900000000000000e+04
5.354667060043902249e-02, 4.244300000000000000e+04
5.357197621036361573e-02, 3.968600000000000000e+04
5.359728182028820898e-02, 3.747400000000000000e+04
5.362258743021280222e-02, 3.623300000000000000e+04
5.364789304013739546e-02, 3.632100000000000000e+04
5.367319865006198870e-02, 3.781400000000000000e+04
5.369850425998658194e-02, 4.082200000000000000e+04
5.372380986991117519e-02, 4.508400000000000000e+04
5.374911547983576843e-02, 3.886400000000000000e+04
5.377442108976036167e-02, 3.744100000000000000e+04
5.379972669968495491e-02, 4.039500000000000000e+04
5.382503230960954815e-02, 3.969800000000000000e+04
5.385033791953414140e-02, 3.580600000000000000e+04
5.387564352945873464e-02, 3.665700000000000000e+04
5.390094913938332788e-02, 3.966500000000000000e+04
5.392625474930792112e-02, 4.331200000000000000e+04
5.395156035923251436e-02, 4.641200000000000000e+04
5.397686596915710761e-02, 4.831000000000000000e+04
5.400217157908170085e-02, 4.879800000000000000e+04
5.402747718900629409e-02, 4.793100000000000000e+04
5.405278279893088733e-02, 4.598800000000000000e+04
5.407808840885548057e-02, 4.335800000000000000e+04
5.410339401878007382e-02, 4.053300000000000000e+04
5.412869962870466706e-02, 3.813500000000000000e+04
5.415400523862926030e-02, 3.644900000000000000e+04
5.417931084855385354e-02, 3.593100000000000000e+04
5.420461645847844678e-02, 3.681100000000000000e+04
5.422992206840304003e-02, 3.906300000000000000e+04
5.425522767832763327e-02, 4.277300000000000000e+04
5.428053328825222651e-02, 4.136200000000000000e+04
5.430583889817681281e-02, 3.725100000000000000e+04
5.433114450810140605e-02, 3.858800000000000000e+04
5.435645011802599930e-02, 4.305000000000000000e+04
5.438175572795059254e-02, 3.677900000000000000e+04
5.440706133787518578e-02, 3.584300000000000000e+04
5.443236694779977902e-02, 3.813600000000000000e+04
5.445767255772437226e-02, 4.170800000000000000e+04
5.448297816764896551e-02, 4.513500000000000000e+04
5.450828377757355875e-02, 4.759700000000000000e+04
5.453358938749815199e-02, 4.874700000000000000e+04
5.455889499742274523e-02, 4.842800000000000000e+04
5.458420060734733847e-02, 4.695400000000000000e+04
5.460950621727193172e-02, 4.458200000000000000e+04
5.463481182719652496e-02, 4.175300000000000000e+04
5.466011743712111820e-02, 3.907000000000000000e+04
5.468542304704571144e-02, 3.696400000000000000e+04
5.471072865697030468e-02, 3.582200000000000000e+04
5.473603426689489793e-02, 3.607000000000000000e+04
5.476133987681949117e-02, 3.773900000000000000e+04
5.478664548674408441e-02, 4.090400000000000000e+04
5.481195109666867765e-02, 4.537300000000000000e+04
5.483725670659327089e-02, 3.823800000000000000e+04
5.486256231651786414e-02, 3.745000000000000000e+04
5.488786792644245738e-02, 4.078100000000000000e+04
5.491317353636705062e-02, 3.906700000000000000e+04
5.493847914629164386e-02, 3.578200000000000000e+04
5.496378475621623710e-02, 3.695600000000000000e+04
5.498909036614083035e-02, 4.013000000000000000e+04
5.501439597606542359e-02, 4.370600000000000000e+04
5.503970158599001683e-02, 4.674800000000000000e+04
5.506500719591461007e-02, 4.855800000000000000e+04
5.509031280583920331e-02, 4.893200000000000000e+04
5.511561841576379656e-02, 4.797100000000000000e+04
5.514092402568838980e-02, 4.599400000000000000e+04
5.516622963561298304e-02, 4.338800000000000000e+04
5.519153524553757628e-02, 4.061100000000000000e+04
5.521684085546216952e-02, 3.818600000000000000e+04
5.524214646538676277e-02, 3.650400000000000000e+04
5.526745207531135601e-02, 3.603800000000000000e+04
5.529275768523594925e-02, 3.695500000000000000e+04
5.531806329516054249e-02, 3.937900000000000000e+04
5.534336890508513573e-02, 4.322400000000000000e+04
5.536867451500972898e-02, 3.924400000000000000e+04
5.539398012493432222e-02, 3.640100000000000000e+04
5.541928573485891546e-02, 3.855700000000000000e+04
5.544459134478350870e-02, 4.202000000000000000e+04
5.546989695470810194e-02, 3.618100000000000000e+04
5.549520256463269519e-02, 3.599100000000000000e+04
5.552050817455728843e-02, 3.866700000000000000e+04
5.554581378448188167e-02, 4.234200000000000000e+04
5.557111939440647491e-02, 4.570900000000000000e+04
5.559642500433106815e-02, 4.805500000000000000e+04
5.562173061425566140e-02, 4.907000000000000000e+04
5.564703622418024770e-02, 4.862200000000000000e+04
