0.000000000000000000e+00, 7.103000000000000000e+03
8.641683177612838221e-05, 1.102900000000000000e+04
1.728336635522567644e-04, 1.169000000000000000e+03
2.592504953283851195e-04, 5.080000000000000000e+04
3.456673271045135288e-04, 3.567000000000000000e+04
4.320841588806418839e-04, 2.575400000000000000e+04
5.185009906567702390e-04, 2.394200000000000000e+04
6.049178224328986483e-04, 3.080100000000000000e+04
6.913346542090270577e-04, 4.458400000000000000e+04
7.777514859851553585e-04, 6.231000000000000000e+04
8.641683177612837679e-04, 1.510900000000000000e+04
9.505851495374121772e-04, 3.075600000000000000e+04
1.037001981313540478e-03, 4.007300000000000000e+04
1.123418813089668887e-03, 4.119200000000000000e+04
1.209835644865797297e-03, 3.364500000000000000e+04
1.296252476641925706e-03, 1.935500000000000000e+04
1.382669308418054115e-03, 9.410000000000000000e+02
1.469086140194182525e-03, 4.778900000000000000e+04
1.555502971970310717e-03, 3.276300000000000000e+04
1.641919803746439126e-03, 2.461700000000000000e+04
1.728336635522567536e-03, 2.521000000000000000e+04
1.814753467298695945e-03, 3.402600000000000000e+04
1.901170299074824354e-03, 4.909200000000000000e+04
1.987587130850952764e-03, 2.040000000000000000e+03
2.074003962627080956e-03, 2.012500000000000000e+04
2.160420794403209582e-03, 3.433700000000000000e+04
2.246837626179337775e-03, 4.139000000000000000e+04
2.333254457955466401e-03, 4.001800000000000000e+04
2.419671289731594593e-03, 3.050400000000000000e+04
2.506088121507722786e-03, 1.461700000000000000e+04
2.592504953283851412e-03, 6.114800000000000000e+04
2.678921785059979604e-03, 4.315200000000000000e+04
2.765338616836108231e-03, 2.972400000000000000e+04
2.851755448612236423e-03, 2.380900000000000000e+04
2.938172280388365049e-03, 2.640500000000000000e+04
3.024589112164493242e-03, 3.729000000000000000e+04
3.111005943940621434e-03, 5.376200000000000000e+04
3.197422775716750060e-03, 7.030000000000000000e+03
3.283839607492878253e-03, 2.445700000000000000e+04
3.370256439269006879e-03, 3.698000000000000000e+04
3.456673271045135071e-03, 4.190100000000000000e+04
3.543090102821263698e-03, 3.827200000000000000e+04
3.629506934597391890e-03, 2.672800000000000000e+04
3.715923766373520516e-03, 9.809000000000000000e+03
3.802340598149648709e-03, 5.639900000000000000e+04
3.888757429925776901e-03, 3.935700000000000000e+04
3.975174261701905527e-03, 2.786200000000000000e+04
4.061591093478034153e-03, 2.416200000000000000e+04
4.148007925254161912e-03, 2.877900000000000000e+04
4.234424757030290538e-03, 4.105600000000000000e+04
4.320841588806419165e-03, 5.835700000000000000e+04
4.407258420582546923e-03, 1.182700000000000000e+04
4.493675252358675550e-03, 2.839900000000000000e+04
4.580092084134804176e-03, 3.906600000000000000e+04
4.666508915910932802e-03, 4.179800000000000000e+04
4.752925747687060561e-03, 3.581600000000000000e+04
4.839342579463189187e-03, 2.233800000000000000e+04
4.925759411239317813e-03, 4.343000000000000000e+03
5.012176243015445572e-03, 5.105100000000000000e+04
5.098593074791574198e-03, 3.518600000000000000e+04
5.185009906567702824e-03, 2.550000000000000000e+04
5.271426738343831450e-03, 2.410300000000000000e+04
5.357843570119959209e-03, 3.121400000000000000e+04
5.444260401896087835e-03, 4.529600000000000000e+04
5.530677233672216461e-03, 6.317200000000000000e+04
5.617094065448344220e-03, 1.623400000000000000e+04
5.703510897224472846e-03, 3.174200000000000000e+04
5.789927729000601472e-03, 4.050600000000000000e+04
5.876344560776730098e-03, 4.095200000000000000e+04
5.962761392552857857e-03, 3.296800000000000000e+04
6.049178224328986483e-03, 1.815900000000000000e+04
6.135595056105115110e-03, 6.502900000000000000e+04
6.222011887881242868e-03, 4.648100000000000000e+04
6.308428719657371495e-03, 3.191500000000000000e+04
6.394845551433500121e-03, 2.430200000000000000e+04
6.481262383209628747e-03, 2.518100000000000000e+04
6.567679214985756506e-03, 3.446100000000000000e+04
6.654096046761885132e-03, 4.975200000000000000e+04
6.740512878538013758e-03, 2.846000000000000000e+03
6.826929710314141517e-03, 2.099800000000000000e+04
6.913346542090270143e-03, 3.494600000000000000e+04
6.999763373866398769e-03, 4.147200000000000000e+04
7.086180205642527395e-03, 3.925400000000000000e+04
7.172597037418655154e-03, 2.913900000000000000e+04
7.259013869194783780e-03, 1.319600000000000000e+04
7.345430700970912406e-03, 6.006500000000000000e+04
7.431847532747041032e-03, 4.235600000000000000e+04
7.518264364523168791e-03, 2.920300000000000000e+04
7.604681196299297417e-03, 2.380300000000000000e+04
7.691098028075426044e-03, 2.704900000000000000e+04
7.777514859851553802e-03, 3.843800000000000000e+04
7.863931691627683296e-03, 5.499300000000000000e+04
7.950348523403811055e-03, 8.320000000000000000e+03
8.036765355179938813e-03, 2.551900000000000000e+04
8.123182186956068307e-03, 3.746800000000000000e+04
8.209599018732196066e-03, 4.151800000000000000e+04
8.296015850508323825e-03, 3.727200000000000000e+04
8.382432682284453318e-03, 2.530500000000000000e+04
8.468849514060581077e-03, 8.024000000000000000e+03
8.555266345836708836e-03, 5.464600000000000000e+04
8.641683177612838329e-03, 3.795200000000000000e+04
8.728100009388966088e-03, 2.678100000000000000e+04
8.814516841165093847e-03, 2.372900000000000000e+04
8.900933672941223340e-03, 2.912900000000000000e+04
8.987350504717351099e-03, 4.207400000000000000e+04
9.073767336493480593e-03, 5.976900000000000000e+04
9.160184168269608351e-03, 1.311700000000000000e+04
9.246601000045736110e-03, 2.923300000000000000e+04
9.333017831821865604e-03, 3.907400000000000000e+04
9.419434663597993362e-03, 4.124400000000000000e+04
9.505851495374121121e-03, 3.499800000000000000e+04
9.592268327150250615e-03, 2.147900000000000000e+04
9.678685158926378374e-03, 3.340000000000000000e+03
9.765101990702506132e-03, 4.995600000000000000e+04
9.851518822478635626e-03, 3.437000000000000000e+04
9.937935654254763385e-03, 2.514100000000000000e+04
1.002435248603089114e-02, 2.431300000000000000e+04
1.011076931780702064e-02, 3.203800000000000000e+04
1.019718614958314840e-02, 4.632000000000000000e+04
1.028360298135927789e-02, 6.452200000000000000e+04
1.037001981313540565e-02, 1.757200000000000000e+04
1.045643664491153341e-02, 3.269200000000000000e+04
1.054285347668766290e-02, 4.083600000000000000e+04
1.062927030846379066e-02, 4.039100000000000000e+04
1.071568714023991842e-02, 3.169700000000000000e+04
1.080210397201604791e-02, 1.669200000000000000e+04
1.088852080379217567e-02, 6.387200000000000000e+04
1.097493763556830343e-02, 4.563300000000000000e+04
1.106135446734443292e-02, 3.161500000000000000e+04
1.114777129912056068e-02, 2.464700000000000000e+04
1.123418813089668844e-02, 2.597700000000000000e+04
1.132060496267281793e-02, 3.582400000000000000e+04
1.140702179444894569e-02, 5.147900000000000000e+04
1.149343862622507519e-02, 4.565000000000000000e+03
1.157985545800120294e-02, 2.235900000000000000e+04
1.166627228977733070e-02, 3.568700000000000000e+04
1.175268912155346020e-02, 4.134900000000000000e+04
1.183910595332958796e-02, 3.877000000000000000e+04
1.192552278510571571e-02, 2.822400000000000000e+04
1.201193961688184521e-02, 1.171200000000000000e+04
1.209835644865797297e-02, 5.836800000000000000e+04
1.218477328043410073e-02, 4.094900000000000000e+04
1.227119011221023022e-02, 2.840400000000000000e+04
1.235760694398635798e-02, 2.368600000000000000e+04
1.244402377576248574e-02, 2.735700000000000000e+04
1.253044060753861523e-02, 3.901600000000000000e+04
1.261685743931474299e-02, 5.602800000000000000e+04
1.270327427109087248e-02, 9.488000000000000000e+03
1.278969110286700024e-02, 2.642500000000000000e+04
1.287610793464312800e-02, 3.769100000000000000e+04
1.296252476641925749e-02, 4.149200000000000000e+04
1.304894159819538525e-02, 3.688900000000000000e+04
1.313535842997151301e-02, 2.468200000000000000e+04
1.322177526174764250e-02, 7.163000000000000000e+03
1.330819209352377026e-02, 5.357700000000000000e+04
1.339460892529989802e-02, 3.707500000000000000e+04
1.348102575707602752e-02, 2.633000000000000000e+04
1.356744258885215527e-02, 2.380700000000000000e+04
1.365385942062828303e-02, 2.986000000000000000e+04
1.374027625240441253e-02, 4.304000000000000000e+04
1.382669308418054029e-02, 6.069600000000000000e+04
1.391310991595666978e-02, 1.403100000000000000e+04
1.399952674773279754e-02, 3.015100000000000000e+04
1.408594357950892530e-02, 3.985200000000000000e+04
1.417236041128505479e-02, 4.147600000000000000e+04
1.425877724306118255e-02, 3.447800000000000000e+04
1.434519407483731031e-02, 2.033500000000000000e+04
1.443161090661343980e-02, 1.891000000000000000e+03
1.451802773838956756e-02, 4.871500000000000000e+04
1.460444457016569532e-02, 3.349900000000000000e+04
1.469086140194182481e-02, 2.481700000000000000e+04
1.477727823371795257e-02, 2.461000000000000000e+04
1.486369506549408206e-02, 3.310700000000000000e+04
1.495011189727020982e-02, 4.793900000000000000e+04
1.503652872904633758e-02, 7.060000000000000000e+02
1.512294556082246708e-02, 1.901300000000000000e+04
1.520936239259859483e-02, 3.357700000000000000e+04
1.529577922437472259e-02, 4.117100000000000000e+04
1.538219605615085209e-02, 4.041500000000000000e+04
1.546861288792697985e-02, 3.128400000000000000e+04
1.555502971970310760e-02, 1.589000000000000000e+04
1.564144655147923710e-02, 6.261900000000000000e+04
1.572786338325536659e-02, 4.438900000000000000e+04
1.581428021503149262e-02, 3.046900000000000000e+04
1.590069704680762211e-02, 2.400000000000000000e+04
1.598711387858375160e-02, 2.593200000000000000e+04
1.607353071035987763e-02, 3.619000000000000000e+04
1.615994754213600712e-02, 5.236700000000000000e+04
1.624636437391213661e-02, 5.739000000000000000e+03
1.633278120568826264e-02, 2.336000000000000000e+04
1.641919803746439213e-02, 3.600200000000000000e+04
1.650561486924052162e-02, 4.137900000000000000e+04
1.659203170101664765e-02, 3.832100000000000000e+04
1.667844853279277714e-02, 2.720000000000000000e+04
1.676486536456890664e-02, 1.052300000000000000e+04
1.685128219634503266e-02, 5.709800000000000000e+04
1.693769902812116215e-02, 3.991400000000000000e+04
1.702411585989729165e-02, 2.790500000000000000e+04
1.711053269167341767e-02, 2.406200000000000000e+04
1.719694952344954716e-02, 2.837500000000000000e+04
1.728336635522567666e-02, 4.019000000000000000e+04
1.736978318700180268e-02, 5.705400000000000000e+04
1.745620001877793218e-02, 1.044000000000000000e+04
1.754261685055406167e-02, 2.734700000000000000e+04
1.762903368233018769e-02, 3.854500000000000000e+04
1.771545051410631719e-02, 4.185100000000000000e+04
1.780186734588244668e-02, 3.652900000000000000e+04
1.788828417765857617e-02, 2.364400000000000000e+04
1.797470100943470220e-02, 5.734000000000000000e+03
1.806111784121083169e-02, 5.227300000000000000e+04
1.814753467298696119e-02, 3.612600000000000000e+04
1.823395150476308721e-02, 2.588100000000000000e+04
1.832036833653921670e-02, 2.396700000000000000e+04
1.840678516831534620e-02, 3.049200000000000000e+04
1.849320200009147222e-02, 4.412800000000000000e+04
1.857961883186760171e-02, 6.210100000000000000e+04
1.866603566364373121e-02, 1.539900000000000000e+04
1.875245249541985723e-02, 3.109800000000000000e+04
1.883886932719598672e-02, 4.025800000000000000e+04
1.892528615897211622e-02, 4.128300000000000000e+04
1.901170299074824224e-02, 3.367700000000000000e+04
1.909811982252437174e-02, 1.936200000000000000e+04
1.918453665430050123e-02, 9.530000000000000000e+02
1.927095348607662725e-02, 4.779800000000000000e+04
1.935737031785275675e-02, 3.276700000000000000e+04
1.944378714962888624e-02, 2.460600000000000000e+04
1.953020398140501226e-02, 2.484700000000000000e+04
1.961662081318114176e-02, 3.358200000000000000e+04
1.970303764495727125e-02, 4.879800000000000000e+04
1.978945447673339728e-02, 1.907000000000000000e+03
1.987587130850952677e-02, 2.008100000000000000e+04
1.996228814028565626e-02, 3.431000000000000000e+04
2.004870497206178229e-02, 4.139000000000000000e+04
2.013512180383791178e-02, 3.996500000000000000e+04
2.022153863561404127e-02, 3.009100000000000000e+04
2.030795546739017077e-02, 1.420200000000000000e+04
2.039437229916629679e-02, 6.090800000000000000e+04
2.048078913094242628e-02, 4.304500000000000000e+04
2.056720596271855578e-02, 2.969100000000000000e+04
2.065362279449468180e-02, 2.380600000000000000e+04
2.074003962627081130e-02, 2.639600000000000000e+04
2.082645645804694079e-02, 3.724800000000000000e+04
2.091287328982306681e-02, 5.375200000000000000e+04
2.099929012159919631e-02, 7.042000000000000000e+03
2.108570695337532580e-02, 2.446800000000000000e+04
2.117212378515145182e-02, 3.698600000000000000e+04
2.125854061692758132e-02, 4.188700000000000000e+04
2.134495744870371081e-02, 3.826800000000000000e+04
2.143137428047983684e-02, 2.673500000000000000e+04
2.151779111225596633e-02, 9.526000000000000000e+03
2.160420794403209582e-02, 5.594300000000000000e+04
2.169062477580822185e-02, 3.897900000000000000e+04
2.177704160758435134e-02, 2.728900000000000000e+04
2.186345843936048083e-02, 2.368500000000000000e+04
2.194987527113660686e-02, 2.853400000000000000e+04
2.203629210291273635e-02, 4.094300000000000000e+04
2.212270893468886584e-02, 5.830700000000000000e+04
2.220912576646499187e-02, 1.180700000000000000e+04
2.229554259824112136e-02, 2.839100000000000000e+04
2.238195943001725086e-02, 3.904700000000000000e+04
2.246837626179337688e-02, 4.179500000000000000e+04
2.255479309356950637e-02, 3.582500000000000000e+04
2.264120992534563587e-02, 2.235800000000000000e+04
2.272762675712176536e-02, 4.343000000000000000e+03
2.281404358889789138e-02, 5.104500000000000000e+04
2.290046042067402088e-02, 3.518200000000000000e+04
2.298687725245015037e-02, 2.549800000000000000e+04
2.307329408422627640e-02, 2.410200000000000000e+04
2.315971091600240589e-02, 3.121400000000000000e+04
2.324612774777853538e-02, 4.531700000000000000e+04
2.333254457955466141e-02, 6.319100000000000000e+04
2.341896141133079090e-02, 1.622400000000000000e+04
2.350537824310692039e-02, 3.171100000000000000e+04
2.359179507488304642e-02, 4.049700000000000000e+04
2.367821190665917591e-02, 4.095100000000000000e+04
2.376462873843530541e-02, 3.296000000000000000e+04
2.385104557021143143e-02, 1.816500000000000000e+04
2.393746240198756092e-02, 6.503700000000000000e+04
2.402387923376369042e-02, 4.648600000000000000e+04
2.411029606553981644e-02, 3.191800000000000000e+04
2.419671289731594593e-02, 2.431700000000000000e+04
2.428312972909207543e-02, 2.517900000000000000e+04
2.436954656086820145e-02, 3.453000000000000000e+04
2.445596339264433094e-02, 5.017400000000000000e+04
2.454238022442046044e-02, 3.253000000000000000e+03
2.462879705619658646e-02, 2.123000000000000000e+04
2.471521388797271596e-02, 3.504800000000000000e+04
2.480163071974884545e-02, 4.155600000000000000e+04
2.488804755152497147e-02, 3.967300000000000000e+04
2.497446438330110097e-02, 2.956800000000000000e+04
2.506088121507723046e-02, 1.341300000000000000e+04
2.514729804685335995e-02, 6.017300000000000000e+04
2.523371487862948598e-02, 4.241400000000000000e+04
2.532013171040561547e-02, 2.922900000000000000e+04
2.540654854218174497e-02, 2.381400000000000000e+04
2.549296537395787099e-02, 2.692100000000000000e+04
2.557938220573400048e-02, 3.799000000000000000e+04
2.566579903751012998e-02, 5.460900000000000000e+04
2.575221586928625600e-02, 8.112000000000000000e+03
2.583863270106238549e-02, 2.543000000000000000e+04
2.592504953283851499e-02, 3.751500000000000000e+04
2.601146636461464101e-02, 4.193600000000000000e+04
2.609788319639077050e-02, 3.767700000000000000e+04
2.618430002816690000e-02, 2.555100000000000000e+04
2.627071685994302602e-02, 8.125000000000000000e+03
2.635713369171915552e-02, 5.467700000000000000e+04
2.644355052349528501e-02, 3.796000000000000000e+04
2.652996735527141103e-02, 2.678300000000000000e+04
2.661638418704754053e-02, 2.389100000000000000e+04
2.670280101882367002e-02, 2.958400000000000000e+04
2.678921785059979604e-02, 4.244400000000000000e+04
2.687563468237592554e-02, 5.963200000000000000e+04
2.696205151415205503e-02, 1.274800000000000000e+04
2.704846834592818106e-02, 2.909000000000000000e+04
2.713488517770431055e-02, 3.939000000000000000e+04
2.722130200948044004e-02, 4.158200000000000000e+04
2.730771884125656607e-02, 3.517700000000000000e+04
2.739413567303269556e-02, 2.156600000000000000e+04
2.748055250480882505e-02, 3.379000000000000000e+03
2.756696933658495455e-02, 4.997200000000000000e+04
2.765338616836108057e-02, 3.437600000000000000e+04
2.773980300013721007e-02, 2.515900000000000000e+04
2.782621983191333956e-02, 2.431400000000000000e+04
2.791263666368946558e-02, 3.205400000000000000e+04
2.799905349546559508e-02, 4.669500000000000000e+04
2.808547032724172457e-02, 6.495700000000000000e+04
2.817188715901785059e-02, 1.783800000000000000e+04
2.825830399079398009e-02, 3.281400000000000000e+04
2.834472082257010958e-02, 4.089100000000000000e+04
2.843113765434623560e-02, 4.075800000000000000e+04
2.851755448612236510e-02, 3.215000000000000000e+04
2.860397131789849459e-02, 1.694800000000000000e+04
2.869038814967462062e-02, 6.399500000000000000e+04
2.877680498145075011e-02, 4.569900000000000000e+04
2.886322181322687960e-02, 3.134500000000000000e+04
2.894963864500300563e-02, 2.420200000000000000e+04
2.903605547677913512e-02, 2.564900000000000000e+04
2.912247230855526461e-02, 3.565800000000000000e+04
2.920888914033139064e-02, 5.143000000000000000e+04
2.929530597210752013e-02, 4.363000000000000000e+03
2.938172280388364963e-02, 2.190000000000000000e+04
2.946813963565977565e-02, 3.535400000000000000e+04
2.955455646743590514e-02, 4.154700000000000000e+04
2.964097329921203464e-02, 3.912900000000000000e+04
2.972739013098816413e-02, 2.847800000000000000e+04
2.981380696276429015e-02, 1.182700000000000000e+04
2.990022379454041965e-02, 5.840500000000000000e+04
2.998664062631654914e-02, 4.095900000000000000e+04
3.007305745809267516e-02, 2.840500000000000000e+04
3.015947428986880466e-02, 2.377000000000000000e+04
3.024589112164493415e-02, 2.778800000000000000e+04
3.033230795342106018e-02, 3.942300000000000000e+04
3.041872478519718967e-02, 5.599900000000000000e+04
3.050514161697331916e-02, 9.126000000000000000e+03
3.059155844874944519e-02, 2.618300000000000000e+04
3.067797528052557468e-02, 3.795000000000000000e+04
3.076439211230170417e-02, 4.185000000000000000e+04
3.085080894407783020e-02, 3.691300000000000000e+04
3.093722577585395969e-02, 2.432400000000000000e+04
3.102364260763008919e-02, 6.854000000000000000e+03
3.111005943940621521e-02, 5.375700000000000000e+04
3.119647627118234470e-02, 3.745000000000000000e+04
3.128289310295847420e-02, 2.660500000000000000e+04
3.136930993473460022e-02, 2.393500000000000000e+04
3.145572676651073318e-02, 2.990400000000000000e+04
3.154214359828685921e-02, 4.336800000000000000e+04
3.162856043006298523e-02, 6.115400000000000000e+04
3.171497726183911819e-02, 1.433500000000000000e+04
3.180139409361524422e-02, 3.029700000000000000e+04
3.188781092539137024e-02, 3.991000000000000000e+04
3.197422775716750321e-02, 4.126800000000000000e+04
3.206064458894362923e-02, 3.402200000000000000e+04
3.214706142071975525e-02, 2.000200000000000000e+04
3.223347825249588822e-02, 1.728000000000000000e+03
3.231989508427201424e-02, 4.863800000000000000e+04
3.240631191604814026e-02, 3.346600000000000000e+04
3.249272874782427323e-02, 2.480400000000000000e+04
3.257914557960039925e-02, 2.459700000000000000e+04
3.266556241137652528e-02, 3.308000000000000000e+04
3.275197924315265824e-02, 4.794600000000000000e+04
3.283839607492878426e-02, 6.070000000000000000e+02
3.292481290670491029e-02, 1.857900000000000000e+04
3.301122973848104325e-02, 3.318700000000000000e+04
3.309764657025716927e-02, 4.095600000000000000e+04
3.318406340203329530e-02, 4.032200000000000000e+04
3.327048023380942826e-02, 3.117300000000000000e+04
3.335689706558555429e-02, 1.545200000000000000e+04
3.344331389736168031e-02, 6.220600000000000000e+04
3.352973072913781327e-02, 4.415600000000000000e+04
3.361614756091393930e-02, 3.036600000000000000e+04
3.370256439269006532e-02, 2.396800000000000000e+04
3.378898122446619828e-02, 2.593000000000000000e+04
3.387539805624232431e-02, 3.618100000000000000e+04
3.396181488801845033e-02, 5.234200000000000000e+04
3.404823171979458329e-02, 5.731000000000000000e+03
3.413464855157070932e-02, 2.337500000000000000e+04
3.422106538334683534e-02, 3.636500000000000000e+04
3.430748221512296831e-02, 4.182800000000000000e+04
3.439389904689909433e-02, 3.861900000000000000e+04
3.448031587867522035e-02, 2.733700000000000000e+04
3.456673271045135332e-02, 1.056800000000000000e+04
3.465314954222747934e-02, 5.712600000000000000e+04
3.473956637400360536e-02, 3.991600000000000000e+04
3.482598320577973833e-02, 2.783100000000000000e+04
3.491240003755586435e-02, 2.363500000000000000e+04
3.499881686933199038e-02, 2.795900000000000000e+04
3.508523370110812334e-02, 3.998500000000000000e+04
3.517165053288424936e-02, 5.695000000000000000e+04
3.525806736466037539e-02, 1.037200000000000000e+04
3.534448419643650835e-02, 2.695500000000000000e+04
3.543090102821263437e-02, 3.809200000000000000e+04
3.551731785998876040e-02, 4.142700000000000000e+04
3.560373469176489336e-02, 3.594800000000000000e+04
3.569015152354101938e-02, 2.321600000000000000e+04
3.577656835531715235e-02, 5.527000000000000000e+03
3.586298518709327837e-02, 5.217700000000000000e+04
3.594940201886940440e-02, 3.608500000000000000e+04
3.603581885064553736e-02, 2.586500000000000000e+04
3.612223568242166338e-02, 2.396100000000000000e+04
3.620865251419778941e-02, 3.050600000000000000e+04
3.629506934597392237e-02, 4.412600000000000000e+04
3.638148617775004839e-02, 6.208300000000000000e+04
3.646790300952617442e-02, 1.538400000000000000e+04
3.655431984130230738e-02, 3.110100000000000000e+04
3.664073667307843341e-02, 4.026400000000000000e+04
3.672715350485455943e-02, 4.128700000000000000e+04
3.681357033663069239e-02, 3.366600000000000000e+04
3.689998716840681842e-02, 1.933900000000000000e+04
3.698640400018294444e-02, 9.620000000000000000e+02
3.707282083195907740e-02, 4.781200000000000000e+04
3.715923766373520343e-02, 3.277600000000000000e+04
3.724565449551132945e-02, 2.461100000000000000e+04
3.733207132728746241e-02, 2.486300000000000000e+04
3.741848815906358844e-02, 3.358000000000000000e+04
3.750490499083971446e-02, 4.877700000000000000e+04
3.759132182261584743e-02, 1.895000000000000000e+03
3.767773865439197345e-02, 2.008500000000000000e+04
3.776415548616809947e-02, 3.431600000000000000e+04
3.785057231794423244e-02, 4.139300000000000000e+04
3.793698914972035846e-02, 4.000600000000000000e+04
3.802340598149648448e-02, 3.049000000000000000e+04
3.810982281327261745e-02, 1.463000000000000000e+04
3.819623964504874347e-02, 6.118000000000000000e+04
3.828265647682486950e-02, 4.316200000000000000e+04
3.836907330860100246e-02, 2.972800000000000000e+04
3.845549014037712848e-02, 2.381600000000000000e+04
3.854190697215325451e-02, 2.639800000000000000e+04
3.862832380392938747e-02, 3.712700000000000000e+04
3.871474063570551349e-02, 5.330700000000000000e+04
3.880115746748163952e-02, 6.651000000000000000e+03
3.888757429925777248e-02, 2.423900000000000000e+04
3.897399113103389851e-02, 3.689600000000000000e+04
3.906040796281002453e-02, 4.184800000000000000e+04
3.914682479458615749e-02, 3.825400000000000000e+04
3.923324162636228352e-02, 2.674000000000000000e+04
3.931965845813840954e-02, 9.774000000000000000e+03
3.940607528991454250e-02, 5.640900000000000000e+04
3.949249212169066853e-02, 3.931900000000000000e+04
3.957890895346679455e-02, 2.746000000000000000e+04
3.966532578524292751e-02, 2.375500000000000000e+04
3.975174261701905354e-02, 2.857600000000000000e+04
3.983815944879517956e-02, 4.095400000000000000e+04
3.992457628057131253e-02, 5.829900000000000000e+04
4.001099311234743855e-02, 1.178800000000000000e+04
4.009740994412356457e-02, 2.839200000000000000e+04
4.018382677589969754e-02, 3.905300000000000000e+04
4.027024360767582356e-02, 4.179900000000000000e+04
4.035666043945194958e-02, 3.582700000000000000e+04
4.044307727122808255e-02, 2.264500000000000000e+04
4.052949410300420857e-02, 4.803000000000000000e+03
4.061591093478034153e-02, 5.141200000000000000e+04
4.070232776655646756e-02, 3.574600000000000000e+04
4.078874459833259358e-02, 2.598400000000000000e+04
4.087516143010872655e-02, 2.438900000000000000e+04
4.096157826188485257e-02, 3.133200000000000000e+04
4.104799509366097859e-02, 4.537900000000000000e+04
4.113441192543711156e-02, 6.358400000000000000e+04
4.122082875721323758e-02, 1.666100000000000000e+04
4.130724558898936360e-02, 3.197700000000000000e+04
4.139366242076549657e-02, 4.061800000000000000e+04
4.148007925254162259e-02, 4.099400000000000000e+04
4.156649608431774862e-02, 3.265000000000000000e+04
4.165291291609388158e-02, 1.771700000000000000e+04
4.173932974787000760e-02, 6.475600000000000000e+04
4.182574657964613363e-02, 4.635100000000000000e+04
4.191216341142226659e-02, 3.185500000000000000e+04
4.199858024319839261e-02, 2.454900000000000000e+04
4.208499707497451864e-02, 2.563100000000000000e+04
4.217141390675065160e-02, 3.484700000000000000e+04
4.225783073852677763e-02, 5.032800000000000000e+04
4.234424757030290365e-02, 3.325000000000000000e+03
4.243066440207903661e-02, 2.124400000000000000e+04
4.251708123385516264e-02, 3.505900000000000000e+04
4.260349806563128866e-02, 4.156100000000000000e+04
4.268991489740742162e-02, 3.966900000000000000e+04
4.277633172918354765e-02, 2.957500000000000000e+04
4.286274856095967367e-02, 1.340500000000000000e+04
4.294916539273580663e-02, 6.017400000000000000e+04
4.303558222451193266e-02, 4.242300000000000000e+04
4.312199905628805868e-02, 2.923600000000000000e+04
4.320841588806419165e-02, 2.381700000000000000e+04
4.329483271984031767e-02, 2.693700000000000000e+04
4.338124955161644369e-02, 3.799700000000000000e+04
4.346766638339257666e-02, 5.460200000000000000e+04
4.355408321516870268e-02, 8.089000000000000000e+03
4.364050004694482870e-02, 2.542700000000000000e+04
4.372691687872096167e-02, 3.752100000000000000e+04
4.381333371049708769e-02, 4.194000000000000000e+04
4.389975054227321372e-02, 3.767900000000000000e+04
4.398616737404934668e-02, 2.575600000000000000e+04
4.407258420582547270e-02, 8.586000000000000000e+03
4.415900103760159873e-02, 5.504100000000000000e+04
4.424541786937773169e-02, 3.849700000000000000e+04
4.433183470115385771e-02, 2.730600000000000000e+04
4.441825153292998374e-02, 2.405700000000000000e+04
4.450466836470611670e-02, 2.927400000000000000e+04
4.459108519648224273e-02, 4.212000000000000000e+04
4.467750202825836875e-02, 5.976700000000000000e+04
4.476391886003450171e-02, 1.312300000000000000e+04
4.485033569181062774e-02, 2.936100000000000000e+04
4.493675252358675376e-02, 3.952400000000000000e+04
4.502316935536288672e-02, 4.163600000000000000e+04
4.510958618713901275e-02, 3.494700000000000000e+04
4.519600301891514571e-02, 2.111100000000000000e+04
4.528241985069127173e-02, 3.057000000000000000e+03
4.536883668246739776e-02, 4.981500000000000000e+04
4.545525351424353072e-02, 3.430300000000000000e+04
4.554167034601965675e-02, 2.530200000000000000e+04
4.562808717779578277e-02, 2.475900000000000000e+04
4.571450400957191573e-02, 3.241300000000000000e+04
4.580092084134804176e-02, 4.687400000000000000e+04
4.588733767312416778e-02, 6.504100000000000000e+04
4.597375450490030074e-02, 1.785900000000000000e+04
4.606017133667642677e-02, 3.282400000000000000e+04
4.614658816845255279e-02, 4.090200000000000000e+04
4.623300500022868575e-02, 4.075100000000000000e+04
4.631942183200481178e-02, 3.215600000000000000e+04
4.640583866378093780e-02, 1.688900000000000000e+04
4.649225549555707077e-02, 6.357900000000000000e+04
4.657867232733319679e-02, 4.528800000000000000e+04
4.666508915910932281e-02, 3.110800000000000000e+04
4.675150599088545578e-02, 2.409700000000000000e+04
4.683792282266158180e-02, 2.560100000000000000e+04
4.692433965443770782e-02, 3.563300000000000000e+04
4.701075648621384079e-02, 5.143100000000000000e+04
4.709717331798996681e-02, 4.546000000000000000e+03
4.718359014976609284e-02, 2.236200000000000000e+04
4.727000698154222580e-02, 3.572100000000000000e+04
4.735642381331835182e-02, 4.174000000000000000e+04
4.744284064509447785e-02, 3.921000000000000000e+04
4.752925747687061081e-02, 2.853800000000000000e+04
4.761567430864673683e-02, 1.184900000000000000e+04
4.770209114042286286e-02, 5.839500000000000000e+04
4.778850797219899582e-02, 4.096300000000000000e+04
4.787492480397512185e-02, 2.839700000000000000e+04
4.796134163575124787e-02, 2.369000000000000000e+04
4.804775846752738083e-02, 2.735800000000000000e+04
4.813417529930350686e-02, 3.900700000000000000e+04
4.822059213107963288e-02, 5.579600000000000000e+04
4.830700896285576584e-02, 9.023000000000000000e+03
4.839342579463189187e-02, 2.612800000000000000e+04
4.847984262640801789e-02, 3.792500000000000000e+04
4.856625945818415085e-02, 4.184000000000000000e+04
4.865267628996027688e-02, 3.692600000000000000e+04
4.873909312173640290e-02, 2.432600000000000000e+04
4.882550995351253587e-02, 6.842000000000000000e+03
4.891192678528866189e-02, 5.341300000000000000e+04
4.899834361706478791e-02, 3.699600000000000000e+04
4.908476044884092088e-02, 2.632500000000000000e+04
4.917117728061704690e-02, 2.380300000000000000e+04
4.925759411239317292e-02, 2.984300000000000000e+04
4.934401094416930589e-02, 4.307200000000000000e+04
4.943042777594543191e-02, 6.068400000000000000e+04
4.951684460772155794e-02, 1.399400000000000000e+04
4.960326143949769090e-02, 3.012600000000000000e+04
4.968967827127381692e-02, 3.985000000000000000e+04
4.977609510304994295e-02, 4.146300000000000000e+04
4.986251193482607591e-02, 3.448000000000000000e+04
4.994892876660220193e-02, 2.035800000000000000e+04
5.003534559837833490e-02, 1.920000000000000000e+03
5.012176243015446092e-02, 4.870900000000000000e+04
5.020817926193058695e-02, 3.348600000000000000e+04
5.029459609370671991e-02, 2.480800000000000000e+04
5.038101292548284593e-02, 2.459600000000000000e+04
5.046742975725897196e-02, 3.276800000000000000e+04
5.055384658903510492e-02, 4.749000000000000000e+04
5.064026342081123094e-02, 4.000000000000000000e+02
5.072668025258735697e-02, 1.887000000000000000e+04
5.081309708436348993e-02, 3.352900000000000000e+04
5.089951391613961595e-02, 4.091700000000000000e+04
5.098593074791574198e-02, 3.995000000000000000e+04
5.107234757969187494e-02, 3.088900000000000000e+04
5.115876441146800097e-02, 1.531200000000000000e+04
5.124518124324412699e-02, 6.212900000000000000e+04
5.133159807502025995e-02, 4.413400000000000000e+04
5.141801490679638598e-02, 3.035200000000000000e+04
5.150443173857251200e-02, 2.395900000000000000e+04
5.159084857034864496e-02, 2.625900000000000000e+04
5.167726540212477099e-02, 3.662800000000000000e+04
5.176368223390089701e-02, 5.261800000000000000e+04
5.185009906567702997e-02, 5.864000000000000000e+03
5.193651589745315600e-02, 2.343600000000000000e+04
5.202293272922928202e-02, 3.639000000000000000e+04
5.210934956100541499e-02, 4.183700000000000000e+04
5.219576639278154101e-02, 3.869700000000000000e+04
5.228218322455766703e-02, 2.776300000000000000e+04
5.236860005633380000e-02, 1.098000000000000000e+04
5.245501688810992602e-02, 5.736000000000000000e+04
5.254143371988605205e-02, 4.001900000000000000e+04
5.262785055166218501e-02, 2.787900000000000000e+04
5.271426738343831103e-02, 2.365900000000000000e+04
5.280068421521443706e-02, 2.795800000000000000e+04
5.288710104699057002e-02, 3.999700000000000000e+04
5.297351787876669604e-02, 5.694900000000000000e+04
5.305993471054282207e-02, 1.037200000000000000e+04
5.314635154231895503e-02, 2.730200000000000000e+04
5.323276837409508105e-02, 3.853500000000000000e+04
5.331918520587120708e-02, 4.174000000000000000e+04
5.340560203764734004e-02, 3.609100000000000000e+04
5.349201886942346607e-02, 2.325500000000000000e+04
5.357843570119959209e-02, 5.547000000000000000e+03
5.366485253297572505e-02, 5.217400000000000000e+04
5.375126936475185108e-02, 3.607600000000000000e+04
5.383768619652797710e-02, 2.585900000000000000e+04
5.392410302830411006e-02, 2.395900000000000000e+04
5.401051986008023609e-02, 3.052200000000000000e+04
5.409693669185636211e-02, 4.412700000000000000e+04
5.418335352363249507e-02, 6.207600000000000000e+04
5.426977035540862110e-02, 1.537800000000000000e+04
5.435618718718474712e-02, 3.109800000000000000e+04
5.444260401896088009e-02, 4.024600000000000000e+04
5.452902085073700611e-02, 4.128300000000000000e+04
5.461543768251313213e-02, 3.367100000000000000e+04
5.470185451428926510e-02, 1.933100000000000000e+04
5.478827134606539112e-02, 9.680000000000000000e+02
5.487468817784152408e-02, 4.783600000000000000e+04
5.496110500961765011e-02, 3.278700000000000000e+04
5.504752184139377613e-02, 2.460700000000000000e+04
5.513393867316990909e-02, 2.512000000000000000e+04
5.522035550494603512e-02, 3.403900000000000000e+04
5.530677233672216114e-02, 4.909400000000000000e+04
5.539318916849829411e-02, 2.049000000000000000e+03
5.547960600027442013e-02, 2.015700000000000000e+04
5.556602283205054615e-02, 3.434600000000000000e+04
5.565243966382667912e-02, 4.140500000000000000e+04
5.573885649560280514e-02, 4.000300000000000000e+04
5.582527332737893117e-02, 3.048000000000000000e+04
5.591169015915506413e-02, 1.463500000000000000e+04
5.599810699093119015e-02, 6.118700000000000000e+04
5.608452382270731618e-02, 4.316700000000000000e+04
5.617094065448344914e-02, 2.973200000000000000e+04
5.625735748625957516e-02, 2.383100000000000000e+04
5.634377431803570119e-02, 2.639500000000000000e+04
5.643019114981183415e-02, 3.713500000000000000e+04
5.651660798158796017e-02, 5.330800000000000000e+04
5.660302481336408620e-02, 6.643000000000000000e+03
5.668944164514021916e-02, 2.423200000000000000e+04
5.677585847691634519e-02, 3.689300000000000000e+04
5.686227530869247121e-02, 4.181100000000000000e+04
5.694869214046860417e-02, 3.785600000000000000e+04
5.703510897224473020e-02, 2.631000000000000000e+04
5.712152580402085622e-02, 9.309000000000000000e+03
5.720794263579698918e-02, 5.583100000000000000e+04
5.729435946757311521e-02, 3.892700000000000000e+04
5.738077629934924123e-02, 2.760700000000000000e+04
5.746719313112537419e-02, 2.412400000000000000e+04
5.755360996290150022e-02, 2.885200000000000000e+04
5.764002679467762624e-02, 4.108400000000000000e+04
5.772644362645375921e-02, 5.834300000000000000e+04
5.781286045822988523e-02, 1.180000000000000000e+04
5.789927729000601125e-02, 2.839500000000000000e+04
5.798569412178214422e-02, 3.904000000000000000e+04
5.807211095355827024e-02, 4.179100000000000000e+04
5.815852778533439627e-02, 3.583300000000000000e+04
5.824494461711052923e-02, 2.263500000000000000e+04
5.833136144888665525e-02, 4.807000000000000000e+03
5.841777828066278128e-02, 5.138300000000000000e+04
5.850419511243891424e-02, 3.535300000000000000e+04
5.859061194421504026e-02, 2.555800000000000000e+04
5.867702877599116629e-02, 2.415200000000000000e+04
5.876344560776729925e-02, 3.122000000000000000e+04
5.884986243954342527e-02, 4.532300000000000000e+04
5.893627927131955130e-02, 6.355000000000000000e+04
5.902269610309568426e-02, 1.665700000000000000e+04
5.910911293487181029e-02, 3.187600000000000000e+04
5.919552976664793631e-02, 4.018200000000000000e+04
5.928194659842406927e-02, 4.059900000000000000e+04
5.936836343020019530e-02, 3.272900000000000000e+04
5.945478026197632826e-02, 1.808100000000000000e+04
5.954119709375245428e-02, 6.503300000000000000e+04
5.962761392552858031e-02, 4.649000000000000000e+04
5.971403075730471327e-02, 3.191200000000000000e+04
5.980044758908083929e-02, 2.432800000000000000e+04
5.988686442085696532e-02, 2.517500000000000000e+04
5.997328125263309828e-02, 3.447900000000000000e+04
6.005969808440922431e-02, 4.976700000000000000e+04
6.014611491618535033e-02, 2.823000000000000000e+03
6.023253174796148329e-02, 2.095900000000000000e+04
6.031894857973760932e-02, 3.493200000000000000e+04
6.040536541151373534e-02, 4.151100000000000000e+04
6.049178224328986830e-02, 3.963800000000000000e+04
6.057819907506599433e-02, 2.957300000000000000e+04
6.066461590684212035e-02, 1.328600000000000000e+04
6.075103273861825331e-02, 5.973200000000000000e+04
6.083744957039437934e-02, 4.203600000000000000e+04
6.092386640217050536e-02, 2.929600000000000000e+04
6.101028323394663833e-02, 2.418800000000000000e+04
6.109670006572276435e-02, 2.724100000000000000e+04
6.118311689749889037e-02, 3.815400000000000000e+04
6.126953372927502334e-02, 5.465800000000000000e+04
6.135595056105114936e-02, 8.105000000000000000e+03
6.144236739282727539e-02, 2.543100000000000000e+04
6.152878422460340835e-02, 3.751400000000000000e+04
6.161520105637953437e-02, 4.192900000000000000e+04
6.170161788815566040e-02, 3.768400000000000000e+04
6.178803471993179336e-02, 2.561000000000000000e+04
6.187445155170791938e-02, 8.137000000000000000e+03
6.196086838348404541e-02, 5.466200000000000000e+04
6.204728521526017837e-02, 3.795600000000000000e+04
6.213370204703630439e-02, 2.677000000000000000e+04
6.222011887881243042e-02, 2.374900000000000000e+04
6.230653571058856338e-02, 2.913300000000000000e+04
6.239295254236468941e-02, 4.205600000000000000e+04
6.247936937414081543e-02, 5.972500000000000000e+04
6.256578620591694839e-02, 1.311400000000000000e+04
6.265220303769307442e-02, 2.932500000000000000e+04
6.273861986946920044e-02, 3.912600000000000000e+04
6.282503670124532646e-02, 4.121200000000000000e+04
6.291145353302146637e-02, 3.491100000000000000e+04
6.299787036479759239e-02, 2.145900000000000000e+04
6.308428719657371841e-02, 3.370000000000000000e+03
6.317070402834984444e-02, 5.032900000000000000e+04
6.325712086012597046e-02, 3.481900000000000000e+04
6.334353769190209649e-02, 2.545500000000000000e+04
6.342995452367823639e-02, 2.444600000000000000e+04
6.351637135545436241e-02, 3.209100000000000000e+04
6.360278818723048844e-02, 4.666500000000000000e+04
6.368920501900661446e-02, 6.496800000000000000e+04
6.377562185078274049e-02, 1.784500000000000000e+04
6.386203868255886651e-02, 3.282400000000000000e+04
6.394845551433500641e-02, 4.090400000000000000e+04
6.403487234611113244e-02, 4.073600000000000000e+04
6.412128917788725846e-02, 3.215700000000000000e+04
6.420770600966338448e-02, 1.692100000000000000e+04
6.429412284143951051e-02, 6.396900000000000000e+04
6.438053967321563653e-02, 4.572600000000000000e+04
6.446695650499177643e-02, 3.139100000000000000e+04
6.455337333676790246e-02, 2.422100000000000000e+04
6.463979016854402848e-02, 2.563200000000000000e+04
6.472620700032015451e-02, 3.561800000000000000e+04
6.481262383209628053e-02, 5.144100000000000000e+04
6.489904066387240655e-02, 4.561000000000000000e+03
6.498545749564854646e-02, 2.237100000000000000e+04
6.507187432742467248e-02, 3.572500000000000000e+04
6.515829115920079850e-02, 4.172700000000000000e+04
6.524470799097692453e-02, 3.921300000000000000e+04
6.533112482275305055e-02, 2.855800000000000000e+04
6.541754165452917658e-02, 1.186100000000000000e+04
6.550395848630531648e-02, 5.839100000000000000e+04
6.559037531808144250e-02, 4.095700000000000000e+04
6.567679214985756853e-02, 2.839400000000000000e+04
6.576320898163369455e-02, 2.369700000000000000e+04
6.584962581340982057e-02, 2.736800000000000000e+04
6.593604264518594660e-02, 3.900200000000000000e+04
6.602245947696208650e-02, 5.582200000000000000e+04
6.610887630873821252e-02, 9.023000000000000000e+03
6.619529314051433855e-02, 2.610900000000000000e+04
6.628170997229046457e-02, 3.789900000000000000e+04
6.636812680406659060e-02, 4.183700000000000000e+04
6.645454363584271662e-02, 3.706300000000000000e+04
6.654096046761885652e-02, 2.477900000000000000e+04
6.662737729939498255e-02, 7.229000000000000000e+03
6.671379413117110857e-02, 5.390000000000000000e+04
6.680021096294723459e-02, 3.754600000000000000e+04
6.688662779472336062e-02, 2.668100000000000000e+04
6.697304462649950052e-02, 2.397200000000000000e+04
6.705946145827562654e-02, 2.991000000000000000e+04
6.714587829005175257e-02, 4.331600000000000000e+04
6.723229512182787859e-02, 6.115400000000000000e+04
6.731871195360400462e-02, 1.434400000000000000e+04
6.740512878538013064e-02, 3.030400000000000000e+04
6.749154561715627054e-02, 3.992300000000000000e+04
6.757796244893239657e-02, 4.147300000000000000e+04
6.766437928070852259e-02, 3.448600000000000000e+04
6.775079611248464861e-02, 2.037000000000000000e+04
6.783721294426077464e-02, 2.247000000000000000e+03
6.792362977603690066e-02, 4.916700000000000000e+04
6.801004660781304056e-02, 3.380400000000000000e+04
6.809646343958916659e-02, 2.495900000000000000e+04
6.818288027136529261e-02, 2.464700000000000000e+04
6.826929710314141864e-02, 3.304800000000000000e+04
6.835571393491754466e-02, 4.795500000000000000e+04
6.844213076669367068e-02, 6.920000000000000000e+02
6.852854759846981059e-02, 1.863500000000000000e+04
6.861496443024593661e-02, 3.316500000000000000e+04
6.870138126202206263e-02, 4.090900000000000000e+04
6.878779809379818866e-02, 4.030400000000000000e+04
6.887421492557431468e-02, 3.120000000000000000e+04
6.896063175735044071e-02, 1.548500000000000000e+04
6.904704858912658061e-02, 6.219200000000000000e+04
6.913346542090270663e-02, 4.415200000000000000e+04
6.921988225267883266e-02, 3.035600000000000000e+04
6.930629908445495868e-02, 2.395800000000000000e+04
6.939271591623108471e-02, 2.593600000000000000e+04
6.947913274800721073e-02, 3.617400000000000000e+04
6.956554957978335063e-02, 5.230400000000000000e+04
6.965196641155947666e-02, 5.713000000000000000e+03
6.973838324333560268e-02, 2.338500000000000000e+04
6.982480007511172870e-02, 3.636100000000000000e+04
6.991121690688785473e-02, 4.183500000000000000e+04
6.999763373866398075e-02, 3.867500000000000000e+04
7.008405057044012065e-02, 2.737900000000000000e+04
7.017046740221624668e-02, 1.054900000000000000e+04
7.025688423399237270e-02, 5.711600000000000000e+04
7.034330106576849873e-02, 3.990200000000000000e+04
7.042971789754462475e-02, 2.782600000000000000e+04
7.051613472932075077e-02, 2.363700000000000000e+04
7.060255156109689068e-02, 2.795000000000000000e+04
7.068896839287301670e-02, 4.013000000000000000e+04
7.077538522464914272e-02, 5.739800000000000000e+04
7.086180205642526875e-02, 1.075500000000000000e+04
7.094821888820139477e-02, 2.750900000000000000e+04
7.103463571997752080e-02, 3.862400000000000000e+04
7.112105255175366070e-02, 4.185600000000000000e+04
7.120746938352978672e-02, 3.653200000000000000e+04
7.129388621530591275e-02, 2.366400000000000000e+04
7.138030304708203877e-02, 5.794000000000000000e+03
7.146671987885816479e-02, 5.227500000000000000e+04
7.155313671063430470e-02, 3.611600000000000000e+04
7.163955354241043072e-02, 2.587700000000000000e+04
7.172597037418655674e-02, 2.395500000000000000e+04
7.181238720596268277e-02, 3.053200000000000000e+04
7.189880403773880879e-02, 4.412500000000000000e+04
7.198522086951493482e-02, 6.206300000000000000e+04
7.207163770129107472e-02, 1.503400000000000000e+04
7.215805453306720074e-02, 3.064300000000000000e+04
7.224447136484332677e-02, 3.995200000000000000e+04
7.233088819661945279e-02, 4.114400000000000000e+04
7.241730502839557881e-02, 3.361600000000000000e+04
7.250372186017170484e-02, 1.928000000000000000e+04
7.259013869194784474e-02, 9.650000000000000000e+02
7.267655552372397076e-02, 4.784900000000000000e+04
7.276297235550009679e-02, 3.279700000000000000e+04
7.284938918727622281e-02, 2.461200000000000000e+04
7.293580601905234884e-02, 2.487600000000000000e+04
7.302222285082847486e-02, 3.357700000000000000e+04
7.310863968260461476e-02, 4.875000000000000000e+04
7.319505651438074079e-02, 1.869000000000000000e+03
7.328147334615686681e-02, 2.009200000000000000e+04
7.336789017793299283e-02, 3.431200000000000000e+04
7.345430700970911886e-02, 4.139900000000000000e+04
7.354072384148524488e-02, 4.000700000000000000e+04
7.362714067326138478e-02, 3.015900000000000000e+04
7.371355750503751081e-02, 1.418500000000000000e+04
7.379997433681363683e-02, 6.090600000000000000e+04
7.388639116858976286e-02, 4.303100000000000000e+04
7.397280800036588888e-02, 2.966900000000000000e+04
7.405922483214201490e-02, 2.380400000000000000e+04
7.414564166391815481e-02, 2.638500000000000000e+04
7.423205849569428083e-02, 3.719500000000000000e+04
7.431847532747040685e-02, 5.372600000000000000e+04
7.440489215924653288e-02, 7.058000000000000000e+03
7.449130899102265890e-02, 2.447100000000000000e+04
7.457772582279878493e-02, 3.699900000000000000e+04
7.466414265457492483e-02, 4.187800000000000000e+04
7.475055948635105085e-02, 3.825700000000000000e+04
7.483697631812717688e-02, 2.674900000000000000e+04
7.492339314990330290e-02, 9.591000000000000000e+03
7.500980998167942893e-02, 5.595500000000000000e+04
7.509622681345555495e-02, 3.896400000000000000e+04
7.518264364523169485e-02, 2.728700000000000000e+04
7.526906047700782088e-02, 2.367300000000000000e+04
7.535547730878394690e-02, 2.864400000000000000e+04
7.544189414056007292e-02, 4.137500000000000000e+04
7.552831097233619895e-02, 5.869200000000000000e+04
7.561472780411232497e-02, 1.199200000000000000e+04
7.570114463588846487e-02, 2.848900000000000000e+04
7.578756146766459090e-02, 3.908300000000000000e+04
7.587397829944071692e-02, 4.180900000000000000e+04
7.596039513121684295e-02, 3.583900000000000000e+04
7.604681196299296897e-02, 2.260300000000000000e+04
7.613322879476910887e-02, 4.805000000000000000e+03
7.621964562654523490e-02, 5.139800000000000000e+04
7.630606245832136092e-02, 3.536500000000000000e+04
7.639247929009748694e-02, 2.556400000000000000e+04
7.647889612187361297e-02, 2.415500000000000000e+04
7.656531295364973899e-02, 3.122100000000000000e+04
7.665172978542587889e-02, 4.532200000000000000e+04
7.673814661720200492e-02, 6.353600000000000000e+04
7.682456344897813094e-02, 1.666000000000000000e+04
7.691098028075425697e-02, 3.197400000000000000e+04
7.699739711253038299e-02, 4.062100000000000000e+04
7.708381394430650901e-02, 4.100500000000000000e+04
7.717023077608264892e-02, 3.270600000000000000e+04
7.725664760785877494e-02, 1.771800000000000000e+04
7.734306443963490096e-02, 6.474500000000000000e+04
7.742948127141102699e-02, 4.634500000000000000e+04
7.751589810318715301e-02, 3.184300000000000000e+04
7.760231493496327904e-02, 2.429800000000000000e+04
7.768873176673941894e-02, 2.516300000000000000e+04
7.777514859851554496e-02, 3.449100000000000000e+04
7.786156543029167099e-02, 5.013500000000000000e+04
7.794798226206779701e-02, 3.265000000000000000e+03
7.803439909384392303e-02, 2.123300000000000000e+04
7.812081592562004906e-02, 3.505900000000000000e+04
7.820723275739618896e-02, 4.156000000000000000e+04
7.829364958917231498e-02, 3.937700000000000000e+04
7.838006642094844101e-02, 2.911800000000000000e+04
7.846648325272456703e-02, 1.297900000000000000e+04
7.855290008450069306e-02, 5.958200000000000000e+04
7.863931691627681908e-02, 4.196700000000000000e+04
7.872573374805295898e-02, 2.901200000000000000e+04
7.881215057982908501e-02, 2.371500000000000000e+04
7.889856741160521103e-02, 2.693500000000000000e+04
7.898498424338133705e-02, 3.837500000000000000e+04
7.907140107515746308e-02, 5.502300000000000000e+04
7.915781790693358910e-02, 8.326000000000000000e+03
7.924423473870972900e-02, 2.553900000000000000e+04
7.933065157048585503e-02, 3.756500000000000000e+04
7.941706840226198105e-02, 4.195000000000000000e+04
7.950348523403810708e-02, 3.769200000000000000e+04
7.958990206581423310e-02, 2.562700000000000000e+04
7.967631889759035912e-02, 8.144000000000000000e+03
7.976273572936649903e-02, 5.465600000000000000e+04
7.984915256114262505e-02, 3.794900000000000000e+04
7.993556939291875107e-02, 2.676700000000000000e+04
8.002198622469487710e-02, 2.379400000000000000e+04
8.010840305647100312e-02, 2.953900000000000000e+04
8.019481988824712915e-02, 4.248000000000000000e+04
8.028123672002326905e-02, 5.995800000000000000e+04
8.036765355179939507e-02, 1.322600000000000000e+04
8.045407038357552110e-02, 2.940600000000000000e+04
8.054048721535164712e-02, 3.953900000000000000e+04
8.062690404712777315e-02, 4.165100000000000000e+04
8.071332087890389917e-02, 3.514100000000000000e+04
8.079973771068003907e-02, 2.157100000000000000e+04
8.088615454245616510e-02, 3.426000000000000000e+03
8.097257137423229112e-02, 5.002000000000000000e+04
8.105898820600841714e-02, 3.438000000000000000e+04
8.114540503778454317e-02, 2.524700000000000000e+04
8.123182186956068307e-02, 2.473900000000000000e+04
8.131823870133680909e-02, 3.244500000000000000e+04
8.140465553311293512e-02, 4.662300000000000000e+04
8.149107236488906114e-02, 6.460100000000000000e+04
8.157748919666518717e-02, 1.754800000000000000e+04
8.166390602844131319e-02, 3.267000000000000000e+04
8.175032286021745309e-02, 4.084000000000000000e+04
8.183673969199357912e-02, 4.051700000000000000e+04
8.192315652376970514e-02, 3.168900000000000000e+04
8.200957335554583116e-02, 1.654300000000000000e+04
8.209599018732195719e-02, 6.341000000000000000e+04
8.218240701909808321e-02, 4.520800000000000000e+04
8.226882385087422311e-02, 3.109000000000000000e+04
8.235524068265034914e-02, 2.408600000000000000e+04
8.244165751442647516e-02, 2.557900000000000000e+04
8.252807434620260119e-02, 3.528800000000000000e+04
8.261449117797872721e-02, 5.097900000000000000e+04
8.270090800975485323e-02, 4.240000000000000000e+03
8.278732484153099314e-02, 2.221700000000000000e+04
8.287374167330711916e-02, 3.567200000000000000e+04
8.296015850508324518e-02, 4.147100000000000000e+04
8.304657533685937121e-02, 3.874700000000000000e+04
8.313299216863549723e-02, 2.822900000000000000e+04
8.321940900041162326e-02, 1.170100000000000000e+04
8.330582583218776316e-02, 5.831700000000000000e+04
8.339224266396388918e-02, 4.092500000000000000e+04
8.347865949574001521e-02, 2.838200000000000000e+04
8.356507632751614123e-02, 2.370100000000000000e+04
8.365149315929226725e-02, 2.771700000000000000e+04
8.373790999106839328e-02, 3.944900000000000000e+04
8.382432682284453318e-02, 5.613900000000000000e+04
8.391074365462065920e-02, 9.166000000000000000e+03
8.399716048639678523e-02, 2.614800000000000000e+04
8.408357731817291125e-02, 3.790500000000000000e+04
8.416999414994903728e-02, 4.183600000000000000e+04
8.425641098172516330e-02, 3.703600000000000000e+04
8.434282781350130320e-02, 2.476400000000000000e+04
8.442924464527742923e-02, 7.241000000000000000e+03
8.451566147705355525e-02, 5.365200000000000000e+04
8.460207830882968127e-02, 3.709100000000000000e+04
8.468849514060580730e-02, 2.637900000000000000e+04
8.477491197238193332e-02, 2.419400000000000000e+04
8.486132880415807322e-02, 3.028000000000000000e+04
8.494774563593419925e-02, 4.338800000000000000e+04
8.503416246771032527e-02, 6.081000000000000000e+04
8.512057929948645130e-02, 1.401900000000000000e+04
8.520699613126257732e-02, 3.012500000000000000e+04
8.529341296303870334e-02, 3.984600000000000000e+04
8.537982979481484325e-02, 4.142900000000000000e+04
8.546624662659096927e-02, 3.447100000000000000e+04
8.555266345836709529e-02, 2.037300000000000000e+04
8.563908029014322132e-02, 2.221000000000000000e+03
8.572549712191934734e-02, 4.917400000000000000e+04
8.581191395369548724e-02, 3.382000000000000000e+04
8.589833078547161327e-02, 2.497000000000000000e+04
8.598474761724773929e-02, 2.465200000000000000e+04
8.607116444902386532e-02, 3.281700000000000000e+04
8.615758128079999134e-02, 4.749400000000000000e+04
8.624399811257611737e-02, 3.770000000000000000e+02
8.633041494435225727e-02, 1.884800000000000000e+04
8.641683177612838329e-02, 3.352800000000000000e+04
8.650324860790450932e-02, 4.113000000000000000e+04
8.658966543968063534e-02, 4.041200000000000000e+04
8.667608227145676136e-02, 3.125500000000000000e+04
8.676249910323288739e-02, 1.583600000000000000e+04
8.684891593500902729e-02, 6.265300000000000000e+04
8.693533276678515331e-02, 4.445100000000000000e+04
8.702174959856127934e-02, 3.049700000000000000e+04
8.710816643033740536e-02, 2.401400000000000000e+04
8.719458326211353139e-02, 2.597200000000000000e+04
8.728100009388965741e-02, 3.617900000000000000e+04
8.736741692566579731e-02, 5.225600000000000000e+04
8.745383375744192334e-02, 5.304000000000000000e+03
8.754025058921804936e-02, 2.295700000000000000e+04
8.762666742099417538e-02, 3.610800000000000000e+04
8.771308425277030141e-02, 4.172200000000000000e+04
8.779950108454642743e-02, 3.864600000000000000e+04
8.788591791632256733e-02, 2.773000000000000000e+04
8.797233474809869336e-02, 1.098700000000000000e+04
8.805875157987481938e-02, 5.739100000000000000e+04
8.814516841165094541e-02, 4.003000000000000000e+04
8.823158524342707143e-02, 2.787700000000000000e+04
8.831800207520319745e-02, 2.366900000000000000e+04
8.840441890697933736e-02, 2.795300000000000000e+04
8.849083573875546338e-02, 4.003400000000000000e+04
8.857725257053158940e-02, 5.696000000000000000e+04
8.866366940230771543e-02, 1.034900000000000000e+04
8.875008623408384145e-02, 2.728200000000000000e+04
8.883650306585996748e-02, 3.852500000000000000e+04
8.892291989763610738e-02, 4.180800000000000000e+04
8.900933672941223340e-02, 3.651000000000000000e+04
8.909575356118835943e-02, 2.366600000000000000e+04
8.918217039296448545e-02, 5.817000000000000000e+03
8.926858722474061147e-02, 5.228100000000000000e+04
8.935500405651673750e-02, 3.611100000000000000e+04
8.944142088829287740e-02, 2.587100000000000000e+04
8.952783772006900342e-02, 2.395200000000000000e+04
8.961425455184512945e-02, 3.066400000000000000e+04
8.970067138362125547e-02, 4.457300000000000000e+04
8.978708821539738150e-02, 6.245000000000000000e+04
8.987350504717350752e-02, 1.556600000000000000e+04
8.995992187894964742e-02, 3.118700000000000000e+04
9.004633871072577345e-02, 4.027200000000000000e+04
9.013275554250189947e-02, 4.129100000000000000e+04
9.021917237427802549e-02, 3.368200000000000000e+04
9.030558920605415152e-02, 1.929200000000000000e+04
9.039200603783029142e-02, 9.760000000000000000e+02
9.047842286960641744e-02, 4.788100000000000000e+04
9.056483970138254347e-02, 3.318200000000000000e+04
9.065125653315866949e-02, 2.505300000000000000e+04
9.073767336493479552e-02, 2.516300000000000000e+04
9.082409019671092154e-02, 3.370300000000000000e+04
9.091050702848706144e-02, 4.878800000000000000e+04
9.099692386026318747e-02, 1.866000000000000000e+03
9.108334069203931349e-02, 2.009800000000000000e+04
9.116975752381543951e-02, 3.431900000000000000e+04
9.125617435559156554e-02, 4.140300000000000000e+04
9.134259118736769156e-02, 4.001000000000000000e+04
9.142900801914383146e-02, 3.045700000000000000e+04
9.151542485091995749e-02, 1.464300000000000000e+04
9.160184168269608351e-02, 6.121800000000000000e+04
9.168825851447220954e-02, 4.318300000000000000e+04
9.177467534624833556e-02, 2.973000000000000000e+04
9.186109217802446159e-02, 2.384300000000000000e+04
9.194750900980060149e-02, 2.639300000000000000e+04
9.203392584157672751e-02, 3.717400000000000000e+04
9.212034267335285354e-02, 5.369900000000000000e+04
9.220675950512897956e-02, 7.065000000000000000e+03
9.229317633690510558e-02, 2.448500000000000000e+04
9.237959316868123161e-02, 3.700700000000000000e+04
9.246601000045737151e-02, 4.187800000000000000e+04
9.255242683223349753e-02, 3.824500000000000000e+04
9.263884366400962356e-02, 2.675300000000000000e+04
9.272526049578574958e-02, 9.613000000000000000e+03
9.281167732756187561e-02, 5.596600000000000000e+04
9.289809415933800163e-02, 3.895900000000000000e+04
9.298451099111414153e-02, 2.728100000000000000e+04
9.307092782289026756e-02, 2.367000000000000000e+04
9.315734465466639358e-02, 2.859300000000000000e+04
9.324376148644251960e-02, 4.096700000000000000e+04
9.333017831821864563e-02, 5.826900000000000000e+04
9.341659514999477165e-02, 1.174400000000000000e+04
9.350301198177091155e-02, 2.837700000000000000e+04
9.358942881354703758e-02, 3.903300000000000000e+04
9.367584564532316360e-02, 4.178300000000000000e+04
9.376226247709928963e-02, 3.583900000000000000e+04
9.384867930887541565e-02, 2.245600000000000000e+04
9.393509614065154167e-02, 4.356000000000000000e+03
9.402151297242768158e-02, 5.102400000000000000e+04
9.410792980420380760e-02, 3.547700000000000000e+04
9.419434663597993362e-02, 2.593500000000000000e+04
9.428076346775605965e-02, 2.444400000000000000e+04
9.436718029953218567e-02, 3.136300000000000000e+04
9.445359713130831170e-02, 4.537100000000000000e+04
9.454001396308445160e-02, 6.353300000000000000e+04
9.462643079486057762e-02, 1.666400000000000000e+04
9.471284762663670365e-02, 3.198200000000000000e+04
9.479926445841282967e-02, 4.062600000000000000e+04
9.488568129018895569e-02, 4.100700000000000000e+04
9.497209812196508172e-02, 3.274100000000000000e+04
9.505851495374122162e-02, 1.772100000000000000e+04
9.514493178551734764e-02, 6.473100000000000000e+04
9.523134861729347367e-02, 4.633300000000000000e+04
9.531776544906959969e-02, 3.183700000000000000e+04
9.540418228084572572e-02, 2.431200000000000000e+04
9.549059911262186562e-02, 2.516600000000000000e+04
9.557701594439799164e-02, 3.448100000000000000e+04
9.566343277617411767e-02, 5.010000000000000000e+04
9.574984960795024369e-02, 3.267000000000000000e+03
9.583626643972636971e-02, 2.124600000000000000e+04
9.592268327150249574e-02, 3.506800000000000000e+04
9.600910010327863564e-02, 4.156500000000000000e+04
9.609551693505476166e-02, 3.964100000000000000e+04
9.618193376683088769e-02, 2.958000000000000000e+04
9.626835059860701371e-02, 1.331900000000000000e+04
9.635476743038313974e-02, 5.975500000000000000e+04
9.644118426215926576e-02, 4.202800000000000000e+04
9.652760109393540566e-02, 2.902900000000000000e+04
9.661401792571153169e-02, 2.371800000000000000e+04
9.670043475748765771e-02, 2.692500000000000000e+04
9.678685158926378374e-02, 3.802200000000000000e+04
9.687326842103990976e-02, 5.457700000000000000e+04
9.695968525281603578e-02, 8.042000000000000000e+03
9.704610208459217568e-02, 2.540700000000000000e+04
9.713251891636830171e-02, 3.751200000000000000e+04
9.721893574814442773e-02, 4.191800000000000000e+04
9.730535257992055376e-02, 3.768900000000000000e+04
9.739176941169667978e-02, 2.564600000000000000e+04
9.747818624347280581e-02, 8.156000000000000000e+03
9.756460307524894571e-02, 5.465200000000000000e+04
9.765101990702507173e-02, 3.817600000000000000e+04
9.773743673880119776e-02, 2.722600000000000000e+04
9.782385357057732378e-02, 2.409900000000000000e+04
9.791027040235344980e-02, 2.931400000000000000e+04
9.799668723412957583e-02, 4.212200000000000000e+04
9.808310406590571573e-02, 5.971000000000000000e+04
9.816952089768184175e-02, 1.311600000000000000e+04
9.825593772945796778e-02, 2.937100000000000000e+04
9.834235456123409380e-02, 3.953000000000000000e+04
9.842877139301021983e-02, 4.165000000000000000e+04
9.851518822478634585e-02, 3.503900000000000000e+04
9.860160505656248575e-02, 2.113200000000000000e+04
9.868802188833861178e-02, 3.027000000000000000e+03
9.877443872011473780e-02, 4.979900000000000000e+04
9.886085555189086382e-02, 3.428300000000000000e+04
9.894727238366698985e-02, 2.514400000000000000e+04
9.903368921544311587e-02, 2.430500000000000000e+04
9.912010604721925577e-02, 3.202700000000000000e+04
9.920652287899538180e-02, 4.660500000000000000e+04
9.929293971077150782e-02, 6.495800000000000000e+04
9.937935654254763385e-02, 1.784200000000000000e+04
9.946577337432375987e-02, 3.246700000000000000e+04
9.955219020609988589e-02, 4.046600000000000000e+04
9.963860703787602580e-02, 4.030000000000000000e+04
9.972502386965215182e-02, 3.157600000000000000e+04
9.981144070142827784e-02, 1.648500000000000000e+04
9.989785753320440387e-02, 6.339500000000000000e+04
9.998427436498052989e-02, 4.519300000000000000e+04
1.000706911967566698e-01, 3.107900000000000000e+04
1.001571080285327958e-01, 2.408000000000000000e+04
1.002435248603089218e-01, 2.557600000000000000e+04
1.003299416920850479e-01, 3.530300000000000000e+04
1.004163585238611739e-01, 5.097700000000000000e+04
1.005027753556372999e-01, 4.232000000000000000e+03
1.005891921874134398e-01, 2.221200000000000000e+04
1.006756090191895658e-01, 3.567000000000000000e+04
1.007620258509656919e-01, 4.169500000000000000e+04
1.008484426827418179e-01, 3.920900000000000000e+04
1.009348595145179439e-01, 2.858200000000000000e+04
1.010212763462940699e-01, 1.188800000000000000e+04
1.011076931780702098e-01, 5.838400000000000000e+04
1.011941100098463359e-01, 4.096000000000000000e+04
1.012805268416224619e-01, 2.839000000000000000e+04
1.013669436733985879e-01, 2.369100000000000000e+04
1.014533605051747139e-01, 2.768300000000000000e+04
1.015397773369508400e-01, 3.945200000000000000e+04
1.016261941687269799e-01, 5.624600000000000000e+04
1.017126110005031059e-01, 9.611000000000000000e+03
1.017990278322792319e-01, 2.655400000000000000e+04
1.018854446640553579e-01, 3.789300000000000000e+04
1.019718614958314840e-01, 4.147200000000000000e+04
1.020582783276076100e-01, 3.672300000000000000e+04
1.021446951593837499e-01, 2.459500000000000000e+04
1.022311119911598759e-01, 7.180000000000000000e+03
1.023175288229360019e-01, 5.381300000000000000e+04
1.024039456547121280e-01, 3.754600000000000000e+04
1.024903624864882540e-01, 2.672700000000000000e+04
1.025767793182643800e-01, 2.401300000000000000e+04
1.026631961500405199e-01, 2.992000000000000000e+04
1.027496129818166459e-01, 4.328200000000000000e+04
1.028360298135927720e-01, 6.114400000000000000e+04
1.029224466453688980e-01, 1.435700000000000000e+04
1.030088634771450240e-01, 3.001800000000000000e+04
1.030952803089211500e-01, 3.947100000000000000e+04
1.031816971406972899e-01, 4.107800000000000000e+04
1.032681139724734160e-01, 3.390600000000000000e+04
1.033545308042495420e-01, 1.990300000000000000e+04
1.034409476360256680e-01, 1.706000000000000000e+03
1.035273644678017940e-01, 4.860100000000000000e+04
1.036137812995779200e-01, 3.344700000000000000e+04
1.037001981313540599e-01, 2.479100000000000000e+04
1.037866149631301860e-01, 2.458000000000000000e+04
1.038730317949063120e-01, 3.280900000000000000e+04
1.039594486266824380e-01, 4.748700000000000000e+04
1.040458654584585640e-01, 3.630000000000000000e+02
1.041322822902346901e-01, 1.850400000000000000e+04
1.042186991220108300e-01, 3.307400000000000000e+04
1.043051159537869560e-01, 4.083600000000000000e+04
1.043915327855630820e-01, 4.027300000000000000e+04
1.044779496173392080e-01, 3.120000000000000000e+04
1.045643664491153341e-01, 1.551600000000000000e+04
1.046507832808914740e-01, 6.218800000000000000e+04
1.047372001126676000e-01, 4.415100000000000000e+04
1.048236169444437260e-01, 3.035400000000000000e+04
1.049100337762198520e-01, 2.394800000000000000e+04
1.049964506079959781e-01, 2.596000000000000000e+04
1.050828674397721041e-01, 3.616900000000000000e+04
1.051692842715482440e-01, 5.227800000000000000e+04
1.052557011033243700e-01, 5.692000000000000000e+03
1.053421179351004960e-01, 2.338500000000000000e+04
1.054285347668766221e-01, 3.621300000000000000e+04
1.055149515986527481e-01, 4.138500000000000000e+04
1.056013684304288741e-01, 3.831200000000000000e+04
1.056877852622050140e-01, 2.753200000000000000e+04
1.057742020939811400e-01, 1.091000000000000000e+04
1.058606189257572661e-01, 5.746600000000000000e+04
1.059470357575333921e-01, 4.046100000000000000e+04
1.060334525893095181e-01, 2.827600000000000000e+04
1.061198694210856441e-01, 2.389200000000000000e+04
1.062062862528617840e-01, 2.805000000000000000e+04
1.062927030846379101e-01, 4.009400000000000000e+04
1.063791199164140361e-01, 5.699000000000000000e+04
1.064655367481901621e-01, 1.034200000000000000e+04
1.065519535799662881e-01, 2.725300000000000000e+04
1.066383704117424142e-01, 3.851600000000000000e+04
1.067247872435185541e-01, 4.180600000000000000e+04
1.068112040752946801e-01, 3.650300000000000000e+04
1.068976209070708061e-01, 2.367200000000000000e+04
1.069840377388469321e-01, 5.825000000000000000e+03
1.070704545706230582e-01, 5.228600000000000000e+04
1.071568714023991842e-01, 3.611300000000000000e+04
1.072432882341753241e-01, 2.587200000000000000e+04
1.073297050659514501e-01, 2.395200000000000000e+04
1.074161218977275761e-01, 3.063500000000000000e+04
1.075025387295037022e-01, 4.455900000000000000e+04
1.075889555612798282e-01, 6.246200000000000000e+04
1.076753723930559542e-01, 1.556300000000000000e+04
1.077617892248320941e-01, 3.119500000000000000e+04
1.078482060566082201e-01, 4.028300000000000000e+04
1.079346228883843462e-01, 4.129700000000000000e+04
1.080210397201604722e-01, 3.368500000000000000e+04
1.081074565519365982e-01, 1.925900000000000000e+04
1.081938733837127242e-01, 9.740000000000000000e+02
1.082802902154888641e-01, 4.788100000000000000e+04
1.083667070472649901e-01, 3.282700000000000000e+04
1.084531238790411162e-01, 2.461600000000000000e+04
1.085395407108172422e-01, 2.490500000000000000e+04
1.086259575425933682e-01, 3.358000000000000000e+04
1.087123743743694942e-01, 4.873100000000000000e+04
1.087987912061456341e-01, 1.843000000000000000e+03
1.088852080379217602e-01, 2.009000000000000000e+04
1.089716248696978862e-01, 3.430300000000000000e+04
1.090580417014740122e-01, 4.139500000000000000e+04
1.091444585332501382e-01, 4.001500000000000000e+04
1.092308753650262643e-01, 3.021500000000000000e+04
1.093172921968024042e-01, 1.418500000000000000e+04
1.094037090285785302e-01, 6.089400000000000000e+04
1.094901258603546562e-01, 4.302600000000000000e+04
1.095765426921307822e-01, 2.965700000000000000e+04
1.096629595239069083e-01, 2.381100000000000000e+04
1.097493763556830482e-01, 2.638000000000000000e+04
1.098357931874591742e-01, 3.716400000000000000e+04
1.099222100192353002e-01, 5.335300000000000000e+04
1.100086268510114262e-01, 6.615000000000000000e+03
1.100950436827875523e-01, 2.418000000000000000e+04
1.101814605145636783e-01, 3.686600000000000000e+04
1.102678773463398182e-01, 4.183000000000000000e+04
1.103542941781159442e-01, 3.821700000000000000e+04
1.104407110098920702e-01, 2.675300000000000000e+04
1.105271278416681963e-01, 9.674000000000000000e+03
1.106135446734443223e-01, 5.638400000000000000e+04
1.106999615052204483e-01, 3.938200000000000000e+04
1.107863783369965882e-01, 2.774700000000000000e+04
1.108727951687727142e-01, 2.424200000000000000e+04
1.109592120005488403e-01, 2.900300000000000000e+04
1.110456288323249663e-01, 4.153600000000000000e+04
1.111320456641010923e-01, 5.878500000000000000e+04
1.112184624958772183e-01, 1.202400000000000000e+04
1.113048793276533582e-01, 2.850700000000000000e+04
1.113912961594294843e-01, 3.909100000000000000e+04
1.114777129912056103e-01, 4.180700000000000000e+04
1.115641298229817363e-01, 3.584800000000000000e+04
1.116505466547578623e-01, 2.256400000000000000e+04
1.117369634865339884e-01, 4.797000000000000000e+03
1.118233803183101283e-01, 5.142100000000000000e+04
1.119097971500862543e-01, 3.539900000000000000e+04
1.119962139818623803e-01, 2.557200000000000000e+04
1.120826308136385063e-01, 2.417900000000000000e+04
1.121690476454146324e-01, 3.123100000000000000e+04
1.122554644771907584e-01, 4.530800000000000000e+04
1.123418813089668983e-01, 6.329800000000000000e+04
1.124282981407430243e-01, 1.619200000000000000e+04
1.125147149725191503e-01, 3.161800000000000000e+04
1.126011318042952764e-01, 4.043200000000000000e+04
1.126875486360714024e-01, 4.093600000000000000e+04
1.127739654678475284e-01, 3.273700000000000000e+04
1.128603822996236683e-01, 1.772000000000000000e+04
1.129467991313997943e-01, 6.472500000000000000e+04
1.130332159631759203e-01, 4.634100000000000000e+04
1.131196327949520464e-01, 3.183000000000000000e+04
1.132060496267281724e-01, 2.438300000000000000e+04
1.132924664585042984e-01, 2.559000000000000000e+04
1.133788832902804383e-01, 3.488700000000000000e+04
1.134653001220565643e-01, 5.031400000000000000e+04
1.135517169538326904e-01, 3.368000000000000000e+03
1.136381337856088164e-01, 2.128000000000000000e+04
1.137245506173849424e-01, 3.507800000000000000e+04
1.138109674491610684e-01, 4.157700000000000000e+04
1.138973842809372083e-01, 3.963300000000000000e+04
1.139838011127133344e-01, 2.958400000000000000e+04
1.140702179444894604e-01, 1.333900000000000000e+04
1.141566347762655864e-01, 6.012200000000000000e+04
1.142430516080417124e-01, 4.247500000000000000e+04
1.143294684398178523e-01, 2.944700000000000000e+04
1.144158852715939784e-01, 2.429900000000000000e+04
1.145023021033701044e-01, 2.736000000000000000e+04
1.145887189351462304e-01, 3.855900000000000000e+04
1.146751357669223564e-01, 5.512700000000000000e+04
1.147615525986984825e-01, 8.368000000000000000e+03
1.148479694304746224e-01, 2.555800000000000000e+04
1.149343862622507484e-01, 3.758000000000000000e+04
1.150208030940268744e-01, 4.170400000000000000e+04
1.151072199258030004e-01, 3.723700000000000000e+04
1.151936367575791265e-01, 2.532100000000000000e+04
1.152800535893552525e-01, 7.997000000000000000e+03
1.153664704211313924e-01, 5.457700000000000000e+04
1.154528872529075184e-01, 3.792800000000000000e+04
1.155393040846836444e-01, 2.675100000000000000e+04
1.156257209164597705e-01, 2.375100000000000000e+04
1.157121377482358965e-01, 2.914600000000000000e+04
1.157985545800120225e-01, 4.204300000000000000e+04
1.158849714117881624e-01, 5.955100000000000000e+04
1.159713882435642884e-01, 1.265600000000000000e+04
1.160578050753404145e-01, 2.897700000000000000e+04
1.161442219071165405e-01, 3.930200000000000000e+04
1.162306387388926665e-01, 4.156100000000000000e+04
1.163170555706687925e-01, 3.508600000000000000e+04
1.164034724024449324e-01, 2.155000000000000000e+04
1.164898892342210585e-01, 3.437000000000000000e+03
1.165763060659971845e-01, 5.004900000000000000e+04
1.166627228977733105e-01, 3.438600000000000000e+04
1.167491397295494365e-01, 2.520000000000000000e+04
1.168355565613255626e-01, 2.469700000000000000e+04
1.169219733931017025e-01, 3.246400000000000000e+04
1.170083902248778285e-01, 4.685300000000000000e+04
1.170948070566539545e-01, 6.507700000000000000e+04
1.171812238884300805e-01, 1.790500000000000000e+04
1.172676407202062066e-01, 3.284300000000000000e+04
1.173540575519823326e-01, 4.092100000000000000e+04
1.174404743837584725e-01, 4.071500000000000000e+04
1.175268912155345985e-01, 3.215700000000000000e+04
1.176133080473107245e-01, 1.692400000000000000e+04
1.176997248790868505e-01, 6.363900000000000000e+04
1.177861417108629766e-01, 4.528700000000000000e+04
1.178725585426391026e-01, 3.111900000000000000e+04
1.179589753744152425e-01, 2.409500000000000000e+04
1.180453922061913685e-01, 2.557100000000000000e+04
1.181318090379674945e-01, 3.552900000000000000e+04
1.182182258697436206e-01, 5.143600000000000000e+04
1.183046427015197466e-01, 4.564000000000000000e+03
1.183910595332958726e-01, 2.237400000000000000e+04
1.184774763650720125e-01, 3.574600000000000000e+04
1.185638931968481385e-01, 4.157000000000000000e+04
1.186503100286242646e-01, 3.876700000000000000e+04
1.187367268604003906e-01, 2.821400000000000000e+04
1.188231436921765166e-01, 1.170400000000000000e+04
1.189095605239526565e-01, 5.829700000000000000e+04
1.189959773557287825e-01, 4.092200000000000000e+04
1.190823941875049086e-01, 2.837500000000000000e+04
1.191688110192810346e-01, 2.368500000000000000e+04
1.192552278510571606e-01, 2.764900000000000000e+04
1.193416446828332866e-01, 3.945400000000000000e+04
1.194280615146094265e-01, 5.625000000000000000e+04
1.195144783463855526e-01, 9.613000000000000000e+03
1.196008951781616786e-01, 2.656500000000000000e+04
1.196873120099378046e-01, 3.812300000000000000e+04
1.197737288417139306e-01, 4.193900000000000000e+04
1.198601456734900567e-01, 3.706600000000000000e+04
1.199465625052661966e-01, 2.476100000000000000e+04
1.200329793370423226e-01, 7.258000000000000000e+03
1.201193961688184486e-01, 5.368500000000000000e+04
1.202058130005945746e-01, 3.710300000000000000e+04
1.202922298323707007e-01, 2.636000000000000000e+04
1.203786466641468267e-01, 2.383200000000000000e+04
1.204650634959229666e-01, 2.983400000000000000e+04
1.205514803276990926e-01, 4.322900000000000000e+04
1.206378971594752186e-01, 6.112300000000000000e+04
1.207243139912513447e-01, 1.435800000000000000e+04
1.208107308230274707e-01, 3.030500000000000000e+04
1.208971476548035967e-01, 3.993400000000000000e+04
1.209835644865797366e-01, 4.142100000000000000e+04
1.210699813183558626e-01, 3.408200000000000000e+04
1.211563981501319887e-01, 1.995500000000000000e+04
1.212428149819081147e-01, 1.732000000000000000e+03
1.213292318136842407e-01, 4.860100000000000000e+04
1.214156486454603667e-01, 3.344400000000000000e+04
1.215020654772365066e-01, 2.479700000000000000e+04
1.215884823090126327e-01, 2.457300000000000000e+04
1.216748991407887587e-01, 3.283200000000000000e+04
1.217613159725648847e-01, 4.749100000000000000e+04
1.218477328043410107e-01, 3.490000000000000000e+02
1.219341496361171368e-01, 1.881400000000000000e+04
1.220205664678932767e-01, 3.352100000000000000e+04
1.221069832996694027e-01, 4.112000000000000000e+04
1.221934001314455287e-01, 4.040800000000000000e+04
1.222798169632216547e-01, 3.126200000000000000e+04
1.223662337949977807e-01, 1.555900000000000000e+04
1.224526506267739068e-01, 6.219800000000000000e+04
1.225390674585500467e-01, 4.414700000000000000e+04
1.226254842903261727e-01, 3.035000000000000000e+04
1.227119011221022987e-01, 2.394600000000000000e+04
1.227983179538784247e-01, 2.613800000000000000e+04
1.228847347856545508e-01, 3.662700000000000000e+04
1.229711516174306768e-01, 5.263900000000000000e+04
1.230575684492068167e-01, 5.871000000000000000e+03
1.231439852809829427e-01, 2.346900000000000000e+04
1.232304021127590687e-01, 3.638600000000000000e+04
1.233168189445351948e-01, 4.184900000000000000e+04
1.234032357763113208e-01, 3.869900000000000000e+04
1.234896526080874607e-01, 2.744300000000000000e+04
1.235760694398635867e-01, 1.054100000000000000e+04
1.236624862716397127e-01, 5.710300000000000000e+04
1.237489031034158388e-01, 3.989000000000000000e+04
1.238353199351919648e-01, 2.781200000000000000e+04
1.239217367669680908e-01, 2.365900000000000000e+04
1.240081535987442307e-01, 2.794300000000000000e+04
1.240945704305203567e-01, 4.006200000000000000e+04
1.241809872622964828e-01, 5.699300000000000000e+04
1.242674040940726088e-01, 1.032500000000000000e+04
1.243538209258487348e-01, 2.723600000000000000e+04
1.244402377576248608e-01, 3.850600000000000000e+04
1.245266545894010007e-01, 4.180000000000000000e+04
1.246130714211771268e-01, 3.648700000000000000e+04
1.246994882529532528e-01, 2.367500000000000000e+04
1.247859050847293788e-01, 5.848000000000000000e+03
1.248723219165055048e-01, 5.229600000000000000e+04
1.249587387482816309e-01, 3.610900000000000000e+04
1.250451555800577708e-01, 2.588200000000000000e+04
1.251315724118338968e-01, 2.394700000000000000e+04
1.252179892436100228e-01, 3.057800000000000000e+04
1.253044060753861488e-01, 4.414500000000000000e+04
1.253908229071622749e-01, 6.203700000000000000e+04
1.254772397389384009e-01, 1.531400000000000000e+04
1.255636565707145269e-01, 3.108300000000000000e+04
1.256500734024906529e-01, 4.023300000000000000e+04
1.257364902342667790e-01, 4.127100000000000000e+04
1.258229070660429327e-01, 3.368500000000000000e+04
1.259093238978190588e-01, 1.923100000000000000e+04
1.259957407295951848e-01, 9.710000000000000000e+02
1.260821575613713108e-01, 4.789700000000000000e+04
1.261685743931474368e-01, 3.284000000000000000e+04
1.262549912249235629e-01, 2.462300000000000000e+04
1.263414080566996889e-01, 2.492300000000000000e+04
1.264278248884758149e-01, 3.358800000000000000e+04
1.265142417202519409e-01, 4.872500000000000000e+04
1.266006585520280669e-01, 1.820000000000000000e+03
1.266870753838041930e-01, 2.008700000000000000e+04
1.267734922155803190e-01, 3.430900000000000000e+04
1.268599090473564728e-01, 4.139900000000000000e+04
1.269463258791325988e-01, 4.001800000000000000e+04
1.270327427109087248e-01, 3.023200000000000000e+04
1.271191595426848508e-01, 1.418700000000000000e+04
1.272055763744609769e-01, 6.088700000000000000e+04
1.272919932062371029e-01, 4.302100000000000000e+04
1.273784100380132289e-01, 2.965400000000000000e+04
1.274648268697893549e-01, 2.382600000000000000e+04
1.275512437015654810e-01, 2.638300000000000000e+04
1.276376605333416070e-01, 3.716000000000000000e+04
1.277240773651177330e-01, 5.367800000000000000e+04
1.278104941968938590e-01, 7.065000000000000000e+03
1.278969110286700128e-01, 2.447400000000000000e+04
1.279833278604461388e-01, 3.700600000000000000e+04
1.280697446922222649e-01, 4.188600000000000000e+04
1.281561615239983909e-01, 3.822000000000000000e+04
1.282425783557745169e-01, 2.676000000000000000e+04
1.283289951875506429e-01, 9.641000000000000000e+03
1.284154120193267690e-01, 5.598600000000000000e+04
1.285018288511028950e-01, 3.895900000000000000e+04
1.285882456828790210e-01, 2.729300000000000000e+04
1.286746625146551470e-01, 2.366800000000000000e+04
1.287610793464312731e-01, 2.859600000000000000e+04
1.288474961782074268e-01, 4.098500000000000000e+04
1.289339130099835529e-01, 5.825700000000000000e+04
1.290203298417596789e-01, 1.171100000000000000e+04
1.291067466735358049e-01, 2.836500000000000000e+04
1.291931635053119309e-01, 3.903500000000000000e+04
1.292795803370880570e-01, 4.177300000000000000e+04
1.293659971688641830e-01, 3.584400000000000000e+04
1.294524140006403090e-01, 2.254200000000000000e+04
1.295388308324164350e-01, 4.787000000000000000e+03
1.296252476641925611e-01, 5.143500000000000000e+04
1.297116644959686871e-01, 3.541300000000000000e+04
1.297980813277448131e-01, 2.558000000000000000e+04
1.298844981595209669e-01, 2.419100000000000000e+04
1.299709149912970929e-01, 3.124300000000000000e+04
1.300573318230732189e-01, 4.530300000000000000e+04
1.301437486548493450e-01, 6.348100000000000000e+04
1.302301654866254710e-01, 1.664800000000000000e+04
1.303165823184015970e-01, 3.197700000000000000e+04
1.304029991501777230e-01, 4.061800000000000000e+04
1.304894159819538491e-01, 4.101400000000000000e+04
1.305758328137299751e-01, 3.278200000000000000e+04
1.306622496455061011e-01, 1.773400000000000000e+04
1.307486664772822271e-01, 6.472200000000000000e+04
1.308350833090583532e-01, 4.633600000000000000e+04
1.309215001408345069e-01, 3.182700000000000000e+04
1.310079169726106330e-01, 2.431500000000000000e+04
1.310943338043867590e-01, 2.516800000000000000e+04
1.311807506361628850e-01, 3.447200000000000000e+04
1.312671674679390110e-01, 4.985500000000000000e+04
1.313535842997151371e-01, 2.801000000000000000e+03
1.314400011314912631e-01, 2.089300000000000000e+04
1.315264179632673891e-01, 3.488700000000000000e+04
1.316128347950435151e-01, 4.149900000000000000e+04
1.316992516268196411e-01, 3.944400000000000000e+04
1.317856684585957672e-01, 2.912000000000000000e+04
1.318720852903718932e-01, 1.295700000000000000e+04
1.319585021221480470e-01, 5.957600000000000000e+04
1.320449189539241730e-01, 4.194300000000000000e+04
1.321313357857002990e-01, 2.900800000000000000e+04
1.322177526174764250e-01, 2.370800000000000000e+04
1.323041694492525511e-01, 2.691400000000000000e+04
1.323905862810286771e-01, 3.804400000000000000e+04
1.324770031128048031e-01, 5.456900000000000000e+04
1.325634199445809291e-01, 8.011000000000000000e+03
1.326498367763570552e-01, 2.539000000000000000e+04
1.327362536081331812e-01, 3.751300000000000000e+04
1.328226704399093072e-01, 4.190500000000000000e+04
1.329090872716854332e-01, 3.769100000000000000e+04
1.329955041034615870e-01, 2.568000000000000000e+04
1.330819209352377130e-01, 8.542000000000000000e+03
1.331683377670138391e-01, 5.509100000000000000e+04
1.332547545987899651e-01, 3.822900000000000000e+04
1.333411714305660911e-01, 2.688700000000000000e+04
1.334275882623422171e-01, 2.380600000000000000e+04
1.335140050941183432e-01, 2.917800000000000000e+04
1.336004219258944692e-01, 4.204600000000000000e+04
1.336868387576705952e-01, 5.965500000000000000e+04
1.337732555894467212e-01, 1.309300000000000000e+04
1.338596724212228473e-01, 2.937000000000000000e+04
1.339460892529990010e-01, 3.951900000000000000e+04
1.340325060847751271e-01, 4.165500000000000000e+04
1.341189229165512531e-01, 3.507300000000000000e+04
1.342053397483273791e-01, 2.115300000000000000e+04
1.342917565801035051e-01, 3.018000000000000000e+03
1.343781734118796312e-01, 4.998100000000000000e+04
1.344645902436557572e-01, 3.473400000000000000e+04
1.345510070754318832e-01, 2.550700000000000000e+04
1.346374239072080092e-01, 2.450100000000000000e+04
1.347238407389841353e-01, 3.209900000000000000e+04
1.348102575707602613e-01, 4.659300000000000000e+04
1.348966744025363873e-01, 6.495600000000000000e+04
1.349830912343125411e-01, 1.786600000000000000e+04
1.350695080660886671e-01, 3.283300000000000000e+04
1.351559248978647931e-01, 4.091900000000000000e+04
1.352423417296409192e-01, 4.063000000000000000e+04
1.353287585614170452e-01, 3.172700000000000000e+04
1.354151753931931712e-01, 1.651800000000000000e+04
1.355015922249692972e-01, 6.340900000000000000e+04
1.355880090567454233e-01, 4.518700000000000000e+04
1.356744258885215493e-01, 3.108100000000000000e+04
1.357608427202976753e-01, 2.408200000000000000e+04
1.358472595520738013e-01, 2.556700000000000000e+04
1.359336763838499273e-01, 3.549400000000000000e+04
1.360200932156260811e-01, 5.143100000000000000e+04
1.361065100474022072e-01, 4.574000000000000000e+03
1.361929268791783332e-01, 2.204800000000000000e+04
1.362793437109544592e-01, 3.530000000000000000e+04
1.363657605427305852e-01, 4.142100000000000000e+04
1.364521773745067112e-01, 3.908100000000000000e+04
1.365385942062828373e-01, 2.854200000000000000e+04
1.366250110380589633e-01, 1.190600000000000000e+04
1.367114278698350893e-01, 5.837700000000000000e+04
1.367978447016112153e-01, 4.094500000000000000e+04
1.368842615333873414e-01, 2.838000000000000000e+04
1.369706783651634674e-01, 2.368600000000000000e+04
1.370570951969396212e-01, 2.761600000000000000e+04
1.371435120287157472e-01, 3.945300000000000000e+04
1.372299288604918732e-01, 5.624700000000000000e+04
1.373163456922679992e-01, 9.251000000000000000e+03
1.374027625240441253e-01, 2.613000000000000000e+04
1.374891793558202513e-01, 3.785200000000000000e+04
1.375755961875963773e-01, 4.181400000000000000e+04
1.376620130193725033e-01, 3.701100000000000000e+04
1.377484298511486294e-01, 2.471700000000000000e+04
1.378348466829247554e-01, 7.259000000000000000e+03
1.379212635147008814e-01, 5.379600000000000000e+04
1.380076803464770352e-01, 3.754900000000000000e+04
1.380940971782531612e-01, 2.676400000000000000e+04
1.381805140100292872e-01, 2.405600000000000000e+04
1.382669308418054133e-01, 2.993200000000000000e+04
1.383533476735815393e-01, 4.325400000000000000e+04
1.384397645053576653e-01, 6.112700000000000000e+04
1.385261813371337913e-01, 1.436700000000000000e+04
1.386125981689099174e-01, 3.031300000000000000e+04
1.386990150006860434e-01, 3.993800000000000000e+04
1.387854318324621694e-01, 4.144300000000000000e+04
1.388718486642382954e-01, 3.445700000000000000e+04
1.389582654960144215e-01, 2.039400000000000000e+04
1.390446823277905752e-01, 2.144000000000000000e+03
1.391310991595667013e-01, 4.917700000000000000e+04
1.392175159913428273e-01, 3.387400000000000000e+04
1.393039328231189533e-01, 2.501900000000000000e+04
1.393903496548950793e-01, 2.466600000000000000e+04
1.394767664866712054e-01, 3.295300000000000000e+04
1.395631833184473314e-01, 4.793500000000000000e+04
1.396496001502234574e-01, 7.570000000000000000e+02
1.397360169819995834e-01, 1.878100000000000000e+04
1.398224338137757095e-01, 3.315900000000000000e+04
1.399088506455518355e-01, 4.082800000000000000e+04
1.399952674773279615e-01, 4.025700000000000000e+04
1.400816843091041153e-01, 3.120000000000000000e+04
1.401681011408802413e-01, 1.555300000000000000e+04
1.402545179726563673e-01, 6.219100000000000000e+04
1.403409348044324934e-01, 4.413800000000000000e+04
1.404273516362086194e-01, 3.034400000000000000e+04
1.405137684679847454e-01, 2.394300000000000000e+04
1.406001852997608714e-01, 2.610400000000000000e+04
1.406866021315369975e-01, 3.661900000000000000e+04
1.407730189633131235e-01, 5.265200000000000000e+04
1.408594357950892495e-01, 5.578000000000000000e+03
1.409458526268653755e-01, 2.301800000000000000e+04
1.410322694586415015e-01, 3.608000000000000000e+04
1.411186862904176553e-01, 4.170100000000000000e+04
1.412051031221937814e-01, 3.864000000000000000e+04
1.412915199539699074e-01, 2.767200000000000000e+04
1.413779367857460334e-01, 1.099600000000000000e+04
1.414643536175221594e-01, 5.744500000000000000e+04
1.415507704492982854e-01, 4.006700000000000000e+04
1.416371872810744115e-01, 2.787500000000000000e+04
1.417236041128505375e-01, 2.385000000000000000e+04
1.418100209446266635e-01, 2.840400000000000000e+04
1.418964377764027895e-01, 4.044000000000000000e+04
1.419828546081789156e-01, 5.754300000000000000e+04
1.420692714399550416e-01, 1.085200000000000000e+04
1.421556882717311954e-01, 2.754800000000000000e+04
1.422421051035073214e-01, 3.864800000000000000e+04
1.423285219352834474e-01, 4.185400000000000000e+04
1.424149387670595734e-01, 3.649100000000000000e+04
1.425013555988356995e-01, 2.368300000000000000e+04
1.425877724306118255e-01, 5.924000000000000000e+03
1.426741892623879515e-01, 5.272300000000000000e+04
1.427606060941640775e-01, 3.652500000000000000e+04
1.428470229259402036e-01, 2.612100000000000000e+04
1.429334397577163296e-01, 2.405300000000000000e+04
1.430198565894924556e-01, 3.064700000000000000e+04
1.431062734212686094e-01, 4.454800000000000000e+04
1.431926902530447354e-01, 6.247400000000000000e+04
1.432791070848208614e-01, 1.556000000000000000e+04
1.433655239165969875e-01, 3.120000000000000000e+04
1.434519407483731135e-01, 4.028600000000000000e+04
1.435383575801492395e-01, 4.129300000000000000e+04
1.436247744119253655e-01, 3.369400000000000000e+04
1.437111912437014916e-01, 1.911400000000000000e+04
1.437976080754776176e-01, 5.260000000000000000e+02
1.438840249072537436e-01, 4.750700000000000000e+04
1.439704417390298696e-01, 3.262700000000000000e+04
1.440568585708059957e-01, 2.453100000000000000e+04
1.441432754025821494e-01, 2.494600000000000000e+04
1.442296922343582755e-01, 3.399200000000000000e+04
1.443161090661344015e-01, 4.914000000000000000e+04
1.444025258979105275e-01, 2.045000000000000000e+03
1.444889427296866535e-01, 2.019400000000000000e+04
1.445753595614627796e-01, 3.435800000000000000e+04
1.446617763932389056e-01, 4.141900000000000000e+04
1.447481932250150316e-01, 4.002500000000000000e+04
1.448346100567911576e-01, 3.040000000000000000e+04
1.449210268885672837e-01, 1.464400000000000000e+04
1.450074437203434097e-01, 6.126100000000000000e+04
1.450938605521195357e-01, 4.323100000000000000e+04
1.451802773838956895e-01, 2.973400000000000000e+04
1.452666942156718155e-01, 2.394400000000000000e+04
1.453531110474479415e-01, 2.682500000000000000e+04
1.454395278792240676e-01, 3.756200000000000000e+04
1.455259447110001936e-01, 5.388700000000000000e+04
1.456123615427763196e-01, 7.164000000000000000e+03
1.456987783745524456e-01, 2.451900000000000000e+04
1.457851952063285716e-01, 3.702400000000000000e+04
1.458716120381046977e-01, 4.189200000000000000e+04
1.459580288698808237e-01, 3.820600000000000000e+04
1.460444457016569497e-01, 2.675900000000000000e+04
1.461308625334330757e-01, 9.654000000000000000e+03
1.462172793652092295e-01, 5.600400000000000000e+04
1.463036961969853555e-01, 3.895700000000000000e+04
1.463901130287614816e-01, 2.728700000000000000e+04
1.464765298605376076e-01, 2.366400000000000000e+04
1.465629466923137336e-01, 2.859700000000000000e+04
1.466493635240898596e-01, 4.131100000000000000e+04
1.467357803558659857e-01, 5.871100000000000000e+04
1.468221971876421117e-01, 1.199500000000000000e+04
1.469086140194182377e-01, 2.850100000000000000e+04
1.469950308511943637e-01, 3.909800000000000000e+04
1.470814476829704898e-01, 4.179900000000000000e+04
1.471678645147466158e-01, 3.585500000000000000e+04
1.472542813465227696e-01, 2.252500000000000000e+04
1.473406981782988956e-01, 4.769000000000000000e+03
1.474271150100750216e-01, 5.144700000000000000e+04
1.475135318418511476e-01, 3.561000000000000000e+04
1.475999486736272737e-01, 2.604700000000000000e+04
1.476863655054033997e-01, 2.456400000000000000e+04
1.477727823371795257e-01, 3.144700000000000000e+04
1.478591991689556517e-01, 4.538000000000000000e+04
1.479456160007317778e-01, 6.348700000000000000e+04
1.480320328325079038e-01, 1.664800000000000000e+04
1.481184496642840298e-01, 3.198500000000000000e+04
1.482048664960601836e-01, 4.062500000000000000e+04
1.482912833278363096e-01, 4.101800000000000000e+04
1.483777001596124356e-01, 3.287000000000000000e+04
1.484641169913885617e-01, 1.816700000000000000e+04
1.485505338231646877e-01, 6.512700000000000000e+04
1.486369506549408137e-01, 4.658000000000000000e+04
1.487233674867169397e-01, 3.192600000000000000e+04
1.488097843184930658e-01, 2.435400000000000000e+04
1.488962011502691918e-01, 2.518600000000000000e+04
1.489826179820453178e-01, 3.446900000000000000e+04
1.490690348138214438e-01, 4.988200000000000000e+04
1.491554516455975699e-01, 2.801000000000000000e+03
1.492418684773737236e-01, 2.087600000000000000e+04
1.493282853091498497e-01, 3.487500000000000000e+04
1.494147021409259757e-01, 4.149300000000000000e+04
1.495011189727021017e-01, 3.957000000000000000e+04
1.495875358044782277e-01, 2.956700000000000000e+04
1.496739526362543538e-01, 1.334400000000000000e+04
1.497603694680304798e-01, 5.980100000000000000e+04
1.498467862998066058e-01, 4.203100000000000000e+04
1.499332031315827318e-01, 2.903400000000000000e+04
1.500196199633588579e-01, 2.371500000000000000e+04
1.501060367951349839e-01, 2.691500000000000000e+04
1.501924536269111099e-01, 3.807800000000000000e+04
1.502788704586872637e-01, 5.456900000000000000e+04
1.503652872904633897e-01, 7.988000000000000000e+03
1.504517041222395157e-01, 2.536800000000000000e+04
1.505381209540156418e-01, 3.751300000000000000e+04
1.506245377857917678e-01, 4.175300000000000000e+04
1.507109546175678938e-01, 3.724000000000000000e+04
1.507973714493440198e-01, 2.530000000000000000e+04
1.508837882811201458e-01, 8.317000000000000000e+03
1.509702051128962719e-01, 5.501400000000000000e+04
1.510566219446723979e-01, 3.831400000000000000e+04
1.511430387764485239e-01, 2.732500000000000000e+04
1.512294556082246499e-01, 2.420500000000000000e+04
1.513158724400008037e-01, 2.967800000000000000e+04
1.514022892717769297e-01, 4.260200000000000000e+04
1.514887061035530558e-01, 6.000100000000000000e+04
1.515751229353291818e-01, 1.325500000000000000e+04
1.516615397671053078e-01, 2.944400000000000000e+04
1.517479565988814338e-01, 3.934600000000000000e+04
1.518343734306575599e-01, 4.120500000000000000e+04
1.519207902624336859e-01, 3.473700000000000000e+04
1.520072070942098119e-01, 2.099400000000000000e+04
1.520936239259859379e-01, 2.933000000000000000e+03
1.521800407577620640e-01, 4.977700000000000000e+04
1.522664575895382177e-01, 3.426100000000000000e+04
1.523528744213143438e-01, 2.512900000000000000e+04
1.524392912530904698e-01, 2.431500000000000000e+04
1.525257080848665958e-01, 3.201200000000000000e+04
1.526121249166427218e-01, 4.646400000000000000e+04
1.526985417484188479e-01, 6.450700000000000000e+04
1.527849585801949739e-01, 1.745700000000000000e+04
1.528713754119710999e-01, 3.235600000000000000e+04
1.529577922437472259e-01, 4.035800000000000000e+04
1.530442090755233520e-01, 4.031500000000000000e+04
1.531306259072994780e-01, 3.196300000000000000e+04
1.532170427390756040e-01, 1.686400000000000000e+04
1.533034595708517578e-01, 6.364300000000000000e+04
1.533898764026278838e-01, 4.528700000000000000e+04
1.534762932344040098e-01, 3.111200000000000000e+04
1.535627100661801359e-01, 2.409000000000000000e+04
1.536491268979562619e-01, 2.556900000000000000e+04
1.537355437297323879e-01, 3.536200000000000000e+04
1.538219605615085139e-01, 5.098200000000000000e+04
1.539083773932846400e-01, 4.191000000000000000e+03
1.539947942250607660e-01, 2.216300000000000000e+04
1.540812110568368920e-01, 3.566600000000000000e+04
1.541676278886130180e-01, 4.167400000000000000e+04
1.542540447203891441e-01, 3.920500000000000000e+04
1.543404615521652978e-01, 2.860100000000000000e+04
1.544268783839414239e-01, 1.194800000000000000e+04
1.545132952157175499e-01, 5.838600000000000000e+04
1.545997120474936759e-01, 4.095000000000000000e+04
1.546861288792698019e-01, 2.838600000000000000e+04
1.547725457110459280e-01, 2.367900000000000000e+04
1.548589625428220540e-01, 2.759100000000000000e+04
1.549453793745981800e-01, 3.944700000000000000e+04
1.550317962063743060e-01, 5.626400000000000000e+04
1.551182130381504320e-01, 9.617000000000000000e+03
1.552046298699265581e-01, 2.657700000000000000e+04
1.552910467017026841e-01, 3.801300000000000000e+04
1.553774635334788379e-01, 4.149900000000000000e+04
1.554638803652549639e-01, 3.667200000000000000e+04
1.555502971970310899e-01, 2.450600000000000000e+04
1.556367140288072159e-01, 7.175000000000000000e+03
1.557231308605833420e-01, 5.368700000000000000e+04
1.558095476923594680e-01, 3.711300000000000000e+04
1.558959645241355940e-01, 2.635700000000000000e+04
1.559823813559117200e-01, 2.384300000000000000e+04
1.560687981876878461e-01, 2.983100000000000000e+04
1.561552150194639721e-01, 4.320000000000000000e+04
1.562416318512400981e-01, 6.109800000000000000e+04
1.563280486830162241e-01, 1.436600000000000000e+04
1.564144655147923779e-01, 3.015200000000000000e+04
1.565008823465685039e-01, 3.948500000000000000e+04
1.565872991783446300e-01, 4.107200000000000000e+04
1.566737160101207560e-01, 3.393800000000000000e+04
1.567601328418968820e-01, 1.985700000000000000e+04
1.568465496736730080e-01, 1.689000000000000000e+03
1.569329665054491341e-01, 4.857700000000000000e+04
1.570193833372252601e-01, 3.342600000000000000e+04
1.571058001690013861e-01, 2.505700000000000000e+04
1.571922170007775121e-01, 2.503000000000000000e+04
1.572786338325536382e-01, 3.318300000000000000e+04
1.573650506643297919e-01, 4.766600000000000000e+04
1.574514674961059180e-01, 4.020000000000000000e+02
1.575378843278820440e-01, 1.880800000000000000e+04
1.576243011596581700e-01, 3.352200000000000000e+04
1.577107179914342960e-01, 4.111900000000000000e+04
1.577971348232104221e-01, 4.040100000000000000e+04
1.578835516549865481e-01, 3.126900000000000000e+04
1.579699684867626741e-01, 1.560000000000000000e+04
1.580563853185388001e-01, 6.220600000000000000e+04
1.581428021503149262e-01, 4.413800000000000000e+04
1.582292189820910522e-01, 3.035300000000000000e+04
1.583156358138671782e-01, 2.393700000000000000e+04
1.584020526456433320e-01, 2.599700000000000000e+04
1.584884694774194580e-01, 3.617700000000000000e+04
1.585748863091955840e-01, 5.225000000000000000e+04
1.586613031409717101e-01, 5.644000000000000000e+03
1.587477199727478361e-01, 2.338000000000000000e+04
1.588341368045239621e-01, 3.634900000000000000e+04
1.589205536363000881e-01, 4.183400000000000000e+04
1.590069704680762142e-01, 3.870400000000000000e+04
1.590933872998523402e-01, 2.768300000000000000e+04
1.591798041316284662e-01, 1.100600000000000000e+04
1.592662209634045922e-01, 5.745600000000000000e+04
1.593526377951807182e-01, 4.007400000000000000e+04
1.594390546269568720e-01, 2.787800000000000000e+04
1.595254714587329981e-01, 2.369400000000000000e+04
1.596118882905091241e-01, 2.795000000000000000e+04
1.596983051222852501e-01, 4.006400000000000000e+04
1.597847219540613761e-01, 5.733000000000000000e+04
1.598711387858375021e-01, 1.077100000000000000e+04
1.599575556176136282e-01, 2.743700000000000000e+04
1.600439724493897542e-01, 3.821000000000000000e+04
1.601303892811658802e-01, 4.144800000000000000e+04
1.602168061129420062e-01, 3.601800000000000000e+04
1.603032229447181323e-01, 2.312100000000000000e+04
1.603896397764942583e-01, 5.495000000000000000e+03
1.604760566082704121e-01, 5.212800000000000000e+04
1.605624734400465381e-01, 3.603200000000000000e+04
1.606488902718226641e-01, 2.603700000000000000e+04
1.607353071035987901e-01, 2.439400000000000000e+04
1.608217239353749162e-01, 3.095100000000000000e+04
1.609081407671510422e-01, 4.435500000000000000e+04
1.609945575989271682e-01, 6.210600000000000000e+04
1.610809744307032942e-01, 1.531200000000000000e+04
1.611673912624794203e-01, 3.108200000000000000e+04
1.612538080942555463e-01, 4.023800000000000000e+04
1.613402249260316723e-01, 4.126200000000000000e+04
1.614266417578077983e-01, 3.369100000000000000e+04
1.615130585895839521e-01, 1.913300000000000000e+04
1.615994754213600781e-01, 5.370000000000000000e+02
1.616858922531362042e-01, 4.750300000000000000e+04
1.617723090849123302e-01, 3.263700000000000000e+04
1.618587259166884562e-01, 2.452700000000000000e+04
1.619451427484645822e-01, 2.490000000000000000e+04
1.620315595802407083e-01, 3.359000000000000000e+04
1.621179764120168343e-01, 4.870800000000000000e+04
1.622043932437929603e-01, 1.787000000000000000e+03
1.622908100755690863e-01, 2.007800000000000000e+04
1.623772269073452124e-01, 3.430800000000000000e+04
1.624636437391213661e-01, 4.139100000000000000e+04
1.625500605708974922e-01, 4.002400000000000000e+04
1.626364774026736182e-01, 3.039000000000000000e+04
1.627228942344497442e-01, 1.464300000000000000e+04
1.628093110662258702e-01, 6.127000000000000000e+04
1.628957278980019963e-01, 4.323800000000000000e+04
1.629821447297781223e-01, 2.973700000000000000e+04
1.630685615615542483e-01, 2.386500000000000000e+04
1.631549783933303743e-01, 2.639600000000000000e+04
1.632413952251065004e-01, 3.715500000000000000e+04
1.633278120568826264e-01, 5.363900000000000000e+04
1.634142288886587524e-01, 7.063000000000000000e+03
1.635006457204349062e-01, 2.448000000000000000e+04
1.635870625522110322e-01, 3.700500000000000000e+04
1.636734793839871582e-01, 4.189600000000000000e+04
1.637598962157632843e-01, 3.805100000000000000e+04
1.638463130475394103e-01, 2.630800000000000000e+04
1.639327298793155363e-01, 9.283000000000000000e+03
1.640191467110916623e-01, 5.580700000000000000e+04
1.641055635428677884e-01, 3.887400000000000000e+04
1.641919803746439144e-01, 2.727100000000000000e+04
1.642783972064200404e-01, 2.366000000000000000e+04
1.643648140381961664e-01, 2.858700000000000000e+04
1.644512308699722924e-01, 4.127200000000000000e+04
1.645376477017484462e-01, 5.871000000000000000e+04
1.646240645335245723e-01, 1.200800000000000000e+04
1.647104813653006983e-01, 2.851000000000000000e+04
1.647968981970768243e-01, 3.910300000000000000e+04
1.648833150288529503e-01, 4.178400000000000000e+04
1.649697318606290763e-01, 3.585500000000000000e+04
1.650561486924052024e-01, 2.251000000000000000e+04
1.651425655241813284e-01, 4.393000000000000000e+03
1.652289823559574544e-01, 5.101200000000000000e+04
1.653153991877335804e-01, 3.517800000000000000e+04
1.654018160195097065e-01, 2.546800000000000000e+04
1.654882328512858325e-01, 2.414800000000000000e+04
1.655746496830619863e-01, 3.124800000000000000e+04
1.656610665148381123e-01, 4.528800000000000000e+04
1.657474833466142383e-01, 6.344800000000000000e+04
1.658339001783903643e-01, 1.663300000000000000e+04
1.659203170101664904e-01, 3.197900000000000000e+04
1.660067338419426164e-01, 4.060700000000000000e+04
1.660931506737187424e-01, 4.101800000000000000e+04
1.661795675054948684e-01, 3.282700000000000000e+04
1.662659843372709945e-01, 1.776400000000000000e+04
1.663524011690471205e-01, 6.470700000000000000e+04
1.664388180008232465e-01, 4.633300000000000000e+04
1.665252348325994003e-01, 3.181600000000000000e+04
1.666116516643755263e-01, 2.431100000000000000e+04
1.666980684961516523e-01, 2.517100000000000000e+04
1.667844853279277784e-01, 3.446400000000000000e+04
1.668709021597039044e-01, 4.991300000000000000e+04
1.669573189914800304e-01, 2.809000000000000000e+03
1.670437358232561564e-01, 2.086100000000000000e+04
1.671301526550322825e-01, 3.484800000000000000e+04
1.672165694868084085e-01, 4.148900000000000000e+04
1.673029863185845345e-01, 3.956100000000000000e+04
1.673894031503606605e-01, 2.956400000000000000e+04
1.674758199821367866e-01, 1.335200000000000000e+04
1.675622368139129403e-01, 5.980800000000000000e+04
1.676486536456890664e-01, 4.203500000000000000e+04
1.677350704774651924e-01, 2.904500000000000000e+04
1.678214873092413184e-01, 2.372500000000000000e+04
1.679079041410174444e-01, 2.691000000000000000e+04
1.679943209727935705e-01, 3.825400000000000000e+04
1.680807378045696965e-01, 5.502400000000000000e+04
1.681671546363458225e-01, 8.350000000000000000e+03
1.682535714681219485e-01, 2.555800000000000000e+04
1.683399882998980746e-01, 3.759200000000000000e+04
1.684264051316742006e-01, 4.192300000000000000e+04
1.685128219634503266e-01, 3.770100000000000000e+04
1.685992387952264804e-01, 2.568300000000000000e+04
1.686856556270026064e-01, 8.493000000000000000e+03
1.687720724587787324e-01, 5.510600000000000000e+04
1.688584892905548585e-01, 3.827400000000000000e+04
1.689449061223309845e-01, 2.691300000000000000e+04
1.690313229541071105e-01, 2.380800000000000000e+04
1.691177397858832365e-01, 2.920700000000000000e+04
1.692041566176593625e-01, 4.204100000000000000e+04
1.692905734494354886e-01, 5.962600000000000000e+04
1.693769902812116146e-01, 1.307400000000000000e+04
1.694634071129877406e-01, 2.937100000000000000e+04
1.695498239447638666e-01, 3.950700000000000000e+04
1.696362407765400204e-01, 4.165600000000000000e+04
1.697226576083161464e-01, 3.510000000000000000e+04
1.698090744400922725e-01, 2.119500000000000000e+04
1.698954912718683985e-01, 3.008000000000000000e+03
1.699819081036445245e-01, 4.979900000000000000e+04
1.700683249354206505e-01, 3.426600000000000000e+04
1.701547417671967766e-01, 2.513000000000000000e+04
1.702411585989729026e-01, 2.459000000000000000e+04
1.703275754307490286e-01, 3.247300000000000000e+04
1.704139922625251546e-01, 4.681300000000000000e+04
1.705004090943012807e-01, 6.468200000000000000e+04
1.705868259260774067e-01, 1.751000000000000000e+04
1.706732427578535605e-01, 3.259800000000000000e+04
1.707596595896296865e-01, 4.082000000000000000e+04
1.708460764214058125e-01, 4.064900000000000000e+04
1.709324932531819385e-01, 3.212400000000000000e+04
1.710189100849580646e-01, 1.694000000000000000e+04
1.711053269167341906e-01, 6.381600000000000000e+04
1.711917437485103166e-01, 4.575100000000000000e+04
1.712781605802864426e-01, 3.150100000000000000e+04
1.713645774120625687e-01, 2.431000000000000000e+04
1.714509942438386947e-01, 2.565300000000000000e+04
1.715374110756148207e-01, 3.548800000000000000e+04
1.716238279073909745e-01, 5.142700000000000000e+04
1.717102447391671005e-01, 4.590000000000000000e+03
1.717966615709432265e-01, 2.238500000000000000e+04
1.718830784027193526e-01, 3.576200000000000000e+04
1.719694952344954786e-01, 4.171000000000000000e+04
1.720559120662716046e-01, 3.921700000000000000e+04
1.721423288980477306e-01, 2.860500000000000000e+04
1.722287457298238567e-01, 1.215300000000000000e+04
1.723151625615999827e-01, 5.884800000000000000e+04
1.724015793933761087e-01, 4.130600000000000000e+04
1.724879962251522347e-01, 2.856900000000000000e+04
1.725744130569283608e-01, 2.375500000000000000e+04
1.726608298887045145e-01, 2.758600000000000000e+04
1.727472467204806406e-01, 3.944800000000000000e+04
1.728336635522567666e-01, 5.628000000000000000e+04
1.729200803840328926e-01, 9.325000000000000000e+03
1.730064972158090186e-01, 2.612700000000000000e+04
1.730929140475851447e-01, 3.781200000000000000e+04
1.731793308793612707e-01, 4.179100000000000000e+04
1.732657477111373967e-01, 3.700900000000000000e+04
1.733521645429135227e-01, 2.443800000000000000e+04
1.734385813746896488e-01, 6.802000000000000000e+03
1.735249982064657748e-01, 5.339300000000000000e+04
1.736114150382419008e-01, 3.696200000000000000e+04
1.736978318700180546e-01, 2.629400000000000000e+04
1.737842487017941806e-01, 2.401200000000000000e+04
1.738706655335703066e-01, 3.028300000000000000e+04
1.739570823653464327e-01, 4.355400000000000000e+04
1.740434991971225587e-01, 6.127100000000000000e+04
1.741299160288986847e-01, 1.444700000000000000e+04
1.742163328606748107e-01, 3.033700000000000000e+04
1.743027496924509367e-01, 3.995300000000000000e+04
1.743891665242270628e-01, 4.145500000000000000e+04
1.744755833560031888e-01, 3.415700000000000000e+04
1.745620001877793148e-01, 1.994200000000000000e+04
1.746484170195554408e-01, 1.780000000000000000e+03
1.747348338513315946e-01, 4.900500000000000000e+04
1.748212506831077206e-01, 3.384100000000000000e+04
1.749076675148838467e-01, 2.504000000000000000e+04
1.749940843466599727e-01, 2.467300000000000000e+04
1.750805011784360987e-01, 3.292800000000000000e+04
1.751669180102122247e-01, 4.791300000000000000e+04
1.752533348419883508e-01, 7.660000000000000000e+02
1.753397516737644768e-01, 1.887800000000000000e+04
1.754261685055406028e-01, 3.317400000000000000e+04
1.755125853373167288e-01, 4.078500000000000000e+04
1.755990021690928549e-01, 3.988400000000000000e+04
1.756854190008689809e-01, 3.073800000000000000e+04
1.757718358326451347e-01, 1.529200000000000000e+04
1.758582526644212607e-01, 6.206300000000000000e+04
1.759446694961973867e-01, 4.407300000000000000e+04
1.760310863279735127e-01, 3.032600000000000000e+04
1.761175031597496388e-01, 2.392700000000000000e+04
1.762039199915257648e-01, 2.605100000000000000e+04
1.762903368233018908e-01, 3.659100000000000000e+04
1.763767536550780168e-01, 5.266800000000000000e+04
1.764631704868541429e-01, 5.662000000000000000e+03
1.765495873186302689e-01, 2.302600000000000000e+04
1.766360041504063949e-01, 3.604400000000000000e+04
1.767224209821825487e-01, 4.167200000000000000e+04
1.768088378139586747e-01, 3.863600000000000000e+04
1.768952546457348007e-01, 2.762400000000000000e+04
1.769816714775109268e-01, 1.099200000000000000e+04
1.770680883092870528e-01, 5.746800000000000000e+04
1.771545051410631788e-01, 4.008600000000000000e+04
1.772409219728393048e-01, 2.788400000000000000e+04
1.773273388046154309e-01, 2.371200000000000000e+04
1.774137556363915569e-01, 2.795700000000000000e+04
1.775001724681676829e-01, 4.005700000000000000e+04
1.775865892999438089e-01, 5.730800000000000000e+04
1.776730061317199350e-01, 1.076900000000000000e+04
1.777594229634960887e-01, 2.751600000000000000e+04
1.778458397952722148e-01, 3.864000000000000000e+04
1.779322566270483408e-01, 4.186100000000000000e+04
1.780186734588244668e-01, 3.646500000000000000e+04
1.781050902906005928e-01, 2.368600000000000000e+04
1.781915071223767189e-01, 5.892000000000000000e+03
1.782779239541528449e-01, 5.233400000000000000e+04
1.783643407859289709e-01, 3.610700000000000000e+04
1.784507576177050969e-01, 2.588800000000000000e+04
1.785371744494812229e-01, 2.394300000000000000e+04
1.786235912812573490e-01, 3.058600000000000000e+04
1.787100081130334750e-01, 4.418900000000000000e+04
1.787964249448096288e-01, 6.201800000000000000e+04
1.788828417765857548e-01, 1.518400000000000000e+04
1.789692586083618808e-01, 3.063100000000000000e+04
1.790556754401380068e-01, 3.982400000000000000e+04
1.791420922719141329e-01, 4.077200000000000000e+04
1.792285091036902589e-01, 3.312700000000000000e+04
1.793149259354663849e-01, 1.877500000000000000e+04
1.794013427672425109e-01, 3.690000000000000000e+02
1.794877595990186370e-01, 4.742600000000000000e+04
1.795741764307947630e-01, 3.260500000000000000e+04
1.796605932625708890e-01, 2.451500000000000000e+04
1.797470100943470150e-01, 2.490100000000000000e+04
1.798334269261231688e-01, 3.360100000000000000e+04
1.799198437578992948e-01, 4.870400000000000000e+04
1.800062605896754209e-01, 1.764000000000000000e+03
1.800926774214515469e-01, 2.006900000000000000e+04
1.801790942532276729e-01, 3.431300000000000000e+04
1.802655110850037989e-01, 4.139600000000000000e+04
1.803519279167799250e-01, 4.002700000000000000e+04
1.804383447485560510e-01, 3.036300000000000000e+04
1.805247615803321770e-01, 1.463100000000000000e+04
1.806111784121083030e-01, 6.128200000000000000e+04
1.806975952438844291e-01, 4.325100000000000000e+04
1.807840120756605828e-01, 2.974500000000000000e+04
1.808704289074367089e-01, 2.387800000000000000e+04
1.809568457392128349e-01, 2.640700000000000000e+04
1.810432625709889609e-01, 3.715000000000000000e+04
1.811296794027650869e-01, 5.361600000000000000e+04
1.812160962345412130e-01, 7.057000000000000000e+03
1.813025130663173390e-01, 2.448500000000000000e+04
1.813889298980934650e-01, 3.701000000000000000e+04
1.814753467298695910e-01, 4.189800000000000000e+04
1.815617635616457171e-01, 3.818100000000000000e+04
1.816481803934218431e-01, 2.675600000000000000e+04
1.817345972251979691e-01, 9.670000000000000000e+03
1.818210140569741229e-01, 5.603200000000000000e+04
1.819074308887502489e-01, 3.896200000000000000e+04
1.819938477205263749e-01, 2.729700000000000000e+04
1.820802645523025010e-01, 2.366600000000000000e+04
1.821666813840786270e-01, 2.858800000000000000e+04
1.822530982158547530e-01, 4.103900000000000000e+04
1.823395150476308790e-01, 5.824800000000000000e+04
1.824259318794070051e-01, 1.165800000000000000e+04
1.825123487111831311e-01, 2.832600000000000000e+04
1.825987655429592571e-01, 3.903600000000000000e+04
1.826851823747353831e-01, 4.174900000000000000e+04
1.827715992065115092e-01, 3.584800000000000000e+04
1.828580160382876629e-01, 2.252400000000000000e+04
1.829444328700637890e-01, 4.743000000000000000e+03
1.830308497018399150e-01, 5.146400000000000000e+04
1.831172665336160410e-01, 3.546800000000000000e+04
1.832036833653921670e-01, 2.560500000000000000e+04
1.832901001971682931e-01, 2.420100000000000000e+04
1.833765170289444191e-01, 3.128300000000000000e+04
1.834629338607205451e-01, 4.529300000000000000e+04
1.835493506924966711e-01, 6.343000000000000000e+04
1.836357675242727971e-01, 1.662000000000000000e+04
1.837221843560489232e-01, 3.198300000000000000e+04
1.838086011878250492e-01, 4.061300000000000000e+04
1.838950180196012030e-01, 4.102200000000000000e+04
1.839814348513773290e-01, 3.285000000000000000e+04
1.840678516831534550e-01, 1.814300000000000000e+04
1.841542685149295810e-01, 6.514500000000000000e+04
1.842406853467057071e-01, 4.674700000000000000e+04
1.843271021784818331e-01, 3.239100000000000000e+04
1.844135190102579591e-01, 2.474300000000000000e+04
1.844999358420340851e-01, 2.540500000000000000e+04
1.845863526738102112e-01, 3.455300000000000000e+04
1.846727695055863372e-01, 5.004500000000000000e+04
1.847591863373624632e-01, 3.256000000000000000e+03
1.848456031691385892e-01, 2.125900000000000000e+04
1.849320200009147430e-01, 3.506700000000000000e+04
1.850184368326908690e-01, 4.158500000000000000e+04
1.851048536644669951e-01, 3.955000000000000000e+04
1.851912704962431211e-01, 2.917000000000000000e+04
1.852776873280192471e-01, 1.293200000000000000e+04
1.853641041597953731e-01, 5.957700000000000000e+04
1.854505209915714992e-01, 4.192400000000000000e+04
1.855369378233476252e-01, 2.900500000000000000e+04
1.856233546551237512e-01, 2.406200000000000000e+04
1.857097714868998772e-01, 2.734800000000000000e+04
1.857961883186760033e-01, 3.851600000000000000e+04
1.858826051504521570e-01, 5.515000000000000000e+04
1.859690219822282831e-01, 8.407000000000000000e+03
1.860554388140044091e-01, 2.556700000000000000e+04
1.861418556457805351e-01, 3.760400000000000000e+04
1.862282724775566611e-01, 4.191900000000000000e+04
1.863146893093327872e-01, 3.770000000000000000e+04
1.864011061411089132e-01, 2.569200000000000000e+04
1.864875229728850392e-01, 8.247000000000000000e+03
1.865739398046611652e-01, 5.464800000000000000e+04
1.866603566364372913e-01, 3.794300000000000000e+04
1.867467734682134173e-01, 2.674800000000000000e+04
1.868331902999895433e-01, 2.374100000000000000e+04
1.869196071317656971e-01, 2.937800000000000000e+04
1.870060239635418231e-01, 4.249300000000000000e+04
1.870924407953179491e-01, 5.997700000000000000e+04
1.871788576270940752e-01, 1.324700000000000000e+04
1.872652744588702012e-01, 2.945200000000000000e+04
1.873516912906463272e-01, 3.954200000000000000e+04
1.874381081224224532e-01, 4.167000000000000000e+04
1.875245249541985793e-01, 3.510600000000000000e+04
1.876109417859747053e-01, 2.151000000000000000e+04
1.876973586177508313e-01, 3.465000000000000000e+03
1.877837754495269573e-01, 5.011700000000000000e+04
1.878701922813030833e-01, 3.442000000000000000e+04
1.879566091130792371e-01, 2.518300000000000000e+04
1.880430259448553632e-01, 2.434600000000000000e+04
1.881294427766314892e-01, 3.201400000000000000e+04
1.882158596084076152e-01, 4.650000000000000000e+04
1.883022764401837412e-01, 6.453800000000000000e+04
1.883886932719598672e-01, 1.743200000000000000e+04
1.884751101037359933e-01, 3.256000000000000000e+04
1.885615269355121193e-01, 4.080400000000000000e+04
1.886479437672882453e-01, 4.063400000000000000e+04
1.887343605990643713e-01, 3.177200000000000000e+04
1.888207774308404974e-01, 1.649200000000000000e+04
1.889071942626166234e-01, 6.340600000000000000e+04
1.889936110943927772e-01, 4.517000000000000000e+04
1.890800279261689032e-01, 3.106000000000000000e+04
1.891664447579450292e-01, 2.409600000000000000e+04
1.892528615897211552e-01, 2.555500000000000000e+04
1.893392784214972813e-01, 3.538400000000000000e+04
1.894256952532734073e-01, 5.099300000000000000e+04
1.895121120850495333e-01, 4.167000000000000000e+03
1.895985289168256593e-01, 2.212500000000000000e+04
1.896849457486017854e-01, 3.565400000000000000e+04
1.897713625803779114e-01, 4.166800000000000000e+04
1.898577794121540374e-01, 3.919800000000000000e+04
1.899441962439301634e-01, 2.860900000000000000e+04
1.900306130757063172e-01, 1.199000000000000000e+04
