0.000000000000000000e+00, 5.749000000000000000e+03
3.971939762727627626e-06, 6.020000000000000000e+03
7.943879525455255252e-06, 6.385000000000000000e+03
1.191581928818288457e-05, 6.852000000000000000e+03
1.588775905091051050e-05, 7.372000000000000000e+03
1.985969881363814152e-05, 7.970000000000000000e+03
2.383163857636576914e-05, 8.592000000000000000e+03
2.780357833909339677e-05, 9.239000000000000000e+03
3.177551810182102101e-05, 9.887000000000000000e+03
3.574745786454865202e-05, 1.054000000000000000e+04
3.971939762727628304e-05, 1.121100000000000000e+04
4.369133739000390727e-05, 1.184700000000000000e+04
4.766327715273153829e-05, 1.245700000000000000e+04
5.163521691545916253e-05, 1.302500000000000000e+04
5.560715667818679354e-05, 1.356500000000000000e+04
5.957909644091441778e-05, 1.408500000000000000e+04
6.355103620364204202e-05, 1.455400000000000000e+04
6.752297596636967303e-05, 1.498700000000000000e+04
7.149491572909730404e-05, 1.537500000000000000e+04
7.546685549182493506e-05, 1.571900000000000000e+04
7.943879525455256607e-05, 1.601200000000000000e+04
8.341073501728018353e-05, 1.625700000000000000e+04
8.738267478000781455e-05, 1.644600000000000000e+04
9.135461454273544556e-05, 1.660800000000000000e+04
9.532655430546307658e-05, 1.673700000000000000e+04
9.929849406819069404e-05, 1.680600000000000000e+04
1.032704338309183251e-04, 1.686200000000000000e+04
1.072423735936459561e-04, 1.685100000000000000e+04
1.112143133563735871e-04, 1.683500000000000000e+04
1.151862531191012181e-04, 1.676400000000000000e+04
1.191581928818288356e-04, 1.669500000000000000e+04
1.231301326445564666e-04, 1.657800000000000000e+04
1.271020724072840840e-04, 1.646800000000000000e+04
1.310740121700117286e-04, 1.631600000000000000e+04
1.350459519327393461e-04, 1.617700000000000000e+04
1.390178916954669906e-04, 1.601000000000000000e+04
1.429898314581946081e-04, 1.586400000000000000e+04
1.469617712209222255e-04, 1.572700000000000000e+04
1.509337109836498701e-04, 1.558800000000000000e+04
1.549056507463774876e-04, 1.545400000000000000e+04
1.588775905091051321e-04, 1.533900000000000000e+04
1.628495302718327496e-04, 1.524200000000000000e+04
1.668214700345603671e-04, 1.516000000000000000e+04
1.707934097972880116e-04, 1.509200000000000000e+04
1.747653495600156291e-04, 1.504900000000000000e+04
1.787372893227432737e-04, 1.503600000000000000e+04
1.827092290854708911e-04, 1.506900000000000000e+04
1.866811688481985086e-04, 1.514000000000000000e+04
1.906531086109261532e-04, 1.523600000000000000e+04
1.946250483736537706e-04, 1.538100000000000000e+04
1.985969881363813881e-04, 1.556300000000000000e+04
2.025689278991090326e-04, 1.578700000000000000e+04
2.065408676618366501e-04, 1.605300000000000000e+04
2.105128074245642947e-04, 1.634400000000000000e+04
2.144847471872919121e-04, 1.669000000000000000e+04
2.184566869500195296e-04, 1.707700000000000000e+04
2.224286267127471742e-04, 1.751500000000000000e+04
2.264005664754747916e-04, 1.799400000000000000e+04
2.303725062382024362e-04, 1.851700000000000000e+04
2.343444460009300536e-04, 1.907000000000000000e+04
2.383163857636576711e-04, 1.966200000000000000e+04
2.422883255263853157e-04, 2.029500000000000000e+04
2.462602652891129331e-04, 2.096200000000000000e+04
2.502322050518405506e-04, 2.166700000000000000e+04
2.542041448145681681e-04, 2.242000000000000000e+04
2.581760845772958397e-04, 2.319700000000000000e+04
2.621480243400234572e-04, 2.398200000000000000e+04
2.661199641027510747e-04, 2.478000000000000000e+04
2.700919038654786921e-04, 2.560300000000000000e+04
2.740638436282063096e-04, 2.643400000000000000e+04
2.780357833909339813e-04, 2.731200000000000000e+04
2.820077231536615987e-04, 2.817900000000000000e+04
2.859796629163892162e-04, 2.906900000000000000e+04
2.899516026791168336e-04, 2.994000000000000000e+04
2.939235424418444511e-04, 3.082500000000000000e+04
2.978954822045721228e-04, 3.167700000000000000e+04
3.018674219672997402e-04, 3.253500000000000000e+04
3.058393617300273577e-04, 3.337100000000000000e+04
3.098113014927549752e-04, 3.419800000000000000e+04
3.137832412554825926e-04, 3.501100000000000000e+04
3.177551810182102643e-04, 3.578300000000000000e+04
3.217271207809378817e-04, 3.652800000000000000e+04
3.256990605436654992e-04, 3.724700000000000000e+04
3.296710003063931167e-04, 3.794000000000000000e+04
3.336429400691207341e-04, 3.859300000000000000e+04
3.376148798318484058e-04, 3.919200000000000000e+04
3.415868195945760233e-04, 3.975800000000000000e+04
3.455587593573036407e-04, 4.027500000000000000e+04
3.495306991200312582e-04, 4.072300000000000000e+04
3.535026388827588757e-04, 4.114600000000000000e+04
3.574745786454865473e-04, 4.149100000000000000e+04
3.614465184082141648e-04, 4.180800000000000000e+04
3.654184581709417822e-04, 4.206600000000000000e+04
3.693903979336693997e-04, 4.224900000000000000e+04
3.733623376963970172e-04, 4.237700000000000000e+04
3.773342774591246346e-04, 4.244400000000000000e+04
3.813062172218523063e-04, 4.247300000000000000e+04
3.852781569845799238e-04, 4.244200000000000000e+04
3.892500967473075412e-04, 4.233900000000000000e+04
3.932220365100351587e-04, 4.217700000000000000e+04
3.971939762727627761e-04, 4.196000000000000000e+04
4.011659160354904478e-04, 4.170400000000000000e+04
4.051378557982180653e-04, 4.139500000000000000e+04
4.091097955609456827e-04, 4.103500000000000000e+04
4.130817353236733002e-04, 4.062700000000000000e+04
4.170536750864009177e-04, 4.016800000000000000e+04
4.210256148491285893e-04, 3.966900000000000000e+04
4.249975546118562068e-04, 3.912900000000000000e+04
4.289694943745838243e-04, 3.853900000000000000e+04
4.329414341373114417e-04, 3.792600000000000000e+04
4.369133739000390592e-04, 3.731200000000000000e+04
4.408853136627667309e-04, 3.664800000000000000e+04
4.448572534254943483e-04, 3.598100000000000000e+04
4.488291931882219658e-04, 3.526600000000000000e+04
4.528011329509495832e-04, 3.456000000000000000e+04
4.567730727136772007e-04, 3.381600000000000000e+04
4.607450124764048724e-04, 3.308900000000000000e+04
4.647169522391324898e-04, 3.233100000000000000e+04
4.686888920018601073e-04, 3.159800000000000000e+04
4.726608317645877248e-04, 3.084100000000000000e+04
4.766327715273153422e-04, 3.011400000000000000e+04
4.806047112900430139e-04, 2.938300000000000000e+04
4.845766510527706314e-04, 2.869000000000000000e+04
4.885485908154981946e-04, 2.801200000000000000e+04
4.925205305782258663e-04, 2.736100000000000000e+04
4.964924703409535379e-04, 2.673300000000000000e+04
5.004644101036811012e-04, 2.614000000000000000e+04
5.044363498664087729e-04, 2.557700000000000000e+04
5.084082896291363361e-04, 2.504700000000000000e+04
5.123802293918640078e-04, 2.454700000000000000e+04
5.163521691545916795e-04, 2.409400000000000000e+04
5.203241089173192427e-04, 2.369200000000000000e+04
5.242960486800469144e-04, 2.334400000000000000e+04
5.282679884427744776e-04, 2.305300000000000000e+04
5.322399282055021493e-04, 2.280600000000000000e+04
5.362118679682298210e-04, 2.260900000000000000e+04
5.401838077309573842e-04, 2.247300000000000000e+04
5.441557474936850559e-04, 2.239000000000000000e+04
5.481276872564126192e-04, 2.237000000000000000e+04
5.520996270191402908e-04, 2.237900000000000000e+04
5.560715667818679625e-04, 2.245300000000000000e+04
5.600435065445955258e-04, 2.258500000000000000e+04
5.640154463073231974e-04, 2.277400000000000000e+04
5.679873860700507607e-04, 2.302500000000000000e+04
5.719593258327784323e-04, 2.332700000000000000e+04
5.759312655955061040e-04, 2.366200000000000000e+04
5.799032053582336673e-04, 2.404900000000000000e+04
5.838751451209613389e-04, 2.448300000000000000e+04
5.878470848836889022e-04, 2.497000000000000000e+04
5.918190246464165739e-04, 2.549200000000000000e+04
5.957909644091442455e-04, 2.606800000000000000e+04
5.997629041718718088e-04, 2.667700000000000000e+04
6.037348439345994805e-04, 2.731000000000000000e+04
6.077067836973270437e-04, 2.795200000000000000e+04
6.116787234600547154e-04, 2.862600000000000000e+04
6.156506632227823871e-04, 2.932500000000000000e+04
6.196226029855099503e-04, 3.007400000000000000e+04
6.235945427482376220e-04, 3.080900000000000000e+04
6.275664825109651852e-04, 3.158200000000000000e+04
6.315384222736928569e-04, 3.233200000000000000e+04
6.355103620364205286e-04, 3.310300000000000000e+04
6.394823017991480918e-04, 3.385300000000000000e+04
6.434542415618757635e-04, 3.460600000000000000e+04
6.474261813246033267e-04, 3.535000000000000000e+04
6.513981210873309984e-04, 3.607600000000000000e+04
6.553700608500586701e-04, 3.679600000000000000e+04
6.593420006127862333e-04, 3.748600000000000000e+04
6.633139403755139050e-04, 3.814400000000000000e+04
6.672858801382414683e-04, 3.877900000000000000e+04
6.712578199009691399e-04, 3.939300000000000000e+04
6.752297596636968116e-04, 3.997000000000000000e+04
6.792016994264243749e-04, 4.049800000000000000e+04
6.831736391891520465e-04, 4.099600000000000000e+04
6.871455789518796098e-04, 4.144100000000000000e+04
6.911175187146072815e-04, 4.182600000000000000e+04
6.950894584773349531e-04, 4.217900000000000000e+04
6.990613982400625164e-04, 4.245800000000000000e+04
7.030333380027901881e-04, 4.270800000000000000e+04
7.070052777655177513e-04, 4.290700000000000000e+04
7.109772175282454230e-04, 4.302900000000000000e+04
7.149491572909730946e-04, 4.311500000000000000e+04
7.189210970537006579e-04, 4.313800000000000000e+04
7.228930368164283296e-04, 4.311900000000000000e+04
7.268649765791558928e-04, 4.304400000000000000e+04
7.308369163418835645e-04, 4.290000000000000000e+04
7.348088561046111277e-04, 4.269900000000000000e+04
7.387807958673387994e-04, 4.244700000000000000e+04
7.427527356300664711e-04, 4.215200000000000000e+04
7.467246753927940343e-04, 4.181200000000000000e+04
7.506966151555217060e-04, 4.141800000000000000e+04
7.546685549182492693e-04, 4.097900000000000000e+04
7.586404946809769409e-04, 4.048200000000000000e+04
7.626124344437046126e-04, 3.995100000000000000e+04
7.665843742064321759e-04, 3.938400000000000000e+04
7.705563139691598475e-04, 3.876900000000000000e+04
7.745282537318874108e-04, 3.812900000000000000e+04
7.785001934946150825e-04, 3.748000000000000000e+04
7.824721332573427541e-04, 3.678800000000000000e+04
7.864440730200703174e-04, 3.608500000000000000e+04
7.904160127827979890e-04, 3.534900000000000000e+04
7.943879525455255523e-04, 3.461300000000000000e+04
7.983598923082532240e-04, 3.385300000000000000e+04
8.023318320709808956e-04, 3.310000000000000000e+04
8.063037718337084589e-04, 3.233200000000000000e+04
8.102757115964361306e-04, 3.157800000000000000e+04
8.142476513591636938e-04, 3.081400000000000000e+04
8.182195911218913655e-04, 3.006900000000000000e+04
8.221915308846190372e-04, 2.934000000000000000e+04
8.261634706473466004e-04, 2.865400000000000000e+04
8.301354104100742721e-04, 2.797600000000000000e+04
8.341073501728018353e-04, 2.733100000000000000e+04
8.380792899355295070e-04, 2.670800000000000000e+04
8.420512296982571787e-04, 2.612100000000000000e+04
8.460231694609847419e-04, 2.556600000000000000e+04
8.499951092237124136e-04, 2.504300000000000000e+04
8.539670489864399769e-04, 2.455100000000000000e+04
8.579389887491676485e-04, 2.411300000000000000e+04
8.619109285118953202e-04, 2.371700000000000000e+04
8.658828682746228834e-04, 2.338200000000000000e+04
8.698548080373505551e-04, 2.309500000000000000e+04
8.738267478000781184e-04, 2.286000000000000000e+04
8.777986875628057900e-04, 2.267300000000000000e+04
8.817706273255334617e-04, 2.254600000000000000e+04
8.857425670882610250e-04, 2.247100000000000000e+04
8.897145068509886966e-04, 2.246600000000000000e+04
8.936864466137162599e-04, 2.249400000000000000e+04
8.976583863764439316e-04, 2.257800000000000000e+04
9.016303261391716032e-04, 2.271900000000000000e+04
9.056022659018991665e-04, 2.292100000000000000e+04
9.095742056646268382e-04, 2.318000000000000000e+04
9.135461454273544014e-04, 2.348000000000000000e+04
9.175180851900820731e-04, 2.381800000000000000e+04
9.214900249528097448e-04, 2.421000000000000000e+04
9.254619647155373080e-04, 2.464800000000000000e+04
9.294339044782649797e-04, 2.514000000000000000e+04
9.334058442409925429e-04, 2.567200000000000000e+04
9.373777840037202146e-04, 2.624900000000000000e+04
9.413497237664478863e-04, 2.685600000000000000e+04
9.453216635291754495e-04, 2.749000000000000000e+04
9.492936032919031212e-04, 2.813900000000000000e+04
9.532655430546306844e-04, 2.880900000000000000e+04
9.572374828173583561e-04, 2.951600000000000000e+04
9.612094225800860278e-04, 3.026600000000000000e+04
9.651813623428135910e-04, 3.100300000000000000e+04
9.691533021055412627e-04, 3.177500000000000000e+04
9.731252418682688260e-04, 3.252600000000000000e+04
9.770971816309963892e-04, 3.328800000000000000e+04
9.810691213937240609e-04, 3.404100000000000000e+04
9.850410611564517326e-04, 3.478500000000000000e+04
9.890130009191794042e-04, 3.553100000000000000e+04
9.929849406819070759e-04, 3.624800000000000000e+04
9.969568804446345307e-04, 3.695800000000000000e+04
1.000928820207362202e-03, 3.764500000000000000e+04
1.004900759970089874e-03, 3.829900000000000000e+04
1.008872699732817546e-03, 3.892600000000000000e+04
1.012844639495545217e-03, 3.953100000000000000e+04
1.016816579258272672e-03, 4.010000000000000000e+04
1.020788519021000344e-03, 4.061000000000000000e+04
1.024760458783728016e-03, 4.108800000000000000e+04
1.028732398546455687e-03, 4.151300000000000000e+04
1.032704338309183359e-03, 4.188500000000000000e+04
1.036676278071910814e-03, 4.222200000000000000e+04
1.040648217834638485e-03, 4.250300000000000000e+04
1.044620157597366157e-03, 4.274200000000000000e+04
1.048592097360093829e-03, 4.293100000000000000e+04
1.052564037122821500e-03, 4.304500000000000000e+04
1.056535976885548955e-03, 4.312100000000000000e+04
1.060507916648276627e-03, 4.314000000000000000e+04
1.064479856411004299e-03, 4.311300000000000000e+04
1.068451796173731970e-03, 4.302400000000000000e+04
1.072423735936459642e-03, 4.287400000000000000e+04
1.076395675699187097e-03, 4.266000000000000000e+04
1.080367615461914768e-03, 4.240700000000000000e+04
1.084339555224642440e-03, 4.210200000000000000e+04
1.088311494987370112e-03, 4.176400000000000000e+04
1.092283434750097783e-03, 4.137100000000000000e+04
1.096255374512825238e-03, 4.093300000000000000e+04
1.100227314275552910e-03, 4.044000000000000000e+04
1.104199254038280582e-03, 3.990400000000000000e+04
1.108171193801008253e-03, 3.934100000000000000e+04
1.112143133563735925e-03, 3.873100000000000000e+04
1.116115073326463380e-03, 3.809500000000000000e+04
1.120087013089191052e-03, 3.744000000000000000e+04
1.124058952851918723e-03, 3.675300000000000000e+04
1.128030892614646395e-03, 3.604300000000000000e+04
1.132002832377374067e-03, 3.531300000000000000e+04
1.135974772140101521e-03, 3.457000000000000000e+04
1.139946711902829193e-03, 3.381700000000000000e+04
1.143918651665556865e-03, 3.305800000000000000e+04
1.147890591428284536e-03, 3.229600000000000000e+04
1.151862531191012208e-03, 3.153700000000000000e+04
1.155834470953739663e-03, 3.077500000000000000e+04
1.159806410716467335e-03, 3.002500000000000000e+04
1.163778350479195006e-03, 2.929300000000000000e+04
1.167750290241922678e-03, 2.860000000000000000e+04
1.171722230004650350e-03, 2.791300000000000000e+04
1.175694169767377804e-03, 2.725400000000000000e+04
1.179666109530105476e-03, 2.662700000000000000e+04
1.183638049292833148e-03, 2.603700000000000000e+04
1.187609989055560819e-03, 2.548000000000000000e+04
1.191581928818288491e-03, 2.495500000000000000e+04
1.195553868581015946e-03, 2.447100000000000000e+04
1.199525808343743618e-03, 2.403400000000000000e+04
1.203497748106471289e-03, 2.364600000000000000e+04
1.207469687869198961e-03, 2.331200000000000000e+04
1.211441627631926633e-03, 2.303100000000000000e+04
1.215413567394654087e-03, 2.279700000000000000e+04
1.219385507157381759e-03, 2.261200000000000000e+04
1.223357446920109431e-03, 2.248700000000000000e+04
1.227329386682837102e-03, 2.241400000000000000e+04
1.231301326445564774e-03, 2.239700000000000000e+04
1.235273266208292229e-03, 2.243200000000000000e+04
1.239245205971019901e-03, 2.251100000000000000e+04
1.243217145733747572e-03, 2.265400000000000000e+04
1.247189085496475244e-03, 2.286300000000000000e+04
1.251161025259202916e-03, 2.312300000000000000e+04
1.255132965021930370e-03, 2.342400000000000000e+04
1.259104904784658042e-03, 2.376900000000000000e+04
1.263076844547385714e-03, 2.416700000000000000e+04
1.267048784310113385e-03, 2.461100000000000000e+04
1.271020724072841057e-03, 2.510700000000000000e+04
1.274992663835568512e-03, 2.565600000000000000e+04
1.278964603598296184e-03, 2.622400000000000000e+04
1.282936543361023855e-03, 2.682500000000000000e+04
1.286908483123751527e-03, 2.745200000000000000e+04
1.290880422886479199e-03, 2.810300000000000000e+04
1.294852362649206653e-03, 2.876700000000000000e+04
1.298824302411934325e-03, 2.947600000000000000e+04
1.302796242174661997e-03, 3.021700000000000000e+04
1.306768181937389669e-03, 3.095800000000000000e+04
1.310740121700117340e-03, 3.172200000000000000e+04
1.314712061462844795e-03, 3.247700000000000000e+04
1.318684001225572467e-03, 3.323300000000000000e+04
1.322655940988300138e-03, 3.399100000000000000e+04
1.326627880751027810e-03, 3.472800000000000000e+04
1.330599820513755482e-03, 3.547700000000000000e+04
1.334571760276482937e-03, 3.619100000000000000e+04
1.338543700039210608e-03, 3.689600000000000000e+04
1.342515639801938280e-03, 3.758200000000000000e+04
1.346487579564665952e-03, 3.824300000000000000e+04
1.350459519327393623e-03, 3.887000000000000000e+04
1.354431459090121078e-03, 3.947500000000000000e+04
1.358403398852848750e-03, 4.004300000000000000e+04
1.362375338615576421e-03, 4.056400000000000000e+04
1.366347278378304093e-03, 4.104300000000000000e+04
1.370319218141031765e-03, 4.147600000000000000e+04
1.374291157903759220e-03, 4.185800000000000000e+04
1.378263097666486891e-03, 4.219200000000000000e+04
1.382235037429214563e-03, 4.248200000000000000e+04
1.386206977191942235e-03, 4.271800000000000000e+04
1.390178916954669906e-03, 4.290500000000000000e+04
1.394150856717397361e-03, 4.301700000000000000e+04
1.398122796480125033e-03, 4.308100000000000000e+04
1.402094736242852704e-03, 4.310900000000000000e+04
1.406066676005580376e-03, 4.307400000000000000e+04
1.410038615768308048e-03, 4.299100000000000000e+04
1.414010555531035503e-03, 4.284100000000000000e+04
1.417982495293763174e-03, 4.262600000000000000e+04
1.421954435056490846e-03, 4.238000000000000000e+04
1.425926374819218518e-03, 4.207200000000000000e+04
1.429898314581946189e-03, 4.172100000000000000e+04
1.433870254344673644e-03, 4.131700000000000000e+04
1.437842194107401316e-03, 4.087000000000000000e+04
1.441814133870128987e-03, 4.037000000000000000e+04
1.445786073632856659e-03, 3.982400000000000000e+04
1.449758013395584114e-03, 3.924700000000000000e+04
1.453729953158311786e-03, 3.863400000000000000e+04
1.457701892921039457e-03, 3.799500000000000000e+04
1.461673832683767129e-03, 3.732700000000000000e+04
1.465645772446494801e-03, 3.664100000000000000e+04
1.469617712209222255e-03, 3.592000000000000000e+04
1.473589651971949927e-03, 3.518800000000000000e+04
1.477561591734677599e-03, 3.443600000000000000e+04
1.481533531497405271e-03, 3.368300000000000000e+04
1.485505471260132942e-03, 3.291800000000000000e+04
1.489477411022860397e-03, 3.215900000000000000e+04
1.493449350785588069e-03, 3.139400000000000000e+04
1.497421290548315740e-03, 3.064000000000000000e+04
1.501393230311043412e-03, 2.988600000000000000e+04
1.505365170073771084e-03, 2.916100000000000000e+04
1.509337109836498539e-03, 2.847500000000000000e+04
1.513309049599226210e-03, 2.779600000000000000e+04
1.517280989361953882e-03, 2.713800000000000000e+04
1.521252929124681554e-03, 2.651900000000000000e+04
1.525224868887409225e-03, 2.593500000000000000e+04
1.529196808650136680e-03, 2.538400000000000000e+04
1.533168748412864352e-03, 2.486500000000000000e+04
1.537140688175592023e-03, 2.439500000000000000e+04
1.541112627938319695e-03, 2.397400000000000000e+04
1.545084567701047367e-03, 2.360700000000000000e+04
1.549056507463774822e-03, 2.328700000000000000e+04
1.553028447226502493e-03, 2.302100000000000000e+04
1.557000386989230165e-03, 2.281100000000000000e+04
1.560972326751957837e-03, 2.264700000000000000e+04
1.564944266514685508e-03, 2.254000000000000000e+04
1.568916206277412963e-03, 2.248300000000000000e+04
1.572888146040140635e-03, 2.247000000000000000e+04
1.576860085802868306e-03, 2.252700000000000000e+04
1.580832025565595978e-03, 2.261800000000000000e+04
1.584803965328323650e-03, 2.278000000000000000e+04
1.588775905091051105e-03, 2.300200000000000000e+04
1.592747844853778776e-03, 2.326900000000000000e+04
1.596719784616506448e-03, 2.358300000000000000e+04
1.600691724379234120e-03, 2.393900000000000000e+04
1.604663664141961791e-03, 2.433700000000000000e+04
1.608635603904689246e-03, 2.477700000000000000e+04
1.612607543667416918e-03, 2.527100000000000000e+04
1.616579483430144589e-03, 2.582200000000000000e+04
1.620551423192872261e-03, 2.639900000000000000e+04
1.624523362955599933e-03, 2.700500000000000000e+04
1.628495302718327388e-03, 2.763600000000000000e+04
1.632467242481055059e-03, 2.830000000000000000e+04
1.636439182243782731e-03, 2.896600000000000000e+04
1.640411122006510403e-03, 2.968700000000000000e+04
1.644383061769238074e-03, 3.042500000000000000e+04
1.648355001531965529e-03, 3.117400000000000000e+04
1.652326941294693201e-03, 3.193300000000000000e+04
1.656298881057420872e-03, 3.269500000000000000e+04
1.660270820820148544e-03, 3.344500000000000000e+04
1.664242760582876216e-03, 3.420700000000000000e+04
1.668214700345603671e-03, 3.493800000000000000e+04
1.672186640108331342e-03, 3.568300000000000000e+04
1.676158579871059014e-03, 3.640000000000000000e+04
1.680130519633786686e-03, 3.709900000000000000e+04
1.684102459396514357e-03, 3.777600000000000000e+04
1.688074399159241812e-03, 3.843000000000000000e+04
1.692046338921969484e-03, 3.905700000000000000e+04
1.696018278684697156e-03, 3.965300000000000000e+04
1.699990218447424827e-03, 4.020300000000000000e+04
1.703962158210152499e-03, 4.071700000000000000e+04
1.707934097972879954e-03, 4.118500000000000000e+04
1.711906037735607625e-03, 4.160300000000000000e+04
1.715877977498335297e-03, 4.197900000000000000e+04
1.719849917261062969e-03, 4.229700000000000000e+04
1.723821857023790640e-03, 4.258300000000000000e+04
1.727793796786518095e-03, 4.280500000000000000e+04
1.731765736549245767e-03, 4.298200000000000000e+04
1.735737676311973439e-03, 4.309000000000000000e+04
1.739709616074701110e-03, 4.314600000000000000e+04
1.743681555837428782e-03, 4.317200000000000000e+04
1.747653495600156237e-03, 4.312700000000000000e+04
1.751625435362883908e-03, 4.302800000000000000e+04
1.755597375125611580e-03, 4.285800000000000000e+04
1.759569314888339252e-03, 4.263100000000000000e+04
1.763541254651066923e-03, 4.237300000000000000e+04
1.767513194413794378e-03, 4.205000000000000000e+04
1.771485134176522050e-03, 4.168500000000000000e+04
1.775457073939249722e-03, 4.127000000000000000e+04
1.779429013701977393e-03, 4.081200000000000000e+04
1.783400953464705065e-03, 4.030400000000000000e+04
1.787372893227432520e-03, 3.975100000000000000e+04
1.791344832990160191e-03, 3.915700000000000000e+04
1.795316772752887863e-03, 3.853900000000000000e+04
1.799288712515615535e-03, 3.789400000000000000e+04
1.803260652278343206e-03, 3.721300000000000000e+04
1.807232592041070661e-03, 3.652200000000000000e+04
1.811204531803798333e-03, 3.579100000000000000e+04
1.815176471566526005e-03, 3.506200000000000000e+04
1.819148411329253676e-03, 3.430200000000000000e+04
1.823120351091981348e-03, 3.355300000000000000e+04
1.827092290854708803e-03, 3.278100000000000000e+04
1.831064230617436474e-03, 3.202700000000000000e+04
1.835036170380164146e-03, 3.125600000000000000e+04
1.839008110142891818e-03, 3.050900000000000000e+04
1.842980049905619490e-03, 2.975200000000000000e+04
1.846951989668346944e-03, 2.903500000000000000e+04
1.850923929431074616e-03, 2.835300000000000000e+04
1.854895869193802288e-03, 2.768000000000000000e+04
1.858867808956529959e-03, 2.703100000000000000e+04
1.862839748719257631e-03, 2.642900000000000000e+04
1.866811688481985086e-03, 2.586100000000000000e+04
1.870783628244712758e-03, 2.532500000000000000e+04
1.874755568007440429e-03, 2.481800000000000000e+04
1.878727507770168101e-03, 2.435600000000000000e+04
1.882699447532895773e-03, 2.393500000000000000e+04
1.886671387295623227e-03, 2.357700000000000000e+04
1.890643327058350899e-03, 2.326600000000000000e+04
1.894615266821078571e-03, 2.300000000000000000e+04
1.898587206583806242e-03, 2.279600000000000000e+04
1.902559146346533914e-03, 2.264000000000000000e+04
1.906531086109261369e-03, 2.254000000000000000e+04
1.910503025871989041e-03, 2.249000000000000000e+04
1.914474965634716712e-03, 2.248200000000000000e+04
1.918446905397444384e-03, 2.254400000000000000e+04
1.922418845160172056e-03, 2.264900000000000000e+04
1.926390784922899510e-03, 2.282900000000000000e+04
1.930362724685627182e-03, 2.306000000000000000e+04
1.934334664448354854e-03, 2.333900000000000000e+04
1.938306604211082525e-03, 2.366500000000000000e+04
1.942278543973810197e-03, 2.403200000000000000e+04
1.946250483736537652e-03, 2.444900000000000000e+04
1.950222423499265324e-03, 2.490700000000000000e+04
1.954194363261992778e-03, 2.541600000000000000e+04
1.958166303024720667e-03, 2.598200000000000000e+04
1.962138242787448122e-03, 2.657700000000000000e+04
1.966110182550176010e-03, 2.719100000000000000e+04
1.970082122312903465e-03, 2.782800000000000000e+04
1.974054062075630920e-03, 2.849900000000000000e+04
1.978026001838358808e-03, 2.917700000000000000e+04
1.981997941601086263e-03, 2.990900000000000000e+04
1.985969881363814152e-03, 3.064600000000000000e+04
1.989941821126541607e-03, 3.140500000000000000e+04
1.993913760889269061e-03, 3.216300000000000000e+04
1.997885700651996950e-03, 3.293200000000000000e+04
2.001857640414724405e-03, 3.367800000000000000e+04
2.005829580177452293e-03, 3.444000000000000000e+04
2.009801519940179748e-03, 3.517200000000000000e+04
2.013773459702907203e-03, 3.590800000000000000e+04
2.017745399465635091e-03, 3.662700000000000000e+04
2.021717339228362546e-03, 3.731800000000000000e+04
2.025689278991090435e-03, 3.798500000000000000e+04
2.029661218753817890e-03, 3.863000000000000000e+04
2.033633158516545344e-03, 3.925300000000000000e+04
2.037605098279273233e-03, 3.984000000000000000e+04
2.041577038042000688e-03, 4.037600000000000000e+04
2.045548977804728576e-03, 4.088100000000000000e+04
2.049520917567456031e-03, 4.134200000000000000e+04
2.053492857330183486e-03, 4.174200000000000000e+04
2.057464797092911375e-03, 4.211600000000000000e+04
2.061436736855638829e-03, 4.242500000000000000e+04
2.065408676618366718e-03, 4.270600000000000000e+04
2.069380616381094173e-03, 4.292200000000000000e+04
2.073352556143821628e-03, 4.308400000000000000e+04
2.077324495906549516e-03, 4.317900000000000000e+04
2.081296435669276971e-03, 4.322200000000000000e+04
2.085268375432004859e-03, 4.323300000000000000e+04
2.089240315194732314e-03, 4.317800000000000000e+04
2.093212254957459769e-03, 4.305800000000000000e+04
2.097184194720187658e-03, 4.287200000000000000e+04
2.101156134482915112e-03, 4.263600000000000000e+04
2.105128074245643001e-03, 4.236300000000000000e+04
2.109100014008370456e-03, 4.202900000000000000e+04
2.113071953771097911e-03, 4.165100000000000000e+04
2.117043893533825799e-03, 4.122500000000000000e+04
2.121015833296553254e-03, 4.075400000000000000e+04
2.124987773059281142e-03, 4.023400000000000000e+04
2.128959712822008597e-03, 3.967200000000000000e+04
2.132931652584736052e-03, 3.906200000000000000e+04
2.136903592347463941e-03, 3.843700000000000000e+04
2.140875532110191395e-03, 3.779100000000000000e+04
2.144847471872919284e-03, 3.709800000000000000e+04
2.148819411635646739e-03, 3.640700000000000000e+04
2.152791351398374194e-03, 3.566700000000000000e+04
2.156763291161102082e-03, 3.494000000000000000e+04
2.160735230923829537e-03, 3.417300000000000000e+04
2.164707170686557425e-03, 3.342700000000000000e+04
2.168679110449284880e-03, 3.264900000000000000e+04
2.172651050212012335e-03, 3.189900000000000000e+04
2.176622989974740224e-03, 3.112400000000000000e+04
2.180594929737467678e-03, 3.038200000000000000e+04
2.184566869500195567e-03, 2.963200000000000000e+04
2.188538809262923022e-03, 2.891700000000000000e+04
2.192510749025650477e-03, 2.823000000000000000e+04
2.196482688788378365e-03, 2.756100000000000000e+04
2.200454628551105820e-03, 2.691400000000000000e+04
2.204426568313833708e-03, 2.630500000000000000e+04
2.208398508076561163e-03, 2.573100000000000000e+04
2.212370447839288618e-03, 2.519000000000000000e+04
2.216342387602016507e-03, 2.468000000000000000e+04
2.220314327364743962e-03, 2.421500000000000000e+04
2.224286267127471850e-03, 2.380000000000000000e+04
2.228258206890199305e-03, 2.344200000000000000e+04
2.232230146652926760e-03, 2.314100000000000000e+04
2.236202086415654648e-03, 2.288000000000000000e+04
2.240174026178382103e-03, 2.267700000000000000e+04
2.244145965941109992e-03, 2.252900000000000000e+04
2.248117905703837446e-03, 2.243700000000000000e+04
2.252089845466564901e-03, 2.240300000000000000e+04
2.256061785229292790e-03, 2.240900000000000000e+04
2.260033724992020245e-03, 2.248300000000000000e+04
2.264005664754748133e-03, 2.260700000000000000e+04
2.267977604517475588e-03, 2.279400000000000000e+04
2.271949544280203043e-03, 2.303100000000000000e+04
2.275921484042930931e-03, 2.332200000000000000e+04
2.279893423805658386e-03, 2.365300000000000000e+04
2.283865363568386275e-03, 2.402900000000000000e+04
2.287837303331113729e-03, 2.445500000000000000e+04
2.291809243093841184e-03, 2.492700000000000000e+04
2.295781182856569073e-03, 2.544100000000000000e+04
2.299753122619296528e-03, 2.601300000000000000e+04
2.303725062382024416e-03, 2.661800000000000000e+04
2.307697002144751871e-03, 2.724000000000000000e+04
2.311668941907479326e-03, 2.787900000000000000e+04
2.315640881670207214e-03, 2.855100000000000000e+04
2.319612821432934669e-03, 2.924200000000000000e+04
2.323584761195662558e-03, 2.998500000000000000e+04
2.327556700958390012e-03, 3.072400000000000000e+04
2.331528640721117467e-03, 3.149100000000000000e+04
2.335500580483845356e-03, 3.224600000000000000e+04
2.339472520246572811e-03, 3.301900000000000000e+04
2.343444460009300699e-03, 3.376400000000000000e+04
2.347416399772028154e-03, 3.452000000000000000e+04
2.351388339534755609e-03, 3.525900000000000000e+04
2.355360279297483497e-03, 3.598900000000000000e+04
2.359332219060210952e-03, 3.671200000000000000e+04
2.363304158822938841e-03, 3.739900000000000000e+04
2.367276098585666295e-03, 3.806100000000000000e+04
2.371248038348393750e-03, 3.870000000000000000e+04
2.375219978111121639e-03, 3.931800000000000000e+04
2.379191917873849094e-03, 3.989900000000000000e+04
2.383163857636576982e-03, 4.043100000000000000e+04
2.387135797399304437e-03, 4.093600000000000000e+04
2.391107737162031892e-03, 4.139600000000000000e+04
2.395079676924759780e-03, 4.178900000000000000e+04
2.399051616687487235e-03, 4.215800000000000000e+04
2.403023556450215124e-03, 4.245400000000000000e+04
2.406995496212942579e-03, 4.272200000000000000e+04
2.410967435975670033e-03, 4.293600000000000000e+04
2.414939375738397922e-03, 4.307600000000000000e+04
2.418911315501125377e-03, 4.317200000000000000e+04
2.422883255263853265e-03, 4.320700000000000000e+04
2.426855195026580720e-03, 4.320000000000000000e+04
2.430827134789308175e-03, 4.313800000000000000e+04
2.434799074552036063e-03, 4.300300000000000000e+04
2.438771014314763518e-03, 4.281200000000000000e+04
2.442742954077491407e-03, 4.256500000000000000e+04
2.446714893840218862e-03, 4.228000000000000000e+04
2.450686833602946316e-03, 4.194100000000000000e+04
2.454658773365674205e-03, 4.155100000000000000e+04
2.458630713128401660e-03, 4.111400000000000000e+04
2.462602652891129548e-03, 4.062700000000000000e+04
2.466574592653857003e-03, 4.010300000000000000e+04
2.470546532416584458e-03, 3.953900000000000000e+04
2.474518472179312346e-03, 3.892500000000000000e+04
2.478490411942039801e-03, 3.829100000000000000e+04
2.482462351704767690e-03, 3.764500000000000000e+04
2.486434291467495145e-03, 3.695200000000000000e+04
2.490406231230222599e-03, 3.625400000000000000e+04
2.494378170992950488e-03, 3.551500000000000000e+04
2.498350110755677943e-03, 3.478300000000000000e+04
2.502322050518405831e-03, 3.401900000000000000e+04
2.506293990281133286e-03, 3.326900000000000000e+04
2.510265930043860741e-03, 3.249500000000000000e+04
2.514237869806588629e-03, 3.174400000000000000e+04
2.518209809569316084e-03, 3.096900000000000000e+04
2.522181749332043973e-03, 3.022600000000000000e+04
2.526153689094771428e-03, 2.948100000000000000e+04
2.530125628857498882e-03, 2.877500000000000000e+04
2.534097568620226771e-03, 2.808500000000000000e+04
2.538069508382954226e-03, 2.742400000000000000e+04
2.542041448145682114e-03, 2.678600000000000000e+04
2.546013387908409569e-03, 2.618400000000000000e+04
2.549985327671137024e-03, 2.561700000000000000e+04
2.553957267433864912e-03, 2.508300000000000000e+04
2.557929207196592367e-03, 2.458000000000000000e+04
2.561901146959320256e-03, 2.412600000000000000e+04
2.565873086722047711e-03, 2.372200000000000000e+04
2.569845026484775165e-03, 2.337400000000000000e+04
2.573816966247503054e-03, 2.308100000000000000e+04
2.577788906010230509e-03, 2.283400000000000000e+04
2.581760845772958397e-03, 2.263500000000000000e+04
2.585732785535685852e-03, 2.249100000000000000e+04
2.589704725298413307e-03, 2.240200000000000000e+04
2.593676665061141196e-03, 2.237700000000000000e+04
2.597648604823868650e-03, 2.238200000000000000e+04
2.601620544586596539e-03, 2.245100000000000000e+04
2.605592484349323994e-03, 2.258000000000000000e+04
2.609564424112051449e-03, 2.276600000000000000e+04
2.613536363874779337e-03, 2.301000000000000000e+04
2.617508303637506792e-03, 2.330500000000000000e+04
2.621480243400234680e-03, 2.363300000000000000e+04
2.625452183162962135e-03, 2.401600000000000000e+04
2.629424122925689590e-03, 2.444700000000000000e+04
2.633396062688417479e-03, 2.493200000000000000e+04
2.637368002451144933e-03, 2.545400000000000000e+04
2.641339942213872822e-03, 2.602800000000000000e+04
2.645311881976600277e-03, 2.663500000000000000e+04
2.649283821739327732e-03, 2.727000000000000000e+04
2.653255761502055620e-03, 2.791400000000000000e+04
2.657227701264783075e-03, 2.859000000000000000e+04
2.661199641027510963e-03, 2.929100000000000000e+04
2.665171580790238418e-03, 3.004200000000000000e+04
2.669143520552965873e-03, 3.077900000000000000e+04
2.673115460315693762e-03, 3.155300000000000000e+04
2.677087400078421216e-03, 3.230500000000000000e+04
2.681059339841149105e-03, 3.307400000000000000e+04
2.685031279603876560e-03, 3.382600000000000000e+04
2.689003219366604015e-03, 3.457600000000000000e+04
2.692975159129331903e-03, 3.532200000000000000e+04
2.696947098892059358e-03, 3.604700000000000000e+04
2.700919038654787246e-03, 3.676500000000000000e+04
2.704890978417514701e-03, 3.745700000000000000e+04
2.708862918180242156e-03, 3.811400000000000000e+04
2.712834857942970045e-03, 3.874800000000000000e+04
2.716806797705697499e-03, 3.936500000000000000e+04
2.720778737468425388e-03, 3.994500000000000000e+04
2.724750677231152843e-03, 4.047600000000000000e+04
2.728722616993880298e-03, 4.097600000000000000e+04
2.732694556756608186e-03, 4.142300000000000000e+04
2.736666496519335641e-03, 4.181000000000000000e+04
2.740638436282063529e-03, 4.216800000000000000e+04
2.744610376044790984e-03, 4.246000000000000000e+04
2.748582315807518439e-03, 4.271600000000000000e+04
2.752554255570246328e-03, 4.292100000000000000e+04
2.756526195332973782e-03, 4.304900000000000000e+04
2.760498135095701671e-03, 4.314000000000000000e+04
2.764470074858429126e-03, 4.316700000000000000e+04
2.768442014621156581e-03, 4.315200000000000000e+04
2.772413954383884469e-03, 4.307600000000000000e+04
2.776385894146611924e-03, 4.293000000000000000e+04
2.780357833909339813e-03, 4.272600000000000000e+04
2.784329773672067267e-03, 4.246900000000000000e+04
2.788301713434794722e-03, 4.217000000000000000e+04
2.792273653197522611e-03, 4.182700000000000000e+04
2.796245592960250066e-03, 4.143000000000000000e+04
2.800217532722977954e-03, 4.098800000000000000e+04
2.804189472485705409e-03, 4.049200000000000000e+04
2.808161412248432864e-03, 3.995900000000000000e+04
2.812133352011160752e-03, 3.939300000000000000e+04
2.816105291773888207e-03, 3.877900000000000000e+04
2.820077231536616096e-03, 3.814000000000000000e+04
2.824049171299343550e-03, 3.748900000000000000e+04
2.828021111062071005e-03, 3.679900000000000000e+04
2.831993050824798894e-03, 3.609300000000000000e+04
2.835964990587526349e-03, 3.535800000000000000e+04
2.839936930350254237e-03, 3.461900000000000000e+04
2.843908870112981692e-03, 3.385700000000000000e+04
2.847880809875709147e-03, 3.310200000000000000e+04
2.851852749638437035e-03, 3.233200000000000000e+04
2.855824689401164490e-03, 3.157600000000000000e+04
2.859796629163892379e-03, 3.081100000000000000e+04
2.863768568926619833e-03, 3.006500000000000000e+04
2.867740508689347288e-03, 2.932900000000000000e+04
2.871712448452075177e-03, 2.863100000000000000e+04
2.875684388214802632e-03, 2.794100000000000000e+04
2.879656327977530086e-03, 2.728600000000000000e+04
2.883628267740257975e-03, 2.665500000000000000e+04
2.887600207502985430e-03, 2.606200000000000000e+04
2.891572147265713318e-03, 2.550200000000000000e+04
2.895544087028440773e-03, 2.497500000000000000e+04
2.899516026791168228e-03, 2.448100000000000000e+04
2.903487966553896116e-03, 2.404400000000000000e+04
2.907459906316623571e-03, 2.365600000000000000e+04
2.911431846079351460e-03, 2.332900000000000000e+04
2.915403785842078915e-03, 2.304800000000000000e+04
2.919375725604806369e-03, 2.281900000000000000e+04
2.923347665367534258e-03, 2.263800000000000000e+04
2.927319605130261713e-03, 2.251600000000000000e+04
2.931291544892989601e-03, 2.244600000000000000e+04
2.935263484655717056e-03, 2.243600000000000000e+04
2.939235424418444511e-03, 2.246600000000000000e+04
2.943207364181172399e-03, 2.254700000000000000e+04
2.947179303943899854e-03, 2.268700000000000000e+04
2.951151243706627743e-03, 2.289000000000000000e+04
2.955123183469355198e-03, 2.315000000000000000e+04
2.959095123232082652e-03, 2.344900000000000000e+04
2.963067062994810541e-03, 2.378900000000000000e+04
2.967039002757537996e-03, 2.418300000000000000e+04
2.971010942520265884e-03, 2.462600000000000000e+04
2.974982882282993339e-03, 2.512300000000000000e+04
2.978954822045720794e-03, 2.566000000000000000e+04
2.982926761808448683e-03, 2.624000000000000000e+04
2.986898701571176137e-03, 2.685100000000000000e+04
2.990870641333904026e-03, 2.748800000000000000e+04
2.994842581096631481e-03, 2.814000000000000000e+04
2.998814520859358936e-03, 2.881200000000000000e+04
3.002786460622086824e-03, 2.952100000000000000e+04
3.006758400384814279e-03, 3.026900000000000000e+04
3.010730340147542167e-03, 3.100800000000000000e+04
3.014702279910269622e-03, 3.177800000000000000e+04
3.018674219672997077e-03, 3.253100000000000000e+04
3.022646159435724966e-03, 3.329100000000000000e+04
3.026618099198452420e-03, 3.404600000000000000e+04
3.030590038961180309e-03, 3.478800000000000000e+04
3.034561978723907764e-03, 3.553600000000000000e+04
3.038533918486635219e-03, 3.625400000000000000e+04
3.042505858249363107e-03, 3.696600000000000000e+04
3.046477798012090562e-03, 3.765400000000000000e+04
3.050449737774818450e-03, 3.831000000000000000e+04
3.054421677537545905e-03, 3.893700000000000000e+04
3.058393617300273360e-03, 3.954300000000000000e+04
3.062365557063001249e-03, 4.011300000000000000e+04
3.066337496825728703e-03, 4.063400000000000000e+04
3.070309436588456592e-03, 4.112000000000000000e+04
3.074281376351184047e-03, 4.155300000000000000e+04
3.078253316113911502e-03, 4.193400000000000000e+04
3.082225255876639390e-03, 4.227400000000000000e+04
3.086197195639366845e-03, 4.256200000000000000e+04
3.090169135402094733e-03, 4.280200000000000000e+04
3.094141075164822188e-03, 4.299300000000000000e+04
3.098113014927549643e-03, 4.310900000000000000e+04
3.102084954690277532e-03, 4.317800000000000000e+04
3.106056894453004986e-03, 4.319100000000000000e+04
3.110028834215732875e-03, 4.315800000000000000e+04
3.114000773978460330e-03, 4.306300000000000000e+04
3.117972713741187785e-03, 4.290800000000000000e+04
3.121944653503915673e-03, 4.269000000000000000e+04
3.125916593266643128e-03, 4.243300000000000000e+04
3.129888533029371016e-03, 4.212300000000000000e+04
3.133860472792098471e-03, 4.177000000000000000e+04
3.137832412554825926e-03, 4.136500000000000000e+04
3.141804352317553815e-03, 4.091500000000000000e+04
3.145776292080281270e-03, 4.041300000000000000e+04
3.149748231843009158e-03, 3.986600000000000000e+04
3.153720171605736613e-03, 3.929400000000000000e+04
3.157692111368464068e-03, 3.867800000000000000e+04
3.161664051131191956e-03, 3.803700000000000000e+04
3.165635990893919411e-03, 3.737400000000000000e+04
3.169607930656647300e-03, 3.668100000000000000e+04
3.173579870419374754e-03, 3.596500000000000000e+04
3.177551810182102209e-03, 3.523000000000000000e+04
3.181523749944830098e-03, 3.448300000000000000e+04
3.185495689707557553e-03, 3.372600000000000000e+04
3.189467629470285441e-03, 3.296500000000000000e+04
3.193439569233012896e-03, 3.220200000000000000e+04
3.197411508995740351e-03, 3.144100000000000000e+04
3.201383448758468239e-03, 3.068200000000000000e+04
3.205355388521195694e-03, 2.993200000000000000e+04
3.209327328283923583e-03, 2.920300000000000000e+04
3.213299268046651037e-03, 2.851300000000000000e+04
3.217271207809378492e-03, 2.782900000000000000e+04
3.221243147572106381e-03, 2.717100000000000000e+04
3.225215087334833836e-03, 2.654700000000000000e+04
3.229187027097561724e-03, 2.596000000000000000e+04
3.233158966860289179e-03, 2.541800000000000000e+04
3.237130906623016634e-03, 2.490600000000000000e+04
3.241102846385744522e-03, 2.443400000000000000e+04
3.245074786148471977e-03, 2.400800000000000000e+04
3.249046725911199866e-03, 2.362900000000000000e+04
3.253018665673927320e-03, 2.330300000000000000e+04
3.256990605436654775e-03, 2.303000000000000000e+04
3.260962545199382664e-03, 2.281000000000000000e+04
3.264934484962110119e-03, 2.263800000000000000e+04
3.268906424724838007e-03, 2.252300000000000000e+04
3.272878364487565462e-03, 2.246000000000000000e+04
3.276850304250292917e-03, 2.244700000000000000e+04
3.280822244013020805e-03, 2.249300000000000000e+04
3.284794183775748260e-03, 2.257800000000000000e+04
3.288766123538476149e-03, 2.273000000000000000e+04
3.292738063301203603e-03, 2.294600000000000000e+04
3.296710003063931058e-03, 2.320100000000000000e+04
3.300681942826658947e-03, 2.349700000000000000e+04
3.304653882589386402e-03, 2.383800000000000000e+04
3.308625822352114290e-03, 2.423200000000000000e+04
3.312597762114841745e-03, 2.467100000000000000e+04
3.316569701877569200e-03, 2.516400000000000000e+04
3.320541641640297088e-03, 2.570900000000000000e+04
3.324513581403024543e-03, 2.628500000000000000e+04
3.328485521165752432e-03, 2.689200000000000000e+04
3.332457460928479887e-03, 2.752500000000000000e+04
3.336429400691207341e-03, 2.818500000000000000e+04
3.340401340453935230e-03, 2.885300000000000000e+04
3.344373280216662685e-03, 2.956900000000000000e+04
3.348345219979390573e-03, 3.031100000000000000e+04
3.352317159742118028e-03, 3.105700000000000000e+04
3.356289099504845483e-03, 3.182100000000000000e+04
3.360261039267573371e-03, 3.258000000000000000e+04
3.364232979030300826e-03, 3.333800000000000000e+04
3.368204918793028715e-03, 3.409900000000000000e+04
3.372176858555756170e-03, 3.483700000000000000e+04
3.376148798318483624e-03, 3.558700000000000000e+04
3.380120738081211513e-03, 3.630200000000000000e+04
3.384092677843938968e-03, 3.700700000000000000e+04
3.388064617606666856e-03, 3.768800000000000000e+04
3.392036557369394311e-03, 3.834700000000000000e+04
3.396008497132121766e-03, 3.897200000000000000e+04
3.399980436894849654e-03, 3.957200000000000000e+04
3.403952376657577109e-03, 4.013400000000000000e+04
3.407924316420304998e-03, 4.065100000000000000e+04
3.411896256183032453e-03, 4.112400000000000000e+04
3.415868195945759907e-03, 4.155200000000000000e+04
3.419840135708487796e-03, 4.193100000000000000e+04
3.423812075471215251e-03, 4.226500000000000000e+04
3.427784015233943139e-03, 4.255500000000000000e+04
3.431755954996670594e-03, 4.279200000000000000e+04
3.435727894759398049e-03, 4.297800000000000000e+04
3.439699834522125937e-03, 4.309100000000000000e+04
3.443671774284853392e-03, 4.315300000000000000e+04
3.447643714047581281e-03, 4.318100000000000000e+04
3.451615653810308736e-03, 4.314200000000000000e+04
3.455587593573036190e-03, 4.305000000000000000e+04
3.459559533335764079e-03, 4.288900000000000000e+04
3.463531473098491534e-03, 4.266400000000000000e+04
3.467503412861219422e-03, 4.241200000000000000e+04
3.471475352623946877e-03, 4.209600000000000000e+04
3.475447292386674332e-03, 4.173700000000000000e+04
3.479419232149402220e-03, 4.132700000000000000e+04
3.483391171912129675e-03, 4.087300000000000000e+04
3.487363111674857564e-03, 4.037300000000000000e+04
3.491335051437585019e-03, 3.983400000000000000e+04
3.495306991200312473e-03, 3.926200000000000000e+04
3.499278930963040362e-03, 3.865300000000000000e+04
3.503250870725767817e-03, 3.801900000000000000e+04
3.507222810488495705e-03, 3.735400000000000000e+04
3.511194750251223160e-03, 3.667000000000000000e+04
3.515166690013950615e-03, 3.595200000000000000e+04
3.519138629776678504e-03, 3.522600000000000000e+04
3.523110569539405958e-03, 3.447600000000000000e+04
3.527082509302133847e-03, 3.372800000000000000e+04
3.531054449064861302e-03, 3.296300000000000000e+04
3.535026388827588757e-03, 3.220700000000000000e+04
3.538998328590316645e-03, 3.144200000000000000e+04
3.542970268353044100e-03, 3.069100000000000000e+04
3.546942208115771988e-03, 2.993500000000000000e+04
3.550914147878499443e-03, 2.921300000000000000e+04
3.554886087641226898e-03, 2.854100000000000000e+04
3.558858027403954787e-03, 2.787200000000000000e+04
3.562829967166682241e-03, 2.722500000000000000e+04
3.566801906929410130e-03, 2.661400000000000000e+04
3.570773846692137585e-03, 2.603700000000000000e+04
3.574745786454865040e-03, 2.549200000000000000e+04
3.578717726217592928e-03, 2.497800000000000000e+04
3.582689665980320383e-03, 2.450900000000000000e+04
3.586661605743048271e-03, 2.407900000000000000e+04
3.590633545505775726e-03, 2.370900000000000000e+04
3.594605485268503181e-03, 2.338500000000000000e+04
3.598577425031231070e-03, 2.311200000000000000e+04
3.602549364793958524e-03, 2.289900000000000000e+04
3.606521304556686413e-03, 2.273200000000000000e+04
3.610493244319413868e-03, 2.262200000000000000e+04
3.614465184082141323e-03, 2.256200000000000000e+04
3.618437123844869211e-03, 2.254300000000000000e+04
3.622409063607596666e-03, 2.258900000000000000e+04
3.626381003370324554e-03, 2.267100000000000000e+04
3.630352943133052009e-03, 2.282500000000000000e+04
3.634324882895779464e-03, 2.304100000000000000e+04
3.638296822658507353e-03, 2.330000000000000000e+04
3.642268762421234807e-03, 2.360800000000000000e+04
3.646240702183962696e-03, 2.395900000000000000e+04
3.650212641946690151e-03, 2.436200000000000000e+04
3.654184581709417606e-03, 2.480900000000000000e+04
3.658156521472145494e-03, 2.530700000000000000e+04
3.662128461234872949e-03, 2.586500000000000000e+04
3.666100400997600837e-03, 2.644600000000000000e+04
3.670072340760328292e-03, 2.705500000000000000e+04
3.674044280523055747e-03, 2.768800000000000000e+04
3.678016220285783636e-03, 2.835600000000000000e+04
3.681988160048511090e-03, 2.902600000000000000e+04
3.685960099811238979e-03, 2.975000000000000000e+04
3.689932039573966434e-03, 3.049200000000000000e+04
3.693903979336693889e-03, 3.124400000000000000e+04
3.697875919099421777e-03, 3.200500000000000000e+04
3.701847858862149232e-03, 3.276900000000000000e+04
3.705819798624877121e-03, 3.352000000000000000e+04
3.709791738387604575e-03, 3.428300000000000000e+04
3.713763678150332030e-03, 3.501400000000000000e+04
3.717735617913059919e-03, 3.575500000000000000e+04
3.721707557675787374e-03, 3.647300000000000000e+04
3.725679497438515262e-03, 3.716900000000000000e+04
3.729651437201242717e-03, 3.784200000000000000e+04
3.733623376963970172e-03, 3.849200000000000000e+04
3.737595316726698060e-03, 3.911900000000000000e+04
3.741567256489425515e-03, 3.971100000000000000e+04
3.745539196252153404e-03, 4.025500000000000000e+04
3.749511136014880858e-03, 4.077000000000000000e+04
3.753483075777608313e-03, 4.123900000000000000e+04
3.757455015540336202e-03, 4.165700000000000000e+04
3.761426955303063657e-03, 4.203400000000000000e+04
3.765398895065791545e-03, 4.235200000000000000e+04
3.769370834828519000e-03, 4.263800000000000000e+04
3.773342774591246455e-03, 4.285900000000000000e+04
3.777314714353974343e-03, 4.303200000000000000e+04
3.781286654116701798e-03, 4.313100000000000000e+04
3.785258593879429687e-03, 4.318000000000000000e+04
3.789230533642157141e-03, 4.320100000000000000e+04
3.793202473404884596e-03, 4.315000000000000000e+04
3.797174413167612485e-03, 4.304200000000000000e+04
3.801146352930339940e-03, 4.286400000000000000e+04
3.805118292693067828e-03, 4.263300000000000000e+04
3.809090232455795283e-03, 4.236900000000000000e+04
3.813062172218522738e-03, 4.204100000000000000e+04
3.817034111981250626e-03, 4.166700000000000000e+04
3.821006051743978081e-03, 4.124400000000000000e+04
3.824977991506705970e-03, 4.077900000000000000e+04
3.828949931269433424e-03, 4.026500000000000000e+04
3.832921871032160879e-03, 3.970800000000000000e+04
3.836893810794888768e-03, 3.910900000000000000e+04
3.840865750557616223e-03, 3.848800000000000000e+04
3.844837690320344111e-03, 3.784300000000000000e+04
3.848809630083071566e-03, 3.715900000000000000e+04
3.852781569845799021e-03, 3.647000000000000000e+04
3.856753509608526909e-03, 3.573700000000000000e+04
3.860725449371254364e-03, 3.500900000000000000e+04
3.864697389133982253e-03, 3.424700000000000000e+04
3.868669328896709707e-03, 3.350000000000000000e+04
3.872641268659437162e-03, 3.272700000000000000e+04
3.876613208422165051e-03, 3.197500000000000000e+04
3.880585148184892506e-03, 3.120300000000000000e+04
3.884557087947620394e-03, 3.045500000000000000e+04
3.888529027710347849e-03, 2.969800000000000000e+04
3.892500967473075304e-03, 2.898100000000000000e+04
3.896472907235803192e-03, 2.829800000000000000e+04
3.900444846998530647e-03, 2.762500000000000000e+04
3.904416786761258536e-03, 2.697500000000000000e+04
3.908388726523985557e-03, 2.636300000000000000e+04
3.912360666286713445e-03, 2.578500000000000000e+04
3.916332606049441334e-03, 2.524100000000000000e+04
3.920304545812169222e-03, 2.472900000000000000e+04
3.924276485574896244e-03, 2.426100000000000000e+04
3.928248425337624132e-03, 2.383700000000000000e+04
3.932220365100352021e-03, 2.347700000000000000e+04
3.936192304863079042e-03, 2.316700000000000000e+04
3.940164244625806930e-03, 2.289700000000000000e+04
3.944136184388534819e-03, 2.268800000000000000e+04
3.948108124151261840e-03, 2.252800000000000000e+04
3.952080063913989728e-03, 2.242300000000000000e+04
3.956052003676717617e-03, 2.237100000000000000e+04
3.960023943439445505e-03, 2.236000000000000000e+04
3.963995883202172527e-03, 2.242000000000000000e+04
3.967967822964900415e-03, 2.252500000000000000e+04
3.971939762727628304e-03, 2.269900000000000000e+04
3.975911702490355325e-03, 2.292400000000000000e+04
3.979883642253083213e-03, 2.320200000000000000e+04
3.983855582015811102e-03, 2.352600000000000000e+04
3.987827521778538123e-03, 2.389300000000000000e+04
3.991799461541266011e-03, 2.431000000000000000e+04
3.995771401303993900e-03, 2.477000000000000000e+04
3.999743341066721788e-03, 2.527900000000000000e+04
4.003715280829448810e-03, 2.584700000000000000e+04
4.007687220592176698e-03, 2.644800000000000000e+04
4.011659160354904587e-03, 2.706700000000000000e+04
4.015631100117631608e-03, 2.770900000000000000e+04
4.019603039880359496e-03, 2.838500000000000000e+04
4.023574979643087385e-03, 2.906800000000000000e+04
4.027546919405814406e-03, 2.980500000000000000e+04
4.031518859168542294e-03, 3.054600000000000000e+04
4.035490798931270183e-03, 3.130900000000000000e+04
4.039462738693998071e-03, 3.206800000000000000e+04
4.043434678456725093e-03, 3.284100000000000000e+04
4.047406618219452981e-03, 3.358800000000000000e+04
4.051378557982180870e-03, 3.435000000000000000e+04
4.055350497744907891e-03, 3.508700000000000000e+04
4.059322437507635779e-03, 3.582400000000000000e+04
4.063294377270363668e-03, 3.654800000000000000e+04
4.067266317033090689e-03, 3.723900000000000000e+04
4.071238256795818578e-03, 3.790700000000000000e+04
4.075210196558546466e-03, 3.855700000000000000e+04
4.079182136321274355e-03, 3.918500000000000000e+04
4.083154076084001376e-03, 3.977600000000000000e+04
4.087126015846729264e-03, 4.031600000000000000e+04
4.091097955609457153e-03, 4.082500000000000000e+04
4.095069895372184174e-03, 4.129000000000000000e+04
4.099041835134912062e-03, 4.169200000000000000e+04
4.103013774897639951e-03, 4.206600000000000000e+04
4.106985714660366972e-03, 4.237100000000000000e+04
4.110957654423094861e-03, 4.265000000000000000e+04
4.114929594185822749e-03, 4.286500000000000000e+04
4.118901533948550638e-03, 4.302100000000000000e+04
4.122873473711277659e-03, 4.311800000000000000e+04
4.126845413474005547e-03, 4.315900000000000000e+04
4.130817353236733436e-03, 4.316600000000000000e+04
4.134789292999460457e-03, 4.311000000000000000e+04
4.138761232762188345e-03, 4.299300000000000000e+04
4.142733172524916234e-03, 4.281400000000000000e+04
4.146705112287643255e-03, 4.258500000000000000e+04
4.150677052050371144e-03, 4.231700000000000000e+04
4.154648991813099032e-03, 4.198800000000000000e+04
4.158620931575826921e-03, 4.161600000000000000e+04
4.162592871338553942e-03, 4.119400000000000000e+04
4.166564811101281830e-03, 4.072800000000000000e+04
4.170536750864009719e-03, 4.021500000000000000e+04
4.174508690626736740e-03, 3.965900000000000000e+04
4.178480630389464628e-03, 3.905400000000000000e+04
4.182452570152192517e-03, 3.843200000000000000e+04
4.186424509914919538e-03, 3.779100000000000000e+04
4.190396449677647427e-03, 3.710100000000000000e+04
4.194368389440375315e-03, 3.641200000000000000e+04
4.198340329203103204e-03, 3.567400000000000000e+04
4.202312268965830225e-03, 3.494800000000000000e+04
4.206284208728558113e-03, 3.418100000000000000e+04
4.210256148491286002e-03, 3.343500000000000000e+04
4.214228088254013023e-03, 3.265700000000000000e+04
4.218200028016740911e-03, 3.190700000000000000e+04
4.222171967779468800e-03, 3.113100000000000000e+04
4.226143907542195821e-03, 3.038900000000000000e+04
4.230115847304923710e-03, 2.963800000000000000e+04
4.234087787067651598e-03, 2.892700000000000000e+04
4.238059726830379487e-03, 2.824000000000000000e+04
4.242031666593106508e-03, 2.757300000000000000e+04
4.246003606355834396e-03, 2.692900000000000000e+04
4.249975546118562285e-03, 2.632200000000000000e+04
4.253947485881289306e-03, 2.575000000000000000e+04
4.257919425644017195e-03, 2.521100000000000000e+04
4.261891365406745083e-03, 2.470300000000000000e+04
4.265863305169472104e-03, 2.423900000000000000e+04
4.269835244932199993e-03, 2.382400000000000000e+04
4.273807184694927881e-03, 2.346400000000000000e+04
4.277779124457655770e-03, 2.315900000000000000e+04
4.281751064220382791e-03, 2.289600000000000000e+04
4.285723003983110679e-03, 2.269100000000000000e+04
4.289694943745838568e-03, 2.254100000000000000e+04
4.293666883508565589e-03, 2.244700000000000000e+04
4.297638823271293478e-03, 2.241100000000000000e+04
4.301610763034021366e-03, 2.240900000000000000e+04
4.305582702796748387e-03, 2.247400000000000000e+04
4.309554642559476276e-03, 2.259500000000000000e+04
4.313526582322204164e-03, 2.277500000000000000e+04
4.317498522084932053e-03, 2.301100000000000000e+04
4.321470461847659074e-03, 2.330000000000000000e+04
4.325442401610386962e-03, 2.362500000000000000e+04
4.329414341373114851e-03, 2.400100000000000000e+04
4.333386281135841872e-03, 2.442600000000000000e+04
4.337358220898569761e-03, 2.488600000000000000e+04
4.341330160661297649e-03, 2.539100000000000000e+04
4.345302100424024670e-03, 2.595300000000000000e+04
4.349274040186752559e-03, 2.655100000000000000e+04
4.353245979949480447e-03, 2.716700000000000000e+04
4.357217919712208336e-03, 2.780100000000000000e+04
4.361189859474935357e-03, 2.846900000000000000e+04
4.365161799237663245e-03, 2.915500000000000000e+04
4.369133739000391134e-03, 2.989600000000000000e+04
4.373105678763118155e-03, 3.062800000000000000e+04
4.377077618525846044e-03, 3.139500000000000000e+04
4.381049558288573932e-03, 3.214500000000000000e+04
4.385021498051300953e-03, 3.291500000000000000e+04
4.388993437814028842e-03, 3.366100000000000000e+04
4.392965377576756730e-03, 3.441400000000000000e+04
4.396937317339484619e-03, 3.515500000000000000e+04
4.400909257102211640e-03, 3.587700000000000000e+04
4.404881196864939528e-03, 3.658800000000000000e+04
4.408853136627667417e-03, 3.726600000000000000e+04
4.412825076390394438e-03, 3.791900000000000000e+04
4.416797016153122327e-03, 3.855200000000000000e+04
4.420768955915850215e-03, 3.916400000000000000e+04
4.424740895678577236e-03, 3.974100000000000000e+04
4.428712835441305125e-03, 4.027000000000000000e+04
4.432684775204033013e-03, 4.076900000000000000e+04
4.436656714966760902e-03, 4.122300000000000000e+04
4.440628654729487923e-03, 4.161000000000000000e+04
4.444600594492215812e-03, 4.197600000000000000e+04
4.448572534254943700e-03, 4.226900000000000000e+04
4.452544474017670721e-03, 4.253400000000000000e+04
4.456516413780398610e-03, 4.274700000000000000e+04
4.460488353543126498e-03, 4.288400000000000000e+04
4.464460293305853519e-03, 4.298100000000000000e+04
4.468432233068581408e-03, 4.300800000000000000e+04
4.472404172831309296e-03, 4.299600000000000000e+04
4.476376112594037185e-03, 4.292900000000000000e+04
4.480348052356764206e-03, 4.279100000000000000e+04
4.484319992119492095e-03, 4.259800000000000000e+04
4.488291931882219983e-03, 4.235000000000000000e+04
4.492263871644947004e-03, 4.206400000000000000e+04
4.496235811407674893e-03, 4.173000000000000000e+04
4.500207751170402781e-03, 4.134500000000000000e+04
4.504179690933129802e-03, 4.091300000000000000e+04
4.508151630695857691e-03, 4.042900000000000000e+04
4.512123570458585579e-03, 3.990900000000000000e+04
4.516095510221313468e-03, 3.935000000000000000e+04
4.520067449984040489e-03, 3.874300000000000000e+04
4.524039389746768378e-03, 3.811100000000000000e+04
4.528011329509496266e-03, 3.747000000000000000e+04
4.531983269272223287e-03, 3.677900000000000000e+04
4.535955209034951176e-03, 3.608500000000000000e+04
4.539927148797679064e-03, 3.534900000000000000e+04
4.543899088560406085e-03, 3.462000000000000000e+04
4.547871028323133974e-03, 3.385900000000000000e+04
4.551842968085861862e-03, 3.311300000000000000e+04
4.555814907848589751e-03, 3.234300000000000000e+04
4.559786847611316772e-03, 3.159500000000000000e+04
4.563758787374044661e-03, 3.082900000000000000e+04
4.567730727136772549e-03, 3.008900000000000000e+04
4.571702666899499570e-03, 2.935100000000000000e+04
4.575674606662227459e-03, 2.865300000000000000e+04
4.579646546424955347e-03, 2.796500000000000000e+04
4.583618486187682368e-03, 2.731100000000000000e+04
4.587590425950410257e-03, 2.667900000000000000e+04
4.591562365713138145e-03, 2.608400000000000000e+04
4.595534305475865167e-03, 2.552200000000000000e+04
4.599506245238593055e-03, 2.499000000000000000e+04
4.603478185001320944e-03, 2.448800000000000000e+04
4.607450124764048832e-03, 2.403700000000000000e+04
4.611422064526775853e-03, 2.363400000000000000e+04
4.615394004289503742e-03, 2.328900000000000000e+04
4.619365944052231630e-03, 2.299800000000000000e+04
4.623337883814958651e-03, 2.275300000000000000e+04
4.627309823577686540e-03, 2.255900000000000000e+04
4.631281763340414429e-03, 2.242500000000000000e+04
4.635253703103141450e-03, 2.234400000000000000e+04
4.639225642865869338e-03, 2.232800000000000000e+04
4.643197582628597227e-03, 2.234300000000000000e+04
4.647169522391325115e-03, 2.241800000000000000e+04
4.651141462154052136e-03, 2.255300000000000000e+04
4.655113401916780025e-03, 2.274600000000000000e+04
4.659085341679507913e-03, 2.299800000000000000e+04
4.663057281442234935e-03, 2.330000000000000000e+04
4.667029221204962823e-03, 2.363800000000000000e+04
4.671001160967690712e-03, 2.403000000000000000e+04
4.674973100730417733e-03, 2.446800000000000000e+04
4.678945040493145621e-03, 2.496000000000000000e+04
4.682916980255873510e-03, 2.548700000000000000e+04
4.686888920018601398e-03, 2.606600000000000000e+04
4.690860859781328419e-03, 2.667700000000000000e+04
4.694832799544056308e-03, 2.731400000000000000e+04
4.698804739306784196e-03, 2.796000000000000000e+04
4.702776679069511218e-03, 2.863400000000000000e+04
4.706748618832239106e-03, 2.933800000000000000e+04
4.710720558594966995e-03, 3.009000000000000000e+04
4.714692498357694016e-03, 3.082700000000000000e+04
4.718664438120421904e-03, 3.160100000000000000e+04
4.722636377883149793e-03, 3.235200000000000000e+04
4.726608317645877681e-03, 3.311900000000000000e+04
4.730580257408604702e-03, 3.387300000000000000e+04
4.734552197171332591e-03, 3.462500000000000000e+04
4.738524136934060479e-03, 3.537100000000000000e+04
4.742496076696787501e-03, 3.609700000000000000e+04
4.746468016459515389e-03, 3.681500000000000000e+04
4.750439956222243278e-03, 3.750700000000000000e+04
4.754411895984970299e-03, 3.816500000000000000e+04
4.758383835747698187e-03, 3.879900000000000000e+04
4.762355775510426076e-03, 3.941100000000000000e+04
4.766327715273153964e-03, 3.998700000000000000e+04
4.770299655035880985e-03, 4.051400000000000000e+04
4.774271594798608874e-03, 4.101000000000000000e+04
4.778243534561336762e-03, 4.145200000000000000e+04
4.782215474324063784e-03, 4.183600000000000000e+04
4.786187414086791672e-03, 4.218900000000000000e+04
4.790159353849519561e-03, 4.247900000000000000e+04
4.794131293612246582e-03, 4.272500000000000000e+04
4.798103233374974470e-03, 4.291900000000000000e+04
4.802075173137702359e-03, 4.303700000000000000e+04
4.806047112900430247e-03, 4.311800000000000000e+04
4.810019052663157269e-03, 4.313800000000000000e+04
4.813990992425885157e-03, 4.311600000000000000e+04
4.817962932188613046e-03, 4.303300000000000000e+04
4.821934871951340067e-03, 4.288700000000000000e+04
4.825906811714067955e-03, 4.268100000000000000e+04
4.829878751476795844e-03, 4.242800000000000000e+04
4.833850691239522865e-03, 4.212800000000000000e+04
4.837822631002250753e-03, 4.178500000000000000e+04
4.841794570764978642e-03, 4.138800000000000000e+04
4.845766510527706530e-03, 4.094500000000000000e+04
4.849738450290433552e-03, 4.044900000000000000e+04
4.853710390053161440e-03, 3.991300000000000000e+04
4.857682329815889329e-03, 3.934700000000000000e+04
4.861654269578616350e-03, 3.873100000000000000e+04
4.865626209341344238e-03, 3.808800000000000000e+04
4.869598149104072127e-03, 3.743600000000000000e+04
4.873570088866799148e-03, 3.674400000000000000e+04
4.877542028629527036e-03, 3.603700000000000000e+04
4.881513968392254925e-03, 3.530200000000000000e+04
4.885485908154982813e-03, 3.456200000000000000e+04
4.889457847917709835e-03, 3.380300000000000000e+04
4.893429787680437723e-03, 3.304800000000000000e+04
4.897401727443165612e-03, 3.228200000000000000e+04
4.901373667205892633e-03, 3.152600000000000000e+04
4.905345606968620521e-03, 3.076400000000000000e+04
4.909317546731348410e-03, 3.001700000000000000e+04
4.913289486494075431e-03, 2.928400000000000000e+04
4.917261426256803319e-03, 2.859000000000000000e+04
4.921233366019531208e-03, 2.789900000000000000e+04
4.925205305782259096e-03, 2.724300000000000000e+04
4.929177245544986118e-03, 2.661300000000000000e+04
4.933149185307714006e-03, 2.601900000000000000e+04
4.937121125070441895e-03, 2.546000000000000000e+04
4.941093064833168916e-03, 2.493200000000000000e+04
4.945065004595896804e-03, 2.443900000000000000e+04
4.949036944358624693e-03, 2.400000000000000000e+04
4.953008884121351714e-03, 2.360400000000000000e+04
4.956980823884079602e-03, 2.327000000000000000e+04
4.960952763646807491e-03, 2.298300000000000000e+04
4.964924703409535379e-03, 2.275000000000000000e+04
4.968896643172262401e-03, 2.256600000000000000e+04
4.972868582934990289e-03, 2.244200000000000000e+04
4.976840522697718178e-03, 2.237000000000000000e+04
4.980812462460445199e-03, 2.235800000000000000e+04
4.984784402223173087e-03, 2.239300000000000000e+04
4.988756341985900976e-03, 2.248000000000000000e+04
4.992728281748627997e-03, 2.262600000000000000e+04
4.996700221511355886e-03, 2.283500000000000000e+04
5.000672161274083774e-03, 2.310000000000000000e+04
5.004644101036811663e-03, 2.340400000000000000e+04
5.008616040799538684e-03, 2.374800000000000000e+04
5.012587980562266572e-03, 2.414600000000000000e+04
5.016559920324994461e-03, 2.458900000000000000e+04
5.020531860087721482e-03, 2.508600000000000000e+04
5.024503799850449370e-03, 2.562700000000000000e+04
5.028475739613177259e-03, 2.620700000000000000e+04
5.032447679375904280e-03, 2.681800000000000000e+04
5.036419619138632169e-03, 2.745500000000000000e+04
5.040391558901360057e-03, 2.811000000000000000e+04
5.044363498664087946e-03, 2.878300000000000000e+04
5.048335438426814967e-03, 2.949500000000000000e+04
5.052307378189542855e-03, 3.024700000000000000e+04
5.056279317952270744e-03, 3.098900000000000000e+04
5.060251257714997765e-03, 3.176200000000000000e+04
5.064223197477725653e-03, 3.251700000000000000e+04
5.068195137240453542e-03, 3.328000000000000000e+04
5.072167077003180563e-03, 3.403700000000000000e+04
5.076139016765908452e-03, 3.478000000000000000e+04
5.080110956528636340e-03, 3.553000000000000000e+04
5.084082896291364229e-03, 3.624600000000000000e+04
5.088054836054091250e-03, 3.695600000000000000e+04
5.092026775816819138e-03, 3.764200000000000000e+04
5.095998715579547027e-03, 3.830000000000000000e+04
5.099970655342274048e-03, 3.892600000000000000e+04
5.103942595105001936e-03, 3.953000000000000000e+04
5.107914534867729825e-03, 4.009900000000000000e+04
5.111886474630456846e-03, 4.062000000000000000e+04
5.115858414393184735e-03, 4.110400000000000000e+04
5.119830354155912623e-03, 4.154100000000000000e+04
5.123802293918640512e-03, 4.192400000000000000e+04
5.127774233681367533e-03, 4.226700000000000000e+04
5.131746173444095421e-03, 4.255600000000000000e+04
5.135718113206823310e-03, 4.279900000000000000e+04
5.139690052969550331e-03, 4.299200000000000000e+04
5.143661992732278219e-03, 4.310900000000000000e+04
5.147633932495006108e-03, 4.318300000000000000e+04
5.151605872257733129e-03, 4.320700000000000000e+04
5.155577812020461018e-03, 4.317800000000000000e+04
5.159549751783188906e-03, 4.308900000000000000e+04
5.163521691545916795e-03, 4.293700000000000000e+04
5.167493631308643816e-03, 4.272000000000000000e+04
5.171465571071371704e-03, 4.246800000000000000e+04
5.175437510834099593e-03, 4.215800000000000000e+04
5.179409450596826614e-03, 4.180500000000000000e+04
5.183381390359554503e-03, 4.139600000000000000e+04
5.187353330122282391e-03, 4.094300000000000000e+04
5.191325269885009412e-03, 4.043800000000000000e+04
5.195297209647737301e-03, 3.988900000000000000e+04
5.199269149410465189e-03, 3.931400000000000000e+04
5.203241089173193078e-03, 3.869500000000000000e+04
5.207213028935920099e-03, 3.805200000000000000e+04
5.211184968698647987e-03, 3.738800000000000000e+04
5.215156908461375876e-03, 3.669600000000000000e+04
5.219128848224102897e-03, 3.597800000000000000e+04
5.223100787986830786e-03, 3.524500000000000000e+04
5.227072727749558674e-03, 3.449600000000000000e+04
5.231044667512285695e-03, 3.374100000000000000e+04
5.235016607275013584e-03, 3.297800000000000000e+04
5.238988547037741472e-03, 3.221600000000000000e+04
5.242960486800469361e-03, 3.145300000000000000e+04
5.246932426563196382e-03, 3.069700000000000000e+04
5.250904366325924270e-03, 2.994300000000000000e+04
5.254876306088652159e-03, 2.921300000000000000e+04
5.258848245851379180e-03, 2.852100000000000000e+04
5.262820185614107069e-03, 2.783500000000000000e+04
5.266792125376834957e-03, 2.717500000000000000e+04
5.270764065139561978e-03, 2.655100000000000000e+04
5.274736004902289867e-03, 2.596200000000000000e+04
5.278707944665017755e-03, 2.540800000000000000e+04
5.282679884427745644e-03, 2.488500000000000000e+04
5.286651824190472665e-03, 2.440600000000000000e+04
5.290623763953200553e-03, 2.397100000000000000e+04
5.294595703715928442e-03, 2.358800000000000000e+04
5.298567643478655463e-03, 2.325700000000000000e+04
5.302539583241383352e-03, 2.298000000000000000e+04
5.306511523004111240e-03, 2.275900000000000000e+04
5.310483462766838261e-03, 2.258600000000000000e+04
5.314455402529566150e-03, 2.246200000000000000e+04
5.318427342292294038e-03, 2.239200000000000000e+04
5.322399282055021927e-03, 2.237300000000000000e+04
5.326371221817748948e-03, 2.241400000000000000e+04
5.330343161580476836e-03, 2.249400000000000000e+04
5.334315101343204725e-03, 2.264300000000000000e+04
5.338287041105931746e-03, 2.285600000000000000e+04
5.342258980868659635e-03, 2.311700000000000000e+04
5.346230920631387523e-03, 2.342200000000000000e+04
5.350202860394114544e-03, 2.377000000000000000e+04
5.354174800156842433e-03, 2.417200000000000000e+04
5.358146739919570321e-03, 2.461800000000000000e+04
5.362118679682298210e-03, 2.511700000000000000e+04
5.366090619445025231e-03, 2.567100000000000000e+04
5.370062559207753120e-03, 2.625200000000000000e+04
5.374034498970481008e-03, 2.686400000000000000e+04
5.378006438733208029e-03, 2.750400000000000000e+04
5.381978378495935918e-03, 2.817100000000000000e+04
5.385950318258663806e-03, 2.884500000000000000e+04
5.389922258021390827e-03, 2.956600000000000000e+04
5.393894197784118716e-03, 3.031300000000000000e+04
5.397866137546846604e-03, 3.106300000000000000e+04
5.401838077309574493e-03, 3.183100000000000000e+04
5.405810017072301514e-03, 3.259300000000000000e+04
5.409781956835029403e-03, 3.335000000000000000e+04
5.413753896597757291e-03, 3.411300000000000000e+04
5.417725836360484312e-03, 3.485100000000000000e+04
5.421697776123212201e-03, 3.560000000000000000e+04
5.425669715885940089e-03, 3.631700000000000000e+04
5.429641655648667110e-03, 3.702000000000000000e+04
5.433613595411394999e-03, 3.770000000000000000e+04
5.437585535174122887e-03, 3.835800000000000000e+04
5.441557474936850776e-03, 3.898500000000000000e+04
5.445529414699577797e-03, 3.958700000000000000e+04
5.449501354462305686e-03, 4.015100000000000000e+04
5.453473294225033574e-03, 4.067000000000000000e+04
5.457445233987760595e-03, 4.114500000000000000e+04
5.461417173750488484e-03, 4.157400000000000000e+04
5.465389113513216372e-03, 4.195400000000000000e+04
5.469361053275943393e-03, 4.228200000000000000e+04
5.473332993038671282e-03, 4.257000000000000000e+04
5.477304932801399170e-03, 4.280100000000000000e+04
5.481276872564127059e-03, 4.298200000000000000e+04
5.485248812326854080e-03, 4.309000000000000000e+04
5.489220752089581969e-03, 4.314700000000000000e+04
5.493192691852309857e-03, 4.317200000000000000e+04
5.497164631615036878e-03, 4.312800000000000000e+04
5.501136571377764767e-03, 4.303200000000000000e+04
5.505108511140492655e-03, 4.286100000000000000e+04
5.509080450903219676e-03, 4.262900000000000000e+04
5.513052390665947565e-03, 4.236900000000000000e+04
5.517024330428675453e-03, 4.204600000000000000e+04
5.520996270191403342e-03, 4.168200000000000000e+04
5.524968209954130363e-03, 4.126800000000000000e+04
5.528940149716858252e-03, 4.081000000000000000e+04
5.532912089479586140e-03, 4.030200000000000000e+04
5.536884029242313161e-03, 3.975000000000000000e+04
5.540855969005041050e-03, 3.916300000000000000e+04
5.544827908767768938e-03, 3.854500000000000000e+04
5.548799848530495959e-03, 3.790300000000000000e+04
5.552771788293223848e-03, 3.722800000000000000e+04
5.556743728055951737e-03, 3.654000000000000000e+04
5.560715667818679625e-03, 3.581400000000000000e+04
5.564687607581406646e-03, 3.508600000000000000e+04
5.568659547344134535e-03, 3.433000000000000000e+04
5.572631487106862423e-03, 3.357800000000000000e+04
5.576603426869589444e-03, 3.281000000000000000e+04
5.580575366632317333e-03, 3.205200000000000000e+04
5.584547306395045221e-03, 3.128500000000000000e+04
5.588519246157772243e-03, 3.053400000000000000e+04
5.592491185920500131e-03, 2.977800000000000000e+04
5.596463125683228020e-03, 2.905700000000000000e+04
5.600435065445955908e-03, 2.837400000000000000e+04
5.604407005208682929e-03, 2.769700000000000000e+04
5.608378944971410818e-03, 2.704300000000000000e+04
5.612350884734138706e-03, 2.642700000000000000e+04
5.616322824496865727e-03, 2.584600000000000000e+04
5.620294764259593616e-03, 2.529900000000000000e+04
5.624266704022321504e-03, 2.478300000000000000e+04
5.628238643785048526e-03, 2.431300000000000000e+04
5.632210583547776414e-03, 2.388400000000000000e+04
5.636182523310504303e-03, 2.352500000000000000e+04
5.640154463073232191e-03, 2.321200000000000000e+04
5.644126402835959212e-03, 2.295100000000000000e+04
5.648098342598687101e-03, 2.274700000000000000e+04
5.652070282361414989e-03, 2.258900000000000000e+04
5.656042222124142010e-03, 2.248800000000000000e+04
5.660014161886869899e-03, 2.243600000000000000e+04
5.663986101649597787e-03, 2.242800000000000000e+04
5.667958041412324809e-03, 2.248900000000000000e+04
5.671929981175052697e-03, 2.258700000000000000e+04
5.675901920937780586e-03, 2.275700000000000000e+04
5.679873860700508474e-03, 2.298200000000000000e+04
5.683845800463235495e-03, 2.325400000000000000e+04
5.687817740225963384e-03, 2.357300000000000000e+04
5.691789679988691272e-03, 2.393500000000000000e+04
5.695761619751418293e-03, 2.434700000000000000e+04
5.699733559514146182e-03, 2.480100000000000000e+04
5.703705499276874070e-03, 2.531100000000000000e+04
5.707677439039601092e-03, 2.587800000000000000e+04
5.711649378802328980e-03, 2.646800000000000000e+04
5.715621318565056869e-03, 2.708400000000000000e+04
5.719593258327784757e-03, 2.772400000000000000e+04
5.723565198090511778e-03, 2.839700000000000000e+04
5.727537137853239667e-03, 2.907100000000000000e+04
5.731509077615967555e-03, 2.980000000000000000e+04
5.735481017378694577e-03, 3.054100000000000000e+04
5.739452957141422465e-03, 3.129700000000000000e+04
5.743424896904150354e-03, 3.205600000000000000e+04
5.747396836666877375e-03, 3.282300000000000000e+04
5.751368776429605263e-03, 3.357200000000000000e+04
5.755340716192333152e-03, 3.433500000000000000e+04
5.759312655955060173e-03, 3.506600000000000000e+04
5.763284595717788061e-03, 3.580600000000000000e+04
5.767256535480515950e-03, 3.652500000000000000e+04
5.771228475243243838e-03, 3.722200000000000000e+04
5.775200415005970860e-03, 3.789600000000000000e+04
5.779172354768698748e-03, 3.854700000000000000e+04
5.783144294531426637e-03, 3.917400000000000000e+04
5.787116234294153658e-03, 3.976600000000000000e+04
5.791088174056881546e-03, 4.031100000000000000e+04
5.795060113819609435e-03, 4.082100000000000000e+04
5.799032053582336456e-03, 4.128600000000000000e+04
5.803003993345064344e-03, 4.169700000000000000e+04
5.806975933107792233e-03, 4.207100000000000000e+04
5.810947872870520121e-03, 4.238300000000000000e+04
5.814919812633247143e-03, 4.266500000000000000e+04
5.818891752395975031e-03, 4.288200000000000000e+04
5.822863692158702920e-03, 4.304900000000000000e+04
5.826835631921429941e-03, 4.314500000000000000e+04
5.830807571684157829e-03, 4.318500000000000000e+04
5.834779511446885718e-03, 4.319500000000000000e+04
5.838751451209612739e-03, 4.313500000000000000e+04
5.842723390972340627e-03, 4.301900000000000000e+04
5.846695330735068516e-03, 4.283400000000000000e+04
5.850667270497796404e-03, 4.259700000000000000e+04
5.854639210260523426e-03, 4.232800000000000000e+04
5.858611150023251314e-03, 4.199400000000000000e+04
5.862583089785979203e-03, 4.162100000000000000e+04
5.866555029548706224e-03, 4.119800000000000000e+04
5.870526969311434112e-03, 4.073300000000000000e+04
5.874498909074162001e-03, 4.021900000000000000e+04
5.878470848836889022e-03, 3.966300000000000000e+04
5.882442788599616910e-03, 3.906100000000000000e+04
5.886414728362344799e-03, 3.844000000000000000e+04
5.890386668125072687e-03, 3.779700000000000000e+04
5.894358607887799709e-03, 3.711100000000000000e+04
5.898330547650527597e-03, 3.642000000000000000e+04
5.902302487413255486e-03, 3.568500000000000000e+04
5.906274427175982507e-03, 3.495600000000000000e+04
5.910246366938710395e-03, 3.419300000000000000e+04
5.914218306701438284e-03, 3.344600000000000000e+04
5.918190246464165305e-03, 3.267200000000000000e+04
5.922162186226893194e-03, 3.192000000000000000e+04
5.926134125989621082e-03, 3.114900000000000000e+04
5.930106065752348971e-03, 3.040400000000000000e+04
5.934078005515075992e-03, 2.965000000000000000e+04
5.938049945277803880e-03, 2.893600000000000000e+04
5.942021885040531769e-03, 2.825400000000000000e+04
5.945993824803258790e-03, 2.758500000000000000e+04
5.949965764565986678e-03, 2.693800000000000000e+04
5.953937704328714567e-03, 2.632900000000000000e+04
5.957909644091441588e-03, 2.575700000000000000e+04
5.961881583854169477e-03, 2.522700000000000000e+04
5.965853523616897365e-03, 2.472600000000000000e+04
5.969825463379625254e-03, 2.426900000000000000e+04
5.973797403142352275e-03, 2.385400000000000000e+04
5.977769342905080163e-03, 2.350300000000000000e+04
5.981741282667808052e-03, 2.320000000000000000e+04
5.985713222430535073e-03, 2.293800000000000000e+04
5.989685162193262961e-03, 2.273900000000000000e+04
5.993657101955990850e-03, 2.259000000000000000e+04
5.997629041718717871e-03, 2.249500000000000000e+04
6.001600981481445760e-03, 2.245200000000000000e+04
6.005572921244173648e-03, 2.244900000000000000e+04
6.009544861006901537e-03, 2.251400000000000000e+04
6.013516800769628558e-03, 2.262700000000000000e+04
6.017488740532356446e-03, 2.280700000000000000e+04
6.021460680295084335e-03, 2.303400000000000000e+04
6.025432620057811356e-03, 2.330500000000000000e+04
6.029404559820539244e-03, 2.362400000000000000e+04
6.033376499583267133e-03, 2.398500000000000000e+04
6.037348439345994154e-03, 2.439700000000000000e+04
6.041320379108722043e-03, 2.485300000000000000e+04
6.045292318871449931e-03, 2.535800000000000000e+04
6.049264258634177820e-03, 2.592100000000000000e+04
6.053236198396904841e-03, 2.651700000000000000e+04
6.057208138159632729e-03, 2.712900000000000000e+04
6.061180077922360618e-03, 2.776500000000000000e+04
6.065152017685087639e-03, 2.843400000000000000e+04
6.069123957447815527e-03, 2.911500000000000000e+04
6.073095897210543416e-03, 2.985000000000000000e+04
6.077067836973270437e-03, 3.058600000000000000e+04
6.081039776735998326e-03, 3.134700000000000000e+04
6.085011716498726214e-03, 3.210100000000000000e+04
6.088983656261454103e-03, 3.287300000000000000e+04
6.092955596024181124e-03, 3.362000000000000000e+04
6.096927535786909012e-03, 3.438100000000000000e+04
6.100899475549636901e-03, 3.511700000000000000e+04
6.104871415312363922e-03, 3.585200000000000000e+04
6.108843355075091811e-03, 3.657600000000000000e+04
6.112815294837819699e-03, 3.726600000000000000e+04
6.116787234600546720e-03, 3.793300000000000000e+04
6.120759174363274609e-03, 3.857900000000000000e+04
6.124731114126002497e-03, 3.920200000000000000e+04
6.128703053888730386e-03, 3.978900000000000000e+04
6.132674993651457407e-03, 4.032600000000000000e+04
6.136646933414185295e-03, 4.083200000000000000e+04
6.140618873176913184e-03, 4.129400000000000000e+04
6.144590812939640205e-03, 4.169100000000000000e+04
6.148562752702368094e-03, 4.206300000000000000e+04
6.152534692465095982e-03, 4.236200000000000000e+04
6.156506632227823003e-03, 4.264400000000000000e+04
6.160478571990550892e-03, 4.286200000000000000e+04
6.164450511753278780e-03, 4.302000000000000000e+04
6.168422451516006669e-03, 4.311900000000000000e+04
6.172394391278733690e-03, 4.316200000000000000e+04
6.176366331041461578e-03, 4.317100000000000000e+04
6.180338270804189467e-03, 4.311600000000000000e+04
6.184310210566916488e-03, 4.299300000000000000e+04
6.188282150329644377e-03, 4.280800000000000000e+04
6.192254090092372265e-03, 4.257100000000000000e+04
6.196226029855099286e-03, 4.229600000000000000e+04
6.200197969617827175e-03, 4.196300000000000000e+04
6.204169909380555063e-03, 4.158400000000000000e+04
6.208141849143282952e-03, 4.115700000000000000e+04
6.212113788906009973e-03, 4.068400000000000000e+04
6.216085728668737861e-03, 4.016700000000000000e+04
6.220057668431465750e-03, 3.961600000000000000e+04
6.224029608194192771e-03, 3.901800000000000000e+04
6.228001547956920660e-03, 3.840400000000000000e+04
6.231973487719648548e-03, 3.776900000000000000e+04
6.235945427482375569e-03, 3.708500000000000000e+04
6.239917367245103458e-03, 3.640100000000000000e+04
6.243889307007831346e-03, 3.566800000000000000e+04
6.247861246770559235e-03, 3.494600000000000000e+04
6.251833186533286256e-03, 3.418400000000000000e+04
6.255805126296014144e-03, 3.344300000000000000e+04
6.259777066058742033e-03, 3.266900000000000000e+04
6.263749005821469054e-03, 3.192300000000000000e+04
6.267720945584196943e-03, 3.115000000000000000e+04
6.271692885346924831e-03, 3.041100000000000000e+04
6.275664825109651852e-03, 2.966500000000000000e+04
6.279636764872379741e-03, 2.895700000000000000e+04
6.283608704635107629e-03, 2.826900000000000000e+04
6.287580644397835518e-03, 2.760200000000000000e+04
6.291552584160562539e-03, 2.695800000000000000e+04
6.295524523923290428e-03, 2.635000000000000000e+04
6.299496463686018316e-03, 2.577700000000000000e+04
6.303468403448745337e-03, 2.523700000000000000e+04
6.307440343211473226e-03, 2.472800000000000000e+04
6.311412282974201114e-03, 2.426400000000000000e+04
6.315384222736928135e-03, 2.385100000000000000e+04
6.319356162499656024e-03, 2.349400000000000000e+04
6.323328102262383912e-03, 2.319500000000000000e+04
6.327300042025111801e-03, 2.293700000000000000e+04
6.331271981787838822e-03, 2.273300000000000000e+04
6.335243921550566711e-03, 2.258700000000000000e+04
6.339215861313294599e-03, 2.249600000000000000e+04
6.343187801076021620e-03, 2.246600000000000000e+04
6.347159740838749509e-03, 2.246700000000000000e+04
6.351131680601477397e-03, 2.252900000000000000e+04
6.355103620364204418e-03, 2.264400000000000000e+04
6.359075560126932307e-03, 2.281800000000000000e+04
6.363047499889660195e-03, 2.304900000000000000e+04
6.367019439652388084e-03, 2.333300000000000000e+04
6.370991379415115105e-03, 2.365500000000000000e+04
6.374963319177842994e-03, 2.402700000000000000e+04
6.378935258940570882e-03, 2.444800000000000000e+04
6.382907198703297903e-03, 2.492100000000000000e+04
6.386879138466025792e-03, 2.543200000000000000e+04
6.390851078228753680e-03, 2.600000000000000000e+04
6.394823017991480701e-03, 2.660200000000000000e+04
6.398794957754208590e-03, 2.722700000000000000e+04
6.402766897516936478e-03, 2.786400000000000000e+04
6.406738837279664367e-03, 2.853400000000000000e+04
6.410710777042391388e-03, 2.922600000000000000e+04
6.414682716805119277e-03, 2.997100000000000000e+04
6.418654656567847165e-03, 3.070800000000000000e+04
6.422626596330574186e-03, 3.147700000000000000e+04
6.426598536093302075e-03, 3.223000000000000000e+04
6.430570475856029963e-03, 3.300200000000000000e+04
6.434542415618756984e-03, 3.374900000000000000e+04
6.438514355381484873e-03, 3.450300000000000000e+04
6.442486295144212761e-03, 3.524400000000000000e+04
6.446458234906940650e-03, 3.597300000000000000e+04
6.450430174669667671e-03, 3.669500000000000000e+04
6.454402114432395560e-03, 3.738400000000000000e+04
6.458374054195123448e-03, 3.804500000000000000e+04
6.462345993957850469e-03, 3.868300000000000000e+04
6.466317933720578358e-03, 3.930000000000000000e+04
6.470289873483306246e-03, 3.988000000000000000e+04
6.474261813246033267e-03, 4.041100000000000000e+04
6.478233753008761156e-03, 4.091200000000000000e+04
6.482205692771489045e-03, 4.136700000000000000e+04
6.486177632534216933e-03, 4.175800000000000000e+04
6.490149572296943954e-03, 4.212700000000000000e+04
6.494121512059671843e-03, 4.242200000000000000e+04
6.498093451822399731e-03, 4.268800000000000000e+04
6.502065391585126752e-03, 4.290200000000000000e+04
6.506037331347854641e-03, 4.303800000000000000e+04
6.510009271110582529e-03, 4.313500000000000000e+04
6.513981210873309551e-03, 4.316800000000000000e+04
6.517953150636037439e-03, 4.316000000000000000e+04
6.521925090398765328e-03, 4.309500000000000000e+04
6.525897030161493216e-03, 4.295800000000000000e+04
6.529868969924220237e-03, 4.276500000000000000e+04
6.533840909686948126e-03, 4.251800000000000000e+04
6.537812849449676014e-03, 4.222900000000000000e+04
6.541784789212403035e-03, 4.189400000000000000e+04
6.545756728975130924e-03, 4.150600000000000000e+04
6.549728668737858812e-03, 4.106600000000000000e+04
6.553700608500585834e-03, 4.057500000000000000e+04
6.557672548263313722e-03, 4.004900000000000000e+04
6.561644488026041611e-03, 3.948400000000000000e+04
6.565616427788769499e-03, 3.886900000000000000e+04
6.569588367551496520e-03, 3.823200000000000000e+04
6.573560307314224409e-03, 3.758500000000000000e+04
6.577532247076952297e-03, 3.689300000000000000e+04
6.581504186839679318e-03, 3.619300000000000000e+04
6.585476126602407207e-03, 3.545500000000000000e+04
6.589448066365135095e-03, 3.472000000000000000e+04
6.593420006127862117e-03, 3.395800000000000000e+04
6.597391945890590005e-03, 3.320700000000000000e+04
6.601363885653317894e-03, 3.243600000000000000e+04
6.605335825416045782e-03, 3.168200000000000000e+04
6.609307765178772803e-03, 3.091400000000000000e+04
6.613279704941500692e-03, 3.017000000000000000e+04
6.617251644704228580e-03, 2.942700000000000000e+04
6.621223584466955601e-03, 2.872400000000000000e+04
6.625195524229683490e-03, 2.803200000000000000e+04
6.629167463992411378e-03, 2.737400000000000000e+04
6.633139403755138400e-03, 2.673800000000000000e+04
6.637111343517866288e-03, 2.613900000000000000e+04
6.641083283280594177e-03, 2.557400000000000000e+04
6.645055223043322065e-03, 2.504200000000000000e+04
6.649027162806049086e-03, 2.454100000000000000e+04
6.652999102568776975e-03, 2.409300000000000000e+04
6.656971042331504863e-03, 2.369000000000000000e+04
6.660942982094231885e-03, 2.334800000000000000e+04
6.664914921856959773e-03, 2.305600000000000000e+04
6.668886861619687662e-03, 2.281300000000000000e+04
6.672858801382414683e-03, 2.262100000000000000e+04
6.676830741145142571e-03, 2.248800000000000000e+04
6.680802680907870460e-03, 2.241700000000000000e+04
6.684774620670598348e-03, 2.240700000000000000e+04
6.688746560433325369e-03, 2.242800000000000000e+04
6.692718500196053258e-03, 2.250900000000000000e+04
6.696690439958781146e-03, 2.264800000000000000e+04
6.700662379721508168e-03, 2.284500000000000000e+04
6.704634319484236056e-03, 2.309900000000000000e+04
6.708606259246963945e-03, 2.340000000000000000e+04
6.712578199009690966e-03, 2.373500000000000000e+04
6.716550138772418854e-03, 2.412400000000000000e+04
6.720522078535146743e-03, 2.456000000000000000e+04
6.724494018297874631e-03, 2.505100000000000000e+04
6.728465958060601652e-03, 2.557800000000000000e+04
6.732437897823329541e-03, 2.615500000000000000e+04
6.736409837586057429e-03, 2.676300000000000000e+04
6.740381777348784451e-03, 2.739700000000000000e+04
6.744353717111512339e-03, 2.804300000000000000e+04
6.748325656874240228e-03, 2.871900000000000000e+04
6.752297596636967249e-03, 2.942300000000000000e+04
6.756269536399695137e-03, 3.017400000000000000e+04
6.760241476162423026e-03, 3.091000000000000000e+04
6.764213415925150914e-03, 3.168400000000000000e+04
6.768185355687877935e-03, 3.243500000000000000e+04
6.772157295450605824e-03, 3.320100000000000000e+04
6.776129235213333712e-03, 3.395300000000000000e+04
6.780101174976060734e-03, 3.470000000000000000e+04
6.784073114738788622e-03, 3.544500000000000000e+04
6.788045054501516511e-03, 3.616500000000000000e+04
6.792016994264243532e-03, 3.687900000000000000e+04
6.795988934026971420e-03, 3.756900000000000000e+04
6.799960873789699309e-03, 3.822400000000000000e+04
6.803932813552427197e-03, 3.885400000000000000e+04
6.807904753315154218e-03, 3.946200000000000000e+04
6.811876693077882107e-03, 4.003800000000000000e+04
6.815848632840609995e-03, 4.056600000000000000e+04
6.819820572603337017e-03, 4.106100000000000000e+04
6.823792512366064905e-03, 4.150200000000000000e+04
6.827764452128792794e-03, 4.188600000000000000e+04
6.831736391891519815e-03, 4.223800000000000000e+04
6.835708331654247703e-03, 4.252700000000000000e+04
6.839680271416975592e-03, 4.277800000000000000e+04
6.843652211179703480e-03, 4.297700000000000000e+04
6.847624150942430502e-03, 4.310000000000000000e+04
6.851596090705158390e-03, 4.318500000000000000e+04
6.855568030467886279e-03, 4.320900000000000000e+04
6.859539970230613300e-03, 4.318900000000000000e+04
6.863511909993341188e-03, 4.310600000000000000e+04
6.867483849756069077e-03, 4.296100000000000000e+04
6.871455789518796098e-03, 4.275300000000000000e+04
6.875427729281523986e-03, 4.249800000000000000e+04
6.879399669044251875e-03, 4.219200000000000000e+04
6.883371608806978896e-03, 4.184300000000000000e+04
6.887343548569706785e-03, 4.144100000000000000e+04
6.891315488332434673e-03, 4.099400000000000000e+04
6.895287428095162562e-03, 4.049400000000000000e+04
6.899259367857889583e-03, 3.995300000000000000e+04
6.903231307620617471e-03, 3.938500000000000000e+04
6.907203247383345360e-03, 3.876800000000000000e+04
6.911175187146072381e-03, 3.812700000000000000e+04
6.915147126908800269e-03, 3.747000000000000000e+04
6.919119066671528158e-03, 3.677900000000000000e+04
6.923091006434255179e-03, 3.606800000000000000e+04
6.927062946196983068e-03, 3.533300000000000000e+04
6.931034885959710956e-03, 3.459000000000000000e+04
6.935006825722438845e-03, 3.383200000000000000e+04
6.938978765485165866e-03, 3.307400000000000000e+04
6.942950705247893754e-03, 3.230500000000000000e+04
6.946922645010621643e-03, 3.154600000000000000e+04
6.950894584773348664e-03, 3.078100000000000000e+04
6.954866524536076552e-03, 3.003200000000000000e+04
6.958838464298804441e-03, 2.929700000000000000e+04
6.962810404061531462e-03, 2.860200000000000000e+04
6.966782343824259351e-03, 2.791200000000000000e+04
6.970754283586987239e-03, 2.725500000000000000e+04
6.974726223349715128e-03, 2.662600000000000000e+04
6.978698163112442149e-03, 2.603400000000000000e+04
6.982670102875170037e-03, 2.547600000000000000e+04
6.986642042637897926e-03, 2.495000000000000000e+04
6.990613982400624947e-03, 2.446000000000000000e+04
6.994585922163352835e-03, 2.402300000000000000e+04
6.998557861926080724e-03, 2.363000000000000000e+04
7.002529801688807745e-03, 2.329900000000000000e+04
7.006501741451535634e-03, 2.302300000000000000e+04
7.010473681214263522e-03, 2.279900000000000000e+04
7.014445620976991411e-03, 2.262400000000000000e+04
7.018417560739718432e-03, 2.250600000000000000e+04
7.022389500502446320e-03, 2.244000000000000000e+04
7.026361440265174209e-03, 2.243200000000000000e+04
7.030333380027901230e-03, 2.246900000000000000e+04
7.034305319790629119e-03, 2.255300000000000000e+04
7.038277259553357007e-03, 2.269700000000000000e+04
7.042249199316084028e-03, 2.290500000000000000e+04
7.046221139078811917e-03, 2.316800000000000000e+04
7.050193078841539805e-03, 2.347000000000000000e+04
7.054165018604267694e-03, 2.381400000000000000e+04
7.058136958366994715e-03, 2.421100000000000000e+04
7.062108898129722603e-03, 2.465300000000000000e+04
7.066080837892450492e-03, 2.514700000000000000e+04
7.070052777655177513e-03, 2.567600000000000000e+04
7.074024717417905402e-03, 2.624500000000000000e+04
7.077996657180633290e-03, 2.684600000000000000e+04
7.081968596943360311e-03, 2.747500000000000000e+04
7.085940536706088200e-03, 2.812300000000000000e+04
7.089912476468816088e-03, 2.878800000000000000e+04
7.093884416231543977e-03, 2.949400000000000000e+04
7.097856355994270998e-03, 3.023700000000000000e+04
7.101828295756998886e-03, 3.097500000000000000e+04
7.105800235519726775e-03, 3.174000000000000000e+04
7.109772175282453796e-03, 3.249300000000000000e+04
7.113744115045181685e-03, 3.324900000000000000e+04
7.117716054807909573e-03, 3.400500000000000000e+04
7.121687994570636594e-03, 3.474300000000000000e+04
7.125659934333364483e-03, 3.549100000000000000e+04
7.129631874096092371e-03, 3.620500000000000000e+04
7.133603813858820260e-03, 3.691500000000000000e+04
7.137575753621547281e-03, 3.760200000000000000e+04
7.141547693384275169e-03, 3.826000000000000000e+04
7.145519633147003058e-03, 3.888700000000000000e+04
7.149491572909730079e-03, 3.949200000000000000e+04
7.153463512672457968e-03, 4.006100000000000000e+04
7.157435452435185856e-03, 4.058300000000000000e+04
7.161407392197912877e-03, 4.106400000000000000e+04
7.165379331960640766e-03, 4.149800000000000000e+04
7.169351271723368654e-03, 4.188000000000000000e+04
7.173323211486096543e-03, 4.221700000000000000e+04
7.177295151248823564e-03, 4.250600000000000000e+04
7.181267091011551452e-03, 4.274500000000000000e+04
7.185239030774279341e-03, 4.293400000000000000e+04
7.189210970537006362e-03, 4.304800000000000000e+04
7.193182910299734251e-03, 4.311600000000000000e+04
7.197154850062462139e-03, 4.313900000000000000e+04
7.201126789825189160e-03, 4.310100000000000000e+04
7.205098729587917049e-03, 4.300500000000000000e+04
7.209070669350644937e-03, 4.284600000000000000e+04
7.213042609113372826e-03, 4.262400000000000000e+04
7.217014548876099847e-03, 4.236800000000000000e+04
7.220986488638827736e-03, 4.205500000000000000e+04
7.224958428401555624e-03, 4.170000000000000000e+04
7.228930368164282645e-03, 4.129300000000000000e+04
7.232902307927010534e-03, 4.084200000000000000e+04
7.236874247689738422e-03, 4.033900000000000000e+04
7.240846187452465443e-03, 3.979200000000000000e+04
7.244818127215193332e-03, 3.921600000000000000e+04
7.248790066977921220e-03, 3.860100000000000000e+04
7.252762006740649109e-03, 3.796100000000000000e+04
7.256733946503376130e-03, 3.729500000000000000e+04
7.260705886266104019e-03, 3.660700000000000000e+04
7.264677826028831907e-03, 3.588900000000000000e+04
7.268649765791558928e-03, 3.515600000000000000e+04
7.272621705554286817e-03, 3.440700000000000000e+04
7.276593645317014705e-03, 3.365200000000000000e+04
7.280565585079741726e-03, 3.289000000000000000e+04
7.284537524842469615e-03, 3.212900000000000000e+04
7.288509464605197503e-03, 3.136700000000000000e+04
7.292481404367925392e-03, 3.061200000000000000e+04
7.296453344130652413e-03, 2.986000000000000000e+04
7.300425283893380302e-03, 2.913500000000000000e+04
7.304397223656108190e-03, 2.844800000000000000e+04
7.308369163418835211e-03, 2.776800000000000000e+04
7.312341103181563100e-03, 2.711000000000000000e+04
7.316313042944290988e-03, 2.649000000000000000e+04
7.320284982707018009e-03, 2.590600000000000000e+04
7.324256922469745898e-03, 2.535500000000000000e+04
7.328228862232473786e-03, 2.483400000000000000e+04
7.332200801995201675e-03, 2.435400000000000000e+04
7.336172741757928696e-03, 2.392000000000000000e+04
7.340144681520656585e-03, 2.353700000000000000e+04
7.344116621283384473e-03, 2.320600000000000000e+04
7.348088561046111494e-03, 2.293000000000000000e+04
7.352060500808839383e-03, 2.270900000000000000e+04
7.356032440571567271e-03, 2.253700000000000000e+04
7.360004380334294292e-03, 2.242200000000000000e+04
7.363976320097022181e-03, 2.235900000000000000e+04
7.367948259859750069e-03, 2.234400000000000000e+04
7.371920199622477958e-03, 2.239400000000000000e+04
7.375892139385204979e-03, 2.248100000000000000e+04
7.379864079147932868e-03, 2.263800000000000000e+04
7.383836018910660756e-03, 2.285700000000000000e+04
7.387807958673387777e-03, 2.312200000000000000e+04
7.391779898436115666e-03, 2.343300000000000000e+04
7.395751838198843554e-03, 2.377900000000000000e+04
7.399723777961570576e-03, 2.417500000000000000e+04
7.403695717724298464e-03, 2.461600000000000000e+04
7.407667657487026353e-03, 2.511100000000000000e+04
7.411639597249754241e-03, 2.566100000000000000e+04
7.415611537012481262e-03, 2.623900000000000000e+04
7.419583476775209151e-03, 2.684800000000000000e+04
7.423555416537937039e-03, 2.748200000000000000e+04
7.427527356300664060e-03, 2.814600000000000000e+04
7.431499296063391949e-03, 2.881600000000000000e+04
7.435471235826119837e-03, 2.953600000000000000e+04
7.439443175588846859e-03, 3.027900000000000000e+04
7.443415115351574747e-03, 3.102900000000000000e+04
7.447387055114302636e-03, 3.179300000000000000e+04
7.451358994877030524e-03, 3.255600000000000000e+04
7.455330934639757545e-03, 3.331100000000000000e+04
7.459302874402485434e-03, 3.407500000000000000e+04
7.463274814165213322e-03, 3.481400000000000000e+04
7.467246753927940343e-03, 3.556500000000000000e+04
7.471218693690668232e-03, 3.628300000000000000e+04
7.475190633453396120e-03, 3.698700000000000000e+04
7.479162573216123142e-03, 3.766900000000000000e+04
7.483134512978851030e-03, 3.832800000000000000e+04
7.487106452741578919e-03, 3.895500000000000000e+04
7.491078392504306807e-03, 3.955600000000000000e+04
7.495050332267033828e-03, 4.011500000000000000e+04
7.499022272029761717e-03, 4.063200000000000000e+04
7.502994211792489605e-03, 4.110400000000000000e+04
7.506966151555216626e-03, 4.153000000000000000e+04
7.510938091317944515e-03, 4.190900000000000000e+04
7.514910031080672403e-03, 4.223400000000000000e+04
7.518881970843399425e-03, 4.252300000000000000e+04
7.522853910606127313e-03, 4.275000000000000000e+04
7.526825850368855202e-03, 4.292500000000000000e+04
7.530797790131583090e-03, 4.302400000000000000e+04
7.534769729894310111e-03, 4.307300000000000000e+04
7.538741669657038000e-03, 4.309200000000000000e+04
7.542713609419765888e-03, 4.304200000000000000e+04
7.546685549182492909e-03, 4.294100000000000000e+04
7.550657488945220798e-03, 4.277100000000000000e+04
7.554629428707948686e-03, 4.254000000000000000e+04
7.558601368470675708e-03, 4.228300000000000000e+04
7.562573308233403596e-03, 4.196100000000000000e+04
7.566545247996131485e-03, 4.159800000000000000e+04
7.570517187758859373e-03, 4.118400000000000000e+04
7.574489127521586394e-03, 4.072800000000000000e+04
7.578461067284314283e-03, 4.022100000000000000e+04
7.582433007047042171e-03, 3.967000000000000000e+04
7.586404946809769193e-03, 3.908100000000000000e+04
7.590376886572497081e-03, 3.846500000000000000e+04
7.594348826335224970e-03, 3.782200000000000000e+04
7.598320766097951991e-03, 3.714600000000000000e+04
7.602292705860679879e-03, 3.645700000000000000e+04
7.606264645623407768e-03, 3.573100000000000000e+04
7.610236585386135656e-03, 3.500300000000000000e+04
7.614208525148862677e-03, 3.424700000000000000e+04
7.618180464911590566e-03, 3.349900000000000000e+04
7.622152404674318454e-03, 3.273200000000000000e+04
7.626124344437045476e-03, 3.197800000000000000e+04
7.630096284199773364e-03, 3.121200000000000000e+04
7.634068223962501253e-03, 3.046500000000000000e+04
7.638040163725228274e-03, 2.971100000000000000e+04
7.642012103487956162e-03, 2.899300000000000000e+04
7.645984043250684051e-03, 2.831300000000000000e+04
7.649955983013411939e-03, 2.764100000000000000e+04
7.653927922776138960e-03, 2.699000000000000000e+04
7.657899862538866849e-03, 2.637400000000000000e+04
7.661871802301594737e-03, 2.579300000000000000e+04
7.665843742064321759e-03, 2.524600000000000000e+04
7.669815681827049647e-03, 2.473000000000000000e+04
7.673787621589777536e-03, 2.426000000000000000e+04
7.677759561352504557e-03, 2.383200000000000000e+04
7.681731501115232445e-03, 2.346600000000000000e+04
7.685703440877960334e-03, 2.314700000000000000e+04
7.689675380640688222e-03, 2.287700000000000000e+04
7.693647320403415243e-03, 2.267000000000000000e+04
7.697619260166143132e-03, 2.250900000000000000e+04
7.701591199928871020e-03, 2.240500000000000000e+04
7.705563139691598042e-03, 2.235200000000000000e+04
7.709535079454325930e-03, 2.234200000000000000e+04
7.713507019217053819e-03, 2.240300000000000000e+04
7.717478958979780840e-03, 2.250400000000000000e+04
7.721450898742508728e-03, 2.267700000000000000e+04
7.725422838505236617e-03, 2.289500000000000000e+04
7.729394778267964505e-03, 2.315900000000000000e+04
7.733366718030691526e-03, 2.347300000000000000e+04
7.737338657793419415e-03, 2.383000000000000000e+04
7.741310597556147303e-03, 2.423800000000000000e+04
7.745282537318874325e-03, 2.469000000000000000e+04
7.749254477081602213e-03, 2.519400000000000000e+04
7.753226416844330102e-03, 2.575700000000000000e+04
7.757198356607057123e-03, 2.634600000000000000e+04
7.761170296369785011e-03, 2.695900000000000000e+04
7.765142236132512900e-03, 2.759600000000000000e+04
7.769114175895240788e-03, 2.826900000000000000e+04
7.773086115657967810e-03, 2.894500000000000000e+04
7.777058055420695698e-03, 2.967600000000000000e+04
7.781029995183423587e-03, 3.041700000000000000e+04
7.785001934946150608e-03, 3.117600000000000000e+04
7.788973874708878496e-03, 3.193600000000000000e+04
7.792945814471606385e-03, 3.270600000000000000e+04
7.796917754234333406e-03, 3.345900000000000000e+04
7.800889693997061294e-03, 3.422600000000000000e+04
7.804861633759789183e-03, 3.496100000000000000e+04
7.808833573522517071e-03, 3.570400000000000000e+04
7.812805513285244960e-03, 3.642700000000000000e+04
7.816777453047971114e-03, 3.712400000000000000e+04
7.820749392810699002e-03, 3.779900000000000000e+04
7.824721332573426891e-03, 3.845100000000000000e+04
7.828693272336154779e-03, 3.908000000000000000e+04
7.832665212098882668e-03, 3.967300000000000000e+04
7.836637151861610556e-03, 4.021700000000000000e+04
7.840609091624338445e-03, 4.072800000000000000e+04
7.844581031387064599e-03, 4.119600000000000000e+04
7.848552971149792487e-03, 4.160500000000000000e+04
7.852524910912520376e-03, 4.198100000000000000e+04
7.856496850675248264e-03, 4.228500000000000000e+04
7.860468790437976153e-03, 4.256100000000000000e+04
7.864440730200704041e-03, 4.277100000000000000e+04
7.868412669963431930e-03, 4.293200000000000000e+04
7.872384609726158083e-03, 4.302400000000000000e+04
7.876356549488885972e-03, 4.306600000000000000e+04
7.880328489251613860e-03, 4.307900000000000000e+04
7.884300429014341749e-03, 4.302400000000000000e+04
7.888272368777069637e-03, 4.290900000000000000e+04
7.892244308539797526e-03, 4.272600000000000000e+04
7.896216248302523680e-03, 4.249300000000000000e+04
7.900188188065251568e-03, 4.222500000000000000e+04
7.904160127827979457e-03, 4.189400000000000000e+04
7.908132067590707345e-03, 4.152100000000000000e+04
7.912104007353435234e-03, 4.110000000000000000e+04
7.916075947116163122e-03, 4.063600000000000000e+04
7.920047886878891011e-03, 4.013300000000000000e+04
7.924019826641617165e-03, 3.958900000000000000e+04
7.927991766404345053e-03, 3.899800000000000000e+04
7.931963706167072942e-03, 3.838800000000000000e+04
7.935935645929800830e-03, 3.775400000000000000e+04
7.939907585692528719e-03, 3.707500000000000000e+04
7.943879525455256607e-03, 3.639500000000000000e+04
7.947851465217984496e-03, 3.566700000000000000e+04
7.951823404980710649e-03, 3.494700000000000000e+04
7.955795344743438538e-03, 3.418900000000000000e+04
7.959767284506166427e-03, 3.344900000000000000e+04
7.963739224268894315e-03, 3.267800000000000000e+04
7.967711164031622204e-03, 3.193300000000000000e+04
7.971683103794350092e-03, 3.116300000000000000e+04
7.975655043557076246e-03, 3.042400000000000000e+04
7.979626983319804134e-03, 2.967500000000000000e+04
7.983598923082532023e-03, 2.896100000000000000e+04
7.987570862845259911e-03, 2.827900000000000000e+04
7.991542802607987800e-03, 2.761000000000000000e+04
7.995514742370715688e-03, 2.696300000000000000e+04
7.999486682133443577e-03, 2.635300000000000000e+04
8.003458621896169731e-03, 2.577900000000000000e+04
8.007430561658897619e-03, 2.523700000000000000e+04
8.011402501421625508e-03, 2.472700000000000000e+04
8.015374441184353396e-03, 2.426100000000000000e+04
8.019346380947081285e-03, 2.384100000000000000e+04
8.023318320709809173e-03, 2.348300000000000000e+04
8.027290260472535327e-03, 2.317800000000000000e+04
8.031262200235263216e-03, 2.291300000000000000e+04
8.035234139997991104e-03, 2.271000000000000000e+04
8.039206079760718993e-03, 2.255900000000000000e+04
8.043178019523446881e-03, 2.246300000000000000e+04
8.047149959286174770e-03, 2.242600000000000000e+04
8.051121899048902658e-03, 2.243000000000000000e+04
8.055093838811628812e-03, 2.250000000000000000e+04
8.059065778574356700e-03, 2.261800000000000000e+04
8.063037718337084589e-03, 2.280300000000000000e+04
8.067009658099812477e-03, 2.303600000000000000e+04
8.070981597862540366e-03, 2.332200000000000000e+04
8.074953537625268254e-03, 2.365100000000000000e+04
8.078925477387996143e-03, 2.402400000000000000e+04
8.082897417150722297e-03, 2.444600000000000000e+04
8.086869356913450185e-03, 2.491200000000000000e+04
8.090841296676178074e-03, 2.542400000000000000e+04
8.094813236438905962e-03, 2.599400000000000000e+04
8.098785176201633851e-03, 2.659600000000000000e+04
8.102757115964361739e-03, 2.721500000000000000e+04
8.106729055727087893e-03, 2.785300000000000000e+04
8.110700995489815782e-03, 2.852800000000000000e+04
8.114672935252543670e-03, 2.921400000000000000e+04
8.118644875015271559e-03, 2.995300000000000000e+04
8.122616814777999447e-03, 3.069200000000000000e+04
8.126588754540727336e-03, 3.145600000000000000e+04
8.130560694303455224e-03, 3.221200000000000000e+04
8.134532634066181378e-03, 3.298400000000000000e+04
8.138504573828909266e-03, 3.372900000000000000e+04
8.142476513591637155e-03, 3.448600000000000000e+04
8.146448453354365044e-03, 3.522300000000000000e+04
8.150420393117092932e-03, 3.595500000000000000e+04
8.154392332879820821e-03, 3.667700000000000000e+04
8.158364272642548709e-03, 3.736500000000000000e+04
8.162336212405274863e-03, 3.802800000000000000e+04
8.166308152168002751e-03, 3.866900000000000000e+04
8.170280091930730640e-03, 3.928900000000000000e+04
8.174252031693458528e-03, 3.987200000000000000e+04
8.178223971456186417e-03, 4.040900000000000000e+04
8.182195911218914305e-03, 4.091500000000000000e+04
8.186167850981640459e-03, 4.137700000000000000e+04
8.190139790744368348e-03, 4.177300000000000000e+04
8.194111730507096236e-03, 4.214500000000000000e+04
8.198083670269824125e-03, 4.244300000000000000e+04
8.202055610032552013e-03, 4.271600000000000000e+04
8.206027549795279902e-03, 4.292900000000000000e+04
8.209999489558007790e-03, 4.307600000000000000e+04
8.213971429320733944e-03, 4.317200000000000000e+04
8.217943369083461833e-03, 4.320900000000000000e+04
8.221915308846189721e-03, 4.320800000000000000e+04
8.225887248608917610e-03, 4.314800000000000000e+04
8.229859188371645498e-03, 4.301700000000000000e+04
8.233831128134373387e-03, 4.282800000000000000e+04
8.237803067897101275e-03, 4.258500000000000000e+04
8.241775007659827429e-03, 4.230300000000000000e+04
8.245746947422555317e-03, 4.196100000000000000e+04
8.249718887185283206e-03, 4.157400000000000000e+04
8.253690826948011094e-03, 4.114000000000000000e+04
8.257662766710738983e-03, 4.066000000000000000e+04
8.261634706473466871e-03, 4.013800000000000000e+04
8.265606646236193025e-03, 3.957500000000000000e+04
8.269578585998920914e-03, 3.896200000000000000e+04
8.273550525761648802e-03, 3.833200000000000000e+04
8.277522465524376691e-03, 3.768700000000000000e+04
8.281494405287104579e-03, 3.699300000000000000e+04
8.285466345049832468e-03, 3.630000000000000000e+04
8.289438284812560356e-03, 3.556000000000000000e+04
8.293410224575286510e-03, 3.483000000000000000e+04
8.297382164338014399e-03, 3.406400000000000000e+04
8.301354104100742287e-03, 3.331800000000000000e+04
8.305326043863470176e-03, 3.254200000000000000e+04
8.309297983626198064e-03, 3.179200000000000000e+04
8.313269923388925953e-03, 3.101600000000000000e+04
8.317241863151653841e-03, 3.027400000000000000e+04
8.321213802914379995e-03, 2.952600000000000000e+04
8.325185742677107884e-03, 2.881800000000000000e+04
8.329157682439835772e-03, 2.812900000000000000e+04
8.333129622202563661e-03, 2.746600000000000000e+04
8.337101561965291549e-03, 2.682500000000000000e+04
8.341073501728019438e-03, 2.622200000000000000e+04
8.345045441490745591e-03, 2.565300000000000000e+04
8.349017381253473480e-03, 2.511600000000000000e+04
8.352989321016201368e-03, 2.461100000000000000e+04
8.356961260778929257e-03, 2.415300000000000000e+04
8.360933200541657145e-03, 2.374700000000000000e+04
8.364905140304385034e-03, 2.339500000000000000e+04
8.368877080067112922e-03, 2.310000000000000000e+04
8.372849019829839076e-03, 2.285100000000000000e+04
8.376820959592566965e-03, 2.266000000000000000e+04
8.380792899355294853e-03, 2.252700000000000000e+04
8.384764839118022742e-03, 2.244600000000000000e+04
8.388736778880750630e-03, 2.242700000000000000e+04
8.392708718643478519e-03, 2.243600000000000000e+04
8.396680658406206407e-03, 2.251100000000000000e+04
8.400652598168932561e-03, 2.264300000000000000e+04
8.404624537931660450e-03, 2.283000000000000000e+04
8.408596477694388338e-03, 2.307500000000000000e+04
8.412568417457116227e-03, 2.337100000000000000e+04
8.416540357219844115e-03, 2.370100000000000000e+04
8.420512296982572004e-03, 2.408300000000000000e+04
8.424484236745298157e-03, 2.451200000000000000e+04
8.428456176508026046e-03, 2.499500000000000000e+04
8.432428116270753934e-03, 2.551300000000000000e+04
8.436400056033481823e-03, 2.608600000000000000e+04
8.440371995796209711e-03, 2.669600000000000000e+04
8.444343935558937600e-03, 2.732600000000000000e+04
8.448315875321665488e-03, 2.796900000000000000e+04
8.452287815084391642e-03, 2.864300000000000000e+04
8.456259754847119531e-03, 2.933900000000000000e+04
8.460231694609847419e-03, 3.008600000000000000e+04
8.464203634372575308e-03, 3.082100000000000000e+04
8.468175574135303196e-03, 3.159200000000000000e+04
8.472147513898031085e-03, 3.234200000000000000e+04
8.476119453660758973e-03, 3.311100000000000000e+04
8.480091393423485127e-03, 3.385900000000000000e+04
8.484063333186213016e-03, 3.461000000000000000e+04
8.488035272948940904e-03, 3.535100000000000000e+04
8.492007212711668793e-03, 3.607600000000000000e+04
8.495979152474396681e-03, 3.679400000000000000e+04
8.499951092237124570e-03, 3.748400000000000000e+04
8.503923031999850723e-03, 3.812900000000000000e+04
8.507894971762578612e-03, 3.875300000000000000e+04
8.511866911525306501e-03, 3.935700000000000000e+04
8.515838851288034389e-03, 3.992600000000000000e+04
8.519810791050762278e-03, 4.044700000000000000e+04
8.523782730813490166e-03, 4.093900000000000000e+04
8.527754670576218055e-03, 4.138300000000000000e+04
8.531726610338944208e-03, 4.176300000000000000e+04
8.535698550101672097e-03, 4.212000000000000000e+04
8.539670489864399985e-03, 4.240600000000000000e+04
8.543642429627127874e-03, 4.266200000000000000e+04
8.547614369389855762e-03, 4.286600000000000000e+04
8.551586309152583651e-03, 4.299400000000000000e+04
8.555558248915311539e-03, 4.308500000000000000e+04
8.559530188678037693e-03, 4.311200000000000000e+04
8.563502128440765582e-03, 4.309800000000000000e+04
8.567474068203493470e-03, 4.302200000000000000e+04
8.571446007966221359e-03, 4.287500000000000000e+04
8.575417947728949247e-03, 4.267400000000000000e+04
8.579389887491677136e-03, 4.241900000000000000e+04
8.583361827254403290e-03, 4.212500000000000000e+04
8.587333767017131178e-03, 4.178500000000000000e+04
8.591305706779859067e-03, 4.139200000000000000e+04
8.595277646542586955e-03, 4.095400000000000000e+04
8.599249586305314844e-03, 4.046100000000000000e+04
8.603221526068042732e-03, 3.993500000000000000e+04
8.607193465830770621e-03, 3.937100000000000000e+04
8.611165405593496774e-03, 3.876000000000000000e+04
8.615137345356224663e-03, 3.812300000000000000e+04
8.619109285118952551e-03, 3.747700000000000000e+04
8.623081224881680440e-03, 3.678700000000000000e+04
8.627053164644408328e-03, 3.608600000000000000e+04
8.631025104407136217e-03, 3.534900000000000000e+04
8.634997044169864105e-03, 3.461400000000000000e+04
8.638968983932590259e-03, 3.385200000000000000e+04
8.642940923695318148e-03, 3.310200000000000000e+04
8.646912863458046036e-03, 3.233200000000000000e+04
8.650884803220773925e-03, 3.158000000000000000e+04
8.654856742983501813e-03, 3.081400000000000000e+04
8.658828682746229702e-03, 3.007100000000000000e+04
8.662800622508955856e-03, 2.933400000000000000e+04
8.666772562271683744e-03, 2.863600000000000000e+04
8.670744502034411633e-03, 2.794600000000000000e+04
8.674716441797139521e-03, 2.729200000000000000e+04
8.678688381559867410e-03, 2.666100000000000000e+04
8.682660321322595298e-03, 2.606600000000000000e+04
8.686632261085323187e-03, 2.550600000000000000e+04
8.690604200848049340e-03, 2.497800000000000000e+04
8.694576140610777229e-03, 2.448100000000000000e+04
8.698548080373505118e-03, 2.403300000000000000e+04
8.702520020136233006e-03, 2.363000000000000000e+04
8.706491959898960895e-03, 2.328800000000000000e+04
8.710463899661688783e-03, 2.299600000000000000e+04
8.714435839424416672e-03, 2.275500000000000000e+04
8.718407779187142825e-03, 2.256300000000000000e+04
8.722379718949870714e-03, 2.243100000000000000e+04
8.726351658712598602e-03, 2.235300000000000000e+04
8.730323598475326491e-03, 2.233800000000000000e+04
8.734295538238054379e-03, 2.235900000000000000e+04
