0.000000000000000000e+00, 4.774000000000000000e+04
1.292422739815917309e-05, 4.838000000000000000e+04
2.584845479631834618e-05, 4.969300000000000000e+04
3.877268219447752435e-05, 4.902200000000000000e+04
5.169690959263669236e-05, 4.440300000000000000e+04
6.462113699079586715e-05, 4.146300000000000000e+04
7.754536438895504871e-05, 3.978900000000000000e+04
9.046959178711421671e-05, 3.907000000000000000e+04
1.033938191852733847e-04, 3.900400000000000000e+04
1.163180465834325663e-04, 3.929000000000000000e+04
1.292422739815917343e-04, 3.987300000000000000e+04
1.421665013797509159e-04, 4.045900000000000000e+04
1.550907287779100974e-04, 4.099200000000000000e+04
1.680149561760692519e-04, 4.141400000000000000e+04
1.809391835742284334e-04, 4.167000000000000000e+04
1.938634109723876150e-04, 4.166000000000000000e+04
2.067876383705467694e-04, 4.141000000000000000e+04
2.197118657687059510e-04, 4.095300000000000000e+04
2.326360931668651326e-04, 4.028200000000000000e+04
2.455603205650243141e-04, 3.942800000000000000e+04
2.584845479631834686e-04, 3.844400000000000000e+04
2.714087753613426772e-04, 3.737300000000000000e+04
2.843330027595018317e-04, 3.624300000000000000e+04
2.972572301576609862e-04, 3.522700000000000000e+04
3.101814575558201948e-04, 3.426300000000000000e+04
3.231056849539793493e-04, 3.346500000000000000e+04
3.360299123521385037e-04, 3.283400000000000000e+04
3.489541397502977124e-04, 3.243100000000000000e+04
3.618783671484568669e-04, 3.237000000000000000e+04
3.748025945466160213e-04, 3.263000000000000000e+04
3.877268219447752300e-04, 3.324900000000000000e+04
4.006510493429343844e-04, 3.417700000000000000e+04
4.135752767410935389e-04, 3.546600000000000000e+04
4.264995041392527476e-04, 3.714700000000000000e+04
4.394237315374119020e-04, 3.915000000000000000e+04
4.523479589355711107e-04, 4.144900000000000000e+04
4.652721863337302651e-04, 4.329300000000000000e+04
4.781964137318894196e-04, 3.915200000000000000e+04
4.911206411300486283e-04, 3.682900000000000000e+04
5.040448685282077285e-04, 3.602600000000000000e+04
5.169690959263669372e-04, 3.654800000000000000e+04
5.298933233245261458e-04, 3.803800000000000000e+04
5.428175507226853545e-04, 4.023000000000000000e+04
5.557417781208444547e-04, 4.192800000000000000e+04
5.686660055190036634e-04, 3.798000000000000000e+04
5.815902329171628721e-04, 3.584300000000000000e+04
5.945144603153219723e-04, 3.517300000000000000e+04
6.074386877134811810e-04, 3.552600000000000000e+04
6.203629151116403896e-04, 3.661000000000000000e+04
6.332871425097994899e-04, 3.813500000000000000e+04
6.462113699079586986e-04, 3.992300000000000000e+04
6.591355973061179072e-04, 4.178100000000000000e+04
6.720598247042770075e-04, 4.353200000000000000e+04
6.849840521024362161e-04, 4.519000000000000000e+04
6.979082795005954248e-04, 4.654200000000000000e+04
7.108325068987545250e-04, 4.759700000000000000e+04
7.237567342969137337e-04, 4.830100000000000000e+04
7.366809616950729424e-04, 4.865700000000000000e+04
7.496051890932320426e-04, 4.863000000000000000e+04
7.625294164913912513e-04, 4.825000000000000000e+04
7.754536438895504600e-04, 4.759600000000000000e+04
7.883778712877095602e-04, 4.667800000000000000e+04
8.013020986858687689e-04, 4.559400000000000000e+04
8.142263260840279775e-04, 4.434400000000000000e+04
8.271505534821870778e-04, 4.298400000000000000e+04
8.400747808803462864e-04, 4.157600000000000000e+04
8.529990082785054951e-04, 4.025900000000000000e+04
8.659232356766645954e-04, 3.900700000000000000e+04
8.788474630748238040e-04, 3.792000000000000000e+04
8.917716904729830127e-04, 3.700300000000000000e+04
9.046959178711422214e-04, 3.636400000000000000e+04
9.176201452693013216e-04, 3.608100000000000000e+04
9.305443726674605303e-04, 3.610100000000000000e+04
9.434686000656197389e-04, 3.648100000000000000e+04
9.563928274637788392e-04, 3.718800000000000000e+04
9.693170548619380478e-04, 3.827700000000000000e+04
9.822412822600972565e-04, 3.976000000000000000e+04
9.951655096582564652e-04, 4.158500000000000000e+04
1.008089737056415457e-03, 4.373400000000000000e+04
1.021013964454574666e-03, 4.233700000000000000e+04
1.033938191852733874e-03, 3.878100000000000000e+04
1.046862419250893083e-03, 3.690100000000000000e+04
1.059786646649052292e-03, 3.645800000000000000e+04
1.072710874047211500e-03, 3.725300000000000000e+04
1.085635101445370709e-03, 3.894500000000000000e+04
1.098559328843529701e-03, 4.128300000000000000e+04
1.111483556241688909e-03, 4.115000000000000000e+04
1.124407783639848118e-03, 3.771600000000000000e+04
1.137332011038007327e-03, 3.597400000000000000e+04
1.150256238436166535e-03, 3.559200000000000000e+04
1.163180465834325744e-03, 3.616000000000000000e+04
1.176104693232484736e-03, 3.740400000000000000e+04
1.189028920630643945e-03, 3.902400000000000000e+04
1.201953148028803153e-03, 4.085400000000000000e+04
1.214877375426962362e-03, 4.271700000000000000e+04
1.227801602825121571e-03, 4.445400000000000000e+04
1.240725830223280779e-03, 4.606000000000000000e+04
1.253650057621439771e-03, 4.732200000000000000e+04
1.266574285019598980e-03, 4.828400000000000000e+04
1.279498512417758188e-03, 4.891800000000000000e+04
1.292422739815917397e-03, 4.917700000000000000e+04
1.305346967214076606e-03, 4.908400000000000000e+04
1.318271194612235814e-03, 4.862600000000000000e+04
1.331195422010394806e-03, 4.790700000000000000e+04
1.344119649408554015e-03, 4.692600000000000000e+04
1.357043876806713224e-03, 4.573900000000000000e+04
1.369968104204872432e-03, 4.440900000000000000e+04
1.382892331603031641e-03, 4.298400000000000000e+04
1.395816559001190850e-03, 4.153800000000000000e+04
1.408740786399350058e-03, 4.017800000000000000e+04
1.421665013797509050e-03, 3.890900000000000000e+04
1.434589241195668259e-03, 3.780400000000000000e+04
1.447513468593827467e-03, 3.687300000000000000e+04
1.460437695991986676e-03, 3.621200000000000000e+04
1.473361923390145885e-03, 3.590700000000000000e+04
1.486286150788305093e-03, 3.591700000000000000e+04
1.499210378186464085e-03, 3.630500000000000000e+04
1.512134605584623294e-03, 3.704600000000000000e+04
1.525058832982782503e-03, 3.814200000000000000e+04
1.537983060380941711e-03, 3.962000000000000000e+04
1.550907287779100920e-03, 4.144000000000000000e+04
1.563831515177260129e-03, 4.358700000000000000e+04
1.576755742575419120e-03, 4.384000000000000000e+04
1.589679969973578329e-03, 3.990100000000000000e+04
1.602604197371737538e-03, 3.772700000000000000e+04
1.615528424769896746e-03, 3.704600000000000000e+04
1.628452652168055955e-03, 3.764700000000000000e+04
1.641376879566215164e-03, 3.918900000000000000e+04
1.654301106964374156e-03, 4.140700000000000000e+04
1.667225334362533364e-03, 4.188900000000000000e+04
1.680149561760692573e-03, 3.819200000000000000e+04
1.693073789158851782e-03, 3.624900000000000000e+04
1.705998016557010990e-03, 3.569100000000000000e+04
1.718922243955170199e-03, 3.612100000000000000e+04
1.731846471353329191e-03, 3.724100000000000000e+04
1.744770698751488399e-03, 3.872700000000000000e+04
1.757694926149647608e-03, 4.045100000000000000e+04
1.770619153547806817e-03, 4.223600000000000000e+04
1.783543380945966025e-03, 4.395100000000000000e+04
1.796467608344125234e-03, 4.551400000000000000e+04
1.809391835742284443e-03, 4.675100000000000000e+04
1.822316063140443435e-03, 4.769000000000000000e+04
1.835240290538602643e-03, 4.831400000000000000e+04
1.848164517936761852e-03, 4.854100000000000000e+04
1.861088745334921061e-03, 4.843500000000000000e+04
1.874012972733080269e-03, 4.797200000000000000e+04
1.886937200131239478e-03, 4.727700000000000000e+04
1.899861427529398470e-03, 4.630900000000000000e+04
1.912785654927557678e-03, 4.514100000000000000e+04
1.925709882325716887e-03, 4.383400000000000000e+04
1.938634109723876096e-03, 4.243500000000000000e+04
1.951558337122035304e-03, 4.100800000000000000e+04
1.964482564520194513e-03, 3.967200000000000000e+04
1.977406791918353505e-03, 3.844600000000000000e+04
1.990331019316512930e-03, 3.738900000000000000e+04
2.003255246714671922e-03, 3.650300000000000000e+04
2.016179474112830914e-03, 3.590200000000000000e+04
2.029103701510990340e-03, 3.564700000000000000e+04
2.042027928909149331e-03, 3.571900000000000000e+04
2.054952156307308757e-03, 3.613700000000000000e+04
2.067876383705467749e-03, 3.691500000000000000e+04
2.080800611103627174e-03, 3.804400000000000000e+04
2.093724838501786166e-03, 3.959700000000000000e+04
2.106649065899945158e-03, 4.145900000000000000e+04
2.119573293298104583e-03, 4.366000000000000000e+04
2.132497520696263575e-03, 4.326600000000000000e+04
2.145421748094423001e-03, 3.951700000000000000e+04
2.158345975492581992e-03, 3.752500000000000000e+04
2.171270202890741418e-03, 3.699000000000000000e+04
2.184194430288900410e-03, 3.770400000000000000e+04
2.197118657687059402e-03, 3.932600000000000000e+04
2.210042885085218827e-03, 4.160600000000000000e+04
2.222967112483377819e-03, 4.142400000000000000e+04
2.235891339881537244e-03, 3.790200000000000000e+04
2.248815567279696236e-03, 3.612000000000000000e+04
2.261739794677855228e-03, 3.567600000000000000e+04
2.274664022076014654e-03, 3.620200000000000000e+04
2.287588249474173645e-03, 3.738100000000000000e+04
2.300512476872333071e-03, 3.894500000000000000e+04
2.313436704270492063e-03, 4.072700000000000000e+04
2.326360931668651488e-03, 4.253300000000000000e+04
2.339285159066810480e-03, 4.426000000000000000e+04
2.352209386464969472e-03, 4.580600000000000000e+04
2.365133613863128897e-03, 4.704600000000000000e+04
2.378057841261287889e-03, 4.799900000000000000e+04
2.390982068659447315e-03, 4.861700000000000000e+04
2.403906296057606307e-03, 4.884700000000000000e+04
2.416830523455765298e-03, 4.872100000000000000e+04
2.429754750853924724e-03, 4.825700000000000000e+04
2.442678978252083716e-03, 4.754000000000000000e+04
2.455603205650243141e-03, 4.655000000000000000e+04
2.468527433048402133e-03, 4.535400000000000000e+04
2.481451660446561559e-03, 4.402200000000000000e+04
2.494375887844720550e-03, 4.260100000000000000e+04
2.507300115242879542e-03, 4.116200000000000000e+04
2.520224342641038968e-03, 3.983000000000000000e+04
2.533148570039197960e-03, 3.859300000000000000e+04
2.546072797437357385e-03, 3.754000000000000000e+04
2.558997024835516377e-03, 3.667400000000000000e+04
2.571921252233675802e-03, 3.609900000000000000e+04
2.584845479631834794e-03, 3.588800000000000000e+04
2.597769707029993786e-03, 3.600700000000000000e+04
2.610693934428153212e-03, 3.648100000000000000e+04
2.623618161826312203e-03, 3.731300000000000000e+04
2.636542389224471629e-03, 3.847900000000000000e+04
2.649466616622630621e-03, 4.007400000000000000e+04
2.662390844020789613e-03, 4.196400000000000000e+04
2.675315071418949038e-03, 4.418900000000000000e+04
2.688239298817108030e-03, 4.137500000000000000e+04
2.701163526215267455e-03, 3.821700000000000000e+04
2.714087753613426447e-03, 3.671000000000000000e+04
2.727011981011585873e-03, 3.656500000000000000e+04
2.739936208409744865e-03, 3.758800000000000000e+04
2.752860435807903856e-03, 3.945200000000000000e+04
2.765784663206063282e-03, 4.191900000000000000e+04
2.778708890604222274e-03, 4.028200000000000000e+04
2.791633118002381699e-03, 3.717700000000000000e+04
2.804557345400540691e-03, 3.574000000000000000e+04
2.817481572798700117e-03, 3.555200000000000000e+04
2.830405800196859108e-03, 3.626900000000000000e+04
2.843330027595018100e-03, 3.757600000000000000e+04
2.856254254993177526e-03, 3.923600000000000000e+04
2.869178482391336518e-03, 4.109000000000000000e+04
2.882102709789495943e-03, 4.292700000000000000e+04
2.895026937187654935e-03, 4.464300000000000000e+04
2.907951164585813927e-03, 4.616100000000000000e+04
2.920875391983973352e-03, 4.733500000000000000e+04
2.933799619382132344e-03, 4.823500000000000000e+04
2.946723846780291770e-03, 4.878700000000000000e+04
2.959648074178450761e-03, 4.896500000000000000e+04
2.972572301576610187e-03, 4.877400000000000000e+04
2.985496528974769179e-03, 4.828200000000000000e+04
2.998420756372928171e-03, 4.751400000000000000e+04
3.011344983771087596e-03, 4.648500000000000000e+04
3.024269211169246588e-03, 4.526700000000000000e+04
3.037193438567406013e-03, 4.391900000000000000e+04
3.050117665965565005e-03, 4.248800000000000000e+04
3.063041893363723997e-03, 4.104100000000000000e+04
3.075966120761883422e-03, 3.972500000000000000e+04
3.088890348160042414e-03, 3.849300000000000000e+04
3.101814575558201840e-03, 3.744200000000000000e+04
3.114738802956360832e-03, 3.658600000000000000e+04
3.127663030354520257e-03, 3.601900000000000000e+04
3.140587257752679249e-03, 3.578900000000000000e+04
3.153511485150838241e-03, 3.591400000000000000e+04
3.166435712548997666e-03, 3.639600000000000000e+04
3.179359939947156658e-03, 3.723400000000000000e+04
3.192284167345316084e-03, 3.843200000000000000e+04
3.205208394743475075e-03, 4.001400000000000000e+04
3.218132622141634501e-03, 4.190600000000000000e+04
3.231056849539793493e-03, 4.413400000000000000e+04
3.243981076937952485e-03, 4.286900000000000000e+04
3.256905304336111910e-03, 3.933600000000000000e+04
3.269829531734270902e-03, 3.753800000000000000e+04
3.282753759132430327e-03, 3.716100000000000000e+04
3.295677986530589319e-03, 3.799100000000000000e+04
3.308602213928748311e-03, 3.966200000000000000e+04
3.321526441326907737e-03, 4.196400000000000000e+04
3.334450668725066728e-03, 4.108300000000000000e+04
3.347374896123226154e-03, 3.771300000000000000e+04
3.360299123521385146e-03, 3.605100000000000000e+04
3.373223350919544571e-03, 3.569500000000000000e+04
3.386147578317703563e-03, 3.624800000000000000e+04
3.399071805715862555e-03, 3.742000000000000000e+04
3.411996033114021980e-03, 3.896200000000000000e+04
3.424920260512180972e-03, 4.070900000000000000e+04
3.437844487910340398e-03, 4.245400000000000000e+04
3.450768715308499390e-03, 4.413400000000000000e+04
3.463692942706658381e-03, 4.561000000000000000e+04
3.476617170104817807e-03, 4.674800000000000000e+04
3.489541397502976799e-03, 4.762600000000000000e+04
3.502465624901136224e-03, 4.815900000000000000e+04
3.515389852299295216e-03, 4.832400000000000000e+04
3.528314079697454642e-03, 4.811100000000000000e+04
3.541238307095613633e-03, 4.762500000000000000e+04
3.554162534493772625e-03, 4.686500000000000000e+04
3.567086761891932051e-03, 4.585100000000000000e+04
3.580010989290091043e-03, 4.465400000000000000e+04
3.592935216688250468e-03, 4.333100000000000000e+04
3.605859444086409460e-03, 4.192700000000000000e+04
3.618783671484568885e-03, 4.051100000000000000e+04
3.631707898882727877e-03, 3.922900000000000000e+04
3.644632126280886869e-03, 3.803400000000000000e+04
3.657556353679046295e-03, 3.703000000000000000e+04
3.670480581077205286e-03, 3.622100000000000000e+04
3.683404808475364712e-03, 3.571300000000000000e+04
3.696329035873523704e-03, 3.553500000000000000e+04
3.709253263271682696e-03, 3.572100000000000000e+04
3.722177490669842121e-03, 3.626600000000000000e+04
3.735101718068001113e-03, 3.717200000000000000e+04
3.748025945466160538e-03, 3.845200000000000000e+04
3.760950172864319530e-03, 4.011700000000000000e+04
3.773874400262478956e-03, 4.209700000000000000e+04
3.786798627660637948e-03, 4.439200000000000000e+04
3.799722855058796939e-03, 4.207000000000000000e+04
3.812647082456956365e-03, 3.884700000000000000e+04
3.825571309855115357e-03, 3.729400000000000000e+04
3.838495537253274782e-03, 3.713500000000000000e+04
3.851419764651433774e-03, 3.812800000000000000e+04
3.864343992049593200e-03, 3.996200000000000000e+04
3.877268219447752191e-03, 4.238700000000000000e+04
3.890192446845911183e-03, 4.025900000000000000e+04
3.903116674244070609e-03, 3.727700000000000000e+04
3.916040901642229601e-03, 3.590200000000000000e+04
3.928965129040389026e-03, 3.578800000000000000e+04
3.941889356438548452e-03, 3.651700000000000000e+04
3.954813583836707010e-03, 3.781700000000000000e+04
3.967737811234866435e-03, 3.946700000000000000e+04
3.980662038633025861e-03, 4.131100000000000000e+04
3.993586266031184419e-03, 4.310400000000000000e+04
4.006510493429343844e-03, 4.480600000000000000e+04
4.019434720827503270e-03, 4.627400000000000000e+04
4.032358948225661828e-03, 4.740200000000000000e+04
4.045283175623821253e-03, 4.828200000000000000e+04
4.058207403021980679e-03, 4.880400000000000000e+04
4.071131630420140105e-03, 4.895700000000000000e+04
4.084055857818298663e-03, 4.871600000000000000e+04
4.096980085216458088e-03, 4.821600000000000000e+04
4.109904312614617514e-03, 4.742000000000000000e+04
4.122828540012776072e-03, 4.637000000000000000e+04
4.135752767410935497e-03, 4.513700000000000000e+04
4.148676994809094923e-03, 4.377200000000000000e+04
4.161601222207254348e-03, 4.233000000000000000e+04
4.174525449605412906e-03, 4.089700000000000000e+04
4.187449677003572332e-03, 3.959100000000000000e+04
4.200373904401731757e-03, 3.838800000000000000e+04
4.213298131799890316e-03, 3.737400000000000000e+04
4.226222359198049741e-03, 3.655100000000000000e+04
4.239146586596209167e-03, 3.604800000000000000e+04
4.252070813994368592e-03, 3.586300000000000000e+04
4.264995041392527150e-03, 3.603100000000000000e+04
4.277919268790686576e-03, 3.656600000000000000e+04
4.290843496188846001e-03, 3.743100000000000000e+04
4.303767723587004559e-03, 3.870700000000000000e+04
4.316691950985163985e-03, 4.036700000000000000e+04
4.329616178383323410e-03, 4.234000000000000000e+04
4.342540405781482836e-03, 4.464700000000000000e+04
4.355464633179641394e-03, 4.189600000000000000e+04
4.368388860577800820e-03, 3.879400000000000000e+04
4.381313087975960245e-03, 3.731500000000000000e+04
4.394237315374118803e-03, 3.724900000000000000e+04
4.407161542772278229e-03, 3.829300000000000000e+04
4.420085770170437654e-03, 4.015900000000000000e+04
4.433009997568596212e-03, 4.259400000000000000e+04
4.445934224966755638e-03, 4.005500000000000000e+04
4.458858452364915063e-03, 3.716200000000000000e+04
4.471782679763074489e-03, 3.582200000000000000e+04
4.484706907161233047e-03, 3.572900000000000000e+04
4.497631134559392473e-03, 3.646500000000000000e+04
4.510555361957551898e-03, 3.775200000000000000e+04
4.523479589355710456e-03, 3.939200000000000000e+04
4.536403816753869882e-03, 4.122800000000000000e+04
4.549328044152029307e-03, 4.299900000000000000e+04
4.562252271550188733e-03, 4.465600000000000000e+04
4.575176498948347291e-03, 4.607500000000000000e+04
4.588100726346506716e-03, 4.716400000000000000e+04
4.601024953744666142e-03, 4.798000000000000000e+04
4.613949181142824700e-03, 4.844200000000000000e+04
4.626873408540984126e-03, 4.853700000000000000e+04
4.639797635939143551e-03, 4.826700000000000000e+04
4.652721863337302977e-03, 4.774000000000000000e+04
4.665646090735461535e-03, 4.692300000000000000e+04
4.678570318133620960e-03, 4.585800000000000000e+04
4.691494545531780386e-03, 4.462000000000000000e+04
4.704418772929938944e-03, 4.326500000000000000e+04
4.717343000328098369e-03, 4.183800000000000000e+04
4.730267227726257795e-03, 4.044600000000000000e+04
4.743191455124417220e-03, 3.915600000000000000e+04
4.756115682522575779e-03, 3.799300000000000000e+04
4.769039909920735204e-03, 3.701500000000000000e+04
4.781964137318894630e-03, 3.621700000000000000e+04
4.794888364717053188e-03, 3.574600000000000000e+04
4.807812592115212613e-03, 3.562200000000000000e+04
4.820736819513372039e-03, 3.583500000000000000e+04
4.833661046911530597e-03, 3.644000000000000000e+04
4.846585274309690022e-03, 3.735200000000000000e+04
4.859509501707849448e-03, 3.868000000000000000e+04
4.872433729106008873e-03, 4.039800000000000000e+04
4.885357956504167432e-03, 4.236500000000000000e+04
4.898282183902326857e-03, 4.469300000000000000e+04
4.911206411300486283e-03, 4.172600000000000000e+04
4.924130638698644841e-03, 3.868300000000000000e+04
4.937054866096804266e-03, 3.723400000000000000e+04
4.949979093494963692e-03, 3.723200000000000000e+04
4.962903320893123117e-03, 3.830800000000000000e+04
4.975827548291281675e-03, 4.017800000000000000e+04
4.988751775689441101e-03, 4.263900000000000000e+04
5.001676003087600526e-03, 3.969700000000000000e+04
5.014600230485759084e-03, 3.694900000000000000e+04
5.027524457883918510e-03, 3.572800000000000000e+04
5.040448685282077936e-03, 3.572600000000000000e+04
5.053372912680237361e-03, 3.653500000000000000e+04
5.066297140078395919e-03, 3.785700000000000000e+04
5.079221367476555345e-03, 3.952300000000000000e+04
5.092145594874714770e-03, 4.133700000000000000e+04
5.105069822272873328e-03, 4.307900000000000000e+04
5.117994049671032754e-03, 4.471700000000000000e+04
5.130918277069192179e-03, 4.612100000000000000e+04
5.143842504467351605e-03, 4.720000000000000000e+04
5.156766731865510163e-03, 4.799800000000000000e+04
5.169690959263669588e-03, 4.843500000000000000e+04
5.182615186661829014e-03, 4.848800000000000000e+04
5.195539414059987572e-03, 4.819900000000000000e+04
5.208463641458146998e-03, 4.763800000000000000e+04
5.221387868856306423e-03, 4.679600000000000000e+04
5.234312096254464981e-03, 4.572000000000000000e+04
5.247236323652624407e-03, 4.447500000000000000e+04
5.260160551050783832e-03, 4.311700000000000000e+04
5.273084778448943258e-03, 4.169000000000000000e+04
5.286009005847101816e-03, 4.032100000000000000e+04
5.298933233245261241e-03, 3.902300000000000000e+04
5.311857460643420667e-03, 3.786900000000000000e+04
5.324781688041579225e-03, 3.689900000000000000e+04
5.337705915439738651e-03, 3.614400000000000000e+04
5.350630142837898076e-03, 3.571000000000000000e+04
5.363554370236057502e-03, 3.561800000000000000e+04
5.376478597634216060e-03, 3.587200000000000000e+04
5.389402825032375485e-03, 3.650900000000000000e+04
5.402327052430534911e-03, 3.748300000000000000e+04
5.415251279828693469e-03, 3.886300000000000000e+04
5.428175507226852894e-03, 4.061900000000000000e+04
5.441099734625012320e-03, 4.266400000000000000e+04
5.454023962023171745e-03, 4.379800000000000000e+04
5.466948189421330304e-03, 3.953600000000000000e+04
5.479872416819489729e-03, 3.715600000000000000e+04
5.492796644217649155e-03, 3.625500000000000000e+04
5.505720871615807713e-03, 3.670900000000000000e+04
5.518645099013967138e-03, 3.814400000000000000e+04
5.531569326412126564e-03, 4.029000000000000000e+04
5.544493553810285989e-03, 4.270600000000000000e+04
5.557417781208444547e-03, 3.855300000000000000e+04
5.570342008606603973e-03, 3.630700000000000000e+04
5.583266236004763398e-03, 3.548500000000000000e+04
5.596190463402921957e-03, 3.578800000000000000e+04
5.609114690801081382e-03, 3.680700000000000000e+04
5.622038918199240808e-03, 3.826400000000000000e+04
5.634963145597400233e-03, 4.002400000000000000e+04
5.647887372995558791e-03, 4.191200000000000000e+04
5.660811600393718217e-03, 4.370300000000000000e+04
5.673735827791877642e-03, 4.537600000000000000e+04
5.686660055190036200e-03, 4.677800000000000000e+04
5.699584282588195626e-03, 4.784900000000000000e+04
5.712508509986355051e-03, 4.860800000000000000e+04
5.725432737384513610e-03, 4.899200000000000000e+04
5.738356964782673035e-03, 4.898300000000000000e+04
5.751281192180832461e-03, 4.865800000000000000e+04
5.764205419578991886e-03, 4.804900000000000000e+04
5.777129646977150444e-03, 4.716300000000000000e+04
5.790053874375309870e-03, 4.604700000000000000e+04
5.802978101773469295e-03, 4.476700000000000000e+04
5.815902329171627853e-03, 4.337800000000000000e+04
5.828826556569787279e-03, 4.191600000000000000e+04
5.841750783967946704e-03, 4.053100000000000000e+04
5.854675011366106130e-03, 3.921100000000000000e+04
5.867599238764264688e-03, 3.805600000000000000e+04
5.880523466162424114e-03, 3.708400000000000000e+04
5.893447693560583539e-03, 3.634700000000000000e+04
5.906371920958742097e-03, 3.592400000000000000e+04
5.919296148356901523e-03, 3.585500000000000000e+04
5.932220375755060948e-03, 3.615700000000000000e+04
5.945144603153220374e-03, 3.681700000000000000e+04
5.958068830551378932e-03, 3.781100000000000000e+04
5.970993057949538357e-03, 3.921000000000000000e+04
5.983917285347697783e-03, 4.096400000000000000e+04
5.996841512745856341e-03, 4.302400000000000000e+04
6.009765740144015767e-03, 4.343100000000000000e+04
6.022689967542175192e-03, 3.936000000000000000e+04
6.035614194940334618e-03, 3.712300000000000000e+04
6.048538422338493176e-03, 3.634800000000000000e+04
6.061462649736652601e-03, 3.689100000000000000e+04
6.074386877134812027e-03, 3.839100000000000000e+04
6.087311104532970585e-03, 4.058600000000000000e+04
6.100235331931130010e-03, 4.228000000000000000e+04
6.113159559329289436e-03, 3.832300000000000000e+04
6.126083786727447994e-03, 3.621100000000000000e+04
6.139008014125607419e-03, 3.552400000000000000e+04
6.151932241523766845e-03, 3.591500000000000000e+04
6.164856468921926270e-03, 3.700500000000000000e+04
6.177780696320084829e-03, 3.855300000000000000e+04
6.190704923718244254e-03, 4.036300000000000000e+04
6.203629151116403680e-03, 4.226300000000000000e+04
6.216553378514562238e-03, 4.403900000000000000e+04
6.229477605912721663e-03, 4.571200000000000000e+04
6.242401833310881089e-03, 4.707300000000000000e+04
6.255326060709040514e-03, 4.810300000000000000e+04
6.268250288107199072e-03, 4.881300000000000000e+04
6.281174515505358498e-03, 4.917000000000000000e+04
6.294098742903517923e-03, 4.913300000000000000e+04
6.307022970301676482e-03, 4.877300000000000000e+04
6.319947197699835907e-03, 4.812900000000000000e+04
6.332871425097995333e-03, 4.721400000000000000e+04
6.345795652496154758e-03, 4.607400000000000000e+04
6.358719879894313316e-03, 4.476900000000000000e+04
6.371644107292472742e-03, 4.336000000000000000e+04
6.384568334690632167e-03, 4.188900000000000000e+04
6.397492562088790725e-03, 4.051900000000000000e+04
6.410416789486950151e-03, 3.920200000000000000e+04
6.423341016885109576e-03, 3.806000000000000000e+04
6.436265244283269002e-03, 3.709800000000000000e+04
6.449189471681427560e-03, 3.637000000000000000e+04
6.462113699079586986e-03, 3.595800000000000000e+04
6.475037926477746411e-03, 3.590000000000000000e+04
6.487962153875904969e-03, 3.618900000000000000e+04
6.500886381274064395e-03, 3.682000000000000000e+04
6.513810608672223820e-03, 3.782700000000000000e+04
6.526734836070382378e-03, 3.925300000000000000e+04
6.539659063468541804e-03, 4.101900000000000000e+04
6.552583290866701229e-03, 4.308300000000000000e+04
6.565507518264860655e-03, 4.546200000000000000e+04
6.578431745663019213e-03, 4.092900000000000000e+04
6.591355973061178639e-03, 3.828300000000000000e+04
6.604280200459338064e-03, 3.719500000000000000e+04
6.617204427857496622e-03, 3.748100000000000000e+04
6.630128655255656048e-03, 3.877300000000000000e+04
6.643052882653815473e-03, 4.080000000000000000e+04
6.655977110051974899e-03, 4.311800000000000000e+04
6.668901337450133457e-03, 3.889100000000000000e+04
6.681825564848292882e-03, 3.654600000000000000e+04
6.694749792246452308e-03, 3.568100000000000000e+04
6.707674019644610866e-03, 3.589400000000000000e+04
6.720598247042770292e-03, 3.685500000000000000e+04
6.733522474440929717e-03, 3.829400000000000000e+04
6.746446701839089143e-03, 4.001900000000000000e+04
6.759370929237247701e-03, 4.184400000000000000e+04
6.772295156635407126e-03, 4.358300000000000000e+04
6.785219384033566552e-03, 4.523700000000000000e+04
6.798143611431725110e-03, 4.658200000000000000e+04
6.811067838829884535e-03, 4.762200000000000000e+04
6.823992066228043961e-03, 4.832500000000000000e+04
6.836916293626203386e-03, 4.868200000000000000e+04
6.849840521024361945e-03, 4.865500000000000000e+04
6.862764748422521370e-03, 4.828700000000000000e+04
6.875688975820680796e-03, 4.763500000000000000e+04
6.888613203218839354e-03, 4.672000000000000000e+04
6.901537430616998779e-03, 4.558800000000000000e+04
6.914461658015158205e-03, 4.430100000000000000e+04
6.927385885413316763e-03, 4.291300000000000000e+04
6.940310112811476188e-03, 4.147100000000000000e+04
6.953234340209635614e-03, 4.013900000000000000e+04
6.966158567607795039e-03, 3.886400000000000000e+04
6.979082795005953598e-03, 3.774700000000000000e+04
6.992007022404113023e-03, 3.680700000000000000e+04
7.004931249802272449e-03, 3.611000000000000000e+04
7.017855477200431007e-03, 3.576900000000000000e+04
7.030779704598590432e-03, 3.575300000000000000e+04
7.043703931996749858e-03, 3.609600000000000000e+04
7.056628159394909283e-03, 3.677100000000000000e+04
7.069552386793067841e-03, 3.783300000000000000e+04
7.082476614191227267e-03, 3.927300000000000000e+04
7.095400841589386692e-03, 4.105600000000000000e+04
7.108325068987545250e-03, 4.315500000000000000e+04
7.121249296385704676e-03, 4.482100000000000000e+04
7.134173523783864101e-03, 4.052000000000000000e+04
7.147097751182023527e-03, 3.804000000000000000e+04
7.160021978580182085e-03, 3.710400000000000000e+04
7.172946205978341511e-03, 3.750800000000000000e+04
7.185870433376500936e-03, 3.890000000000000000e+04
7.198794660774659494e-03, 4.100400000000000000e+04
7.211718888172818920e-03, 4.262200000000000000e+04
7.224643115570978345e-03, 3.860200000000000000e+04
7.237567342969137771e-03, 3.640200000000000000e+04
7.250491570367296329e-03, 3.566100000000000000e+04
7.263415797765455754e-03, 3.594800000000000000e+04
7.276340025163615180e-03, 3.697800000000000000e+04
7.289264252561773738e-03, 3.846400000000000000e+04
7.302188479959933164e-03, 4.022300000000000000e+04
7.315112707358092589e-03, 4.205400000000000000e+04
7.328036934756251147e-03, 4.378000000000000000e+04
7.340961162154410573e-03, 4.541100000000000000e+04
7.353885389552569998e-03, 4.670500000000000000e+04
7.366809616950729424e-03, 4.771100000000000000e+04
7.379733844348887982e-03, 4.837700000000000000e+04
7.392658071747047407e-03, 4.868600000000000000e+04
7.405582299145206833e-03, 4.862000000000000000e+04
7.418506526543365391e-03, 4.821000000000000000e+04
7.431430753941524817e-03, 4.753300000000000000e+04
7.444354981339684242e-03, 4.659800000000000000e+04
7.457279208737843668e-03, 4.545100000000000000e+04
7.470203436136002226e-03, 4.415500000000000000e+04
7.483127663534161651e-03, 4.276100000000000000e+04
7.496051890932321077e-03, 4.132900000000000000e+04
7.508976118330479635e-03, 3.999000000000000000e+04
7.521900345728639060e-03, 3.872600000000000000e+04
7.534824573126798486e-03, 3.763300000000000000e+04
7.547748800524957911e-03, 3.671500000000000000e+04
7.560673027923116470e-03, 3.605100000000000000e+04
7.573597255321275895e-03, 3.574700000000000000e+04
7.586521482719435321e-03, 3.575400000000000000e+04
7.599445710117593879e-03, 3.615000000000000000e+04
7.612369937515753304e-03, 3.688900000000000000e+04
7.625294164913912730e-03, 3.800600000000000000e+04
7.638218392312072155e-03, 3.951600000000000000e+04
7.651142619710230713e-03, 4.136400000000000000e+04
7.664066847108390139e-03, 4.352200000000000000e+04
7.676991074506549564e-03, 4.213900000000000000e+04
7.689915301904708123e-03, 3.859200000000000000e+04
7.702839529302867548e-03, 3.672600000000000000e+04
7.715763756701026974e-03, 3.630500000000000000e+04
7.728687984099186399e-03, 3.711900000000000000e+04
7.741612211497344957e-03, 3.882800000000000000e+04
7.754536438895504383e-03, 4.118100000000000000e+04
7.767460666293663808e-03, 4.106100000000000000e+04
7.780384893691822366e-03, 3.762800000000000000e+04
7.793309121089981792e-03, 3.588700000000000000e+04
7.806233348488141217e-03, 3.550000000000000000e+04
7.819157575886300643e-03, 3.602600000000000000e+04
7.832081803284459201e-03, 3.724100000000000000e+04
7.845006030682617759e-03, 3.884000000000000000e+04
7.857930258080778052e-03, 4.065600000000000000e+04
7.870854485478936610e-03, 4.251900000000000000e+04
7.883778712877096903e-03, 4.428500000000000000e+04
7.896702940275255461e-03, 4.590300000000000000e+04
7.909627167673414019e-03, 4.717800000000000000e+04
7.922551395071574312e-03, 4.818600000000000000e+04
7.935475622469732870e-03, 4.885600000000000000e+04
7.948399849867891429e-03, 4.914500000000000000e+04
7.961324077266051721e-03, 4.907600000000000000e+04
7.974248304664210280e-03, 4.863600000000000000e+04
7.987172532062368838e-03, 4.794600000000000000e+04
8.000096759460529131e-03, 4.698000000000000000e+04
8.013020986858687689e-03, 4.580500000000000000e+04
8.025945214256846247e-03, 4.453000000000000000e+04
8.038869441655006540e-03, 4.314800000000000000e+04
8.051793669053165098e-03, 4.173300000000000000e+04
8.064717896451323656e-03, 4.039500000000000000e+04
8.077642123849483949e-03, 3.914700000000000000e+04
8.090566351247642507e-03, 3.806100000000000000e+04
8.103490578645802800e-03, 3.714200000000000000e+04
8.116414806043961358e-03, 3.649300000000000000e+04
8.129339033442119916e-03, 3.617300000000000000e+04
8.142263260840280209e-03, 3.616700000000000000e+04
8.155187488238438767e-03, 3.653900000000000000e+04
8.168111715636597325e-03, 3.726500000000000000e+04
8.181035943034757618e-03, 3.836200000000000000e+04
8.193960170432916176e-03, 3.986100000000000000e+04
8.206884397831074734e-03, 4.169000000000000000e+04
8.219808625229235027e-03, 4.384800000000000000e+04
8.232732852627393585e-03, 4.204100000000000000e+04
8.245657080025552144e-03, 3.860000000000000000e+04
8.258581307423712436e-03, 3.683200000000000000e+04
8.271505534821870995e-03, 3.647900000000000000e+04
8.284429762220031288e-03, 3.734300000000000000e+04
8.297353989618189846e-03, 3.908800000000000000e+04
8.310278217016348404e-03, 4.146500000000000000e+04
8.323202444414508697e-03, 4.089700000000000000e+04
8.336126671812667255e-03, 3.752200000000000000e+04
8.349050899210825813e-03, 3.583400000000000000e+04
8.361975126608986106e-03, 3.548000000000000000e+04
8.374899354007144664e-03, 3.607200000000000000e+04
8.387823581405303222e-03, 3.731900000000000000e+04
8.400747808803463515e-03, 3.893700000000000000e+04
8.413672036201622073e-03, 4.076200000000000000e+04
8.426596263599780631e-03, 4.261400000000000000e+04
8.439520490997940924e-03, 4.439700000000000000e+04
8.452444718396099482e-03, 4.601400000000000000e+04
8.465368945794258040e-03, 4.728600000000000000e+04
8.478293173192418333e-03, 4.824500000000000000e+04
8.491217400590576891e-03, 4.887700000000000000e+04
8.504141627988737184e-03, 4.911500000000000000e+04
8.517065855386895742e-03, 4.900600000000000000e+04
8.529990082785054301e-03, 4.853600000000000000e+04
8.542914310183214593e-03, 4.781700000000000000e+04
8.555838537581373152e-03, 4.682200000000000000e+04
8.568762764979531710e-03, 4.562500000000000000e+04
8.581686992377692003e-03, 4.428800000000000000e+04
8.594611219775850561e-03, 4.286100000000000000e+04
8.607535447174009119e-03, 4.141300000000000000e+04
8.620459674572169412e-03, 4.005800000000000000e+04
8.633383901970327970e-03, 3.881200000000000000e+04
8.646308129368486528e-03, 3.775600000000000000e+04
8.659232356766646821e-03, 3.689100000000000000e+04
8.672156584164805379e-03, 3.630000000000000000e+04
8.685080811562965672e-03, 3.604700000000000000e+04
8.698005038961124230e-03, 3.611600000000000000e+04
8.710929266359282788e-03, 3.655000000000000000e+04
8.723853493757443081e-03, 3.734400000000000000e+04
8.736777721155601639e-03, 3.847700000000000000e+04
8.749701948553760197e-03, 4.003900000000000000e+04
8.762626175951920490e-03, 4.191600000000000000e+04
8.775550403350079048e-03, 4.412100000000000000e+04
8.788474630748237607e-03, 4.169600000000000000e+04
8.801398858146397899e-03, 3.841800000000000000e+04
8.814323085544556458e-03, 3.680000000000000000e+04
8.827247312942715016e-03, 3.656600000000000000e+04
8.840171540340875309e-03, 3.752100000000000000e+04
8.853095767739033867e-03, 3.933300000000000000e+04
8.866019995137192425e-03, 4.176700000000000000e+04
8.878944222535352718e-03, 4.055800000000000000e+04
8.891868449933511276e-03, 3.739300000000000000e+04
8.904792677331671569e-03, 3.589700000000000000e+04
8.917716904729830127e-03, 3.567000000000000000e+04
8.930641132127988685e-03, 3.635800000000000000e+04
8.943565359526148978e-03, 3.765500000000000000e+04
8.956489586924307536e-03, 3.930000000000000000e+04
8.969413814322466094e-03, 4.111200000000000000e+04
8.982338041720626387e-03, 4.293500000000000000e+04
8.995262269118784945e-03, 4.467000000000000000e+04
9.008186496516943503e-03, 4.621600000000000000e+04
9.021110723915103796e-03, 4.742500000000000000e+04
9.034034951313262354e-03, 4.833900000000000000e+04
9.046959178711420912e-03, 4.891400000000000000e+04
9.059883406109581205e-03, 4.911100000000000000e+04
9.072807633507739764e-03, 4.899400000000000000e+04
9.085731860905900056e-03, 4.853400000000000000e+04
9.098656088304058615e-03, 4.781600000000000000e+04
9.111580315702217173e-03, 4.682100000000000000e+04
9.124504543100377466e-03, 4.562500000000000000e+04
9.137428770498536024e-03, 4.428900000000000000e+04
9.150352997896694582e-03, 4.286200000000000000e+04
9.163277225294854875e-03, 4.141500000000000000e+04
9.176201452693013433e-03, 4.006400000000000000e+04
9.189125680091171991e-03, 3.881000000000000000e+04
9.202049907489332284e-03, 3.774100000000000000e+04
9.214974134887490842e-03, 3.685900000000000000e+04
9.227898362285649400e-03, 3.626200000000000000e+04
9.240822589683809693e-03, 3.600500000000000000e+04
9.253746817081968251e-03, 3.609200000000000000e+04
9.266671044480126809e-03, 3.654200000000000000e+04
9.279595271878287102e-03, 3.732400000000000000e+04
9.292519499276445660e-03, 3.845200000000000000e+04
9.305443726674605953e-03, 4.001700000000000000e+04
9.318367954072764511e-03, 4.188500000000000000e+04
9.331292181470923069e-03, 4.409300000000000000e+04
9.344216408869083362e-03, 4.302800000000000000e+04
9.357140636267241920e-03, 3.943200000000000000e+04
9.370064863665400479e-03, 3.757400000000000000e+04
9.382989091063560771e-03, 3.714400000000000000e+04
9.395913318461719330e-03, 3.794300000000000000e+04
9.408837545859877888e-03, 3.962800000000000000e+04
9.421761773258038181e-03, 4.195400000000000000e+04
9.434686000656196739e-03, 4.087700000000000000e+04
9.447610228054355297e-03, 3.757400000000000000e+04
9.460534455452515590e-03, 3.597800000000000000e+04
9.473458682850674148e-03, 3.566300000000000000e+04
9.486382910248834441e-03, 3.628300000000000000e+04
9.499307137646992999e-03, 3.752100000000000000e+04
9.512231365045151557e-03, 3.912900000000000000e+04
9.525155592443311850e-03, 4.094300000000000000e+04
9.538079819841470408e-03, 4.275100000000000000e+04
9.551004047239628966e-03, 4.447600000000000000e+04
9.563928274637789259e-03, 4.599600000000000000e+04
9.576852502035947817e-03, 4.716900000000000000e+04
9.589776729434106375e-03, 4.806500000000000000e+04
9.602700956832266668e-03, 4.860500000000000000e+04
9.615625184230425226e-03, 4.877600000000000000e+04
9.628549411628583785e-03, 4.858300000000000000e+04
9.641473639026744077e-03, 4.809100000000000000e+04
9.654397866424902636e-03, 4.733300000000000000e+04
9.667322093823061194e-03, 4.631500000000000000e+04
9.680246321221221487e-03, 4.510800000000000000e+04
9.693170548619380045e-03, 4.376300000000000000e+04
9.706094776017540338e-03, 4.233600000000000000e+04
9.719019003415698896e-03, 4.089600000000000000e+04
9.731943230813857454e-03, 3.958600000000000000e+04
9.744867458212017747e-03, 3.836100000000000000e+04
9.757791685610176305e-03, 3.733000000000000000e+04
9.770715913008334863e-03, 3.649500000000000000e+04
9.783640140406495156e-03, 3.595100000000000000e+04
9.796564367804653714e-03, 3.573100000000000000e+04
9.809488595202812272e-03, 3.585100000000000000e+04
9.822412822600972565e-03, 3.633100000000000000e+04
9.835337049999131123e-03, 3.716700000000000000e+04
9.848261277397289681e-03, 3.836600000000000000e+04
9.861185504795449974e-03, 3.998100000000000000e+04
9.874109732193608532e-03, 4.191000000000000000e+04
9.887033959591768825e-03, 4.416600000000000000e+04
9.899958186989927383e-03, 4.248200000000000000e+04
9.912882414388085942e-03, 3.908200000000000000e+04
9.925806641786246234e-03, 3.739400000000000000e+04
9.938730869184404793e-03, 3.710200000000000000e+04
9.951655096582563351e-03, 3.800000000000000000e+04
9.964579323980723644e-03, 3.976300000000000000e+04
9.977503551378882202e-03, 4.214400000000000000e+04
9.990427778777040760e-03, 4.064300000000000000e+04
1.000335200617520105e-02, 3.745900000000000000e+04
1.001627623357335961e-02, 3.591400000000000000e+04
1.002920046097151817e-02, 3.565200000000000000e+04
1.004212468836967846e-02, 3.627700000000000000e+04
1.005504891576783702e-02, 3.750600000000000000e+04
1.006797314316599558e-02, 3.910500000000000000e+04
1.008089737056415587e-02, 4.091400000000000000e+04
1.009382159796231443e-02, 4.269900000000000000e+04
1.010674582536047472e-02, 4.441400000000000000e+04
1.011967005275863328e-02, 4.593400000000000000e+04
1.013259428015679184e-02, 4.710300000000000000e+04
1.014551850755495213e-02, 4.799900000000000000e+04
1.015844273495311069e-02, 4.854100000000000000e+04
1.017136696235126925e-02, 4.871500000000000000e+04
1.018429118974942954e-02, 4.850300000000000000e+04
1.019721541714758810e-02, 4.801900000000000000e+04
1.021013964454574666e-02, 4.725000000000000000e+04
1.022306387194390695e-02, 4.621600000000000000e+04
1.023598809934206551e-02, 4.499700000000000000e+04
1.024891232674022407e-02, 4.365300000000000000e+04
1.026183655413838436e-02, 4.222800000000000000e+04
1.027476078153654292e-02, 4.079600000000000000e+04
1.028768500893470321e-02, 3.950400000000000000e+04
1.030060923633286177e-02, 3.830100000000000000e+04
1.031353346373102033e-02, 3.728800000000000000e+04
1.032645769112918062e-02, 3.645300000000000000e+04
1.033938191852733918e-02, 3.592200000000000000e+04
1.035230614592549774e-02, 3.572200000000000000e+04
1.036523037332365803e-02, 3.589000000000000000e+04
1.037815460072181659e-02, 3.641000000000000000e+04
1.039107882811997514e-02, 3.727300000000000000e+04
1.040400305551813544e-02, 3.853200000000000000e+04
1.041692728291629400e-02, 4.017600000000000000e+04
1.042985151031445255e-02, 4.215200000000000000e+04
1.044277573771261285e-02, 4.444900000000000000e+04
1.045569996511077140e-02, 4.044600000000000000e+04
1.046862419250892996e-02, 3.762600000000000000e+04
1.048154841990709026e-02, 3.639700000000000000e+04
1.049447264730524881e-02, 3.651000000000000000e+04
1.050739687470340911e-02, 3.771700000000000000e+04
1.052032110210156766e-02, 3.972300000000000000e+04
1.053324532949972622e-02, 4.228600000000000000e+04
1.054616955689788652e-02, 3.941800000000000000e+04
1.055909378429604507e-02, 3.672900000000000000e+04
1.057201801169420363e-02, 3.559100000000000000e+04
1.058494223909236392e-02, 3.565900000000000000e+04
1.059786646649052248e-02, 3.652200000000000000e+04
1.061079069388868104e-02, 3.792000000000000000e+04
1.062371492128684133e-02, 3.964500000000000000e+04
1.063663914868499989e-02, 4.152400000000000000e+04
1.064956337608315845e-02, 4.332700000000000000e+04
1.066248760348131874e-02, 4.503400000000000000e+04
1.067541183087947730e-02, 4.650200000000000000e+04
1.068833605827763759e-02, 4.762400000000000000e+04
1.070126028567579615e-02, 4.846000000000000000e+04
1.071418451307395471e-02, 4.894200000000000000e+04
1.072710874047211500e-02, 4.905900000000000000e+04
1.074003296787027356e-02, 4.878400000000000000e+04
1.075295719526843212e-02, 4.825000000000000000e+04
1.076588142266659241e-02, 4.742700000000000000e+04
1.077880565006475097e-02, 4.635600000000000000e+04
1.079172987746290953e-02, 4.510700000000000000e+04
1.080465410486106982e-02, 4.373700000000000000e+04
1.081757833225922838e-02, 4.229200000000000000e+04
1.083050255965738694e-02, 4.086400000000000000e+04
1.084342678705554723e-02, 3.954800000000000000e+04
1.085635101445370579e-02, 3.833800000000000000e+04
1.086927524185186608e-02, 3.731900000000000000e+04
1.088219946925002464e-02, 3.649300000000000000e+04
1.089512369664818320e-02, 3.598900000000000000e+04
1.090804792404634349e-02, 3.582600000000000000e+04
1.092097215144450205e-02, 3.600900000000000000e+04
1.093389637884266061e-02, 3.657200000000000000e+04
1.094682060624082090e-02, 3.746700000000000000e+04
1.095974483363897946e-02, 3.877800000000000000e+04
1.097266906103713802e-02, 4.046500000000000000e+04
1.098559328843529831e-02, 4.245700000000000000e+04
1.099851751583345687e-02, 4.477800000000000000e+04
1.101144174323161543e-02, 4.017400000000000000e+04
1.102436597062977572e-02, 3.752000000000000000e+04
1.103729019802793428e-02, 3.639900000000000000e+04
1.105021442542609283e-02, 3.664000000000000000e+04
1.106313865282425313e-02, 3.793000000000000000e+04
1.107606288022241169e-02, 3.999300000000000000e+04
1.108898710762057198e-02, 4.258400000000000000e+04
1.110191133501873054e-02, 3.911900000000000000e+04
1.111483556241688909e-02, 3.659800000000000000e+04
1.112775978981504939e-02, 3.557000000000000000e+04
1.114068401721320795e-02, 3.572400000000000000e+04
1.115360824461136650e-02, 3.665300000000000000e+04
1.116653247200952680e-02, 3.810100000000000000e+04
1.117945669940768535e-02, 3.986200000000000000e+04
1.119238092680584391e-02, 4.178500000000000000e+04
1.120530515420400421e-02, 4.361600000000000000e+04
1.121822938160216276e-02, 4.532100000000000000e+04
1.123115360900032132e-02, 4.677900000000000000e+04
1.124407783639848162e-02, 4.789000000000000000e+04
1.125700206379664017e-02, 4.871100000000000000e+04
1.126992629119480047e-02, 4.914700000000000000e+04
1.128285051859295902e-02, 4.921200000000000000e+04
1.129577474599111758e-02, 4.890900000000000000e+04
1.130869897338927788e-02, 4.834800000000000000e+04
1.132162320078743643e-02, 4.749600000000000000e+04
1.133454742818559499e-02, 4.640200000000000000e+04
1.134747165558375528e-02, 4.513500000000000000e+04
1.136039588298191384e-02, 4.375000000000000000e+04
1.137332011038007240e-02, 4.228600000000000000e+04
1.138624433777823269e-02, 4.085800000000000000e+04
1.139916856517639125e-02, 3.953600000000000000e+04
1.141209279257454981e-02, 3.834200000000000000e+04
1.142501701997271010e-02, 3.733500000000000000e+04
1.143794124737086866e-02, 3.652900000000000000e+04
1.145086547476902722e-02, 3.605000000000000000e+04
1.146378970216718751e-02, 3.591700000000000000e+04
1.147671392956534607e-02, 3.615100000000000000e+04
1.148963815696350636e-02, 3.677000000000000000e+04
1.150256238436166492e-02, 3.768800000000000000e+04
1.151548661175982348e-02, 3.901600000000000000e+04
1.152841083915798377e-02, 4.072800000000000000e+04
1.154133506655614233e-02, 4.272700000000000000e+04
1.155425929395430089e-02, 4.431800000000000000e+04
1.156718352135246118e-02, 3.990000000000000000e+04
1.158010774875061974e-02, 3.741500000000000000e+04
1.159303197614877830e-02, 3.641700000000000000e+04
1.160595620354693859e-02, 3.677700000000000000e+04
1.161888043094509715e-02, 3.814200000000000000e+04
1.163180465834325571e-02, 4.023900000000000000e+04
1.164472888574141600e-02, 4.286800000000000000e+04
1.165765311313957456e-02, 3.882400000000000000e+04
1.167057734053773485e-02, 3.646700000000000000e+04
1.168350156793589341e-02, 3.556000000000000000e+04
1.169642579533405197e-02, 3.581000000000000000e+04
1.170935002273221226e-02, 3.681500000000000000e+04
1.172227425013037082e-02, 3.828500000000000000e+04
1.173519847752852938e-02, 4.006000000000000000e+04
1.174812270492668967e-02, 4.197400000000000000e+04
1.176104693232484823e-02, 4.379100000000000000e+04
1.177397115972300679e-02, 4.547700000000000000e+04
1.178689538712116708e-02, 4.688700000000000000e+04
1.179981961451932564e-02, 4.795300000000000000e+04
1.181274384191748419e-02, 4.873000000000000000e+04
1.182566806931564449e-02, 4.914200000000000000e+04
1.183859229671380305e-02, 4.916400000000000000e+04
1.185151652411196160e-02, 4.885100000000000000e+04
1.186444075151012190e-02, 4.826000000000000000e+04
1.187736497890828045e-02, 4.738700000000000000e+04
1.189028920630644075e-02, 4.627700000000000000e+04
1.190321343370459931e-02, 4.499300000000000000e+04
1.191613766110275786e-02, 4.359600000000000000e+04
1.192906188850091816e-02, 4.213300000000000000e+04
1.194198611589907671e-02, 4.072900000000000000e+04
1.195491034329723527e-02, 3.940600000000000000e+04
1.196783457069539557e-02, 3.823300000000000000e+04
1.198075879809355412e-02, 3.724400000000000000e+04
1.199368302549171268e-02, 3.646900000000000000e+04
1.200660725288987297e-02, 3.600100000000000000e+04
1.201953148028803153e-02, 3.587900000000000000e+04
1.203245570768619009e-02, 3.610500000000000000e+04
1.204537993508435038e-02, 3.671800000000000000e+04
1.205830416248250894e-02, 3.765400000000000000e+04
1.207122838988066924e-02, 3.899900000000000000e+04
1.208415261727882779e-02, 4.072400000000000000e+04
1.209707684467698635e-02, 4.274000000000000000e+04
1.211000107207514664e-02, 4.507800000000000000e+04
1.212292529947330520e-02, 4.149600000000000000e+04
1.213584952687146376e-02, 3.859800000000000000e+04
1.214877375426962405e-02, 3.727400000000000000e+04
1.216169798166778261e-02, 3.737700000000000000e+04
1.217462220906594117e-02, 3.852900000000000000e+04
1.218754643646410146e-02, 4.045000000000000000e+04
1.220047066386226002e-02, 4.294400000000000000e+04
1.221339489126041858e-02, 3.940900000000000000e+04
1.222631911865857887e-02, 3.681900000000000000e+04
1.223924334605673743e-02, 3.572300000000000000e+04
1.225216757345489599e-02, 3.580800000000000000e+04
1.226509180085305628e-02, 3.667300000000000000e+04
1.227801602825121484e-02, 3.803800000000000000e+04
1.229094025564937513e-02, 3.972500000000000000e+04
1.230386448304753369e-02, 4.154700000000000000e+04
1.231678871044569225e-02, 4.326800000000000000e+04
1.232971293784385254e-02, 4.489300000000000000e+04
1.234263716524201110e-02, 4.626500000000000000e+04
1.235556139264016966e-02, 4.731800000000000000e+04
1.236848562003832995e-02, 4.807200000000000000e+04
1.238140984743648851e-02, 4.847300000000000000e+04
1.239433407483464707e-02, 4.848100000000000000e+04
1.240725830223280736e-02, 4.817600000000000000e+04
1.242018252963096592e-02, 4.757900000000000000e+04
1.243310675702912448e-02, 4.670900000000000000e+04
1.244603098442728477e-02, 4.561100000000000000e+04
1.245895521182544333e-02, 4.435200000000000000e+04
1.247187943922360362e-02, 4.298400000000000000e+04
1.248480366662176218e-02, 4.155100000000000000e+04
1.249772789401992074e-02, 4.020100000000000000e+04
1.251065212141808103e-02, 3.890800000000000000e+04
1.252357634881623959e-02, 3.782600000000000000e+04
1.253650057621439814e-02, 3.691400000000000000e+04
1.254942480361255844e-02, 3.622500000000000000e+04
1.256234903101071700e-02, 3.584300000000000000e+04
1.257527325840887555e-02, 3.580500000000000000e+04
1.258819748580703585e-02, 3.610500000000000000e+04
1.260112171320519441e-02, 3.675700000000000000e+04
1.261404594060335296e-02, 3.775900000000000000e+04
1.262697016800151326e-02, 3.918600000000000000e+04
1.263989439539967181e-02, 4.096300000000000000e+04
1.265281862279783037e-02, 4.304000000000000000e+04
1.266574285019599067e-02, 4.346000000000000000e+04
1.267866707759414922e-02, 3.939900000000000000e+04
1.269159130499230952e-02, 3.715600000000000000e+04
1.270451553239046807e-02, 3.638200000000000000e+04
1.271743975978862663e-02, 3.692500000000000000e+04
1.273036398718678693e-02, 3.843200000000000000e+04
1.274328821458494548e-02, 4.063200000000000000e+04
1.275621244198310404e-02, 4.232900000000000000e+04
1.276913666938126433e-02, 3.837400000000000000e+04
1.278206089677942289e-02, 3.626200000000000000e+04
1.279498512417758145e-02, 3.556900000000000000e+04
1.280790935157574174e-02, 3.594300000000000000e+04
1.282083357897390030e-02, 3.701900000000000000e+04
1.283375780637205886e-02, 3.853300000000000000e+04
1.284668203377021915e-02, 4.030100000000000000e+04
1.285960626116837771e-02, 4.217000000000000000e+04
1.287253048856653800e-02, 4.392200000000000000e+04
1.288545471596469656e-02, 4.557800000000000000e+04
1.289837894336285512e-02, 4.694300000000000000e+04
1.291130317076101541e-02, 4.798400000000000000e+04
1.292422739815917397e-02, 4.869700000000000000e+04
1.293715162555733253e-02, 4.905100000000000000e+04
1.295007585295549282e-02, 4.900600000000000000e+04
1.296300008035365138e-02, 4.864200000000000000e+04
1.297592430775180994e-02, 4.799600000000000000e+04
1.298884853514997023e-02, 4.708200000000000000e+04
1.300177276254812879e-02, 4.594500000000000000e+04
1.301469698994628735e-02, 4.465000000000000000e+04
1.302762121734444764e-02, 4.325000000000000000e+04
1.304054544474260620e-02, 4.178800000000000000e+04
1.305346967214076476e-02, 4.042000000000000000e+04
1.306639389953892505e-02, 3.910600000000000000e+04
1.307931812693708361e-02, 3.796700000000000000e+04
1.309224235433524390e-02, 3.700900000000000000e+04
1.310516658173340246e-02, 3.629300000000000000e+04
1.311809080913156102e-02, 3.591000000000000000e+04
1.313101503652972131e-02, 3.587200000000000000e+04
1.314393926392787987e-02, 3.616800000000000000e+04
1.315686349132603843e-02, 3.679100000000000000e+04
1.316978771872419872e-02, 3.779200000000000000e+04
1.318271194612235728e-02, 3.921400000000000000e+04
1.319563617352051584e-02, 4.097700000000000000e+04
1.320856040091867613e-02, 4.305900000000000000e+04
1.322148462831683469e-02, 4.496500000000000000e+04
1.323440885571499324e-02, 4.058500000000000000e+04
1.324733308311315354e-02, 3.806400000000000000e+04
1.326025731051131210e-02, 3.708200000000000000e+04
1.327318153790947239e-02, 3.745100000000000000e+04
1.328610576530763095e-02, 3.880900000000000000e+04
1.329902999270578950e-02, 4.088800000000000000e+04
1.331195422010394980e-02, 4.299000000000000000e+04
1.332487844750210836e-02, 3.884200000000000000e+04
1.333780267490026691e-02, 3.655300000000000000e+04
1.335072690229842721e-02, 3.573800000000000000e+04
1.336365112969658576e-02, 3.599500000000000000e+04
1.337657535709474432e-02, 3.699100000000000000e+04
1.338949958449290462e-02, 3.845400000000000000e+04
1.340242381189106317e-02, 4.019600000000000000e+04
1.341534803928922173e-02, 4.202400000000000000e+04
1.342827226668738202e-02, 4.374100000000000000e+04
1.344119649408554058e-02, 4.537700000000000000e+04
1.345412072148369914e-02, 4.669200000000000000e+04
1.346704494888185943e-02, 4.769200000000000000e+04
1.347996917628001799e-02, 4.836300000000000000e+04
1.349289340367817829e-02, 4.869600000000000000e+04
1.350581763107633684e-02, 4.864800000000000000e+04
1.351874185847449540e-02, 4.826500000000000000e+04
1.353166608587265569e-02, 4.760800000000000000e+04
1.354459031327081425e-02, 4.669000000000000000e+04
1.355751454066897281e-02, 4.555500000000000000e+04
1.357043876806713310e-02, 4.431500000000000000e+04
1.358336299546529166e-02, 4.296500000000000000e+04
1.359628722286345022e-02, 4.155200000000000000e+04
1.360921145026161051e-02, 4.024100000000000000e+04
1.362213567765976907e-02, 3.898200000000000000e+04
1.363505990505792763e-02, 3.788900000000000000e+04
1.364798413245608792e-02, 3.696700000000000000e+04
1.366090835985424648e-02, 3.628400000000000000e+04
1.367383258725240677e-02, 3.598500000000000000e+04
1.368675681465056533e-02, 3.600400000000000000e+04
1.369968104204872389e-02, 3.637200000000000000e+04
1.371260526944688418e-02, 3.706200000000000000e+04
1.372552949684504274e-02, 3.813200000000000000e+04
1.373845372424320130e-02, 3.960400000000000000e+04
1.375137795164136159e-02, 4.141700000000000000e+04
1.376430217903952015e-02, 4.353800000000000000e+04
1.377722640643767871e-02, 4.258000000000000000e+04
1.379015063383583900e-02, 3.890700000000000000e+04
1.380307486123399756e-02, 3.693900000000000000e+04
1.381599908863215612e-02, 3.641700000000000000e+04
1.382892331603031641e-02, 3.715200000000000000e+04
1.384184754342847497e-02, 3.879900000000000000e+04
1.385477177082663353e-02, 4.110300000000000000e+04
1.386769599822479382e-02, 4.141700000000000000e+04
1.388062022562295238e-02, 3.781500000000000000e+04
1.389354445302111267e-02, 3.593800000000000000e+04
1.390646868041927123e-02, 3.545500000000000000e+04
1.391939290781742979e-02, 3.594600000000000000e+04
1.393231713521559008e-02, 3.713500000000000000e+04
1.394524136261374864e-02, 3.872700000000000000e+04
1.395816559001190720e-02, 4.055300000000000000e+04
1.397108981741006749e-02, 4.242900000000000000e+04
1.398401404480822605e-02, 4.417100000000000000e+04
1.399693827220638460e-02, 4.579500000000000000e+04
1.400986249960454490e-02, 4.707900000000000000e+04
1.402278672700270346e-02, 4.807200000000000000e+04
1.403571095440086201e-02, 4.872200000000000000e+04
1.404863518179902231e-02, 4.902200000000000000e+04
1.406155940919718086e-02, 4.895100000000000000e+04
1.407448363659534116e-02, 4.852500000000000000e+04
1.408740786399349972e-02, 4.783100000000000000e+04
1.410033209139165827e-02, 4.687200000000000000e+04
1.411325631878981857e-02, 4.570300000000000000e+04
1.412618054618797712e-02, 4.438600000000000000e+04
1.413910477358613568e-02, 4.297300000000000000e+04
1.415202900098429598e-02, 4.153000000000000000e+04
1.416495322838245453e-02, 4.018000000000000000e+04
1.417787745578061309e-02, 3.891100000000000000e+04
1.419080168317877338e-02, 3.780400000000000000e+04
1.420372591057693194e-02, 3.686700000000000000e+04
1.421665013797509050e-02, 3.618500000000000000e+04
1.422957436537325079e-02, 3.586600000000000000e+04
1.424249859277140935e-02, 3.585900000000000000e+04
1.425542282016956791e-02, 3.622800000000000000e+04
1.426834704756772820e-02, 3.693900000000000000e+04
1.428127127496588676e-02, 3.803300000000000000e+04
1.429419550236404705e-02, 3.953300000000000000e+04
1.430711972976220561e-02, 4.138600000000000000e+04
1.432004395716036417e-02, 4.354800000000000000e+04
1.433296818455852446e-02, 4.216700000000000000e+04
1.434589241195668302e-02, 3.862200000000000000e+04
1.435881663935484158e-02, 3.675700000000000000e+04
1.437174086675300187e-02, 3.632900000000000000e+04
1.438466509415116043e-02, 3.713800000000000000e+04
1.439758932154931899e-02, 3.884200000000000000e+04
1.441051354894747928e-02, 4.119800000000000000e+04
1.442343777634563784e-02, 4.108000000000000000e+04
1.443636200374379640e-02, 3.764800000000000000e+04
1.444928623114195669e-02, 3.590800000000000000e+04
1.446221045854011525e-02, 3.552500000000000000e+04
1.447513468593827554e-02, 3.609400000000000000e+04
1.448805891333643410e-02, 3.733600000000000000e+04
1.450098314073459266e-02, 3.895100000000000000e+04
1.451390736813275295e-02, 4.074400000000000000e+04
1.452683159553091151e-02, 4.258800000000000000e+04
1.453975582292907007e-02, 4.433700000000000000e+04
1.455268005032723036e-02, 4.594100000000000000e+04
1.456560427772538892e-02, 4.720400000000000000e+04
1.457852850512354748e-02, 4.816200000000000000e+04
1.459145273252170777e-02, 4.879800000000000000e+04
1.460437695991986633e-02, 4.905000000000000000e+04
1.461730118731802489e-02, 4.900200000000000000e+04
1.463022541471618518e-02, 4.857900000000000000e+04
1.464314964211434374e-02, 4.790300000000000000e+04
1.465607386951250229e-02, 4.694900000000000000e+04
1.466899809691066259e-02, 4.578300000000000000e+04
1.468192232430882115e-02, 4.446700000000000000e+04
1.469484655170698144e-02, 4.305400000000000000e+04
1.470777077910514000e-02, 4.161500000000000000e+04
1.472069500650329855e-02, 4.025400000000000000e+04
1.473361923390145885e-02, 3.898900000000000000e+04
1.474654346129961741e-02, 3.789200000000000000e+04
1.475946768869777596e-02, 3.696700000000000000e+04
1.477239191609593626e-02, 3.631600000000000000e+04
1.478531614349409481e-02, 3.601700000000000000e+04
1.479824037089225337e-02, 3.603500000000000000e+04
1.481116459829041367e-02, 3.643100000000000000e+04
1.482408882568857222e-02, 3.720400000000000000e+04
1.483701305308673078e-02, 3.833900000000000000e+04
1.484993728048489108e-02, 3.986800000000000000e+04
1.486286150788304963e-02, 4.172000000000000000e+04
1.487578573528120993e-02, 4.389500000000000000e+04
1.488870996267936848e-02, 4.187300000000000000e+04
1.490163419007752704e-02, 3.848100000000000000e+04
1.491455841747568734e-02, 3.676000000000000000e+04
1.492748264487384589e-02, 3.645200000000000000e+04
1.494040687227200445e-02, 3.735100000000000000e+04
1.495333109967016474e-02, 3.912300000000000000e+04
1.496625532706832330e-02, 4.152100000000000000e+04
1.497917955446648186e-02, 4.073900000000000000e+04
1.499210378186464215e-02, 3.746700000000000000e+04
1.500502800926280071e-02, 3.587100000000000000e+04
1.501795223666095927e-02, 3.558200000000000000e+04
1.503087646405911956e-02, 3.619100000000000000e+04
1.504380069145727812e-02, 3.743900000000000000e+04
1.505672491885543841e-02, 3.905600000000000000e+04
1.506964914625359697e-02, 4.087800000000000000e+04
1.508257337365175553e-02, 4.272700000000000000e+04
1.509549760104991582e-02, 4.448300000000000000e+04
1.510842182844807438e-02, 4.606500000000000000e+04
1.512134605584623294e-02, 4.730800000000000000e+04
1.513427028324439323e-02, 4.826700000000000000e+04
1.514719451064255179e-02, 4.891300000000000000e+04
1.516011873804071035e-02, 4.916000000000000000e+04
1.517304296543887064e-02, 4.905800000000000000e+04
1.518596719283702920e-02, 4.859300000000000000e+04
1.519889142023518776e-02, 4.788400000000000000e+04
1.521181564763334805e-02, 4.689600000000000000e+04
1.522473987503150661e-02, 4.570400000000000000e+04
1.523766410242966517e-02, 4.436200000000000000e+04
1.525058832982782546e-02, 4.293000000000000000e+04
1.526351255722598402e-02, 4.147700000000000000e+04
1.527643678462414431e-02, 4.011800000000000000e+04
1.528936101202230287e-02, 3.886700000000000000e+04
1.530228523942046143e-02, 3.778800000000000000e+04
1.531520946681862172e-02, 3.688400000000000000e+04
1.532813369421678028e-02, 3.626700000000000000e+04
1.534105792161493884e-02, 3.599000000000000000e+04
1.535398214901309913e-02, 3.602300000000000000e+04
1.536690637641125769e-02, 3.643100000000000000e+04
1.537983060380941625e-02, 3.720600000000000000e+04
1.539275483120757654e-02, 3.832700000000000000e+04
1.540567905860573510e-02, 3.987900000000000000e+04
1.541860328600389365e-02, 4.173300000000000000e+04
1.543152751340205395e-02, 4.392900000000000000e+04
1.544445174080021251e-02, 4.330200000000000000e+04
1.545737596819837280e-02, 3.961000000000000000e+04
1.547030019559653136e-02, 3.765500000000000000e+04
1.548322442299468991e-02, 3.714700000000000000e+04
1.549614865039285021e-02, 3.787900000000000000e+04
1.550907287779100877e-02, 3.951400000000000000e+04
1.552199710518916732e-02, 4.180000000000000000e+04
1.553492133258732762e-02, 4.115800000000000000e+04
1.554784555998548617e-02, 3.772800000000000000e+04
1.556076978738364473e-02, 3.598700000000000000e+04
1.557369401478180503e-02, 3.556800000000000000e+04
1.558661824217996358e-02, 3.610800000000000000e+04
1.559954246957812214e-02, 3.729300000000000000e+04
1.561246669697628243e-02, 3.886200000000000000e+04
1.562539092437444099e-02, 4.065000000000000000e+04
1.563831515177260129e-02, 4.245500000000000000e+04
1.565123937917075811e-02, 4.417600000000000000e+04
1.566416360656891840e-02, 4.569500000000000000e+04
1.567708783396707869e-02, 4.689100000000000000e+04
1.569001206136523552e-02, 4.780100000000000000e+04
1.570293628876339581e-02, 4.838100000000000000e+04
1.571586051616155610e-02, 4.858600000000000000e+04
1.572878474355971293e-02, 4.843600000000000000e+04
1.574170897095787322e-02, 4.796600000000000000e+04
1.575463319835603351e-02, 4.724000000000000000e+04
1.576755742575419381e-02, 4.624100000000000000e+04
1.578048165315235063e-02, 4.504900000000000000e+04
1.579340588055051092e-02, 4.372400000000000000e+04
1.580633010794867122e-02, 4.231400000000000000e+04
1.581925433534682804e-02, 4.088600000000000000e+04
1.583217856274498833e-02, 3.957400000000000000e+04
1.584510279014314862e-02, 3.835000000000000000e+04
1.585802701754130545e-02, 3.731600000000000000e+04
1.587095124493946574e-02, 3.651000000000000000e+04
1.588387547233762603e-02, 3.597700000000000000e+04
1.589679969973578286e-02, 3.577400000000000000e+04
1.590972392713394315e-02, 3.590600000000000000e+04
1.592264815453210344e-02, 3.639400000000000000e+04
1.593557238193026027e-02, 3.723600000000000000e+04
1.594849660932842056e-02, 3.841900000000000000e+04
1.596142083672658085e-02, 4.002700000000000000e+04
1.597434506412473768e-02, 4.194900000000000000e+04
1.598726929152289797e-02, 4.419900000000000000e+04
1.600019351892105826e-02, 4.118600000000000000e+04
1.601311774631921508e-02, 3.808100000000000000e+04
1.602604197371737538e-02, 3.662500000000000000e+04
1.603896620111553567e-02, 3.652100000000000000e+04
1.605189042851369249e-02, 3.757500000000000000e+04
1.606481465591185279e-02, 3.946500000000000000e+04
1.607773888331001308e-02, 4.195100000000000000e+04
1.609066311070816990e-02, 4.011600000000000000e+04
1.610358733810633020e-02, 3.712500000000000000e+04
1.611651156550449049e-02, 3.577800000000000000e+04
1.612943579290264731e-02, 3.566000000000000000e+04
1.614236002030080760e-02, 3.642200000000000000e+04
1.615528424769896790e-02, 3.775800000000000000e+04
1.616820847509712819e-02, 3.943800000000000000e+04
1.618113270249528501e-02, 4.129000000000000000e+04
1.619405692989344531e-02, 4.310200000000000000e+04
1.620698115729160560e-02, 4.482600000000000000e+04
1.621990538468976242e-02, 4.634000000000000000e+04
1.623282961208792272e-02, 4.750300000000000000e+04
1.624575383948608301e-02, 4.839500000000000000e+04
1.625867806688423983e-02, 4.893300000000000000e+04
1.627160229428240013e-02, 4.909800000000000000e+04
1.628452652168056042e-02, 4.888900000000000000e+04
1.629745074907871724e-02, 4.837300000000000000e+04
1.631037497647687753e-02, 4.759400000000000000e+04
1.632329920387503783e-02, 4.655400000000000000e+04
1.633622343127319465e-02, 4.532800000000000000e+04
1.634914765867135494e-02, 4.397100000000000000e+04
1.636207188606951524e-02, 4.253400000000000000e+04
1.637499611346767206e-02, 4.108100000000000000e+04
1.638792034086583235e-02, 3.975900000000000000e+04
1.640084456826399265e-02, 3.851500000000000000e+04
1.641376879566214947e-02, 3.746800000000000000e+04
1.642669302306030976e-02, 3.661800000000000000e+04
1.643961725045847005e-02, 3.606000000000000000e+04
1.645254147785662688e-02, 3.583600000000000000e+04
1.646546570525478717e-02, 3.597300000000000000e+04
1.647838993265294746e-02, 3.646300000000000000e+04
1.649131416005110429e-02, 3.732000000000000000e+04
1.650423838744926458e-02, 3.854600000000000000e+04
1.651716261484742487e-02, 4.018100000000000000e+04
1.653008684224558170e-02, 4.212300000000000000e+04
1.654301106964374199e-02, 4.438600000000000000e+04
1.655593529704190228e-02, 4.076800000000000000e+04
1.656885952444006258e-02, 3.781900000000000000e+04
1.658178375183821940e-02, 3.649800000000000000e+04
1.659470797923637969e-02, 3.651300000000000000e+04
1.660763220663453998e-02, 3.766100000000000000e+04
1.662055643403269681e-02, 3.962300000000000000e+04
1.663348066143085710e-02, 4.216100000000000000e+04
1.664640488882901739e-02, 3.969100000000000000e+04
1.665932911622717422e-02, 3.687700000000000000e+04
1.667225334362533451e-02, 3.565300000000000000e+04
1.668517757102349480e-02, 3.565000000000000000e+04
1.669810179842165163e-02, 3.647400000000000000e+04
1.671102602581981192e-02, 3.786700000000000000e+04
1.672395025321797221e-02, 3.958800000000000000e+04
1.673687448061612904e-02, 4.148600000000000000e+04
1.674979870801428933e-02, 4.333200000000000000e+04
1.676272293541244962e-02, 4.507800000000000000e+04
1.677564716281060644e-02, 4.658500000000000000e+04
1.678857139020876674e-02, 4.773500000000000000e+04
1.680149561760692703e-02, 4.860000000000000000e+04
1.681441984500508385e-02, 4.909600000000000000e+04
1.682734407240324415e-02, 4.922600000000000000e+04
1.684026829980140444e-02, 4.897300000000000000e+04
1.685319252719956126e-02, 4.845100000000000000e+04
1.686611675459772156e-02, 4.764500000000000000e+04
1.687904098199588185e-02, 4.658500000000000000e+04
1.689196520939403867e-02, 4.534100000000000000e+04
1.690488943679219896e-02, 4.397200000000000000e+04
1.691781366419035926e-02, 4.251700000000000000e+04
1.693073789158851608e-02, 4.105600000000000000e+04
1.694366211898667637e-02, 3.973900000000000000e+04
1.695658634638483667e-02, 3.851300000000000000e+04
1.696951057378299696e-02, 3.747900000000000000e+04
1.698243480118115378e-02, 3.663900000000000000e+04
1.699535902857931408e-02, 3.610900000000000000e+04
1.700828325597747437e-02, 3.591100000000000000e+04
1.702120748337563119e-02, 3.610300000000000000e+04
1.703413171077379148e-02, 3.664500000000000000e+04
1.704705593817195178e-02, 3.752300000000000000e+04
1.705998016557010860e-02, 3.878800000000000000e+04
1.707290439296826889e-02, 4.043500000000000000e+04
1.708582862036642919e-02, 4.240000000000000000e+04
1.709875284776458601e-02, 4.468200000000000000e+04
1.711167707516274630e-02, 4.045900000000000000e+04
1.712460130256090660e-02, 3.768700000000000000e+04
1.713752552995906342e-02, 3.649400000000000000e+04
1.715044975735722371e-02, 3.663400000000000000e+04
1.716337398475538401e-02, 3.785900000000000000e+04
1.717629821215354083e-02, 3.987800000000000000e+04
1.718922243955170112e-02, 4.244100000000000000e+04
1.720214666694986141e-02, 3.936100000000000000e+04
1.721507089434801824e-02, 3.672000000000000000e+04
1.722799512174617853e-02, 3.561900000000000000e+04
1.724091934914433882e-02, 3.572300000000000000e+04
1.725384357654249565e-02, 3.661200000000000000e+04
1.726676780394065594e-02, 3.803000000000000000e+04
1.727969203133881623e-02, 3.976800000000000000e+04
1.729261625873697306e-02, 4.167700000000000000e+04
1.730554048613513335e-02, 4.350900000000000000e+04
1.731846471353329364e-02, 4.523000000000000000e+04
1.733138894093145047e-02, 4.673200000000000000e+04
1.734431316832961076e-02, 4.788500000000000000e+04
1.735723739572777105e-02, 4.874200000000000000e+04
1.737016162312593134e-02, 4.923700000000000000e+04
1.738308585052408817e-02, 4.935900000000000000e+04
1.739601007792224846e-02, 4.908800000000000000e+04
1.740893430532040875e-02, 4.856000000000000000e+04
1.742185853271856558e-02, 4.773400000000000000e+04
1.743478276011672587e-02, 4.664900000000000000e+04
1.744770698751488616e-02, 4.538500000000000000e+04
1.746063121491304299e-02, 4.400000000000000000e+04
1.747355544231120328e-02, 4.253900000000000000e+04
1.748647966970936357e-02, 4.109500000000000000e+04
1.749940389710752039e-02, 3.977100000000000000e+04
1.751232812450568069e-02, 3.855900000000000000e+04
1.752525235190384098e-02, 3.753500000000000000e+04
1.753817657930199780e-02, 3.669400000000000000e+04
1.755110080670015810e-02, 3.616900000000000000e+04
1.756402503409831839e-02, 3.598800000000000000e+04
1.757694926149647521e-02, 3.615500000000000000e+04
1.758987348889463551e-02, 3.670200000000000000e+04
1.760279771629279580e-02, 3.756800000000000000e+04
1.761572194369095262e-02, 3.884900000000000000e+04
1.762864617108911292e-02, 4.051900000000000000e+04
1.764157039848727321e-02, 4.249800000000000000e+04
1.765449462588543003e-02, 4.482200000000000000e+04
1.766741885328359032e-02, 4.021900000000000000e+04
1.768034308068175062e-02, 3.756500000000000000e+04
1.769326730807990744e-02, 3.644400000000000000e+04
1.770619153547806773e-02, 3.668400000000000000e+04
1.771911576287622803e-02, 3.796700000000000000e+04
1.773203999027438485e-02, 4.001700000000000000e+04
1.774496421767254514e-02, 4.259500000000000000e+04
1.775788844507070544e-02, 3.949200000000000000e+04
1.777081267246886573e-02, 3.683100000000000000e+04
1.778373689986702255e-02, 3.569200000000000000e+04
1.779666112726518284e-02, 3.575700000000000000e+04
1.780958535466334314e-02, 3.661600000000000000e+04
1.782250958206149996e-02, 3.799000000000000000e+04
1.783543380945966025e-02, 3.969400000000000000e+04
1.784835803685782055e-02, 4.157200000000000000e+04
1.786128226425597737e-02, 4.333900000000000000e+04
1.787420649165413766e-02, 4.499800000000000000e+04
1.788713071905229796e-02, 4.642400000000000000e+04
1.790005494645045478e-02, 4.751500000000000000e+04
1.791297917384861507e-02, 4.832600000000000000e+04
1.792590340124677536e-02, 4.877500000000000000e+04
1.793882762864493219e-02, 4.884700000000000000e+04
1.795175185604309248e-02, 4.856200000000000000e+04
1.796467608344125277e-02, 4.800500000000000000e+04
1.797760031083940960e-02, 4.716100000000000000e+04
1.799052453823756989e-02, 4.607800000000000000e+04
1.800344876563573018e-02, 4.482400000000000000e+04
1.801637299303388701e-02, 4.345400000000000000e+04
1.802929722043204730e-02, 4.201200000000000000e+04
1.804222144783020759e-02, 4.061300000000000000e+04
1.805514567522836442e-02, 3.930900000000000000e+04
1.806806990262652471e-02, 3.812500000000000000e+04
1.808099413002468500e-02, 3.712900000000000000e+04
1.809391835742284182e-02, 3.633500000000000000e+04
1.810684258482100212e-02, 3.586800000000000000e+04
1.811976681221916241e-02, 3.574600000000000000e+04
1.813269103961731923e-02, 3.596300000000000000e+04
1.814561526701547953e-02, 3.657200000000000000e+04
1.815853949441363982e-02, 3.749000000000000000e+04
1.817146372181180011e-02, 3.878900000000000000e+04
1.818438794920995694e-02, 4.047900000000000000e+04
1.819731217660811723e-02, 4.246400000000000000e+04
1.821023640400627752e-02, 4.481100000000000000e+04
1.822316063140443435e-02, 4.164700000000000000e+04
1.823608485880259464e-02, 3.866300000000000000e+04
1.824900908620075493e-02, 3.726000000000000000e+04
1.826193331359891175e-02, 3.730000000000000000e+04
1.827485754099707205e-02, 3.840900000000000000e+04
1.828778176839523234e-02, 4.030700000000000000e+04
1.830070599579338916e-02, 4.278000000000000000e+04
1.831363022319154946e-02, 3.963600000000000000e+04
1.832655445058970975e-02, 3.694100000000000000e+04
1.833947867798786657e-02, 3.575700000000000000e+04
1.835240290538602687e-02, 3.578200000000000000e+04
1.836532713278418716e-02, 3.661000000000000000e+04
1.837825136018234398e-02, 3.795700000000000000e+04
1.839117558758050427e-02, 3.964400000000000000e+04
1.840409981497866457e-02, 4.149700000000000000e+04
1.841702404237682139e-02, 4.327200000000000000e+04
1.842994826977498168e-02, 4.493300000000000000e+04
1.844287249717314198e-02, 4.634600000000000000e+04
1.845579672457129880e-02, 4.742900000000000000e+04
1.846872095196945909e-02, 4.821900000000000000e+04
1.848164517936761939e-02, 4.864000000000000000e+04
1.849456940676577621e-02, 4.867000000000000000e+04
1.850749363416393650e-02, 4.836900000000000000e+04
1.852041786156209680e-02, 4.779600000000000000e+04
1.853334208896025362e-02, 4.694100000000000000e+04
1.854626631635841391e-02, 4.585300000000000000e+04
1.855919054375657420e-02, 4.459800000000000000e+04
1.857211477115473450e-02, 4.322900000000000000e+04
1.858503899855289132e-02, 4.179300000000000000e+04
1.859796322595105161e-02, 4.040800000000000000e+04
1.861088745334921191e-02, 3.910400000000000000e+04
1.862381168074736873e-02, 3.795000000000000000e+04
1.863673590814552902e-02, 3.698000000000000000e+04
1.864966013554368932e-02, 3.623100000000000000e+04
1.866258436294184614e-02, 3.580100000000000000e+04
1.867550859034000643e-02, 3.571300000000000000e+04
1.868843281773816672e-02, 3.596200000000000000e+04
1.870135704513632355e-02, 3.657700000000000000e+04
1.871428127253448384e-02, 3.751600000000000000e+04
1.872720549993264413e-02, 3.886600000000000000e+04
1.874012972733080096e-02, 4.059600000000000000e+04
1.875305395472896125e-02, 4.262800000000000000e+04
1.876597818212712154e-02, 4.501200000000000000e+04
1.877890240952527837e-02, 4.106400000000000000e+04
1.879182663692343866e-02, 3.830100000000000000e+04
1.880475086432159895e-02, 3.709200000000000000e+04
1.881767509171975578e-02, 3.728800000000000000e+04
1.883059931911791607e-02, 3.851300000000000000e+04
1.884352354651607636e-02, 4.049100000000000000e+04
1.885644777391423318e-02, 4.302900000000000000e+04
1.886937200131239348e-02, 3.931500000000000000e+04
1.888229622871055377e-02, 3.678600000000000000e+04
1.889522045610871059e-02, 3.574500000000000000e+04
1.890814468350687089e-02, 3.588000000000000000e+04
1.892106891090503118e-02, 3.678300000000000000e+04
1.893399313830318800e-02, 3.817600000000000000e+04
1.894691736570134830e-02, 3.988200000000000000e+04
1.895984159309950859e-02, 4.172300000000000000e+04
1.897276582049766888e-02, 4.347400000000000000e+04
1.898569004789582571e-02, 4.512300000000000000e+04
1.899861427529398600e-02, 4.651100000000000000e+04
1.901153850269214629e-02, 4.760300000000000000e+04
1.902446273009030311e-02, 4.838200000000000000e+04
1.903738695748846341e-02, 4.879900000000000000e+04
1.905031118488662370e-02, 4.881500000000000000e+04
1.906323541228478052e-02, 4.851200000000000000e+04
1.907615963968294082e-02, 4.791800000000000000e+04
1.908908386708110111e-02, 4.704500000000000000e+04
1.910200809447925793e-02, 4.594100000000000000e+04
1.911493232187741823e-02, 4.466600000000000000e+04
1.912785654927557852e-02, 4.328100000000000000e+04
1.914078077667373534e-02, 4.183000000000000000e+04
1.915370500407189563e-02, 4.046300000000000000e+04
1.916662923147005593e-02, 3.915200000000000000e+04
1.917955345886821275e-02, 3.801100000000000000e+04
1.919247768626637304e-02, 3.705000000000000000e+04
1.920540191366453334e-02, 3.632600000000000000e+04
1.921832614106269016e-02, 3.589600000000000000e+04
1.923125036846085045e-02, 3.582100000000000000e+04
1.924417459585901075e-02, 3.609100000000000000e+04
1.925709882325716757e-02, 3.672100000000000000e+04
1.927002305065532786e-02, 3.770500000000000000e+04
1.928294727805348815e-02, 3.910500000000000000e+04
1.929587150545164498e-02, 4.085500000000000000e+04
1.930879573284980527e-02, 4.292000000000000000e+04
1.932171996024796556e-02, 4.528900000000000000e+04
1.933464418764612239e-02, 4.113100000000000000e+04
1.934756841504428268e-02, 3.838500000000000000e+04
1.936049264244244297e-02, 3.720300000000000000e+04
1.937341686984060327e-02, 3.741700000000000000e+04
1.938634109723876009e-02, 3.865400000000000000e+04
1.939926532463692038e-02, 4.064000000000000000e+04
1.941218955203508068e-02, 4.318300000000000000e+04
1.942511377943323750e-02, 3.907500000000000000e+04
1.943803800683139779e-02, 3.663400000000000000e+04
1.945096223422955808e-02, 3.567900000000000000e+04
1.946388646162771491e-02, 3.584800000000000000e+04
1.947681068902587520e-02, 3.676600000000000000e+04
1.948973491642403549e-02, 3.818300000000000000e+04
1.950265914382219232e-02, 3.989300000000000000e+04
1.951558337122035261e-02, 4.171600000000000000e+04
1.952850759861851290e-02, 4.342300000000000000e+04
1.954143182601666973e-02, 4.503700000000000000e+04
1.955435605341483002e-02, 4.637700000000000000e+04
1.956728028081299031e-02, 4.740700000000000000e+04
1.958020450821114714e-02, 4.811900000000000000e+04
1.959312873560930743e-02, 4.848800000000000000e+04
1.960605296300746772e-02, 4.846900000000000000e+04
1.961897719040562454e-02, 4.812600000000000000e+04
1.963190141780378484e-02, 4.750300000000000000e+04
1.964482564520194513e-02, 4.660700000000000000e+04
1.965774987260010195e-02, 4.549000000000000000e+04
1.967067409999826225e-02, 4.421700000000000000e+04
1.968359832739642254e-02, 4.284100000000000000e+04
1.969652255479457936e-02, 4.140300000000000000e+04
1.970944678219273966e-02, 4.007200000000000000e+04
1.972237100959089995e-02, 3.879300000000000000e+04
1.973529523698905677e-02, 3.767800000000000000e+04
1.974821946438721706e-02, 3.673500000000000000e+04
1.976114369178537736e-02, 3.603600000000000000e+04
1.977406791918353765e-02, 3.566900000000000000e+04
1.978699214658169447e-02, 3.564600000000000000e+04
1.979991637397985477e-02, 3.597200000000000000e+04
1.981284060137801506e-02, 3.663400000000000000e+04
1.982576482877617188e-02, 3.767500000000000000e+04
1.983868905617433218e-02, 3.913800000000000000e+04
1.985161328357249247e-02, 4.094700000000000000e+04
1.986453751097064929e-02, 4.306600000000000000e+04
1.987746173836880959e-02, 4.280300000000000000e+04
1.989038596576696988e-02, 3.895200000000000000e+04
1.990331019316512670e-02, 3.685800000000000000e+04
1.991623442056328699e-02, 3.622600000000000000e+04
1.992915864796144729e-02, 3.687900000000000000e+04
1.994208287535960411e-02, 3.846600000000000000e+04
1.995500710275776440e-02, 4.073500000000000000e+04
1.996793133015592470e-02, 4.174700000000000000e+04
1.998085555755408152e-02, 3.800100000000000000e+04
1.999377978495224181e-02, 3.603700000000000000e+04
2.000670401235040211e-02, 3.548000000000000000e+04
2.001962823974855893e-02, 3.592500000000000000e+04
2.003255246714671922e-02, 3.707200000000000000e+04
2.004547669454487951e-02, 3.864500000000000000e+04
2.005840092194303634e-02, 4.043900000000000000e+04
2.007132514934119663e-02, 4.230000000000000000e+04
2.008424937673935692e-02, 4.403900000000000000e+04
2.009717360413751375e-02, 4.568700000000000000e+04
2.011009783153567404e-02, 4.700800000000000000e+04
2.012302205893383433e-02, 4.802800000000000000e+04
2.013594628633199116e-02, 4.870400000000000000e+04
2.014887051373015145e-02, 4.903500000000000000e+04
2.016179474112831174e-02, 4.901800000000000000e+04
2.017471896852647203e-02, 4.866100000000000000e+04
2.018764319592462886e-02, 4.801800000000000000e+04
2.020056742332278915e-02, 4.710500000000000000e+04
2.021349165072094944e-02, 4.596800000000000000e+04
2.022641587811910627e-02, 4.467300000000000000e+04
2.023934010551726656e-02, 4.327300000000000000e+04
2.025226433291542685e-02, 4.182200000000000000e+04
2.026518856031358368e-02, 4.046800000000000000e+04
2.027811278771174397e-02, 3.917100000000000000e+04
2.029103701510990426e-02, 3.804500000000000000e+04
2.030396124250806109e-02, 3.709600000000000000e+04
2.031688546990622138e-02, 3.639000000000000000e+04
2.032980969730438167e-02, 3.604500000000000000e+04
2.034273392470253849e-02, 3.601900000000000000e+04
2.035565815210069879e-02, 3.635700000000000000e+04
2.036858237949885908e-02, 3.705000000000000000e+04
2.038150660689701590e-02, 3.812600000000000000e+04
2.039443083429517620e-02, 3.960200000000000000e+04
2.040735506169333649e-02, 4.141900000000000000e+04
2.042027928909149331e-02, 4.354300000000000000e+04
2.043320351648965361e-02, 4.257900000000000000e+04
2.044612774388781390e-02, 3.890100000000000000e+04
2.045905197128597072e-02, 3.692500000000000000e+04
2.047197619868413102e-02, 3.637000000000000000e+04
2.048490042608229131e-02, 3.706300000000000000e+04
2.049782465348044813e-02, 3.867800000000000000e+04
2.051074888087860842e-02, 4.096000000000000000e+04
2.052367310827676872e-02, 4.173600000000000000e+04
2.053659733567492554e-02, 3.805000000000000000e+04
2.054952156307308583e-02, 3.611000000000000000e+04
2.056244579047124613e-02, 3.557400000000000000e+04
2.057537001786940642e-02, 3.603100000000000000e+04
2.058829424526756324e-02, 3.719800000000000000e+04
2.060121847266572354e-02, 3.877300000000000000e+04
2.061414270006388383e-02, 4.058500000000000000e+04
2.062706692746204065e-02, 4.244900000000000000e+04
2.063999115486020094e-02, 4.420300000000000000e+04
2.065291538225836124e-02, 4.583800000000000000e+04
2.066583960965651806e-02, 4.712600000000000000e+04
2.067876383705467835e-02, 4.811800000000000000e+04
2.069168806445283865e-02, 4.875100000000000000e+04
2.070461229185099547e-02, 4.903700000000000000e+04
2.071753651924915576e-02, 4.895500000000000000e+04
2.073046074664731606e-02, 4.852100000000000000e+04
2.074338497404547288e-02, 4.782400000000000000e+04
2.075630920144363317e-02, 4.686600000000000000e+04
2.076923342884179347e-02, 4.569800000000000000e+04
2.078215765623995029e-02, 4.437800000000000000e+04
2.079508188363811058e-02, 4.295900000000000000e+04
2.080800611103627087e-02, 4.151200000000000000e+04
2.082093033843442770e-02, 4.015900000000000000e+04
2.083385456583258799e-02, 3.888900000000000000e+04
2.084677879323074828e-02, 3.778900000000000000e+04
2.085970302062890511e-02, 3.686300000000000000e+04
2.087262724802706540e-02, 3.619800000000000000e+04
2.088555147542522569e-02, 3.589000000000000000e+04
2.089847570282338252e-02, 3.587200000000000000e+04
2.091139993022154281e-02, 3.623100000000000000e+04
2.092432415761970310e-02, 3.693500000000000000e+04
2.093724838501785993e-02, 3.802400000000000000e+04
2.095017261241602022e-02, 3.951100000000000000e+04
2.096309683981418051e-02, 4.134200000000000000e+04
2.097602106721234080e-02, 4.349300000000000000e+04
2.098894529461049763e-02, 4.398200000000000000e+04
2.100186952200865792e-02, 4.000800000000000000e+04
2.101479374940681821e-02, 3.779000000000000000e+04
2.102771797680497504e-02, 3.707300000000000000e+04
2.104064220420313533e-02, 3.764600000000000000e+04
2.105356643160129562e-02, 3.916000000000000000e+04
2.106649065899945245e-02, 4.135700000000000000e+04
2.107941488639761274e-02, 4.206200000000000000e+04
2.109233911379577303e-02, 3.830500000000000000e+04
2.110526334119392985e-02, 3.625900000000000000e+04
2.111818756859209015e-02, 3.563300000000000000e+04
2.113111179599025044e-02, 3.601000000000000000e+04
2.114403602338840726e-02, 3.710400000000000000e+04
2.115696025078656756e-02, 3.860800000000000000e+04
2.116988447818472785e-02, 4.035000000000000000e+04
2.118280870558288467e-02, 4.215600000000000000e+04
2.119573293298104497e-02, 4.388600000000000000e+04
2.120865716037920526e-02, 4.545000000000000000e+04
2.122158138777736208e-02, 4.668800000000000000e+04
2.123450561517552238e-02, 4.763300000000000000e+04
2.124742984257368267e-02, 4.826700000000000000e+04
2.126035406997183949e-02, 4.852500000000000000e+04
2.127327829736999978e-02, 4.844400000000000000e+04
2.128620252476816008e-02, 4.800000000000000000e+04
2.129912675216631690e-02, 4.731900000000000000e+04
2.131205097956447719e-02, 4.635700000000000000e+04
2.132497520696263749e-02, 4.519300000000000000e+04
2.133789943436079778e-02, 4.388700000000000000e+04
2.135082366175895460e-02, 4.248900000000000000e+04
2.136374788915711490e-02, 4.107000000000000000e+04
2.137667211655527519e-02, 3.973800000000000000e+04
2.138959634395343201e-02, 3.851100000000000000e+04
2.140252057135159230e-02, 3.745000000000000000e+04
2.141544479874975260e-02, 3.655200000000000000e+04
2.142836902614790942e-02, 3.592100000000000000e+04
2.144129325354606971e-02, 3.564300000000000000e+04
2.145421748094423001e-02, 3.568200000000000000e+04
2.146714170834238683e-02, 3.609900000000000000e+04
2.148006593574054712e-02, 3.687300000000000000e+04
2.149299016313870742e-02, 3.800800000000000000e+04
2.150591439053686424e-02, 3.955100000000000000e+04
2.151883861793502453e-02, 4.139300000000000000e+04
2.153176284533318482e-02, 4.355100000000000000e+04
2.154468707273134165e-02, 4.381900000000000000e+04
2.155761130012950194e-02, 3.988500000000000000e+04
2.157053552752766223e-02, 3.772200000000000000e+04
2.158345975492581906e-02, 3.705100000000000000e+04
2.159638398232397935e-02, 3.765800000000000000e+04
2.160930820972213964e-02, 3.919900000000000000e+04
2.162223243712029647e-02, 4.141600000000000000e+04
2.163515666451845676e-02, 4.166600000000000000e+04
2.164808089191661705e-02, 3.802100000000000000e+04
2.166100511931477388e-02, 3.612800000000000000e+04
2.167392934671293417e-02, 3.560400000000000000e+04
2.168685357411109446e-02, 3.606100000000000000e+04
2.169977780150925128e-02, 3.719700000000000000e+04
2.171270202890741158e-02, 3.872900000000000000e+04
2.172562625630557187e-02, 4.048000000000000000e+04
2.173855048370373216e-02, 4.225400000000000000e+04
2.175147471110188899e-02, 4.395900000000000000e+04
2.176439893850004928e-02, 4.550700000000000000e+04
2.177732316589820957e-02, 4.673200000000000000e+04
2.179024739329636640e-02, 4.766300000000000000e+04
2.180317162069452669e-02, 4.827500000000000000e+04
2.181609584809268698e-02, 4.850500000000000000e+04
2.182902007549084381e-02, 4.839100000000000000e+04
2.184194430288900410e-02, 4.791900000000000000e+04
2.185486853028716439e-02, 4.721400000000000000e+04
2.186779275768532121e-02, 4.623800000000000000e+04
2.188071698508348151e-02, 4.506500000000000000e+04
2.189364121248164180e-02, 4.375400000000000000e+04
2.190656543987979862e-02, 4.235500000000000000e+04
2.191948966727795892e-02, 4.093500000000000000e+04
2.193241389467611921e-02, 3.961400000000000000e+04
2.194533812207427603e-02, 3.844400000000000000e+04
2.195826234947243633e-02, 3.743400000000000000e+04
2.197118657687059662e-02, 3.658900000000000000e+04
2.198411080426875344e-02, 3.602100000000000000e+04
2.199703503166691373e-02, 3.579100000000000000e+04
2.200995925906507403e-02, 3.588700000000000000e+04
2.202288348646323085e-02, 3.634600000000000000e+04
2.203580771386139114e-02, 3.716600000000000000e+04
2.204873194125955144e-02, 3.829000000000000000e+04
2.206165616865770826e-02, 3.984500000000000000e+04
2.207458039605586855e-02, 4.170200000000000000e+04
2.208750462345402885e-02, 4.390000000000000000e+04
2.210042885085218567e-02, 4.327500000000000000e+04
2.211335307825034596e-02, 3.957200000000000000e+04
2.212627730564850626e-02, 3.761500000000000000e+04
2.213920153304666655e-02, 3.710700000000000000e+04
2.215212576044482337e-02, 3.784600000000000000e+04
2.216504998784298366e-02, 3.948600000000000000e+04
2.217797421524114396e-02, 4.177800000000000000e+04
2.219089844263930078e-02, 4.113900000000000000e+04
2.220382267003746107e-02, 3.772100000000000000e+04
2.221674689743562137e-02, 3.603100000000000000e+04
2.222967112483377819e-02, 3.564400000000000000e+04
2.224259535223193848e-02, 3.620800000000000000e+04
2.225551957963009878e-02, 3.741800000000000000e+04
2.226844380702825560e-02, 3.901100000000000000e+04
2.228136803442641589e-02, 4.081600000000000000e+04
2.229429226182457618e-02, 4.263100000000000000e+04
2.230721648922273301e-02, 4.436400000000000000e+04
2.232014071662089330e-02, 4.590500000000000000e+04
2.233306494401905359e-02, 4.710900000000000000e+04
2.234598917141721042e-02, 4.802900000000000000e+04
2.235891339881537071e-02, 4.864000000000000000e+04
2.237183762621353100e-02, 4.887400000000000000e+04
2.238476185361168783e-02, 4.874300000000000000e+04
2.239768608100984812e-02, 4.828200000000000000e+04
2.241061030840800841e-02, 4.756000000000000000e+04
2.242353453580616524e-02, 4.656700000000000000e+04
2.243645876320432553e-02, 4.537500000000000000e+04
2.244938299060248582e-02, 4.404500000000000000e+04
2.246230721800064264e-02, 4.262000000000000000e+04
2.247523144539880294e-02, 4.117600000000000000e+04
2.248815567279696323e-02, 3.984700000000000000e+04
2.250107990019512005e-02, 3.860700000000000000e+04
2.251400412759328035e-02, 3.755600000000000000e+04
2.252692835499144064e-02, 3.669700000000000000e+04
2.253985258238960093e-02, 3.612200000000000000e+04
2.255277680978775776e-02, 3.588400000000000000e+04
2.256570103718591805e-02, 3.601200000000000000e+04
2.257862526458407834e-02, 3.650500000000000000e+04
2.259154949198223516e-02, 3.735100000000000000e+04
2.260447371938039546e-02, 3.853400000000000000e+04
2.261739794677855575e-02, 4.014200000000000000e+04
2.263032217417671257e-02, 4.204700000000000000e+04
2.264324640157487287e-02, 4.428400000000000000e+04
2.265617062897303316e-02, 4.105400000000000000e+04
2.266909485637118998e-02, 3.799600000000000000e+04
2.268201908376935028e-02, 3.658300000000000000e+04
2.269494331116751057e-02, 3.651300000000000000e+04
2.270786753856566739e-02, 3.759500000000000000e+04
2.272079176596382769e-02, 3.950500000000000000e+04
2.273371599336198798e-02, 4.200700000000000000e+04
2.274664022076014480e-02, 3.995300000000000000e+04
2.275956444815830509e-02, 3.701500000000000000e+04
2.277248867555646539e-02, 3.571400000000000000e+04
2.278541290295462221e-02, 3.563900000000000000e+04
2.279833713035278250e-02, 3.643500000000000000e+04
2.281126135775094280e-02, 3.779700000000000000e+04
2.282418558514909962e-02, 3.949700000000000000e+04
2.283710981254725991e-02, 4.137900000000000000e+04
2.285003403994542021e-02, 4.322700000000000000e+04
2.286295826734357703e-02, 4.497600000000000000e+04
2.287588249474173732e-02, 4.650500000000000000e+04
2.288880672213989761e-02, 4.770900000000000000e+04
2.290173094953805444e-02, 4.862900000000000000e+04
2.291465517693621473e-02, 4.918700000000000000e+04
2.292757940433437502e-02, 4.936300000000000000e+04
2.294050363173253532e-02, 4.915900000000000000e+04
2.295342785913069214e-02, 4.865800000000000000e+04
2.296635208652885243e-02, 4.787900000000000000e+04
2.297927631392701273e-02, 4.683600000000000000e+04
2.299220054132516955e-02, 4.559500000000000000e+04
2.300512476872332984e-02, 4.422400000000000000e+04
2.301804899612149014e-02, 4.277200000000000000e+04
2.303097322351964696e-02, 4.130500000000000000e+04
2.304389745091780725e-02, 3.997500000000000000e+04
2.305682167831596754e-02, 3.873000000000000000e+04
2.306974590571412437e-02, 3.767900000000000000e+04
2.308267013311228466e-02, 3.682300000000000000e+04
2.309559436051044495e-02, 3.624300000000000000e+04
2.310851858790860178e-02, 3.599900000000000000e+04
2.312144281530676207e-02, 3.611800000000000000e+04
2.313436704270492236e-02, 3.659300000000000000e+04
2.314729127010307919e-02, 3.742100000000000000e+04
2.316021549750123948e-02, 3.862300000000000000e+04
2.317313972489939977e-02, 4.023200000000000000e+04
2.318606395229755660e-02, 4.216000000000000000e+04
2.319898817969571689e-02, 4.437100000000000000e+04
2.321191240709387718e-02, 4.286500000000000000e+04
2.322483663449203400e-02, 3.937100000000000000e+04
2.323776086189019430e-02, 3.760300000000000000e+04
2.325068508928835459e-02, 3.725500000000000000e+04
2.326360931668651141e-02, 3.810400000000000000e+04
2.327653354408467171e-02, 3.982500000000000000e+04
2.328945777148283200e-02, 4.217100000000000000e+04
2.330238199888098882e-02, 4.064900000000000000e+04
2.331530622627914912e-02, 3.746900000000000000e+04
2.332823045367730941e-02, 3.595200000000000000e+04
2.334115468107546970e-02, 3.571700000000000000e+04
2.335407890847362652e-02, 3.635200000000000000e+04
2.336700313587178682e-02, 3.758400000000000000e+04
2.337992736326994711e-02, 3.918500000000000000e+04
2.339285159066810393e-02, 4.099500000000000000e+04
2.340577581806626423e-02, 4.274800000000000000e+04
2.341870004546442452e-02, 4.442600000000000000e+04
2.343162427286258134e-02, 4.588900000000000000e+04
2.344454850026074164e-02, 4.701400000000000000e+04
2.345747272765890193e-02, 4.787100000000000000e+04
2.347039695505705875e-02, 4.838300000000000000e+04
2.348332118245521904e-02, 4.853600000000000000e+04
2.349624540985337934e-02, 4.830300000000000000e+04
2.350916963725153616e-02, 4.780600000000000000e+04
2.352209386464969645e-02, 4.702200000000000000e+04
2.353501809204785675e-02, 4.598700000000000000e+04
2.354794231944601357e-02, 4.477100000000000000e+04
2.356086654684417386e-02, 4.343200000000000000e+04
2.357379077424233416e-02, 4.201400000000000000e+04
2.358671500164049098e-02, 4.059600000000000000e+04
2.359963922903865127e-02, 3.931400000000000000e+04
2.361256345643681157e-02, 3.812000000000000000e+04
2.362548768383496839e-02, 3.710800000000000000e+04
2.363841191123312868e-02, 3.629200000000000000e+04
2.365133613863128897e-02, 3.578400000000000000e+04
2.366426036602944580e-02, 3.560800000000000000e+04
2.367718459342760609e-02, 3.579600000000000000e+04
2.369010882082576638e-02, 3.634000000000000000e+04
2.370303304822392321e-02, 3.722000000000000000e+04
2.371595727562208350e-02, 3.848600000000000000e+04
2.372888150302024379e-02, 4.011400000000000000e+04
2.374180573041840409e-02, 4.206900000000000000e+04
2.375472995781656091e-02, 4.434800000000000000e+04
2.376765418521472120e-02, 4.223000000000000000e+04
2.378057841261288149e-02, 3.895200000000000000e+04
2.379350264001103832e-02, 3.734000000000000000e+04
2.380642686740919861e-02, 3.715700000000000000e+04
2.381935109480735890e-02, 3.811700000000000000e+04
2.383227532220551573e-02, 3.993200000000000000e+04
2.384519954960367602e-02, 4.233600000000000000e+04
2.385812377700183631e-02, 4.019800000000000000e+04
2.387104800439999314e-02, 3.721000000000000000e+04
2.388397223179815343e-02, 3.582400000000000000e+04
2.389689645919631372e-02, 3.569600000000000000e+04
2.390982068659447055e-02, 3.640600000000000000e+04
2.392274491399263084e-02, 3.767200000000000000e+04
2.393566914139079113e-02, 3.927000000000000000e+04
2.394859336878894795e-02, 4.107600000000000000e+04
2.396151759618710825e-02, 4.283600000000000000e+04
2.397444182358526854e-02, 4.451100000000000000e+04
2.398736605098342536e-02, 4.596000000000000000e+04
2.400029027838158566e-02, 4.707300000000000000e+04
2.401321450577974595e-02, 4.791000000000000000e+04
2.402613873317790277e-02, 4.838900000000000000e+04
2.403906296057606307e-02, 4.850200000000000000e+04
2.405198718797422336e-02, 4.823600000000000000e+04
2.406491141537238018e-02, 4.772300000000000000e+04
2.407783564277054048e-02, 4.692100000000000000e+04
2.409075987016870077e-02, 4.587300000000000000e+04
2.410368409756685759e-02, 4.464800000000000000e+04
2.411660832496501788e-02, 4.330400000000000000e+04
2.412953255236317818e-02, 4.188400000000000000e+04
2.414245677976133847e-02, 4.047500000000000000e+04
2.415538100715949529e-02, 3.918600000000000000e+04
2.416830523455765559e-02, 3.800900000000000000e+04
2.418122946195581588e-02, 3.702100000000000000e+04
2.419415368935397270e-02, 3.622400000000000000e+04
2.420707791675213300e-02, 3.575200000000000000e+04
2.422000214415029329e-02, 3.562200000000000000e+04
2.423292637154845011e-02, 3.582900000000000000e+04
2.424585059894661040e-02, 3.639100000000000000e+04
2.425877482634477070e-02, 3.727300000000000000e+04
2.427169905374292752e-02, 3.857100000000000000e+04
2.428462328114108781e-02, 4.025700000000000000e+04
2.429754750853924811e-02, 4.224500000000000000e+04
2.431047173593740493e-02, 4.457900000000000000e+04
2.432339596333556522e-02, 4.162300000000000000e+04
2.433632019073372552e-02, 3.858600000000000000e+04
2.434924441813188234e-02, 3.710400000000000000e+04
2.436216864553004263e-02, 3.705200000000000000e+04
2.437509287292820293e-02, 3.810400000000000000e+04
2.438801710032635975e-02, 3.997300000000000000e+04
2.440094132772452004e-02, 4.241600000000000000e+04
2.441386555512268033e-02, 3.988600000000000000e+04
2.442678978252083716e-02, 3.703100000000000000e+04
2.443971400991899745e-02, 3.573100000000000000e+04
2.445263823731715774e-02, 3.564100000000000000e+04
2.446556246471531457e-02, 3.636800000000000000e+04
2.447848669211347486e-02, 3.764200000000000000e+04
2.449141091951163515e-02, 3.927300000000000000e+04
2.450433514690979198e-02, 4.109900000000000000e+04
2.451725937430795227e-02, 4.286200000000000000e+04
2.453018360170611256e-02, 4.452000000000000000e+04
2.454310782910427285e-02, 4.594800000000000000e+04
2.455603205650242968e-02, 4.707100000000000000e+04
2.456895628390058997e-02, 4.792500000000000000e+04
2.458188051129875026e-02, 4.841300000000000000e+04
2.459480473869690709e-02, 4.852000000000000000e+04
2.460772896609506738e-02, 4.826800000000000000e+04
2.462065319349322767e-02, 4.774700000000000000e+04
2.463357742089138450e-02, 4.693500000000000000e+04
2.464650164828954479e-02, 4.588000000000000000e+04
2.465942587568770508e-02, 4.465000000000000000e+04
2.467235010308586191e-02, 4.329400000000000000e+04
2.468527433048402220e-02, 4.186600000000000000e+04
2.469819855788218249e-02, 4.047900000000000000e+04
2.471112278528033931e-02, 3.918700000000000000e+04
2.472404701267849961e-02, 3.802700000000000000e+04
2.473697124007665990e-02, 3.705200000000000000e+04
2.474989546747481672e-02, 3.628300000000000000e+04
2.476281969487297702e-02, 3.585100000000000000e+04
2.477574392227113731e-02, 3.577600000000000000e+04
2.478866814966929413e-02, 3.603000000000000000e+04
2.480159237706745443e-02, 3.666700000000000000e+04
2.481451660446561472e-02, 3.760500000000000000e+04
2.482744083186377154e-02, 3.895200000000000000e+04
2.484036505926193183e-02, 4.068100000000000000e+04
2.485328928666009213e-02, 4.269600000000000000e+04
2.486621351405824895e-02, 4.431100000000000000e+04
2.487913774145640924e-02, 3.991700000000000000e+04
2.489206196885456954e-02, 3.744000000000000000e+04
2.490498619625272636e-02, 3.644900000000000000e+04
2.491791042365088665e-02, 3.682000000000000000e+04
2.493083465104904695e-02, 3.818900000000000000e+04
2.494375887844720724e-02, 4.028600000000000000e+04
2.495668310584536406e-02, 4.291800000000000000e+04
2.496960733324352436e-02, 3.885500000000000000e+04
2.498253156064168465e-02, 3.645300000000000000e+04
2.499545578803984147e-02, 3.550400000000000000e+04
2.500838001543800176e-02, 3.571600000000000000e+04
2.502130424283616206e-02, 3.669000000000000000e+04
2.503422847023431888e-02, 3.813500000000000000e+04
2.504715269763247917e-02, 3.989100000000000000e+04
2.506007692503063947e-02, 4.178500000000000000e+04
2.507300115242879629e-02, 4.357900000000000000e+04
2.508592537982695658e-02, 4.523200000000000000e+04
2.509884960722511688e-02, 4.663400000000000000e+04
2.511177383462327370e-02, 4.770500000000000000e+04
2.512469806202143399e-02, 4.848200000000000000e+04
2.513762228941959428e-02, 4.889600000000000000e+04
2.515054651681775111e-02, 4.891700000000000000e+04
2.516347074421591140e-02, 4.861200000000000000e+04
2.517639497161407169e-02, 4.802500000000000000e+04
2.518931919901222852e-02, 4.715100000000000000e+04
2.520224342641038881e-02, 4.604400000000000000e+04
2.521516765380854910e-02, 4.477100000000000000e+04
2.522809188120670593e-02, 4.338700000000000000e+04
2.524101610860486622e-02, 4.193600000000000000e+04
2.525394033600302651e-02, 4.055200000000000000e+04
2.526686456340118334e-02, 3.923900000000000000e+04
2.527978879079934363e-02, 3.808400000000000000e+04
2.529271301819750392e-02, 3.709700000000000000e+04
2.530563724559566074e-02, 3.633300000000000000e+04
2.531856147299382104e-02, 3.589000000000000000e+04
2.533148570039198133e-02, 3.579100000000000000e+04
2.534440992779014162e-02, 3.604100000000000000e+04
2.535733415518829845e-02, 3.666900000000000000e+04
2.537025838258645874e-02, 3.762800000000000000e+04
2.538318260998461903e-02, 3.899600000000000000e+04
2.539610683738277586e-02, 4.070200000000000000e+04
2.540903106478093615e-02, 4.271000000000000000e+04
2.542195529217909644e-02, 4.507500000000000000e+04
2.543487951957725327e-02, 4.131600000000000000e+04
2.544780374697541356e-02, 3.848200000000000000e+04
2.546072797437357385e-02, 3.721700000000000000e+04
2.547365220177173067e-02, 3.736600000000000000e+04
2.548657642916989097e-02, 3.855300000000000000e+04
2.549950065656805126e-02, 4.051000000000000000e+04
2.551242488396620808e-02, 4.303100000000000000e+04
2.552534911136436838e-02, 3.930300000000000000e+04
2.553827333876252867e-02, 3.676400000000000000e+04
2.555119756616068549e-02, 3.571500000000000000e+04
2.556412179355884579e-02, 3.583100000000000000e+04
2.557704602095700608e-02, 3.671200000000000000e+04
2.558997024835516290e-02, 3.809600000000000000e+04
2.560289447575332319e-02, 3.976000000000000000e+04
2.561581870315148349e-02, 4.156400000000000000e+04
2.562874293054964031e-02, 4.328800000000000000e+04
2.564166715794780060e-02, 4.491900000000000000e+04
2.565459138534596090e-02, 4.628900000000000000e+04
2.566751561274411772e-02, 4.734100000000000000e+04
2.568043984014227801e-02, 4.808600000000000000e+04
2.569336406754043831e-02, 4.848000000000000000e+04
2.570628829493859513e-02, 4.851100000000000000e+04
2.571921252233675542e-02, 4.823700000000000000e+04
2.573213674973491571e-02, 4.767000000000000000e+04
2.574506097713307601e-02, 4.682300000000000000e+04
2.575798520453123283e-02, 4.574100000000000000e+04
2.577090943192939312e-02, 4.449200000000000000e+04
2.578383365932755342e-02, 4.313100000000000000e+04
2.579675788672571024e-02, 4.170000000000000000e+04
2.580968211412387053e-02, 4.035000000000000000e+04
2.582260634152203083e-02, 3.904800000000000000e+04
2.583553056892018765e-02, 3.791500000000000000e+04
2.584845479631834794e-02, 3.696100000000000000e+04
2.586137902371650824e-02, 3.624500000000000000e+04
2.587430325111466506e-02, 3.584400000000000000e+04
2.588722747851282535e-02, 3.579700000000000000e+04
2.590015170591098564e-02, 3.609100000000000000e+04
2.591307593330914247e-02, 3.672400000000000000e+04
2.592600016070730276e-02, 3.769700000000000000e+04
2.593892438810546305e-02, 3.908900000000000000e+04
2.595184861550361988e-02, 4.083300000000000000e+04
2.596477284290178017e-02, 4.289300000000000000e+04
2.597769707029994046e-02, 4.529500000000000000e+04
2.599062129769809729e-02, 4.077600000000000000e+04
2.600354552509625758e-02, 3.815000000000000000e+04
2.601646975249441787e-02, 3.704900000000000000e+04
2.602939397989257470e-02, 3.730000000000000000e+04
2.604231820729073499e-02, 3.856900000000000000e+04
2.605524243468889528e-02, 4.058100000000000000e+04
2.606816666208705210e-02, 4.314500000000000000e+04
2.608109088948521240e-02, 3.904600000000000000e+04
2.609401511688337269e-02, 3.660600000000000000e+04
2.610693934428152951e-02, 3.565900000000000000e+04
2.611986357167968981e-02, 3.582800000000000000e+04
2.613278779907785010e-02, 3.676000000000000000e+04
2.614571202647601039e-02, 3.818800000000000000e+04
2.615863625387416722e-02, 3.990700000000000000e+04
2.617156048127232751e-02, 4.173600000000000000e+04
2.618448470867048780e-02, 4.345900000000000000e+04
2.619740893606864462e-02, 4.510200000000000000e+04
2.621033316346680492e-02, 4.645300000000000000e+04
2.622325739086496521e-02, 4.749400000000000000e+04
2.623618161826312203e-02, 4.819200000000000000e+04
2.624910584566128233e-02, 4.854900000000000000e+04
2.626203007305944262e-02, 4.852100000000000000e+04
2.627495430045759944e-02, 4.816900000000000000e+04
2.628787852785575974e-02, 4.753900000000000000e+04
2.630080275525392003e-02, 4.664300000000000000e+04
2.631372698265207685e-02, 4.552600000000000000e+04
2.632665121005023715e-02, 4.425200000000000000e+04
2.633957543744839744e-02, 4.286800000000000000e+04
2.635249966484655426e-02, 4.142400000000000000e+04
2.636542389224471455e-02, 4.008800000000000000e+04
2.637834811964287485e-02, 3.880500000000000000e+04
2.639127234704103167e-02, 3.769400000000000000e+04
2.640419657443919196e-02, 3.676200000000000000e+04
2.641712080183735226e-02, 3.606900000000000000e+04
2.643004502923550908e-02, 3.572100000000000000e+04
2.644296925663366937e-02, 3.568500000000000000e+04
2.645589348403182967e-02, 3.599900000000000000e+04
2.646881771142998649e-02, 3.665100000000000000e+04
2.648174193882814678e-02, 3.768500000000000000e+04
2.649466616622630707e-02, 3.913600000000000000e+04
2.650759039362446390e-02, 4.092600000000000000e+04
2.652051462102262419e-02, 4.303200000000000000e+04
2.653343884842078448e-02, 4.470600000000000000e+04
2.654636307581894478e-02, 4.041200000000000000e+04
2.655928730321710160e-02, 3.795300000000000000e+04
2.657221153061526189e-02, 3.702100000000000000e+04
2.658513575801342219e-02, 3.743100000000000000e+04
2.659805998541157901e-02, 3.882000000000000000e+04
2.661098421280973930e-02, 4.092300000000000000e+04
2.662390844020789960e-02, 4.279100000000000000e+04
2.663683266760605642e-02, 3.871500000000000000e+04
2.664975689500421671e-02, 3.643700000000000000e+04
2.666268112240237700e-02, 3.562700000000000000e+04
2.667560534980053383e-02, 3.587200000000000000e+04
2.668852957719869412e-02, 3.686500000000000000e+04
2.670145380459685441e-02, 3.832100000000000000e+04
2.671437803199501124e-02, 4.005700000000000000e+04
2.672730225939317153e-02, 4.187700000000000000e+04
2.674022648679133182e-02, 4.359200000000000000e+04
2.675315071418948865e-02, 4.524900000000000000e+04
2.676607494158764894e-02, 4.658800000000000000e+04
2.677899916898580923e-02, 4.762900000000000000e+04
2.679192339638396606e-02, 4.832600000000000000e+04
2.680484762378212635e-02, 4.867900000000000000e+04
2.681777185118028664e-02, 4.864800000000000000e+04
2.683069607857844346e-02, 4.827100000000000000e+04
2.684362030597660376e-02, 4.761800000000000000e+04
2.685654453337476405e-02, 4.670200000000000000e+04
2.686946876077292087e-02, 4.556300000000000000e+04
2.688239298817108117e-02, 4.427100000000000000e+04
2.689531721556924146e-02, 4.287900000000000000e+04
2.690824144296739828e-02, 4.144000000000000000e+04
2.692116567036555858e-02, 4.010800000000000000e+04
2.693408989776371887e-02, 3.883900000000000000e+04
2.694701412516187916e-02, 3.774100000000000000e+04
2.695993835256003598e-02, 3.681000000000000000e+04
2.697286257995819628e-02, 3.611500000000000000e+04
2.698578680735635657e-02, 3.578200000000000000e+04
2.699871103475451339e-02, 3.576900000000000000e+04
2.701163526215267369e-02, 3.612100000000000000e+04
2.702455948955083398e-02, 3.680700000000000000e+04
2.703748371694899080e-02, 3.788100000000000000e+04
2.705040794434715110e-02, 3.935900000000000000e+04
2.706333217174531139e-02, 4.118800000000000000e+04
2.707625639914346821e-02, 4.333700000000000000e+04
2.708918062654162850e-02, 4.239800000000000000e+04
2.710210485393978880e-02, 3.874000000000000000e+04
2.711502908133794562e-02, 3.678200000000000000e+04
2.712795330873610591e-02, 3.627600000000000000e+04
2.714087753613426621e-02, 3.702500000000000000e+04
2.715380176353242303e-02, 3.868500000000000000e+04
2.716672599093058332e-02, 4.100100000000000000e+04
2.717965021832874362e-02, 4.133200000000000000e+04
2.719257444572690044e-02, 3.778200000000000000e+04
2.720549867312506073e-02, 3.595200000000000000e+04
2.721842290052322103e-02, 3.550400000000000000e+04
2.723134712792137785e-02, 3.602200000000000000e+04
2.724427135531953814e-02, 3.723100000000000000e+04
2.725719558271769843e-02, 3.883100000000000000e+04
2.727011981011585526e-02, 4.065400000000000000e+04
2.728304403751401555e-02, 4.249800000000000000e+04
2.729596826491217584e-02, 4.423500000000000000e+04
2.730889249231033267e-02, 4.585700000000000000e+04
2.732181671970849296e-02, 4.713400000000000000e+04
2.733474094710665325e-02, 4.811800000000000000e+04
2.734766517450481355e-02, 4.876400000000000000e+04
2.736058940190297037e-02, 4.904800000000000000e+04
2.737351362930113066e-02, 4.897100000000000000e+04
2.738643785669929095e-02, 4.852600000000000000e+04
2.739936208409744778e-02, 4.782000000000000000e+04
2.741228631149560807e-02, 4.685600000000000000e+04
2.742521053889376836e-02, 4.568300000000000000e+04
2.743813476629192519e-02, 4.436400000000000000e+04
2.745105899369008548e-02, 4.294800000000000000e+04
2.746398322108824577e-02, 4.150800000000000000e+04
2.747690744848640260e-02, 4.015700000000000000e+04
2.748983167588456289e-02, 3.888000000000000000e+04
2.750275590328272318e-02, 3.777500000000000000e+04
2.751568013068088001e-02, 3.684600000000000000e+04
2.752860435807904030e-02, 3.617900000000000000e+04
2.754152858547720059e-02, 3.587000000000000000e+04
2.755445281287535741e-02, 3.587400000000000000e+04
2.756737704027351771e-02, 3.625500000000000000e+04
2.758030126767167800e-02, 3.698300000000000000e+04
2.759322549506983482e-02, 3.811100000000000000e+04
2.760614972246799512e-02, 3.962900000000000000e+04
2.761907394986615541e-02, 4.148000000000000000e+04
2.763199817726431223e-02, 4.364600000000000000e+04
2.764492240466247253e-02, 4.205000000000000000e+04
2.765784663206063282e-02, 3.855600000000000000e+04
2.767077085945878964e-02, 3.673900000000000000e+04
2.768369508685694994e-02, 3.635000000000000000e+04
2.769661931425511023e-02, 3.719500000000000000e+04
2.770954354165326705e-02, 3.892700000000000000e+04
2.772246776905142734e-02, 4.129600000000000000e+04
2.773539199644958764e-02, 4.095500000000000000e+04
2.774831622384774793e-02, 3.757700000000000000e+04
2.776124045124590475e-02, 3.588500000000000000e+04
2.777416467864406505e-02, 3.553300000000000000e+04
2.778708890604222534e-02, 3.612600000000000000e+04
2.780001313344038216e-02, 3.739400000000000000e+04
2.781293736083854246e-02, 3.903600000000000000e+04
2.782586158823670275e-02, 4.087900000000000000e+04
2.783878581563485957e-02, 4.275700000000000000e+04
2.785171004303301986e-02, 4.453400000000000000e+04
2.786463427043118016e-02, 4.614700000000000000e+04
2.787755849782933698e-02, 4.741300000000000000e+04
2.789048272522749727e-02, 4.836800000000000000e+04
2.790340695262565757e-02, 4.899100000000000000e+04
2.791633118002381439e-02, 4.922000000000000000e+04
2.792925540742197468e-02, 4.910600000000000000e+04
2.794217963482013498e-02, 4.862800000000000000e+04
2.795510386221829180e-02, 4.791200000000000000e+04
2.796802808961645209e-02, 4.692200000000000000e+04
2.798095231701461238e-02, 4.572900000000000000e+04
2.799387654441276921e-02, 4.439300000000000000e+04
2.800680077181092950e-02, 4.295700000000000000e+04
2.801972499920908979e-02, 4.150100000000000000e+04
2.803264922660724662e-02, 4.013500000000000000e+04
2.804557345400540691e-02, 3.887500000000000000e+04
2.805849768140356720e-02, 3.778400000000000000e+04
2.807142190880172403e-02, 3.686600000000000000e+04
2.808434613619988432e-02, 3.622700000000000000e+04
2.809727036359804461e-02, 3.594000000000000000e+04
2.811019459099620144e-02, 3.599000000000000000e+04
2.812311881839436173e-02, 3.642500000000000000e+04
2.813604304579252202e-02, 3.720800000000000000e+04
2.814896727319068231e-02, 3.834500000000000000e+04
2.816189150058883914e-02, 3.988600000000000000e+04
2.817481572798699943e-02, 4.174100000000000000e+04
2.818773995538515972e-02, 4.392600000000000000e+04
2.820066418278331655e-02, 4.169800000000000000e+04
2.821358841018147684e-02, 3.837000000000000000e+04
2.822651263757963713e-02, 3.670600000000000000e+04
2.823943686497779396e-02, 3.643600000000000000e+04
2.825236109237595425e-02, 3.736600000000000000e+04
2.826528531977411454e-02, 3.916100000000000000e+04
2.827820954717227137e-02, 4.157600000000000000e+04
2.829113377457043166e-02, 4.058100000000000000e+04
2.830405800196859195e-02, 3.736300000000000000e+04
2.831698222936674877e-02, 3.582000000000000000e+04
2.832990645676490907e-02, 3.557800000000000000e+04
2.834283068416306936e-02, 3.625600000000000000e+04
2.835575491156122618e-02, 3.756100000000000000e+04
2.836867913895938648e-02, 3.922000000000000000e+04
2.838160336635754677e-02, 4.107200000000000000e+04
2.839452759375570359e-02, 4.293500000000000000e+04
2.840745182115386389e-02, 4.470000000000000000e+04
2.842037604855202418e-02, 4.627600000000000000e+04
